"Estacion","Fecha inicial","Fecha final","PM10"
"CARVAJAL - SEVILLANA","2021-02-28","","39.86956522"
"CARVAJAL - SEVILLANA","2021-02-27","","61.875"
"CARVAJAL - SEVILLANA","2021-02-26","","60.91304348"
"CARVAJAL - SEVILLANA","2021-02-25","","59.58333333"
"CARVAJAL - SEVILLANA","2021-02-24","","70.125"
"CARVAJAL - SEVILLANA","2021-02-23","","74.83333333"
"CARVAJAL - SEVILLANA","2021-02-22","","62.45833333"
"CARVAJAL - SEVILLANA","2021-02-21","","42.81818182"
"CARVAJAL - SEVILLANA","2021-02-20","","49.375"
"CARVAJAL - SEVILLANA","2021-02-19","","62.66666667"
"CARVAJAL - SEVILLANA","2021-02-18","","63.0"
"CARVAJAL - SEVILLANA","2021-02-17","","85.95833333"
"CARVAJAL - SEVILLANA","2021-02-16","","83.375"
"CARVAJAL - SEVILLANA","2021-02-15","","90.82608696"
"CARVAJAL - SEVILLANA","2021-02-14","","61.66666667"
"CARVAJAL - SEVILLANA","2021-02-13","","66.27272727"
"CARVAJAL - SEVILLANA","2021-02-12","","89.16666667"
"CARVAJAL - SEVILLANA","2021-02-11","","65.0"
"CARVAJAL - SEVILLANA","2021-02-10","","52.2173913"
"CARVAJAL - SEVILLANA","2021-02-09","","77.75"
"CARVAJAL - SEVILLANA","2021-02-08","","72.70833333"
"CARVAJAL - SEVILLANA","2021-02-07","","51.91666667"
"CARVAJAL - SEVILLANA","2021-02-06","","64.58333333"
"CARVAJAL - SEVILLANA","2021-02-05","","60.66666667"
"CARVAJAL - SEVILLANA","2021-02-04","","80.125"
"CARVAJAL - SEVILLANA","2021-02-03","","65.25"
"CARVAJAL - SEVILLANA","2021-02-02","","64.625"
"CARVAJAL - SEVILLANA","2021-02-01","","45.91666667"
"CARVAJAL - SEVILLANA","2021-01-31","","41.34782609"
"CARVAJAL - SEVILLANA","2021-01-30","","77.54166667"
"CARVAJAL - SEVILLANA","2021-01-29","","93.5"
"CARVAJAL - SEVILLANA","2021-01-28","","93.91666667"
"CARVAJAL - SEVILLANA","2021-01-27","","93.04166667"
"CARVAJAL - SEVILLANA","2021-01-26","","66.45833333"
"CARVAJAL - SEVILLANA","2021-01-25","","58.54166667"
"CARVAJAL - SEVILLANA","2021-01-24","","29.79166667"
"CARVAJAL - SEVILLANA","2021-01-23","","55.625"
"CARVAJAL - SEVILLANA","2021-01-22","","86.20833333"
"CARVAJAL - SEVILLANA","2021-01-21","","86.91666667"
"CARVAJAL - SEVILLANA","2021-01-20","","104.08695652"
"CARVAJAL - SEVILLANA","2021-01-19","","95.33333333"
"CARVAJAL - SEVILLANA","2021-01-18","","82.86363636"
"CARVAJAL - SEVILLANA","2021-01-17","","53.125"
"CARVAJAL - SEVILLANA","2021-01-16","","66.16666667"
"CARVAJAL - SEVILLANA","2021-01-15","","91.34782609"
"CARVAJAL - SEVILLANA","2021-01-14","","94.375"
"CARVAJAL - SEVILLANA","2021-01-13","","76.70833333"
"CARVAJAL - SEVILLANA","2021-01-12","","55.66666667"
"CARVAJAL - SEVILLANA","2021-01-11","","22.875"
"CARVAJAL - SEVILLANA","2021-01-10","","24.45833333"
"CARVAJAL - SEVILLANA","2021-01-09","","37.75"
"CARVAJAL - SEVILLANA","2021-01-08","","77.25"
"CARVAJAL - SEVILLANA","2021-01-07","","61.125"
"CARVAJAL - SEVILLANA","2021-01-06","","75.33333333"
"CARVAJAL - SEVILLANA","2021-01-05","","71.75"
"CARVAJAL - SEVILLANA","2021-01-04","","52.375"
"CARVAJAL - SEVILLANA","2021-01-03","","26.04347826"
"CARVAJAL - SEVILLANA","2021-01-02","","38.58333333"
"CARVAJAL - SEVILLANA","2021-01-01","","51.5"
"CARVAJAL - SEVILLANA","2020-12-31","","72.43478261"
"CARVAJAL - SEVILLANA","2020-12-30","","81.79166667"
"CARVAJAL - SEVILLANA","2020-12-29","","60.34782609"
"CARVAJAL - SEVILLANA","2020-12-28","","71.23809524"
"CARVAJAL - SEVILLANA","2020-12-27","","32.54166667"
"CARVAJAL - SEVILLANA","2020-12-26","","41.875"
"CARVAJAL - SEVILLANA","2020-12-25","","30.81818182"
"CARVAJAL - SEVILLANA","2020-12-24","","59.0"
"CARVAJAL - SEVILLANA","2020-12-23","","103.34782609"
"CARVAJAL - SEVILLANA","2020-12-22","","81.875"
"CARVAJAL - SEVILLANA","2020-12-21","","93.86363636"
"CARVAJAL - SEVILLANA","2020-12-20","","51.16666667"
"CARVAJAL - SEVILLANA","2020-12-19","","71.95833333"
"CARVAJAL - SEVILLANA","2020-12-18","","89.20833333"
"CARVAJAL - SEVILLANA","2020-12-17","","84.0"
"CARVAJAL - SEVILLANA","2020-12-16","","84.5"
"CARVAJAL - SEVILLANA","2020-12-15","","89.54166667"
"CARVAJAL - SEVILLANA","2020-12-14","","88.79166667"
"CARVAJAL - SEVILLANA","2020-12-13","","51.5"
"CARVAJAL - SEVILLANA","2020-12-12","","100.75"
"CARVAJAL - SEVILLANA","2020-12-11","","113.04166667"
"CARVAJAL - SEVILLANA","2020-12-10","","123.45833333"
"CARVAJAL - SEVILLANA","2020-12-09","","106.79166667"
"CARVAJAL - SEVILLANA","2020-12-08","","78.75"
"CARVAJAL - SEVILLANA","2020-12-07","","103.5"
"CARVAJAL - SEVILLANA","2020-12-06","","54.83333333"
"CARVAJAL - SEVILLANA","2020-12-05","","96.75"
"CARVAJAL - SEVILLANA","2020-12-04","","105.375"
"CARVAJAL - SEVILLANA","2020-12-03","","78.125"
"CARVAJAL - SEVILLANA","2020-12-02","","87.16666667"
"CARVAJAL - SEVILLANA","2020-12-01","","74.33333333"
"CARVAJAL - SEVILLANA","2020-11-30","","75.60869565"
"CARVAJAL - SEVILLANA","2020-11-29","","46.0"
"CARVAJAL - SEVILLANA","2020-11-28","","49.75"
"CARVAJAL - SEVILLANA","2020-11-27","","68.83333333"
"CARVAJAL - SEVILLANA","2020-11-26","","111.33333333"
"CARVAJAL - SEVILLANA","2020-11-25","","92.5"
"CARVAJAL - SEVILLANA","2020-11-24","","104.94736842"
"CARVAJAL - SEVILLANA","2020-11-23","","111.83333333"
"CARVAJAL - SEVILLANA","2020-11-22","","68.375"
"CARVAJAL - SEVILLANA","2020-11-21","","96.625"
"CARVAJAL - SEVILLANA","2020-11-20","","93.82608696"
"CARVAJAL - SEVILLANA","2020-11-19","","67.91666667"
"CARVAJAL - SEVILLANA","2020-11-18","","57.0"
"CARVAJAL - SEVILLANA","2020-11-17","","66.04"
"CARVAJAL - SEVILLANA","2020-11-16","","34.82608696"
"CARVAJAL - SEVILLANA","2020-11-15","","56.83333333"
"CARVAJAL - SEVILLANA","2020-11-14","","90.0"
"CARVAJAL - SEVILLANA","2020-11-13","","56.08333333"
"CARVAJAL - SEVILLANA","2020-11-12","","69.08333333"
"CARVAJAL - SEVILLANA","2020-11-11","","39.79166667"
"CARVAJAL - SEVILLANA","2020-11-10","","76.95833333"
"CARVAJAL - SEVILLANA","2020-11-09","","60.04166667"
"CARVAJAL - SEVILLANA","2020-11-08","","60.125"
"CARVAJAL - SEVILLANA","2020-11-07","","93.22727273"
"CARVAJAL - SEVILLANA","2020-11-06","","103.26086957"
"CARVAJAL - SEVILLANA","2020-11-05","","83.73913043"
"CARVAJAL - SEVILLANA","2020-11-04","","86.5"
"CARVAJAL - SEVILLANA","2020-11-03","","90.875"
"CARVAJAL - SEVILLANA","2020-11-02","","56.83333333"
"CARVAJAL - SEVILLANA","2020-11-01","","34.08333333"
"CARVAJAL - SEVILLANA","2020-10-31","","69.375"
"CARVAJAL - SEVILLANA","2020-10-30","","82.29166667"
"CARVAJAL - SEVILLANA","2020-10-29","","75.33333333"
"CARVAJAL - SEVILLANA","2020-10-28","","71.79166667"
"CARVAJAL - SEVILLANA","2020-10-27","","73.16666667"
"CARVAJAL - SEVILLANA","2020-10-26","","89.66666667"
"CARVAJAL - SEVILLANA","2020-10-25","","73.45833333"
"CARVAJAL - SEVILLANA","2020-10-24","","52.125"
"CARVAJAL - SEVILLANA","2020-10-23","","65.29166667"
"CARVAJAL - SEVILLANA","2020-10-22","","62.17391304"
"CARVAJAL - SEVILLANA","2020-10-21","","76.125"
"CARVAJAL - SEVILLANA","2020-10-20","","75.20833333"
"CARVAJAL - SEVILLANA","2020-10-19","","65.83333333"
"CARVAJAL - SEVILLANA","2020-10-18","","46.625"
"CARVAJAL - SEVILLANA","2020-10-17","","58.16666667"
"CARVAJAL - SEVILLANA","2020-10-16","","63.08333333"
"CARVAJAL - SEVILLANA","2020-10-15","","78.04166667"
"CARVAJAL - SEVILLANA","2020-10-14","","92.75"
"CARVAJAL - SEVILLANA","2020-10-13","","64.08333333"
"CARVAJAL - SEVILLANA","2020-10-12","","40.0"
"CARVAJAL - SEVILLANA","2020-10-11","","48.25"
"CARVAJAL - SEVILLANA","2020-10-10","","69.04166667"
"CARVAJAL - SEVILLANA","2020-10-09","","61.20833333"
"CARVAJAL - SEVILLANA","2020-10-08","","65.875"
"CARVAJAL - SEVILLANA","2020-10-07","","86.08333333"
"CARVAJAL - SEVILLANA","2020-10-06","","82.29166667"
"CARVAJAL - SEVILLANA","2020-10-05","","63.95833333"
"CARVAJAL - SEVILLANA","2020-10-04","","37.54166667"
"CARVAJAL - SEVILLANA","2020-10-03","","72.875"
"CARVAJAL - SEVILLANA","2020-10-02","","94.91666667"
"CARVAJAL - SEVILLANA","2020-10-01","","81.34782609"
"CARVAJAL - SEVILLANA","2020-09-30","","76.47826087"
"CARVAJAL - SEVILLANA","2020-09-29","","90.54166667"
"CARVAJAL - SEVILLANA","2020-09-28","","97.125"
"CARVAJAL - SEVILLANA","2020-09-27","","47.0"
"CARVAJAL - SEVILLANA","2020-09-26","","75.20833333"
"CARVAJAL - SEVILLANA","2020-09-25","","63.04166667"
"CARVAJAL - SEVILLANA","2020-09-24","","64.79166667"
"CARVAJAL - SEVILLANA","2020-09-23","","74.47826087"
"CARVAJAL - SEVILLANA","2020-09-22","","112.17391304"
"CARVAJAL - SEVILLANA","2020-09-21","","84.41666667"
"CARVAJAL - SEVILLANA","2020-09-20","","39.875"
"CARVAJAL - SEVILLANA","2020-09-19","","46.58333333"
"CARVAJAL - SEVILLANA","2020-09-18","","95.83333333"
"CARVAJAL - SEVILLANA","2020-09-17","","88.04166667"
"CARVAJAL - SEVILLANA","2020-09-16","","58.04166667"
"CARVAJAL - SEVILLANA","2020-09-15","","84.375"
"CARVAJAL - SEVILLANA","2020-09-14","","73.91666667"
"CARVAJAL - SEVILLANA","2020-09-13","","40.54166667"
"CARVAJAL - SEVILLANA","2020-09-12","","78.20833333"
"CARVAJAL - SEVILLANA","2020-09-11","","97.25"
"CARVAJAL - SEVILLANA","2020-09-10","","82.5"
"CARVAJAL - SEVILLANA","2020-09-09","","85.55555556"
"CARVAJAL - SEVILLANA","2020-09-04","","60.52380952"
"CARVAJAL - SEVILLANA","2020-09-03","","65.04166667"
"CARVAJAL - SEVILLANA","2020-09-02","","53.83333333"
"CARVAJAL - SEVILLANA","2020-09-01","","64.54166667"
"CARVAJAL - SEVILLANA","2020-08-31","","73.08333333"
"CARVAJAL - SEVILLANA","2020-08-30","","38.54166667"
"CARVAJAL - SEVILLANA","2020-08-29","","79.61904762"
"CARVAJAL - SEVILLANA","2020-08-28","","60.45833333"
"CARVAJAL - SEVILLANA","2020-08-27","","57.54166667"
"CARVAJAL - SEVILLANA","2020-08-26","","83.95833333"
"CARVAJAL - SEVILLANA","2020-08-25","","95.04166667"
"CARVAJAL - SEVILLANA","2020-08-24","","78.04166667"
"CARVAJAL - SEVILLANA","2020-08-23","","54.33333333"
"CARVAJAL - SEVILLANA","2020-08-22","","59.0"
"CARVAJAL - SEVILLANA","2020-08-21","","60.375"
"CARVAJAL - SEVILLANA","2020-08-20","","84.41666667"
"CARVAJAL - SEVILLANA","2020-08-19","","77.08333333"
"CARVAJAL - SEVILLANA","2020-08-18","","83.54166667"
"CARVAJAL - SEVILLANA","2020-08-17","","52.54166667"
"CARVAJAL - SEVILLANA","2020-08-16","","34.41666667"
"CARVAJAL - SEVILLANA","2020-08-15","","58.75"
"CARVAJAL - SEVILLANA","2020-08-14","","60.25"
"CARVAJAL - SEVILLANA","2020-08-13","","69.25"
"CARVAJAL - SEVILLANA","2020-08-12","","66.56521739"
"CARVAJAL - SEVILLANA","2020-08-11","","70.0"
"CARVAJAL - SEVILLANA","2020-08-10","","53.0"
"CARVAJAL - SEVILLANA","2020-08-09","","31.43478261"
"CARVAJAL - SEVILLANA","2020-08-08","","39.79166667"
"CARVAJAL - SEVILLANA","2020-08-07","","28.75"
"CARVAJAL - SEVILLANA","2020-08-06","","55.75"
"CARVAJAL - SEVILLANA","2020-08-05","","52.91666667"
"CARVAJAL - SEVILLANA","2020-08-04","","51.45833333"
"CARVAJAL - SEVILLANA","2020-08-03","","62.91666667"
"CARVAJAL - SEVILLANA","2020-08-02","","37.70833333"
"CARVAJAL - SEVILLANA","2020-08-01","","65.33333333"
"CARVAJAL - SEVILLANA","2020-07-31","","70.95833333"
"CARVAJAL - SEVILLANA","2020-07-30","","61.66666667"
"CARVAJAL - SEVILLANA","2020-07-29","","67.45833333"
"CARVAJAL - SEVILLANA","2020-07-28","","63.79166667"
"CARVAJAL - SEVILLANA","2020-07-27","","60.04166667"
"CARVAJAL - SEVILLANA","2020-07-26","","34.25"
"CARVAJAL - SEVILLANA","2020-07-25","","47.04166667"
"CARVAJAL - SEVILLANA","2020-07-24","","55.08333333"
"CARVAJAL - SEVILLANA","2020-07-23","","68.875"
"CARVAJAL - SEVILLANA","2020-07-22","","77.25"
"CARVAJAL - SEVILLANA","2020-07-21","","66.5"
"CARVAJAL - SEVILLANA","2020-07-20","","27.04166667"
"CARVAJAL - SEVILLANA","2020-07-19","","27.86956522"
"CARVAJAL - SEVILLANA","2020-07-18","","43.0"
"CARVAJAL - SEVILLANA","2020-07-17","","59.08333333"
"CARVAJAL - SEVILLANA","2020-07-16","","61.375"
"CARVAJAL - SEVILLANA","2020-07-15","","51.375"
"CARVAJAL - SEVILLANA","2020-07-14","","55.54166667"
"CARVAJAL - SEVILLANA","2020-07-13","","53.20833333"
"CARVAJAL - SEVILLANA","2020-07-12","","38.79166667"
"CARVAJAL - SEVILLANA","2020-07-11","","48.125"
"CARVAJAL - SEVILLANA","2020-07-10","","71.25"
"CARVAJAL - SEVILLANA","2020-07-09","","56.5"
"CARVAJAL - SEVILLANA","2020-07-08","","69.95833333"
"CARVAJAL - SEVILLANA","2020-07-07","","82.41666667"
"CARVAJAL - SEVILLANA","2020-07-06","","58.75"
"CARVAJAL - SEVILLANA","2020-07-05","","46.41666667"
"CARVAJAL - SEVILLANA","2020-07-04","","37.86956522"
"CARVAJAL - SEVILLANA","2020-07-03","","70.5"
"CARVAJAL - SEVILLANA","2020-07-02","","60.125"
"CARVAJAL - SEVILLANA","2020-07-01","","63.29166667"
"CARVAJAL - SEVILLANA","2020-06-30","","84.0"
"CARVAJAL - SEVILLANA","2020-06-29","","35.69565217"
"CARVAJAL - SEVILLANA","2020-06-28","","26.26086957"
"CARVAJAL - SEVILLANA","2020-06-27","","66.75"
"CARVAJAL - SEVILLANA","2020-06-26","","55.08333333"
"CARVAJAL - SEVILLANA","2020-06-25","","109.25"
"CARVAJAL - SEVILLANA","2020-06-24","","172.36842105"
"CARVAJAL - SEVILLANA","2020-06-23","","80.20833333"
"CARVAJAL - SEVILLANA","2020-06-22","","30.45833333"
"CARVAJAL - SEVILLANA","2020-06-21","","26.75"
"CARVAJAL - SEVILLANA","2020-06-20","","64.45454545"
"CARVAJAL - SEVILLANA","2020-06-19","","86.57142857"
"CARVAJAL - SEVILLANA","2020-06-14","","45.0"
"CARVAJAL - SEVILLANA","2020-06-13","","73.91666667"
"CARVAJAL - SEVILLANA","2020-06-12","","41.75"
"CARVAJAL - SEVILLANA","2020-06-11","","53.04166667"
"CARVAJAL - SEVILLANA","2020-06-10","","50.875"
"CARVAJAL - SEVILLANA","2020-06-09","","60.33333333"
"CARVAJAL - SEVILLANA","2020-06-08","","74.66666667"
"CARVAJAL - SEVILLANA","2020-06-07","","26.875"
"CARVAJAL - SEVILLANA","2020-06-06","","45.79166667"
"CARVAJAL - SEVILLANA","2020-06-05","","58.375"
"CARVAJAL - SEVILLANA","2020-06-04","","57.375"
"CARVAJAL - SEVILLANA","2020-06-03","","67.25"
"CARVAJAL - SEVILLANA","2020-06-02","","79.91666667"
"CARVAJAL - SEVILLANA","2020-06-01","","48.66666667"
"CARVAJAL - SEVILLANA","2020-05-31","","28.58333333"
"CARVAJAL - SEVILLANA","2020-05-30","","36.875"
"CARVAJAL - SEVILLANA","2020-05-29","","61.91666667"
"CARVAJAL - SEVILLANA","2020-05-28","","39.0"
"CARVAJAL - SEVILLANA","2020-05-27","","52.0"
"CARVAJAL - SEVILLANA","2020-05-26","","48.58333333"
"CARVAJAL - SEVILLANA","2020-05-25","","25.33333333"
"CARVAJAL - SEVILLANA","2020-05-24","","26.25"
"CARVAJAL - SEVILLANA","2020-05-23","","44.45833333"
"CARVAJAL - SEVILLANA","2020-05-22","","51.58333333"
"CARVAJAL - SEVILLANA","2020-05-21","","58.45833333"
"CARVAJAL - SEVILLANA","2020-05-20","","66.39130435"
"CARVAJAL - SEVILLANA","2020-05-19","","57.86363636"
"CARVAJAL - SEVILLANA","2020-05-18","","46.79166667"
"CARVAJAL - SEVILLANA","2020-05-17","","22.83333333"
"CARVAJAL - SEVILLANA","2020-05-16","","39.5"
"CARVAJAL - SEVILLANA","2020-05-15","","57.83333333"
"CARVAJAL - SEVILLANA","2020-05-14","","78.0"
"CARVAJAL - SEVILLANA","2020-05-13","","63.33333333"
"CARVAJAL - SEVILLANA","2020-05-12","","66.79166667"
"CARVAJAL - SEVILLANA","2020-05-11","","47.875"
"CARVAJAL - SEVILLANA","2020-05-10","","26.41666667"
"CARVAJAL - SEVILLANA","2020-05-09","","38.54166667"
"CARVAJAL - SEVILLANA","2020-05-08","","48.75"
"CARVAJAL - SEVILLANA","2020-05-07","","36.26086957"
"CARVAJAL - SEVILLANA","2020-05-06","","42.875"
"CARVAJAL - SEVILLANA","2020-05-05","","41.91666667"
"CARVAJAL - SEVILLANA","2020-05-04","","49.70833333"
"CARVAJAL - SEVILLANA","2020-05-03","","25.0"
"CARVAJAL - SEVILLANA","2020-05-02","","36.83333333"
"CARVAJAL - SEVILLANA","2020-05-01","","23.65217391"
"CARVAJAL - SEVILLANA","2020-04-30","","63.0"
"CARVAJAL - SEVILLANA","2020-04-29","","60.73913043"
"CARVAJAL - SEVILLANA","2020-04-28","","62.91666667"
"CARVAJAL - SEVILLANA","2020-04-27","","57.125"
"CARVAJAL - SEVILLANA","2020-04-26","","32.41666667"
"CARVAJAL - SEVILLANA","2020-04-25","","49.27272727"
"CARVAJAL - SEVILLANA","2020-04-24","","52.875"
"CARVAJAL - SEVILLANA","2020-04-23","","38.16666667"
"CARVAJAL - SEVILLANA","2020-04-22","","35.95833333"
"CARVAJAL - SEVILLANA","2020-04-21","","34.54545455"
"CARVAJAL - SEVILLANA","2020-04-20","","39.86956522"
"CARVAJAL - SEVILLANA","2020-04-19","","36.39130435"
"CARVAJAL - SEVILLANA","2020-04-18","","62.375"
"CARVAJAL - SEVILLANA","2020-04-17","","76.41666667"
"CARVAJAL - SEVILLANA","2020-04-16","","73.20833333"
"CARVAJAL - SEVILLANA","2020-04-15","","55.08333333"
"CARVAJAL - SEVILLANA","2020-04-14","","43.54166667"
"CARVAJAL - SEVILLANA","2020-04-13","","43.625"
"CARVAJAL - SEVILLANA","2020-04-12","","27.13043478"
"CARVAJAL - SEVILLANA","2020-04-11","","27.25"
"CARVAJAL - SEVILLANA","2020-04-10","","20.08333333"
"CARVAJAL - SEVILLANA","2020-04-09","","27.625"
"CARVAJAL - SEVILLANA","2020-04-08","","44.45833333"
"CARVAJAL - SEVILLANA","2020-04-07","","28.75"
"CARVAJAL - SEVILLANA","2020-04-06","","30.04166667"
"CARVAJAL - SEVILLANA","2020-04-05","","24.70833333"
"CARVAJAL - SEVILLANA","2020-04-04","","29.33333333"
"CARVAJAL - SEVILLANA","2020-04-03","","37.16666667"
"CARVAJAL - SEVILLANA","2020-04-02","","30.9375"
"CARVAJAL - SEVILLANA","2020-04-01","","41.09090909"
"CARVAJAL - SEVILLANA","2020-03-31","","56.83333333"
"CARVAJAL - SEVILLANA","2020-03-30","","85.82352941"
"CARVAJAL - SEVILLANA","2020-03-29","","76.72727273"
"CARVAJAL - SEVILLANA","2020-03-28","","68.46666667"
"CARVAJAL - SEVILLANA","2020-03-27","","75.38888889"
"CARVAJAL - SEVILLANA","2020-03-26","","64.31578947"
"CARVAJAL - SEVILLANA","2020-03-25","","59.0"
"CARVAJAL - SEVILLANA","2020-03-24","","79.47826087"
"CARVAJAL - SEVILLANA","2020-03-23","","72.95833333"
"CARVAJAL - SEVILLANA","2020-03-22","","52.82608696"
"CARVAJAL - SEVILLANA","2020-03-21","","53.73913043"
"CARVAJAL - SEVILLANA","2020-03-20","","75.375"
"CARVAJAL - SEVILLANA","2020-03-19","","133.5"
"CARVAJAL - SEVILLANA","2020-03-18","","128.25"
"CARVAJAL - SEVILLANA","2020-03-17","","117.25"
"CARVAJAL - SEVILLANA","2020-03-16","","92.16666667"
"CARVAJAL - SEVILLANA","2020-03-15","","39.70833333"
"CARVAJAL - SEVILLANA","2020-03-14","","60.20833333"
"CARVAJAL - SEVILLANA","2020-03-13","","84.25"
"CARVAJAL - SEVILLANA","2020-03-12","","102.77272727"
"CARVAJAL - SEVILLANA","2020-03-11","","79.82608696"
"CARVAJAL - SEVILLANA","2020-03-10","","92.25"
"CARVAJAL - SEVILLANA","2020-03-09","","90.47826087"
"CARVAJAL - SEVILLANA","2020-03-08","","72.04347826"
"CARVAJAL - SEVILLANA","2020-03-07","","117.80952381"
"CARVAJAL - SEVILLANA","2020-03-06","","127.41666667"
"CARVAJAL - SEVILLANA","2020-03-05","","110.09090909"
"CARVAJAL - SEVILLANA","2020-03-04","","119.40909091"
"CARVAJAL - SEVILLANA","2020-03-03","","114.26086957"
"CARVAJAL - SEVILLANA","2020-03-02","","93.43478261"
"CARVAJAL - SEVILLANA","2020-03-01","","72.95833333"
"CARVAJAL - SEVILLANA","2020-02-29","","106.33333333"
"CARVAJAL - SEVILLANA","2020-02-28","","111.69565217"
"CARVAJAL - SEVILLANA","2020-02-27","","80.95652174"
"CARVAJAL - SEVILLANA","2020-02-26","","69.29166667"
"CARVAJAL - SEVILLANA","2020-02-25","","96.04166667"
"CARVAJAL - SEVILLANA","2020-02-24","","71.70833333"
"CARVAJAL - SEVILLANA","2020-02-23","","48.625"
"CARVAJAL - SEVILLANA","2020-02-22","","80.33333333"
"CARVAJAL - SEVILLANA","2020-02-21","","101.0"
"CARVAJAL - SEVILLANA","2020-02-20","","73.79166667"
"CARVAJAL - SEVILLANA","2020-02-19","","74.79166667"
"CARVAJAL - SEVILLANA","2020-02-18","","72.25"
"CARVAJAL - SEVILLANA","2020-02-17","","65.45833333"
"CARVAJAL - SEVILLANA","2020-02-16","","61.95833333"
"CARVAJAL - SEVILLANA","2020-02-15","","71.16666667"
"CARVAJAL - SEVILLANA","2020-02-14","","87.54166667"
"CARVAJAL - SEVILLANA","2020-02-13","","104.54166667"
"CARVAJAL - SEVILLANA","2020-02-12","","100.83333333"
"CARVAJAL - SEVILLANA","2020-02-11","","88.75"
"CARVAJAL - SEVILLANA","2020-02-10","","60.73684211"
"CARVAJAL - SEVILLANA","2020-02-09","","54.33333333"
"CARVAJAL - SEVILLANA","2020-02-08","","65.76190476"
"CARVAJAL - SEVILLANA","2020-02-07","","73.82608696"
"CARVAJAL - SEVILLANA","2020-02-06","","59.14285714"
"CARVAJAL - SEVILLANA","2020-02-05","","66.9"
"CARVAJAL - SEVILLANA","2020-02-04","","66.63157895"
"CARVAJAL - SEVILLANA","2020-02-03","","57.2"
"CARVAJAL - SEVILLANA","2020-02-02","","42.3"
"CARVAJAL - SEVILLANA","2020-02-01","","39.43478261"
"CARVAJAL - SEVILLANA","2020-01-31","","46.77272727"
"CARVAJAL - SEVILLANA","2020-01-30","","55.54545455"
"CARVAJAL - SEVILLANA","2020-01-29","","60.91304348"
"CARVAJAL - SEVILLANA","2020-01-28","","57.95652174"
"CARVAJAL - SEVILLANA","2020-01-27","","39.0"
"CARVAJAL - SEVILLANA","2020-01-26","","24.0"
"CARVAJAL - SEVILLANA","2020-01-25","","45.0952381"
"CARVAJAL - SEVILLANA","2020-01-24","","42.08695652"
"CARVAJAL - SEVILLANA","2020-01-23","","43.4"
"CARVAJAL - SEVILLANA","2020-01-22","","50.10526316"
"CARVAJAL - SEVILLANA","2020-01-21","","46.57142857"
"CARVAJAL - SEVILLANA","2020-01-20","","39.28571429"
"CARVAJAL - SEVILLANA","2020-01-19","","21.58333333"
"CARVAJAL - SEVILLANA","2020-01-18","","29.60869565"
"CARVAJAL - SEVILLANA","2020-01-17","","31.86956522"
"CARVAJAL - SEVILLANA","2020-01-16","","46.08695652"
"CARVAJAL - SEVILLANA","2020-01-15","","48.64705882"
"CARVAJAL - SEVILLANA","2020-01-14","","42.375"
"CARVAJAL - SEVILLANA","2020-01-13","","44.38888889"
"CARVAJAL - SEVILLANA","2020-01-12","","29.95652174"
"CARVAJAL - SEVILLANA","2020-01-11","","47.19047619"
"CARVAJAL - SEVILLANA","2020-01-10","","54.86363636"
"CARVAJAL - SEVILLANA","2020-01-09","","63.48888889"
"CARVAJAL - SEVILLANA","2020-01-08","","58.20869565"
"CARVAJAL - SEVILLANA","2020-01-07","","48.22173913"
"CARVAJAL - SEVILLANA","2020-01-06","","33.18695652"
"CARVAJAL - SEVILLANA","2020-01-05","","27.85652174"
"CARVAJAL - SEVILLANA","2020-01-04","","51.18695652"
"CARVAJAL - SEVILLANA","2020-01-03","","44.5173913"
"CARVAJAL - SEVILLANA","2020-01-02","","33.07826087"
"CARVAJAL - SEVILLANA","2020-01-01","","33.81666667"
"CARVAJAL - SEVILLANA","2019-12-31","","39.29583333"
"CARVAJAL - SEVILLANA","2019-12-30","","43.23636364"
"CARVAJAL - SEVILLANA","2019-12-29","","47.10454545"
"CARVAJAL - SEVILLANA","2019-12-28","","62.37916667"
"CARVAJAL - SEVILLANA","2019-12-27","","58.60909091"
"CARVAJAL - SEVILLANA","2019-12-26","","36.82083333"
"CARVAJAL - SEVILLANA","2019-12-25","","28.3375"
"CARVAJAL - SEVILLANA","2019-12-24","","37.69583333"
"CARVAJAL - SEVILLANA","2019-12-23","","36.10416667"
"CARVAJAL - SEVILLANA","2019-12-22","","23.47916667"
"CARVAJAL - SEVILLANA","2019-12-21","","40.58333333"
"CARVAJAL - SEVILLANA","2019-12-20","","58.075"
"CARVAJAL - SEVILLANA","2019-12-19","","64.17916667"
"CARVAJAL - SEVILLANA","2019-12-18","","66.00434783"
"CARVAJAL - SEVILLANA","2019-12-17","","70.305"
"CARVAJAL - SEVILLANA","2019-12-16","","60.1375"
"CARVAJAL - SEVILLANA","2019-12-15","","32.59333333"
"CARVAJAL - SEVILLANA","2019-12-14","","50.42105263"
"CARVAJAL - SEVILLANA","2019-12-13","","72.60833333"
"CARVAJAL - SEVILLANA","2019-12-12","","56.91666667"
"CARVAJAL - SEVILLANA","2019-12-11","","58.54444444"
"CARVAJAL - SEVILLANA","2019-12-10","","54.24285714"
"CARVAJAL - SEVILLANA","2019-12-09","","62.1173913"
"CARVAJAL - SEVILLANA","2019-12-08","","39.475"
"CARVAJAL - SEVILLANA","2019-12-07","","63.66363636"
"CARVAJAL - SEVILLANA","2019-12-06","","82.03333333"
"CARVAJAL - SEVILLANA","2019-12-05","","65.47777778"
"CARVAJAL - SEVILLANA","2019-12-04","","71.60416667"
"CARVAJAL - SEVILLANA","2019-12-03","","62.93125"
"CARVAJAL - SEVILLANA","2019-12-02","","72.19545455"
"CARVAJAL - SEVILLANA","2019-12-01","","32.17083333"
"CARVAJAL - SEVILLANA","2019-11-30","","48.37857143"
"CARVAJAL - SEVILLANA","2019-11-29","","67.57916667"
"CARVAJAL - SEVILLANA","2019-11-28","","51.2"
"CARVAJAL - SEVILLANA","2019-11-27","","43.825"
"CARVAJAL - SEVILLANA","2019-11-26","","37.59583333"
"CARVAJAL - SEVILLANA","2019-11-25","","47.03809524"
"CARVAJAL - SEVILLANA","2019-11-24","","42.1625"
"CARVAJAL - SEVILLANA","2019-11-23","","44.04166667"
"CARVAJAL - SEVILLANA","2019-11-22","","32.13"
"CARVAJAL - SEVILLANA","2019-11-21","","31.84090909"
"CARVAJAL - SEVILLANA","2019-11-20","","45.27916667"
"CARVAJAL - SEVILLANA","2019-11-19","","56.90416667"
"CARVAJAL - SEVILLANA","2019-11-18","","52.72916667"
"CARVAJAL - SEVILLANA","2019-11-17","","34.32631579"
"CARVAJAL - SEVILLANA","2019-11-16","","46.79047619"
"CARVAJAL - SEVILLANA","2019-11-15","","44.30434783"
"CARVAJAL - SEVILLANA","2019-11-14","","43.5125"
"CARVAJAL - SEVILLANA","2019-11-13","","44.3"
"CARVAJAL - SEVILLANA","2019-11-12","","42.39583333"
"CARVAJAL - SEVILLANA","2019-11-11","","24.225"
"CARVAJAL - SEVILLANA","2019-11-10","","33.54166667"
"CARVAJAL - SEVILLANA","2019-11-09","","38.42083333"
"CARVAJAL - SEVILLANA","2019-11-08","","48.5"
"CARVAJAL - SEVILLANA","2019-11-07","","46.30833333"
"CARVAJAL - SEVILLANA","2019-11-06","","48.4"
"CARVAJAL - SEVILLANA","2019-11-05","","45.35833333"
"CARVAJAL - SEVILLANA","2019-11-04","","27.16363636"
"CARVAJAL - SEVILLANA","2019-11-03","","32.52916667"
"CARVAJAL - SEVILLANA","2019-11-02","","48.54583333"
"CARVAJAL - SEVILLANA","2019-11-01","","55.7875"
"CARVAJAL - SEVILLANA","2019-10-31","","72.72857143"
"CARVAJAL - SEVILLANA","2019-10-30","","54.44583333"
"CARVAJAL - SEVILLANA","2019-10-29","","51.675"
"CARVAJAL - SEVILLANA","2019-10-28","","41.87083333"
"CARVAJAL - SEVILLANA","2019-10-27","","31.72173913"
"CARVAJAL - SEVILLANA","2019-10-26","","41.6125"
"CARVAJAL - SEVILLANA","2019-10-25","","47.52083333"
"CARVAJAL - SEVILLANA","2019-10-24","","56.8625"
"CARVAJAL - SEVILLANA","2019-10-23","","63.25454545"
"CARVAJAL - SEVILLANA","2019-10-22","","42.52916667"
"CARVAJAL - SEVILLANA","2019-10-21","","47.74583333"
"CARVAJAL - SEVILLANA","2019-10-20","","31.6625"
"CARVAJAL - SEVILLANA","2019-10-19","","36.69473684"
"CARVAJAL - SEVILLANA","2019-10-18","","47.44583333"
"CARVAJAL - SEVILLANA","2019-10-17","","54.2125"
"CARVAJAL - SEVILLANA","2019-10-16","","48.3952381"
"CARVAJAL - SEVILLANA","2019-10-15","","61.97083333"
"CARVAJAL - SEVILLANA","2019-10-14","","31.54782609"
"CARVAJAL - SEVILLANA","2019-10-13","","25.10416667"
"CARVAJAL - SEVILLANA","2019-10-12","","43.32916667"
"CARVAJAL - SEVILLANA","2019-10-11","","48.91304348"
"CARVAJAL - SEVILLANA","2019-10-10","","59.23333333"
"CARVAJAL - SEVILLANA","2019-10-09","","61.32083333"
"CARVAJAL - SEVILLANA","2019-10-08","","62.20416667"
"CARVAJAL - SEVILLANA","2019-10-07","","58.02083333"
"CARVAJAL - SEVILLANA","2019-10-06","","37.81666667"
"CARVAJAL - SEVILLANA","2019-10-05","","53.74583333"
"CARVAJAL - SEVILLANA","2019-10-04","","53.57083333"
"CARVAJAL - SEVILLANA","2019-10-03","","43.9"
"CARVAJAL - SEVILLANA","2019-10-02","","55.49583333"
"CARVAJAL - SEVILLANA","2019-10-01","","57.9125"
"CARVAJAL - SEVILLANA","2019-09-30","","59.125"
"CARVAJAL - SEVILLANA","2019-09-29","","35.03333333"
"CARVAJAL - SEVILLANA","2019-09-28","","47.41904762"
"CARVAJAL - SEVILLANA","2019-09-27","","55.76666667"
"CARVAJAL - SEVILLANA","2019-09-26","","42.96956522"
"CARVAJAL - SEVILLANA","2019-09-25","","43.85"
"CARVAJAL - SEVILLANA","2019-09-24","","43.17083333"
"CARVAJAL - SEVILLANA","2019-09-23","","37.39166667"
"CARVAJAL - SEVILLANA","2019-09-22","","35.9375"
"CARVAJAL - SEVILLANA","2019-09-21","","42.18571429"
"CARVAJAL - SEVILLANA","2019-09-20","","78.14166667"
"CARVAJAL - SEVILLANA","2019-09-19","","55.745"
"CARVAJAL - SEVILLANA","2019-09-18","","49.75217391"
"CARVAJAL - SEVILLANA","2019-09-17","","59.52916667"
"CARVAJAL - SEVILLANA","2019-09-16","","44.95416667"
"CARVAJAL - SEVILLANA","2019-09-15","","21.8"
"CARVAJAL - SEVILLANA","2019-09-14","","32.63333333"
"CARVAJAL - SEVILLANA","2019-09-13","","37.72916667"
"CARVAJAL - SEVILLANA","2019-09-12","","39.4"
"CARVAJAL - SEVILLANA","2019-09-11","","43.83043478"
"CARVAJAL - SEVILLANA","2019-09-10","","49.82083333"
"CARVAJAL - SEVILLANA","2019-09-09","","38.57916667"
"CARVAJAL - SEVILLANA","2019-09-08","","22.80416667"
"CARVAJAL - SEVILLANA","2019-09-07","","34.25416667"
"CARVAJAL - SEVILLANA","2019-09-06","","36.7375"
"CARVAJAL - SEVILLANA","2019-09-05","","41.6"
"CARVAJAL - SEVILLANA","2019-09-04","","39.36666667"
"CARVAJAL - SEVILLANA","2019-09-03","","55.95"
"CARVAJAL - SEVILLANA","2019-09-02","","47.7"
"CARVAJAL - SEVILLANA","2019-09-01","","23.0"
"CARVAJAL - SEVILLANA","2019-08-31","","48.53333333"
"CARVAJAL - SEVILLANA","2019-08-30","","50.7375"
"CARVAJAL - SEVILLANA","2019-08-29","","52.65416667"
"CARVAJAL - SEVILLANA","2019-08-28","","47.14166667"
"CARVAJAL - SEVILLANA","2019-08-27","","72.64615385"
"CARVAJAL - SEVILLANA","2019-08-23","","52.0"
"CARVAJAL - SEVILLANA","2019-08-22","","75.61875"
"CARVAJAL - SEVILLANA","2019-08-21","","55.25217391"
"CARVAJAL - SEVILLANA","2019-08-20","","65.42916667"
"CARVAJAL - SEVILLANA","2019-08-19","","28.27083333"
"CARVAJAL - SEVILLANA","2019-08-18","","41.25"
"CARVAJAL - SEVILLANA","2019-08-17","","59.55909091"
"CARVAJAL - SEVILLANA","2019-08-16","","75.03333333"
"CARVAJAL - SEVILLANA","2019-08-15","","61.73333333"
"CARVAJAL - SEVILLANA","2019-08-14","","51.77916667"
"CARVAJAL - SEVILLANA","2019-08-13","","51.7375"
"CARVAJAL - SEVILLANA","2019-08-12","","43.05"
"CARVAJAL - SEVILLANA","2019-08-11","","25.0375"
"CARVAJAL - SEVILLANA","2019-08-10","","47.175"
"CARVAJAL - SEVILLANA","2019-08-09","","45.875"
"CARVAJAL - SEVILLANA","2019-08-08","","47.725"
"CARVAJAL - SEVILLANA","2019-08-07","","38.81666667"
"CARVAJAL - SEVILLANA","2019-08-06","","52.05833333"
"CARVAJAL - SEVILLANA","2019-08-05","","58.25833333"
"CARVAJAL - SEVILLANA","2019-08-04","","28.22083333"
"CARVAJAL - SEVILLANA","2019-08-03","","49.0125"
"CARVAJAL - SEVILLANA","2019-08-02","","54.04166667"
"CARVAJAL - SEVILLANA","2019-08-01","","60.01666667"
"CARVAJAL - SEVILLANA","2019-07-31","","47.17083333"
"CARVAJAL - SEVILLANA","2019-07-30","","51.07083333"
"CARVAJAL - SEVILLANA","2019-07-29","","49.38333333"
"CARVAJAL - SEVILLANA","2019-07-28","","38.17916667"
"CARVAJAL - SEVILLANA","2019-07-27","","54.65416667"
"CARVAJAL - SEVILLANA","2019-07-26","","46.525"
"CARVAJAL - SEVILLANA","2019-07-25","","64.31666667"
"CARVAJAL - SEVILLANA","2019-07-24","","56.07916667"
"CARVAJAL - SEVILLANA","2019-07-23","","49.70555556"
"CARVAJAL - SEVILLANA","2019-07-22","","65.67916667"
"CARVAJAL - SEVILLANA","2019-07-21","","40.05416667"
"CARVAJAL - SEVILLANA","2019-07-20","","49.24583333"
"CARVAJAL - SEVILLANA","2019-07-19","","62.40869565"
"CARVAJAL - SEVILLANA","2019-07-18","","56.90833333"
"CARVAJAL - SEVILLANA","2019-07-17","","64.94583333"
"CARVAJAL - SEVILLANA","2019-07-16","","67.00454545"
"CARVAJAL - SEVILLANA","2019-07-15","","60.5625"
"CARVAJAL - SEVILLANA","2019-07-14","","27.45217391"
"CARVAJAL - SEVILLANA","2019-07-13","","52.06666667"
"CARVAJAL - SEVILLANA","2019-07-12","","60.15416667"
"CARVAJAL - SEVILLANA","2019-07-11","","61.7"
"CARVAJAL - SEVILLANA","2019-07-10","","55.01666667"
"CARVAJAL - SEVILLANA","2019-07-09","","61.08333333"
"CARVAJAL - SEVILLANA","2019-07-08","","52.54583333"
"CARVAJAL - SEVILLANA","2019-07-07","","27.90454545"
"CARVAJAL - SEVILLANA","2019-07-06","","70.10833333"
"CARVAJAL - SEVILLANA","2019-07-05","","68.45217391"
"CARVAJAL - SEVILLANA","2019-07-04","","95.66666667"
"CARVAJAL - SEVILLANA","2019-07-03","","77.87391304"
"CARVAJAL - SEVILLANA","2019-07-02","","73.25833333"
"CARVAJAL - SEVILLANA","2019-07-01","","30.84347826"
"CARVAJAL - SEVILLANA","2019-06-30","","30.325"
"CARVAJAL - SEVILLANA","2019-06-29","","48.9875"
"CARVAJAL - SEVILLANA","2019-06-28","","51.09166667"
"CARVAJAL - SEVILLANA","2019-06-27","","65.64347826"
"CARVAJAL - SEVILLANA","2019-06-26","","67.6125"
"CARVAJAL - SEVILLANA","2019-06-25","","57.64615385"
"CARVAJAL - SEVILLANA","2019-06-21","","38.57777778"
"CARVAJAL - SEVILLANA","2019-06-20","","43.35833333"
"CARVAJAL - SEVILLANA","2019-06-19","","43.27083333"
"CARVAJAL - SEVILLANA","2019-06-18","","41.65217391"
"CARVAJAL - SEVILLANA","2019-06-17","","41.70416667"
"CARVAJAL - SEVILLANA","2019-06-16","","30.57777778"
"CARVAJAL - SEVILLANA","2019-06-15","","50.16818182"
"CARVAJAL - SEVILLANA","2019-06-14","","64.63333333"
"CARVAJAL - SEVILLANA","2019-06-13","","65.33333333"
"CARVAJAL - SEVILLANA","2019-06-12","","72.12727273"
"CARVAJAL - SEVILLANA","2019-06-11","","59.09583333"
"CARVAJAL - SEVILLANA","2019-06-10","","50.47826087"
"CARVAJAL - SEVILLANA","2019-06-09","","29.375"
"CARVAJAL - SEVILLANA","2019-06-08","","63.40869565"
"CARVAJAL - SEVILLANA","2019-06-07","","61.23157895"
"CARVAJAL - SEVILLANA","2019-06-06","","65.04583333"
"CARVAJAL - SEVILLANA","2019-06-05","","58.56363636"
"CARVAJAL - SEVILLANA","2019-06-04","","58.87272727"
"CARVAJAL - SEVILLANA","2019-06-03","","31.725"
"CARVAJAL - SEVILLANA","2019-06-02","","44.47368421"
"CARVAJAL - SEVILLANA","2019-06-01","","44.14090909"
"CARVAJAL - SEVILLANA","2019-05-31","","58.77777778"
"CARVAJAL - SEVILLANA","2019-05-30","","73.69090909"
"CARVAJAL - SEVILLANA","2019-05-29","","69.6125"
"CARVAJAL - SEVILLANA","2019-05-28","","73.57083333"
"CARVAJAL - SEVILLANA","2019-05-27","","76.5"
"CARVAJAL - SEVILLANA","2019-05-26","","37.54782609"
"CARVAJAL - SEVILLANA","2019-05-25","","67.85833333"
"CARVAJAL - SEVILLANA","2019-05-24","","66.47272727"
"CARVAJAL - SEVILLANA","2019-05-23","","73.7952381"
"CARVAJAL - SEVILLANA","2019-05-22","","66.76666667"
"CARVAJAL - SEVILLANA","2019-05-21","","81.025"
"CARVAJAL - SEVILLANA","2019-05-20","","62.30454545"
"CARVAJAL - SEVILLANA","2019-05-19","","43.595"
"CARVAJAL - SEVILLANA","2019-05-18","","73.54583333"
"CARVAJAL - SEVILLANA","2019-05-17","","66.74583333"
"CARVAJAL - SEVILLANA","2019-05-16","","61.12857143"
"CARVAJAL - SEVILLANA","2019-05-15","","68.1875"
"CARVAJAL - SEVILLANA","2019-05-14","","52.9826087"
"CARVAJAL - SEVILLANA","2019-05-13","","54.3047619"
"CARVAJAL - SEVILLANA","2019-05-12","","39.03913043"
"CARVAJAL - SEVILLANA","2019-05-11","","70.06818182"
"CARVAJAL - SEVILLANA","2019-05-10","","56.87083333"
"CARVAJAL - SEVILLANA","2019-05-09","","58.94347826"
"CARVAJAL - SEVILLANA","2019-05-08","","65.17826087"
"CARVAJAL - SEVILLANA","2019-05-07","","54.6"
"CARVAJAL - SEVILLANA","2019-05-06","","49.83333333"
"CARVAJAL - SEVILLANA","2019-05-05","","32.80434783"
"CARVAJAL - SEVILLANA","2019-05-04","","53.6125"
"CARVAJAL - SEVILLANA","2019-05-03","","67.87826087"
"CARVAJAL - SEVILLANA","2019-05-02","","70.70833333"
"CARVAJAL - SEVILLANA","2019-05-01","","54.14583333"
"CARVAJAL - SEVILLANA","2019-04-30","","61.86666667"
"CARVAJAL - SEVILLANA","2019-04-29","","50.10833333"
"CARVAJAL - SEVILLANA","2019-04-28","","36.31904762"
"CARVAJAL - SEVILLANA","2019-04-27","","59.53333333"
"CARVAJAL - SEVILLANA","2019-04-26","","62.9375"
"CARVAJAL - SEVILLANA","2019-04-25","","78.45416667"
"CARVAJAL - SEVILLANA","2019-04-24","","56.1875"
"CARVAJAL - SEVILLANA","2019-04-23","","78.82083333"
"CARVAJAL - SEVILLANA","2019-04-22","","50.44090909"
"CARVAJAL - SEVILLANA","2019-04-21","","25.27727273"
"CARVAJAL - SEVILLANA","2019-04-20","","28.5826087"
"CARVAJAL - SEVILLANA","2019-04-19","","31.46190476"
"CARVAJAL - SEVILLANA","2019-04-18","","42.9625"
"CARVAJAL - SEVILLANA","2019-04-17","","76.52916667"
"CARVAJAL - SEVILLANA","2019-04-16","","87.05217391"
"CARVAJAL - SEVILLANA","2019-04-15","","58.76363636"
"CARVAJAL - SEVILLANA","2019-04-14","","65.58888889"
"CARVAJAL - SEVILLANA","2019-04-13","","75.44166667"
"CARVAJAL - SEVILLANA","2019-04-12","","76.5875"
"CARVAJAL - SEVILLANA","2019-04-11","","94.47916667"
"CARVAJAL - SEVILLANA","2019-04-10","","80.125"
"CARVAJAL - SEVILLANA","2019-04-09","","74.77916667"
"CARVAJAL - SEVILLANA","2019-04-08","","84.46956522"
"CARVAJAL - SEVILLANA","2019-04-07","","52.45833333"
"CARVAJAL - SEVILLANA","2019-04-06","","53.0625"
"CARVAJAL - SEVILLANA","2019-04-05","","63.4125"
"CARVAJAL - SEVILLANA","2019-04-04","","60.0875"
"CARVAJAL - SEVILLANA","2019-04-03","","91.0125"
"CARVAJAL - SEVILLANA","2019-04-02","","69.905"
"CARVAJAL - SEVILLANA","2019-04-01","","65.54444444"
"CARVAJAL - SEVILLANA","2019-03-31","","46.26956522"
"CARVAJAL - SEVILLANA","2019-03-30","","71.0"
"CARVAJAL - SEVILLANA","2019-03-29","","74.10416667"
"CARVAJAL - SEVILLANA","2019-03-28","","118.50416667"
"CARVAJAL - SEVILLANA","2019-03-27","","97.69583333"
"CARVAJAL - SEVILLANA","2019-03-26","","94.99583333"
"CARVAJAL - SEVILLANA","2019-03-25","","65.03333333"
"CARVAJAL - SEVILLANA","2019-03-24","","71.84166667"
"CARVAJAL - SEVILLANA","2019-03-23","","75.65652174"
"CARVAJAL - SEVILLANA","2019-03-22","","53.05"
"CARVAJAL - SEVILLANA","2019-03-21","","77.9952381"
"CARVAJAL - SEVILLANA","2019-03-20","","70.24285714"
"CARVAJAL - SEVILLANA","2019-03-19","","81.18666667"
"CARVAJAL - SEVILLANA","2019-03-18","","74.63529412"
"CARVAJAL - SEVILLANA","2019-03-17","","51.85555556"
"CARVAJAL - SEVILLANA","2019-03-16","","66.825"
"CARVAJAL - SEVILLANA","2019-03-15","","75.8625"
"CARVAJAL - SEVILLANA","2019-03-14","","86.85714286"
"CARVAJAL - SEVILLANA","2019-03-13","","80.87222222"
"CARVAJAL - SEVILLANA","2019-03-12","","74.89285714"
"CARVAJAL - SEVILLANA","2019-03-11","","54.7125"
"CARVAJAL - SEVILLANA","2019-03-10","","42.14"
"CARVAJAL - SEVILLANA","2019-03-09","","63.5"
"CARVAJAL - SEVILLANA","2019-03-08","","111.01764706"
"CARVAJAL - SEVILLANA","2019-03-07","","102.2875"
"CARVAJAL - SEVILLANA","2019-03-06","","91.4375"
"CARVAJAL - SEVILLANA","2019-03-05","","96.36666667"
"CARVAJAL - SEVILLANA","2019-03-04","","98.04117647"
"CARVAJAL - SEVILLANA","2019-03-03","","55.2125"
"CARVAJAL - SEVILLANA","2019-03-02","","87.57333333"
"CARVAJAL - SEVILLANA","2019-03-01","","81.44117647"
"CARVAJAL - SEVILLANA","2019-02-28","","91.30666667"
"CARVAJAL - SEVILLANA","2019-02-27","","92.425"
"CARVAJAL - SEVILLANA","2019-02-26","","105.255"
"CARVAJAL - SEVILLANA","2019-02-25","","80.46666667"
"CARVAJAL - SEVILLANA","2019-02-24","","45.68333333"
"CARVAJAL - SEVILLANA","2019-02-23","","80.0625"
"CARVAJAL - SEVILLANA","2019-02-22","","102.47619048"
"CARVAJAL - SEVILLANA","2019-02-21","","88.175"
"CARVAJAL - SEVILLANA","2019-02-20","","76.2625"
"CARVAJAL - SEVILLANA","2019-02-19","","78.98666667"
"CARVAJAL - SEVILLANA","2019-02-18","","74.21176471"
"CARVAJAL - SEVILLANA","2019-02-17","","50.43125"
"CARVAJAL - SEVILLANA","2019-02-16","","71.57058824"
"CARVAJAL - SEVILLANA","2019-02-15","","99.71875"
"CARVAJAL - SEVILLANA","2019-02-14","","90.26875"
"CARVAJAL - SEVILLANA","2019-02-13","","74.64117647"
"CARVAJAL - SEVILLANA","2019-02-12","","84.07058824"
"CARVAJAL - SEVILLANA","2019-02-11","","88.34375"
"CARVAJAL - SEVILLANA","2019-02-10","","61.09285714"
"CARVAJAL - SEVILLANA","2019-02-09","","73.87647059"
"CARVAJAL - SEVILLANA","2019-02-08","","79.675"
"CARVAJAL - SEVILLANA","2019-02-07","","90.91428571"
"CARVAJAL - SEVILLANA","2019-02-06","","104.06666667"
"CARVAJAL - SEVILLANA","2019-02-05","","119.25"
"CARVAJAL - SEVILLANA","2019-02-04","","101.65416667"
"CARVAJAL - SEVILLANA","2019-02-03","","80.675"
"CARVAJAL - SEVILLANA","2019-02-02","","120.7375"
"CARVAJAL - SEVILLANA","2019-02-01","","95.53333333"
"CARVAJAL - SEVILLANA","2019-01-31","","125.41428571"
"CARVAJAL - SEVILLANA","2019-01-30","","124.7"
"CARVAJAL - SEVILLANA","2019-01-29","","107.78333333"
"CARVAJAL - SEVILLANA","2019-01-28","","85.3125"
"CARVAJAL - SEVILLANA","2019-01-27","","66.95416667"
"CARVAJAL - SEVILLANA","2019-01-26","","79.45217391"
"CARVAJAL - SEVILLANA","2019-01-25","","80.88823529"
"CARVAJAL - SEVILLANA","2019-01-24","","78.90833333"
"CARVAJAL - SEVILLANA","2019-01-23","","67.91666667"
"CARVAJAL - SEVILLANA","2019-01-22","","64.7625"
"CARVAJAL - SEVILLANA","2019-01-21","","70.77916667"
"CARVAJAL - SEVILLANA","2019-01-20","","38.55833333"
"CARVAJAL - SEVILLANA","2019-01-19","","60.00833333"
"CARVAJAL - SEVILLANA","2019-01-18","","55.70416667"
"CARVAJAL - SEVILLANA","2019-01-17","","63.41666667"
"CARVAJAL - SEVILLANA","2019-01-16","","60.4625"
"CARVAJAL - SEVILLANA","2019-01-15","","59.1375"
"CARVAJAL - SEVILLANA","2019-01-14","","64.43333333"
"CARVAJAL - SEVILLANA","2019-01-13","","55.70833333"
"CARVAJAL - SEVILLANA","2019-01-12","","88.32916667"
"CARVAJAL - SEVILLANA","2019-01-11","","62.76666667"
"CARVAJAL - SEVILLANA","2019-01-10","","38.25"
"CARVAJAL - SEVILLANA","2019-01-09","","63.65"
"CARVAJAL - SEVILLANA","2019-01-08","","51.58333333"
"CARVAJAL - SEVILLANA","2019-01-07","","41.175"
"CARVAJAL - SEVILLANA","2019-01-06","","42.34583333"
"CARVAJAL - SEVILLANA","2019-01-05","","64.1625"
"CARVAJAL - SEVILLANA","2019-01-04","","52.10833333"
"CARVAJAL - SEVILLANA","2019-01-03","","42.40833333"
"CARVAJAL - SEVILLANA","2019-01-02","","38.94761905"
"CARVAJAL - SEVILLANA","2019-01-01","","38.395"
"CARVAJAL - SEVILLANA","2018-12-31","","40.5875"
"CARVAJAL - SEVILLANA","2018-12-30","","50.2625"
"CARVAJAL - SEVILLANA","2018-12-29","","48.76086957"
"CARVAJAL - SEVILLANA","2018-12-28","","65.08333333"
"CARVAJAL - SEVILLANA","2018-12-27","","60.16521739"
"CARVAJAL - SEVILLANA","2018-12-26","","66.60833333"
"CARVAJAL - SEVILLANA","2018-12-25","","52.19166667"
"CARVAJAL - SEVILLANA","2018-12-24","","56.6625"
"CARVAJAL - SEVILLANA","2018-12-23","","56.15714286"
"CARVAJAL - SEVILLANA","2018-12-22","","57.93333333"
"CARVAJAL - SEVILLANA","2018-12-21","","73.86666667"
"CARVAJAL - SEVILLANA","2018-12-20","","77.80909091"
"CARVAJAL - SEVILLANA","2018-12-19","","80.61666667"
"CARVAJAL - SEVILLANA","2018-12-18","","89.14782609"
"CARVAJAL - SEVILLANA","2018-12-17","","72.7875"
"CARVAJAL - SEVILLANA","2018-12-16","","48.2375"
"CARVAJAL - SEVILLANA","2018-12-15","","77.29583333"
"CARVAJAL - SEVILLANA","2018-12-14","","77.5125"
"CARVAJAL - SEVILLANA","2018-12-13","","66.82916667"
"CARVAJAL - SEVILLANA","2018-12-12","","66.125"
"CARVAJAL - SEVILLANA","2018-12-11","","71.7375"
"CARVAJAL - SEVILLANA","2018-12-10","","75.17916667"
"CARVAJAL - SEVILLANA","2018-12-09","","57.625"
"CARVAJAL - SEVILLANA","2018-12-08","","67.45416667"
"CARVAJAL - SEVILLANA","2018-12-07","","82.22083333"
"CARVAJAL - SEVILLANA","2018-12-06","","94.51"
"CARVAJAL - SEVILLANA","2018-11-29","","70.35714286"
"CARVAJAL - SEVILLANA","2018-11-28","","62.40833333"
"CARVAJAL - SEVILLANA","2018-11-27","","87.5375"
"CARVAJAL - SEVILLANA","2018-11-26","","73.35833333"
"CARVAJAL - SEVILLANA","2018-11-25","","60.1375"
"CARVAJAL - SEVILLANA","2018-11-24","","92.37083333"
"CARVAJAL - SEVILLANA","2018-11-23","","67.42916667"
"CARVAJAL - SEVILLANA","2018-11-22","","90.1875"
"CARVAJAL - SEVILLANA","2018-11-21","","100.16666667"
"CARVAJAL - SEVILLANA","2018-11-20","","90.40833333"
"CARVAJAL - SEVILLANA","2018-11-19","","90.52083333"
"CARVAJAL - SEVILLANA","2018-11-18","","52.96666667"
"CARVAJAL - SEVILLANA","2018-11-17","","83.07083333"
"CARVAJAL - SEVILLANA","2018-11-16","","113.17916667"
"CARVAJAL - SEVILLANA","2018-11-15","","136.45416667"
"CARVAJAL - SEVILLANA","2018-11-14","","129.78333333"
"CARVAJAL - SEVILLANA","2018-11-13","","131.89583333"
"CARVAJAL - SEVILLANA","2018-11-12","","48.52916667"
"CARVAJAL - SEVILLANA","2018-11-11","","58.70416667"
"CARVAJAL - SEVILLANA","2018-11-10","","52.54583333"
"CARVAJAL - SEVILLANA","2018-11-09","","72.36666667"
"CARVAJAL - SEVILLANA","2018-11-08","","90.19166667"
"CARVAJAL - SEVILLANA","2018-11-07","","79.8"
"CARVAJAL - SEVILLANA","2018-11-06","","69.62083333"
"CARVAJAL - SEVILLANA","2018-11-05","","27.22916667"
"CARVAJAL - SEVILLANA","2018-11-04","","52.84166667"
"CARVAJAL - SEVILLANA","2018-11-03","","49.22916667"
"CARVAJAL - SEVILLANA","2018-11-02","","57.1173913"
"CARVAJAL - SEVILLANA","2018-11-01","","53.4625"
"CARVAJAL - SEVILLANA","2018-10-31","","59.92"
"CARVAJAL - SEVILLANA","2018-10-26","","62.99"
"CARVAJAL - SEVILLANA","2018-10-25","","71.36086957"
"CARVAJAL - SEVILLANA","2018-10-24","","62.57916667"
"CARVAJAL - SEVILLANA","2018-10-23","","47.02173913"
"CARVAJAL - SEVILLANA","2018-10-22","","81.95"
"CARVAJAL - SEVILLANA","2018-10-21","","35.73913043"
"CARVAJAL - SEVILLANA","2018-10-20","","64.31666667"
"CARVAJAL - SEVILLANA","2018-10-19","","89.54583333"
"CARVAJAL - SEVILLANA","2018-10-18","","101.8"
"CARVAJAL - SEVILLANA","2018-10-17","","82.99545455"
"CARVAJAL - SEVILLANA","2018-10-16","","77.54583333"
"CARVAJAL - SEVILLANA","2018-10-15","","42.9047619"
"CARVAJAL - SEVILLANA","2018-10-14","","68.975"
"CARVAJAL - SEVILLANA","2018-10-13","","113.67916667"
"CARVAJAL - SEVILLANA","2018-10-12","","123.27916667"
"CARVAJAL - SEVILLANA","2018-10-11","","77.59583333"
"CARVAJAL - SEVILLANA","2018-10-10","","53.29565217"
"CARVAJAL - SEVILLANA","2018-10-09","","68.72916667"
"CARVAJAL - SEVILLANA","2018-10-08","","62.35833333"
"CARVAJAL - SEVILLANA","2018-10-07","","54.10416667"
"CARVAJAL - SEVILLANA","2018-10-06","","58.5625"
"CARVAJAL - SEVILLANA","2018-10-05","","89.925"
"CARVAJAL - SEVILLANA","2018-10-04","","79.0"
"CARVAJAL - SEVILLANA","2018-10-03","","102.43913043"
"CARVAJAL - SEVILLANA","2018-10-02","","73.45"
"CARVAJAL - SEVILLANA","2018-10-01","","69.85652174"
"CARVAJAL - SEVILLANA","2018-09-30","","45.19583333"
"CARVAJAL - SEVILLANA","2018-09-29","","67.04166667"
"CARVAJAL - SEVILLANA","2018-09-28","","79.42083333"
"CARVAJAL - SEVILLANA","2018-09-27","","67.5375"
"CARVAJAL - SEVILLANA","2018-09-26","","94.25"
"CARVAJAL - SEVILLANA","2018-09-25","","82.1625"
"CARVAJAL - SEVILLANA","2018-09-24","","64.5375"
"CARVAJAL - SEVILLANA","2018-09-23","","42.99583333"
"CARVAJAL - SEVILLANA","2018-09-22","","56.97083333"
"CARVAJAL - SEVILLANA","2018-09-21","","72.89583333"
"CARVAJAL - SEVILLANA","2018-09-20","","62.5125"
"CARVAJAL - SEVILLANA","2018-09-19","","74.125"
"CARVAJAL - SEVILLANA","2018-09-18","","67.77826087"
"CARVAJAL - SEVILLANA","2018-09-17","","89.90434783"
"CARVAJAL - SEVILLANA","2018-09-16","","54.74166667"
"CARVAJAL - SEVILLANA","2018-09-15","","73.40416667"
"CARVAJAL - SEVILLANA","2018-09-14","","92.29565217"
"CARVAJAL - SEVILLANA","2018-09-13","","91.31"
"CARVAJAL - SEVILLANA","2018-09-07","","73.555"
"CARVAJAL - SEVILLANA","2018-09-06","","77.24583333"
"CARVAJAL - SEVILLANA","2018-09-05","","73.29583333"
"CARVAJAL - SEVILLANA","2018-09-04","","65.66086957"
"CARVAJAL - SEVILLANA","2018-09-03","","60.3875"
"CARVAJAL - SEVILLANA","2018-09-02","","58.4875"
"CARVAJAL - SEVILLANA","2018-09-01","","74.00416667"
"CARVAJAL - SEVILLANA","2018-08-31","","87.325"
"CARVAJAL - SEVILLANA","2018-08-30","","69.2875"
"CARVAJAL - SEVILLANA","2018-08-29","","65.16666667"
"CARVAJAL - SEVILLANA","2018-08-28","","83.38333333"
"CARVAJAL - SEVILLANA","2018-08-27","","82.8"
"CARVAJAL - SEVILLANA","2018-08-26","","39.5875"
"CARVAJAL - SEVILLANA","2018-08-25","","56.05"
"CARVAJAL - SEVILLANA","2018-08-24","","72.95"
"CARVAJAL - SEVILLANA","2018-08-23","","79.82916667"
"CARVAJAL - SEVILLANA","2018-08-22","","67.79166667"
"CARVAJAL - SEVILLANA","2018-08-21","","56.61666667"
"CARVAJAL - SEVILLANA","2018-08-20","","35.81052632"
"CARVAJAL - SEVILLANA","2018-08-19","","38.5"
"CARVAJAL - SEVILLANA","2018-08-18","","56.47083333"
"CARVAJAL - SEVILLANA","2018-08-17","","63.53333333"
"CARVAJAL - SEVILLANA","2018-08-16","","95.45833333"
"CARVAJAL - SEVILLANA","2018-08-15","","79.375"
"CARVAJAL - SEVILLANA","2018-08-14","","73.12916667"
"CARVAJAL - SEVILLANA","2018-08-13","","53.04166667"
"CARVAJAL - SEVILLANA","2018-08-12","","35.99166667"
"CARVAJAL - SEVILLANA","2018-08-11","","59.95652174"
"CARVAJAL - SEVILLANA","2018-08-10","","59.8375"
"CARVAJAL - SEVILLANA","2018-08-09","","53.375"
"CARVAJAL - SEVILLANA","2018-08-08","","63.25"
"CARVAJAL - SEVILLANA","2018-08-07","","41.595"
"CARVAJAL - SEVILLANA","2018-08-06","","67.2"
"CARVAJAL - SEVILLANA","2018-08-05","","45.25"
"CARVAJAL - SEVILLANA","2018-08-04","","52.0826087"
"CARVAJAL - SEVILLANA","2018-08-03","","85.28333333"
"CARVAJAL - SEVILLANA","2018-08-02","","81.58333333"
"CARVAJAL - SEVILLANA","2018-08-01","","88.41666667"
"CARVAJAL - SEVILLANA","2018-07-31","","107.685"
"CARVAJAL - SEVILLANA","2018-07-30","","71.14166667"
"CARVAJAL - SEVILLANA","2018-07-29","","44.79166667"
"CARVAJAL - SEVILLANA","2018-07-28","","60.45454545"
"CARVAJAL - SEVILLANA","2018-07-27","","64.65217391"
"CARVAJAL - SEVILLANA","2018-07-26","","72.8875"
"CARVAJAL - SEVILLANA","2018-07-25","","80.0"
"CARVAJAL - SEVILLANA","2018-07-24","","67.03478261"
"CARVAJAL - SEVILLANA","2018-07-23","","71.78333333"
"CARVAJAL - SEVILLANA","2018-07-22","","61.54166667"
"CARVAJAL - SEVILLANA","2018-07-21","","53.99583333"
"CARVAJAL - SEVILLANA","2018-07-20","","39.04166667"
"CARVAJAL - SEVILLANA","2018-07-19","","64.9"
"CARVAJAL - SEVILLANA","2018-07-18","","78.20833333"
"CARVAJAL - SEVILLANA","2018-07-17","","70.78333333"
"CARVAJAL - SEVILLANA","2018-07-16","","52.03333333"
"CARVAJAL - SEVILLANA","2018-07-15","","32.25"
"CARVAJAL - SEVILLANA","2018-07-14","","42.95833333"
"CARVAJAL - SEVILLANA","2018-07-13","","55.19583333"
"CARVAJAL - SEVILLANA","2018-07-12","","63.53913043"
"CARVAJAL - SEVILLANA","2018-07-11","","63.32083333"
"CARVAJAL - SEVILLANA","2018-07-10","","70.625"
"CARVAJAL - SEVILLANA","2018-07-09","","70.03181818"
"CARVAJAL - SEVILLANA","2018-07-08","","44.37391304"
"CARVAJAL - SEVILLANA","2018-07-07","","61.55833333"
"CARVAJAL - SEVILLANA","2018-07-06","","68.95833333"
"CARVAJAL - SEVILLANA","2018-07-05","","69.25909091"
"CARVAJAL - SEVILLANA","2018-07-04","","64.04166667"
"CARVAJAL - SEVILLANA","2018-07-03","","82.375"
"CARVAJAL - SEVILLANA","2018-07-02","","46.125"
"CARVAJAL - SEVILLANA","2018-07-01","","42.75"
"CARVAJAL - SEVILLANA","2018-06-30","","68.125"
"CARVAJAL - SEVILLANA","2018-06-29","","88.86363636"
"CARVAJAL - SEVILLANA","2018-06-28","","71.11304348"
"CARVAJAL - SEVILLANA","2018-06-27","","64.70833333"
"CARVAJAL - SEVILLANA","2018-06-26","","70.86666667"
"CARVAJAL - SEVILLANA","2018-06-25","","56.41818182"
"CARVAJAL - SEVILLANA","2018-06-24","","38.17391304"
"CARVAJAL - SEVILLANA","2018-06-23","","54.20416667"
"CARVAJAL - SEVILLANA","2018-06-22","","81.375"
"CARVAJAL - SEVILLANA","2018-06-21","","70.95833333"
"CARVAJAL - SEVILLANA","2018-06-20","","65.125"
"CARVAJAL - SEVILLANA","2018-06-19","","55.64166667"
"CARVAJAL - SEVILLANA","2018-06-18","","58.0"
"CARVAJAL - SEVILLANA","2018-06-17","","34.09166667"
"CARVAJAL - SEVILLANA","2018-06-16","","64.0875"
"CARVAJAL - SEVILLANA","2018-06-15","","69.35416667"
"CARVAJAL - SEVILLANA","2018-06-14","","71.16666667"
"CARVAJAL - SEVILLANA","2018-06-13","","75.125"
"CARVAJAL - SEVILLANA","2018-06-12","","81.125"
"CARVAJAL - SEVILLANA","2018-06-11","","39.24166667"
"CARVAJAL - SEVILLANA","2018-06-10","","33.92083333"
"CARVAJAL - SEVILLANA","2018-06-09","","61.0"
"CARVAJAL - SEVILLANA","2018-06-08","","71.58333333"
"CARVAJAL - SEVILLANA","2018-06-07","","89.9125"
"CARVAJAL - SEVILLANA","2018-06-06","","79.70416667"
"CARVAJAL - SEVILLANA","2018-06-05","","71.45833333"
"CARVAJAL - SEVILLANA","2018-06-04","","31.45833333"
"CARVAJAL - SEVILLANA","2018-06-03","","35.58333333"
"CARVAJAL - SEVILLANA","2018-06-02","","87.02083333"
"CARVAJAL - SEVILLANA","2018-06-01","","82.75"
"CARVAJAL - SEVILLANA","2018-05-31","","101.24347826"
"CARVAJAL - SEVILLANA","2018-05-30","","78.08695652"
"CARVAJAL - SEVILLANA","2018-05-29","","100.16666667"
"CARVAJAL - SEVILLANA","2018-05-28","","74.97083333"
"CARVAJAL - SEVILLANA","2018-05-27","","36.12916667"
"CARVAJAL - SEVILLANA","2018-05-26","","67.325"
"CARVAJAL - SEVILLANA","2018-05-25","","84.26875"
"CARVAJAL - SEVILLANA","2018-05-24","","88.4375"
"CARVAJAL - SEVILLANA","2018-05-23","","32.0"
"CARVAJAL - SEVILLANA","2018-05-22","","113.625"
"CARVAJAL - SEVILLANA","2018-05-21","","98.53333333"
"CARVAJAL - SEVILLANA","2018-05-19","","117.77777778"
"CARVAJAL - SEVILLANA","2018-05-18","","110.08333333"
"CARVAJAL - SEVILLANA","2018-05-17","","85.08695652"
"CARVAJAL - SEVILLANA","2018-05-16","","90.65652174"
"CARVAJAL - SEVILLANA","2018-05-15","","46.47619048"
"CARVAJAL - SEVILLANA","2018-05-14","","38.2173913"
"CARVAJAL - SEVILLANA","2018-05-13","","39.23181818"
"CARVAJAL - SEVILLANA","2018-05-12","","86.375"
"CARVAJAL - SEVILLANA","2018-05-11","","70.5"
"CARVAJAL - SEVILLANA","2018-05-10","","81.66666667"
"CARVAJAL - SEVILLANA","2018-05-04","","63.0"
"CARVAJAL - SEVILLANA","2018-05-03","","78.83333333"
"CARVAJAL - SEVILLANA","2018-05-02","","69.04166667"
"CARVAJAL - SEVILLANA","2018-05-01","","76.83333333"
"CARVAJAL - SEVILLANA","2018-04-30","","94.20833333"
"CARVAJAL - SEVILLANA","2018-04-29","","59.70833333"
"CARVAJAL - SEVILLANA","2018-04-28","","79.75"
"CARVAJAL - SEVILLANA","2018-04-27","","88.0"
"CARVAJAL - SEVILLANA","2018-04-26","","77.95238095"
"CARVAJAL - SEVILLANA","2018-04-25","","88.91666667"
"CARVAJAL - SEVILLANA","2018-04-24","","87.16666667"
"CARVAJAL - SEVILLANA","2018-04-23","","73.25"
"CARVAJAL - SEVILLANA","2018-04-22","","50.125"
"CARVAJAL - SEVILLANA","2018-04-21","","80.875"
"CARVAJAL - SEVILLANA","2018-04-20","","86.16666667"
"CARVAJAL - SEVILLANA","2018-04-19","","74.0"
"CARVAJAL - SEVILLANA","2018-04-18","","86.29166667"
"CARVAJAL - SEVILLANA","2018-04-17","","99.9"
"CARVAJAL - SEVILLANA","2018-04-16","","101.66666667"
"CARVAJAL - SEVILLANA","2018-04-15","","66.125"
"CARVAJAL - SEVILLANA","2018-04-14","","63.60869565"
"CARVAJAL - SEVILLANA","2018-04-13","","105.68421053"
"CARVAJAL - SEVILLANA","2018-04-12","","71.57142857"
"CARVAJAL - SEVILLANA","2018-04-11","","78.5"
"CARVAJAL - SEVILLANA","2018-04-10","","60.06666667"
"CARVAJAL - SEVILLANA","2018-04-09","","93.41666667"
"CARVAJAL - SEVILLANA","2018-04-08","","77.625"
"CARVAJAL - SEVILLANA","2018-04-07","","63.7826087"
"CARVAJAL - SEVILLANA","2018-04-06","","46.95652174"
"CARVAJAL - SEVILLANA","2018-04-05","","58.97083333"
"CARVAJAL - SEVILLANA","2018-04-04","","64.51818182"
"CARVAJAL - SEVILLANA","2018-04-03","","57.61304348"
"CARVAJAL - SEVILLANA","2018-04-02","","55.29166667"
"CARVAJAL - SEVILLANA","2018-04-01","","25.08333333"
"CARVAJAL - SEVILLANA","2018-03-31","","33.54166667"
"CARVAJAL - SEVILLANA","2018-03-30","","34.95833333"
"CARVAJAL - SEVILLANA","2018-03-29","","34.5"
"CARVAJAL - SEVILLANA","2018-03-28","","83.375"
"CARVAJAL - SEVILLANA","2018-03-27","","90.04347826"
"CARVAJAL - SEVILLANA","2018-03-26","","77.54166667"
"CARVAJAL - SEVILLANA","2018-03-25","","61.45833333"
"CARVAJAL - SEVILLANA","2018-03-24","","61.875"
"CARVAJAL - SEVILLANA","2018-03-23","","98.7"
"CARVAJAL - SEVILLANA","2018-03-22","","89.91666667"
"CARVAJAL - SEVILLANA","2018-03-21","","90.625"
"CARVAJAL - SEVILLANA","2018-03-20","","82.0"
"CARVAJAL - SEVILLANA","2018-03-19","","53.29166667"
"CARVAJAL - SEVILLANA","2018-03-18","","71.125"
"CARVAJAL - SEVILLANA","2018-03-17","","78.5"
"CARVAJAL - SEVILLANA","2018-03-16","","79.375"
"CARVAJAL - SEVILLANA","2018-03-15","","106.45833333"
"CARVAJAL - SEVILLANA","2018-03-14","","83.66666667"
"CARVAJAL - SEVILLANA","2018-03-13","","81.36666667"
"CARVAJAL - SEVILLANA","2018-03-12","","85.62916667"
"CARVAJAL - SEVILLANA","2018-03-11","","42.22083333"
"CARVAJAL - SEVILLANA","2018-03-10","","65.58333333"
"CARVAJAL - SEVILLANA","2018-03-09","","65.73181818"
"CARVAJAL - SEVILLANA","2018-03-08","","51.44347826"
"CARVAJAL - SEVILLANA","2018-03-07","","63.125"
"CARVAJAL - SEVILLANA","2018-03-06","","81.45833333"
"CARVAJAL - SEVILLANA","2018-03-05","","78.76923077"
"CARVAJAL - SEVILLANA","2018-03-02","","72.0"
"CARVAJAL - SEVILLANA","2018-03-01","","86.0"
"CARVAJAL - SEVILLANA","2018-02-28","","76.6"
"CARVAJAL - SEVILLANA","2018-02-27","","99.86666667"
"CARVAJAL - SEVILLANA","2018-02-26","","67.45"
"CARVAJAL - SEVILLANA","2018-02-25","","46.34782609"
"CARVAJAL - SEVILLANA","2018-02-24","","39.55555556"
"CARVAJAL - SEVILLANA","2018-02-23","","65.45833333"
"CARVAJAL - SEVILLANA","2018-02-22","","64.19047619"
"CARVAJAL - SEVILLANA","2018-02-21","","83.68181818"
"CARVAJAL - SEVILLANA","2018-02-20","","79.41666667"
"CARVAJAL - SEVILLANA","2018-02-19","","65.9"
"CARVAJAL - SEVILLANA","2018-02-18","","41.72727273"
"CARVAJAL - SEVILLANA","2018-02-17","","76.75"
"CARVAJAL - SEVILLANA","2018-02-16","","80.23076923"
"CARVAJAL - SEVILLANA","2018-02-15","","71.62142857"
"CARVAJAL - SEVILLANA","2018-02-14","","71.25"
"CARVAJAL - SEVILLANA","2018-02-13","","91.20833333"
"CARVAJAL - SEVILLANA","2018-02-12","","72.0"
"CARVAJAL - SEVILLANA","2018-02-11","","54.04347826"
"CARVAJAL - SEVILLANA","2018-02-10","","73.54166667"
"CARVAJAL - SEVILLANA","2018-02-09","","82.23809524"
"CARVAJAL - SEVILLANA","2018-02-08","","86.91666667"
"CARVAJAL - SEVILLANA","2018-02-07","","66.58333333"
"CARVAJAL - SEVILLANA","2018-02-06","","88.54166667"
"CARVAJAL - SEVILLANA","2018-02-05","","76.66666667"
"CARVAJAL - SEVILLANA","2018-02-04","","47.54166667"
"CARVAJAL - SEVILLANA","2018-02-03","","82.0"
"CARVAJAL - SEVILLANA","2018-02-02","","77.70833333"
"CARVAJAL - SEVILLANA","2018-02-01","","95.70833333"
"CARVAJAL - SEVILLANA","2018-01-31","","74.79583333"
"CARVAJAL - SEVILLANA","2018-01-30","","80.25"
"CARVAJAL - SEVILLANA","2018-01-29","","73.33333333"
"CARVAJAL - SEVILLANA","2018-01-28","","52.91666667"
"CARVAJAL - SEVILLANA","2018-01-27","","81.45833333"
"CARVAJAL - SEVILLANA","2018-01-26","","88.52173913"
"CARVAJAL - SEVILLANA","2018-01-25","","76.5"
"CARVAJAL - SEVILLANA","2018-01-24","","76.61666667"
"CARVAJAL - SEVILLANA","2018-01-23","","77.20833333"
"CARVAJAL - SEVILLANA","2018-01-22","","66.16666667"
"CARVAJAL - SEVILLANA","2018-01-21","","42.95833333"
"CARVAJAL - SEVILLANA","2018-01-20","","48.26956522"
"CARVAJAL - SEVILLANA","2018-01-19","","62.40909091"
"CARVAJAL - SEVILLANA","2018-01-18","","57.45833333"
"CARVAJAL - SEVILLANA","2018-01-17","","62.0"
"CARVAJAL - SEVILLANA","2018-01-16","","75.5"
"CARVAJAL - SEVILLANA","2018-01-15","","81.04166667"
"CARVAJAL - SEVILLANA","2018-01-14","","48.46153846"
"CARVAJAL - SEVILLANA","2018-01-13","","67.40909091"
"CARVAJAL - SEVILLANA","2018-01-12","","70.625"
"CARVAJAL - SEVILLANA","2018-01-11","","74.38095238"
"CARVAJAL - SEVILLANA","2018-01-10","","59.86666667"
"CARVAJAL - SEVILLANA","2018-01-09","","55.16666667"
"CARVAJAL - SEVILLANA","2018-01-08","","47.8"
"CARVAJAL - SEVILLANA","2018-01-06","","33.14285714"
"CARVAJAL - SEVILLANA","2018-01-05","","64.65217391"
"CARVAJAL - SEVILLANA","2018-01-04","","80.01666667"
"CARVAJAL - SEVILLANA","2018-01-03","","70.16666667"
"CARVAJAL - SEVILLANA","2018-01-02","","60.82608696"
"CARVAJAL - SEVILLANA","2018-01-01","","48.20909091"
"CARVAJAL - SEVILLANA","2017-12-31","","35.2"
"CARVAJAL - SEVILLANA","2017-12-30","","41.98695652"
"CARVAJAL - SEVILLANA","2017-12-29","","60.15416667"
"CARVAJAL - SEVILLANA","2017-12-28","","62.35833333"
"CARVAJAL - SEVILLANA","2017-12-27","","66.6"
"CARVAJAL - SEVILLANA","2017-12-26","","59.625"
"CARVAJAL - SEVILLANA","2017-12-25","","55.16666667"
"CARVAJAL - SEVILLANA","2017-12-24","","60.33333333"
"CARVAJAL - SEVILLANA","2017-12-23","","75.0"
"CARVAJAL - SEVILLANA","2017-12-22","","78.95416667"
"CARVAJAL - SEVILLANA","2017-12-21","","105.23529412"
"CARVAJAL - SEVILLANA","2017-12-20","","81.54166667"
"CARVAJAL - SEVILLANA","2017-12-19","","115.33333333"
"CARVAJAL - SEVILLANA","2017-12-18","","72.29166667"
"CARVAJAL - SEVILLANA","2017-12-17","","51.65217391"
"CARVAJAL - SEVILLANA","2017-12-16","","81.54166667"
"CARVAJAL - SEVILLANA","2017-12-15","","92.63333333"
"CARVAJAL - SEVILLANA","2017-12-14","","62.5"
"CARVAJAL - SEVILLANA","2017-12-13","","48.25833333"
"CARVAJAL - SEVILLANA","2017-12-12","","42.5"
"CARVAJAL - SEVILLANA","2017-12-11","","39.47916667"
"CARVAJAL - SEVILLANA","2017-12-10","","43.4"
"CARVAJAL - SEVILLANA","2017-12-09","","66.17083333"
"CARVAJAL - SEVILLANA","2017-12-08","","49.04166667"
"CARVAJAL - SEVILLANA","2017-12-07","","94.45833333"
"CARVAJAL - SEVILLANA","2017-12-06","","84.15"
"CARVAJAL - SEVILLANA","2017-12-05","","63.70833333"
"CARVAJAL - SEVILLANA","2017-12-04","","72.48333333"
"CARVAJAL - SEVILLANA","2017-12-03","","46.04166667"
"CARVAJAL - SEVILLANA","2017-12-02","","66.575"
"CARVAJAL - SEVILLANA","2017-12-01","","65.95652174"
"CARVAJAL - SEVILLANA","2017-11-30","","76.33333333"
"CARVAJAL - SEVILLANA","2017-11-29","","76.2173913"
"CARVAJAL - SEVILLANA","2017-11-28","","76.7875"
"CARVAJAL - SEVILLANA","2017-11-27","","76.29166667"
"CARVAJAL - SEVILLANA","2017-11-26","","58.875"
"CARVAJAL - SEVILLANA","2017-11-25","","62.33809524"
"CARVAJAL - SEVILLANA","2017-11-24","","87.3826087"
"CARVAJAL - SEVILLANA","2017-11-23","","106.25"
"CARVAJAL - SEVILLANA","2017-11-22","","92.70833333"
"CARVAJAL - SEVILLANA","2017-11-21","","95.0"
"CARVAJAL - SEVILLANA","2017-11-20","","72.31666667"
"CARVAJAL - SEVILLANA","2017-11-19","","42.12916667"
"CARVAJAL - SEVILLANA","2017-11-18","","63.04166667"
"CARVAJAL - SEVILLANA","2017-11-17","","51.04166667"
"CARVAJAL - SEVILLANA","2017-11-16","","63.41666667"
"CARVAJAL - SEVILLANA","2017-11-15","","57.6"
"CARVAJAL - SEVILLANA","2017-11-14","","80.16666667"
"CARVAJAL - SEVILLANA","2017-11-13","","55.54166667"
"CARVAJAL - SEVILLANA","2017-11-12","","63.58333333"
"CARVAJAL - SEVILLANA","2017-11-11","","56.55"
"CARVAJAL - SEVILLANA","2017-11-10","","106.52173913"
"CARVAJAL - SEVILLANA","2017-11-09","","102.75"
"CARVAJAL - SEVILLANA","2017-11-08","","92.16666667"
"CARVAJAL - SEVILLANA","2017-11-07","","99.41666667"
"CARVAJAL - SEVILLANA","2017-11-06","","76.875"
"CARVAJAL - SEVILLANA","2017-11-05","","79.375"
"CARVAJAL - SEVILLANA","2017-11-04","","71.85416667"
"CARVAJAL - SEVILLANA","2017-11-03","","100.79545455"
"CARVAJAL - SEVILLANA","2017-11-02","","90.08333333"
"CARVAJAL - SEVILLANA","2017-11-01","","93.61111111"
"CARVAJAL - SEVILLANA","2017-10-31","","72.13913043"
"CARVAJAL - SEVILLANA","2017-10-30","","73.875"
"CARVAJAL - SEVILLANA","2017-10-29","","28.15555556"
"CARVAJAL - SEVILLANA","2017-10-28","","53.6"
"CARVAJAL - SEVILLANA","2017-10-27","","96.68333333"
"CARVAJAL - SEVILLANA","2017-10-26","","93.375"
"CARVAJAL - SEVILLANA","2017-10-25","","73.04166667"
"CARVAJAL - SEVILLANA","2017-10-24","","66.56521739"
"CARVAJAL - SEVILLANA","2017-10-23","","56.875"
"CARVAJAL - SEVILLANA","2017-10-22","","34.91666667"
"CARVAJAL - SEVILLANA","2017-10-21","","64.95652174"
"CARVAJAL - SEVILLANA","2017-10-20","","86.82608696"
"CARVAJAL - SEVILLANA","2017-10-19","","88.66666667"
"CARVAJAL - SEVILLANA","2017-10-18","","63.63636364"
"CARVAJAL - SEVILLANA","2017-10-17","","62.5"
"CARVAJAL - SEVILLANA","2017-10-16","","34.51052632"
"CARVAJAL - SEVILLANA","2017-10-15","","43.0"
"CARVAJAL - SEVILLANA","2017-10-14","","61.3375"
"CARVAJAL - SEVILLANA","2017-10-13","","79.83333333"
"CARVAJAL - SEVILLANA","2017-10-12","","117.25"
"CARVAJAL - SEVILLANA","2017-10-11","","69.625"
"CARVAJAL - SEVILLANA","2017-10-10","","99.83333333"
"CARVAJAL - SEVILLANA","2017-10-09","","88.08333333"
"CARVAJAL - SEVILLANA","2017-10-08","","58.91304348"
"CARVAJAL - SEVILLANA","2017-10-07","","49.95833333"
"CARVAJAL - SEVILLANA","2017-10-06","","59.66086957"
"CARVAJAL - SEVILLANA","2017-10-05","","66.33333333"
"CARVAJAL - SEVILLANA","2017-10-04","","70.16666667"
"CARVAJAL - SEVILLANA","2017-10-03","","90.69565217"
"CARVAJAL - SEVILLANA","2017-10-02","","69.2173913"
"CARVAJAL - SEVILLANA","2017-10-01","","43.875"
"CARVAJAL - SEVILLANA","2017-09-30","","67.09130435"
"CARVAJAL - SEVILLANA","2017-09-29","","65.04166667"
"CARVAJAL - SEVILLANA","2017-09-28","","62.57272727"
"CARVAJAL - SEVILLANA","2017-09-27","","85.17083333"
"CARVAJAL - SEVILLANA","2017-09-26","","78.79166667"
"CARVAJAL - SEVILLANA","2017-09-25","","55.875"
"CARVAJAL - SEVILLANA","2017-09-24","","34.375"
"CARVAJAL - SEVILLANA","2017-09-23","","67.25"
"CARVAJAL - SEVILLANA","2017-09-22","","97.41666667"
"CARVAJAL - SEVILLANA","2017-09-21","","78.41666667"
"CARVAJAL - SEVILLANA","2017-09-20","","72.41666667"
"CARVAJAL - SEVILLANA","2017-09-19","","73.95833333"
"CARVAJAL - SEVILLANA","2017-09-18","","51.70833333"
"CARVAJAL - SEVILLANA","2017-09-17","","38.70869565"
"CARVAJAL - SEVILLANA","2017-09-16","","61.56666667"
"CARVAJAL - SEVILLANA","2017-09-15","","66.16666667"
"CARVAJAL - SEVILLANA","2017-09-14","","63.375"
"CARVAJAL - SEVILLANA","2017-09-13","","58.50869565"
"CARVAJAL - SEVILLANA","2017-09-12","","65.70833333"
"CARVAJAL - SEVILLANA","2017-09-11","","57.78333333"
"CARVAJAL - SEVILLANA","2017-09-10","","38.75"
"CARVAJAL - SEVILLANA","2017-09-09","","67.70833333"
"CARVAJAL - SEVILLANA","2017-09-08","","88.62608696"
"CARVAJAL - SEVILLANA","2017-09-07","","60.75"
"CARVAJAL - SEVILLANA","2017-09-06","","70.91666667"
"CARVAJAL - SEVILLANA","2017-09-05","","81.54166667"
"CARVAJAL - SEVILLANA","2017-09-04","","88.24347826"
"CARVAJAL - SEVILLANA","2017-09-03","","33.02916667"
"CARVAJAL - SEVILLANA","2017-09-02","","49.33333333"
"CARVAJAL - SEVILLANA","2017-09-01","","66.82916667"
"CARVAJAL - SEVILLANA","2017-08-31","","55.91666667"
"CARVAJAL - SEVILLANA","2017-08-30","","60.76190476"
"CARVAJAL - SEVILLANA","2017-08-29","","66.96666667"
"CARVAJAL - SEVILLANA","2017-08-28","","64.70833333"
"CARVAJAL - SEVILLANA","2017-08-27","","49.83333333"
"CARVAJAL - SEVILLANA","2017-08-26","","73.73913043"
"CARVAJAL - SEVILLANA","2017-08-25","","67.95833333"
"CARVAJAL - SEVILLANA","2017-08-24","","65.875"
"CARVAJAL - SEVILLANA","2017-08-23","","72.08333333"
"CARVAJAL - SEVILLANA","2017-08-22","","65.25"
"CARVAJAL - SEVILLANA","2017-08-21","","37.0"
"CARVAJAL - SEVILLANA","2017-08-20","","46.625"
"CARVAJAL - SEVILLANA","2017-08-19","","58.54545455"
"CARVAJAL - SEVILLANA","2017-08-18","","68.90909091"
"CARVAJAL - SEVILLANA","2017-08-17","","78.0"
"CARVAJAL - SEVILLANA","2017-08-16","","55.69090909"
"CARVAJAL - SEVILLANA","2017-08-15","","82.56521739"
"CARVAJAL - SEVILLANA","2017-08-14","","65.85217391"
"CARVAJAL - SEVILLANA","2017-08-13","","37.04166667"
"CARVAJAL - SEVILLANA","2017-08-12","","57.70833333"
"CARVAJAL - SEVILLANA","2017-08-11","","78.83333333"
"CARVAJAL - SEVILLANA","2017-08-10","","78.00454545"
"CARVAJAL - SEVILLANA","2017-08-09","","72.19047619"
"CARVAJAL - SEVILLANA","2017-08-08","","55.36363636"
"CARVAJAL - SEVILLANA","2017-08-07","","40.34782609"
"CARVAJAL - SEVILLANA","2017-08-06","","43.63636364"
"CARVAJAL - SEVILLANA","2017-08-05","","53.3"
"CARVAJAL - SEVILLANA","2017-08-04","","63.73913043"
"CARVAJAL - SEVILLANA","2017-08-03","","87.59166667"
"CARVAJAL - SEVILLANA","2017-08-02","","106.77272727"
"CARVAJAL - SEVILLANA","2017-08-01","","73.73913043"
"CARVAJAL - SEVILLANA","2017-07-31","","50.7875"
"CARVAJAL - SEVILLANA","2017-07-30","","31.25"
"CARVAJAL - SEVILLANA","2017-07-29","","44.72916667"
"CARVAJAL - SEVILLANA","2017-07-28","","52.37916667"
"CARVAJAL - SEVILLANA","2017-07-27","","59.53043478"
"CARVAJAL - SEVILLANA","2017-07-26","","46.40454545"
"CARVAJAL - SEVILLANA","2017-07-25","","43.04166667"
"CARVAJAL - SEVILLANA","2017-07-24","","47.03043478"
"CARVAJAL - SEVILLANA","2017-07-23","","28.14347826"
"CARVAJAL - SEVILLANA","2017-07-22","","42.81666667"
"CARVAJAL - SEVILLANA","2017-07-21","","58.5"
"CARVAJAL - SEVILLANA","2017-07-20","","42.125"
"CARVAJAL - SEVILLANA","2017-07-19","","57.16666667"
"CARVAJAL - SEVILLANA","2017-07-18","","59.52272727"
"CARVAJAL - SEVILLANA","2017-07-17","","66.49166667"
"CARVAJAL - SEVILLANA","2017-07-16","","62.25"
"CARVAJAL - SEVILLANA","2017-07-15","","72.16666667"
"CARVAJAL - SEVILLANA","2017-07-14","","79.27083333"
"CARVAJAL - SEVILLANA","2017-07-13","","60.09130435"
"CARVAJAL - SEVILLANA","2017-07-12","","48.83333333"
"CARVAJAL - SEVILLANA","2017-07-11","","55.50952381"
"CARVAJAL - SEVILLANA","2017-07-10","","52.58333333"
"CARVAJAL - SEVILLANA","2017-07-09","","32.43478261"
"CARVAJAL - SEVILLANA","2017-07-08","","54.83333333"
"CARVAJAL - SEVILLANA","2017-07-07","","50.30869565"
"CARVAJAL - SEVILLANA","2017-07-06","","52.26666667"
"CARVAJAL - SEVILLANA","2017-07-05","","67.65"
"CARVAJAL - SEVILLANA","2017-07-04","","54.5125"
"CARVAJAL - SEVILLANA","2017-07-03","","28.13043478"
"CARVAJAL - SEVILLANA","2017-07-02","","26.34166667"
"CARVAJAL - SEVILLANA","2017-07-01","","46.54166667"
"CARVAJAL - SEVILLANA","2017-06-30","","58.99583333"
"CARVAJAL - SEVILLANA","2017-06-29","","88.45833333"
"CARVAJAL - SEVILLANA","2017-06-28","","74.16666667"
"CARVAJAL - SEVILLANA","2017-06-27","","76.5"
"CARVAJAL - SEVILLANA","2017-06-26","","29.0"
"CARVAJAL - SEVILLANA","2017-06-25","","37.42857143"
"CARVAJAL - SEVILLANA","2017-06-24","","76.83333333"
"CARVAJAL - SEVILLANA","2017-06-23","","71.26086957"
"CARVAJAL - SEVILLANA","2017-06-22","","59.69166667"
"CARVAJAL - SEVILLANA","2017-06-21","","67.375"
"CARVAJAL - SEVILLANA","2017-06-20","","64.54166667"
"CARVAJAL - SEVILLANA","2017-06-19","","42.83333333"
"CARVAJAL - SEVILLANA","2017-06-18","","63.87391304"
"CARVAJAL - SEVILLANA","2017-06-17","","107.29166667"
"CARVAJAL - SEVILLANA","2017-06-16","","84.0"
"CARVAJAL - SEVILLANA","2017-06-15","","73.83333333"
"CARVAJAL - SEVILLANA","2017-06-14","","71.61304348"
"CARVAJAL - SEVILLANA","2017-06-13","","68.17391304"
"CARVAJAL - SEVILLANA","2017-06-12","","43.425"
"CARVAJAL - SEVILLANA","2017-06-11","","34.09090909"
"CARVAJAL - SEVILLANA","2017-06-10","","76.54166667"
"CARVAJAL - SEVILLANA","2017-06-09","","101.90869565"
"CARVAJAL - SEVILLANA","2017-06-08","","102.75"
"CARVAJAL - SEVILLANA","2017-06-07","","75.94166667"
"CARVAJAL - SEVILLANA","2017-06-06","","72.68181818"
"CARVAJAL - SEVILLANA","2017-06-05","","51.9"
"CARVAJAL - SEVILLANA","2017-06-04","","30.625"
"CARVAJAL - SEVILLANA","2017-06-03","","55.6"
"CARVAJAL - SEVILLANA","2017-06-02","","70.41666667"
"CARVAJAL - SEVILLANA","2017-06-01","","62.39130435"
"CARVAJAL - SEVILLANA","2017-05-31","","71.30434783"
"CARVAJAL - SEVILLANA","2017-05-30","","71.79166667"
"CARVAJAL - SEVILLANA","2017-05-29","","45.08333333"
"CARVAJAL - SEVILLANA","2017-05-28","","43.83333333"
"CARVAJAL - SEVILLANA","2017-05-27","","67.29166667"
"CARVAJAL - SEVILLANA","2017-05-26","","79.54166667"
"CARVAJAL - SEVILLANA","2017-05-25","","63.02916667"
"CARVAJAL - SEVILLANA","2017-05-24","","67.09090909"
"CARVAJAL - SEVILLANA","2017-05-23","","91.65217391"
"CARVAJAL - SEVILLANA","2017-05-22","","56.52173913"
"CARVAJAL - SEVILLANA","2017-05-21","","52.66666667"
"CARVAJAL - SEVILLANA","2017-05-20","","67.125"
"CARVAJAL - SEVILLANA","2017-05-19","","94.08333333"
"CARVAJAL - SEVILLANA","2017-05-18","","75.54545455"
"CARVAJAL - SEVILLANA","2017-05-17","","102.33333333"
"CARVAJAL - SEVILLANA","2017-05-16","","80.27272727"
"CARVAJAL - SEVILLANA","2017-05-15","","76.99583333"
"CARVAJAL - SEVILLANA","2017-05-14","","35.78823529"
"CARVAJAL - SEVILLANA","2017-05-13","","52.43478261"
"CARVAJAL - SEVILLANA","2017-05-12","","60.04444444"
"CARVAJAL - SEVILLANA","2017-05-11","","79.25"
"CARVAJAL - SEVILLANA","2017-05-10","","51.79166667"
"CARVAJAL - SEVILLANA","2017-05-09","","49.54166667"
"CARVAJAL - SEVILLANA","2017-05-08","","50.60869565"
"CARVAJAL - SEVILLANA","2017-05-07","","63.41666667"
"CARVAJAL - SEVILLANA","2017-05-06","","60.65217391"
"CARVAJAL - SEVILLANA","2017-05-05","","77.60869565"
"CARVAJAL - SEVILLANA","2017-05-04","","70.04166667"
"CARVAJAL - SEVILLANA","2017-05-03","","53.77777778"
"CARVAJAL - SEVILLANA","2017-04-29","","56.0"
"CARVAJAL - SEVILLANA","2017-04-28","","77.31818182"
"CARVAJAL - SEVILLANA","2017-04-27","","78.95454545"
"CARVAJAL - SEVILLANA","2017-04-26","","67.54166667"
"CARVAJAL - SEVILLANA","2017-04-25","","90.875"
"CARVAJAL - SEVILLANA","2017-04-24","","78.54166667"
"CARVAJAL - SEVILLANA","2017-04-23","","51.43478261"
"CARVAJAL - SEVILLANA","2017-04-22","","90.29166667"
"CARVAJAL - SEVILLANA","2017-04-21","","69.69583333"
"CARVAJAL - SEVILLANA","2017-04-20","","86.16666667"
"CARVAJAL - SEVILLANA","2017-04-19","","81.8"
"CARVAJAL - SEVILLANA","2017-04-17","","26.25"
"CARVAJAL - SEVILLANA","2017-04-16","","33.6375"
"CARVAJAL - SEVILLANA","2017-04-15","","40.875"
"CARVAJAL - SEVILLANA","2017-04-14","","34.0"
"CARVAJAL - SEVILLANA","2017-04-13","","54.125"
"CARVAJAL - SEVILLANA","2017-04-12","","86.70833333"
"CARVAJAL - SEVILLANA","2017-04-11","","92.04166667"
"CARVAJAL - SEVILLANA","2017-04-10","","92.70833333"
"CARVAJAL - SEVILLANA","2017-04-09","","46.875"
"CARVAJAL - SEVILLANA","2017-04-08","","84.375"
"CARVAJAL - SEVILLANA","2017-04-07","","123.875"
"CARVAJAL - SEVILLANA","2017-04-06","","106.70833333"
"CARVAJAL - SEVILLANA","2017-04-05","","108.91666667"
"CARVAJAL - SEVILLANA","2017-04-04","","93.95833333"
"CARVAJAL - SEVILLANA","2017-04-03","","79.625"
"CARVAJAL - SEVILLANA","2017-04-02","","45.875"
"CARVAJAL - SEVILLANA","2017-04-01","","80.4875"
"CARVAJAL - SEVILLANA","2017-03-31","","95.04166667"
"CARVAJAL - SEVILLANA","2017-03-30","","86.56521739"
"CARVAJAL - SEVILLANA","2017-03-29","","83.7826087"
"CARVAJAL - SEVILLANA","2017-03-28","","75.5"
"CARVAJAL - SEVILLANA","2017-03-27","","79.1826087"
"CARVAJAL - SEVILLANA","2017-03-26","","37.44347826"
"CARVAJAL - SEVILLANA","2017-03-25","","96.125"
"CARVAJAL - SEVILLANA","2017-03-24","","85.2173913"
"CARVAJAL - SEVILLANA","2017-03-23","","79.77272727"
"CARVAJAL - SEVILLANA","2017-03-22","","76.20833333"
"CARVAJAL - SEVILLANA","2017-03-21","","64.41666667"
"CARVAJAL - SEVILLANA","2017-03-20","","68.0"
"CARVAJAL - SEVILLANA","2017-03-19","","52.91666667"
"CARVAJAL - SEVILLANA","2017-03-18","","70.29166667"
"CARVAJAL - SEVILLANA","2017-03-17","","71.08695652"
"CARVAJAL - SEVILLANA","2017-03-16","","59.95833333"
"CARVAJAL - SEVILLANA","2017-03-15","","62.65217391"
"CARVAJAL - SEVILLANA","2017-03-14","","78.27272727"
"CARVAJAL - SEVILLANA","2017-03-13","","52.0"
"CARVAJAL - SEVILLANA","2017-03-12","","29.6"
"CARVAJAL - SEVILLANA","2017-03-11","","64.22727273"
"CARVAJAL - SEVILLANA","2017-03-10","","60.16666667"
"CARVAJAL - SEVILLANA","2017-03-09","","71.56521739"
"CARVAJAL - SEVILLANA","2017-03-08","","57.39130435"
"CARVAJAL - SEVILLANA","2017-03-07","","74.34782609"
"CARVAJAL - SEVILLANA","2017-03-06","","54.83333333"
"CARVAJAL - SEVILLANA","2017-03-05","","40.33333333"
"CARVAJAL - SEVILLANA","2017-03-04","","80.18181818"
"CARVAJAL - SEVILLANA","2017-03-03","","65.16666667"
"CARVAJAL - SEVILLANA","2017-03-02","","88.5"
"CARVAJAL - SEVILLANA","2017-03-01","","60.66666667"
"CARVAJAL - SEVILLANA","2017-02-28","","62.43333333"
"CARVAJAL - SEVILLANA","2017-02-11","","90.2"
"CARVAJAL - SEVILLANA","2017-02-10","","70.52173913"
"CARVAJAL - SEVILLANA","2017-02-09","","105.16666667"
"CARVAJAL - SEVILLANA","2017-02-08","","88.17391304"
"CARVAJAL - SEVILLANA","2017-02-07","","59.95416667"
"CARVAJAL - SEVILLANA","2017-02-06","","73.04166667"
"CARVAJAL - SEVILLANA","2017-02-05","","45.33333333"
"CARVAJAL - SEVILLANA","2017-02-04","","75.30434783"
"CARVAJAL - SEVILLANA","2017-02-03","","78.375"
"CARVAJAL - SEVILLANA","2017-02-02","","76.2173913"
"CARVAJAL - SEVILLANA","2017-02-01","","106.60869565"
"CARVAJAL - SEVILLANA","2017-01-31","","77.0"
"CARVAJAL - SEVILLANA","2017-01-30","","81.16666667"
"CARVAJAL - SEVILLANA","2017-01-29","","42.5"
"CARVAJAL - SEVILLANA","2017-01-28","","71.41666667"
"CARVAJAL - SEVILLANA","2017-01-27","","63.93478261"
"CARVAJAL - SEVILLANA","2017-01-26","","56.84615385"
"CARVAJAL - SEVILLANA","2017-01-22","","73.55555556"
"CARVAJAL - SEVILLANA","2017-01-21","","66.29166667"
"CARVAJAL - SEVILLANA","2017-01-20","","71.95833333"
"CARVAJAL - SEVILLANA","2017-01-19","","75.79166667"
"CARVAJAL - SEVILLANA","2017-01-18","","59.06190476"
"CARVAJAL - SEVILLANA","2017-01-17","","51.375"
"CARVAJAL - SEVILLANA","2017-01-16","","48.32608696"
"CARVAJAL - SEVILLANA","2017-01-15","","39.41666667"
"CARVAJAL - SEVILLANA","2017-01-14","","68.04166667"
"CARVAJAL - SEVILLANA","2017-01-13","","81.08333333"
"CARVAJAL - SEVILLANA","2017-01-12","","74.04166667"
"CARVAJAL - SEVILLANA","2017-01-11","","60.91666667"
"CARVAJAL - SEVILLANA","2017-01-10","","63.24583333"
"CARVAJAL - SEVILLANA","2017-01-09","","42.625"
"CARVAJAL - SEVILLANA","2017-01-08","","33.20833333"
"CARVAJAL - SEVILLANA","2017-01-07","","45.12173913"
"CARVAJAL - SEVILLANA","2017-01-06","","47.82083333"
"CARVAJAL - SEVILLANA","2017-01-05","","69.08333333"
"CARVAJAL - SEVILLANA","2017-01-04","","76.04782609"
"CARVAJAL - SEVILLANA","2017-01-03","","65.26086957"
"CARVAJAL - SEVILLANA","2017-01-02","","40.02173913"
"CARVAJAL - SEVILLANA","2017-01-01","","30.26666667"
"CARVAJAL - SEVILLANA","2016-12-31","","37.20833333"
"CARVAJAL - SEVILLANA","2016-12-30","","66.95652174"
"CARVAJAL - SEVILLANA","2016-12-29","","101.5"
"CARVAJAL - SEVILLANA","2016-12-28","","75.79166667"
"CARVAJAL - SEVILLANA","2016-12-27","","90.08695652"
"CARVAJAL - SEVILLANA","2016-12-26","","70.08333333"
"CARVAJAL - SEVILLANA","2016-12-25","","83.45833333"
"CARVAJAL - SEVILLANA","2016-12-24","","73.29166667"
"CARVAJAL - SEVILLANA","2016-12-23","","82.83333333"
"CARVAJAL - SEVILLANA","2016-12-22","","63.66666667"
"CARVAJAL - SEVILLANA","2016-12-21","","58.66666667"
"CARVAJAL - SEVILLANA","2016-12-20","","93.91666667"
"CARVAJAL - SEVILLANA","2016-12-19","","98.70833333"
"CARVAJAL - SEVILLANA","2016-12-18","","67.33333333"
"CARVAJAL - SEVILLANA","2016-12-17","","99.25"
"CARVAJAL - SEVILLANA","2016-12-16","","103.75"
"CARVAJAL - SEVILLANA","2016-12-15","","92.5"
"CARVAJAL - SEVILLANA","2016-12-14","","115.16666667"
"CARVAJAL - SEVILLANA","2016-12-13","","119.41666667"
"CARVAJAL - SEVILLANA","2016-12-12","","84.41666667"
"CARVAJAL - SEVILLANA","2016-12-11","","62.58333333"
"CARVAJAL - SEVILLANA","2016-12-10","","69.5"
"CARVAJAL - SEVILLANA","2016-12-09","","87.5"
"CARVAJAL - SEVILLANA","2016-12-08","","95.45833333"
"CARVAJAL - SEVILLANA","2016-12-07","","99.875"
"CARVAJAL - SEVILLANA","2016-12-06","","99.0"
"CARVAJAL - SEVILLANA","2016-12-05","","86.70833333"
"CARVAJAL - SEVILLANA","2016-12-04","","60.66666667"
"CARVAJAL - SEVILLANA","2016-12-03","","61.5"
"CARVAJAL - SEVILLANA","2016-12-02","","87.25"
"CARVAJAL - SEVILLANA","2016-12-01","","114.20833333"
"CARVAJAL - SEVILLANA","2016-11-30","","81.33333333"
"CARVAJAL - SEVILLANA","2016-11-29","","87.70833333"
"CARVAJAL - SEVILLANA","2016-11-28","","84.5"
"CARVAJAL - SEVILLANA","2016-11-27","","88.5"
"CARVAJAL - SEVILLANA","2016-11-26","","86.04166667"
"CARVAJAL - SEVILLANA","2016-11-25","","90.25"
"CARVAJAL - SEVILLANA","2016-11-24","","133.25"
"CARVAJAL - SEVILLANA","2016-11-23","","128.875"
"CARVAJAL - SEVILLANA","2016-11-22","","135.16666667"
"CARVAJAL - SEVILLANA","2016-11-21","","85.625"
"CARVAJAL - SEVILLANA","2016-11-20","","38.25"
"CARVAJAL - SEVILLANA","2016-11-19","","50.95833333"
"CARVAJAL - SEVILLANA","2016-11-18","","58.26086957"
"CARVAJAL - SEVILLANA","2016-11-17","","61.125"
"CARVAJAL - SEVILLANA","2016-11-16","","55.875"
"CARVAJAL - SEVILLANA","2016-11-15","","38.375"
"CARVAJAL - SEVILLANA","2016-11-14","","45.25"
"CARVAJAL - SEVILLANA","2016-11-13","","63.125"
"CARVAJAL - SEVILLANA","2016-11-12","","81.79166667"
"CARVAJAL - SEVILLANA","2016-11-11","","87.83333333"
"CARVAJAL - SEVILLANA","2016-11-10","","103.375"
"CARVAJAL - SEVILLANA","2016-11-09","","83.125"
"CARVAJAL - SEVILLANA","2016-11-08","","91.95833333"
"CARVAJAL - SEVILLANA","2016-11-07","","45.20833333"
"CARVAJAL - SEVILLANA","2016-11-06","","49.33333333"
"CARVAJAL - SEVILLANA","2016-11-05","","71.0"
"CARVAJAL - SEVILLANA","2016-11-04","","77.54166667"
"CARVAJAL - SEVILLANA","2016-11-03","","88.125"
"CARVAJAL - SEVILLANA","2016-11-02","","77.41666667"
"CARVAJAL - SEVILLANA","2016-11-01","","91.625"
"CARVAJAL - SEVILLANA","2016-10-31","","107.91666667"
"CARVAJAL - SEVILLANA","2016-10-30","","69.66666667"
"CARVAJAL - SEVILLANA","2016-10-29","","75.70833333"
"CARVAJAL - SEVILLANA","2016-10-28","","96.83333333"
"CARVAJAL - SEVILLANA","2016-10-27","","88.58333333"
"CARVAJAL - SEVILLANA","2016-10-26","","65.29166667"
"CARVAJAL - SEVILLANA","2016-10-25","","74.29166667"
"CARVAJAL - SEVILLANA","2016-10-24","","78.91666667"
"CARVAJAL - SEVILLANA","2016-10-23","","47.625"
"CARVAJAL - SEVILLANA","2016-10-22","","77.66666667"
"CARVAJAL - SEVILLANA","2016-10-21","","111.54166667"
"CARVAJAL - SEVILLANA","2016-10-20","","80.56521739"
"CARVAJAL - SEVILLANA","2016-10-19","","80.125"
"CARVAJAL - SEVILLANA","2016-10-18","","62.75"
"CARVAJAL - SEVILLANA","2016-10-17","","47.16666667"
"CARVAJAL - SEVILLANA","2016-10-16","","42.45833333"
"CARVAJAL - SEVILLANA","2016-10-15","","55.83333333"
"CARVAJAL - SEVILLANA","2016-10-14","","79.79166667"
"CARVAJAL - SEVILLANA","2016-10-13","","87.45833333"
"CARVAJAL - SEVILLANA","2016-10-12","","73.29166667"
"CARVAJAL - SEVILLANA","2016-10-11","","73.79166667"
"CARVAJAL - SEVILLANA","2016-10-10","","59.95833333"
"CARVAJAL - SEVILLANA","2016-10-09","","51.29166667"
"CARVAJAL - SEVILLANA","2016-10-08","","67.33333333"
"CARVAJAL - SEVILLANA","2016-10-07","","86.58333333"
"CARVAJAL - SEVILLANA","2016-10-06","","69.75"
"CARVAJAL - SEVILLANA","2016-10-05","","66.375"
"CARVAJAL - SEVILLANA","2016-10-04","","83.66666667"
"CARVAJAL - SEVILLANA","2016-10-03","","63.33333333"
"CARVAJAL - SEVILLANA","2016-10-02","","30.66666667"
"CARVAJAL - SEVILLANA","2016-10-01","","43.875"
"CARVAJAL - SEVILLANA","2016-09-30","","88.41666667"
"CARVAJAL - SEVILLANA","2016-09-29","","85.625"
"CARVAJAL - SEVILLANA","2016-09-28","","80.29166667"
"CARVAJAL - SEVILLANA","2016-09-27","","70.16666667"
"CARVAJAL - SEVILLANA","2016-09-26","","69.5"
"CARVAJAL - SEVILLANA","2016-09-25","","35.16666667"
"CARVAJAL - SEVILLANA","2016-09-24","","55.58333333"
"CARVAJAL - SEVILLANA","2016-09-23","","69.16666667"
"CARVAJAL - SEVILLANA","2016-09-22","","76.79166667"
"CARVAJAL - SEVILLANA","2016-09-21","","45.375"
"CARVAJAL - SEVILLANA","2016-09-20","","57.5"
"CARVAJAL - SEVILLANA","2016-09-19","","57.45833333"
"CARVAJAL - SEVILLANA","2016-09-18","","41.33333333"
"CARVAJAL - SEVILLANA","2016-09-17","","69.83333333"
"CARVAJAL - SEVILLANA","2016-09-16","","99.375"
"CARVAJAL - SEVILLANA","2016-09-15","","76.375"
"CARVAJAL - SEVILLANA","2016-09-14","","72.13043478"
"CARVAJAL - SEVILLANA","2016-09-13","","88.08333333"
"CARVAJAL - SEVILLANA","2016-09-12","","60.08333333"
"CARVAJAL - SEVILLANA","2016-09-11","","37.25"
"CARVAJAL - SEVILLANA","2016-09-10","","56.91666667"
"CARVAJAL - SEVILLANA","2016-09-09","","77.5"
"CARVAJAL - SEVILLANA","2016-09-08","","86.29166667"
"CARVAJAL - SEVILLANA","2016-09-07","","68.70833333"
"CARVAJAL - SEVILLANA","2016-09-06","","66.16666667"
"CARVAJAL - SEVILLANA","2016-09-05","","52.79166667"
"CARVAJAL - SEVILLANA","2016-09-04","","47.60416667"
"CARVAJAL - SEVILLANA","2016-09-03","","76.5"
"CARVAJAL - SEVILLANA","2016-09-02","","89.5"
"CARVAJAL - SEVILLANA","2016-09-01","","63.09583333"
"CARVAJAL - SEVILLANA","2016-08-31","","69.08333333"
"CARVAJAL - SEVILLANA","2016-08-30","","65.91666667"
"CARVAJAL - SEVILLANA","2016-08-29","","86.10416667"
"CARVAJAL - SEVILLANA","2016-08-28","","39.95833333"
"CARVAJAL - SEVILLANA","2016-08-27","","76.20833333"
"CARVAJAL - SEVILLANA","2016-08-26","","77.95833333"
"CARVAJAL - SEVILLANA","2016-08-25","","81.0"
"CARVAJAL - SEVILLANA","2016-08-24","","95.46086957"
"CARVAJAL - SEVILLANA","2016-08-23","","78.41666667"
"CARVAJAL - SEVILLANA","2016-08-22","","56.7826087"
"CARVAJAL - SEVILLANA","2016-08-21","","45.69565217"
"CARVAJAL - SEVILLANA","2016-08-20","","90.33333333"
"CARVAJAL - SEVILLANA","2016-08-19","","96.375"
"CARVAJAL - SEVILLANA","2016-08-18","","70.24782609"
"CARVAJAL - SEVILLANA","2016-08-17","","87.15"
"CARVAJAL - SEVILLANA","2016-08-16","","71.54166667"
"CARVAJAL - SEVILLANA","2016-08-15","","36.875"
"CARVAJAL - SEVILLANA","2016-08-14","","40.83333333"
"CARVAJAL - SEVILLANA","2016-08-13","","57.29166667"
"CARVAJAL - SEVILLANA","2016-08-12","","87.475"
"CARVAJAL - SEVILLANA","2016-08-11","","64.08333333"
"CARVAJAL - SEVILLANA","2016-08-10","","56.47826087"
"CARVAJAL - SEVILLANA","2016-08-09","","63.58333333"
"CARVAJAL - SEVILLANA","2016-08-08","","60.54166667"
"CARVAJAL - SEVILLANA","2016-08-07","","40.625"
"CARVAJAL - SEVILLANA","2016-08-06","","78.125"
"CARVAJAL - SEVILLANA","2016-08-05","","80.25"
"CARVAJAL - SEVILLANA","2016-08-04","","60.25"
"CARVAJAL - SEVILLANA","2016-08-03","","61.625"
"CARVAJAL - SEVILLANA","2016-08-02","","54.43333333"
"CARVAJAL - SEVILLANA","2016-08-01","","60.3375"
"CARVAJAL - SEVILLANA","2016-07-31","","44.5"
"CARVAJAL - SEVILLANA","2016-07-30","","67.58333333"
"CARVAJAL - SEVILLANA","2016-07-29","","66.125"
"CARVAJAL - SEVILLANA","2016-07-28","","56.41666667"
"CARVAJAL - SEVILLANA","2016-07-27","","63.16666667"
"CARVAJAL - SEVILLANA","2016-07-26","","78.33333333"
"CARVAJAL - SEVILLANA","2016-07-25","","66.58333333"
"CARVAJAL - SEVILLANA","2016-07-24","","58.70833333"
"CARVAJAL - SEVILLANA","2016-07-23","","62.15416667"
"CARVAJAL - SEVILLANA","2016-07-22","","66.04166667"
"CARVAJAL - SEVILLANA","2016-07-21","","66.83333333"
"CARVAJAL - SEVILLANA","2016-07-20","","37.79166667"
"CARVAJAL - SEVILLANA","2016-07-19","","76.91666667"
"CARVAJAL - SEVILLANA","2016-07-18","","66.66666667"
"CARVAJAL - SEVILLANA","2016-07-17","","39.70833333"
"CARVAJAL - SEVILLANA","2016-07-16","","67.20833333"
"CARVAJAL - SEVILLANA","2016-07-15","","65.83333333"
"CARVAJAL - SEVILLANA","2016-07-14","","77.875"
"CARVAJAL - SEVILLANA","2016-07-13","","72.57142857"
"CARVAJAL - SEVILLANA","2016-07-06","","28.74"
"CARVAJAL - SEVILLANA","2016-07-05","","57.64347826"
"CARVAJAL - SEVILLANA","2016-07-04","","34.84583333"
"CARVAJAL - SEVILLANA","2016-07-03","","34.65652174"
"CARVAJAL - SEVILLANA","2016-07-02","","48.95833333"
"CARVAJAL - SEVILLANA","2016-07-01","","46.5"
"CARVAJAL - SEVILLANA","2016-06-30","","56.7375"
"CARVAJAL - SEVILLANA","2016-06-29","","58.58333333"
"CARVAJAL - SEVILLANA","2016-06-28","","57.17391304"
"CARVAJAL - SEVILLANA","2016-06-27","","67.59130435"
"CARVAJAL - SEVILLANA","2016-06-26","","40.32272727"
"CARVAJAL - SEVILLANA","2016-06-25","","62.0"
"CARVAJAL - SEVILLANA","2016-06-24","","59.91666667"
"CARVAJAL - SEVILLANA","2016-06-23","","61.19583333"
"CARVAJAL - SEVILLANA","2016-06-22","","66.45833333"
"CARVAJAL - SEVILLANA","2016-06-21","","55.13043478"
"CARVAJAL - SEVILLANA","2016-06-20","","55.58333333"
"CARVAJAL - SEVILLANA","2016-06-19","","39.25"
"CARVAJAL - SEVILLANA","2016-06-18","","62.66666667"
"CARVAJAL - SEVILLANA","2016-06-17","","65.28695652"
"CARVAJAL - SEVILLANA","2016-06-16","","67.375"
"CARVAJAL - SEVILLANA","2016-06-15","","65.15"
"CARVAJAL - SEVILLANA","2016-06-14","","61.91666667"
"CARVAJAL - SEVILLANA","2016-06-13","","61.69565217"
"CARVAJAL - SEVILLANA","2016-06-12","","46.5173913"
"CARVAJAL - SEVILLANA","2016-06-11","","63.45833333"
"CARVAJAL - SEVILLANA","2016-06-10","","76.20833333"
"CARVAJAL - SEVILLANA","2016-06-09","","61.04166667"
"CARVAJAL - SEVILLANA","2016-06-08","","67.56521739"
"CARVAJAL - SEVILLANA","2016-06-07","","80.45833333"
"CARVAJAL - SEVILLANA","2016-06-06","","56.58333333"
"CARVAJAL - SEVILLANA","2016-06-05","","80.625"
"CARVAJAL - SEVILLANA","2016-06-04","","110.95652174"
"CARVAJAL - SEVILLANA","2016-06-03","","78.125"
"CARVAJAL - SEVILLANA","2016-06-02","","79.0"
"CARVAJAL - SEVILLANA","2016-06-01","","91.47826087"
"CARVAJAL - SEVILLANA","2016-05-31","","83.5"
"CARVAJAL - SEVILLANA","2016-05-30","","56.26521739"
"CARVAJAL - SEVILLANA","2016-05-29","","41.13043478"
"CARVAJAL - SEVILLANA","2016-05-28","","76.83333333"
"CARVAJAL - SEVILLANA","2016-05-27","","97.875"
"CARVAJAL - SEVILLANA","2016-05-26","","76.95238095"
"CARVAJAL - SEVILLANA","2016-05-25","","83.09090909"
"CARVAJAL - SEVILLANA","2016-05-24","","74.375"
"CARVAJAL - SEVILLANA","2016-05-23","","61.79166667"
"CARVAJAL - SEVILLANA","2016-05-22","","38.24583333"
"CARVAJAL - SEVILLANA","2016-05-21","","63.16666667"
"CARVAJAL - SEVILLANA","2016-05-20","","68.625"
"CARVAJAL - SEVILLANA","2016-05-19","","61.61304348"
"CARVAJAL - SEVILLANA","2016-05-18","","60.16666667"
"CARVAJAL - SEVILLANA","2016-05-17","","57.70833333"
"CARVAJAL - SEVILLANA","2016-05-16","","54.3625"
"CARVAJAL - SEVILLANA","2016-05-15","","37.41666667"
"CARVAJAL - SEVILLANA","2016-05-14","","72.91666667"
"CARVAJAL - SEVILLANA","2016-05-13","","85.48333333"
"CARVAJAL - SEVILLANA","2016-05-12","","89.375"
"CARVAJAL - SEVILLANA","2016-05-11","","96.125"
"CARVAJAL - SEVILLANA","2016-05-10","","66.2173913"
"CARVAJAL - SEVILLANA","2016-05-09","","30.04166667"
"CARVAJAL - SEVILLANA","2016-05-08","","48.16086957"
"CARVAJAL - SEVILLANA","2016-05-07","","60.40833333"
"CARVAJAL - SEVILLANA","2016-05-06","","71.66666667"
"CARVAJAL - SEVILLANA","2016-05-05","","88.08333333"
"CARVAJAL - SEVILLANA","2016-05-04","","95.125"
"CARVAJAL - SEVILLANA","2016-05-03","","102.26086957"
"CARVAJAL - SEVILLANA","2016-05-02","","62.875"
"CARVAJAL - SEVILLANA","2016-05-01","","42.54166667"
"CARVAJAL - SEVILLANA","2016-04-30","","67.91666667"
"CARVAJAL - SEVILLANA","2016-04-29","","62.43478261"
"CARVAJAL - SEVILLANA","2016-04-28","","67.89130435"
"CARVAJAL - SEVILLANA","2016-04-27","","65.66666667"
"CARVAJAL - SEVILLANA","2016-04-02","","70.0"
"CARVAJAL - SEVILLANA","2016-04-01","","85.6625"
"CARVAJAL - SEVILLANA","2016-03-31","","78.45833333"
"CARVAJAL - SEVILLANA","2016-03-30","","108.83333333"
"CARVAJAL - SEVILLANA","2016-03-29","","114.83333333"
"CARVAJAL - SEVILLANA","2016-03-28","","94.83333333"
"CARVAJAL - SEVILLANA","2016-03-27","","65.125"
"CARVAJAL - SEVILLANA","2016-03-26","","58.58333333"
"CARVAJAL - SEVILLANA","2016-03-25","","40.16666667"
"CARVAJAL - SEVILLANA","2016-03-24","","54.54166667"
"CARVAJAL - SEVILLANA","2016-03-23","","74.5"
"CARVAJAL - SEVILLANA","2016-03-22","","83.79090909"
"CARVAJAL - SEVILLANA","2016-03-21","","45.79583333"
"CARVAJAL - SEVILLANA","2016-03-20","","55.33333333"
"CARVAJAL - SEVILLANA","2016-03-19","","73.5"
"CARVAJAL - SEVILLANA","2016-03-18","","69.58333333"
"CARVAJAL - SEVILLANA","2016-03-17","","72.875"
"CARVAJAL - SEVILLANA","2016-03-16","","85.91666667"
"CARVAJAL - SEVILLANA","2016-03-15","","92.04166667"
"CARVAJAL - SEVILLANA","2016-03-14","","95.79166667"
"CARVAJAL - SEVILLANA","2016-03-13","","82.375"
"CARVAJAL - SEVILLANA","2016-03-12","","87.25"
"CARVAJAL - SEVILLANA","2016-03-11","","112.01666667"
"CARVAJAL - SEVILLANA","2016-03-10","","121.70833333"
"CARVAJAL - SEVILLANA","2016-03-09","","102.125"
"CARVAJAL - SEVILLANA","2016-03-08","","113.25"
"CARVAJAL - SEVILLANA","2016-03-07","","113.875"
"CARVAJAL - SEVILLANA","2016-03-06","","84.5"
"CARVAJAL - SEVILLANA","2016-03-05","","122.70833333"
"CARVAJAL - SEVILLANA","2016-03-04","","121.08333333"
"CARVAJAL - SEVILLANA","2016-03-03","","100.0"
"CARVAJAL - SEVILLANA","2016-03-02","","101.83333333"
"CARVAJAL - SEVILLANA","2016-03-01","","106.125"
"CARVAJAL - SEVILLANA","2016-02-29","","108.33333333"
"CARVAJAL - SEVILLANA","2016-02-28","","62.125"
"CARVAJAL - SEVILLANA","2016-02-27","","80.79166667"
"CARVAJAL - SEVILLANA","2016-02-26","","87.99166667"
"CARVAJAL - SEVILLANA","2016-02-25","","94.875"
"CARVAJAL - SEVILLANA","2016-02-24","","91.85555556"
"CARVAJAL - SEVILLANA","2016-02-23","","85.04347826"
"CARVAJAL - SEVILLANA","2016-02-22","","82.125"
"CARVAJAL - SEVILLANA","2016-02-21","","68.29166667"
"CARVAJAL - SEVILLANA","2016-02-20","","111.75"
"CARVAJAL - SEVILLANA","2016-02-19","","97.20833333"
"CARVAJAL - SEVILLANA","2016-02-18","","107.91666667"
"CARVAJAL - SEVILLANA","2016-02-17","","113.83333333"
"CARVAJAL - SEVILLANA","2016-02-16","","80.25"
"CARVAJAL - SEVILLANA","2016-02-15","","75.79166667"
"CARVAJAL - SEVILLANA","2016-02-14","","63.0"
"CARVAJAL - SEVILLANA","2016-02-13","","94.875"
"CARVAJAL - SEVILLANA","2016-02-12","","113.20833333"
"CARVAJAL - SEVILLANA","2016-02-11","","98.08333333"
"CARVAJAL - SEVILLANA","2016-02-10","","72.0"
"CARVAJAL - SEVILLANA","2016-02-09","","68.375"
"CARVAJAL - SEVILLANA","2016-02-08","","65.79166667"
"CARVAJAL - SEVILLANA","2016-02-07","","60.08333333"
"CARVAJAL - SEVILLANA","2016-02-06","","97.91666667"
"CARVAJAL - SEVILLANA","2016-02-05","","92.83333333"
"CARVAJAL - SEVILLANA","2016-02-04","","105.20833333"
"CARVAJAL - SEVILLANA","2016-02-03","","133.91666667"
"CARVAJAL - SEVILLANA","2016-02-02","","130.95652174"
"CARVAJAL - SEVILLANA","2016-02-01","","111.81304348"
"CARVAJAL - SEVILLANA","2016-01-31","","92.20833333"
"CARVAJAL - SEVILLANA","2016-01-30","","119.45833333"
"CARVAJAL - SEVILLANA","2016-01-29","","120.875"
"CARVAJAL - SEVILLANA","2016-01-28","","120.04166667"
"CARVAJAL - SEVILLANA","2016-01-27","","90.26086957"
"CARVAJAL - SEVILLANA","2016-01-26","","133.45833333"
"CARVAJAL - SEVILLANA","2016-01-25","","106.75"
"CARVAJAL - SEVILLANA","2016-01-24","","76.25"
"CARVAJAL - SEVILLANA","2016-01-23","","123.04166667"
"CARVAJAL - SEVILLANA","2016-01-22","","130.95652174"
"CARVAJAL - SEVILLANA","2016-01-21","","133.16666667"
"CARVAJAL - SEVILLANA","2016-01-20","","137.91666667"
"CARVAJAL - SEVILLANA","2016-01-19","","102.66666667"
"CARVAJAL - SEVILLANA","2016-01-18","","114.54166667"
"CARVAJAL - SEVILLANA","2016-01-17","","76.04166667"
"CARVAJAL - SEVILLANA","2016-01-16","","101.75"
"CARVAJAL - SEVILLANA","2016-01-15","","121.79166667"
"CARVAJAL - SEVILLANA","2016-01-14","","118.41666667"
"CARVAJAL - SEVILLANA","2016-01-13","","101.125"
"CARVAJAL - SEVILLANA","2016-01-12","","94.54166667"
"CARVAJAL - SEVILLANA","2016-01-11","","64.16666667"
"CARVAJAL - SEVILLANA","2016-01-10","","57.125"
"CARVAJAL - SEVILLANA","2016-01-09","","79.08333333"
"CARVAJAL - SEVILLANA","2016-01-08","","72.83333333"
"CARVAJAL - SEVILLANA","2016-01-07","","89.17083333"
"CARVAJAL - SEVILLANA","2016-01-06","","93.04166667"
"CARVAJAL - SEVILLANA","2016-01-05","","89.5"
"CARVAJAL - SEVILLANA","2016-01-04","","76.125"
"CARVAJAL - SEVILLANA","2016-01-03","","46.70833333"
"CARVAJAL - SEVILLANA","2016-01-02","","34.25"
"CARVAJAL - SEVILLANA","2016-01-01","","32.08695652"
"CARVAJAL - SEVILLANA","2015-12-31","","40.91304348"
"CARVAJAL - SEVILLANA","2015-12-30","","63.04166667"
"CARVAJAL - SEVILLANA","2015-12-29","","57.875"
"CARVAJAL - SEVILLANA","2015-12-28","","75.04166667"
"CARVAJAL - SEVILLANA","2015-12-27","","65.625"
"CARVAJAL - SEVILLANA","2015-12-26","","55.66666667"
"CARVAJAL - SEVILLANA","2015-12-25","","37.33333333"
"CARVAJAL - SEVILLANA","2015-12-24","","58.30434783"
"CARVAJAL - SEVILLANA","2015-12-23","","76.0"
"CARVAJAL - SEVILLANA","2015-12-22","","81.0"
"CARVAJAL - SEVILLANA","2015-12-21","","57.04166667"
"CARVAJAL - SEVILLANA","2015-12-20","","46.125"
"CARVAJAL - SEVILLANA","2015-12-19","","62.33333333"
"CARVAJAL - SEVILLANA","2015-12-18","","80.79166667"
"CARVAJAL - SEVILLANA","2015-12-17","","91.375"
"CARVAJAL - SEVILLANA","2015-12-16","","97.91666667"
"CARVAJAL - SEVILLANA","2015-12-15","","105.04166667"
"CARVAJAL - SEVILLANA","2015-12-14","","100.2"
"CARVAJAL - SEVILLANA","2015-12-13","","64.58333333"
"CARVAJAL - SEVILLANA","2015-12-12","","109.45833333"
"CARVAJAL - SEVILLANA","2015-12-11","","109.08333333"
"CARVAJAL - SEVILLANA","2015-12-10","","88.5"
"CARVAJAL - SEVILLANA","2015-12-09","","97.16666667"
"CARVAJAL - SEVILLANA","2015-12-08","","74.29166667"
"CARVAJAL - SEVILLANA","2015-12-07","","105.04166667"
"CARVAJAL - SEVILLANA","2015-12-06","","58.70833333"
"CARVAJAL - SEVILLANA","2015-12-05","","80.25"
"CARVAJAL - SEVILLANA","2015-12-04","","92.625"
"CARVAJAL - SEVILLANA","2015-12-03","","74.95833333"
"CARVAJAL - SEVILLANA","2015-12-02","","81.79166667"
"CARVAJAL - SEVILLANA","2015-12-01","","82.16666667"
"CARVAJAL - SEVILLANA","2015-11-30","","93.66666667"
"CARVAJAL - SEVILLANA","2015-11-29","","69.41666667"
"CARVAJAL - SEVILLANA","2015-11-28","","101.33333333"
"CARVAJAL - SEVILLANA","2015-11-27","","122.70833333"
"CARVAJAL - SEVILLANA","2015-11-26","","92.70833333"
"CARVAJAL - SEVILLANA","2015-11-25","","112.20833333"
"CARVAJAL - SEVILLANA","2015-11-24","","92.83333333"
"CARVAJAL - SEVILLANA","2015-11-23","","92.0"
"CARVAJAL - SEVILLANA","2015-11-22","","59.75"
"CARVAJAL - SEVILLANA","2015-11-21","","81.20833333"
"CARVAJAL - SEVILLANA","2015-11-20","","114.45833333"
"CARVAJAL - SEVILLANA","2015-11-19","","90.95833333"
"CARVAJAL - SEVILLANA","2015-11-18","","97.625"
"CARVAJAL - SEVILLANA","2015-11-17","","105.16666667"
"CARVAJAL - SEVILLANA","2015-11-16","","56.375"
"CARVAJAL - SEVILLANA","2015-11-15","","55.625"
"CARVAJAL - SEVILLANA","2015-11-14","","105.95833333"
"CARVAJAL - SEVILLANA","2015-11-13","","140.08333333"
"CARVAJAL - SEVILLANA","2015-11-12","","137.375"
"CARVAJAL - SEVILLANA","2015-11-11","","123.0"
"CARVAJAL - SEVILLANA","2015-11-10","","131.04166667"
"CARVAJAL - SEVILLANA","2015-11-09","","132.75"
"CARVAJAL - SEVILLANA","2015-11-08","","65.125"
"CARVAJAL - SEVILLANA","2015-11-07","","47.5"
"CARVAJAL - SEVILLANA","2015-11-06","","75.25"
"CARVAJAL - SEVILLANA","2015-11-05","","83.20833333"
"CARVAJAL - SEVILLANA","2015-11-04","","140.04166667"
"CARVAJAL - SEVILLANA","2015-11-03","","103.41666667"
"CARVAJAL - SEVILLANA","2015-11-02","","57.66666667"
"CARVAJAL - SEVILLANA","2015-11-01","","39.5"
"CARVAJAL - SEVILLANA","2015-10-31","","108.91666667"
"CARVAJAL - SEVILLANA","2015-10-30","","124.16666667"
"CARVAJAL - SEVILLANA","2015-10-29","","126.125"
"CARVAJAL - SEVILLANA","2015-10-28","","125.41666667"
"CARVAJAL - SEVILLANA","2015-10-27","","106.29166667"
"CARVAJAL - SEVILLANA","2015-10-26","","126.0"
"CARVAJAL - SEVILLANA","2015-10-25","","50.625"
"CARVAJAL - SEVILLANA","2015-10-24","","117.70833333"
"CARVAJAL - SEVILLANA","2015-10-23","","113.91304348"
"CARVAJAL - SEVILLANA","2015-10-22","","142.29166667"
"CARVAJAL - SEVILLANA","2015-10-21","","104.25"
"CARVAJAL - SEVILLANA","2015-10-20","","98.625"
"CARVAJAL - SEVILLANA","2015-10-19","","151.54166667"
"CARVAJAL - SEVILLANA","2015-10-18","","67.625"
"CARVAJAL - SEVILLANA","2015-10-17","","106.34782609"
"CARVAJAL - SEVILLANA","2015-10-16","","135.16666667"
"CARVAJAL - SEVILLANA","2015-10-15","","87.66666667"
"CARVAJAL - SEVILLANA","2015-10-14","","70.54166667"
"CARVAJAL - SEVILLANA","2015-10-13","","91.95833333"
"CARVAJAL - SEVILLANA","2015-10-12","","66.58333333"
"CARVAJAL - SEVILLANA","2015-10-11","","60.25"
"CARVAJAL - SEVILLANA","2015-10-10","","96.91666667"
"CARVAJAL - SEVILLANA","2015-10-09","","114.45833333"
"CARVAJAL - SEVILLANA","2015-10-08","","87.91666667"
"CARVAJAL - SEVILLANA","2015-10-07","","102.375"
"CARVAJAL - SEVILLANA","2015-10-06","","121.54166667"
"CARVAJAL - SEVILLANA","2015-10-05","","94.69565217"
"CARVAJAL - SEVILLANA","2015-10-04","","54.04166667"
"CARVAJAL - SEVILLANA","2015-10-03","","76.20833333"
"CARVAJAL - SEVILLANA","2015-10-02","","82.70833333"
"CARVAJAL - SEVILLANA","2015-10-01","","92.95833333"
"CARVAJAL - SEVILLANA","2015-09-30","","96.17391304"
"CARVAJAL - SEVILLANA","2015-09-29","","101.0"
"CARVAJAL - SEVILLANA","2015-09-28","","111.81818182"
"CARVAJAL - SEVILLANA","2015-09-27","","57.75"
"CARVAJAL - SEVILLANA","2015-09-26","","93.16666667"
"CARVAJAL - SEVILLANA","2015-09-25","","112.41666667"
"CARVAJAL - SEVILLANA","2015-09-24","","88.625"
"CARVAJAL - SEVILLANA","2015-09-23","","87.95833333"
"CARVAJAL - SEVILLANA","2015-09-22","","81.82608696"
"CARVAJAL - SEVILLANA","2015-09-21","","86.04166667"
"CARVAJAL - SEVILLANA","2015-09-20","","49.54166667"
"CARVAJAL - SEVILLANA","2015-09-19","","111.125"
"CARVAJAL - SEVILLANA","2015-09-18","","125.5"
"CARVAJAL - SEVILLANA","2015-09-17","","141.16666667"
"CARVAJAL - SEVILLANA","2015-09-16","","120.25"
"CARVAJAL - SEVILLANA","2015-09-15","","106.08333333"
"CARVAJAL - SEVILLANA","2015-09-14","","93.5"
"CARVAJAL - SEVILLANA","2015-09-13","","70.56521739"
"CARVAJAL - SEVILLANA","2015-09-12","","78.41666667"
"CARVAJAL - SEVILLANA","2015-09-11","","96.95652174"
"CARVAJAL - SEVILLANA","2015-09-10","","104.07692308"
"CARVAJAL - SEVILLANA","2015-09-07","","66.83333333"
"CARVAJAL - SEVILLANA","2015-09-06","","45.83333333"
"CARVAJAL - SEVILLANA","2015-09-05","","97.65217391"
"CARVAJAL - SEVILLANA","2015-09-04","","117.08333333"
"CARVAJAL - SEVILLANA","2015-09-03","","106.20833333"
"CARVAJAL - SEVILLANA","2015-09-02","","99.17391304"
"CARVAJAL - SEVILLANA","2015-09-01","","79.04166667"
"CARVAJAL - SEVILLANA","2015-08-31","","79.83333333"
"CARVAJAL - SEVILLANA","2015-08-30","","40.58333333"
"CARVAJAL - SEVILLANA","2015-08-29","","72.26086957"
"CARVAJAL - SEVILLANA","2015-08-28","","81.79166667"
"CARVAJAL - SEVILLANA","2015-08-27","","105.95833333"
"CARVAJAL - SEVILLANA","2015-08-26","","105.5"
"CARVAJAL - SEVILLANA","2015-08-25","","81.41666667"
"CARVAJAL - SEVILLANA","2015-08-24","","77.70833333"
"CARVAJAL - SEVILLANA","2015-08-23","","68.16666667"
"CARVAJAL - SEVILLANA","2015-08-22","","91.26086957"
"CARVAJAL - SEVILLANA","2015-08-21","","111.7826087"
"CARVAJAL - SEVILLANA","2015-08-20","","98.33333333"
"CARVAJAL - SEVILLANA","2015-08-19","","112.63636364"
"CARVAJAL - SEVILLANA","2015-08-18","","93.125"
"CARVAJAL - SEVILLANA","2015-08-17","","47.95833333"
"CARVAJAL - SEVILLANA","2015-08-16","","42.625"
"CARVAJAL - SEVILLANA","2015-08-15","","56.625"
"CARVAJAL - SEVILLANA","2015-08-14","","83.83333333"
"CARVAJAL - SEVILLANA","2015-08-13","","74.79166667"
"CARVAJAL - SEVILLANA","2015-08-12","","74.16666667"
"CARVAJAL - SEVILLANA","2015-08-11","","74.625"
"CARVAJAL - SEVILLANA","2015-08-10","","85.79166667"
"CARVAJAL - SEVILLANA","2015-08-09","","49.41666667"
"CARVAJAL - SEVILLANA","2015-08-08","","64.29166667"
"CARVAJAL - SEVILLANA","2015-08-07","","54.75"
"CARVAJAL - SEVILLANA","2015-08-06","","82.16666667"
"CARVAJAL - SEVILLANA","2015-08-05","","82.54166667"
"CARVAJAL - SEVILLANA","2015-08-04","","76.0"
"CARVAJAL - SEVILLANA","2015-08-03","","85.54166667"
"CARVAJAL - SEVILLANA","2015-08-02","","46.29166667"
"CARVAJAL - SEVILLANA","2015-08-01","","86.625"
"CARVAJAL - SEVILLANA","2015-07-31","","107.16666667"
"CARVAJAL - SEVILLANA","2015-07-30","","74.58333333"
"CARVAJAL - SEVILLANA","2015-07-29","","65.625"
"CARVAJAL - SEVILLANA","2015-07-28","","75.52380952"
"CARVAJAL - SEVILLANA","2015-07-27","","77.0"
"CARVAJAL - SEVILLANA","2015-07-26","","59.66666667"
"CARVAJAL - SEVILLANA","2015-07-25","","89.70833333"
"CARVAJAL - SEVILLANA","2015-07-24","","91.52173913"
"CARVAJAL - SEVILLANA","2015-07-23","","89.25"
"CARVAJAL - SEVILLANA","2015-07-22","","92.41666667"
"CARVAJAL - SEVILLANA","2015-07-21","","69.70833333"
"CARVAJAL - SEVILLANA","2015-07-20","","38.79166667"
"CARVAJAL - SEVILLANA","2015-07-19","","41.08333333"
"CARVAJAL - SEVILLANA","2015-07-18","","64.625"
"CARVAJAL - SEVILLANA","2015-07-17","","84.625"
"CARVAJAL - SEVILLANA","2015-07-16","","95.375"
"CARVAJAL - SEVILLANA","2015-07-15","","75.29166667"
"CARVAJAL - SEVILLANA","2015-07-14","","93.20833333"
"CARVAJAL - SEVILLANA","2015-07-13","","94.375"
"CARVAJAL - SEVILLANA","2015-07-12","","45.83333333"
"CARVAJAL - SEVILLANA","2015-07-11","","74.65217391"
"CARVAJAL - SEVILLANA","2015-07-10","","87.125"
"CARVAJAL - SEVILLANA","2015-07-09","","117.29166667"
"CARVAJAL - SEVILLANA","2015-07-08","","91.16666667"
"CARVAJAL - SEVILLANA","2015-07-07","","122.29166667"
"CARVAJAL - SEVILLANA","2015-07-06","","92.54166667"
"CARVAJAL - SEVILLANA","2015-07-05","","51.66666667"
"CARVAJAL - SEVILLANA","2015-07-04","","70.91666667"
"CARVAJAL - SEVILLANA","2015-07-03","","124.5"
"CARVAJAL - SEVILLANA","2015-07-02","","110.91666667"
"CARVAJAL - SEVILLANA","2015-07-01","","101.41666667"
"CARVAJAL - SEVILLANA","2015-06-30","","162.39130435"
"CARVAJAL - SEVILLANA","2015-06-29","","52.70833333"
"CARVAJAL - SEVILLANA","2015-06-28","","38.91666667"
"CARVAJAL - SEVILLANA","2015-06-27","","43.91666667"
"CARVAJAL - SEVILLANA","2015-06-26","","55.20833333"
"CARVAJAL - SEVILLANA","2015-06-25","","64.95833333"
"CARVAJAL - SEVILLANA","2015-06-24","","81.39130435"
"CARVAJAL - SEVILLANA","2015-06-23","","62.82608696"
"CARVAJAL - SEVILLANA","2015-06-22","","92.39130435"
"CARVAJAL - SEVILLANA","2015-06-21","","47.33333333"
"CARVAJAL - SEVILLANA","2015-06-20","","85.17391304"
"CARVAJAL - SEVILLANA","2015-06-19","","65.45833333"
"CARVAJAL - SEVILLANA","2015-06-18","","65.70833333"
"CARVAJAL - SEVILLANA","2015-06-17","","77.5"
"CARVAJAL - SEVILLANA","2015-06-16","","106.875"
"CARVAJAL - SEVILLANA","2015-06-15","","38.58333333"
"CARVAJAL - SEVILLANA","2015-06-14","","60.54166667"
"CARVAJAL - SEVILLANA","2015-06-13","","89.79166667"
"CARVAJAL - SEVILLANA","2015-06-12","","109.33333333"
"CARVAJAL - SEVILLANA","2015-06-11","","74.625"
"CARVAJAL - SEVILLANA","2015-06-10","","83.79166667"
"CARVAJAL - SEVILLANA","2015-06-09","","77.23809524"
"CARVAJAL - SEVILLANA","2015-06-08","","44.04166667"
"CARVAJAL - SEVILLANA","2015-06-07","","66.04166667"
"CARVAJAL - SEVILLANA","2015-06-06","","67.04166667"
"CARVAJAL - SEVILLANA","2015-06-05","","74.16666667"
"CARVAJAL - SEVILLANA","2015-06-04","","75.25"
"CARVAJAL - SEVILLANA","2015-06-03","","78.08333333"
"CARVAJAL - SEVILLANA","2015-06-02","","77.29166667"
"CARVAJAL - SEVILLANA","2015-06-01","","65.41666667"
"CARVAJAL - SEVILLANA","2015-05-31","","52.75"
"CARVAJAL - SEVILLANA","2015-05-30","","84.95833333"
"CARVAJAL - SEVILLANA","2015-05-29","","67.70833333"
"CARVAJAL - SEVILLANA","2015-05-28","","74.0"
"CARVAJAL - SEVILLANA","2015-05-27","","90.125"
"CARVAJAL - SEVILLANA","2015-05-26","","80.18181818"
"CARVAJAL - SEVILLANA","2015-05-25","","69.29166667"
"CARVAJAL - SEVILLANA","2015-05-24","","49.125"
"CARVAJAL - SEVILLANA","2015-05-23","","80.58333333"
"CARVAJAL - SEVILLANA","2015-05-22","","90.70833333"
"CARVAJAL - SEVILLANA","2015-05-21","","95.20833333"
"CARVAJAL - SEVILLANA","2015-05-20","","80.45833333"
"CARVAJAL - SEVILLANA","2015-05-19","","84.41666667"
"CARVAJAL - SEVILLANA","2015-05-18","","44.375"
"CARVAJAL - SEVILLANA","2015-05-17","","40.91304348"
"CARVAJAL - SEVILLANA","2015-05-16","","69.95833333"
"CARVAJAL - SEVILLANA","2015-05-15","","81.40909091"
"CARVAJAL - SEVILLANA","2015-05-14","","85.70833333"
"CARVAJAL - SEVILLANA","2015-05-13","","80.875"
"CARVAJAL - SEVILLANA","2015-05-12","","72.56521739"
"CARVAJAL - SEVILLANA","2015-05-11","","82.375"
"CARVAJAL - SEVILLANA","2015-05-10","","52.66666667"
"CARVAJAL - SEVILLANA","2015-05-09","","64.91666667"
"CARVAJAL - SEVILLANA","2015-05-08","","77.66666667"
"CARVAJAL - SEVILLANA","2015-05-07","","99.91304348"
"CARVAJAL - SEVILLANA","2015-05-06","","116.08333333"
"CARVAJAL - SEVILLANA","2015-05-05","","115.91666667"
"CARVAJAL - SEVILLANA","2015-05-04","","107.08333333"
"CARVAJAL - SEVILLANA","2015-05-03","","72.375"
"CARVAJAL - SEVILLANA","2015-05-02","","111.04166667"
"CARVAJAL - SEVILLANA","2015-05-01","","87.86956522"
"CARVAJAL - SEVILLANA","2015-04-30","","101.66666667"
"CARVAJAL - SEVILLANA","2015-04-29","","93.52173913"
"CARVAJAL - SEVILLANA","2015-04-28","","73.83333333"
"CARVAJAL - SEVILLANA","2015-04-27","","69.58333333"
"CARVAJAL - SEVILLANA","2015-04-26","","43.95833333"
"CARVAJAL - SEVILLANA","2015-04-25","","80.58333333"
"CARVAJAL - SEVILLANA","2015-04-24","","102.54166667"
"CARVAJAL - SEVILLANA","2015-04-23","","124.54166667"
"CARVAJAL - SEVILLANA","2015-04-22","","135.75"
"CARVAJAL - SEVILLANA","2015-04-21","","107.16666667"
"CARVAJAL - SEVILLANA","2015-04-20","","87.29166667"
"CARVAJAL - SEVILLANA","2015-04-19","","48.66666667"
"CARVAJAL - SEVILLANA","2015-04-18","","65.31578947"
"CARVAJAL - SEVILLANA","2015-04-16","","68.0"
"CARVAJAL - SEVILLANA","2015-04-15","","87.77272727"
"CARVAJAL - SEVILLANA","2015-04-14","","83.75"
"CARVAJAL - SEVILLANA","2015-04-13","","83.91666667"
"CARVAJAL - SEVILLANA","2015-04-12","","50.95833333"
"CARVAJAL - SEVILLANA","2015-04-11","","89.83333333"
"CARVAJAL - SEVILLANA","2015-04-10","","127.0"
"CARVAJAL - SEVILLANA","2015-04-09","","126.125"
"CARVAJAL - SEVILLANA","2015-04-08","","114.66666667"
"CARVAJAL - SEVILLANA","2015-04-07","","116.25"
"CARVAJAL - SEVILLANA","2015-04-06","","112.95833333"
"CARVAJAL - SEVILLANA","2015-04-05","","49.58333333"
"CARVAJAL - SEVILLANA","2015-04-04","","47.58333333"
"CARVAJAL - SEVILLANA","2015-04-03","","35.33333333"
"CARVAJAL - SEVILLANA","2015-04-02","","73.58333333"
"CARVAJAL - SEVILLANA","2015-04-01","","134.58333333"
"CARVAJAL - SEVILLANA","2015-03-31","","126.45833333"
"CARVAJAL - SEVILLANA","2015-03-30","","100.54166667"
"CARVAJAL - SEVILLANA","2015-03-29","","65.58333333"
"CARVAJAL - SEVILLANA","2015-03-28","","123.58333333"
"CARVAJAL - SEVILLANA","2015-03-27","","130.79166667"
"CARVAJAL - SEVILLANA","2015-03-26","","117.29166667"
"CARVAJAL - SEVILLANA","2015-03-25","","132.26086957"
"CARVAJAL - SEVILLANA","2015-03-24","","121.70833333"
"CARVAJAL - SEVILLANA","2015-03-23","","64.83333333"
"CARVAJAL - SEVILLANA","2015-03-22","","67.30434783"
"CARVAJAL - SEVILLANA","2015-03-21","","47.45833333"
"CARVAJAL - SEVILLANA","2015-03-20","","70.16666667"
"CARVAJAL - SEVILLANA","2015-03-19","","95.08333333"
"CARVAJAL - SEVILLANA","2015-03-18","","89.45833333"
"CARVAJAL - SEVILLANA","2015-03-17","","87.54166667"
"CARVAJAL - SEVILLANA","2015-03-16","","84.875"
"CARVAJAL - SEVILLANA","2015-03-15","","82.29166667"
"CARVAJAL - SEVILLANA","2015-03-14","","86.70833333"
"CARVAJAL - SEVILLANA","2015-03-13","","96.70833333"
"CARVAJAL - SEVILLANA","2015-03-12","","107.08333333"
"CARVAJAL - SEVILLANA","2015-03-11","","90.33333333"
"CARVAJAL - SEVILLANA","2015-03-10","","71.16666667"
"CARVAJAL - SEVILLANA","2015-03-09","","87.70833333"
"CARVAJAL - SEVILLANA","2015-03-08","","55.41666667"
"CARVAJAL - SEVILLANA","2015-03-07","","83.79166667"
"CARVAJAL - SEVILLANA","2015-03-06","","116.375"
"CARVAJAL - SEVILLANA","2015-03-05","","116.0"
"CARVAJAL - SEVILLANA","2015-03-04","","112.54166667"
"CARVAJAL - SEVILLANA","2015-03-03","","101.0"
"CARVAJAL - SEVILLANA","2015-03-02","","99.25"
"CARVAJAL - SEVILLANA","2015-03-01","","61.375"
"CARVAJAL - SEVILLANA","2015-02-28","","100.54166667"
"CARVAJAL - SEVILLANA","2015-02-27","","118.08333333"
"CARVAJAL - SEVILLANA","2015-02-26","","141.375"
"CARVAJAL - SEVILLANA","2015-02-25","","106.0"
"CARVAJAL - SEVILLANA","2015-02-24","","159.25"
"CARVAJAL - SEVILLANA","2015-02-23","","108.375"
"CARVAJAL - SEVILLANA","2015-02-22","","92.20833333"
"CARVAJAL - SEVILLANA","2015-02-21","","114.54166667"
"CARVAJAL - SEVILLANA","2015-02-20","","73.45833333"
"CARVAJAL - SEVILLANA","2015-02-19","","70.95833333"
"CARVAJAL - SEVILLANA","2015-02-18","","111.16666667"
"CARVAJAL - SEVILLANA","2015-02-17","","112.5"
"CARVAJAL - SEVILLANA","2015-02-16","","130.125"
"CARVAJAL - SEVILLANA","2015-02-15","","65.54166667"
"CARVAJAL - SEVILLANA","2015-02-14","","106.20833333"
"CARVAJAL - SEVILLANA","2015-02-13","","95.5"
"CARVAJAL - SEVILLANA","2015-02-12","","125.04166667"
"CARVAJAL - SEVILLANA","2015-02-11","","123.83333333"
"CARVAJAL - SEVILLANA","2015-02-10","","124.625"
"CARVAJAL - SEVILLANA","2015-02-09","","70.83333333"
"CARVAJAL - SEVILLANA","2015-02-08","","59.625"
"CARVAJAL - SEVILLANA","2015-02-07","","102.95833333"
"CARVAJAL - SEVILLANA","2015-02-06","","95.83333333"
"CARVAJAL - SEVILLANA","2015-02-05","","100.08333333"
"CARVAJAL - SEVILLANA","2015-02-04","","107.20833333"
"CARVAJAL - SEVILLANA","2015-02-03","","94.45833333"
"CARVAJAL - SEVILLANA","2015-02-02","","105.0"
"CARVAJAL - SEVILLANA","2015-01-31","","73.0"
"CARVAJAL - SEVILLANA","2015-01-30","","122.45833333"
"CARVAJAL - SEVILLANA","2015-01-29","","106.16666667"
"CARVAJAL - SEVILLANA","2015-01-28","","92.08333333"
"CARVAJAL - SEVILLANA","2015-01-27","","86.375"
"CARVAJAL - SEVILLANA","2015-01-26","","89.08333333"
"CARVAJAL - SEVILLANA","2015-01-25","","70.33333333"
"CARVAJAL - SEVILLANA","2015-01-24","","86.04166667"
"CARVAJAL - SEVILLANA","2015-01-23","","97.08333333"
"CARVAJAL - SEVILLANA","2015-01-22","","94.29166667"
"CARVAJAL - SEVILLANA","2015-01-21","","85.81818182"
"CARVAJAL - SEVILLANA","2015-01-20","","106.95833333"
"CARVAJAL - SEVILLANA","2015-01-19","","74.86956522"
"CARVAJAL - SEVILLANA","2015-01-18","","58.70833333"
"CARVAJAL - SEVILLANA","2015-01-17","","97.20833333"
"CARVAJAL - SEVILLANA","2015-01-16","","98.25"
"CARVAJAL - SEVILLANA","2015-01-15","","93.70833333"
"CARVAJAL - SEVILLANA","2015-01-14","","101.20833333"
"CARVAJAL - SEVILLANA","2015-01-13","","73.70833333"
"CARVAJAL - SEVILLANA","2015-01-12","","38.625"
"CARVAJAL - SEVILLANA","2015-01-11","","35.41666667"
"CARVAJAL - SEVILLANA","2015-01-10","","64.375"
"CARVAJAL - SEVILLANA","2015-01-09","","73.25"
"CARVAJAL - SEVILLANA","2015-01-08","","80.91666667"
"CARVAJAL - SEVILLANA","2015-01-07","","79.44444444"
"CARVAJAL - SEVILLANA","2015-01-06","","81.2"
"CARVAJAL - SEVILLANA","2015-01-05","","69.0"
"CARVAJAL - SEVILLANA","2015-01-04","","39.34782609"
"CARVAJAL - SEVILLANA","2015-01-03","","66.08333333"
"CARVAJAL - SEVILLANA","2015-01-02","","50.66666667"
"CARVAJAL - SEVILLANA","2015-01-01","","42.54166667"
"CARVAJAL - SEVILLANA","2014-12-31","","49.70833334"
"CARVAJAL - SEVILLANA","2014-12-30","","82.125"
"CARVAJAL - SEVILLANA","2014-12-29","","87.29365078"
"CARVAJAL - SEVILLANA","2014-12-28","","53.91666668"
"CARVAJAL - SEVILLANA","2014-12-27","","103.09027777"
"CARVAJAL - SEVILLANA","2014-12-26","","85.78787878"
"CARVAJAL - SEVILLANA","2014-12-25","","89.58730159"
"CARVAJAL - SEVILLANA","2014-12-24","","133.29166667"
"CARVAJAL - SEVILLANA","2014-12-23","","112.58333333"
"CARVAJAL - SEVILLANA","2014-12-22","","105.21014493"
"CARVAJAL - SEVILLANA","2014-12-21","","91.21666667"
"CARVAJAL - SEVILLANA","2014-12-20","","102.50000001"
"CARVAJAL - SEVILLANA","2014-12-19","","130.90277778"
"CARVAJAL - SEVILLANA","2014-12-18","","139.79545455"
"CARVAJAL - SEVILLANA","2014-12-17","","133.9375"
"CARVAJAL - SEVILLANA","2014-12-16","","110.49305556"
"CARVAJAL - SEVILLANA","2014-12-15","","108.28472222"
"CARVAJAL - SEVILLANA","2014-12-14","","52.09722222"
"CARVAJAL - SEVILLANA","2014-12-13","","122.95833333"
"CARVAJAL - SEVILLANA","2014-12-12","","92.98611111"
"CARVAJAL - SEVILLANA","2014-12-11","","74.26388889"
"CARVAJAL - SEVILLANA","2014-12-10","","74.21527778"
"CARVAJAL - SEVILLANA","2014-12-09","","67.18749999"
"CARVAJAL - SEVILLANA","2014-12-08","","98.96527779"
"CARVAJAL - SEVILLANA","2014-12-07","","96.52083333"
"CARVAJAL - SEVILLANA","2014-12-06","","89.69444444"
"CARVAJAL - SEVILLANA","2014-12-05","","120.44444444"
"CARVAJAL - SEVILLANA","2014-12-04","","120.64242424"
"CARVAJAL - SEVILLANA","2014-12-03","","96.70833333"
"CARVAJAL - SEVILLANA","2014-12-02","","100.46527778"
"CARVAJAL - SEVILLANA","2014-12-01","","93.625"
"CARVAJAL - SEVILLANA","2014-11-30","","64.83333334"
"CARVAJAL - SEVILLANA","2014-11-29","","110.10416668"
"CARVAJAL - SEVILLANA","2014-11-28","","117.11363636"
"CARVAJAL - SEVILLANA","2014-11-27","","127.46212121"
"CARVAJAL - SEVILLANA","2014-11-26","","117.15972222"
"CARVAJAL - SEVILLANA","2014-11-25","","105.28030304"
"CARVAJAL - SEVILLANA","2014-11-24","","89.99305555"
"CARVAJAL - SEVILLANA","2014-11-23","","63.40277778"
"CARVAJAL - SEVILLANA","2014-11-22","","116.45833333"
"CARVAJAL - SEVILLANA","2014-11-21","","77.31884057"
"CARVAJAL - SEVILLANA","2014-11-20","","91.25"
"CARVAJAL - SEVILLANA","2014-11-19","","86.20833333"
"CARVAJAL - SEVILLANA","2014-11-18","","99.6111111"
"CARVAJAL - SEVILLANA","2014-11-17","","55.125"
"CARVAJAL - SEVILLANA","2014-11-16","","54.28472223"
"CARVAJAL - SEVILLANA","2014-11-15","","95.1969697"
"CARVAJAL - SEVILLANA","2014-11-14","","46.75694445"
"CARVAJAL - SEVILLANA","2014-11-13","","64.07638889"
"CARVAJAL - SEVILLANA","2014-11-12","","67.62121212"
"CARVAJAL - SEVILLANA","2014-11-11","","51.53472222"
"CARVAJAL - SEVILLANA","2014-11-10","","70.00694445"
"CARVAJAL - SEVILLANA","2014-11-09","","51.04166668"
"CARVAJAL - SEVILLANA","2014-11-08","","101.11805557"
"CARVAJAL - SEVILLANA","2014-11-07","","110.875"
"CARVAJAL - SEVILLANA","2014-11-06","","130.12499999"
"CARVAJAL - SEVILLANA","2014-11-05","","97.11527778"
"CARVAJAL - SEVILLANA","2014-11-04","","124.48611111"
"CARVAJAL - SEVILLANA","2014-11-03","","69.05555555"
"CARVAJAL - SEVILLANA","2014-11-02","","68.95833333"
"CARVAJAL - SEVILLANA","2014-11-01","","96.53703704"
"CARVAJAL - SEVILLANA","2014-10-31","","121.73500001"
"CARVAJAL - SEVILLANA","2014-10-30","","133.85000001"
"CARVAJAL - SEVILLANA","2014-10-29","","136.14583334"
"CARVAJAL - SEVILLANA","2014-10-28","","151.0378788"
"CARVAJAL - SEVILLANA","2014-10-27","","67.90277778"
"CARVAJAL - SEVILLANA","2014-10-26","","43.83333333"
"CARVAJAL - SEVILLANA","2014-10-25","","100.47222222"
"CARVAJAL - SEVILLANA","2014-10-24","","127.53703703"
"CARVAJAL - SEVILLANA","2014-10-23","","132.95833333"
"CARVAJAL - SEVILLANA","2014-10-22","","77.44166668"
"CARVAJAL - SEVILLANA","2014-10-21","","110.85416667"
"CARVAJAL - SEVILLANA","2014-10-20","","101.38636364"
"CARVAJAL - SEVILLANA","2014-10-19","","40.30555557"
"CARVAJAL - SEVILLANA","2014-10-18","","81.03472221"
"CARVAJAL - SEVILLANA","2014-10-17","","88.32638888"
"CARVAJAL - SEVILLANA","2014-10-16","","108.54166668"
"CARVAJAL - SEVILLANA","2014-10-15","","106.15686274"
"CARVAJAL - SEVILLANA","2014-10-14","","116.22222221"
"CARVAJAL - SEVILLANA","2014-10-13","","40.20138888"
"CARVAJAL - SEVILLANA","2014-10-12","","54.86805557"
"CARVAJAL - SEVILLANA","2014-10-11","","108.65277778"
"CARVAJAL - SEVILLANA","2014-10-10","","129.01388889"
"CARVAJAL - SEVILLANA","2014-10-09","","71.64583333"
"CARVAJAL - SEVILLANA","2014-10-08","","104.84027777"
"CARVAJAL - SEVILLANA","2014-10-07","","88.33333333"
"CARVAJAL - SEVILLANA","2014-10-06","","97.06250001"
"CARVAJAL - SEVILLANA","2014-10-05","","66.29861112"
"CARVAJAL - SEVILLANA","2014-10-04","","83.22916667"
"CARVAJAL - SEVILLANA","2014-10-03","","86.5"
"CARVAJAL - SEVILLANA","2014-10-02","","89.25694445"
"CARVAJAL - SEVILLANA","2014-10-01","","87.81249999"
"CARVAJAL - SEVILLANA","2014-09-30","","101.81944444"
"CARVAJAL - SEVILLANA","2014-09-29","","106.54166666"
"CARVAJAL - SEVILLANA","2014-09-23","","78.66666665"
"CARVAJAL - SEVILLANA","2014-09-22","","89.5486111"
"CARVAJAL - SEVILLANA","2014-09-21","","47.02777778"
"CARVAJAL - SEVILLANA","2014-09-20","","80.28472223"
"CARVAJAL - SEVILLANA","2014-09-19","","89.95"
"CARVAJAL - SEVILLANA","2014-09-05","","114.23333334"
"CARVAJAL - SEVILLANA","2014-09-04","","90.9375"
"CARVAJAL - SEVILLANA","2014-09-03","","91.9375"
"CARVAJAL - SEVILLANA","2014-09-02","","102.38194444"
"CARVAJAL - SEVILLANA","2014-09-01","","76.36231883"
"CARVAJAL - SEVILLANA","2014-08-31","","59.99583334"
"CARVAJAL - SEVILLANA","2014-08-30","","107.70138888"
"CARVAJAL - SEVILLANA","2014-08-29","","103.13888888"
"CARVAJAL - SEVILLANA","2014-08-28","","103.47222222"
"CARVAJAL - SEVILLANA","2014-08-27","","69.31944445"
"CARVAJAL - SEVILLANA","2014-08-26","","88.6111111"
"CARVAJAL - SEVILLANA","2014-08-25","","82.9057971"
"CARVAJAL - SEVILLANA","2014-08-24","","65.85416666"
"CARVAJAL - SEVILLANA","2014-08-23","","96.13194444"
"CARVAJAL - SEVILLANA","2014-08-22","","104.5530303"
"CARVAJAL - SEVILLANA","2014-08-21","","100.69444445"
"CARVAJAL - SEVILLANA","2014-08-20","","102.33333332"
"CARVAJAL - SEVILLANA","2014-08-19","","94.22222223"
"CARVAJAL - SEVILLANA","2014-08-18","","42.94444444"
"CARVAJAL - SEVILLANA","2014-08-17","","51.78787879"
"CARVAJAL - SEVILLANA","2014-08-16","","74.25694444"
"CARVAJAL - SEVILLANA","2014-08-15","","100.97916666"
"CARVAJAL - SEVILLANA","2014-08-14","","93.68611112"
"CARVAJAL - SEVILLANA","2014-08-13","","92.92361111"
"CARVAJAL - SEVILLANA","2014-08-12","","95.89583333"
"CARVAJAL - SEVILLANA","2014-08-11","","110.98611111"
"CARVAJAL - SEVILLANA","2014-08-10","","58.75833333"
"CARVAJAL - SEVILLANA","2014-08-09","","85.04166666"
"CARVAJAL - SEVILLANA","2014-08-08","","78.96969697"
"CARVAJAL - SEVILLANA","2014-08-07","","63.35416667"
"CARVAJAL - SEVILLANA","2014-08-06","","80.34722221"
"CARVAJAL - SEVILLANA","2014-08-05","","108.94444444"
"CARVAJAL - SEVILLANA","2014-08-04","","105.42857143"
"CARVAJAL - SEVILLANA","2014-07-29","","146.01666667"
"CARVAJAL - SEVILLANA","2014-07-28","","82.57575758"
"CARVAJAL - SEVILLANA","2014-07-27","","56.34027778"
"CARVAJAL - SEVILLANA","2014-07-26","","70.25"
"CARVAJAL - SEVILLANA","2014-07-25","","77.78472222"
"CARVAJAL - SEVILLANA","2014-07-24","","82.0138889"
"CARVAJAL - SEVILLANA","2014-07-23","","85.69444444"
"CARVAJAL - SEVILLANA","2014-07-22","","79.38194444"
"CARVAJAL - SEVILLANA","2014-07-21","","85.34027777"
"CARVAJAL - SEVILLANA","2014-07-20","","50.09027778"
"CARVAJAL - SEVILLANA","2014-07-19","","68.0138889"
"CARVAJAL - SEVILLANA","2014-07-18","","87.84027778"
"CARVAJAL - SEVILLANA","2014-07-17","","96.74305556"
"CARVAJAL - SEVILLANA","2014-07-16","","87.90972222"
"CARVAJAL - SEVILLANA","2014-07-15","","86.77777778"
"CARVAJAL - SEVILLANA","2014-07-14","","74.6875"
"CARVAJAL - SEVILLANA","2014-07-13","","48.93055556"
"CARVAJAL - SEVILLANA","2014-07-12","","91.20138889"
"CARVAJAL - SEVILLANA","2014-07-11","","85.95833333"
"CARVAJAL - SEVILLANA","2014-07-10","","91.24305556"
"CARVAJAL - SEVILLANA","2014-07-09","","104.15789474"
"CARVAJAL - SEVILLANA","2014-07-08","","85.79166666"
"CARVAJAL - SEVILLANA","2014-07-07","","67.99305555"
"CARVAJAL - SEVILLANA","2014-07-06","","51.41666667"
"CARVAJAL - SEVILLANA","2014-07-05","","75.41666667"
"CARVAJAL - SEVILLANA","2014-07-04","","92.625"
"CARVAJAL - SEVILLANA","2014-07-03","","110.0"
"CARVAJAL - SEVILLANA","2014-07-02","","78.83333333"
"CARVAJAL - SEVILLANA","2014-07-01","","86.33333333"
"CARVAJAL - SEVILLANA","2014-06-30","","53.25"
"CARVAJAL - SEVILLANA","2014-06-29","","54.34782609"
"CARVAJAL - SEVILLANA","2014-06-28","","117.61904762"
"CARVAJAL - SEVILLANA","2014-06-27","","242.73913043"
"CARVAJAL - SEVILLANA","2014-06-26","","123.25"
"CARVAJAL - SEVILLANA","2014-06-25","","76.93181818"
"CARVAJAL - SEVILLANA","2014-06-24","","67.91000001"
"CARVAJAL - SEVILLANA","2014-06-23","","35.84722223"
"CARVAJAL - SEVILLANA","2014-06-22","","51.4469697"
"CARVAJAL - SEVILLANA","2014-06-21","","77.14583334"
"CARVAJAL - SEVILLANA","2014-06-20","","89.4375"
"CARVAJAL - SEVILLANA","2014-06-19","","79.60416667"
"CARVAJAL - SEVILLANA","2014-06-18","","107.47916667"
"CARVAJAL - SEVILLANA","2014-06-17","","72.25"
"CARVAJAL - SEVILLANA","2014-06-16","","90.28787879"
"CARVAJAL - SEVILLANA","2014-06-15","","44.6875"
"CARVAJAL - SEVILLANA","2014-06-14","","64.29861112"
"CARVAJAL - SEVILLANA","2014-06-13","","97.46527777"
"CARVAJAL - SEVILLANA","2014-06-12","","99.83333333"
"CARVAJAL - SEVILLANA","2014-06-11","","108.35416668"
"CARVAJAL - SEVILLANA","2014-06-10","","91.8939394"
"CARVAJAL - SEVILLANA","2014-06-09","","109.06944444"
"CARVAJAL - SEVILLANA","2014-06-08","","58.79861111"
"CARVAJAL - SEVILLANA","2014-06-07","","66.47222222"
"CARVAJAL - SEVILLANA","2014-06-06","","85.06944445"
"CARVAJAL - SEVILLANA","2014-06-05","","102.1060606"
"CARVAJAL - SEVILLANA","2014-06-04","","103.5486111"
"CARVAJAL - SEVILLANA","2014-06-03","","144.11111111"
"CARVAJAL - SEVILLANA","2014-05-31","","63.83333334"
"CARVAJAL - SEVILLANA","2014-05-30","","105.04166667"
"CARVAJAL - SEVILLANA","2014-05-29","","90.26190477"
"CARVAJAL - SEVILLANA","2014-05-28","","105.08333334"
"CARVAJAL - SEVILLANA","2014-05-27","","103.04861111"
"CARVAJAL - SEVILLANA","2014-05-26","","120.31944445"
"CARVAJAL - SEVILLANA","2014-05-25","","67.40972221"
"CARVAJAL - SEVILLANA","2014-05-24","","94.3888889"
"CARVAJAL - SEVILLANA","2014-05-23","","104.94444445"
"CARVAJAL - SEVILLANA","2014-05-22","","76.45454545"
"CARVAJAL - SEVILLANA","2014-05-21","","115.40972222"
"CARVAJAL - SEVILLANA","2014-05-20","","102.84722222"
"CARVAJAL - SEVILLANA","2014-05-19","","100.2638889"
"CARVAJAL - SEVILLANA","2014-05-18","","51.01388888"
"CARVAJAL - SEVILLANA","2014-05-17","","119.79166666"
"CARVAJAL - SEVILLANA","2014-05-16","","101.45833332"
"CARVAJAL - SEVILLANA","2014-05-15","","109.75694444"
"CARVAJAL - SEVILLANA","2014-05-14","","100.82575759"
"CARVAJAL - SEVILLANA","2014-05-13","","131.20833333"
"CARVAJAL - SEVILLANA","2014-05-12","","110.60416667"
"CARVAJAL - SEVILLANA","2014-05-11","","47.10416667"
"CARVAJAL - SEVILLANA","2014-05-10","","68.40277777"
"CARVAJAL - SEVILLANA","2014-05-09","","48.79861111"
"CARVAJAL - SEVILLANA","2014-05-08","","69.00694444"
"CARVAJAL - SEVILLANA","2014-05-07","","107.1111111"
"CARVAJAL - SEVILLANA","2014-05-06","","122.06944445"
"CARVAJAL - SEVILLANA","2014-05-05","","114.03472221"
"CARVAJAL - SEVILLANA","2014-05-04","","90.99305556"
"CARVAJAL - SEVILLANA","2014-05-03","","130.77083334"
"CARVAJAL - SEVILLANA","2014-05-02","","143.0625"
"CARVAJAL - SEVILLANA","2014-05-01","","73.4861111"
"CARVAJAL - SEVILLANA","2014-04-30","","123.15277779"
"CARVAJAL - SEVILLANA","2014-04-29","","75.65000001"
"CARVAJAL - SEVILLANA","2014-04-28","","94.62698413"
"CARVAJAL - SEVILLANA","2014-04-27","","68.47222222"
"CARVAJAL - SEVILLANA","2014-04-26","","139.41666667"
"CARVAJAL - SEVILLANA","2014-04-25","","141.5486111"
"CARVAJAL - SEVILLANA","2014-04-24","","79.01515152"
"CARVAJAL - SEVILLANA","2014-04-23","","109.04861111"
"CARVAJAL - SEVILLANA","2014-04-22","","89.42361111"
"CARVAJAL - SEVILLANA","2014-04-21","","101.41666667"
"CARVAJAL - SEVILLANA","2014-04-20","","37.60416667"
"CARVAJAL - SEVILLANA","2014-04-19","","38.72916667"
"CARVAJAL - SEVILLANA","2014-04-18","","30.30555555"
"CARVAJAL - SEVILLANA","2014-04-17","","34.20138889"
"CARVAJAL - SEVILLANA","2014-04-16","","77.23148148"
"CARVAJAL - SEVILLANA","2014-04-15","","101.77450979"
"CARVAJAL - SEVILLANA","2014-04-14","","125.39583334"
"CARVAJAL - SEVILLANA","2014-04-13","","83.88636363"
"CARVAJAL - SEVILLANA","2014-04-12","","103.92105264"
"CARVAJAL - SEVILLANA","2014-04-11","","118.81818183"
"CARVAJAL - SEVILLANA","2014-04-10","","106.99242425"
"CARVAJAL - SEVILLANA","2014-04-09","","99.35714285"
"CARVAJAL - SEVILLANA","2014-04-08","","86.87878787"
"CARVAJAL - SEVILLANA","2014-04-07","","85.5"
"CARVAJAL - SEVILLANA","2014-04-06","","46.40972222"
"CARVAJAL - SEVILLANA","2014-04-05","","83.73333335"
"CARVAJAL - SEVILLANA","2014-04-04","","95.80555555"
"CARVAJAL - SEVILLANA","2014-04-03","","87.20138888"
"CARVAJAL - SEVILLANA","2014-04-02","","111.73611111"
"CARVAJAL - SEVILLANA","2014-04-01","","120.04927536"
"CARVAJAL - SEVILLANA","2014-03-31","","117.20138888"
"CARVAJAL - SEVILLANA","2014-03-30","","87.13194445"
"CARVAJAL - SEVILLANA","2014-03-29","","126.13194445"
"CARVAJAL - SEVILLANA","2014-03-28","","149.58333334"
"CARVAJAL - SEVILLANA","2014-03-27","","118.06818181"
"CARVAJAL - SEVILLANA","2014-03-26","","90.00694444"
"CARVAJAL - SEVILLANA","2014-03-25","","91.51111111"
"CARVAJAL - SEVILLANA","2014-03-24","","56.18055556"
"CARVAJAL - SEVILLANA","2014-03-23","","83.72916666"
"CARVAJAL - SEVILLANA","2014-03-22","","140.01388889"
"CARVAJAL - SEVILLANA","2014-03-21","","126.3611111"
"CARVAJAL - SEVILLANA","2014-03-20","","119.74305557"
"CARVAJAL - SEVILLANA","2014-03-19","","103.20833334"
"CARVAJAL - SEVILLANA","2014-03-18","","107.31060606"
"CARVAJAL - SEVILLANA","2014-03-17","","95.16666667"
"CARVAJAL - SEVILLANA","2014-03-16","","84.41666667"
"CARVAJAL - SEVILLANA","2014-03-15","","85.02083333"
"CARVAJAL - SEVILLANA","2014-03-14","","93.23484849"
"CARVAJAL - SEVILLANA","2014-03-13","","106.8125"
"CARVAJAL - SEVILLANA","2014-03-12","","97.9375"
"CARVAJAL - SEVILLANA","2014-03-11","","132.93055556"
"CARVAJAL - SEVILLANA","2014-03-10","","95.24305556"
"CARVAJAL - SEVILLANA","2014-03-09","","45.01388889"
"CARVAJAL - SEVILLANA","2014-03-08","","64.59722223"
"CARVAJAL - SEVILLANA","2014-03-07","","130.57638888"
"CARVAJAL - SEVILLANA","2014-03-06","","101.875"
"CARVAJAL - SEVILLANA","2014-03-05","","100.79166666"
"CARVAJAL - SEVILLANA","2014-03-04","","66.75"
"CARVAJAL - SEVILLANA","2014-03-03","","72.6969697"
"CARVAJAL - SEVILLANA","2014-03-02","","38.59722223"
"CARVAJAL - SEVILLANA","2014-03-01","","46.8125"
"CARVAJAL - SEVILLANA","2014-02-28","","80.96527778"
"CARVAJAL - SEVILLANA","2014-02-27","","100.68055556"
"CARVAJAL - SEVILLANA","2014-02-26","","119.13888888"
"CARVAJAL - SEVILLANA","2014-02-25","","111.4090909"
"CARVAJAL - SEVILLANA","2014-02-24","","132.14583334"
"CARVAJAL - SEVILLANA","2014-02-23","","86.03030303"
"CARVAJAL - SEVILLANA","2014-02-22","","96.05555555"
"CARVAJAL - SEVILLANA","2014-02-21","","100.40151516"
"CARVAJAL - SEVILLANA","2014-02-20","","108.56944445"
"CARVAJAL - SEVILLANA","2014-02-19","","106.89583332"
"CARVAJAL - SEVILLANA","2014-02-18","","93.5"
"CARVAJAL - SEVILLANA","2014-02-17","","95.8939394"
"CARVAJAL - SEVILLANA","2014-02-16","","95.12878788"
"CARVAJAL - SEVILLANA","2014-02-15","","99.90277778"
"CARVAJAL - SEVILLANA","2014-02-14","","99.99305555"
"CARVAJAL - SEVILLANA","2014-02-13","","105.5"
"CARVAJAL - SEVILLANA","2014-02-12","","93.99305555"
"CARVAJAL - SEVILLANA","2014-02-11","","99.3939394"
"CARVAJAL - SEVILLANA","2014-02-10","","109.81249999"
"CARVAJAL - SEVILLANA","2014-02-09","","63.59722223"
"CARVAJAL - SEVILLANA","2014-02-08","","111.18055556"
"CARVAJAL - SEVILLANA","2014-02-07","","115.06944445"
"CARVAJAL - SEVILLANA","2014-02-06","","93.47222223"
"CARVAJAL - SEVILLANA","2014-02-05","","98.04166667"
"CARVAJAL - SEVILLANA","2014-02-04","","125.69444444"
"CARVAJAL - SEVILLANA","2014-02-03","","95.20138889"
"CARVAJAL - SEVILLANA","2014-02-02","","74.53472223"
"CARVAJAL - SEVILLANA","2014-02-01","","100.27083333"
"CARVAJAL - SEVILLANA","2014-01-31","","111.86805556"
"CARVAJAL - SEVILLANA","2014-01-30","","102.58333334"
"CARVAJAL - SEVILLANA","2014-01-29","","100.04166666"
"CARVAJAL - SEVILLANA","2014-01-28","","119.64583333"
"CARVAJAL - SEVILLANA","2014-01-27","","100.55555555"
"CARVAJAL - SEVILLANA","2014-01-26","","48.65277778"
"CARVAJAL - SEVILLANA","2014-01-25","","75.54166666"
"CARVAJAL - SEVILLANA","2014-01-24","","120.97727273"
"CARVAJAL - SEVILLANA","2014-01-23","","123.50757576"
"CARVAJAL - SEVILLANA","2014-01-22","","125.03472222"
"CARVAJAL - SEVILLANA","2014-01-21","","109.90151515"
"CARVAJAL - SEVILLANA","2014-01-20","","93.9057971"
"CARVAJAL - SEVILLANA","2014-01-19","","35.52083333"
"CARVAJAL - SEVILLANA","2014-01-18","","83.92361111"
"CARVAJAL - SEVILLANA","2014-01-17","","132.14285714"
"CARVAJAL - SEVILLANA","2014-01-16","","127.02380951"
"CARVAJAL - SEVILLANA","2014-01-08","","39.83333336"
"CARVAJAL - SEVILLANA","2014-01-07","","69.20138889"
"CARVAJAL - SEVILLANA","2014-01-06","","38.57638888"
"CARVAJAL - SEVILLANA","2014-01-05","","53.56944444"
"CARVAJAL - SEVILLANA","2014-01-04","","62.83333333"
"CARVAJAL - SEVILLANA","2014-01-03","","84.91666666"
"CARVAJAL - SEVILLANA","2014-01-02","","66.87878788"
"CARVAJAL - SEVILLANA","2014-01-01","","42.94444445"
"CARVAJAL - SEVILLANA","2013-12-31","","78.01111112"
"CARVAJAL - SEVILLANA","2013-12-30","","83.47222223"
"CARVAJAL - SEVILLANA","2013-12-29","","60.50000001"
"CARVAJAL - SEVILLANA","2013-12-28","","105.28472222"
"CARVAJAL - SEVILLANA","2013-12-27","","135.78472223"
"CARVAJAL - SEVILLANA","2013-12-26","","98.99305555"
"CARVAJAL - SEVILLANA","2013-12-25","","46.70138889"
"CARVAJAL - SEVILLANA","2013-12-24","","71.25694444"
"CARVAJAL - SEVILLANA","2013-12-23","","55.11111111"
"CARVAJAL - SEVILLANA","2013-12-22","","58.22222223"
"CARVAJAL - SEVILLANA","2013-12-21","","70.76388889"
"CARVAJAL - SEVILLANA","2013-12-20","","80.40277778"
"CARVAJAL - SEVILLANA","2013-12-19","","59.38636365"
"CARVAJAL - SEVILLANA","2013-12-18","","84.97916666"
"CARVAJAL - SEVILLANA","2013-12-17","","95.66666666"
"CARVAJAL - SEVILLANA","2013-12-16","","90.22222223"
"CARVAJAL - SEVILLANA","2013-12-15","","78.8125"
"CARVAJAL - SEVILLANA","2013-12-14","","113.0625"
"CARVAJAL - SEVILLANA","2013-12-13","","153.25694443"
"CARVAJAL - SEVILLANA","2013-12-12","","133.38636364"
"CARVAJAL - SEVILLANA","2013-12-11","","141.47727272"
"CARVAJAL - SEVILLANA","2013-12-10","","123.38636364"
"CARVAJAL - SEVILLANA","2013-12-09","","112.71527777"
"CARVAJAL - SEVILLANA","2013-12-08","","56.43055555"
"CARVAJAL - SEVILLANA","2013-12-07","","97.29861112"
"CARVAJAL - SEVILLANA","2013-12-06","","99.30555557"
"CARVAJAL - SEVILLANA","2013-12-05","","103.99305556"
"CARVAJAL - SEVILLANA","2013-12-04","","94.88888889"
"CARVAJAL - SEVILLANA","2013-12-03","","103.89583333"
"CARVAJAL - SEVILLANA","2013-12-02","","67.15277778"
"CARVAJAL - SEVILLANA","2013-12-01","","47.7361111"
"CARVAJAL - SEVILLANA","2013-11-30","","98.34722221"
"CARVAJAL - SEVILLANA","2013-11-29","","87.38888888"
"CARVAJAL - SEVILLANA","2013-11-28","","76.7013889"
"CARVAJAL - SEVILLANA","2013-11-27","","72.20833333"
"CARVAJAL - SEVILLANA","2013-11-26","","99.60416666"
"CARVAJAL - SEVILLANA","2013-11-25","","61.04166667"
"CARVAJAL - SEVILLANA","2013-11-24","","65.72916666"
"CARVAJAL - SEVILLANA","2013-11-23","","97.15972223"
"CARVAJAL - SEVILLANA","2013-11-22","","113.46527778"
"CARVAJAL - SEVILLANA","2013-11-21","","105.06944444"
"CARVAJAL - SEVILLANA","2013-11-20","","94.50000001"
"CARVAJAL - SEVILLANA","2013-11-19","","84.375"
"CARVAJAL - SEVILLANA","2013-11-18","","91.35416668"
"CARVAJAL - SEVILLANA","2013-11-17","","85.90972221"
"CARVAJAL - SEVILLANA","2013-11-16","","109.31250001"
"CARVAJAL - SEVILLANA","2013-11-15","","79.42361111"
"CARVAJAL - SEVILLANA","2013-11-14","","118.33333332"
"CARVAJAL - SEVILLANA","2013-11-13","","123.72222222"
"CARVAJAL - SEVILLANA","2013-11-12","","101.57638888"
"CARVAJAL - SEVILLANA","2013-11-11","","48.18055556"
"CARVAJAL - SEVILLANA","2013-11-10","","59.86111111"
"CARVAJAL - SEVILLANA","2013-11-09","","121.49305556"
"CARVAJAL - SEVILLANA","2013-11-08","","84.14583333"
"CARVAJAL - SEVILLANA","2013-11-07","","70.24305555"
"CARVAJAL - SEVILLANA","2013-11-06","","102.10416666"
"CARVAJAL - SEVILLANA","2013-11-05","","72.90972222"
"CARVAJAL - SEVILLANA","2013-11-04","","27.78472223"
"CARVAJAL - SEVILLANA","2013-11-03","","44.55555556"
"CARVAJAL - SEVILLANA","2013-11-02","","66.14583333"
"CARVAJAL - SEVILLANA","2013-11-01","","41.47222222"
"CARVAJAL - SEVILLANA","2013-10-31","","54.01388888"
"CARVAJAL - SEVILLANA","2013-10-30","","86.47222222"
"CARVAJAL - SEVILLANA","2013-10-29","","94.90972223"
"CARVAJAL - SEVILLANA","2013-10-28","","121.125"
"CARVAJAL - SEVILLANA","2013-10-27","","70.46527777"
"CARVAJAL - SEVILLANA","2013-10-26","","112.17361112"
"CARVAJAL - SEVILLANA","2013-10-25","","90.24242425"
"CARVAJAL - SEVILLANA","2013-10-24","","110.22222223"
"CARVAJAL - SEVILLANA","2013-10-23","","105.43750001"
"CARVAJAL - SEVILLANA","2013-10-22","","75.125"
"CARVAJAL - SEVILLANA","2013-10-21","","85.22916668"
"CARVAJAL - SEVILLANA","2013-10-20","","74.5625"
"CARVAJAL - SEVILLANA","2013-10-19","","97.54861111"
"CARVAJAL - SEVILLANA","2013-10-18","","129.95138888"
"CARVAJAL - SEVILLANA","2013-10-17","","77.52083334"
"CARVAJAL - SEVILLANA","2013-10-16","","87.41666667"
"CARVAJAL - SEVILLANA","2013-10-15","","109.36111111"
"CARVAJAL - SEVILLANA","2013-10-14","","50.02777778"
"CARVAJAL - SEVILLANA","2013-10-13","","39.89583334"
"CARVAJAL - SEVILLANA","2013-10-12","","77.90972221"
"CARVAJAL - SEVILLANA","2013-10-11","","105.81944444"
"CARVAJAL - SEVILLANA","2013-10-10","","100.36805555"
"CARVAJAL - SEVILLANA","2013-10-09","","101.99305555"
"CARVAJAL - SEVILLANA","2013-10-08","","88.58333333"
"CARVAJAL - SEVILLANA","2013-10-07","","115.11111111"
"CARVAJAL - SEVILLANA","2013-10-06","","67.42361111"
"CARVAJAL - SEVILLANA","2013-10-05","","90.35416667"
"CARVAJAL - SEVILLANA","2013-10-04","","82.06944445"
"CARVAJAL - SEVILLANA","2013-10-03","","92.01388888"
"CARVAJAL - SEVILLANA","2013-10-02","","75.84722221"
"CARVAJAL - SEVILLANA","2013-10-01","","107.94444445"
"CARVAJAL - SEVILLANA","2013-09-30","","76.91666667"
"CARVAJAL - SEVILLANA","2013-09-29","","52.70833333"
"CARVAJAL - SEVILLANA","2013-09-28","","78.83333333"
"CARVAJAL - SEVILLANA","2013-09-27","","105.03472222"
"CARVAJAL - SEVILLANA","2013-09-26","","76.70833333"
"CARVAJAL - SEVILLANA","2013-09-25","","84.79545455"
"CARVAJAL - SEVILLANA","2013-09-24","","90.25000001"
"CARVAJAL - SEVILLANA","2013-09-23","","81.9236111"
"CARVAJAL - SEVILLANA","2013-09-22","","60.59027777"
"CARVAJAL - SEVILLANA","2013-09-21","","102.65972223"
"CARVAJAL - SEVILLANA","2013-09-20","","97.97916667"
"CARVAJAL - SEVILLANA","2013-09-19","","82.67361111"
"CARVAJAL - SEVILLANA","2013-09-18","","75.16666667"
"CARVAJAL - SEVILLANA","2013-09-17","","89.26388889"
"CARVAJAL - SEVILLANA","2013-09-16","","83.27777778"
"CARVAJAL - SEVILLANA","2013-09-15","","44.65277777"
"CARVAJAL - SEVILLANA","2013-09-14","","88.42361112"
"CARVAJAL - SEVILLANA","2013-09-13","","114.00694445"
"CARVAJAL - SEVILLANA","2013-09-12","","107.55555554"
"CARVAJAL - SEVILLANA","2013-09-11","","72.34848485"
"CARVAJAL - SEVILLANA","2013-09-10","","95.5486111"
"CARVAJAL - SEVILLANA","2013-09-09","","83.89583334"
"CARVAJAL - SEVILLANA","2013-09-08","","42.56944445"
"CARVAJAL - SEVILLANA","2013-09-07","","75.46527778"
"CARVAJAL - SEVILLANA","2013-09-06","","90.6111111"
"CARVAJAL - SEVILLANA","2013-09-05","","105.96527779"
"CARVAJAL - SEVILLANA","2013-09-04","","143.95238096"
"CARVAJAL - SEVILLANA","2013-09-03","","130.01388889"
"CARVAJAL - SEVILLANA","2013-09-02","","106.4710145"
"CARVAJAL - SEVILLANA","2013-09-01","","49.90972224"
"CARVAJAL - SEVILLANA","2013-08-31","","82.64583333"
"CARVAJAL - SEVILLANA","2013-08-30","","75.36805555"
"CARVAJAL - SEVILLANA","2013-08-29","","50.08333333"
"CARVAJAL - SEVILLANA","2013-08-28","","56.8263889"
"CARVAJAL - SEVILLANA","2013-08-27","","80.45833333"
"CARVAJAL - SEVILLANA","2013-08-26","","59.03472223"
"CARVAJAL - SEVILLANA","2013-08-25","","53.65277777"
"CARVAJAL - SEVILLANA","2013-08-24","","83.82638889"
"CARVAJAL - SEVILLANA","2013-08-23","","103.96527777"
"CARVAJAL - SEVILLANA","2013-08-22","","72.38888889"
"CARVAJAL - SEVILLANA","2013-08-21","","101.25000001"
"CARVAJAL - SEVILLANA","2013-08-20","","120.56666667"
"CARVAJAL - SEVILLANA","2013-08-19","","43.20138889"
"CARVAJAL - SEVILLANA","2013-08-18","","34.79166667"
"CARVAJAL - SEVILLANA","2013-08-17","","101.33333333"
"CARVAJAL - SEVILLANA","2013-08-16","","92.68055555"
"CARVAJAL - SEVILLANA","2013-08-15","","89.13636364"
"CARVAJAL - SEVILLANA","2013-08-14","","81.85416667"
"CARVAJAL - SEVILLANA","2013-08-13","","74.88194445"
"CARVAJAL - SEVILLANA","2013-08-12","","72.11805556"
"CARVAJAL - SEVILLANA","2013-08-11","","46.74305555"
"CARVAJAL - SEVILLANA","2013-08-10","","99.88888889"
"CARVAJAL - SEVILLANA","2013-08-09","","109.47222223"
"CARVAJAL - SEVILLANA","2013-08-08","","83.7361111"
"CARVAJAL - SEVILLANA","2013-08-07","","83.5763889"
"CARVAJAL - SEVILLANA","2013-08-06","","133.625"
"CARVAJAL - SEVILLANA","2013-08-05","","87.50694444"
"CARVAJAL - SEVILLANA","2013-08-04","","62.32638889"
"CARVAJAL - SEVILLANA","2013-08-03","","95.45833333"
"CARVAJAL - SEVILLANA","2013-08-02","","75.56944444"
"CARVAJAL - SEVILLANA","2013-08-01","","102.38888889"
"CARVAJAL - SEVILLANA","2013-07-31","","90.73611111"
"CARVAJAL - SEVILLANA","2013-07-30","","91.39583333"
"CARVAJAL - SEVILLANA","2013-07-29","","56.69696971"
"CARVAJAL - SEVILLANA","2013-07-28","","40.02083333"
"CARVAJAL - SEVILLANA","2013-07-27","","80.95833334"
"CARVAJAL - SEVILLANA","2013-07-26","","91.79861111"
"CARVAJAL - SEVILLANA","2013-07-25","","102.19444444"
"CARVAJAL - SEVILLANA","2013-07-24","","98.04166666"
"CARVAJAL - SEVILLANA","2013-07-23","","84.84722223"
"CARVAJAL - SEVILLANA","2013-07-22","","70.66666666"
"CARVAJAL - SEVILLANA","2013-07-21","","38.50694445"
"CARVAJAL - SEVILLANA","2013-07-20","","75.84722222"
"CARVAJAL - SEVILLANA","2013-07-19","","117.78070175"
"CARVAJAL - SEVILLANA","2013-07-18","","106.5625"
"CARVAJAL - SEVILLANA","2013-07-17","","106.09722222"
"CARVAJAL - SEVILLANA","2013-07-16","","94.50694444"
"CARVAJAL - SEVILLANA","2013-07-15","","74.61805555"
"CARVAJAL - SEVILLANA","2013-07-14","","85.90277777"
"CARVAJAL - SEVILLANA","2013-07-13","","106.45833333"
"CARVAJAL - SEVILLANA","2013-07-12","","108.31944444"
"CARVAJAL - SEVILLANA","2013-07-11","","103.98611112"
"CARVAJAL - SEVILLANA","2013-07-10","","87.50000001"
"CARVAJAL - SEVILLANA","2013-07-09","","77.38194445"
"CARVAJAL - SEVILLANA","2013-07-08","","70.62500001"
"CARVAJAL - SEVILLANA","2013-07-07","","51.03472222"
"CARVAJAL - SEVILLANA","2013-07-06","","87.97222223"
"CARVAJAL - SEVILLANA","2013-07-05","","108.63194444"
"CARVAJAL - SEVILLANA","2013-07-04","","131.55555556"
"CARVAJAL - SEVILLANA","2013-07-03","","116.35416667"
"CARVAJAL - SEVILLANA","2013-07-02","","94.05555556"
"CARVAJAL - SEVILLANA","2013-07-01","","45.53472221"
"CARVAJAL - SEVILLANA","2013-06-30","","60.11111111"
"CARVAJAL - SEVILLANA","2013-06-29","","93.3125"
"CARVAJAL - SEVILLANA","2013-06-28","","92.68055556"
"CARVAJAL - SEVILLANA","2013-06-27","","120.67361112"
"CARVAJAL - SEVILLANA","2013-06-26","","107.79166666"
"CARVAJAL - SEVILLANA","2013-06-25","","67.96212121"
"CARVAJAL - SEVILLANA","2013-06-24","","62.47222223"
"CARVAJAL - SEVILLANA","2013-06-23","","48.82638888"
"CARVAJAL - SEVILLANA","2013-06-22","","70.56944443"
"CARVAJAL - SEVILLANA","2013-06-21","","81.84722222"
"CARVAJAL - SEVILLANA","2013-06-20","","75.47916667"
"CARVAJAL - SEVILLANA","2013-06-19","","74.04166666"
"CARVAJAL - SEVILLANA","2013-06-18","","83.13194445"
"CARVAJAL - SEVILLANA","2013-06-17","","76.71527777"
"CARVAJAL - SEVILLANA","2013-06-16","","41.14583333"
"CARVAJAL - SEVILLANA","2013-06-15","","85.5"
"CARVAJAL - SEVILLANA","2013-06-14","","103.3125"
"CARVAJAL - SEVILLANA","2013-06-13","","97.51754386"
"CARVAJAL - SEVILLANA","2013-06-12","","69.63888889"
"CARVAJAL - SEVILLANA","2013-06-11","","62.61805556"
"CARVAJAL - SEVILLANA","2013-06-10","","33.86231884"
"CARVAJAL - SEVILLANA","2013-06-09","","44.99305556"
"CARVAJAL - SEVILLANA","2013-06-08","","59.46527778"
"CARVAJAL - SEVILLANA","2013-06-07","","78.25"
"CARVAJAL - SEVILLANA","2013-06-06","","87.49305555"
"CARVAJAL - SEVILLANA","2013-06-05","","92.28472222"
"CARVAJAL - SEVILLANA","2013-06-04","","72.28472223"
"CARVAJAL - SEVILLANA","2013-06-03","","35.46527778"
"CARVAJAL - SEVILLANA","2013-06-02","","57.28472222"
"CARVAJAL - SEVILLANA","2013-06-01","","91.47916667"
"CARVAJAL - SEVILLANA","2013-05-31","","71.32638889"
"CARVAJAL - SEVILLANA","2013-05-30","","124.72916667"
"CARVAJAL - SEVILLANA","2013-05-29","","112.48611111"
"CARVAJAL - SEVILLANA","2013-05-28","","81.61111111"
"CARVAJAL - SEVILLANA","2013-05-27","","87.03472223"
"CARVAJAL - SEVILLANA","2013-05-26","","48.86111112"
"CARVAJAL - SEVILLANA","2013-05-25","","78.26388889"
"CARVAJAL - SEVILLANA","2013-05-24","","64.38888888"
"CARVAJAL - SEVILLANA","2013-05-23","","52.39583334"
"CARVAJAL - SEVILLANA","2013-05-22","","48.70138889"
"CARVAJAL - SEVILLANA","2013-05-21","","44.20138889"
"CARVAJAL - SEVILLANA","2013-05-20","","73.44444444"
"CARVAJAL - SEVILLANA","2013-05-19","","46.45833333"
"CARVAJAL - SEVILLANA","2013-05-18","","80.55555554"
"CARVAJAL - SEVILLANA","2013-05-17","","82.0942029"
"CARVAJAL - SEVILLANA","2013-05-16","","83.40277777"
"CARVAJAL - SEVILLANA","2013-05-15","","69.66666666"
"CARVAJAL - SEVILLANA","2013-05-14","","77.97222223"
"CARVAJAL - SEVILLANA","2013-05-13","","48.79861111"
"CARVAJAL - SEVILLANA","2013-05-12","","56.28472223"
"CARVAJAL - SEVILLANA","2013-05-11","","66.72222222"
"CARVAJAL - SEVILLANA","2013-05-10","","71.77777778"
"CARVAJAL - SEVILLANA","2013-05-09","","59.65555556"
"CARVAJAL - SEVILLANA","2013-05-08","","71.75000001"
"CARVAJAL - SEVILLANA","2013-05-07","","88.09722222"
"CARVAJAL - SEVILLANA","2013-05-06","","54.77777778"
"CARVAJAL - SEVILLANA","2013-05-05","","37.67361111"
"CARVAJAL - SEVILLANA","2013-05-04","","92.89583334"
"CARVAJAL - SEVILLANA","2013-05-03","","73.86805555"
"CARVAJAL - SEVILLANA","2013-05-02","","49.49242425"
"CARVAJAL - SEVILLANA","2013-05-01","","54.61111111"
"CARVAJAL - SEVILLANA","2013-04-30","","60.07638889"
"CARVAJAL - SEVILLANA","2013-04-29","","56.29545455"
"CARVAJAL - SEVILLANA","2013-04-28","","55.69444444"
"CARVAJAL - SEVILLANA","2013-04-27","","70.05555555"
"CARVAJAL - SEVILLANA","2013-04-26","","60.72916665"
"CARVAJAL - SEVILLANA","2013-04-25","","68.23611111"
"CARVAJAL - SEVILLANA","2013-04-24","","66.21212121"
"CARVAJAL - SEVILLANA","2013-04-23","","62.6875"
"CARVAJAL - SEVILLANA","2013-04-22","","74.5652174"
"CARVAJAL - SEVILLANA","2013-04-21","","37.61805557"
"CARVAJAL - SEVILLANA","2013-04-20","","55.65277778"
"CARVAJAL - SEVILLANA","2013-04-19","","46.8888889"
"CARVAJAL - SEVILLANA","2013-04-18","","58.18055555"
"CARVAJAL - SEVILLANA","2013-04-17","","73.52777777"
"CARVAJAL - SEVILLANA","2013-04-16","","80.48611111"
"CARVAJAL - SEVILLANA","2013-04-15","","64.6111111"
"CARVAJAL - SEVILLANA","2013-04-14","","48.43749999"
"CARVAJAL - SEVILLANA","2013-04-13","","79.45138889"
"CARVAJAL - SEVILLANA","2013-04-12","","107.01515151"
"CARVAJAL - SEVILLANA","2013-04-11","","96.71527778"
"CARVAJAL - SEVILLANA","2013-04-10","","114.05555555"
"CARVAJAL - SEVILLANA","2013-04-09","","100.57575757"
"CARVAJAL - SEVILLANA","2013-04-08","","96.1388889"
"CARVAJAL - SEVILLANA","2013-04-07","","67.9375"
"CARVAJAL - SEVILLANA","2013-04-06","","101.32638888"
"CARVAJAL - SEVILLANA","2013-04-05","","106.61111111"
"CARVAJAL - SEVILLANA","2013-04-04","","87.50757576"
"CARVAJAL - SEVILLANA","2013-04-03","","103.45833332"
"CARVAJAL - SEVILLANA","2013-04-02","","81.70833333"
"CARVAJAL - SEVILLANA","2013-04-01","","71.97916667"
"CARVAJAL - SEVILLANA","2013-03-31","","33.32638889"
"CARVAJAL - SEVILLANA","2013-03-30","","38.88888889"
"CARVAJAL - SEVILLANA","2013-03-29","","43.95833334"
"CARVAJAL - SEVILLANA","2013-03-28","","53.54166667"
"CARVAJAL - SEVILLANA","2013-03-27","","84.43333332"
"CARVAJAL - SEVILLANA","2013-03-26","","85.20833333"
"CARVAJAL - SEVILLANA","2013-03-25","","56.6875"
"CARVAJAL - SEVILLANA","2013-03-24","","70.35416667"
"CARVAJAL - SEVILLANA","2013-03-23","","101.24999999"
"CARVAJAL - SEVILLANA","2013-03-22","","69.4375"
"CARVAJAL - SEVILLANA","2013-03-21","","66.80555555"
"CARVAJAL - SEVILLANA","2013-03-20","","94.58333334"
"CARVAJAL - SEVILLANA","2013-03-19","","67.19444444"
"CARVAJAL - SEVILLANA","2013-03-18","","87.70138888"
"CARVAJAL - SEVILLANA","2013-03-17","","58.09027778"
"CARVAJAL - SEVILLANA","2013-03-16","","99.23611111"
"CARVAJAL - SEVILLANA","2013-03-15","","89.28985507"
"CARVAJAL - SEVILLANA","2013-03-14","","94.29861112"
"CARVAJAL - SEVILLANA","2013-03-13","","92.73611111"
"CARVAJAL - SEVILLANA","2013-03-12","","98.0625"
"CARVAJAL - SEVILLANA","2013-03-11","","86.77083333"
"CARVAJAL - SEVILLANA","2013-03-10","","62.44444445"
"CARVAJAL - SEVILLANA","2013-03-09","","79.54166667"
"CARVAJAL - SEVILLANA","2013-03-08","","92.26388889"
"CARVAJAL - SEVILLANA","2013-03-07","","81.77083333"
"CARVAJAL - SEVILLANA","2013-03-06","","81.69444444"
"CARVAJAL - SEVILLANA","2013-03-05","","80.52083333"
"CARVAJAL - SEVILLANA","2013-03-04","","81.69444444"
"CARVAJAL - SEVILLANA","2013-03-03","","59.19444445"
"CARVAJAL - SEVILLANA","2013-03-02","","74.625"
"CARVAJAL - SEVILLANA","2013-03-01","","56.36111111"
"CARVAJAL - SEVILLANA","2013-02-28","","74.56944444"
"CARVAJAL - SEVILLANA","2013-02-27","","80.8125"
"CARVAJAL - SEVILLANA","2013-02-26","","83.02777778"
"CARVAJAL - SEVILLANA","2013-02-25","","90.88194445"
"CARVAJAL - SEVILLANA","2013-02-24","","48.48611111"
"CARVAJAL - SEVILLANA","2013-02-23","","80.0625"
"CARVAJAL - SEVILLANA","2013-02-22","","74.69444444"
"CARVAJAL - SEVILLANA","2013-02-21","","72.70833333"
"CARVAJAL - SEVILLANA","2013-02-20","","85.34722223"
"CARVAJAL - SEVILLANA","2013-02-19","","87.79166665"
"CARVAJAL - SEVILLANA","2013-02-18","","80.87500001"
"CARVAJAL - SEVILLANA","2013-02-17","","69.77777778"
"CARVAJAL - SEVILLANA","2013-02-16","","90.29861111"
"CARVAJAL - SEVILLANA","2013-02-15","","100.09027778"
"CARVAJAL - SEVILLANA","2013-02-14","","91.5"
"CARVAJAL - SEVILLANA","2013-02-13","","77.58333333"
"CARVAJAL - SEVILLANA","2013-02-12","","81.5"
"CARVAJAL - SEVILLANA","2013-02-11","","92.90972222"
"CARVAJAL - SEVILLANA","2013-02-10","","44.8611111"
"CARVAJAL - SEVILLANA","2013-02-09","","46.27083333"
"CARVAJAL - SEVILLANA","2013-02-08","","77.89583333"
"CARVAJAL - SEVILLANA","2013-02-07","","101.63888889"
"CARVAJAL - SEVILLANA","2013-02-06","","78.82575757"
"CARVAJAL - SEVILLANA","2013-02-05","","75.45833332"
"CARVAJAL - SEVILLANA","2013-02-04","","85.71212121"
"CARVAJAL - SEVILLANA","2013-02-03","","63.29861112"
"CARVAJAL - SEVILLANA","2013-02-02","","72.96527777"
"CARVAJAL - SEVILLANA","2013-02-01","","92.0"
"CARVAJAL - SEVILLANA","2013-01-31","","82.36805556"
"CARVAJAL - SEVILLANA","2013-01-30","","92.65277778"
"CARVAJAL - SEVILLANA","2013-01-29","","107.27777778"
"CARVAJAL - SEVILLANA","2013-01-28","","82.91666667"
"CARVAJAL - SEVILLANA","2013-01-27","","65.13194445"
"CARVAJAL - SEVILLANA","2013-01-26","","72.88888889"
"CARVAJAL - SEVILLANA","2013-01-25","","74.67361111"
"CARVAJAL - SEVILLANA","2013-01-24","","100.61111111"
"CARVAJAL - SEVILLANA","2013-01-23","","77.6875"
"CARVAJAL - SEVILLANA","2013-01-22","","99.7638889"
"CARVAJAL - SEVILLANA","2013-01-21","","73.13888889"
"CARVAJAL - SEVILLANA","2013-01-20","","59.22222222"
"CARVAJAL - SEVILLANA","2013-01-19","","86.25"
"CARVAJAL - SEVILLANA","2013-01-18","","74.45833333"
"CARVAJAL - SEVILLANA","2013-01-17","","89.86111111"
"CARVAJAL - SEVILLANA","2013-01-16","","108.27777778"
"CARVAJAL - SEVILLANA","2013-01-15","","90.31944445"
"CARVAJAL - SEVILLANA","2013-01-14","","75.80555555"
"CARVAJAL - SEVILLANA","2013-01-13","","72.75694444"
"CARVAJAL - SEVILLANA","2013-01-12","","80.65972223"
"CARVAJAL - SEVILLANA","2013-01-11","","97.4090909"
"CARVAJAL - SEVILLANA","2013-01-10","","70.80555555"
"CARVAJAL - SEVILLANA","2013-01-09","","75.37121212"
"CARVAJAL - SEVILLANA","2013-01-08","","65.04861112"
"CARVAJAL - SEVILLANA","2013-01-07","","41.0"
"CARVAJAL - SEVILLANA","2013-01-06","","47.52083332"
"CARVAJAL - SEVILLANA","2013-01-05","","62.61805557"
"CARVAJAL - SEVILLANA","2013-01-04","","68.01388889"
"CARVAJAL - SEVILLANA","2013-01-03","","65.54166667"
"CARVAJAL - SEVILLANA","2013-01-02","","53.48611113"
"CARVAJAL - SEVILLANA","2013-01-01","","40.16666666"
"CARVAJAL - SEVILLANA","2012-12-31","","48.26515151"
"CARVAJAL - SEVILLANA","2012-12-30","","47.38888889"
"CARVAJAL - SEVILLANA","2012-12-29","","76.34027778"
"CARVAJAL - SEVILLANA","2012-12-28","","74.26388888"
"CARVAJAL - SEVILLANA","2012-12-27","","56.63194445"
"CARVAJAL - SEVILLANA","2012-12-26","","57.3560606"
"CARVAJAL - SEVILLANA","2012-12-25","","75.50694444"
"CARVAJAL - SEVILLANA","2012-12-24","","60.33333333"
"CARVAJAL - SEVILLANA","2012-12-23","","52.79166667"
"CARVAJAL - SEVILLANA","2012-12-22","","88.75"
"CARVAJAL - SEVILLANA","2012-12-21","","100.1875"
"CARVAJAL - SEVILLANA","2012-12-20","","103.73611111"
"CARVAJAL - SEVILLANA","2012-12-19","","121.43055556"
"CARVAJAL - SEVILLANA","2012-12-18","","76.84027776"
"CARVAJAL - SEVILLANA","2012-12-17","","83.62121212"
"CARVAJAL - SEVILLANA","2012-12-16","","81.88888889"
"CARVAJAL - SEVILLANA","2012-12-15","","62.25694444"
"CARVAJAL - SEVILLANA","2012-12-14","","71.5"
"CARVAJAL - SEVILLANA","2012-12-13","","85.15277778"
"CARVAJAL - SEVILLANA","2012-12-12","","108.625"
"CARVAJAL - SEVILLANA","2012-12-11","","82.58333334"
"CARVAJAL - SEVILLANA","2012-12-10","","85.36805555"
"CARVAJAL - SEVILLANA","2012-12-09","","41.61111112"
"CARVAJAL - SEVILLANA","2012-12-08","","81.85416667"
"CARVAJAL - SEVILLANA","2012-12-07","","103.03472222"
"CARVAJAL - SEVILLANA","2012-12-06","","91.46527777"
"CARVAJAL - SEVILLANA","2012-12-05","","71.56060606"
"CARVAJAL - SEVILLANA","2012-12-04","","85.79166668"
"CARVAJAL - SEVILLANA","2012-12-03","","53.21527777"
"CARVAJAL - SEVILLANA","2012-12-02","","29.36111111"
"CARVAJAL - SEVILLANA","2012-12-01","","66.60416666"
"CARVAJAL - SEVILLANA","2012-11-30","","73.10416666"
"CARVAJAL - SEVILLANA","2012-11-29","","83.08333334"
"CARVAJAL - SEVILLANA","2012-11-28","","102.70833333"
"CARVAJAL - SEVILLANA","2012-11-27","","77.00694445"
"CARVAJAL - SEVILLANA","2012-11-26","","61.5625"
"CARVAJAL - SEVILLANA","2012-11-25","","59.81944444"
"CARVAJAL - SEVILLANA","2012-11-24","","100.66666667"
"CARVAJAL - SEVILLANA","2012-11-23","","106.32539683"
"CARVAJAL - SEVILLANA","2012-11-22","","117.70138889"
"CARVAJAL - SEVILLANA","2012-11-21","","98.49305556"
"CARVAJAL - SEVILLANA","2012-11-20","","115.25757576"
"CARVAJAL - SEVILLANA","2012-11-19","","106.32638888"
"CARVAJAL - SEVILLANA","2012-11-18","","53.90909092"
"CARVAJAL - SEVILLANA","2012-11-17","","69.14393939"
"CARVAJAL - SEVILLANA","2012-11-16","","87.63888888"
"CARVAJAL - SEVILLANA","2012-11-15","","88.34848485"
"CARVAJAL - SEVILLANA","2012-11-14","","101.61805556"
"CARVAJAL - SEVILLANA","2012-11-13","","80.18055555"
"CARVAJAL - SEVILLANA","2012-11-12","","57.125"
"CARVAJAL - SEVILLANA","2012-11-11","","54.16666666"
"CARVAJAL - SEVILLANA","2012-11-10","","94.27083333"
"CARVAJAL - SEVILLANA","2012-11-09","","81.90972222"
"CARVAJAL - SEVILLANA","2012-11-08","","83.61805555"
"CARVAJAL - SEVILLANA","2012-11-07","","89.38888889"
"CARVAJAL - SEVILLANA","2012-11-06","","81.52083333"
"CARVAJAL - SEVILLANA","2012-11-05","","40.92361111"
"CARVAJAL - SEVILLANA","2012-11-04","","61.88194445"
"CARVAJAL - SEVILLANA","2012-11-03","","73.95833334"
"CARVAJAL - SEVILLANA","2012-11-02","","96.91666666"
"CARVAJAL - SEVILLANA","2012-11-01","","84.56250001"
"CARVAJAL - SEVILLANA","2012-10-31","","92.97222222"
"CARVAJAL - SEVILLANA","2012-10-30","","87.15277778"
"CARVAJAL - SEVILLANA","2012-10-29","","70.45138889"
"CARVAJAL - SEVILLANA","2012-10-28","","51.875"
"CARVAJAL - SEVILLANA","2012-10-27","","93.38888888"
"CARVAJAL - SEVILLANA","2012-10-26","","102.79166666"
"CARVAJAL - SEVILLANA","2012-10-25","","101.25"
"CARVAJAL - SEVILLANA","2012-10-24","","102.92361111"
"CARVAJAL - SEVILLANA","2012-10-23","","92.45138889"
"CARVAJAL - SEVILLANA","2012-10-22","","89.54861112"
"CARVAJAL - SEVILLANA","2012-10-21","","68.36111112"
"CARVAJAL - SEVILLANA","2012-10-20","","68.26388889"
"CARVAJAL - SEVILLANA","2012-10-19","","54.11805557"
"CARVAJAL - SEVILLANA","2012-10-18","","49.79166668"
"CARVAJAL - SEVILLANA","2012-10-17","","65.33333333"
"CARVAJAL - SEVILLANA","2012-10-16","","68.33333333"
"CARVAJAL - SEVILLANA","2012-10-15","","82.77777778"
"CARVAJAL - SEVILLANA","2012-10-14","","86.625"
"CARVAJAL - SEVILLANA","2012-10-13","","76.49305555"
"CARVAJAL - SEVILLANA","2012-10-12","","118.10416667"
"CARVAJAL - SEVILLANA","2012-10-11","","115.15277777"
"CARVAJAL - SEVILLANA","2012-10-10","","97.52083333"
"CARVAJAL - SEVILLANA","2012-10-09","","93.4236111"
"CARVAJAL - SEVILLANA","2012-10-08","","65.33333333"
"CARVAJAL - SEVILLANA","2012-10-07","","47.86805556"
"CARVAJAL - SEVILLANA","2012-10-06","","63.76388888"
"CARVAJAL - SEVILLANA","2012-10-05","","71.95833333"
"CARVAJAL - SEVILLANA","2012-10-04","","82.18750001"
"CARVAJAL - SEVILLANA","2012-10-03","","84.9861111"
"CARVAJAL - SEVILLANA","2012-10-02","","70.81818182"
"CARVAJAL - SEVILLANA","2012-10-01","","72.96969697"
"CARVAJAL - SEVILLANA","2012-09-30","","32.23333334"
"CARVAJAL - SEVILLANA","2012-09-29","","69.27777778"
"CARVAJAL - SEVILLANA","2012-09-28","","86.09848485"
"CARVAJAL - SEVILLANA","2012-09-27","","72.65942029"
"CARVAJAL - SEVILLANA","2012-09-26","","78.95138889"
"CARVAJAL - SEVILLANA","2012-09-25","","64.83333333"
"CARVAJAL - SEVILLANA","2012-09-24","","89.88333333"
"CARVAJAL - SEVILLANA","2012-09-23","","53.125"
"CARVAJAL - SEVILLANA","2012-09-22","","75.95833333"
"CARVAJAL - SEVILLANA","2012-09-21","","75.21527778"
"CARVAJAL - SEVILLANA","2012-09-20","","90.38888888"
"CARVAJAL - SEVILLANA","2012-09-19","","97.79861111"
"CARVAJAL - SEVILLANA","2012-09-18","","80.70454546"
"CARVAJAL - SEVILLANA","2012-09-17","","73.29166666"
"CARVAJAL - SEVILLANA","2012-09-16","","64.54166666"
"CARVAJAL - SEVILLANA","2012-09-15","","73.71527777"
"CARVAJAL - SEVILLANA","2012-09-14","","108.96527777"
"CARVAJAL - SEVILLANA","2012-09-13","","88.85416666"
"CARVAJAL - SEVILLANA","2012-09-12","","97.41666667"
"CARVAJAL - SEVILLANA","2012-09-11","","70.80555555"
"CARVAJAL - SEVILLANA","2012-09-10","","69.45833333"
"CARVAJAL - SEVILLANA","2012-09-09","","38.39166667"
"CARVAJAL - SEVILLANA","2012-09-08","","67.45833334"
"CARVAJAL - SEVILLANA","2012-09-07","","73.05555555"
"CARVAJAL - SEVILLANA","2012-09-06","","74.29166666"
"CARVAJAL - SEVILLANA","2012-09-05","","65.60416668"
"CARVAJAL - SEVILLANA","2012-09-04","","68.05555557"
"CARVAJAL - SEVILLANA","2012-09-03","","66.79166667"
"CARVAJAL - SEVILLANA","2012-09-02","","44.77777778"
"CARVAJAL - SEVILLANA","2012-09-01","","76.8888889"
"CARVAJAL - SEVILLANA","2012-08-31","","73.10416666"
"CARVAJAL - SEVILLANA","2012-08-30","","70.23611112"
"CARVAJAL - SEVILLANA","2012-08-29","","80.92592591"
"CARVAJAL - SEVILLANA","2012-08-05","","37.3333333"
"CARVAJAL - SEVILLANA","2012-08-04","","67.02083333"
"CARVAJAL - SEVILLANA","2012-08-03","","88.00694445"
"CARVAJAL - SEVILLANA","2012-08-02","","76.29861112"
"CARVAJAL - SEVILLANA","2012-08-01","","63.18055555"
"CARVAJAL - SEVILLANA","2012-07-31","","66.72916667"
"CARVAJAL - SEVILLANA","2012-07-30","","61.77777778"
"CARVAJAL - SEVILLANA","2012-07-29","","40.44444445"
"CARVAJAL - SEVILLANA","2012-07-28","","49.6736111"
"CARVAJAL - SEVILLANA","2012-07-27","","55.78787878"
"CARVAJAL - SEVILLANA","2012-07-26","","65.55555556"
"CARVAJAL - SEVILLANA","2012-07-25","","78.95138889"
"CARVAJAL - SEVILLANA","2012-07-24","","73.40277778"
"CARVAJAL - SEVILLANA","2012-07-23","","54.60416667"
"CARVAJAL - SEVILLANA","2012-07-22","","31.6875"
"CARVAJAL - SEVILLANA","2012-07-21","","50.84027778"
"CARVAJAL - SEVILLANA","2012-07-20","","43.1111111"
"CARVAJAL - SEVILLANA","2012-07-19","","66.75694445"
"CARVAJAL - SEVILLANA","2012-07-18","","74.29166666"
"CARVAJAL - SEVILLANA","2012-07-17","","81.20833333"
"CARVAJAL - SEVILLANA","2012-07-16","","83.69696971"
"CARVAJAL - SEVILLANA","2012-07-15","","51.2361111"
"CARVAJAL - SEVILLANA","2012-07-14","","71.30555556"
"CARVAJAL - SEVILLANA","2012-07-13","","79.11805556"
"CARVAJAL - SEVILLANA","2012-07-12","","69.4375"
"CARVAJAL - SEVILLANA","2012-07-11","","65.55555556"
"CARVAJAL - SEVILLANA","2012-07-10","","68.98484849"
"CARVAJAL - SEVILLANA","2012-07-09","","60.04861111"
"CARVAJAL - SEVILLANA","2012-07-08","","32.00694444"
"CARVAJAL - SEVILLANA","2012-07-07","","57.64583333"
"CARVAJAL - SEVILLANA","2012-07-06","","75.45138889"
"CARVAJAL - SEVILLANA","2012-07-05","","65.16666666"
"CARVAJAL - SEVILLANA","2012-07-04","","72.96527777"
"CARVAJAL - SEVILLANA","2012-07-03","","65.95138888"
"CARVAJAL - SEVILLANA","2012-07-02","","30.77083335"
"CARVAJAL - SEVILLANA","2012-07-01","","30.53472222"
"CARVAJAL - SEVILLANA","2012-06-30","","60.18749999"
"CARVAJAL - SEVILLANA","2012-06-29","","88.04861112"
"CARVAJAL - SEVILLANA","2012-06-28","","67.04166667"
"CARVAJAL - SEVILLANA","2012-06-27","","70.65972223"
"CARVAJAL - SEVILLANA","2012-06-26","","78.6"
"CARVAJAL - SEVILLANA","2012-06-25","","72.27272726"
"CARVAJAL - SEVILLANA","2012-06-24","","44.71052631"
"CARVAJAL - SEVILLANA","2012-06-23","","86.19444444"
"CARVAJAL - SEVILLANA","2012-06-22","","81.85416667"
"CARVAJAL - SEVILLANA","2012-06-21","","70.89583333"
"CARVAJAL - SEVILLANA","2012-06-20","","85.68055556"
"CARVAJAL - SEVILLANA","2012-06-19","","82.90277778"
"CARVAJAL - SEVILLANA","2012-06-18","","47.15151514"
"CARVAJAL - SEVILLANA","2012-06-17","","63.20833333"
"CARVAJAL - SEVILLANA","2012-06-16","","59.70833334"
"CARVAJAL - SEVILLANA","2012-06-15","","75.46527778"
"CARVAJAL - SEVILLANA","2012-06-14","","66.51388888"
"CARVAJAL - SEVILLANA","2012-06-13","","68.75000001"
"CARVAJAL - SEVILLANA","2012-06-12","","59.85416668"
"CARVAJAL - SEVILLANA","2012-06-11","","32.18055555"
"CARVAJAL - SEVILLANA","2012-06-10","","40.21014492"
"CARVAJAL - SEVILLANA","2012-06-09","","56.97916667"
"CARVAJAL - SEVILLANA","2012-06-08","","71.37500001"
"CARVAJAL - SEVILLANA","2012-06-07","","63.43055556"
"CARVAJAL - SEVILLANA","2012-06-06","","76.28472223"
"CARVAJAL - SEVILLANA","2012-06-05","","95.10416667"
"CARVAJAL - SEVILLANA","2012-06-04","","100.32638889"
"CARVAJAL - SEVILLANA","2012-06-03","","49.83333334"
"CARVAJAL - SEVILLANA","2012-06-02","","64.03472222"
"CARVAJAL - SEVILLANA","2012-06-01","","67.00694444"
"CARVAJAL - SEVILLANA","2012-05-31","","76.21428571"
"CARVAJAL - SEVILLANA","2012-05-30","","66.02083333"
"CARVAJAL - SEVILLANA","2012-05-29","","67.57638888"
"CARVAJAL - SEVILLANA","2012-05-28","","71.24305555"
"CARVAJAL - SEVILLANA","2012-05-27","","48.66666666"
"CARVAJAL - SEVILLANA","2012-05-26","","90.57638888"
"CARVAJAL - SEVILLANA","2012-05-25","","89.63194445"
"CARVAJAL - SEVILLANA","2012-05-24","","74.47916667"
"CARVAJAL - SEVILLANA","2012-05-23","","67.43055556"
"CARVAJAL - SEVILLANA","2012-05-22","","65.75694444"
"CARVAJAL - SEVILLANA","2012-05-21","","40.09722223"
"CARVAJAL - SEVILLANA","2012-05-20","","51.98550725"
"CARVAJAL - SEVILLANA","2012-05-19","","66.15277778"
"CARVAJAL - SEVILLANA","2012-05-18","","95.11805556"
"CARVAJAL - SEVILLANA","2012-05-17","","83.56944445"
"CARVAJAL - SEVILLANA","2012-05-16","","93.34027778"
"CARVAJAL - SEVILLANA","2012-05-15","","100.52898551"
"CARVAJAL - SEVILLANA","2012-05-14","","94.17361112"
"CARVAJAL - SEVILLANA","2012-05-13","","41.95138888"
"CARVAJAL - SEVILLANA","2012-05-12","","68.71527778"
"CARVAJAL - SEVILLANA","2012-05-11","","113.375"
"CARVAJAL - SEVILLANA","2012-05-10","","96.88194445"
"CARVAJAL - SEVILLANA","2012-05-09","","89.8125"
"CARVAJAL - SEVILLANA","2012-05-08","","94.02083334"
"CARVAJAL - SEVILLANA","2012-05-07","","66.74305555"
"CARVAJAL - SEVILLANA","2012-05-06","","54.72916667"
"CARVAJAL - SEVILLANA","2012-05-05","","78.63333335"
"CARVAJAL - SEVILLANA","2012-05-04","","94.72222223"
"CARVAJAL - SEVILLANA","2012-05-03","","92.90972223"
"CARVAJAL - SEVILLANA","2012-05-02","","59.125"
"CARVAJAL - SEVILLANA","2012-05-01","","43.33333333"
"CARVAJAL - SEVILLANA","2012-04-30","","79.11805556"
"CARVAJAL - SEVILLANA","2012-04-29","","52.25"
"CARVAJAL - SEVILLANA","2012-04-28","","71.1875"
"CARVAJAL - SEVILLANA","2012-04-27","","86.61805556"
"CARVAJAL - SEVILLANA","2012-04-26","","122.40833333"
"CARVAJAL - SEVILLANA","2012-04-25","","118.36805555"
"CARVAJAL - SEVILLANA","2012-04-24","","109.86805555"
"CARVAJAL - SEVILLANA","2012-04-23","","106.84722222"
"CARVAJAL - SEVILLANA","2012-04-22","","48.06944445"
"CARVAJAL - SEVILLANA","2012-04-21","","59.65277779"
"CARVAJAL - SEVILLANA","2012-04-20","","127.59722223"
"CARVAJAL - SEVILLANA","2012-04-19","","105.26388889"
"CARVAJAL - SEVILLANA","2012-04-18","","128.5625"
"CARVAJAL - SEVILLANA","2012-04-17","","94.05555555"
"CARVAJAL - SEVILLANA","2012-04-16","","66.65972222"
"CARVAJAL - SEVILLANA","2012-04-15","","79.85416666"
"CARVAJAL - SEVILLANA","2012-04-14","","99.27083334"
"CARVAJAL - SEVILLANA","2012-04-13","","72.59027778"
"CARVAJAL - SEVILLANA","2012-04-12","","39.66666667"
"CARVAJAL - SEVILLANA","2012-04-11","","53.33333334"
"CARVAJAL - SEVILLANA","2012-04-10","","56.81944445"
"CARVAJAL - SEVILLANA","2012-04-09","","52.80555555"
"CARVAJAL - SEVILLANA","2012-04-08","","32.08333334"
"CARVAJAL - SEVILLANA","2012-04-07","","36.93055556"
"CARVAJAL - SEVILLANA","2012-04-06","","62.53472222"
"CARVAJAL - SEVILLANA","2012-04-05","","72.40972223"
"CARVAJAL - SEVILLANA","2012-04-04","","103.23611112"
"CARVAJAL - SEVILLANA","2012-04-03","","114.75694445"
"CARVAJAL - SEVILLANA","2012-04-02","","107.99305556"
"CARVAJAL - SEVILLANA","2012-04-01","","66.53472223"
"CARVAJAL - SEVILLANA","2012-03-31","","83.18055556"
"CARVAJAL - SEVILLANA","2012-03-30","","89.17361112"
"CARVAJAL - SEVILLANA","2012-03-29","","111.86805555"
"CARVAJAL - SEVILLANA","2012-03-28","","103.38888888"
"CARVAJAL - SEVILLANA","2012-03-25","","48.425"
"CARVAJAL - SEVILLANA","2012-03-24","","99.49999999"
"CARVAJAL - SEVILLANA","2012-03-23","","118.66666666"
"CARVAJAL - SEVILLANA","2012-03-22","","73.39583333"
"CARVAJAL - SEVILLANA","2012-03-21","","109.06944445"
"CARVAJAL - SEVILLANA","2012-03-20","","99.39583334"
"CARVAJAL - SEVILLANA","2012-03-19","","44.22222222"
"CARVAJAL - SEVILLANA","2012-03-18","","75.28472222"
"CARVAJAL - SEVILLANA","2012-03-17","","51.32638889"
"CARVAJAL - SEVILLANA","2012-03-16","","94.91666667"
"CARVAJAL - SEVILLANA","2012-03-15","","101.17424243"
"CARVAJAL - SEVILLANA","2012-03-14","","101.72916667"
"CARVAJAL - SEVILLANA","2012-03-13","","78.29365079"
"CARVAJAL - SEVILLANA","2012-03-12","","53.98611111"
"CARVAJAL - SEVILLANA","2012-03-11","","29.73611112"
"CARVAJAL - SEVILLANA","2012-03-10","","41.81944444"
"CARVAJAL - SEVILLANA","2012-03-09","","71.39583334"
"CARVAJAL - SEVILLANA","2012-03-08","","87.36111111"
"CARVAJAL - SEVILLANA","2012-03-07","","86.42361111"
"CARVAJAL - SEVILLANA","2012-03-06","","87.7013889"
"CARVAJAL - SEVILLANA","2012-03-05","","81.91666667"
"CARVAJAL - SEVILLANA","2012-03-04","","39.125"
"CARVAJAL - SEVILLANA","2012-03-03","","46.13194446"
"CARVAJAL - SEVILLANA","2012-03-02","","85.43055556"
"CARVAJAL - SEVILLANA","2012-03-01","","90.75"
"CARVAJAL - SEVILLANA","2012-02-29","","76.98611111"
"CARVAJAL - SEVILLANA","2012-02-28","","78.84027777"
"CARVAJAL - SEVILLANA","2012-02-27","","79.35416667"
"CARVAJAL - SEVILLANA","2012-02-26","","70.375"
"CARVAJAL - SEVILLANA","2012-02-25","","105.45833333"
"CARVAJAL - SEVILLANA","2012-02-24","","120.97916667"
"CARVAJAL - SEVILLANA","2012-02-23","","86.92361111"
"CARVAJAL - SEVILLANA","2012-02-22","","102.7361111"
"CARVAJAL - SEVILLANA","2012-02-21","","101.42361111"
"CARVAJAL - SEVILLANA","2012-02-20","","94.65277778"
"CARVAJAL - SEVILLANA","2012-02-19","","60.85416666"
"CARVAJAL - SEVILLANA","2012-02-18","","88.15277778"
"CARVAJAL - SEVILLANA","2012-02-17","","109.56944445"
"CARVAJAL - SEVILLANA","2012-02-16","","87.68333333"
"CARVAJAL - SEVILLANA","2012-02-15","","84.54166667"
"CARVAJAL - SEVILLANA","2012-02-14","","83.61805555"
"CARVAJAL - SEVILLANA","2012-02-13","","85.9513889"
"CARVAJAL - SEVILLANA","2012-02-12","","44.14583334"
"CARVAJAL - SEVILLANA","2012-02-11","","89.79166667"
"CARVAJAL - SEVILLANA","2012-02-10","","125.20833334"
"CARVAJAL - SEVILLANA","2012-02-09","","131.7013889"
"CARVAJAL - SEVILLANA","2012-02-08","","102.82500001"
"CARVAJAL - SEVILLANA","2012-02-07","","68.45454545"
"CARVAJAL - SEVILLANA","2012-02-06","","57.39583333"
"CARVAJAL - SEVILLANA","2012-02-05","","50.45833332"
"CARVAJAL - SEVILLANA","2012-02-04","","71.40277779"
"CARVAJAL - SEVILLANA","2012-02-03","","105.95833333"
"CARVAJAL - SEVILLANA","2012-02-02","","98.15277778"
"CARVAJAL - SEVILLANA","2012-02-01","","99.55555555"
"CARVAJAL - SEVILLANA","2012-01-31","","111.36111111"
"CARVAJAL - SEVILLANA","2012-01-30","","94.47916668"
"CARVAJAL - SEVILLANA","2012-01-29","","64.36111111"
"CARVAJAL - SEVILLANA","2012-01-28","","72.27777778"
"CARVAJAL - SEVILLANA","2012-01-27","","81.98611111"
"CARVAJAL - SEVILLANA","2012-01-26","","102.9469697"
"CARVAJAL - SEVILLANA","2012-01-25","","74.57638889"
"CARVAJAL - SEVILLANA","2012-01-24","","106.60833333"
"CARVAJAL - SEVILLANA","2012-01-23","","70.65972223"
"CARVAJAL - SEVILLANA","2012-01-22","","54.36111111"
"CARVAJAL - SEVILLANA","2012-01-21","","75.82638889"
"CARVAJAL - SEVILLANA","2012-01-20","","74.93939394"
"CARVAJAL - SEVILLANA","2012-01-19","","90.23611111"
"CARVAJAL - SEVILLANA","2012-01-18","","81.81060606"
"CARVAJAL - SEVILLANA","2012-01-17","","87.08333333"
"CARVAJAL - SEVILLANA","2012-01-16","","84.22916667"
"CARVAJAL - SEVILLANA","2012-01-15","","52.14583334"
"CARVAJAL - SEVILLANA","2012-01-14","","75.59027777"
"CARVAJAL - SEVILLANA","2012-01-13","","81.56140351"
"CARVAJAL - SEVILLANA","2012-01-12","","93.88888889"
"CARVAJAL - SEVILLANA","2012-01-11","","112.53333335"
"CARVAJAL - SEVILLANA","2012-01-10","","112.20833334"
"CARVAJAL - SEVILLANA","2012-01-09","","49.28124999"
"CARVAJAL - SEVILLANA","2012-01-08","","52.79166667"
"CARVAJAL - SEVILLANA","2012-01-07","","75.40277778"
"CARVAJAL - SEVILLANA","2012-01-06","","68.33333334"
"CARVAJAL - SEVILLANA","2012-01-05","","85.22916667"
"CARVAJAL - SEVILLANA","2012-01-04","","66.10606059"
"CARVAJAL - SEVILLANA","2012-01-02","","67.05263157"
"CARVAJAL - SEVILLANA","2012-01-01","","64.03472223"
"CARVAJAL - SEVILLANA","2011-12-31","","69.54861112"
"CARVAJAL - SEVILLANA","2011-12-30","","79.48611111"
"CARVAJAL - SEVILLANA","2011-12-29","","96.80555555"
"CARVAJAL - SEVILLANA","2011-12-28","","95.21739131"
"CARVAJAL - SEVILLANA","2011-12-27","","88.30555556"
"CARVAJAL - SEVILLANA","2011-12-26","","84.09027778"
"CARVAJAL - SEVILLANA","2011-12-25","","58.62500001"
"CARVAJAL - SEVILLANA","2011-12-24","","71.9375"
"CARVAJAL - SEVILLANA","2011-12-23","","88.65277778"
"CARVAJAL - SEVILLANA","2011-12-22","","118.76388889"
"CARVAJAL - SEVILLANA","2011-12-21","","156.66666667"
"CARVAJAL - SEVILLANA","2011-12-20","","117.1111111"
"CARVAJAL - SEVILLANA","2011-12-19","","78.26388889"
"CARVAJAL - SEVILLANA","2011-12-18","","66.37500001"
"CARVAJAL - SEVILLANA","2011-12-17","","65.5"
"CARVAJAL - SEVILLANA","2011-12-16","","81.91666666"
"CARVAJAL - SEVILLANA","2011-12-15","","70.1388889"
"CARVAJAL - SEVILLANA","2011-12-14","","102.22916667"
"CARVAJAL - SEVILLANA","2011-12-13","","102.29861111"
"CARVAJAL - SEVILLANA","2011-12-12","","107.60416666"
"CARVAJAL - SEVILLANA","2011-12-11","","101.36111111"
"CARVAJAL - SEVILLANA","2011-12-10","","133.36111111"
"CARVAJAL - SEVILLANA","2011-12-09","","112.70833333"
"CARVAJAL - SEVILLANA","2011-12-08","","87.50000001"
"CARVAJAL - SEVILLANA","2011-12-07","","71.6388889"
"CARVAJAL - SEVILLANA","2011-12-06","","63.86111111"
"CARVAJAL - SEVILLANA","2011-12-05","","71.98611111"
"CARVAJAL - SEVILLANA","2011-12-04","","75.0625"
"CARVAJAL - SEVILLANA","2011-12-03","","116.86363636"
"CARVAJAL - SEVILLANA","2011-12-02","","114.25694444"
"CARVAJAL - SEVILLANA","2011-12-01","","69.90972222"
"CARVAJAL - SEVILLANA","2011-11-30","","59.77777778"
"CARVAJAL - SEVILLANA","2011-11-29","","66.41666667"
"CARVAJAL - SEVILLANA","2011-11-28","","103.79166666"
"CARVAJAL - SEVILLANA","2011-11-27","","87.36111111"
"CARVAJAL - SEVILLANA","2011-11-26","","95.36111111"
"CARVAJAL - SEVILLANA","2011-11-25","","128.5625"
"CARVAJAL - SEVILLANA","2011-11-24","","85.6736111"
"CARVAJAL - SEVILLANA","2011-11-23","","73.10416667"
"CARVAJAL - SEVILLANA","2011-11-22","","86.72727273"
"CARVAJAL - SEVILLANA","2011-11-21","","76.35416667"
"CARVAJAL - SEVILLANA","2011-11-20","","41.1231884"
"CARVAJAL - SEVILLANA","2011-11-19","","41.86111111"
"CARVAJAL - SEVILLANA","2011-11-18","","63.58695652"
"CARVAJAL - SEVILLANA","2011-11-17","","56.21527777"
"CARVAJAL - SEVILLANA","2011-11-16","","107.09848486"
"CARVAJAL - SEVILLANA","2011-11-15","","103.1875"
"CARVAJAL - SEVILLANA","2011-11-14","","66.1736111"
"CARVAJAL - SEVILLANA","2011-11-13","","72.08333333"
"CARVAJAL - SEVILLANA","2011-11-12","","66.08333335"
"CARVAJAL - SEVILLANA","2011-11-11","","98.6875"
"CARVAJAL - SEVILLANA","2011-11-10","","123.34027778"
"CARVAJAL - SEVILLANA","2011-11-09","","81.77083334"
"CARVAJAL - SEVILLANA","2011-11-08","","92.52083334"
"CARVAJAL - SEVILLANA","2011-11-07","","81.51388889"
"CARVAJAL - SEVILLANA","2011-11-06","","88.88194445"
"CARVAJAL - SEVILLANA","2011-11-05","","132.55555555"
"CARVAJAL - SEVILLANA","2011-11-04","","137.27083333"
"CARVAJAL - SEVILLANA","2011-11-03","","111.55555555"
"CARVAJAL - SEVILLANA","2011-11-02","","111.87121212"
"CARVAJAL - SEVILLANA","2011-11-01","","124.70833333"
"CARVAJAL - SEVILLANA","2011-10-31","","103.56250001"
"CARVAJAL - SEVILLANA","2011-10-30","","65.71527778"
"CARVAJAL - SEVILLANA","2011-10-29","","94.20833333"
"CARVAJAL - SEVILLANA","2011-10-28","","109.97222223"
"CARVAJAL - SEVILLANA","2011-10-27","","172.51388889"
"CARVAJAL - SEVILLANA","2011-10-26","","129.70138889"
"CARVAJAL - SEVILLANA","2011-10-25","","77.78472222"
"CARVAJAL - SEVILLANA","2011-10-24","","57.99305555"
"CARVAJAL - SEVILLANA","2011-10-23","","77.04166666"
"CARVAJAL - SEVILLANA","2011-10-22","","53.64583333"
"CARVAJAL - SEVILLANA","2011-10-21","","76.73611111"
"CARVAJAL - SEVILLANA","2011-10-20","","37.9347826"
"CARVAJAL - SEVILLANA","2011-10-19","","44.93055555"
"CARVAJAL - SEVILLANA","2011-10-18","","43.85416668"
"CARVAJAL - SEVILLANA","2011-10-17","","23.49305555"
"CARVAJAL - SEVILLANA","2011-10-16","","42.87499999"
"CARVAJAL - SEVILLANA","2011-10-15","","28.54861111"
"CARVAJAL - SEVILLANA","2011-10-14","","43.39285714"
"CARVAJAL - SEVILLANA","2011-10-13","","55.51388888"
"CARVAJAL - SEVILLANA","2011-10-12","","54.07638889"
"CARVAJAL - SEVILLANA","2011-10-11","","83.71527777"
"CARVAJAL - SEVILLANA","2011-10-10","","81.70289854"
"CARVAJAL - SEVILLANA","2011-10-09","","83.16666666"
"CARVAJAL - SEVILLANA","2011-10-08","","98.02083334"
"CARVAJAL - SEVILLANA","2011-10-07","","103.9375"
"CARVAJAL - SEVILLANA","2011-10-06","","91.375"
"CARVAJAL - SEVILLANA","2011-10-05","","88.96376811"
"CARVAJAL - SEVILLANA","2011-10-04","","77.68750001"
"CARVAJAL - SEVILLANA","2011-10-03","","85.18055555"
"CARVAJAL - SEVILLANA","2011-10-02","","87.66666665"
"CARVAJAL - SEVILLANA","2011-10-01","","95.88888888"
"CARVAJAL - SEVILLANA","2011-09-30","","82.6111111"
"CARVAJAL - SEVILLANA","2011-09-29","","85.30555554"
"CARVAJAL - SEVILLANA","2011-09-28","","103.78472222"
"CARVAJAL - SEVILLANA","2011-09-27","","91.38194445"
"CARVAJAL - SEVILLANA","2011-09-26","","75.81818181"
"CARVAJAL - SEVILLANA","2011-09-25","","41.59027778"
"CARVAJAL - SEVILLANA","2011-09-24","","83.54166667"
"CARVAJAL - SEVILLANA","2011-09-23","","126.52083333"
"CARVAJAL - SEVILLANA","2011-09-22","","86.18055556"
"CARVAJAL - SEVILLANA","2011-09-21","","110.35416666"
"CARVAJAL - SEVILLANA","2011-09-20","","92.72222221"
"CARVAJAL - SEVILLANA","2011-09-19","","88.55555554"
"CARVAJAL - SEVILLANA","2011-09-18","","59.27777778"
"CARVAJAL - SEVILLANA","2011-09-17","","76.40972222"
"CARVAJAL - SEVILLANA","2011-09-16","","103.92424243"
"CARVAJAL - SEVILLANA","2011-09-15","","89.53472223"
"CARVAJAL - SEVILLANA","2011-09-14","","125.47222222"
"CARVAJAL - SEVILLANA","2011-09-13","","93.83333333"
"CARVAJAL - SEVILLANA","2011-09-12","","66.0"
"CARVAJAL - SEVILLANA","2011-09-11","","41.61805556"
"CARVAJAL - SEVILLANA","2011-09-10","","104.01388888"
"CARVAJAL - SEVILLANA","2011-09-09","","77.4074074"
"CARVAJAL - SEVILLANA","2011-09-08","","105.94444444"
"CARVAJAL - SEVILLANA","2011-09-07","","78.77777778"
"CARVAJAL - SEVILLANA","2011-09-06","","85.97222223"
"CARVAJAL - SEVILLANA","2011-09-05","","89.79861112"
"CARVAJAL - SEVILLANA","2011-09-04","","50.25694443"
"CARVAJAL - SEVILLANA","2011-09-03","","85.77777778"
"CARVAJAL - SEVILLANA","2011-09-02","","79.51388888"
"CARVAJAL - SEVILLANA","2011-09-01","","76.80555555"
"CARVAJAL - SEVILLANA","2011-08-31","","76.38194445"
"CARVAJAL - SEVILLANA","2011-08-30","","117.22916666"
"CARVAJAL - SEVILLANA","2011-08-29","","91.88888889"
"CARVAJAL - SEVILLANA","2011-08-28","","58.20833334"
"CARVAJAL - SEVILLANA","2011-08-27","","96.17361111"
"CARVAJAL - SEVILLANA","2011-08-26","","102.0138889"
"CARVAJAL - SEVILLANA","2011-08-25","","116.48611112"
"CARVAJAL - SEVILLANA","2011-08-24","","91.12500001"
"CARVAJAL - SEVILLANA","2011-08-23","","71.43055555"
"CARVAJAL - SEVILLANA","2011-08-22","","84.13194444"
"CARVAJAL - SEVILLANA","2011-08-21","","65.88194444"
"CARVAJAL - SEVILLANA","2011-08-20","","82.46527778"
"CARVAJAL - SEVILLANA","2011-08-19","","109.63194445"
"CARVAJAL - SEVILLANA","2011-08-18","","94.86805556"
"CARVAJAL - SEVILLANA","2011-08-17","","120.35416667"
"CARVAJAL - SEVILLANA","2011-08-16","","87.52777778"
"CARVAJAL - SEVILLANA","2011-08-15","","39.04861112"
"CARVAJAL - SEVILLANA","2011-08-14","","53.33333333"
"CARVAJAL - SEVILLANA","2011-08-13","","75.68749999"
"CARVAJAL - SEVILLANA","2011-08-12","","67.10416667"
"CARVAJAL - SEVILLANA","2011-08-11","","92.63194444"
"CARVAJAL - SEVILLANA","2011-08-10","","92.11805555"
"CARVAJAL - SEVILLANA","2011-08-09","","93.09722222"
"CARVAJAL - SEVILLANA","2011-08-08","","87.63194445"
"CARVAJAL - SEVILLANA","2011-08-07","","44.31944444"
"CARVAJAL - SEVILLANA","2011-08-06","","91.95138888"
"CARVAJAL - SEVILLANA","2011-08-05","","87.77083333"
"CARVAJAL - SEVILLANA","2011-08-04","","131.0"
"CARVAJAL - SEVILLANA","2011-08-03","","112.4375"
"CARVAJAL - SEVILLANA","2011-08-02","","108.56944445"
"CARVAJAL - SEVILLANA","2011-08-01","","119.20833333"
"CARVAJAL - SEVILLANA","2011-07-31","","66.66666667"
"CARVAJAL - SEVILLANA","2011-07-30","","58.63888889"
"CARVAJAL - SEVILLANA","2011-07-29","","102.32608696"
"CARVAJAL - SEVILLANA","2011-07-28","","88.36805556"
"CARVAJAL - SEVILLANA","2011-07-27","","82.65277778"
"CARVAJAL - SEVILLANA","2011-07-26","","83.47222223"
"CARVAJAL - SEVILLANA","2011-07-25","","74.47916665"
"CARVAJAL - SEVILLANA","2011-07-24","","44.90277778"
"CARVAJAL - SEVILLANA","2011-07-23","","69.52777777"
"CARVAJAL - SEVILLANA","2011-07-22","","82.43750001"
"CARVAJAL - SEVILLANA","2011-07-21","","84.29166667"
"CARVAJAL - SEVILLANA","2011-07-20","","65.47222222"
"CARVAJAL - SEVILLANA","2011-07-19","","90.18055557"
"CARVAJAL - SEVILLANA","2011-07-18","","78.74305556"
"CARVAJAL - SEVILLANA","2011-07-17","","57.99305556"
"CARVAJAL - SEVILLANA","2011-07-16","","106.77083333"
"CARVAJAL - SEVILLANA","2011-07-15","","115.90972223"
"CARVAJAL - SEVILLANA","2011-07-14","","109.21014493"
"CARVAJAL - SEVILLANA","2011-07-13","","70.1736111"
"CARVAJAL - SEVILLANA","2011-07-12","","78.68055557"
"CARVAJAL - SEVILLANA","2011-07-11","","84.00694444"
"CARVAJAL - SEVILLANA","2011-07-10","","51.29166666"
"CARVAJAL - SEVILLANA","2011-07-09","","78.29166667"
"CARVAJAL - SEVILLANA","2011-07-08","","92.15972222"
"CARVAJAL - SEVILLANA","2011-07-07","","82.9375"
"CARVAJAL - SEVILLANA","2011-07-06","","87.87121212"
"CARVAJAL - SEVILLANA","2011-07-05","","101.03472223"
"CARVAJAL - SEVILLANA","2011-07-04","","49.72916667"
"CARVAJAL - SEVILLANA","2011-07-03","","80.72222222"
"CARVAJAL - SEVILLANA","2011-07-02","","179.54166667"
"CARVAJAL - SEVILLANA","2011-07-01","","99.44736843"
"CARVAJAL - SEVILLANA","2011-06-30","","52.53472222"
"CARVAJAL - SEVILLANA","2011-06-29","","115.41666667"
"CARVAJAL - SEVILLANA","2011-06-28","","117.36363637"
"CARVAJAL - SEVILLANA","2011-06-27","","49.59027779"
"CARVAJAL - SEVILLANA","2011-06-26","","50.00694445"
"CARVAJAL - SEVILLANA","2011-06-25","","99.31481482"
"CARVAJAL - SEVILLANA","2011-06-23","","119.44791667"
"CARVAJAL - SEVILLANA","2011-06-22","","105.12499998"
"CARVAJAL - SEVILLANA","2011-06-21","","102.51515153"
"CARVAJAL - SEVILLANA","2011-06-20","","104.64583333"
"CARVAJAL - SEVILLANA","2011-06-19","","36.25"
"CARVAJAL - SEVILLANA","2011-06-18","","80.82638889"
"CARVAJAL - SEVILLANA","2011-06-17","","78.95138889"
"CARVAJAL - SEVILLANA","2011-06-16","","92.81060605"
"CARVAJAL - SEVILLANA","2011-06-15","","110.8560606"
"CARVAJAL - SEVILLANA","2011-06-14","","85.75694444"
"CARVAJAL - SEVILLANA","2011-06-13","","64.15151515"
"CARVAJAL - SEVILLANA","2011-06-12","","44.73611112"
"CARVAJAL - SEVILLANA","2011-06-11","","99.61666667"
"CARVAJAL - SEVILLANA","2011-06-10","","126.90972222"
"CARVAJAL - SEVILLANA","2011-06-09","","130.40277778"
"CARVAJAL - SEVILLANA","2011-06-08","","122.60144928"
"CARVAJAL - SEVILLANA","2011-06-07","","125.50694445"
"CARVAJAL - SEVILLANA","2011-06-06","","70.92500001"
"CARVAJAL - SEVILLANA","2011-06-05","","89.22727272"
"CARVAJAL - SEVILLANA","2011-06-04","","96.20833334"
"CARVAJAL - SEVILLANA","2011-06-03","","70.51515152"
"CARVAJAL - SEVILLANA","2011-06-02","","78.04166667"
"CARVAJAL - SEVILLANA","2011-06-01","","77.03472223"
"CARVAJAL - SEVILLANA","2011-05-31","","79.30303031"
"CARVAJAL - SEVILLANA","2011-05-30","","44.375"
"CARVAJAL - SEVILLANA","2011-05-29","","30.84027778"
"CARVAJAL - SEVILLANA","2011-05-28","","34.76515151"
"CARVAJAL - SEVILLANA","2011-05-27","","73.29166666"
"CARVAJAL - SEVILLANA","2011-05-26","","99.43181819"
"CARVAJAL - SEVILLANA","2011-05-25","","65.1060606"
"CARVAJAL - SEVILLANA","2011-05-24","","102.16666666"
"CARVAJAL - SEVILLANA","2011-05-23","","147.54545454"
"CARVAJAL - SEVILLANA","2011-05-22","","73.0"
"CARVAJAL - SEVILLANA","2011-05-21","","127.45833333"
"CARVAJAL - SEVILLANA","2011-05-20","","143.90277777"
"CARVAJAL - SEVILLANA","2011-05-19","","64.00694445"
"CARVAJAL - SEVILLANA","2011-05-18","","57.30555555"
"CARVAJAL - SEVILLANA","2011-05-17","","56.77536232"
"CARVAJAL - SEVILLANA","2011-05-16","","62.32638888"
"CARVAJAL - SEVILLANA","2011-05-15","","60.15972223"
"CARVAJAL - SEVILLANA","2011-05-14","","75.47916668"
"CARVAJAL - SEVILLANA","2011-05-13","","89.46969698"
"CARVAJAL - SEVILLANA","2011-05-12","","83.93750001"
"CARVAJAL - SEVILLANA","2011-05-11","","106.48611111"
"CARVAJAL - SEVILLANA","2011-05-10","","121.87878789"
"CARVAJAL - SEVILLANA","2011-05-09","","106.64583334"
"CARVAJAL - SEVILLANA","2011-05-08","","66.375"
"CARVAJAL - SEVILLANA","2011-05-07","","104.13194445"
"CARVAJAL - SEVILLANA","2011-05-06","","127.4375"
"CARVAJAL - SEVILLANA","2011-05-05","","128.78472223"
"CARVAJAL - SEVILLANA","2011-05-04","","100.78571429"
"CARVAJAL - SEVILLANA","2011-05-03","","105.00000001"
"CARVAJAL - SEVILLANA","2011-05-02","","78.03472222"
"CARVAJAL - SEVILLANA","2011-05-01","","60.88194444"
"CARVAJAL - SEVILLANA","2011-04-30","","114.36805556"
"CARVAJAL - SEVILLANA","2011-04-29","","109.41666668"
"CARVAJAL - SEVILLANA","2011-04-28","","93.84722223"
"CARVAJAL - SEVILLANA","2011-04-27","","105.36363636"
"CARVAJAL - SEVILLANA","2011-04-26","","123.8015873"
"CARVAJAL - SEVILLANA","2011-04-25","","67.94444443"
"CARVAJAL - SEVILLANA","2011-04-23","","29.45"
"CARVAJAL - SEVILLANA","2011-04-22","","18.11805555"
"CARVAJAL - SEVILLANA","2011-04-21","","34.96527778"
"CARVAJAL - SEVILLANA","2011-04-20","","44.78472222"
"CARVAJAL - SEVILLANA","2011-04-19","","54.83333334"
"CARVAJAL - SEVILLANA","2011-04-18","","97.42361111"
"CARVAJAL - SEVILLANA","2011-04-17","","47.44927537"
"CARVAJAL - SEVILLANA","2011-04-16","","91.56249999"
"CARVAJAL - SEVILLANA","2011-04-15","","67.71969696"
"CARVAJAL - SEVILLANA","2011-04-14","","102.72916667"
"CARVAJAL - SEVILLANA","2011-04-13","","61.5625"
"CARVAJAL - SEVILLANA","2011-04-12","","44.08333333"
"CARVAJAL - SEVILLANA","2011-04-11","","59.92361111"
"CARVAJAL - SEVILLANA","2011-04-10","","27.8125"
"CARVAJAL - SEVILLANA","2011-04-09","","63.74305555"
"CARVAJAL - SEVILLANA","2011-04-08","","109.78472222"
"CARVAJAL - SEVILLANA","2011-04-07","","115.30555555"
"CARVAJAL - SEVILLANA","2011-04-06","","90.7986111"
"CARVAJAL - SEVILLANA","2011-04-05","","85.71014493"
"CARVAJAL - SEVILLANA","2011-04-04","","77.90277777"
"CARVAJAL - SEVILLANA","2011-04-03","","80.5763889"
"CARVAJAL - SEVILLANA","2011-04-02","","91.61805555"
"CARVAJAL - SEVILLANA","2011-04-01","","119.66666666"
"CARVAJAL - SEVILLANA","2011-03-31","","127.93055555"
"CARVAJAL - SEVILLANA","2011-03-30","","124.2638889"
"CARVAJAL - SEVILLANA","2011-03-29","","134.74999999"
"CARVAJAL - SEVILLANA","2011-03-28","","123.89583333"
"CARVAJAL - SEVILLANA","2011-03-27","","71.29166667"
"CARVAJAL - SEVILLANA","2011-03-26","","90.4236111"
"CARVAJAL - SEVILLANA","2011-03-25","","80.04861112"
"CARVAJAL - SEVILLANA","2011-03-24","","122.28472222"
"CARVAJAL - SEVILLANA","2011-03-23","","91.6060606"
"CARVAJAL - SEVILLANA","2011-03-22","","72.8768116"
"CARVAJAL - SEVILLANA","2011-03-21","","53.08333334"
"CARVAJAL - SEVILLANA","2011-03-20","","91.43055556"
"CARVAJAL - SEVILLANA","2011-03-19","","95.70138889"
"CARVAJAL - SEVILLANA","2011-03-18","","101.59027778"
"CARVAJAL - SEVILLANA","2011-03-17","","138.88888888"
"CARVAJAL - SEVILLANA","2011-03-16","","103.88194444"
"CARVAJAL - SEVILLANA","2011-03-15","","83.26388888"
"CARVAJAL - SEVILLANA","2011-03-14","","62.84027778"
"CARVAJAL - SEVILLANA","2011-03-13","","45.79166666"
"CARVAJAL - SEVILLANA","2011-03-12","","46.0"
"CARVAJAL - SEVILLANA","2011-03-11","","46.25"
"CARVAJAL - SEVILLANA","2011-03-10","","51.57936507"
"CARVAJAL - SEVILLANA","2011-03-09","","73.1736111"
"CARVAJAL - SEVILLANA","2011-03-08","","98.55555556"
"CARVAJAL - SEVILLANA","2011-03-07","","101.44927537"
"CARVAJAL - SEVILLANA","2011-03-06","","40.61363637"
"CARVAJAL - SEVILLANA","2011-03-05","","132.53472222"
"CARVAJAL - SEVILLANA","2011-03-04","","71.18939394"
"CARVAJAL - SEVILLANA","2011-03-03","","46.25"
"CARVAJAL - SEVILLANA","2011-03-02","","47.2638889"
"CARVAJAL - SEVILLANA","2011-03-01","","53.47222222"
"CARVAJAL - SEVILLANA","2011-02-28","","111.04861111"
"CARVAJAL - SEVILLANA","2011-02-27","","83.83333333"
"CARVAJAL - SEVILLANA","2011-02-26","","115.63194445"
"CARVAJAL - SEVILLANA","2011-02-25","","134.91666666"
"CARVAJAL - SEVILLANA","2011-02-24","","64.52777779"
"CARVAJAL - SEVILLANA","2011-02-23","","117.52083334"
"CARVAJAL - SEVILLANA","2011-02-22","","132.20833335"
"CARVAJAL - SEVILLANA","2011-02-21","","120.62121214"
"CARVAJAL - SEVILLANA","2011-02-20","","61.60416667"
"CARVAJAL - SEVILLANA","2011-02-19","","78.03472222"
"CARVAJAL - SEVILLANA","2011-02-18","","72.46527778"
"CARVAJAL - SEVILLANA","2011-02-17","","88.58333334"
"CARVAJAL - SEVILLANA","2011-02-16","","75.98611111"
"CARVAJAL - SEVILLANA","2011-02-15","","115.97916667"
"CARVAJAL - SEVILLANA","2011-02-14","","86.71794872"
"CARVAJAL - SEVILLANA","2011-02-11","","146.7948718"
"CARVAJAL - SEVILLANA","2011-02-10","","95.49242425"
"CARVAJAL - SEVILLANA","2011-02-09","","73.55555554"
"CARVAJAL - SEVILLANA","2011-02-08","","66.35416667"
"CARVAJAL - SEVILLANA","2011-02-07","","69.3125"
"CARVAJAL - SEVILLANA","2011-02-06","","58.45138889"
"CARVAJAL - SEVILLANA","2011-02-05","","100.55555555"
"CARVAJAL - SEVILLANA","2011-02-04","","103.40151515"
"CARVAJAL - SEVILLANA","2011-02-03","","119.89393939"
"CARVAJAL - SEVILLANA","2011-02-02","","89.64583333"
"CARVAJAL - SEVILLANA","2011-02-01","","97.1521739"
"CARVAJAL - SEVILLANA","2011-01-31","","78.26811594"
"CARVAJAL - SEVILLANA","2011-01-30","","51.88194445"
"CARVAJAL - SEVILLANA","2011-01-29","","105.02380952"
"CARVAJAL - SEVILLANA","2011-01-28","","98.81060605"
"CARVAJAL - SEVILLANA","2011-01-27","","101.97222223"
"CARVAJAL - SEVILLANA","2011-01-26","","104.57971016"
"CARVAJAL - SEVILLANA","2011-01-25","","118.53472222"
"CARVAJAL - SEVILLANA","2011-01-24","","98.28787878"
"CARVAJAL - SEVILLANA","2011-01-22","","98.35416667"
"CARVAJAL - SEVILLANA","2011-01-21","","68.70833333"
"CARVAJAL - SEVILLANA","2011-01-20","","96.84848485"
"CARVAJAL - SEVILLANA","2011-01-19","","89.68939393"
"CARVAJAL - SEVILLANA","2011-01-18","","104.79166667"
"CARVAJAL - SEVILLANA","2011-01-17","","100.66666667"
"CARVAJAL - SEVILLANA","2011-01-16","","76.63888889"
"CARVAJAL - SEVILLANA","2011-01-15","","109.99999999"
"CARVAJAL - SEVILLANA","2011-01-14","","126.33333335"
"CARVAJAL - SEVILLANA","2011-01-13","","115.64492754"
"CARVAJAL - SEVILLANA","2011-01-12","","120.19444445"
"CARVAJAL - SEVILLANA","2011-01-11","","82.47916666"
"CARVAJAL - SEVILLANA","2011-01-10","","45.64583333"
"CARVAJAL - SEVILLANA","2011-01-09","","45.83333334"
"CARVAJAL - SEVILLANA","2011-01-08","","72.81944444"
"CARVAJAL - SEVILLANA","2011-01-07","","86.44444445"
"CARVAJAL - SEVILLANA","2011-01-06","","82.7638889"
"CARVAJAL - SEVILLANA","2011-01-05","","66.7037037"
"CARVAJAL - SEVILLANA","2011-01-04","","108.56249999"
"CARVAJAL - SEVILLANA","2011-01-03","","81.31944444"
"CARVAJAL - SEVILLANA","2011-01-02","","42.47916667"
"CARVAJAL - SEVILLANA","2011-01-01","","58.25694445"
"CARVAJAL - SEVILLANA","2010-12-31","","74.75694445"
"CARVAJAL - SEVILLANA","2010-12-30","","100.625"
"CARVAJAL - SEVILLANA","2010-12-29","","114.69166667"
"CARVAJAL - SEVILLANA","2010-12-28","","109.35416668"
"CARVAJAL - SEVILLANA","2010-12-27","","98.89583333"
"CARVAJAL - SEVILLANA","2010-12-26","","39.41666666"
"CARVAJAL - SEVILLANA","2010-12-25","","81.9375"
"CARVAJAL - SEVILLANA","2010-12-24","","76.73484848"
"CARVAJAL - SEVILLANA","2010-12-23","","111.06944445"
"CARVAJAL - SEVILLANA","2010-12-22","","139.86363637"
"CARVAJAL - SEVILLANA","2010-12-21","","86.52777778"
"CARVAJAL - SEVILLANA","2010-12-20","","42.84027778"
"CARVAJAL - SEVILLANA","2010-12-19","","81.75"
"CARVAJAL - SEVILLANA","2010-12-18","","72.24305555"
"CARVAJAL - SEVILLANA","2010-12-17","","126.21527778"
"CARVAJAL - SEVILLANA","2010-12-16","","80.875"
"CARVAJAL - SEVILLANA","2010-12-15","","87.70833333"
"CARVAJAL - SEVILLANA","2010-12-14","","87.06944445"
"CARVAJAL - SEVILLANA","2010-12-13","","61.1388889"
"CARVAJAL - SEVILLANA","2010-12-12","","95.25"
"CARVAJAL - SEVILLANA","2010-12-11","","110.20833333"
"CARVAJAL - SEVILLANA","2010-12-10","","120.36805555"
"CARVAJAL - SEVILLANA","2010-12-09","","118.79166667"
"CARVAJAL - SEVILLANA","2010-12-08","","106.38194445"
"CARVAJAL - SEVILLANA","2010-12-07","","104.57638888"
"CARVAJAL - SEVILLANA","2010-12-06","","101.8030303"
"CARVAJAL - SEVILLANA","2010-12-05","","80.06818182"
"CARVAJAL - SEVILLANA","2010-12-04","","79.7986111"
"CARVAJAL - SEVILLANA","2010-12-03","","62.34722222"
"CARVAJAL - SEVILLANA","2010-12-02","","57.92753624"
"CARVAJAL - SEVILLANA","2010-12-01","","76.65972223"
"CARVAJAL - SEVILLANA","2010-11-30","","93.8125"
"CARVAJAL - SEVILLANA","2010-11-29","","93.38888888"
"CARVAJAL - SEVILLANA","2010-11-28","","89.99305556"
"CARVAJAL - SEVILLANA","2010-11-27","","82.25694444"
"CARVAJAL - SEVILLANA","2010-11-26","","111.56060605"
"CARVAJAL - SEVILLANA","2010-11-25","","87.38194444"
"CARVAJAL - SEVILLANA","2010-11-24","","66.6736111"
"CARVAJAL - SEVILLANA","2010-11-23","","105.6875"
"CARVAJAL - SEVILLANA","2010-11-22","","111.64583334"
"CARVAJAL - SEVILLANA","2010-11-21","","83.625"
"CARVAJAL - SEVILLANA","2010-11-20","","71.36805556"
"CARVAJAL - SEVILLANA","2010-11-19","","73.63636364"
"CARVAJAL - SEVILLANA","2010-11-18","","99.61805555"
"CARVAJAL - SEVILLANA","2010-11-17","","78.79545455"
"CARVAJAL - SEVILLANA","2010-11-16","","54.46666666"
"CARVAJAL - SEVILLANA","2010-11-14","","31.92028986"
"CARVAJAL - SEVILLANA","2010-11-13","","92.31578947"
"CARVAJAL - SEVILLANA","2010-11-12","","121.34166667"
"CARVAJAL - SEVILLANA","2010-11-11","","104.02083334"
"CARVAJAL - SEVILLANA","2010-11-10","","70.06944444"
"CARVAJAL - SEVILLANA","2010-11-09","","72.56944445"
"CARVAJAL - SEVILLANA","2010-11-08","","45.375"
"CARVAJAL - SEVILLANA","2010-11-07","","41.18181818"
"CARVAJAL - SEVILLANA","2010-11-06","","61.68055555"
"CARVAJAL - SEVILLANA","2010-11-05","","104.76388888"
"CARVAJAL - SEVILLANA","2010-11-04","","113.23611111"
"CARVAJAL - SEVILLANA","2010-11-03","","102.81818182"
"CARVAJAL - SEVILLANA","2010-11-02","","106.93055556"
"CARVAJAL - SEVILLANA","2010-11-01","","64.63888888"
"CARVAJAL - SEVILLANA","2010-10-31","","45.45833333"
"CARVAJAL - SEVILLANA","2010-10-30","","69.54166666"
"CARVAJAL - SEVILLANA","2010-10-29","","86.51388888"
"CARVAJAL - SEVILLANA","2010-10-28","","76.625"
"CARVAJAL - SEVILLANA","2010-10-27","","89.88194444"
"CARVAJAL - SEVILLANA","2010-10-26","","69.82638888"
"CARVAJAL - SEVILLANA","2010-10-25","","80.04166667"
"CARVAJAL - SEVILLANA","2010-10-24","","47.67361112"
"CARVAJAL - SEVILLANA","2010-10-23","","98.79861111"
"CARVAJAL - SEVILLANA","2010-10-22","","115.95138889"
"CARVAJAL - SEVILLANA","2010-10-21","","121.31944445"
"CARVAJAL - SEVILLANA","2010-10-20","","69.97916666"
"CARVAJAL - SEVILLANA","2010-10-19","","54.38194445"
"CARVAJAL - SEVILLANA","2010-10-18","","52.24305555"
"CARVAJAL - SEVILLANA","2010-10-17","","56.75"
"CARVAJAL - SEVILLANA","2010-10-16","","84.4236111"
"CARVAJAL - SEVILLANA","2010-10-15","","103.10416667"
"CARVAJAL - SEVILLANA","2010-10-14","","95.63888888"
"CARVAJAL - SEVILLANA","2010-10-13","","82.02083333"
"CARVAJAL - SEVILLANA","2010-10-12","","86.32638889"
"CARVAJAL - SEVILLANA","2010-10-11","","78.78472222"
"CARVAJAL - SEVILLANA","2010-10-10","","63.4375"
"CARVAJAL - SEVILLANA","2010-10-09","","83.65277778"
"CARVAJAL - SEVILLANA","2010-10-08","","81.86805555"
"CARVAJAL - SEVILLANA","2010-10-07","","88.77083333"
"CARVAJAL - SEVILLANA","2010-10-06","","107.80555555"
"CARVAJAL - SEVILLANA","2010-10-05","","71.14912281"
"CARVAJAL - SEVILLANA","2010-10-04","","60.72222221"
"CARVAJAL - SEVILLANA","2010-10-03","","71.97222223"
"CARVAJAL - SEVILLANA","2010-10-02","","83.56944445"
"CARVAJAL - SEVILLANA","2010-10-01","","124.8968254"
"CARVAJAL - SEVILLANA","2010-09-30","","115.69444444"
"CARVAJAL - SEVILLANA","2010-09-29","","126.18055556"
"CARVAJAL - SEVILLANA","2010-09-28","","69.79166666"
"CARVAJAL - SEVILLANA","2010-09-27","","94.40972222"
"CARVAJAL - SEVILLANA","2010-09-26","","71.5625"
"CARVAJAL - SEVILLANA","2010-09-25","","113.85416666"
"CARVAJAL - SEVILLANA","2010-09-24","","99.41666667"
"CARVAJAL - SEVILLANA","2010-09-23","","107.79166667"
"CARVAJAL - SEVILLANA","2010-09-22","","85.85185188"
"CARVAJAL - SEVILLANA","2010-09-21","","114.27380953"
"CARVAJAL - SEVILLANA","2010-09-20","","77.11805557"
"CARVAJAL - SEVILLANA","2010-09-19","","59.35416667"
"CARVAJAL - SEVILLANA","2010-09-18","","100.30555556"
"CARVAJAL - SEVILLANA","2010-09-17","","93.09722222"
"CARVAJAL - SEVILLANA","2010-09-16","","118.47916667"
"CARVAJAL - SEVILLANA","2010-09-15","","98.03174604"
"CARVAJAL - SEVILLANA","2010-09-14","","130.47222223"
"CARVAJAL - SEVILLANA","2010-09-13","","129.36111112"
"CARVAJAL - SEVILLANA","2010-09-12","","92.09027777"
"CARVAJAL - SEVILLANA","2010-09-11","","124.36111112"
"CARVAJAL - SEVILLANA","2010-09-10","","119.23188406"
"CARVAJAL - SEVILLANA","2010-09-09","","108.84722223"
"CARVAJAL - SEVILLANA","2010-09-08","","73.69047619"
"CARVAJAL - SEVILLANA","2010-09-03","","59.53333333"
"CARVAJAL - SEVILLANA","2010-09-02","","89.4861111"
"CARVAJAL - SEVILLANA","2010-09-01","","101.21666666"
"CARVAJAL - SEVILLANA","2010-08-31","","97.42361111"
"CARVAJAL - SEVILLANA","2010-08-30","","84.90277777"
"CARVAJAL - SEVILLANA","2010-08-29","","50.43055555"
"CARVAJAL - SEVILLANA","2010-08-28","","70.93055555"
"CARVAJAL - SEVILLANA","2010-08-27","","138.64583333"
"CARVAJAL - SEVILLANA","2010-08-26","","94.875"
"CARVAJAL - SEVILLANA","2010-08-25","","119.35416666"
"CARVAJAL - SEVILLANA","2010-08-24","","96.38194444"
"CARVAJAL - SEVILLANA","2010-08-23","","114.04166667"
"CARVAJAL - SEVILLANA","2010-08-22","","87.73611111"
"CARVAJAL - SEVILLANA","2010-08-21","","92.77777778"
"CARVAJAL - SEVILLANA","2010-08-20","","102.32638888"
"CARVAJAL - SEVILLANA","2010-08-19","","90.48611111"
"CARVAJAL - SEVILLANA","2010-08-18","","117.26388888"
"CARVAJAL - SEVILLANA","2010-08-17","","133.36805555"
"CARVAJAL - SEVILLANA","2010-08-16","","54.2361111"
"CARVAJAL - SEVILLANA","2010-08-15","","57.09722222"
"CARVAJAL - SEVILLANA","2010-08-14","","73.88888888"
"CARVAJAL - SEVILLANA","2010-08-13","","93.97222223"
"CARVAJAL - SEVILLANA","2010-08-12","","92.01388889"
"CARVAJAL - SEVILLANA","2010-08-11","","88.52083333"
"CARVAJAL - SEVILLANA","2010-08-10","","101.5"
"CARVAJAL - SEVILLANA","2010-08-09","","86.94444444"
"CARVAJAL - SEVILLANA","2010-08-08","","42.96527778"
"CARVAJAL - SEVILLANA","2010-08-07","","87.49305555"
"CARVAJAL - SEVILLANA","2010-08-06","","73.36111112"
"CARVAJAL - SEVILLANA","2010-08-05","","92.70833334"
"CARVAJAL - SEVILLANA","2010-08-04","","85.50694444"
"CARVAJAL - SEVILLANA","2010-08-03","","103.75694445"
"CARVAJAL - SEVILLANA","2010-08-02","","91.49305555"
"CARVAJAL - SEVILLANA","2010-08-01","","72.45833334"
"CARVAJAL - SEVILLANA","2010-07-31","","96.35416667"
"CARVAJAL - SEVILLANA","2010-07-30","","133.63888889"
"CARVAJAL - SEVILLANA","2010-07-29","","133.77536231"
"CARVAJAL - SEVILLANA","2010-07-28","","89.2638889"
"CARVAJAL - SEVILLANA","2010-07-27","","77.21527778"
"CARVAJAL - SEVILLANA","2010-07-26","","80.82638888"
"CARVAJAL - SEVILLANA","2010-07-25","","48.97916668"
"CARVAJAL - SEVILLANA","2010-07-24","","78.79166666"
"CARVAJAL - SEVILLANA","2010-07-23","","88.40972222"
"CARVAJAL - SEVILLANA","2010-07-22","","158.01388889"
"CARVAJAL - SEVILLANA","2010-07-21","","116.89583335"
"CARVAJAL - SEVILLANA","2010-07-20","","73.45138889"
"CARVAJAL - SEVILLANA","2010-07-19","","91.45614035"
"CARVAJAL - SEVILLANA","2010-07-18","","44.16666667"
"CARVAJAL - SEVILLANA","2010-07-17","","78.5909091"
"CARVAJAL - SEVILLANA","2010-07-15","","79.76923076"
"CARVAJAL - SEVILLANA","2010-07-14","","108.33333334"
"CARVAJAL - SEVILLANA","2010-07-13","","125.36111111"
"CARVAJAL - SEVILLANA","2010-07-12","","109.43055556"
"CARVAJAL - SEVILLANA","2010-07-11","","34.99305556"
"CARVAJAL - SEVILLANA","2010-07-10","","83.06250001"
"CARVAJAL - SEVILLANA","2010-07-09","","70.5625"
"CARVAJAL - SEVILLANA","2010-07-08","","62.47222222"
"CARVAJAL - SEVILLANA","2010-07-07","","73.96527779"
"CARVAJAL - SEVILLANA","2010-07-06","","55.47222223"
"CARVAJAL - SEVILLANA","2010-07-05","","53.71527779"
"CARVAJAL - SEVILLANA","2010-07-04","","45.07638889"
"CARVAJAL - SEVILLANA","2010-07-03","","105.01388888"
"CARVAJAL - SEVILLANA","2010-07-02","","87.04166666"
"CARVAJAL - SEVILLANA","2010-07-01","","84.59722222"
"CARVAJAL - SEVILLANA","2010-06-30","","96.51388888"
"CARVAJAL - SEVILLANA","2010-06-29","","70.72222222"
"CARVAJAL - SEVILLANA","2010-06-28","","76.09166667"
"CARVAJAL - SEVILLANA","2010-06-27","","48.05555556"
"CARVAJAL - SEVILLANA","2010-06-26","","75.25"
"CARVAJAL - SEVILLANA","2010-06-25","","88.38194444"
"CARVAJAL - SEVILLANA","2010-06-24","","95.76388888"
"CARVAJAL - SEVILLANA","2010-06-23","","113.46527778"
"CARVAJAL - SEVILLANA","2010-06-22","","111.56944444"
"CARVAJAL - SEVILLANA","2010-06-21","","75.29166666"
"CARVAJAL - SEVILLANA","2010-06-20","","40.29861111"
"CARVAJAL - SEVILLANA","2010-06-19","","83.84027778"
"CARVAJAL - SEVILLANA","2010-06-18","","84.58333334"
"CARVAJAL - SEVILLANA","2010-06-17","","93.4861111"
"CARVAJAL - SEVILLANA","2010-06-16","","84.63492062"
"CARVAJAL - SEVILLANA","2010-06-15","","77.3125"
"CARVAJAL - SEVILLANA","2010-06-14","","52.32638889"
"CARVAJAL - SEVILLANA","2010-06-13","","59.65909091"
"CARVAJAL - SEVILLANA","2010-06-12","","78.52083333"
"CARVAJAL - SEVILLANA","2010-06-11","","83.58333334"
"CARVAJAL - SEVILLANA","2010-06-10","","92.07142857"
"CARVAJAL - SEVILLANA","2010-06-09","","97.24305556"
"CARVAJAL - SEVILLANA","2010-06-08","","109.90972223"
"CARVAJAL - SEVILLANA","2010-06-07","","46.20138889"
"CARVAJAL - SEVILLANA","2010-06-06","","53.16666666"
"CARVAJAL - SEVILLANA","2010-06-05","","93.46527778"
"CARVAJAL - SEVILLANA","2010-06-04","","110.79861111"
"CARVAJAL - SEVILLANA","2010-06-03","","87.60833334"
"CARVAJAL - SEVILLANA","2010-06-02","","87.61111112"
"CARVAJAL - SEVILLANA","2010-06-01","","84.61805556"
"CARVAJAL - SEVILLANA","2010-05-31","","64.13492063"
"CARVAJAL - SEVILLANA","2010-05-30","","58.81944444"
"CARVAJAL - SEVILLANA","2010-05-29","","76.39583333"
"CARVAJAL - SEVILLANA","2010-05-28","","106.15972223"
"CARVAJAL - SEVILLANA","2010-05-27","","56.88888889"
"CARVAJAL - SEVILLANA","2010-05-26","","79.54166667"
"CARVAJAL - SEVILLANA","2010-05-25","","96.925"
"CARVAJAL - SEVILLANA","2010-05-24","","105.5625"
"CARVAJAL - SEVILLANA","2010-05-23","","54.46527777"
"CARVAJAL - SEVILLANA","2010-05-22","","97.10416666"
"CARVAJAL - SEVILLANA","2010-05-21","","61.2013889"
"CARVAJAL - SEVILLANA","2010-05-20","","96.92361111"
"CARVAJAL - SEVILLANA","2010-05-19","","79.13194444"
"CARVAJAL - SEVILLANA","2010-05-18","","101.55263158"
"CARVAJAL - SEVILLANA","2010-05-17","","45.24305555"
"CARVAJAL - SEVILLANA","2010-05-16","","41.79861111"
"CARVAJAL - SEVILLANA","2010-05-15","","78.42361112"
"CARVAJAL - SEVILLANA","2010-05-14","","82.17424242"
"CARVAJAL - SEVILLANA","2010-05-13","","113.9469697"
"CARVAJAL - SEVILLANA","2010-05-12","","76.94444445"
"CARVAJAL - SEVILLANA","2010-05-11","","91.16666667"
"CARVAJAL - SEVILLANA","2010-05-10","","97.70833333"
"CARVAJAL - SEVILLANA","2010-05-09","","58.36805556"
"CARVAJAL - SEVILLANA","2010-05-08","","95.20833333"
"CARVAJAL - SEVILLANA","2010-05-07","","129.42982456"
"CARVAJAL - SEVILLANA","2010-05-06","","82.96527778"
"CARVAJAL - SEVILLANA","2010-05-05","","69.15277778"
"CARVAJAL - SEVILLANA","2010-05-04","","64.63888889"
"CARVAJAL - SEVILLANA","2010-05-03","","68.09090908"
"CARVAJAL - SEVILLANA","2010-05-02","","67.91666667"
"CARVAJAL - SEVILLANA","2010-05-01","","110.125"
"CARVAJAL - SEVILLANA","2010-04-30","","96.25833334"
"CARVAJAL - SEVILLANA","2010-04-29","","104.8560606"
"CARVAJAL - SEVILLANA","2010-04-28","","104.95833333"
"CARVAJAL - SEVILLANA","2010-04-27","","96.85714285"
"CARVAJAL - SEVILLANA","2010-04-26","","90.52777778"
"CARVAJAL - SEVILLANA","2010-04-25","","54.24305556"
"CARVAJAL - SEVILLANA","2010-04-24","","76.90277778"
"CARVAJAL - SEVILLANA","2010-04-23","","120.34027778"
"CARVAJAL - SEVILLANA","2010-04-22","","117.08333334"
"CARVAJAL - SEVILLANA","2010-04-21","","153.33333334"
"CARVAJAL - SEVILLANA","2010-04-20","","125.16666667"
"CARVAJAL - SEVILLANA","2010-04-19","","58.83333333"
"CARVAJAL - SEVILLANA","2010-04-18","","79.49305556"
"CARVAJAL - SEVILLANA","2010-04-17","","122.04861111"
"CARVAJAL - SEVILLANA","2010-04-16","","116.96527778"
"CARVAJAL - SEVILLANA","2010-04-15","","78.6111111"
"CARVAJAL - SEVILLANA","2010-04-14","","66.10416667"
"CARVAJAL - SEVILLANA","2010-04-13","","81.16666667"
"CARVAJAL - SEVILLANA","2010-04-12","","93.54861111"
"CARVAJAL - SEVILLANA","2010-04-11","","43.93749999"
"CARVAJAL - SEVILLANA","2010-04-10","","87.69444443"
"CARVAJAL - SEVILLANA","2010-04-09","","67.0625"
"CARVAJAL - SEVILLANA","2010-04-08","","94.65277778"
"CARVAJAL - SEVILLANA","2010-04-07","","94.83333333"
"CARVAJAL - SEVILLANA","2010-04-06","","51.83333333"
"CARVAJAL - SEVILLANA","2010-04-05","","96.0079365"
"CARVAJAL - SEVILLANA","2010-04-04","","69.36805555"
"CARVAJAL - SEVILLANA","2010-04-03","","68.5138889"
"CARVAJAL - SEVILLANA","2010-04-02","","69.04861112"
"CARVAJAL - SEVILLANA","2010-04-01","","114.875"
"CARVAJAL - SEVILLANA","2010-03-31","","90.14583333"
"CARVAJAL - SEVILLANA","2010-03-30","","99.46031747"
"CARVAJAL - SEVILLANA","2010-03-29","","121.67361111"
"CARVAJAL - SEVILLANA","2010-03-28","","74.38888889"
"CARVAJAL - SEVILLANA","2010-03-27","","112.74305556"
"CARVAJAL - SEVILLANA","2010-03-26","","113.59027779"
"CARVAJAL - SEVILLANA","2010-03-25","","115.36111111"
"CARVAJAL - SEVILLANA","2010-03-24","","108.97916667"
"CARVAJAL - SEVILLANA","2010-03-23","","102.36805555"
"CARVAJAL - SEVILLANA","2010-03-22","","69.09027778"
"CARVAJAL - SEVILLANA","2010-03-21","","47.46527778"
"CARVAJAL - SEVILLANA","2010-03-20","","72.40277777"
"CARVAJAL - SEVILLANA","2010-03-19","","76.3125"
"CARVAJAL - SEVILLANA","2010-03-18","","100.94444444"
"CARVAJAL - SEVILLANA","2010-03-17","","106.4236111"
"CARVAJAL - SEVILLANA","2010-03-16","","112.1984127"
"CARVAJAL - SEVILLANA","2010-03-15","","129.23611111"
"CARVAJAL - SEVILLANA","2010-03-14","","84.20833334"
"CARVAJAL - SEVILLANA","2010-03-13","","123.49305555"
"CARVAJAL - SEVILLANA","2010-03-12","","119.36507936"
"CARVAJAL - SEVILLANA","2010-03-11","","89.22916667"
"CARVAJAL - SEVILLANA","2010-03-10","","99.375"
"CARVAJAL - SEVILLANA","2010-03-09","","103.13194443"
"CARVAJAL - SEVILLANA","2010-03-08","","100.97222222"
"CARVAJAL - SEVILLANA","2010-03-07","","55.45138889"
"CARVAJAL - SEVILLANA","2010-03-06","","91.47222224"
"CARVAJAL - SEVILLANA","2010-03-05","","116.53472222"
"CARVAJAL - SEVILLANA","2010-03-04","","152.22222222"
"CARVAJAL - SEVILLANA","2010-03-03","","109.75833333"
"CARVAJAL - SEVILLANA","2010-03-02","","116.81944445"
"CARVAJAL - SEVILLANA","2010-03-01","","103.97368421"
"CARVAJAL - SEVILLANA","2010-02-28","","83.95138889"
"CARVAJAL - SEVILLANA","2010-02-27","","111.07638889"
"CARVAJAL - SEVILLANA","2010-02-26","","104.25694445"
"CARVAJAL - SEVILLANA","2010-02-25","","133.66666667"
"CARVAJAL - SEVILLANA","2010-02-24","","105.10416668"
"CARVAJAL - SEVILLANA","2010-02-23","","111.02777777"
"CARVAJAL - SEVILLANA","2010-02-22","","102.06944444"
"CARVAJAL - SEVILLANA","2010-02-21","","53.15972222"
"CARVAJAL - SEVILLANA","2010-02-20","","74.61111111"
"CARVAJAL - SEVILLANA","2010-02-19","","106.47222222"
"CARVAJAL - SEVILLANA","2010-02-18","","130.09027778"
"CARVAJAL - SEVILLANA","2010-02-17","","130.24603175"
"CARVAJAL - SEVILLANA","2010-02-16","","148.21527778"
"CARVAJAL - SEVILLANA","2010-02-15","","142.93055555"
"CARVAJAL - SEVILLANA","2010-02-14","","89.79166667"
"CARVAJAL - SEVILLANA","2010-02-13","","116.27777778"
"CARVAJAL - SEVILLANA","2010-02-12","","136.12500001"
"CARVAJAL - SEVILLANA","2010-02-11","","108.88888888"
"CARVAJAL - SEVILLANA","2010-02-10","","100.4236111"
"CARVAJAL - SEVILLANA","2010-02-09","","78.3125"
"CARVAJAL - SEVILLANA","2010-02-08","","109.8125"
"CARVAJAL - SEVILLANA","2010-02-07","","79.5625"
"CARVAJAL - SEVILLANA","2010-02-06","","81.81944444"
"CARVAJAL - SEVILLANA","2010-02-05","","98.22222223"
"CARVAJAL - SEVILLANA","2010-02-04","","96.1875"
"CARVAJAL - SEVILLANA","2010-02-03","","93.97222223"
"CARVAJAL - SEVILLANA","2010-02-02","","95.09027778"
"CARVAJAL - SEVILLANA","2010-02-01","","120.67361112"
"CARVAJAL - SEVILLANA","2010-01-31","","73.40972222"
"CARVAJAL - SEVILLANA","2010-01-30","","91.65277777"
"CARVAJAL - SEVILLANA","2010-01-29","","118.60416667"
"CARVAJAL - SEVILLANA","2010-01-28","","116.1875"
"CARVAJAL - SEVILLANA","2010-01-27","","110.16666667"
"CARVAJAL - SEVILLANA","2010-01-26","","117.36507937"
"CARVAJAL - SEVILLANA","2010-01-25","","104.88888891"
"CARVAJAL - SEVILLANA","2010-01-20","","87.84722222"
"CARVAJAL - SEVILLANA","2010-01-19","","106.00757576"
"CARVAJAL - SEVILLANA","2010-01-18","","103.1388889"
"CARVAJAL - SEVILLANA","2010-01-17","","65.30555555"
"CARVAJAL - SEVILLANA","2010-01-16","","83.95833334"
"CARVAJAL - SEVILLANA","2010-01-15","","103.03472223"
"CARVAJAL - SEVILLANA","2010-01-14","","128.56944445"
"CARVAJAL - SEVILLANA","2010-01-13","","127.53472222"
"CARVAJAL - SEVILLANA","2010-01-12","","113.65972222"
"CARVAJAL - SEVILLANA","2010-01-11","","73.75694444"
"CARVAJAL - SEVILLANA","2010-01-10","","63.53472221"
"CARVAJAL - SEVILLANA","2010-01-09","","111.0763889"
"CARVAJAL - SEVILLANA","2010-01-08","","82.52777778"
"CARVAJAL - SEVILLANA","2010-01-07","","119.76388889"
"CARVAJAL - SEVILLANA","2010-01-06","","94.82638889"
"CARVAJAL - SEVILLANA","2010-01-05","","121.0"
"CARVAJAL - SEVILLANA","2010-01-04","","140.99242425"
"CARVAJAL - SEVILLANA","2010-01-03","","75.70833333"
"CARVAJAL - SEVILLANA","2010-01-02","","75.69444444"
"CARVAJAL - SEVILLANA","2010-01-01","","67.87037038"
