"Estacion","Fecha inicial","Fecha final","PM2.5"
"CARVAJAL - SEVILLANA","2021-02-28","","23.60869565"
"CARVAJAL - SEVILLANA","2021-02-27","","33.95833333"
"CARVAJAL - SEVILLANA","2021-02-26","","40.125"
"CARVAJAL - SEVILLANA","2021-02-25","","32.54166667"
"CARVAJAL - SEVILLANA","2021-02-24","","35.875"
"CARVAJAL - SEVILLANA","2021-02-23","","38.54166667"
"CARVAJAL - SEVILLANA","2021-02-22","","29.875"
"CARVAJAL - SEVILLANA","2021-02-21","","23.20833333"
"CARVAJAL - SEVILLANA","2021-02-20","","24.33333333"
"CARVAJAL - SEVILLANA","2021-02-19","","33.79166667"
"CARVAJAL - SEVILLANA","2021-02-18","","32.79166667"
"CARVAJAL - SEVILLANA","2021-02-17","","44.66666667"
"CARVAJAL - SEVILLANA","2021-02-16","","38.20833333"
"CARVAJAL - SEVILLANA","2021-02-15","","45.39130435"
"CARVAJAL - SEVILLANA","2021-02-14","","35.5"
"CARVAJAL - SEVILLANA","2021-02-13","","32.52380952"
"CARVAJAL - SEVILLANA","2021-02-12","","49.0"
"CARVAJAL - SEVILLANA","2021-02-11","","31.5625"
"CARVAJAL - SEVILLANA","2021-02-10","","34.875"
"CARVAJAL - SEVILLANA","2021-02-09","","48.95652174"
"CARVAJAL - SEVILLANA","2021-02-08","","36.25"
"CARVAJAL - SEVILLANA","2021-02-07","","29.95833333"
"CARVAJAL - SEVILLANA","2021-02-06","","41.16666667"
"CARVAJAL - SEVILLANA","2021-02-05","","38.08695652"
"CARVAJAL - SEVILLANA","2021-02-04","","42.91666667"
"CARVAJAL - SEVILLANA","2021-02-03","","41.52173913"
"CARVAJAL - SEVILLANA","2021-02-02","","39.0"
"CARVAJAL - SEVILLANA","2021-02-01","","25.95"
"CARVAJAL - SEVILLANA","2021-01-31","","25.05555556"
"CARVAJAL - SEVILLANA","2021-01-30","","81.125"
"CARVAJAL - SEVILLANA","2021-01-29","","59.31578947"
"CARVAJAL - SEVILLANA","2021-01-28","","55.60869565"
"CARVAJAL - SEVILLANA","2021-01-27","","51.88235294"
"CARVAJAL - SEVILLANA","2021-01-26","","36.66666667"
"CARVAJAL - SEVILLANA","2021-01-25","","41.80952381"
"CARVAJAL - SEVILLANA","2021-01-24","","17.45833333"
"CARVAJAL - SEVILLANA","2021-01-23","","28.875"
"CARVAJAL - SEVILLANA","2021-01-22","","48.9047619"
"CARVAJAL - SEVILLANA","2021-01-21","","42.21052632"
"CARVAJAL - SEVILLANA","2021-01-20","","56.0"
"CARVAJAL - SEVILLANA","2021-01-19","","48.52173913"
"CARVAJAL - SEVILLANA","2021-01-18","","49.13043478"
"CARVAJAL - SEVILLANA","2021-01-17","","29.43478261"
"CARVAJAL - SEVILLANA","2021-01-16","","35.26315789"
"CARVAJAL - SEVILLANA","2021-01-12","","24.94444444"
"CARVAJAL - SEVILLANA","2021-01-11","","10.875"
"CARVAJAL - SEVILLANA","2021-01-10","","13.04166667"
"CARVAJAL - SEVILLANA","2021-01-09","","17.5"
"CARVAJAL - SEVILLANA","2021-01-08","","35.08333333"
"CARVAJAL - SEVILLANA","2021-01-07","","24.375"
"CARVAJAL - SEVILLANA","2021-01-06","","33.41666667"
"CARVAJAL - SEVILLANA","2021-01-05","","36.95833333"
"CARVAJAL - SEVILLANA","2021-01-04","","26.625"
"CARVAJAL - SEVILLANA","2021-01-03","","14.05555556"
"CARVAJAL - SEVILLANA","2021-01-02","","21.05"
"CARVAJAL - SEVILLANA","2021-01-01","","46.4"
"CARVAJAL - SEVILLANA","2020-12-31","","45.40909091"
"CARVAJAL - SEVILLANA","2020-12-30","","51.17391304"
"CARVAJAL - SEVILLANA","2020-12-29","","31.95833333"
"CARVAJAL - SEVILLANA","2020-12-28","","42.58333333"
"CARVAJAL - SEVILLANA","2020-12-27","","17.11111111"
"CARVAJAL - SEVILLANA","2020-12-26","","20.04761905"
"CARVAJAL - SEVILLANA","2020-12-25","","21.04166667"
"CARVAJAL - SEVILLANA","2020-12-24","","31.25"
"CARVAJAL - SEVILLANA","2020-12-23","","52.58333333"
"CARVAJAL - SEVILLANA","2020-12-22","","58.18181818"
"CARVAJAL - SEVILLANA","2020-12-21","","51.41666667"
"CARVAJAL - SEVILLANA","2020-12-20","","31.82352941"
"CARVAJAL - SEVILLANA","2020-12-19","","37.625"
"CARVAJAL - SEVILLANA","2020-12-18","","41.83333333"
"CARVAJAL - SEVILLANA","2020-12-17","","32.125"
"CARVAJAL - SEVILLANA","2020-12-16","","35.20833333"
"CARVAJAL - SEVILLANA","2020-12-15","","37.16666667"
"CARVAJAL - SEVILLANA","2020-12-14","","35.75"
"CARVAJAL - SEVILLANA","2020-12-13","","20.45833333"
"CARVAJAL - SEVILLANA","2020-12-12","","40.04166667"
"CARVAJAL - SEVILLANA","2020-12-11","","48.125"
"CARVAJAL - SEVILLANA","2020-12-10","","53.5"
"CARVAJAL - SEVILLANA","2020-12-09","","41.70833333"
"CARVAJAL - SEVILLANA","2020-12-08","","38.33333333"
"CARVAJAL - SEVILLANA","2020-12-07","","42.25"
"CARVAJAL - SEVILLANA","2020-12-06","","23.16666667"
"CARVAJAL - SEVILLANA","2020-12-05","","34.125"
"CARVAJAL - SEVILLANA","2020-12-04","","37.08333333"
"CARVAJAL - SEVILLANA","2020-12-03","","28.83333333"
"CARVAJAL - SEVILLANA","2020-12-02","","29.875"
"CARVAJAL - SEVILLANA","2020-12-01","","32.25"
"CARVAJAL - SEVILLANA","2020-11-30","","30.91304348"
"CARVAJAL - SEVILLANA","2020-11-29","","16.54166667"
"CARVAJAL - SEVILLANA","2020-11-28","","30.20833333"
"CARVAJAL - SEVILLANA","2020-11-27","","33.54166667"
"CARVAJAL - SEVILLANA","2020-11-26","","44.625"
"CARVAJAL - SEVILLANA","2020-11-25","","36.66666667"
"CARVAJAL - SEVILLANA","2020-11-24","","44.84210526"
"CARVAJAL - SEVILLANA","2020-11-23","","42.95833333"
"CARVAJAL - SEVILLANA","2020-11-22","","26.41666667"
"CARVAJAL - SEVILLANA","2020-11-21","","30.91666667"
"CARVAJAL - SEVILLANA","2020-11-20","","35.2173913"
"CARVAJAL - SEVILLANA","2020-11-19","","30.41666667"
"CARVAJAL - SEVILLANA","2020-11-18","","19.04166667"
"CARVAJAL - SEVILLANA","2020-11-17","","22.72"
"CARVAJAL - SEVILLANA","2020-11-16","","18.0"
"CARVAJAL - SEVILLANA","2020-11-15","","28.58333333"
"CARVAJAL - SEVILLANA","2020-11-14","","37.16666667"
"CARVAJAL - SEVILLANA","2020-11-13","","25.16666667"
"CARVAJAL - SEVILLANA","2020-11-12","","33.125"
"CARVAJAL - SEVILLANA","2020-11-11","","20.0"
"CARVAJAL - SEVILLANA","2020-11-10","","39.375"
"CARVAJAL - SEVILLANA","2020-11-09","","28.125"
"CARVAJAL - SEVILLANA","2020-11-08","","29.20833333"
"CARVAJAL - SEVILLANA","2020-11-07","","36.625"
"CARVAJAL - SEVILLANA","2020-11-06","","46.52173913"
"CARVAJAL - SEVILLANA","2020-11-05","","38.39130435"
"CARVAJAL - SEVILLANA","2020-11-04","","38.04166667"
"CARVAJAL - SEVILLANA","2020-11-03","","39.33333333"
"CARVAJAL - SEVILLANA","2020-11-02","","27.625"
"CARVAJAL - SEVILLANA","2020-11-01","","15.36"
"CARVAJAL - SEVILLANA","2020-10-31","","34.5"
"CARVAJAL - SEVILLANA","2020-10-30","","32.08333333"
"CARVAJAL - SEVILLANA","2020-10-29","","30.79166667"
"CARVAJAL - SEVILLANA","2020-10-28","","27.29166667"
"CARVAJAL - SEVILLANA","2020-10-27","","38.66666667"
"CARVAJAL - SEVILLANA","2020-10-26","","39.79166667"
"CARVAJAL - SEVILLANA","2020-10-25","","31.16666667"
"CARVAJAL - SEVILLANA","2020-10-24","","21.75"
"CARVAJAL - SEVILLANA","2020-10-23","","27.70833333"
"CARVAJAL - SEVILLANA","2020-10-22","","32.20833333"
"CARVAJAL - SEVILLANA","2020-10-21","","30.54166667"
"CARVAJAL - SEVILLANA","2020-10-20","","30.54166667"
"CARVAJAL - SEVILLANA","2020-10-19","","26.66666667"
"CARVAJAL - SEVILLANA","2020-10-18","","19.08333333"
"CARVAJAL - SEVILLANA","2020-10-17","","24.875"
"CARVAJAL - SEVILLANA","2020-10-16","","27.875"
"CARVAJAL - SEVILLANA","2020-10-15","","31.625"
"CARVAJAL - SEVILLANA","2020-10-14","","34.33333333"
"CARVAJAL - SEVILLANA","2020-10-13","","25.04166667"
"CARVAJAL - SEVILLANA","2020-10-12","","15.04166667"
"CARVAJAL - SEVILLANA","2020-10-11","","19.79166667"
"CARVAJAL - SEVILLANA","2020-10-10","","27.625"
"CARVAJAL - SEVILLANA","2020-10-09","","24.70833333"
"CARVAJAL - SEVILLANA","2020-10-08","","26.54166667"
"CARVAJAL - SEVILLANA","2020-10-07","","30.0"
"CARVAJAL - SEVILLANA","2020-10-06","","29.79166667"
"CARVAJAL - SEVILLANA","2020-10-05","","23.375"
"CARVAJAL - SEVILLANA","2020-10-04","","17.29166667"
"CARVAJAL - SEVILLANA","2020-10-03","","28.0"
"CARVAJAL - SEVILLANA","2020-10-02","","38.04166667"
"CARVAJAL - SEVILLANA","2020-10-01","","29.54166667"
"CARVAJAL - SEVILLANA","2020-09-30","","35.41666667"
"CARVAJAL - SEVILLANA","2020-09-25","","23.9375"
"CARVAJAL - SEVILLANA","2020-09-24","","23.58333333"
"CARVAJAL - SEVILLANA","2020-09-23","","28.54166667"
"CARVAJAL - SEVILLANA","2020-09-22","","42.60869565"
"CARVAJAL - SEVILLANA","2020-09-21","","28.625"
"CARVAJAL - SEVILLANA","2020-09-20","","16.0"
"CARVAJAL - SEVILLANA","2020-09-19","","25.16666667"
"CARVAJAL - SEVILLANA","2020-09-18","","39.66666667"
"CARVAJAL - SEVILLANA","2020-09-17","","36.41666667"
"CARVAJAL - SEVILLANA","2020-09-16","","25.08333333"
"CARVAJAL - SEVILLANA","2020-09-15","","35.25"
"CARVAJAL - SEVILLANA","2020-09-14","","29.66666667"
"CARVAJAL - SEVILLANA","2020-09-13","","19.13043478"
"CARVAJAL - SEVILLANA","2020-09-12","","31.375"
"CARVAJAL - SEVILLANA","2020-09-11","","38.70833333"
"CARVAJAL - SEVILLANA","2020-09-10","","29.5"
"CARVAJAL - SEVILLANA","2020-09-09","","35.55555556"
"CARVAJAL - SEVILLANA","2020-09-04","","25.0625"
"CARVAJAL - SEVILLANA","2020-09-03","","32.54166667"
"CARVAJAL - SEVILLANA","2020-09-02","","23.66666667"
"CARVAJAL - SEVILLANA","2020-09-01","","26.20833333"
"CARVAJAL - SEVILLANA","2020-08-31","","30.70833333"
"CARVAJAL - SEVILLANA","2020-08-30","","16.95833333"
"CARVAJAL - SEVILLANA","2020-08-29","","32.0"
"CARVAJAL - SEVILLANA","2020-08-28","","23.33333333"
"CARVAJAL - SEVILLANA","2020-08-27","","25.65217391"
"CARVAJAL - SEVILLANA","2020-08-26","","33.95833333"
"CARVAJAL - SEVILLANA","2020-08-25","","34.08333333"
"CARVAJAL - SEVILLANA","2020-08-24","","27.95833333"
"CARVAJAL - SEVILLANA","2020-08-23","","21.58333333"
"CARVAJAL - SEVILLANA","2020-08-22","","23.625"
"CARVAJAL - SEVILLANA","2020-08-21","","27.29166667"
"CARVAJAL - SEVILLANA","2020-08-20","","33.20833333"
"CARVAJAL - SEVILLANA","2020-08-19","","33.58333333"
"CARVAJAL - SEVILLANA","2020-08-18","","37.95833333"
"CARVAJAL - SEVILLANA","2020-08-17","","25.95833333"
"CARVAJAL - SEVILLANA","2020-08-16","","14.08333333"
"CARVAJAL - SEVILLANA","2020-08-15","","25.75"
"CARVAJAL - SEVILLANA","2020-08-14","","23.95833333"
"CARVAJAL - SEVILLANA","2020-08-13","","26.04166667"
"CARVAJAL - SEVILLANA","2020-08-12","","28.54166667"
"CARVAJAL - SEVILLANA","2020-08-11","","29.58333333"
"CARVAJAL - SEVILLANA","2020-08-10","","25.5"
"CARVAJAL - SEVILLANA","2020-08-09","","19.66666667"
"CARVAJAL - SEVILLANA","2020-08-08","","21.91666667"
"CARVAJAL - SEVILLANA","2020-08-07","","12.20833333"
"CARVAJAL - SEVILLANA","2020-08-06","","23.58333333"
"CARVAJAL - SEVILLANA","2020-08-05","","24.5"
"CARVAJAL - SEVILLANA","2020-08-04","","23.75"
"CARVAJAL - SEVILLANA","2020-08-03","","25.45833333"
"CARVAJAL - SEVILLANA","2020-08-02","","14.0"
"CARVAJAL - SEVILLANA","2020-08-01","","22.25"
"CARVAJAL - SEVILLANA","2020-07-31","","27.91666667"
"CARVAJAL - SEVILLANA","2020-07-30","","24.41666667"
"CARVAJAL - SEVILLANA","2020-07-29","","24.875"
"CARVAJAL - SEVILLANA","2020-07-28","","21.25"
"CARVAJAL - SEVILLANA","2020-07-27","","21.79166667"
"CARVAJAL - SEVILLANA","2020-07-26","","12.91666667"
"CARVAJAL - SEVILLANA","2020-07-25","","22.08333333"
"CARVAJAL - SEVILLANA","2020-07-24","","23.04347826"
"CARVAJAL - SEVILLANA","2020-07-23","","25.625"
"CARVAJAL - SEVILLANA","2020-07-22","","29.58333333"
"CARVAJAL - SEVILLANA","2020-07-21","","26.70833333"
"CARVAJAL - SEVILLANA","2020-07-20","","12.43478261"
"CARVAJAL - SEVILLANA","2020-07-19","","16.45833333"
"CARVAJAL - SEVILLANA","2020-07-18","","19.20833333"
"CARVAJAL - SEVILLANA","2020-07-17","","22.25"
"CARVAJAL - SEVILLANA","2020-07-16","","21.41666667"
"CARVAJAL - SEVILLANA","2020-07-15","","21.79166667"
"CARVAJAL - SEVILLANA","2020-07-14","","19.625"
"CARVAJAL - SEVILLANA","2020-07-13","","21.0"
"CARVAJAL - SEVILLANA","2020-07-12","","18.70833333"
"CARVAJAL - SEVILLANA","2020-07-11","","22.125"
"CARVAJAL - SEVILLANA","2020-07-10","","25.54166667"
"CARVAJAL - SEVILLANA","2020-07-09","","21.58333333"
"CARVAJAL - SEVILLANA","2020-07-08","","25.54166667"
"CARVAJAL - SEVILLANA","2020-07-07","","28.08333333"
"CARVAJAL - SEVILLANA","2020-07-06","","26.33333333"
"CARVAJAL - SEVILLANA","2020-07-05","","17.75"
"CARVAJAL - SEVILLANA","2020-07-04","","18.5"
"CARVAJAL - SEVILLANA","2020-07-03","","27.29166667"
"CARVAJAL - SEVILLANA","2020-07-02","","24.25"
"CARVAJAL - SEVILLANA","2020-07-01","","26.20833333"
"CARVAJAL - SEVILLANA","2020-06-30","","33.04545455"
"CARVAJAL - SEVILLANA","2020-06-29","","15.04166667"
"CARVAJAL - SEVILLANA","2020-06-28","","15.86956522"
"CARVAJAL - SEVILLANA","2020-06-27","","29.79166667"
"CARVAJAL - SEVILLANA","2020-06-26","","27.33333333"
"CARVAJAL - SEVILLANA","2020-06-25","","46.54166667"
"CARVAJAL - SEVILLANA","2020-06-24","","57.36842105"
"CARVAJAL - SEVILLANA","2020-06-23","","34.75"
"CARVAJAL - SEVILLANA","2020-06-22","","13.04347826"
"CARVAJAL - SEVILLANA","2020-06-21","","11.16666667"
"CARVAJAL - SEVILLANA","2020-06-20","","23.45833333"
"CARVAJAL - SEVILLANA","2020-06-19","","35.16666667"
"CARVAJAL - SEVILLANA","2020-06-10","","20.08695652"
"CARVAJAL - SEVILLANA","2020-06-09","","18.16666667"
"CARVAJAL - SEVILLANA","2020-06-08","","26.125"
"CARVAJAL - SEVILLANA","2020-06-07","","10.7826087"
"CARVAJAL - SEVILLANA","2020-06-06","","17.16666667"
"CARVAJAL - SEVILLANA","2020-06-05","","20.41666667"
"CARVAJAL - SEVILLANA","2020-06-04","","19.33333333"
"CARVAJAL - SEVILLANA","2020-06-03","","24.70833333"
"CARVAJAL - SEVILLANA","2020-06-02","","26.25"
"CARVAJAL - SEVILLANA","2020-06-01","","17.83333333"
"CARVAJAL - SEVILLANA","2020-05-31","","14.0"
"CARVAJAL - SEVILLANA","2020-05-30","","18.33333333"
"CARVAJAL - SEVILLANA","2020-05-29","","28.25"
"CARVAJAL - SEVILLANA","2020-05-28","","19.875"
"CARVAJAL - SEVILLANA","2020-05-27","","19.66666667"
"CARVAJAL - SEVILLANA","2020-05-26","","18.41666667"
"CARVAJAL - SEVILLANA","2020-05-25","","9.86363636"
"CARVAJAL - SEVILLANA","2020-05-24","","10.7826087"
"CARVAJAL - SEVILLANA","2020-05-23","","16.43478261"
"CARVAJAL - SEVILLANA","2020-05-22","","19.58333333"
"CARVAJAL - SEVILLANA","2020-05-21","","21.70833333"
"CARVAJAL - SEVILLANA","2020-05-20","","24.83333333"
"CARVAJAL - SEVILLANA","2020-05-19","","24.5"
"CARVAJAL - SEVILLANA","2020-05-18","","19.58333333"
"CARVAJAL - SEVILLANA","2020-05-17","","9.625"
"CARVAJAL - SEVILLANA","2020-05-16","","13.875"
"CARVAJAL - SEVILLANA","2020-05-15","","22.625"
"CARVAJAL - SEVILLANA","2020-05-14","","32.20833333"
"CARVAJAL - SEVILLANA","2020-05-13","","28.69565217"
"CARVAJAL - SEVILLANA","2020-05-12","","30.08333333"
"CARVAJAL - SEVILLANA","2020-05-11","","18.43478261"
"CARVAJAL - SEVILLANA","2020-05-10","","10.2173913"
"CARVAJAL - SEVILLANA","2020-05-09","","15.58333333"
"CARVAJAL - SEVILLANA","2020-05-08","","16.08333333"
"CARVAJAL - SEVILLANA","2020-05-07","","16.95833333"
"CARVAJAL - SEVILLANA","2020-05-06","","17.70833333"
"CARVAJAL - SEVILLANA","2020-05-05","","16.16666667"
"CARVAJAL - SEVILLANA","2020-05-04","","20.66666667"
"CARVAJAL - SEVILLANA","2020-05-03","","12.91304348"
"CARVAJAL - SEVILLANA","2020-05-02","","17.45833333"
"CARVAJAL - SEVILLANA","2020-05-01","","10.95"
"CARVAJAL - SEVILLANA","2020-04-30","","26.54166667"
"CARVAJAL - SEVILLANA","2020-04-29","","24.13043478"
"CARVAJAL - SEVILLANA","2020-04-28","","29.16666667"
"CARVAJAL - SEVILLANA","2020-04-27","","27.95833333"
"CARVAJAL - SEVILLANA","2020-04-26","","19.16666667"
"CARVAJAL - SEVILLANA","2020-04-25","","22.18181818"
"CARVAJAL - SEVILLANA","2020-04-24","","22.375"
"CARVAJAL - SEVILLANA","2020-04-23","","13.45833333"
"CARVAJAL - SEVILLANA","2020-04-22","","15.40909091"
"CARVAJAL - SEVILLANA","2020-04-21","","14.85714286"
"CARVAJAL - SEVILLANA","2020-04-20","","18.04347826"
"CARVAJAL - SEVILLANA","2020-04-19","","24.47826087"
"CARVAJAL - SEVILLANA","2020-04-18","","36.20833333"
"CARVAJAL - SEVILLANA","2020-04-17","","40.79166667"
"CARVAJAL - SEVILLANA","2020-04-16","","40.16666667"
"CARVAJAL - SEVILLANA","2020-04-15","","27.5"
"CARVAJAL - SEVILLANA","2020-04-14","","17.69565217"
"CARVAJAL - SEVILLANA","2020-04-13","","20.66666667"
"CARVAJAL - SEVILLANA","2020-04-12","","13.7826087"
"CARVAJAL - SEVILLANA","2020-04-11","","8.73913043"
"CARVAJAL - SEVILLANA","2020-04-10","","9.56521739"
"CARVAJAL - SEVILLANA","2020-04-09","","9.43478261"
"CARVAJAL - SEVILLANA","2020-04-08","","15.875"
"CARVAJAL - SEVILLANA","2020-04-07","","11.375"
"CARVAJAL - SEVILLANA","2020-04-06","","11.5"
"CARVAJAL - SEVILLANA","2020-04-05","","9.86363636"
"CARVAJAL - SEVILLANA","2020-04-04","","10.77272727"
"CARVAJAL - SEVILLANA","2020-04-03","","18.86956522"
"CARVAJAL - SEVILLANA","2020-04-02","","12.60869565"
"CARVAJAL - SEVILLANA","2020-04-01","","20.13636364"
"CARVAJAL - SEVILLANA","2020-03-31","","28.45454545"
"CARVAJAL - SEVILLANA","2020-03-30","","48.58333333"
"CARVAJAL - SEVILLANA","2020-03-29","","47.41666667"
"CARVAJAL - SEVILLANA","2020-03-28","","42.54166667"
"CARVAJAL - SEVILLANA","2020-03-27","","38.91666667"
"CARVAJAL - SEVILLANA","2020-03-26","","37.77272727"
"CARVAJAL - SEVILLANA","2020-03-25","","33.5"
"CARVAJAL - SEVILLANA","2020-03-24","","46.08333333"
"CARVAJAL - SEVILLANA","2020-03-23","","43.20833333"
"CARVAJAL - SEVILLANA","2020-03-22","","30.91304348"
"CARVAJAL - SEVILLANA","2020-03-21","","35.20833333"
"CARVAJAL - SEVILLANA","2020-03-20","","51.125"
"CARVAJAL - SEVILLANA","2020-03-19","","71.79166667"
"CARVAJAL - SEVILLANA","2020-03-18","","67.0"
"CARVAJAL - SEVILLANA","2020-03-17","","54.66666667"
"CARVAJAL - SEVILLANA","2020-03-16","","46.08333333"
"CARVAJAL - SEVILLANA","2020-03-15","","23.68181818"
"CARVAJAL - SEVILLANA","2020-03-14","","30.33333333"
"CARVAJAL - SEVILLANA","2020-03-13","","37.70833333"
"CARVAJAL - SEVILLANA","2020-03-12","","46.0"
"CARVAJAL - SEVILLANA","2020-03-11","","35.45833333"
"CARVAJAL - SEVILLANA","2020-03-10","","42.34782609"
"CARVAJAL - SEVILLANA","2020-03-09","","41.58333333"
"CARVAJAL - SEVILLANA","2020-03-08","","38.83333333"
"CARVAJAL - SEVILLANA","2020-03-07","","58.625"
"CARVAJAL - SEVILLANA","2020-03-06","","59.875"
"CARVAJAL - SEVILLANA","2020-03-05","","46.83333333"
"CARVAJAL - SEVILLANA","2020-03-04","","47.04545455"
"CARVAJAL - SEVILLANA","2020-03-03","","46.16666667"
"CARVAJAL - SEVILLANA","2020-03-02","","39.875"
"CARVAJAL - SEVILLANA","2020-03-01","","33.79166667"
"CARVAJAL - SEVILLANA","2020-02-29","","50.43478261"
"CARVAJAL - SEVILLANA","2020-02-28","","48.66666667"
"CARVAJAL - SEVILLANA","2020-02-27","","40.82608696"
"CARVAJAL - SEVILLANA","2020-02-26","","30.45833333"
"CARVAJAL - SEVILLANA","2020-02-25","","39.45833333"
"CARVAJAL - SEVILLANA","2020-02-24","","31.625"
"CARVAJAL - SEVILLANA","2020-02-23","","29.73913043"
"CARVAJAL - SEVILLANA","2020-02-22","","35.20833333"
"CARVAJAL - SEVILLANA","2020-02-21","","44.66666667"
"CARVAJAL - SEVILLANA","2020-02-20","","32.54166667"
"CARVAJAL - SEVILLANA","2020-02-19","","36.25"
"CARVAJAL - SEVILLANA","2020-02-18","","31.75"
"CARVAJAL - SEVILLANA","2020-02-17","","30.5"
"CARVAJAL - SEVILLANA","2020-02-16","","32.41666667"
"CARVAJAL - SEVILLANA","2020-02-15","","27.70833333"
"CARVAJAL - SEVILLANA","2020-02-14","","41.45833333"
"CARVAJAL - SEVILLANA","2020-02-13","","47.25"
"CARVAJAL - SEVILLANA","2020-02-12","","43.625"
"CARVAJAL - SEVILLANA","2020-02-11","","35.29166667"
"CARVAJAL - SEVILLANA","2020-02-10","","40.13043478"
"CARVAJAL - SEVILLANA","2020-02-09","","46.04166667"
"CARVAJAL - SEVILLANA","2020-02-08","","50.08695652"
"CARVAJAL - SEVILLANA","2020-02-07","","54.04166667"
"CARVAJAL - SEVILLANA","2020-02-06","","40.20833333"
"CARVAJAL - SEVILLANA","2020-02-05","","45.45833333"
"CARVAJAL - SEVILLANA","2020-02-04","","50.0"
"CARVAJAL - SEVILLANA","2020-02-03","","45.66666667"
"CARVAJAL - SEVILLANA","2020-02-02","","30.95833333"
"CARVAJAL - SEVILLANA","2020-02-01","","29.04166667"
"CARVAJAL - SEVILLANA","2020-01-31","","36.52173913"
"CARVAJAL - SEVILLANA","2020-01-30","","36.56521739"
"CARVAJAL - SEVILLANA","2020-01-29","","35.20833333"
"CARVAJAL - SEVILLANA","2020-01-28","","41.16666667"
"CARVAJAL - SEVILLANA","2020-01-27","","29.16666667"
"CARVAJAL - SEVILLANA","2020-01-26","","16.36363636"
"CARVAJAL - SEVILLANA","2020-01-25","","33.04166667"
"CARVAJAL - SEVILLANA","2020-01-24","","27.54166667"
"CARVAJAL - SEVILLANA","2020-01-23","","28.43478261"
"CARVAJAL - SEVILLANA","2020-01-22","","38.29166667"
"CARVAJAL - SEVILLANA","2020-01-21","","34.75"
"CARVAJAL - SEVILLANA","2020-01-20","","26.86363636"
"CARVAJAL - SEVILLANA","2020-01-19","","15.14285714"
"CARVAJAL - SEVILLANA","2020-01-18","","23.0"
"CARVAJAL - SEVILLANA","2020-01-17","","23.60869565"
"CARVAJAL - SEVILLANA","2020-01-16","","35.1"
"CARVAJAL - SEVILLANA","2020-01-15","","32.13636364"
"CARVAJAL - SEVILLANA","2020-01-14","","25.60869565"
"CARVAJAL - SEVILLANA","2020-01-13","","28.08695652"
"CARVAJAL - SEVILLANA","2020-01-12","","19.58333333"
"CARVAJAL - SEVILLANA","2020-01-11","","33.41666667"
"CARVAJAL - SEVILLANA","2020-01-10","","35.65217391"
"CARVAJAL - SEVILLANA","2020-01-09","","38.18181818"
"CARVAJAL - SEVILLANA","2020-01-08","","37.125"
"CARVAJAL - SEVILLANA","2020-01-07","","32.63636364"
"CARVAJAL - SEVILLANA","2020-01-06","","19.86956522"
"CARVAJAL - SEVILLANA","2020-01-05","","16.375"
"CARVAJAL - SEVILLANA","2020-01-04","","32.91666667"
"CARVAJAL - SEVILLANA","2020-01-03","","26.83333333"
"CARVAJAL - SEVILLANA","2020-01-02","","20.69565217"
"CARVAJAL - SEVILLANA","2020-01-01","","39.22727273"
"CARVAJAL - SEVILLANA","2019-12-31","","23.43478261"
"CARVAJAL - SEVILLANA","2019-12-30","","30.04583333"
"CARVAJAL - SEVILLANA","2019-12-29","","26.79166667"
"CARVAJAL - SEVILLANA","2019-12-28","","38.17391304"
"CARVAJAL - SEVILLANA","2019-12-27","","33.04166667"
"CARVAJAL - SEVILLANA","2019-12-26","","22.69565217"
"CARVAJAL - SEVILLANA","2019-12-25","","33.20833333"
"CARVAJAL - SEVILLANA","2019-12-24","","21.79166667"
"CARVAJAL - SEVILLANA","2019-12-23","","22.13043478"
"CARVAJAL - SEVILLANA","2019-12-22","","15.39130435"
"CARVAJAL - SEVILLANA","2019-12-21","","22.2173913"
"CARVAJAL - SEVILLANA","2019-12-20","","34.19047619"
"CARVAJAL - SEVILLANA","2019-12-19","","40.40833333"
"CARVAJAL - SEVILLANA","2019-12-18","","39.17391304"
"CARVAJAL - SEVILLANA","2019-12-17","","43.04583333"
"CARVAJAL - SEVILLANA","2019-12-16","","40.77083333"
"CARVAJAL - SEVILLANA","2019-12-15","","32.87619048"
"CARVAJAL - SEVILLANA","2019-12-14","","40.97083333"
"CARVAJAL - SEVILLANA","2019-12-13","","36.93333333"
"CARVAJAL - SEVILLANA","2019-12-11","","55.29"
"CARVAJAL - SEVILLANA","2019-12-10","","47.64782609"
"CARVAJAL - SEVILLANA","2019-12-09","","37.88947368"
"CARVAJAL - SEVILLANA","2019-12-08","","29.48421053"
"CARVAJAL - SEVILLANA","2019-12-07","","47.0826087"
"CARVAJAL - SEVILLANA","2019-12-06","","53.49583333"
"CARVAJAL - SEVILLANA","2019-12-05","","43.56111111"
"CARVAJAL - SEVILLANA","2019-12-04","","45.07916667"
"CARVAJAL - SEVILLANA","2019-12-03","","37.2375"
"CARVAJAL - SEVILLANA","2019-12-02","","38.28947368"
"CARVAJAL - SEVILLANA","2019-12-01","","20.7"
"CARVAJAL - SEVILLANA","2019-11-30","","35.30714286"
"CARVAJAL - SEVILLANA","2019-11-29","","47.5"
"CARVAJAL - SEVILLANA","2019-11-28","","34.42083333"
"CARVAJAL - SEVILLANA","2019-11-27","","31.09583333"
"CARVAJAL - SEVILLANA","2019-11-26","","28.58333333"
"CARVAJAL - SEVILLANA","2019-11-25","","38.50952381"
"CARVAJAL - SEVILLANA","2019-11-24","","32.94117647"
"CARVAJAL - SEVILLANA","2019-11-23","","36.66"
"CARVAJAL - SEVILLANA","2019-11-22","","30.67142857"
"CARVAJAL - SEVILLANA","2019-11-21","","22.205"
"CARVAJAL - SEVILLANA","2019-11-20","","35.69130435"
"CARVAJAL - SEVILLANA","2019-11-19","","50.1"
"CARVAJAL - SEVILLANA","2019-11-18","","43.77619048"
"CARVAJAL - SEVILLANA","2019-11-17","","27.22105263"
"CARVAJAL - SEVILLANA","2019-11-16","","27.04166667"
"CARVAJAL - SEVILLANA","2019-11-15","","30.45833333"
"CARVAJAL - SEVILLANA","2019-11-14","","37.26086957"
"CARVAJAL - SEVILLANA","2019-11-13","","39.7625"
"CARVAJAL - SEVILLANA","2019-11-12","","34.93888889"
"CARVAJAL - SEVILLANA","2019-11-11","","21.36111111"
"CARVAJAL - SEVILLANA","2019-11-10","","27.13181818"
"CARVAJAL - SEVILLANA","2019-11-09","","32.83333333"
"CARVAJAL - SEVILLANA","2019-11-08","","33.24166667"
"CARVAJAL - SEVILLANA","2019-11-07","","35.65217391"
"CARVAJAL - SEVILLANA","2019-11-06","","34.24"
"CARVAJAL - SEVILLANA","2019-11-05","","33.99166667"
"CARVAJAL - SEVILLANA","2019-11-04","","18.86086957"
"CARVAJAL - SEVILLANA","2019-11-03","","25.915"
"CARVAJAL - SEVILLANA","2019-11-02","","47.55"
"CARVAJAL - SEVILLANA","2019-11-01","","51.47222222"
"CARVAJAL - SEVILLANA","2019-10-31","","55.18421053"
"CARVAJAL - SEVILLANA","2019-10-30","","45.45"
"CARVAJAL - SEVILLANA","2019-10-29","","38.55454545"
"CARVAJAL - SEVILLANA","2019-10-28","","37.77727273"
"CARVAJAL - SEVILLANA","2019-10-27","","24.36086957"
"CARVAJAL - SEVILLANA","2019-10-26","","32.7826087"
"CARVAJAL - SEVILLANA","2019-10-25","","39.2173913"
"CARVAJAL - SEVILLANA","2019-10-24","","47.17083333"
"CARVAJAL - SEVILLANA","2019-10-23","","54.865"
"CARVAJAL - SEVILLANA","2019-10-22","","36.51666667"
"CARVAJAL - SEVILLANA","2019-10-21","","38.65217391"
"CARVAJAL - SEVILLANA","2019-10-20","","25.2375"
"CARVAJAL - SEVILLANA","2019-10-19","","27.79166667"
"CARVAJAL - SEVILLANA","2019-10-18","","41.09565217"
"CARVAJAL - SEVILLANA","2019-10-17","","44.55833333"
"CARVAJAL - SEVILLANA","2019-10-16","","38.39545455"
"CARVAJAL - SEVILLANA","2019-10-15","","45.61666667"
"CARVAJAL - SEVILLANA","2019-10-14","","20.90434783"
"CARVAJAL - SEVILLANA","2019-10-13","","17.04583333"
"CARVAJAL - SEVILLANA","2019-10-12","","27.84166667"
"CARVAJAL - SEVILLANA","2019-10-11","","42.40833333"
"CARVAJAL - SEVILLANA","2019-10-10","","44.05"
"CARVAJAL - SEVILLANA","2019-10-09","","40.6375"
"CARVAJAL - SEVILLANA","2019-10-08","","46.03478261"
"CARVAJAL - SEVILLANA","2019-10-07","","44.73333333"
"CARVAJAL - SEVILLANA","2019-10-06","","30.775"
"CARVAJAL - SEVILLANA","2019-10-05","","38.80416667"
"CARVAJAL - SEVILLANA","2019-10-04","","34.1125"
"CARVAJAL - SEVILLANA","2019-10-03","","36.23333333"
"CARVAJAL - SEVILLANA","2019-10-02","","43.1375"
"CARVAJAL - SEVILLANA","2019-10-01","","43.22173913"
"CARVAJAL - SEVILLANA","2019-09-30","","43.8625"
"CARVAJAL - SEVILLANA","2019-09-29","","31.91666667"
"CARVAJAL - SEVILLANA","2019-09-28","","34.63913043"
"CARVAJAL - SEVILLANA","2019-09-27","","42.79583333"
"CARVAJAL - SEVILLANA","2019-09-26","","30.59545455"
"CARVAJAL - SEVILLANA","2019-09-25","","31.85"
"CARVAJAL - SEVILLANA","2019-09-24","","33.09583333"
"CARVAJAL - SEVILLANA","2019-09-23","","25.98333333"
"CARVAJAL - SEVILLANA","2019-09-22","","24.175"
"CARVAJAL - SEVILLANA","2019-09-21","","29.51304348"
"CARVAJAL - SEVILLANA","2019-09-20","","63.05217391"
"CARVAJAL - SEVILLANA","2019-09-19","","49.67368421"
"CARVAJAL - SEVILLANA","2019-09-18","","42.10833333"
"CARVAJAL - SEVILLANA","2019-09-17","","48.6125"
"CARVAJAL - SEVILLANA","2019-09-16","","36.54583333"
"CARVAJAL - SEVILLANA","2019-09-15","","19.19166667"
"CARVAJAL - SEVILLANA","2019-09-14","","29.23478261"
"CARVAJAL - SEVILLANA","2019-09-13","","30.37826087"
"CARVAJAL - SEVILLANA","2019-09-12","","31.5"
"CARVAJAL - SEVILLANA","2019-09-11","","34.81666667"
"CARVAJAL - SEVILLANA","2019-09-10","","39.75833333"
"CARVAJAL - SEVILLANA","2019-09-09","","32.73333333"
"CARVAJAL - SEVILLANA","2019-09-08","","17.77619048"
"CARVAJAL - SEVILLANA","2019-09-07","","27.95833333"
"CARVAJAL - SEVILLANA","2019-09-06","","29.96086957"
"CARVAJAL - SEVILLANA","2019-09-05","","32.34583333"
"CARVAJAL - SEVILLANA","2019-09-04","","31.70454545"
"CARVAJAL - SEVILLANA","2019-09-03","","38.11666667"
"CARVAJAL - SEVILLANA","2019-09-02","","34.50416667"
"CARVAJAL - SEVILLANA","2019-09-01","","18.14545455"
"CARVAJAL - SEVILLANA","2019-08-31","","37.82916667"
"CARVAJAL - SEVILLANA","2019-08-30","","37.66666667"
"CARVAJAL - SEVILLANA","2019-08-29","","36.57083333"
"CARVAJAL - SEVILLANA","2019-08-28","","32.3375"
"CARVAJAL - SEVILLANA","2019-08-27","","35.30434783"
"CARVAJAL - SEVILLANA","2019-08-26","","34.4875"
"CARVAJAL - SEVILLANA","2019-08-25","","23.24166667"
"CARVAJAL - SEVILLANA","2019-08-24","","29.05416667"
"CARVAJAL - SEVILLANA","2019-08-23","","32.95"
"CARVAJAL - SEVILLANA","2019-08-22","","45.43809524"
"CARVAJAL - SEVILLANA","2019-08-21","","34.34166667"
"CARVAJAL - SEVILLANA","2019-08-20","","36.78695652"
"CARVAJAL - SEVILLANA","2019-08-19","","17.72608696"
"CARVAJAL - SEVILLANA","2019-08-18","","28.54166667"
"CARVAJAL - SEVILLANA","2019-08-17","","44.85"
"CARVAJAL - SEVILLANA","2019-08-16","","63.175"
"CARVAJAL - SEVILLANA","2019-08-15","","49.59166667"
"CARVAJAL - SEVILLANA","2019-08-14","","36.84166667"
"CARVAJAL - SEVILLANA","2019-08-13","","29.99166667"
"CARVAJAL - SEVILLANA","2019-08-12","","27.375"
"CARVAJAL - SEVILLANA","2019-08-11","","17.1625"
"CARVAJAL - SEVILLANA","2019-08-10","","27.81666667"
"CARVAJAL - SEVILLANA","2019-08-09","","29.49166667"
"CARVAJAL - SEVILLANA","2019-08-08","","31.96666667"
"CARVAJAL - SEVILLANA","2019-08-07","","24.64583333"
"CARVAJAL - SEVILLANA","2019-08-06","","37.07083333"
"CARVAJAL - SEVILLANA","2019-08-05","","38.79583333"
"CARVAJAL - SEVILLANA","2019-08-04","","21.24782609"
"CARVAJAL - SEVILLANA","2019-08-03","","30.0125"
"CARVAJAL - SEVILLANA","2019-08-02","","33.40833333"
"CARVAJAL - SEVILLANA","2019-08-01","","35.15"
"CARVAJAL - SEVILLANA","2019-07-31","","29.30909091"
"CARVAJAL - SEVILLANA","2019-07-30","","29.875"
"CARVAJAL - SEVILLANA","2019-07-29","","29.025"
"CARVAJAL - SEVILLANA","2019-07-28","","24.15833333"
"CARVAJAL - SEVILLANA","2019-07-27","","34.31666667"
"CARVAJAL - SEVILLANA","2019-07-26","","27.75416667"
"CARVAJAL - SEVILLANA","2019-07-25","","36.9375"
"CARVAJAL - SEVILLANA","2019-07-24","","31.48333333"
"CARVAJAL - SEVILLANA","2019-07-23","","27.65714286"
"CARVAJAL - SEVILLANA","2019-07-22","","30.88333333"
"CARVAJAL - SEVILLANA","2019-07-21","","17.00833333"
"CARVAJAL - SEVILLANA","2019-07-20","","21.4125"
"CARVAJAL - SEVILLANA","2019-07-19","","28.025"
"CARVAJAL - SEVILLANA","2019-07-18","","28.16666667"
"CARVAJAL - SEVILLANA","2019-07-17","","35.3"
"CARVAJAL - SEVILLANA","2019-07-16","","35.53157895"
"CARVAJAL - SEVILLANA","2019-07-15","","32.05"
"CARVAJAL - SEVILLANA","2019-07-14","","18.49166667"
"CARVAJAL - SEVILLANA","2019-07-13","","29.09166667"
"CARVAJAL - SEVILLANA","2019-07-12","","34.12083333"
"CARVAJAL - SEVILLANA","2019-07-11","","32.69230769"
"CARVAJAL - SEVILLANA","2019-07-10","","33.0"
"CARVAJAL - SEVILLANA","2019-07-09","","31.95"
"CARVAJAL - SEVILLANA","2019-07-08","","27.875"
"CARVAJAL - SEVILLANA","2019-07-07","","17.24347826"
"CARVAJAL - SEVILLANA","2019-07-06","","31.66666667"
"CARVAJAL - SEVILLANA","2019-07-05","","36.95833333"
"CARVAJAL - SEVILLANA","2019-07-04","","40.83333333"
"CARVAJAL - SEVILLANA","2019-07-03","","38.95652174"
"CARVAJAL - SEVILLANA","2019-07-02","","35.91666667"
"CARVAJAL - SEVILLANA","2019-07-01","","17.75"
"CARVAJAL - SEVILLANA","2019-06-30","","17.30434783"
"CARVAJAL - SEVILLANA","2019-06-29","","28.69583333"
"CARVAJAL - SEVILLANA","2019-06-28","","29.07916667"
"CARVAJAL - SEVILLANA","2019-06-27","","35.33333333"
"CARVAJAL - SEVILLANA","2019-06-26","","32.37083333"
"CARVAJAL - SEVILLANA","2019-06-25","","26.91428571"
"CARVAJAL - SEVILLANA","2019-06-24","","16.05"
"CARVAJAL - SEVILLANA","2019-06-23","","21.4"
"CARVAJAL - SEVILLANA","2019-06-22","","39.43478261"
"CARVAJAL - SEVILLANA","2019-06-21","","26.27391304"
"CARVAJAL - SEVILLANA","2019-06-20","","30.33684211"
"CARVAJAL - SEVILLANA","2019-06-19","","29.24444444"
"CARVAJAL - SEVILLANA","2019-06-18","","28.66666667"
"CARVAJAL - SEVILLANA","2019-06-17","","24.62857143"
"CARVAJAL - SEVILLANA","2019-06-16","","26.61666667"
"CARVAJAL - SEVILLANA","2019-06-15","","31.3375"
"CARVAJAL - SEVILLANA","2019-06-14","","34.3125"
"CARVAJAL - SEVILLANA","2019-06-13","","32.2375"
"CARVAJAL - SEVILLANA","2019-06-12","","34.22083333"
"CARVAJAL - SEVILLANA","2019-06-11","","31.44166667"
"CARVAJAL - SEVILLANA","2019-06-10","","28.55416667"
"CARVAJAL - SEVILLANA","2019-06-09","","16.5375"
"CARVAJAL - SEVILLANA","2019-06-08","","39.0"
"CARVAJAL - SEVILLANA","2019-06-07","","42.94736842"
"CARVAJAL - SEVILLANA","2019-06-06","","42.575"
"CARVAJAL - SEVILLANA","2019-06-05","","40.99166667"
"CARVAJAL - SEVILLANA","2019-06-04","","31.16666667"
"CARVAJAL - SEVILLANA","2019-06-03","","22.22608696"
"CARVAJAL - SEVILLANA","2019-06-02","","30.05"
"CARVAJAL - SEVILLANA","2019-06-01","","30.4826087"
"CARVAJAL - SEVILLANA","2019-05-31","","47.06666667"
"CARVAJAL - SEVILLANA","2019-05-30","","37.85833333"
"CARVAJAL - SEVILLANA","2019-05-29","","35.95416667"
"CARVAJAL - SEVILLANA","2019-05-28","","34.16666667"
"CARVAJAL - SEVILLANA","2019-05-27","","41.3625"
"CARVAJAL - SEVILLANA","2019-05-26","","21.16956522"
"CARVAJAL - SEVILLANA","2019-05-25","","32.95217391"
"CARVAJAL - SEVILLANA","2019-05-24","","34.94166667"
"CARVAJAL - SEVILLANA","2019-05-23","","38.4375"
"CARVAJAL - SEVILLANA","2019-05-22","","30.5125"
"CARVAJAL - SEVILLANA","2019-05-21","","37.3375"
"CARVAJAL - SEVILLANA","2019-05-20","","29.525"
"CARVAJAL - SEVILLANA","2019-05-19","","23.49583333"
"CARVAJAL - SEVILLANA","2019-05-18","","39.0125"
"CARVAJAL - SEVILLANA","2019-05-17","","35.025"
"CARVAJAL - SEVILLANA","2019-05-16","","39.17916667"
"CARVAJAL - SEVILLANA","2019-05-15","","33.60416667"
"CARVAJAL - SEVILLANA","2019-05-14","","26.69166667"
"CARVAJAL - SEVILLANA","2019-05-13","","34.0375"
"CARVAJAL - SEVILLANA","2019-05-12","","23.60833333"
"CARVAJAL - SEVILLANA","2019-05-11","","36.17083333"
"CARVAJAL - SEVILLANA","2019-05-10","","33.4125"
"CARVAJAL - SEVILLANA","2019-05-09","","41.775"
"CARVAJAL - SEVILLANA","2019-05-08","","40.975"
"CARVAJAL - SEVILLANA","2019-05-07","","36.27083333"
"CARVAJAL - SEVILLANA","2019-05-06","","31.10869565"
"CARVAJAL - SEVILLANA","2019-05-05","","20.15"
"CARVAJAL - SEVILLANA","2019-05-04","","32.2125"
"CARVAJAL - SEVILLANA","2019-05-03","","40.32083333"
"CARVAJAL - SEVILLANA","2019-05-02","","44.02173913"
"CARVAJAL - SEVILLANA","2019-05-01","","33.14347826"
"CARVAJAL - SEVILLANA","2019-04-30","","38.45652174"
"CARVAJAL - SEVILLANA","2019-04-29","","28.75"
"CARVAJAL - SEVILLANA","2019-04-28","","20.45"
"CARVAJAL - SEVILLANA","2019-04-27","","28.96666667"
"CARVAJAL - SEVILLANA","2019-04-26","","34.40416667"
"CARVAJAL - SEVILLANA","2019-04-25","","39.82916667"
"CARVAJAL - SEVILLANA","2019-04-24","","35.10833333"
"CARVAJAL - SEVILLANA","2019-04-23","","47.52608696"
"CARVAJAL - SEVILLANA","2019-04-22","","32.4"
"CARVAJAL - SEVILLANA","2019-04-21","","18.41428571"
"CARVAJAL - SEVILLANA","2019-04-20","","21.82"
"CARVAJAL - SEVILLANA","2019-04-19","","18.9173913"
"CARVAJAL - SEVILLANA","2019-04-18","","26.22173913"
"CARVAJAL - SEVILLANA","2019-04-17","","42.42083333"
"CARVAJAL - SEVILLANA","2019-04-16","","44.9047619"
"CARVAJAL - SEVILLANA","2019-04-15","","37.97083333"
"CARVAJAL - SEVILLANA","2019-04-14","","34.875"
"CARVAJAL - SEVILLANA","2019-04-13","","50.20833333"
"CARVAJAL - SEVILLANA","2019-04-12","","52.08333333"
"CARVAJAL - SEVILLANA","2019-04-11","","60.125"
"CARVAJAL - SEVILLANA","2019-04-10","","46.95833333"
"CARVAJAL - SEVILLANA","2019-04-09","","47.08333333"
"CARVAJAL - SEVILLANA","2019-04-08","","54.91666667"
"CARVAJAL - SEVILLANA","2019-04-07","","36.94347826"
"CARVAJAL - SEVILLANA","2019-04-06","","29.82916667"
"CARVAJAL - SEVILLANA","2019-04-05","","40.52173913"
"CARVAJAL - SEVILLANA","2019-04-04","","31.32916667"
"CARVAJAL - SEVILLANA","2019-04-03","","53.34583333"
"CARVAJAL - SEVILLANA","2019-04-02","","47.8625"
"CARVAJAL - SEVILLANA","2019-04-01","","38.5875"
"CARVAJAL - SEVILLANA","2019-03-31","","37.93043478"
"CARVAJAL - SEVILLANA","2019-03-30","","47.71304348"
"CARVAJAL - SEVILLANA","2019-03-29","","59.61363636"
"CARVAJAL - SEVILLANA","2019-03-28","","78.5125"
"CARVAJAL - SEVILLANA","2019-03-27","","62.375"
"CARVAJAL - SEVILLANA","2019-03-26","","63.70416667"
"CARVAJAL - SEVILLANA","2019-03-25","","42.39565217"
"CARVAJAL - SEVILLANA","2019-03-24","","48.65833333"
"CARVAJAL - SEVILLANA","2019-03-23","","44.2125"
"CARVAJAL - SEVILLANA","2019-03-22","","40.95384615"
"CARVAJAL - SEVILLANA","2019-03-21","","57.84166667"
"CARVAJAL - SEVILLANA","2019-03-20","","46.94166667"
"CARVAJAL - SEVILLANA","2019-03-19","","47.7625"
"CARVAJAL - SEVILLANA","2019-03-18","","51.23913043"
"CARVAJAL - SEVILLANA","2019-03-17","","40.32173913"
"CARVAJAL - SEVILLANA","2019-03-16","","46.92083333"
"CARVAJAL - SEVILLANA","2019-03-15","","54.84583333"
"CARVAJAL - SEVILLANA","2019-03-14","","51.25833333"
"CARVAJAL - SEVILLANA","2019-03-13","","52.5125"
"CARVAJAL - SEVILLANA","2019-03-12","","50.2875"
"CARVAJAL - SEVILLANA","2019-03-11","","46.89565217"
"CARVAJAL - SEVILLANA","2019-03-10","","29.04583333"
"CARVAJAL - SEVILLANA","2019-03-09","","39.77083333"
"CARVAJAL - SEVILLANA","2019-03-08","","68.69166667"
"CARVAJAL - SEVILLANA","2019-03-07","","74.5375"
"CARVAJAL - SEVILLANA","2019-03-06","","57.15"
"CARVAJAL - SEVILLANA","2019-03-05","","55.59583333"
"CARVAJAL - SEVILLANA","2019-03-04","","64.70416667"
"CARVAJAL - SEVILLANA","2019-03-03","","37.30416667"
"CARVAJAL - SEVILLANA","2019-03-02","","51.1875"
"CARVAJAL - SEVILLANA","2019-03-01","","54.67083333"
"CARVAJAL - SEVILLANA","2019-02-28","","52.64166667"
"CARVAJAL - SEVILLANA","2019-02-27","","58.1375"
"CARVAJAL - SEVILLANA","2019-02-26","","63.8375"
"CARVAJAL - SEVILLANA","2019-02-25","","51.00869565"
"CARVAJAL - SEVILLANA","2019-02-24","","37.5"
"CARVAJAL - SEVILLANA","2019-02-23","","53.07391304"
"CARVAJAL - SEVILLANA","2019-02-22","","52.74166667"
"CARVAJAL - SEVILLANA","2019-02-21","","47.055"
"CARVAJAL - SEVILLANA","2019-02-20","","49.97826087"
"CARVAJAL - SEVILLANA","2019-02-19","","41.9875"
"CARVAJAL - SEVILLANA","2019-02-18","","41.0875"
"CARVAJAL - SEVILLANA","2019-02-17","","33.51666667"
"CARVAJAL - SEVILLANA","2019-02-16","","41.275"
"CARVAJAL - SEVILLANA","2019-02-15","","67.55"
"CARVAJAL - SEVILLANA","2019-02-14","","63.12083333"
"CARVAJAL - SEVILLANA","2019-02-13","","46.96086957"
"CARVAJAL - SEVILLANA","2019-02-12","","53.67083333"
"CARVAJAL - SEVILLANA","2019-02-11","","46.74583333"
"CARVAJAL - SEVILLANA","2019-02-10","","39.175"
"CARVAJAL - SEVILLANA","2019-02-09","","46.62608696"
"CARVAJAL - SEVILLANA","2019-02-08","","47.95416667"
"CARVAJAL - SEVILLANA","2019-02-07","","52.13478261"
"CARVAJAL - SEVILLANA","2019-02-06","","54.2"
"CARVAJAL - SEVILLANA","2019-02-01","","39.95555556"
"CARVAJAL - SEVILLANA","2019-01-31","","43.3875"
"CARVAJAL - SEVILLANA","2019-01-30","","42.325"
"CARVAJAL - SEVILLANA","2019-01-29","","39.5125"
"CARVAJAL - SEVILLANA","2019-01-28","","37.87916667"
"CARVAJAL - SEVILLANA","2019-01-27","","26.68333333"
"CARVAJAL - SEVILLANA","2019-01-26","","38.7625"
"CARVAJAL - SEVILLANA","2019-01-25","","38.47083333"
"CARVAJAL - SEVILLANA","2019-01-24","","34.15833333"
"CARVAJAL - SEVILLANA","2019-01-23","","27.625"
"CARVAJAL - SEVILLANA","2019-01-22","","26.90833333"
"CARVAJAL - SEVILLANA","2019-01-21","","29.7375"
"CARVAJAL - SEVILLANA","2019-01-20","","16.55833333"
"CARVAJAL - SEVILLANA","2019-01-19","","24.425"
"CARVAJAL - SEVILLANA","2019-01-18","","24.34166667"
"CARVAJAL - SEVILLANA","2019-01-17","","31.075"
"CARVAJAL - SEVILLANA","2019-01-16","","28.59583333"
"CARVAJAL - SEVILLANA","2019-01-15","","26.1125"
"CARVAJAL - SEVILLANA","2019-01-14","","29.725"
"CARVAJAL - SEVILLANA","2019-01-13","","29.00416667"
"CARVAJAL - SEVILLANA","2019-01-12","","41.32083333"
"CARVAJAL - SEVILLANA","2019-01-11","","24.44166667"
"CARVAJAL - SEVILLANA","2019-01-10","","13.55833333"
"CARVAJAL - SEVILLANA","2019-01-09","","27.87272727"
"CARVAJAL - SEVILLANA","2019-01-08","","21.29583333"
"CARVAJAL - SEVILLANA","2019-01-07","","19.89583333"
"CARVAJAL - SEVILLANA","2019-01-06","","24.225"
"CARVAJAL - SEVILLANA","2019-01-05","","29.38333333"
"CARVAJAL - SEVILLANA","2019-01-04","","30.83333333"
"CARVAJAL - SEVILLANA","2019-01-03","","22.81666667"
"CARVAJAL - SEVILLANA","2019-01-02","","19.575"
"CARVAJAL - SEVILLANA","2019-01-01","","22.14782609"
"CARVAJAL - SEVILLANA","2018-12-31","","27.75789474"
"CARVAJAL - SEVILLANA","2018-12-30","","19.37222222"
"CARVAJAL - SEVILLANA","2018-12-29","","22.4125"
"CARVAJAL - SEVILLANA","2018-12-28","","30.85833333"
"CARVAJAL - SEVILLANA","2018-12-27","","35.2875"
"CARVAJAL - SEVILLANA","2018-12-26","","34.67916667"
"CARVAJAL - SEVILLANA","2018-12-25","","30.79583333"
"CARVAJAL - SEVILLANA","2018-12-24","","29.63333333"
"CARVAJAL - SEVILLANA","2018-12-23","","30.2625"
"CARVAJAL - SEVILLANA","2018-12-22","","24.08333333"
"CARVAJAL - SEVILLANA","2018-12-21","","37.75"
"CARVAJAL - SEVILLANA","2018-12-20","","36.89583333"
"CARVAJAL - SEVILLANA","2018-12-19","","41.54166667"
"CARVAJAL - SEVILLANA","2018-12-18","","57.05"
"CARVAJAL - SEVILLANA","2018-12-17","","35.42083333"
"CARVAJAL - SEVILLANA","2018-12-16","","28.03333333"
"CARVAJAL - SEVILLANA","2018-12-15","","45.25833333"
"CARVAJAL - SEVILLANA","2018-12-14","","31.09583333"
"CARVAJAL - SEVILLANA","2018-12-13","","27.19166667"
"CARVAJAL - SEVILLANA","2018-12-12","","31.4875"
"CARVAJAL - SEVILLANA","2018-12-11","","28.44583333"
"CARVAJAL - SEVILLANA","2018-12-10","","31.425"
"CARVAJAL - SEVILLANA","2018-12-09","","26.01666667"
"CARVAJAL - SEVILLANA","2018-12-08","","29.72916667"
"CARVAJAL - SEVILLANA","2018-12-07","","33.56666667"
"CARVAJAL - SEVILLANA","2018-12-06","","33.13333333"
"CARVAJAL - SEVILLANA","2018-12-05","","22.70833333"
"CARVAJAL - SEVILLANA","2018-12-04","","36.40416667"
"CARVAJAL - SEVILLANA","2018-12-03","","35.31666667"
"CARVAJAL - SEVILLANA","2018-12-02","","19.93333333"
"CARVAJAL - SEVILLANA","2018-12-01","","19.64166667"
"CARVAJAL - SEVILLANA","2018-11-30","","35.17083333"
"CARVAJAL - SEVILLANA","2018-11-29","","30.72916667"
"CARVAJAL - SEVILLANA","2018-11-28","","29.05"
"CARVAJAL - SEVILLANA","2018-11-27","","37.6125"
"CARVAJAL - SEVILLANA","2018-11-26","","31.90416667"
"CARVAJAL - SEVILLANA","2018-11-25","","27.29583333"
"CARVAJAL - SEVILLANA","2018-11-24","","43.09583333"
"CARVAJAL - SEVILLANA","2018-11-23","","24.05833333"
"CARVAJAL - SEVILLANA","2018-11-22","","39.3625"
"CARVAJAL - SEVILLANA","2018-11-21","","32.51176471"
"CARVAJAL - SEVILLANA","2018-11-20","","27.75625"
"CARVAJAL - SEVILLANA","2018-11-19","","35.89333333"
"CARVAJAL - SEVILLANA","2018-11-18","","23.64615385"
"CARVAJAL - SEVILLANA","2018-11-17","","34.0"
"CARVAJAL - SEVILLANA","2018-11-16","","32.08888889"
"CARVAJAL - SEVILLANA","2018-11-15","","46.23888889"
"CARVAJAL - SEVILLANA","2018-11-14","","48.17727273"
"CARVAJAL - SEVILLANA","2018-11-13","","39.24736842"
"CARVAJAL - SEVILLANA","2018-11-12","","18.03913043"
"CARVAJAL - SEVILLANA","2018-11-11","","20.05714286"
"CARVAJAL - SEVILLANA","2018-11-10","","27.125"
"CARVAJAL - SEVILLANA","2018-11-09","","21.83076923"
"CARVAJAL - SEVILLANA","2018-11-08","","28.04285714"
"CARVAJAL - SEVILLANA","2018-11-07","","36.44761905"
"CARVAJAL - SEVILLANA","2018-11-06","","31.37083333"
"CARVAJAL - SEVILLANA","2018-11-05","","13.425"
"CARVAJAL - SEVILLANA","2018-11-04","","29.45833333"
"CARVAJAL - SEVILLANA","2018-11-03","","26.38333333"
"CARVAJAL - SEVILLANA","2018-11-02","","33.39166667"
"CARVAJAL - SEVILLANA","2018-11-01","","27.72916667"
"CARVAJAL - SEVILLANA","2018-10-31","","21.53333333"
"CARVAJAL - SEVILLANA","2018-10-25","","28.46818182"
"CARVAJAL - SEVILLANA","2018-10-24","","19.79166667"
"CARVAJAL - SEVILLANA","2018-10-23","","15.24583333"
"CARVAJAL - SEVILLANA","2018-10-22","","29.9625"
"CARVAJAL - SEVILLANA","2018-10-21","","15.9625"
"CARVAJAL - SEVILLANA","2018-10-20","","22.02916667"
"CARVAJAL - SEVILLANA","2018-10-19","","29.525"
"CARVAJAL - SEVILLANA","2018-10-18","","38.6"
"CARVAJAL - SEVILLANA","2018-10-17","","37.21666667"
"CARVAJAL - SEVILLANA","2018-10-16","","28.675"
"CARVAJAL - SEVILLANA","2018-10-15","","15.86666667"
"CARVAJAL - SEVILLANA","2018-10-14","","27.85833333"
"CARVAJAL - SEVILLANA","2018-10-13","","35.42916667"
"CARVAJAL - SEVILLANA","2018-10-12","","38.1375"
"CARVAJAL - SEVILLANA","2018-10-11","","26.53333333"
"CARVAJAL - SEVILLANA","2018-10-10","","26.16666667"
"CARVAJAL - SEVILLANA","2018-10-09","","24.5375"
"CARVAJAL - SEVILLANA","2018-10-08","","19.34583333"
"CARVAJAL - SEVILLANA","2018-10-07","","21.04166667"
"CARVAJAL - SEVILLANA","2018-10-06","","20.29583333"
"CARVAJAL - SEVILLANA","2018-10-05","","31.24583333"
"CARVAJAL - SEVILLANA","2018-10-04","","27.92083333"
"CARVAJAL - SEVILLANA","2018-10-03","","33.9375"
"CARVAJAL - SEVILLANA","2018-10-02","","27.99583333"
"CARVAJAL - SEVILLANA","2018-10-01","","31.30434783"
"CARVAJAL - SEVILLANA","2018-09-30","","25.1625"
"CARVAJAL - SEVILLANA","2018-09-29","","34.25217391"
"CARVAJAL - SEVILLANA","2018-09-28","","37.00833333"
"CARVAJAL - SEVILLANA","2018-09-27","","27.0625"
"CARVAJAL - SEVILLANA","2018-09-26","","42.08333333"
"CARVAJAL - SEVILLANA","2018-09-25","","38.0"
"CARVAJAL - SEVILLANA","2018-09-24","","29.33333333"
"CARVAJAL - SEVILLANA","2018-09-23","","19.40833333"
"CARVAJAL - SEVILLANA","2018-09-22","","27.00416667"
"CARVAJAL - SEVILLANA","2018-09-21","","42.20454545"
"CARVAJAL - SEVILLANA","2018-09-20","","30.94583333"
"CARVAJAL - SEVILLANA","2018-09-19","","35.21818182"
"CARVAJAL - SEVILLANA","2018-09-18","","40.21666667"
"CARVAJAL - SEVILLANA","2018-09-17","","45.325"
"CARVAJAL - SEVILLANA","2018-09-16","","26.81428571"
"CARVAJAL - SEVILLANA","2018-09-15","","31.30416667"
"CARVAJAL - SEVILLANA","2018-09-14","","42.2"
"CARVAJAL - SEVILLANA","2018-09-13","","47.65833333"
"CARVAJAL - SEVILLANA","2018-09-12","","35.7625"
"CARVAJAL - SEVILLANA","2018-09-11","","38.49166667"
"CARVAJAL - SEVILLANA","2018-09-10","","25.22916667"
"CARVAJAL - SEVILLANA","2018-09-09","","17.85"
"CARVAJAL - SEVILLANA","2018-09-08","","25.03333333"
"CARVAJAL - SEVILLANA","2018-09-07","","31.70833333"
"CARVAJAL - SEVILLANA","2018-09-06","","28.84583333"
"CARVAJAL - SEVILLANA","2018-09-05","","33.18333333"
"CARVAJAL - SEVILLANA","2018-09-04","","30.27083333"
"CARVAJAL - SEVILLANA","2018-09-03","","29.16666667"
"CARVAJAL - SEVILLANA","2018-09-02","","27.45833333"
"CARVAJAL - SEVILLANA","2018-09-01","","36.80833333"
"CARVAJAL - SEVILLANA","2018-08-31","","41.51666667"
"CARVAJAL - SEVILLANA","2018-08-30","","31.65416667"
"CARVAJAL - SEVILLANA","2018-08-29","","33.77083333"
"CARVAJAL - SEVILLANA","2018-08-28","","43.82173913"
"CARVAJAL - SEVILLANA","2018-08-27","","37.60416667"
"CARVAJAL - SEVILLANA","2018-08-26","","15.8173913"
"CARVAJAL - SEVILLANA","2018-08-25","","31.92916667"
"CARVAJAL - SEVILLANA","2018-08-24","","38.41666667"
"CARVAJAL - SEVILLANA","2018-08-23","","35.02916667"
"CARVAJAL - SEVILLANA","2018-08-22","","31.00833333"
"CARVAJAL - SEVILLANA","2018-08-21","","25.2875"
"CARVAJAL - SEVILLANA","2018-08-20","","18.03157895"
"CARVAJAL - SEVILLANA","2018-08-19","","18.21666667"
"CARVAJAL - SEVILLANA","2018-08-18","","29.9875"
"CARVAJAL - SEVILLANA","2018-08-17","","30.25833333"
"CARVAJAL - SEVILLANA","2018-08-16","","36.62083333"
"CARVAJAL - SEVILLANA","2018-08-15","","36.7"
"CARVAJAL - SEVILLANA","2018-08-14","","32.29166667"
"CARVAJAL - SEVILLANA","2018-08-13","","28.29166667"
"CARVAJAL - SEVILLANA","2018-08-12","","19.54166667"
"CARVAJAL - SEVILLANA","2018-08-11","","28.0125"
"CARVAJAL - SEVILLANA","2018-08-10","","27.05"
"CARVAJAL - SEVILLANA","2018-08-09","","28.70454545"
"CARVAJAL - SEVILLANA","2018-08-08","","28.8125"
"CARVAJAL - SEVILLANA","2018-08-07","","23.1875"
"CARVAJAL - SEVILLANA","2018-08-06","","30.50416667"
"CARVAJAL - SEVILLANA","2018-08-05","","20.16666667"
"CARVAJAL - SEVILLANA","2018-08-04","","25.2125"
"CARVAJAL - SEVILLANA","2018-08-03","","57.23529412"
"CARVAJAL - SEVILLANA","2018-08-02","","36.81666667"
"CARVAJAL - SEVILLANA","2018-08-01","","35.1625"
"CARVAJAL - SEVILLANA","2018-07-31","","48.85"
"CARVAJAL - SEVILLANA","2018-07-30","","26.0375"
"CARVAJAL - SEVILLANA","2018-07-29","","16.25833333"
"CARVAJAL - SEVILLANA","2018-07-28","","20.55"
"CARVAJAL - SEVILLANA","2018-07-27","","29.35"
"CARVAJAL - SEVILLANA","2018-07-26","","28.2625"
"CARVAJAL - SEVILLANA","2018-07-25","","28.575"
"CARVAJAL - SEVILLANA","2018-07-24","","27.8125"
"CARVAJAL - SEVILLANA","2018-07-23","","32.84166667"
"CARVAJAL - SEVILLANA","2018-07-22","","25.35416667"
"CARVAJAL - SEVILLANA","2018-07-21","","21.87916667"
"CARVAJAL - SEVILLANA","2018-07-20","","18.15416667"
"CARVAJAL - SEVILLANA","2018-07-19","","28.575"
"CARVAJAL - SEVILLANA","2018-07-18","","29.54166667"
"CARVAJAL - SEVILLANA","2018-07-17","","27.20833333"
"CARVAJAL - SEVILLANA","2018-07-16","","22.5875"
"CARVAJAL - SEVILLANA","2018-07-15","","12.2"
"CARVAJAL - SEVILLANA","2018-07-14","","24.02631579"
"CARVAJAL - SEVILLANA","2018-07-13","","32.175"
"CARVAJAL - SEVILLANA","2018-07-12","","30.46521739"
"CARVAJAL - SEVILLANA","2018-07-11","","35.6375"
"CARVAJAL - SEVILLANA","2018-07-10","","34.125"
"CARVAJAL - SEVILLANA","2018-07-09","","32.5"
"CARVAJAL - SEVILLANA","2018-07-08","","19.1625"
"CARVAJAL - SEVILLANA","2018-07-07","","24.175"
"CARVAJAL - SEVILLANA","2018-07-06","","26.6875"
"CARVAJAL - SEVILLANA","2018-07-05","","36.32083333"
"CARVAJAL - SEVILLANA","2018-07-04","","29.95416667"
"CARVAJAL - SEVILLANA","2018-07-03","","35.32916667"
"CARVAJAL - SEVILLANA","2018-07-02","","18.12916667"
"CARVAJAL - SEVILLANA","2018-07-01","","18.60833333"
"CARVAJAL - SEVILLANA","2018-06-30","","26.82916667"
"CARVAJAL - SEVILLANA","2018-06-29","","41.23043478"
"CARVAJAL - SEVILLANA","2018-06-28","","35.66956522"
"CARVAJAL - SEVILLANA","2018-06-27","","30.39166667"
"CARVAJAL - SEVILLANA","2018-06-26","","31.85833333"
"CARVAJAL - SEVILLANA","2018-06-25","","20.5"
"CARVAJAL - SEVILLANA","2018-06-24","","18.96666667"
"CARVAJAL - SEVILLANA","2018-06-23","","28.62916667"
"CARVAJAL - SEVILLANA","2018-06-22","","34.57083333"
"CARVAJAL - SEVILLANA","2018-06-21","","31.02083333"
"CARVAJAL - SEVILLANA","2018-06-20","","34.0375"
"CARVAJAL - SEVILLANA","2018-06-19","","29.00416667"
"CARVAJAL - SEVILLANA","2018-06-18","","26.0"
"CARVAJAL - SEVILLANA","2018-06-17","","17.14166667"
"CARVAJAL - SEVILLANA","2018-06-16","","38.89583333"
"CARVAJAL - SEVILLANA","2018-06-15","","40.47916667"
"CARVAJAL - SEVILLANA","2018-06-14","","29.59166667"
"CARVAJAL - SEVILLANA","2018-06-13","","41.33333333"
"CARVAJAL - SEVILLANA","2018-06-12","","33.63333333"
"CARVAJAL - SEVILLANA","2018-06-11","","13.9375"
"CARVAJAL - SEVILLANA","2018-06-10","","16.87826087"
"CARVAJAL - SEVILLANA","2018-06-09","","40.985"
"CARVAJAL - SEVILLANA","2018-06-08","","27.0125"
"CARVAJAL - SEVILLANA","2018-06-07","","34.32916667"
"CARVAJAL - SEVILLANA","2018-06-06","","29.5875"
"CARVAJAL - SEVILLANA","2018-06-05","","25.19583333"
"CARVAJAL - SEVILLANA","2018-06-04","","13.02083333"
"CARVAJAL - SEVILLANA","2018-06-03","","13.25"
"CARVAJAL - SEVILLANA","2018-06-02","","27.525"
"CARVAJAL - SEVILLANA","2018-06-01","","35.2875"
"CARVAJAL - SEVILLANA","2018-05-31","","35.53333333"
"CARVAJAL - SEVILLANA","2018-05-30","","25.5625"
"CARVAJAL - SEVILLANA","2018-05-29","","20.08666667"
"CARVAJAL - SEVILLANA","2018-05-28","","32.86956522"
"CARVAJAL - SEVILLANA","2018-05-27","","16.94166667"
"CARVAJAL - SEVILLANA","2018-05-26","","30.75833333"
"CARVAJAL - SEVILLANA","2018-05-25","","33.05555556"
"CARVAJAL - SEVILLANA","2018-05-24","","44.28823529"
"CARVAJAL - SEVILLANA","2018-05-23","","22.45714286"
"CARVAJAL - SEVILLANA","2018-05-22","","44.5375"
"CARVAJAL - SEVILLANA","2018-05-21","","30.53571429"
"CARVAJAL - SEVILLANA","2018-05-19","","40.36666667"
"CARVAJAL - SEVILLANA","2018-05-18","","37.525"
"CARVAJAL - SEVILLANA","2018-05-17","","30.60833333"
"CARVAJAL - SEVILLANA","2018-05-16","","33.26666667"
"CARVAJAL - SEVILLANA","2018-05-15","","19.79166667"
"CARVAJAL - SEVILLANA","2018-05-14","","13.50833333"
"CARVAJAL - SEVILLANA","2018-05-13","","15.96666667"
"CARVAJAL - SEVILLANA","2018-05-12","","27.6"
"CARVAJAL - SEVILLANA","2018-05-11","","27.06818182"
"CARVAJAL - SEVILLANA","2018-05-10","","25.52608696"
"CARVAJAL - SEVILLANA","2018-05-09","","24.3"
"CARVAJAL - SEVILLANA","2018-05-08","","21.00833333"
"CARVAJAL - SEVILLANA","2018-05-07","","25.80833333"
"CARVAJAL - SEVILLANA","2018-05-06","","20.24583333"
"CARVAJAL - SEVILLANA","2018-05-05","","25.74583333"
"CARVAJAL - SEVILLANA","2018-05-04","","28.09090909"
"CARVAJAL - SEVILLANA","2018-05-03","","28.00833333"
"CARVAJAL - SEVILLANA","2018-05-02","","28.6"
"CARVAJAL - SEVILLANA","2018-05-01","","27.35"
"CARVAJAL - SEVILLANA","2018-04-30","","37.78333333"
"CARVAJAL - SEVILLANA","2018-04-29","","22.775"
"CARVAJAL - SEVILLANA","2018-04-28","","28.68333333"
"CARVAJAL - SEVILLANA","2018-04-27","","31.67916667"
"CARVAJAL - SEVILLANA","2018-04-26","","30.1625"
"CARVAJAL - SEVILLANA","2018-04-25","","37.31666667"
"CARVAJAL - SEVILLANA","2018-04-24","","30.62916667"
"CARVAJAL - SEVILLANA","2018-04-23","","26.64583333"
"CARVAJAL - SEVILLANA","2018-04-22","","21.10833333"
"CARVAJAL - SEVILLANA","2018-04-21","","32.59583333"
"CARVAJAL - SEVILLANA","2018-04-20","","36.78333333"
"CARVAJAL - SEVILLANA","2018-04-19","","29.46666667"
"CARVAJAL - SEVILLANA","2018-04-18","","29.125"
"CARVAJAL - SEVILLANA","2018-04-17","","33.59166667"
"CARVAJAL - SEVILLANA","2018-04-16","","31.8625"
"CARVAJAL - SEVILLANA","2018-04-15","","22.02916667"
"CARVAJAL - SEVILLANA","2018-04-14","","26.28333333"
"CARVAJAL - SEVILLANA","2018-04-13","","45.94285714"
"CARVAJAL - SEVILLANA","2018-04-12","","33.6875"
"CARVAJAL - SEVILLANA","2018-04-11","","33.39583333"
"CARVAJAL - SEVILLANA","2018-04-10","","26.9875"
"CARVAJAL - SEVILLANA","2018-04-09","","35.30833333"
"CARVAJAL - SEVILLANA","2018-04-08","","28.9125"
"CARVAJAL - SEVILLANA","2018-04-07","","20.67083333"
"CARVAJAL - SEVILLANA","2018-04-06","","17.94166667"
"CARVAJAL - SEVILLANA","2018-04-05","","25.73333333"
"CARVAJAL - SEVILLANA","2018-04-04","","28.85833333"
"CARVAJAL - SEVILLANA","2018-04-03","","28.3875"
"CARVAJAL - SEVILLANA","2018-04-02","","24.52608696"
"CARVAJAL - SEVILLANA","2018-04-01","","12.24166667"
"CARVAJAL - SEVILLANA","2018-03-31","","18.0125"
"CARVAJAL - SEVILLANA","2018-03-30","","16.2625"
"CARVAJAL - SEVILLANA","2018-03-29","","16.71666667"
"CARVAJAL - SEVILLANA","2018-03-28","","40.43333333"
"CARVAJAL - SEVILLANA","2018-03-27","","40.725"
"CARVAJAL - SEVILLANA","2018-03-26","","39.75"
"CARVAJAL - SEVILLANA","2018-03-25","","25.90833333"
"CARVAJAL - SEVILLANA","2018-03-24","","25.94166667"
"CARVAJAL - SEVILLANA","2018-03-23","","48.29583333"
"CARVAJAL - SEVILLANA","2018-03-22","","41.62916667"
"CARVAJAL - SEVILLANA","2018-03-21","","41.25652174"
"CARVAJAL - SEVILLANA","2018-03-20","","38.08333333"
"CARVAJAL - SEVILLANA","2018-03-19","","25.50416667"
"CARVAJAL - SEVILLANA","2018-03-18","","31.99166667"
"CARVAJAL - SEVILLANA","2018-03-17","","35.1625"
"CARVAJAL - SEVILLANA","2018-03-16","","36.28333333"
"CARVAJAL - SEVILLANA","2018-03-15","","44.04166667"
"CARVAJAL - SEVILLANA","2018-03-14","","40.4"
"CARVAJAL - SEVILLANA","2018-03-13","","40.16666667"
"CARVAJAL - SEVILLANA","2018-03-12","","35.29583333"
"CARVAJAL - SEVILLANA","2018-03-11","","17.90869565"
"CARVAJAL - SEVILLANA","2018-03-10","","28.5"
"CARVAJAL - SEVILLANA","2018-03-09","","32.75416667"
"CARVAJAL - SEVILLANA","2018-03-08","","25.30416667"
"CARVAJAL - SEVILLANA","2018-03-07","","31.46666667"
"CARVAJAL - SEVILLANA","2018-03-06","","35.75833333"
"CARVAJAL - SEVILLANA","2018-03-05","","40.02083333"
"CARVAJAL - SEVILLANA","2018-03-04","","28.45"
"CARVAJAL - SEVILLANA","2018-03-03","","33.175"
"CARVAJAL - SEVILLANA","2018-03-02","","31.53333333"
"CARVAJAL - SEVILLANA","2018-03-01","","30.81666667"
"CARVAJAL - SEVILLANA","2018-02-28","","36.325"
"CARVAJAL - SEVILLANA","2018-02-27","","33.30416667"
"CARVAJAL - SEVILLANA","2018-02-26","","30.10833333"
"CARVAJAL - SEVILLANA","2018-02-25","","20.98333333"
"CARVAJAL - SEVILLANA","2018-02-24","","19.7875"
"CARVAJAL - SEVILLANA","2018-02-23","","27.05416667"
"CARVAJAL - SEVILLANA","2018-02-22","","30.4375"
"CARVAJAL - SEVILLANA","2018-02-21","","37.50416667"
"CARVAJAL - SEVILLANA","2018-02-20","","28.31666667"
"CARVAJAL - SEVILLANA","2018-02-19","","31.25416667"
"CARVAJAL - SEVILLANA","2018-02-18","","18.72083333"
"CARVAJAL - SEVILLANA","2018-02-17","","27.8125"
"CARVAJAL - SEVILLANA","2018-02-16","","33.81538462"
"CARVAJAL - SEVILLANA","2018-02-15","","32.94285714"
"CARVAJAL - SEVILLANA","2018-02-14","","29.35"
"CARVAJAL - SEVILLANA","2018-02-13","","34.6875"
"CARVAJAL - SEVILLANA","2018-02-12","","31.12083333"
"CARVAJAL - SEVILLANA","2018-02-11","","22.57083333"
"CARVAJAL - SEVILLANA","2018-02-10","","30.44166667"
"CARVAJAL - SEVILLANA","2018-02-09","","32.43809524"
"CARVAJAL - SEVILLANA","2018-02-08","","30.9875"
"CARVAJAL - SEVILLANA","2018-02-07","","26.22916667"
"CARVAJAL - SEVILLANA","2018-02-06","","34.00833333"
"CARVAJAL - SEVILLANA","2018-02-05","","33.5625"
"CARVAJAL - SEVILLANA","2018-02-04","","19.6375"
"CARVAJAL - SEVILLANA","2018-02-03","","35.2625"
"CARVAJAL - SEVILLANA","2018-02-02","","30.72916667"
"CARVAJAL - SEVILLANA","2018-02-01","","39.4125"
"CARVAJAL - SEVILLANA","2018-01-31","","34.66666667"
"CARVAJAL - SEVILLANA","2018-01-30","","34.35833333"
"CARVAJAL - SEVILLANA","2018-01-29","","32.19166667"
"CARVAJAL - SEVILLANA","2018-01-28","","21.59166667"
"CARVAJAL - SEVILLANA","2018-01-27","","32.26666667"
"CARVAJAL - SEVILLANA","2018-01-26","","38.47916667"
"CARVAJAL - SEVILLANA","2018-01-25","","32.87083333"
"CARVAJAL - SEVILLANA","2018-01-24","","31.85416667"
"CARVAJAL - SEVILLANA","2018-01-23","","33.95416667"
"CARVAJAL - SEVILLANA","2018-01-22","","29.15416667"
"CARVAJAL - SEVILLANA","2018-01-21","","17.84583333"
"CARVAJAL - SEVILLANA","2018-01-20","","20.74583333"
"CARVAJAL - SEVILLANA","2018-01-19","","26.65909091"
"CARVAJAL - SEVILLANA","2018-01-18","","24.41666667"
"CARVAJAL - SEVILLANA","2018-01-17","","26.0625"
"CARVAJAL - SEVILLANA","2018-01-16","","31.12083333"
"CARVAJAL - SEVILLANA","2018-01-15","","33.28333333"
"CARVAJAL - SEVILLANA","2018-01-14","","25.53333333"
"CARVAJAL - SEVILLANA","2018-01-13","","28.9875"
"CARVAJAL - SEVILLANA","2018-01-12","","33.96521739"
"CARVAJAL - SEVILLANA","2018-01-11","","30.49583333"
"CARVAJAL - SEVILLANA","2018-01-10","","22.90833333"
"CARVAJAL - SEVILLANA","2018-01-09","","21.4375"
"CARVAJAL - SEVILLANA","2018-01-08","","23.48"
"CARVAJAL - SEVILLANA","2018-01-06","","13.21"
"CARVAJAL - SEVILLANA","2018-01-05","","32.91666667"
"CARVAJAL - SEVILLANA","2018-01-04","","32.7375"
"CARVAJAL - SEVILLANA","2018-01-03","","30.3"
"CARVAJAL - SEVILLANA","2018-01-02","","26.36666667"
"CARVAJAL - SEVILLANA","2018-01-01","","31.1"
"CARVAJAL - SEVILLANA","2017-12-31","","19.64166667"
"CARVAJAL - SEVILLANA","2017-12-30","","23.19166667"
"CARVAJAL - SEVILLANA","2017-12-29","","29.74166667"
"CARVAJAL - SEVILLANA","2017-12-28","","28.98333333"
"CARVAJAL - SEVILLANA","2017-12-27","","30.58333333"
"CARVAJAL - SEVILLANA","2017-12-26","","25.67916667"
"CARVAJAL - SEVILLANA","2017-12-25","","29.2952381"
"CARVAJAL - SEVILLANA","2017-12-24","","26.66666667"
"CARVAJAL - SEVILLANA","2017-12-23","","33.43333333"
"CARVAJAL - SEVILLANA","2017-12-22","","37.85"
"CARVAJAL - SEVILLANA","2017-12-21","","52.67333333"
"CARVAJAL - SEVILLANA","2017-12-20","","36.14583333"
"CARVAJAL - SEVILLANA","2017-12-19","","56.72083333"
"CARVAJAL - SEVILLANA","2017-12-18","","31.98333333"
"CARVAJAL - SEVILLANA","2017-12-17","","23.0875"
"CARVAJAL - SEVILLANA","2017-12-16","","35.39166667"
"CARVAJAL - SEVILLANA","2017-12-15","","44.84166667"
"CARVAJAL - SEVILLANA","2017-12-14","","28.61666667"
"CARVAJAL - SEVILLANA","2017-12-13","","20.88333333"
"CARVAJAL - SEVILLANA","2017-12-12","","16.70833333"
"CARVAJAL - SEVILLANA","2017-12-11","","17.03333333"
"CARVAJAL - SEVILLANA","2017-12-10","","20.06666667"
"CARVAJAL - SEVILLANA","2017-12-09","","25.07083333"
"CARVAJAL - SEVILLANA","2017-12-08","","24.90833333"
"CARVAJAL - SEVILLANA","2017-12-07","","40.20833333"
"CARVAJAL - SEVILLANA","2017-12-06","","41.27916667"
"CARVAJAL - SEVILLANA","2017-12-05","","29.40909091"
"CARVAJAL - SEVILLANA","2017-12-04","","29.525"
"CARVAJAL - SEVILLANA","2017-12-03","","18.60833333"
"CARVAJAL - SEVILLANA","2017-12-02","","28.45"
"CARVAJAL - SEVILLANA","2017-12-01","","32.60833333"
"CARVAJAL - SEVILLANA","2017-11-30","","33.94166667"
"CARVAJAL - SEVILLANA","2017-11-29","","29.74583333"
"CARVAJAL - SEVILLANA","2017-11-28","","33.31666667"
"CARVAJAL - SEVILLANA","2017-11-27","","29.4375"
"CARVAJAL - SEVILLANA","2017-11-26","","24.125"
"CARVAJAL - SEVILLANA","2017-11-25","","27.04285714"
"CARVAJAL - SEVILLANA","2017-11-24","","39.67826087"
"CARVAJAL - SEVILLANA","2017-11-23","","49.53333333"
"CARVAJAL - SEVILLANA","2017-11-22","","36.05416667"
"CARVAJAL - SEVILLANA","2017-11-21","","43.42083333"
"CARVAJAL - SEVILLANA","2017-11-20","","30.75833333"
"CARVAJAL - SEVILLANA","2017-11-19","","26.23913043"
"CARVAJAL - SEVILLANA","2017-11-18","","29.91666667"
"CARVAJAL - SEVILLANA","2017-11-17","","28.75238095"
"CARVAJAL - SEVILLANA","2017-11-16","","26.92083333"
"CARVAJAL - SEVILLANA","2017-11-15","","30.79583333"
"CARVAJAL - SEVILLANA","2017-11-14","","34.56521739"
"CARVAJAL - SEVILLANA","2017-11-13","","22.46666667"
"CARVAJAL - SEVILLANA","2017-11-12","","25.5125"
"CARVAJAL - SEVILLANA","2017-11-11","","28.33333333"
"CARVAJAL - SEVILLANA","2017-11-10","","48.025"
"CARVAJAL - SEVILLANA","2017-11-09","","42.19166667"
"CARVAJAL - SEVILLANA","2017-11-08","","37.1875"
"CARVAJAL - SEVILLANA","2017-11-07","","39.1"
"CARVAJAL - SEVILLANA","2017-11-06","","29.075"
"CARVAJAL - SEVILLANA","2017-11-05","","34.7375"
"CARVAJAL - SEVILLANA","2017-11-04","","38.225"
"CARVAJAL - SEVILLANA","2017-11-03","","45.49583333"
"CARVAJAL - SEVILLANA","2017-11-02","","47.69583333"
"CARVAJAL - SEVILLANA","2017-11-01","","39.30555556"
"CARVAJAL - SEVILLANA","2017-10-31","","33.95652174"
"CARVAJAL - SEVILLANA","2017-10-30","","30.55"
"CARVAJAL - SEVILLANA","2017-10-29","","17.27916667"
"CARVAJAL - SEVILLANA","2017-10-28","","24.3875"
"CARVAJAL - SEVILLANA","2017-10-27","","40.8625"
"CARVAJAL - SEVILLANA","2017-10-26","","32.80833333"
"CARVAJAL - SEVILLANA","2017-10-25","","29.55217391"
"CARVAJAL - SEVILLANA","2017-10-24","","30.975"
"CARVAJAL - SEVILLANA","2017-10-23","","25.05416667"
"CARVAJAL - SEVILLANA","2017-10-22","","13.725"
"CARVAJAL - SEVILLANA","2017-10-21","","27.75833333"
"CARVAJAL - SEVILLANA","2017-10-20","","38.9375"
"CARVAJAL - SEVILLANA","2017-10-19","","36.49166667"
"CARVAJAL - SEVILLANA","2017-10-18","","32.03333333"
"CARVAJAL - SEVILLANA","2017-10-17","","28.24166667"
"CARVAJAL - SEVILLANA","2017-10-16","","18.90869565"
"CARVAJAL - SEVILLANA","2017-10-15","","25.31538462"
"CARVAJAL - SEVILLANA","2017-10-14","","26.23333333"
"CARVAJAL - SEVILLANA","2017-10-13","","30.60416667"
"CARVAJAL - SEVILLANA","2017-10-12","","45.9875"
"CARVAJAL - SEVILLANA","2017-10-11","","30.31666667"
"CARVAJAL - SEVILLANA","2017-10-10","","40.12916667"
"CARVAJAL - SEVILLANA","2017-10-09","","32.55"
"CARVAJAL - SEVILLANA","2017-10-08","","23.89166667"
"CARVAJAL - SEVILLANA","2017-10-07","","22.29166667"
"CARVAJAL - SEVILLANA","2017-10-06","","26.74166667"
"CARVAJAL - SEVILLANA","2017-10-05","","28.3"
"CARVAJAL - SEVILLANA","2017-10-04","","28.28333333"
"CARVAJAL - SEVILLANA","2017-10-03","","34.6625"
"CARVAJAL - SEVILLANA","2017-10-02","","28.775"
"CARVAJAL - SEVILLANA","2017-10-01","","21.80833333"
"CARVAJAL - SEVILLANA","2017-09-30","","27.42083333"
"CARVAJAL - SEVILLANA","2017-09-29","","26.02083333"
"CARVAJAL - SEVILLANA","2017-09-28","","28.6"
"CARVAJAL - SEVILLANA","2017-09-27","","32.9875"
"CARVAJAL - SEVILLANA","2017-09-26","","37.21666667"
"CARVAJAL - SEVILLANA","2017-09-25","","24.43333333"
"CARVAJAL - SEVILLANA","2017-09-24","","16.42083333"
"CARVAJAL - SEVILLANA","2017-09-23","","31.5"
"CARVAJAL - SEVILLANA","2017-09-22","","45.10416667"
"CARVAJAL - SEVILLANA","2017-09-21","","39.65"
"CARVAJAL - SEVILLANA","2017-09-20","","32.9375"
"CARVAJAL - SEVILLANA","2017-09-19","","29.35833333"
"CARVAJAL - SEVILLANA","2017-09-18","","24.025"
"CARVAJAL - SEVILLANA","2017-09-17","","17.11666667"
"CARVAJAL - SEVILLANA","2017-09-16","","28.20833333"
"CARVAJAL - SEVILLANA","2017-09-15","","29.325"
"CARVAJAL - SEVILLANA","2017-09-14","","29.93333333"
"CARVAJAL - SEVILLANA","2017-09-13","","28.1875"
"CARVAJAL - SEVILLANA","2017-09-12","","28.93333333"
"CARVAJAL - SEVILLANA","2017-09-11","","24.4125"
"CARVAJAL - SEVILLANA","2017-09-10","","18.42916667"
"CARVAJAL - SEVILLANA","2017-09-09","","30.1375"
"CARVAJAL - SEVILLANA","2017-09-08","","38.40416667"
"CARVAJAL - SEVILLANA","2017-09-07","","26.15"
"CARVAJAL - SEVILLANA","2017-09-06","","36.11304348"
"CARVAJAL - SEVILLANA","2017-09-05","","32.6625"
"CARVAJAL - SEVILLANA","2017-09-04","","37.2875"
"CARVAJAL - SEVILLANA","2017-09-03","","16.1125"
"CARVAJAL - SEVILLANA","2017-09-02","","25.0375"
"CARVAJAL - SEVILLANA","2017-09-01","","30.2625"
"CARVAJAL - SEVILLANA","2017-08-31","","26.47083333"
"CARVAJAL - SEVILLANA","2017-08-30","","33.19583333"
"CARVAJAL - SEVILLANA","2017-08-29","","31.59565217"
"CARVAJAL - SEVILLANA","2017-08-28","","30.8125"
"CARVAJAL - SEVILLANA","2017-08-27","","24.66521739"
"CARVAJAL - SEVILLANA","2017-08-26","","29.60833333"
"CARVAJAL - SEVILLANA","2017-08-25","","29.87916667"
"CARVAJAL - SEVILLANA","2017-08-24","","32.05833333"
"CARVAJAL - SEVILLANA","2017-08-23","","36.20833333"
"CARVAJAL - SEVILLANA","2017-08-22","","26.425"
"CARVAJAL - SEVILLANA","2017-08-21","","14.925"
"CARVAJAL - SEVILLANA","2017-08-20","","18.1375"
"CARVAJAL - SEVILLANA","2017-08-19","","24.78333333"
"CARVAJAL - SEVILLANA","2017-08-18","","30.075"
"CARVAJAL - SEVILLANA","2017-08-17","","29.51666667"
"CARVAJAL - SEVILLANA","2017-08-16","","26.62173913"
"CARVAJAL - SEVILLANA","2017-08-15","","37.35"
"CARVAJAL - SEVILLANA","2017-08-14","","34.49583333"
"CARVAJAL - SEVILLANA","2017-08-13","","17.4875"
"CARVAJAL - SEVILLANA","2017-08-12","","27.88333333"
"CARVAJAL - SEVILLANA","2017-08-11","","33.96666667"
"CARVAJAL - SEVILLANA","2017-08-10","","30.93333333"
"CARVAJAL - SEVILLANA","2017-08-09","","27.44166667"
"CARVAJAL - SEVILLANA","2017-08-08","","28.11666667"
"CARVAJAL - SEVILLANA","2017-08-07","","21.72083333"
"CARVAJAL - SEVILLANA","2017-08-06","","22.64166667"
"CARVAJAL - SEVILLANA","2017-08-05","","27.93333333"
"CARVAJAL - SEVILLANA","2017-08-04","","31.52916667"
"CARVAJAL - SEVILLANA","2017-08-03","","40.9875"
"CARVAJAL - SEVILLANA","2017-08-02","","46.07083333"
"CARVAJAL - SEVILLANA","2017-08-01","","35.8125"
"CARVAJAL - SEVILLANA","2017-07-31","","23.86666667"
"CARVAJAL - SEVILLANA","2017-07-30","","15.45833333"
"CARVAJAL - SEVILLANA","2017-07-29","","27.62608696"
"CARVAJAL - SEVILLANA","2017-07-28","","29.38333333"
"CARVAJAL - SEVILLANA","2017-07-27","","25.76521739"
"CARVAJAL - SEVILLANA","2017-07-26","","26.20416667"
"CARVAJAL - SEVILLANA","2017-07-25","","23.125"
"CARVAJAL - SEVILLANA","2017-07-24","","27.95652174"
"CARVAJAL - SEVILLANA","2017-07-23","","16.65833333"
"CARVAJAL - SEVILLANA","2017-07-22","","24.9125"
"CARVAJAL - SEVILLANA","2017-07-21","","30.35"
"CARVAJAL - SEVILLANA","2017-07-20","","18.49583333"
"CARVAJAL - SEVILLANA","2017-07-19","","27.29583333"
"CARVAJAL - SEVILLANA","2017-07-18","","26.62083333"
"CARVAJAL - SEVILLANA","2017-07-17","","27.38695652"
"CARVAJAL - SEVILLANA","2017-07-16","","26.4875"
"CARVAJAL - SEVILLANA","2017-07-15","","28.775"
"CARVAJAL - SEVILLANA","2017-07-14","","27.54166667"
"CARVAJAL - SEVILLANA","2017-07-13","","25.6375"
"CARVAJAL - SEVILLANA","2017-07-12","","21.95652174"
"CARVAJAL - SEVILLANA","2017-07-11","","26.24782609"
"CARVAJAL - SEVILLANA","2017-07-10","","25.15416667"
"CARVAJAL - SEVILLANA","2017-07-09","","15.54583333"
"CARVAJAL - SEVILLANA","2017-07-08","","26.6625"
"CARVAJAL - SEVILLANA","2017-07-07","","25.39166667"
"CARVAJAL - SEVILLANA","2017-07-06","","24.125"
"CARVAJAL - SEVILLANA","2017-07-05","","33.025"
"CARVAJAL - SEVILLANA","2017-07-04","","23.625"
"CARVAJAL - SEVILLANA","2017-07-03","","11.71666667"
"CARVAJAL - SEVILLANA","2017-07-02","","13.575"
"CARVAJAL - SEVILLANA","2017-07-01","","22.57916667"
"CARVAJAL - SEVILLANA","2017-06-30","","26.15833333"
"CARVAJAL - SEVILLANA","2017-06-29","","30.54583333"
"CARVAJAL - SEVILLANA","2017-06-28","","24.27916667"
"CARVAJAL - SEVILLANA","2017-06-27","","22.6625"
"CARVAJAL - SEVILLANA","2017-06-26","","17.83333333"
"CARVAJAL - SEVILLANA","2017-06-25","","14.54583333"
"CARVAJAL - SEVILLANA","2017-06-24","","27.39166667"
"CARVAJAL - SEVILLANA","2017-06-23","","26.125"
"CARVAJAL - SEVILLANA","2017-06-22","","22.52173913"
"CARVAJAL - SEVILLANA","2017-06-21","","30.34545455"
"CARVAJAL - SEVILLANA","2017-06-20","","25.17391304"
"CARVAJAL - SEVILLANA","2017-06-19","","16.60833333"
"CARVAJAL - SEVILLANA","2017-06-18","","30.22916667"
"CARVAJAL - SEVILLANA","2017-06-17","","36.62916667"
"CARVAJAL - SEVILLANA","2017-06-16","","28.75416667"
"CARVAJAL - SEVILLANA","2017-06-15","","27.04166667"
"CARVAJAL - SEVILLANA","2017-06-14","","30.9"
"CARVAJAL - SEVILLANA","2017-06-13","","29.06086957"
"CARVAJAL - SEVILLANA","2017-06-12","","21.90869565"
"CARVAJAL - SEVILLANA","2017-06-11","","18.82173913"
"CARVAJAL - SEVILLANA","2017-06-10","","29.7125"
"CARVAJAL - SEVILLANA","2017-06-09","","40.48333333"
"CARVAJAL - SEVILLANA","2017-06-08","","42.99166667"
"CARVAJAL - SEVILLANA","2017-06-07","","30.00833333"
"CARVAJAL - SEVILLANA","2017-06-06","","28.10833333"
"CARVAJAL - SEVILLANA","2017-06-05","","25.63333333"
"CARVAJAL - SEVILLANA","2017-06-04","","13.45454545"
"CARVAJAL - SEVILLANA","2017-06-03","","24.85416667"
"CARVAJAL - SEVILLANA","2017-06-02","","28.64583333"
"CARVAJAL - SEVILLANA","2017-06-01","","27.41666667"
"CARVAJAL - SEVILLANA","2017-05-31","","33.3875"
"CARVAJAL - SEVILLANA","2017-05-30","","33.07083333"
"CARVAJAL - SEVILLANA","2017-05-29","","15.775"
"CARVAJAL - SEVILLANA","2017-05-28","","18.65833333"
"CARVAJAL - SEVILLANA","2017-05-27","","25.8375"
"CARVAJAL - SEVILLANA","2017-05-26","","32.03333333"
"CARVAJAL - SEVILLANA","2017-05-25","","26.91818182"
"CARVAJAL - SEVILLANA","2017-05-24","","27.4"
"CARVAJAL - SEVILLANA","2017-05-23","","35.04166667"
"CARVAJAL - SEVILLANA","2017-05-22","","26.09166667"
"CARVAJAL - SEVILLANA","2017-05-21","","21.6"
"CARVAJAL - SEVILLANA","2017-05-20","","27.45"
"CARVAJAL - SEVILLANA","2017-05-19","","36.0625"
"CARVAJAL - SEVILLANA","2017-05-18","","29.9"
"CARVAJAL - SEVILLANA","2017-05-17","","37.4"
"CARVAJAL - SEVILLANA","2017-05-16","","29.48461538"
"CARVAJAL - SEVILLANA","2017-05-15","","39.67727273"
"CARVAJAL - SEVILLANA","2017-05-14","","19.52352941"
"CARVAJAL - SEVILLANA","2017-05-13","","21.71666667"
"CARVAJAL - SEVILLANA","2017-05-12","","22.2"
"CARVAJAL - SEVILLANA","2017-05-11","","25.04583333"
"CARVAJAL - SEVILLANA","2017-05-10","","24.17916667"
"CARVAJAL - SEVILLANA","2017-05-09","","22.41666667"
"CARVAJAL - SEVILLANA","2017-05-08","","19.70833333"
"CARVAJAL - SEVILLANA","2017-05-07","","22.41666667"
"CARVAJAL - SEVILLANA","2017-05-06","","21.66666667"
"CARVAJAL - SEVILLANA","2017-05-05","","33.16666667"
"CARVAJAL - SEVILLANA","2017-05-04","","28.875"
"CARVAJAL - SEVILLANA","2017-05-03","","32.70833333"
"CARVAJAL - SEVILLANA","2017-05-02","","18.58333333"
"CARVAJAL - SEVILLANA","2017-05-01","","15.54166667"
"CARVAJAL - SEVILLANA","2017-04-30","","20.25416667"
"CARVAJAL - SEVILLANA","2017-04-29","","28.9"
"CARVAJAL - SEVILLANA","2017-04-28","","37.20454545"
"CARVAJAL - SEVILLANA","2017-04-27","","37.79130435"
"CARVAJAL - SEVILLANA","2017-04-26","","29.33333333"
"CARVAJAL - SEVILLANA","2017-04-25","","35.45416667"
"CARVAJAL - SEVILLANA","2017-04-24","","27.94583333"
"CARVAJAL - SEVILLANA","2017-04-23","","19.82916667"
"CARVAJAL - SEVILLANA","2017-04-22","","34.24583333"
"CARVAJAL - SEVILLANA","2017-04-21","","24.45454545"
"CARVAJAL - SEVILLANA","2017-04-20","","39.6375"
"CARVAJAL - SEVILLANA","2017-04-19","","28.925"
"CARVAJAL - SEVILLANA","2017-04-18","","28.75416667"
"CARVAJAL - SEVILLANA","2017-04-17","","26.6125"
"CARVAJAL - SEVILLANA","2017-04-16","","17.84545455"
"CARVAJAL - SEVILLANA","2017-04-15","","17.37727273"
"CARVAJAL - SEVILLANA","2017-04-14","","13.51666667"
"CARVAJAL - SEVILLANA","2017-04-13","","19.11666667"
"CARVAJAL - SEVILLANA","2017-04-12","","34.50416667"
"CARVAJAL - SEVILLANA","2017-04-11","","35.025"
"CARVAJAL - SEVILLANA","2017-04-10","","38.07916667"
"CARVAJAL - SEVILLANA","2017-04-09","","21.1"
"CARVAJAL - SEVILLANA","2017-04-08","","42.73333333"
"CARVAJAL - SEVILLANA","2017-04-07","","48.50416667"
"CARVAJAL - SEVILLANA","2017-04-06","","40.3375"
"CARVAJAL - SEVILLANA","2017-04-05","","40.775"
"CARVAJAL - SEVILLANA","2017-04-04","","36.36666667"
"CARVAJAL - SEVILLANA","2017-04-03","","28.81666667"
"CARVAJAL - SEVILLANA","2017-04-02","","18.17916667"
"CARVAJAL - SEVILLANA","2017-04-01","","30.0875"
"CARVAJAL - SEVILLANA","2017-03-31","","35.69583333"
"CARVAJAL - SEVILLANA","2017-03-30","","30.15416667"
"CARVAJAL - SEVILLANA","2017-03-29","","34.05"
"CARVAJAL - SEVILLANA","2017-03-28","","32.44"
"CARVAJAL - SEVILLANA","2017-03-27","","35.79130435"
"CARVAJAL - SEVILLANA","2017-03-26","","16.3173913"
"CARVAJAL - SEVILLANA","2017-03-25","","39.19583333"
"CARVAJAL - SEVILLANA","2017-03-24","","27.62916667"
"CARVAJAL - SEVILLANA","2017-03-23","","41.54736842"
"CARVAJAL - SEVILLANA","2017-03-22","","35.61666667"
"CARVAJAL - SEVILLANA","2017-03-21","","27.85"
"CARVAJAL - SEVILLANA","2017-03-20","","31.66666667"
"CARVAJAL - SEVILLANA","2017-03-19","","25.66666667"
"CARVAJAL - SEVILLANA","2017-03-18","","28.6375"
"CARVAJAL - SEVILLANA","2017-03-17","","25.17083333"
"CARVAJAL - SEVILLANA","2017-03-16","","22.9625"
"CARVAJAL - SEVILLANA","2017-03-15","","25.425"
"CARVAJAL - SEVILLANA","2017-03-14","","30.2625"
"CARVAJAL - SEVILLANA","2017-03-13","","23.00833333"
"CARVAJAL - SEVILLANA","2017-03-12","","17.34583333"
"CARVAJAL - SEVILLANA","2017-03-11","","26.18333333"
"CARVAJAL - SEVILLANA","2017-03-10","","25.92916667"
"CARVAJAL - SEVILLANA","2017-03-09","","33.45"
"CARVAJAL - SEVILLANA","2017-03-08","","30.48333333"
"CARVAJAL - SEVILLANA","2017-03-07","","32.8625"
"CARVAJAL - SEVILLANA","2017-03-06","","23.0875"
"CARVAJAL - SEVILLANA","2017-03-05","","20.64583333"
"CARVAJAL - SEVILLANA","2017-03-04","","37.42916667"
"CARVAJAL - SEVILLANA","2017-03-03","","27.14166667"
"CARVAJAL - SEVILLANA","2017-03-02","","36.84583333"
"CARVAJAL - SEVILLANA","2017-03-01","","32.62916667"
"CARVAJAL - SEVILLANA","2017-02-28","","40.35416667"
"CARVAJAL - SEVILLANA","2017-02-27","","31.44583333"
"CARVAJAL - SEVILLANA","2017-02-26","","21.19583333"
"CARVAJAL - SEVILLANA","2017-02-25","","31.33333333"
"CARVAJAL - SEVILLANA","2017-02-24","","32.35"
"CARVAJAL - SEVILLANA","2017-02-23","","31.43333333"
"CARVAJAL - SEVILLANA","2017-02-22","","28.70416667"
"CARVAJAL - SEVILLANA","2017-02-21","","29.95"
"CARVAJAL - SEVILLANA","2017-02-20","","32.68333333"
"CARVAJAL - SEVILLANA","2017-02-19","","29.18333333"
"CARVAJAL - SEVILLANA","2017-02-18","","27.80833333"
"CARVAJAL - SEVILLANA","2017-02-17","","14.34166667"
"CARVAJAL - SEVILLANA","2017-02-16","","28.12916667"
"CARVAJAL - SEVILLANA","2017-02-15","","29.95833333"
"CARVAJAL - SEVILLANA","2017-02-14","","17.24166667"
"CARVAJAL - SEVILLANA","2017-02-13","","13.3"
"CARVAJAL - SEVILLANA","2017-02-12","","17.94583333"
"CARVAJAL - SEVILLANA","2017-02-11","","31.20416667"
"CARVAJAL - SEVILLANA","2017-02-10","","26.59583333"
"CARVAJAL - SEVILLANA","2017-02-09","","36.0375"
"CARVAJAL - SEVILLANA","2017-02-08","","37.10833333"
"CARVAJAL - SEVILLANA","2017-02-07","","24.46666667"
"CARVAJAL - SEVILLANA","2017-02-06","","30.32083333"
"CARVAJAL - SEVILLANA","2017-02-05","","20.19166667"
"CARVAJAL - SEVILLANA","2017-02-04","","30.25"
"CARVAJAL - SEVILLANA","2017-02-03","","34.99166667"
"CARVAJAL - SEVILLANA","2017-02-02","","32.36666667"
"CARVAJAL - SEVILLANA","2017-02-01","","38.37916667"
"CARVAJAL - SEVILLANA","2017-01-31","","26.69166667"
"CARVAJAL - SEVILLANA","2017-01-30","","27.89166667"
"CARVAJAL - SEVILLANA","2017-01-29","","17.675"
"CARVAJAL - SEVILLANA","2017-01-28","","27.8875"
"CARVAJAL - SEVILLANA","2017-01-27","","27.475"
"CARVAJAL - SEVILLANA","2017-01-26","","29.27083333"
"CARVAJAL - SEVILLANA","2017-01-25","","28.22916667"
"CARVAJAL - SEVILLANA","2017-01-24","","34.22083333"
"CARVAJAL - SEVILLANA","2017-01-23","","31.42916667"
"CARVAJAL - SEVILLANA","2017-01-22","","20.6"
"CARVAJAL - SEVILLANA","2017-01-21","","22.14166667"
"CARVAJAL - SEVILLANA","2017-01-20","","25.975"
"CARVAJAL - SEVILLANA","2017-01-19","","29.0"
"CARVAJAL - SEVILLANA","2017-01-18","","27.25833333"
"CARVAJAL - SEVILLANA","2017-01-17","","22.625"
"CARVAJAL - SEVILLANA","2017-01-16","","17.27916667"
"CARVAJAL - SEVILLANA","2017-01-15","","16.2625"
"CARVAJAL - SEVILLANA","2017-01-14","","31.75"
"CARVAJAL - SEVILLANA","2017-01-13","","29.50833333"
"CARVAJAL - SEVILLANA","2017-01-12","","29.275"
"CARVAJAL - SEVILLANA","2017-01-11","","24.11666667"
"CARVAJAL - SEVILLANA","2017-01-10","","22.7625"
"CARVAJAL - SEVILLANA","2017-01-09","","20.18333333"
"CARVAJAL - SEVILLANA","2017-01-08","","14.19583333"
"CARVAJAL - SEVILLANA","2017-01-07","","20.2375"
"CARVAJAL - SEVILLANA","2017-01-06","","21.175"
"CARVAJAL - SEVILLANA","2017-01-05","","28.11666667"
"CARVAJAL - SEVILLANA","2017-01-04","","24.97083333"
"CARVAJAL - SEVILLANA","2017-01-03","","22.71666667"
"CARVAJAL - SEVILLANA","2017-01-02","","13.19565217"
"CARVAJAL - SEVILLANA","2017-01-01","","13.46086957"
"CARVAJAL - SEVILLANA","2016-12-31","","15.66666667"
"CARVAJAL - SEVILLANA","2016-12-30","","27.59166667"
"CARVAJAL - SEVILLANA","2016-12-29","","34.12916667"
"CARVAJAL - SEVILLANA","2016-12-28","","26.83333333"
"CARVAJAL - SEVILLANA","2016-12-27","","28.4"
"CARVAJAL - SEVILLANA","2016-09-10","","21.475"
"CARVAJAL - SEVILLANA","2016-09-09","","26.20833333"
"CARVAJAL - SEVILLANA","2016-09-08","","31.49583333"
"CARVAJAL - SEVILLANA","2016-09-07","","22.69583333"
"CARVAJAL - SEVILLANA","2016-09-06","","23.47083333"
"CARVAJAL - SEVILLANA","2016-09-05","","19.76666667"
"CARVAJAL - SEVILLANA","2016-09-04","","17.34583333"
"CARVAJAL - SEVILLANA","2016-09-03","","24.91666667"
"CARVAJAL - SEVILLANA","2016-09-02","","33.62916667"
"CARVAJAL - SEVILLANA","2016-09-01","","24.1952381"
"CARVAJAL - SEVILLANA","2016-08-31","","21.57916667"
"CARVAJAL - SEVILLANA","2016-08-30","","25.4"
"CARVAJAL - SEVILLANA","2016-08-29","","31.57916667"
"CARVAJAL - SEVILLANA","2016-08-28","","15.95833333"
"CARVAJAL - SEVILLANA","2016-08-27","","25.94583333"
"CARVAJAL - SEVILLANA","2016-08-26","","28.37083333"
"CARVAJAL - SEVILLANA","2016-08-25","","27.42916667"
"CARVAJAL - SEVILLANA","2016-08-24","","37.8875"
"CARVAJAL - SEVILLANA","2016-08-23","","26.37916667"
"CARVAJAL - SEVILLANA","2016-08-22","","23.2375"
"CARVAJAL - SEVILLANA","2016-08-21","","20.11666667"
"CARVAJAL - SEVILLANA","2016-08-20","","31.39583333"
"CARVAJAL - SEVILLANA","2016-08-19","","32.87916667"
"CARVAJAL - SEVILLANA","2016-08-18","","27.51666667"
"CARVAJAL - SEVILLANA","2016-08-17","","27.475"
"CARVAJAL - SEVILLANA","2016-08-16","","28.55833333"
"CARVAJAL - SEVILLANA","2016-08-15","","14.72916667"
"CARVAJAL - SEVILLANA","2016-08-14","","14.58333333"
"CARVAJAL - SEVILLANA","2016-08-13","","23.57083333"
"CARVAJAL - SEVILLANA","2016-08-12","","29.175"
"CARVAJAL - SEVILLANA","2016-08-11","","23.79166667"
"CARVAJAL - SEVILLANA","2016-08-10","","21.99166667"
"CARVAJAL - SEVILLANA","2016-08-09","","25.5375"
"CARVAJAL - SEVILLANA","2016-08-08","","21.01666667"
"CARVAJAL - SEVILLANA","2016-08-07","","14.20416667"
"CARVAJAL - SEVILLANA","2016-08-06","","24.42916667"
"CARVAJAL - SEVILLANA","2016-08-05","","27.02083333"
"CARVAJAL - SEVILLANA","2016-08-04","","23.30833333"
"CARVAJAL - SEVILLANA","2016-08-03","","22.59166667"
"CARVAJAL - SEVILLANA","2016-08-02","","23.92916667"
"CARVAJAL - SEVILLANA","2016-08-01","","23.40416667"
"CARVAJAL - SEVILLANA","2016-07-31","","15.80416667"
"CARVAJAL - SEVILLANA","2016-07-30","","22.6875"
"CARVAJAL - SEVILLANA","2016-07-29","","25.59166667"
"CARVAJAL - SEVILLANA","2016-07-28","","20.15"
"CARVAJAL - SEVILLANA","2016-07-27","","22.7625"
"CARVAJAL - SEVILLANA","2016-07-26","","23.625"
"CARVAJAL - SEVILLANA","2016-07-25","","21.24583333"
"CARVAJAL - SEVILLANA","2016-07-24","","21.75833333"
"CARVAJAL - SEVILLANA","2016-07-23","","22.30833333"
"CARVAJAL - SEVILLANA","2016-07-22","","22.47083333"
"CARVAJAL - SEVILLANA","2016-07-21","","21.77083333"
"CARVAJAL - SEVILLANA","2016-07-20","","15.32083333"
"CARVAJAL - SEVILLANA","2016-07-19","","23.70833333"
"CARVAJAL - SEVILLANA","2016-07-18","","24.15"
"CARVAJAL - SEVILLANA","2016-07-17","","13.325"
"CARVAJAL - SEVILLANA","2016-07-16","","23.6875"
"CARVAJAL - SEVILLANA","2016-07-15","","24.275"
"CARVAJAL - SEVILLANA","2016-07-14","","26.3125"
"CARVAJAL - SEVILLANA","2016-07-13","","22.44166667"
"CARVAJAL - SEVILLANA","2016-07-12","","24.3875"
"CARVAJAL - SEVILLANA","2016-07-11","","25.2875"
"CARVAJAL - SEVILLANA","2016-07-10","","15.07083333"
"CARVAJAL - SEVILLANA","2016-07-09","","18.98333333"
"CARVAJAL - SEVILLANA","2016-07-08","","20.89166667"
"CARVAJAL - SEVILLANA","2016-07-07","","20.44166667"
"CARVAJAL - SEVILLANA","2016-07-06","","21.83333333"
"CARVAJAL - SEVILLANA","2016-07-05","","20.9625"
"CARVAJAL - SEVILLANA","2016-07-04","","14.27083333"
"CARVAJAL - SEVILLANA","2016-07-03","","15.95454545"
"CARVAJAL - SEVILLANA","2016-07-02","","18.58333333"
"CARVAJAL - SEVILLANA","2016-07-01","","22.23333333"
"CARVAJAL - SEVILLANA","2016-06-30","","23.00833333"
"CARVAJAL - SEVILLANA","2016-06-29","","29.05"
"CARVAJAL - SEVILLANA","2016-06-28","","26.54782609"
"CARVAJAL - SEVILLANA","2016-06-27","","29.59166667"
"CARVAJAL - SEVILLANA","2016-06-26","","14.37916667"
"CARVAJAL - SEVILLANA","2016-06-25","","27.6375"
"CARVAJAL - SEVILLANA","2016-06-24","","27.40416667"
"CARVAJAL - SEVILLANA","2016-06-23","","28.56666667"
"CARVAJAL - SEVILLANA","2016-06-22","","32.61666667"
"CARVAJAL - SEVILLANA","2016-06-21","","25.95416667"
"CARVAJAL - SEVILLANA","2016-06-20","","22.325"
"CARVAJAL - SEVILLANA","2016-06-19","","19.62083333"
"CARVAJAL - SEVILLANA","2016-06-18","","27.50833333"
"CARVAJAL - SEVILLANA","2016-06-17","","33.82916667"
"CARVAJAL - SEVILLANA","2016-06-16","","23.2"
"CARVAJAL - SEVILLANA","2016-06-15","","28.20416667"
"CARVAJAL - SEVILLANA","2016-06-14","","27.4125"
"CARVAJAL - SEVILLANA","2016-06-13","","24.60833333"
"CARVAJAL - SEVILLANA","2016-06-12","","18.32727273"
"CARVAJAL - SEVILLANA","2016-06-11","","21.8375"
"CARVAJAL - SEVILLANA","2016-06-10","","29.21666667"
"CARVAJAL - SEVILLANA","2016-06-09","","23.38333333"
"CARVAJAL - SEVILLANA","2016-06-08","","25.0625"
"CARVAJAL - SEVILLANA","2016-06-07","","31.125"
"CARVAJAL - SEVILLANA","2016-06-06","","19.90833333"
"CARVAJAL - SEVILLANA","2016-06-05","","28.775"
"CARVAJAL - SEVILLANA","2016-06-04","","38.5375"
"CARVAJAL - SEVILLANA","2016-06-03","","33.87916667"
"CARVAJAL - SEVILLANA","2016-06-02","","29.47083333"
"CARVAJAL - SEVILLANA","2016-06-01","","30.05"
"CARVAJAL - SEVILLANA","2016-05-31","","30.07083333"
"CARVAJAL - SEVILLANA","2016-05-30","","20.25833333"
"CARVAJAL - SEVILLANA","2016-05-29","","13.09583333"
"CARVAJAL - SEVILLANA","2016-05-28","","24.74583333"
"CARVAJAL - SEVILLANA","2016-05-27","","32.5625"
"CARVAJAL - SEVILLANA","2016-05-26","","28.65"
"CARVAJAL - SEVILLANA","2016-05-25","","29.34166667"
"CARVAJAL - SEVILLANA","2016-05-24","","27.98636364"
"CARVAJAL - SEVILLANA","2016-05-23","","27.28695652"
"CARVAJAL - SEVILLANA","2016-05-22","","15.39166667"
"CARVAJAL - SEVILLANA","2016-05-21","","25.57916667"
"CARVAJAL - SEVILLANA","2016-05-20","","28.34583333"
"CARVAJAL - SEVILLANA","2016-05-19","","25.76666667"
"CARVAJAL - SEVILLANA","2016-05-18","","22.54166667"
"CARVAJAL - SEVILLANA","2016-05-17","","23.025"
"CARVAJAL - SEVILLANA","2016-05-16","","23.675"
"CARVAJAL - SEVILLANA","2016-05-15","","16.25"
"CARVAJAL - SEVILLANA","2016-05-14","","25.5375"
"CARVAJAL - SEVILLANA","2016-05-13","","31.6625"
"CARVAJAL - SEVILLANA","2016-05-12","","32.84166667"
"CARVAJAL - SEVILLANA","2016-05-11","","34.74166667"
"CARVAJAL - SEVILLANA","2016-05-10","","22.08333333"
"CARVAJAL - SEVILLANA","2016-05-09","","13.02083333"
"CARVAJAL - SEVILLANA","2016-05-08","","20.18333333"
"CARVAJAL - SEVILLANA","2016-05-07","","20.64583333"
"CARVAJAL - SEVILLANA","2016-05-06","","29.22916667"
"CARVAJAL - SEVILLANA","2016-05-05","","28.02916667"
"CARVAJAL - SEVILLANA","2016-05-04","","33.82083333"
"CARVAJAL - SEVILLANA","2016-05-03","","38.77083333"
"CARVAJAL - SEVILLANA","2016-05-02","","18.55833333"
"CARVAJAL - SEVILLANA","2016-05-01","","17.3125"
"CARVAJAL - SEVILLANA","2016-04-30","","25.52083333"
"CARVAJAL - SEVILLANA","2016-04-29","","24.9375"
"CARVAJAL - SEVILLANA","2016-04-28","","29.8375"
"CARVAJAL - SEVILLANA","2016-04-27","","35.92727273"
"CARVAJAL - SEVILLANA","2016-04-02","","48.0"
"CARVAJAL - SEVILLANA","2016-04-01","","37.32083333"
"CARVAJAL - SEVILLANA","2016-03-31","","29.9"
"CARVAJAL - SEVILLANA","2016-03-30","","44.70416667"
"CARVAJAL - SEVILLANA","2016-03-29","","46.5"
"CARVAJAL - SEVILLANA","2016-03-28","","39.3875"
"CARVAJAL - SEVILLANA","2016-03-27","","29.44583333"
"CARVAJAL - SEVILLANA","2016-03-26","","26.275"
"CARVAJAL - SEVILLANA","2016-03-25","","18.8875"
"CARVAJAL - SEVILLANA","2016-03-24","","24.23333333"
"CARVAJAL - SEVILLANA","2016-03-23","","35.625"
"CARVAJAL - SEVILLANA","2016-03-22","","39.87619048"
"CARVAJAL - SEVILLANA","2016-03-21","","22.0875"
"CARVAJAL - SEVILLANA","2016-03-20","","21.95833333"
"CARVAJAL - SEVILLANA","2016-03-19","","29.625"
"CARVAJAL - SEVILLANA","2016-03-18","","27.39166667"
"CARVAJAL - SEVILLANA","2016-03-17","","30.59166667"
"CARVAJAL - SEVILLANA","2016-03-16","","34.45416667"
"CARVAJAL - SEVILLANA","2016-03-15","","38.15"
"CARVAJAL - SEVILLANA","2016-03-14","","42.8625"
"CARVAJAL - SEVILLANA","2016-03-13","","35.825"
"CARVAJAL - SEVILLANA","2016-03-12","","39.39166667"
"CARVAJAL - SEVILLANA","2016-03-11","","51.09583333"
"CARVAJAL - SEVILLANA","2016-03-10","","52.47916667"
"CARVAJAL - SEVILLANA","2016-03-09","","45.58333333"
"CARVAJAL - SEVILLANA","2016-03-08","","41.3625"
"CARVAJAL - SEVILLANA","2016-03-07","","47.51666667"
"CARVAJAL - SEVILLANA","2016-03-06","","34.19166667"
"CARVAJAL - SEVILLANA","2016-03-05","","45.025"
"CARVAJAL - SEVILLANA","2016-03-04","","42.0"
"CARVAJAL - SEVILLANA","2016-03-03","","35.44583333"
"CARVAJAL - SEVILLANA","2016-03-02","","38.55833333"
"CARVAJAL - SEVILLANA","2016-03-01","","41.82916667"
"CARVAJAL - SEVILLANA","2016-02-29","","41.77916667"
"CARVAJAL - SEVILLANA","2016-02-28","","24.54166667"
"CARVAJAL - SEVILLANA","2016-02-27","","28.3125"
"CARVAJAL - SEVILLANA","2016-02-26","","34.75833333"
"CARVAJAL - SEVILLANA","2016-02-25","","45.30416667"
"CARVAJAL - SEVILLANA","2016-02-24","","34.4625"
"CARVAJAL - SEVILLANA","2016-02-23","","32.62916667"
"CARVAJAL - SEVILLANA","2016-02-22","","34.92083333"
"CARVAJAL - SEVILLANA","2016-02-21","","37.08333333"
"CARVAJAL - SEVILLANA","2016-02-20","","51.6625"
"CARVAJAL - SEVILLANA","2016-02-19","","37.39166667"
"CARVAJAL - SEVILLANA","2016-02-18","","40.27083333"
"CARVAJAL - SEVILLANA","2016-02-17","","40.00416667"
"CARVAJAL - SEVILLANA","2016-02-16","","29.86666667"
"CARVAJAL - SEVILLANA","2016-02-15","","32.25"
"CARVAJAL - SEVILLANA","2016-02-14","","29.65416667"
"CARVAJAL - SEVILLANA","2016-02-13","","42.525"
"CARVAJAL - SEVILLANA","2016-02-12","","38.475"
"CARVAJAL - SEVILLANA","2016-02-11","","32.54583333"
"CARVAJAL - SEVILLANA","2016-02-10","","31.34583333"
"CARVAJAL - SEVILLANA","2016-02-09","","30.025"
"CARVAJAL - SEVILLANA","2016-02-08","","32.01666667"
"CARVAJAL - SEVILLANA","2016-02-07","","25.84166667"
"CARVAJAL - SEVILLANA","2016-02-06","","37.67916667"
"CARVAJAL - SEVILLANA","2016-02-05","","36.17916667"
"CARVAJAL - SEVILLANA","2016-02-04","","45.11666667"
"CARVAJAL - SEVILLANA","2016-02-03","","64.60833333"
"CARVAJAL - SEVILLANA","2016-02-02","","54.275"
"CARVAJAL - SEVILLANA","2016-02-01","","54.1"
"CARVAJAL - SEVILLANA","2016-01-31","","45.43333333"
"CARVAJAL - SEVILLANA","2016-01-30","","56.40833333"
"CARVAJAL - SEVILLANA","2016-01-29","","50.72083333"
"CARVAJAL - SEVILLANA","2016-01-28","","51.61666667"
"CARVAJAL - SEVILLANA","2016-01-27","","40.5"
"CARVAJAL - SEVILLANA","2016-01-26","","51.89583333"
"CARVAJAL - SEVILLANA","2016-01-25","","45.87916667"
"CARVAJAL - SEVILLANA","2016-01-24","","32.46666667"
"CARVAJAL - SEVILLANA","2016-01-23","","49.2625"
"CARVAJAL - SEVILLANA","2016-01-22","","52.41666667"
"CARVAJAL - SEVILLANA","2016-01-21","","55.78333333"
"CARVAJAL - SEVILLANA","2016-01-20","","47.68333333"
"CARVAJAL - SEVILLANA","2016-01-19","","40.25416667"
"CARVAJAL - SEVILLANA","2016-01-18","","45.675"
"CARVAJAL - SEVILLANA","2016-01-17","","31.04583333"
"CARVAJAL - SEVILLANA","2016-01-16","","38.4125"
"CARVAJAL - SEVILLANA","2016-01-15","","47.52083333"
"CARVAJAL - SEVILLANA","2016-01-14","","45.9625"
"CARVAJAL - SEVILLANA","2016-01-13","","40.71666667"
"CARVAJAL - SEVILLANA","2016-01-12","","38.9"
"CARVAJAL - SEVILLANA","2016-01-11","","26.35833333"
"CARVAJAL - SEVILLANA","2016-01-10","","23.80416667"
"CARVAJAL - SEVILLANA","2016-01-09","","31.70833333"
"CARVAJAL - SEVILLANA","2016-01-08","","32.92173913"
"CARVAJAL - SEVILLANA","2016-01-07","","34.0875"
"CARVAJAL - SEVILLANA","2016-01-06","","38.1875"
"CARVAJAL - SEVILLANA","2016-01-05","","36.02083333"
"CARVAJAL - SEVILLANA","2016-01-04","","28.98333333"
"CARVAJAL - SEVILLANA","2016-01-03","","14.71666667"
"CARVAJAL - SEVILLANA","2016-01-02","","13.9875"
"CARVAJAL - SEVILLANA","2016-01-01","","11.26363636"
"CARVAJAL - SEVILLANA","2015-12-31","","15.86956522"
"CARVAJAL - SEVILLANA","2015-12-30","","27.91666667"
"CARVAJAL - SEVILLANA","2015-12-29","","24.04166667"
"CARVAJAL - SEVILLANA","2015-12-28","","26.25"
"CARVAJAL - SEVILLANA","2015-12-27","","22.58333333"
"CARVAJAL - SEVILLANA","2015-12-26","","17.25"
"CARVAJAL - SEVILLANA","2015-12-25","","18.29166667"
"CARVAJAL - SEVILLANA","2015-12-24","","24.66666667"
"CARVAJAL - SEVILLANA","2015-12-23","","29.54166667"
"CARVAJAL - SEVILLANA","2015-12-22","","31.75"
"CARVAJAL - SEVILLANA","2015-12-21","","26.20833333"
"CARVAJAL - SEVILLANA","2015-12-20","","22.29166667"
"CARVAJAL - SEVILLANA","2015-12-19","","29.25"
"CARVAJAL - SEVILLANA","2015-12-18","","36.375"
"CARVAJAL - SEVILLANA","2015-12-17","","33.79166667"
"CARVAJAL - SEVILLANA","2015-12-16","","34.5"
"CARVAJAL - SEVILLANA","2015-12-15","","36.75"
"CARVAJAL - SEVILLANA","2015-12-14","","29.69230769"
"CARVAJAL - SEVILLANA","2015-12-13","","23.20833333"
"CARVAJAL - SEVILLANA","2015-12-12","","36.08333333"
"CARVAJAL - SEVILLANA","2015-12-11","","33.54166667"
"CARVAJAL - SEVILLANA","2015-12-10","","30.58333333"
"CARVAJAL - SEVILLANA","2015-12-09","","34.33333333"
"CARVAJAL - SEVILLANA","2015-12-08","","32.625"
"CARVAJAL - SEVILLANA","2015-12-07","","35.0"
"CARVAJAL - SEVILLANA","2015-12-06","","21.54166667"
"CARVAJAL - SEVILLANA","2015-12-05","","31.45833333"
"CARVAJAL - SEVILLANA","2015-12-04","","34.625"
"CARVAJAL - SEVILLANA","2015-12-03","","29.83333333"
"CARVAJAL - SEVILLANA","2015-12-02","","29.16666667"
"CARVAJAL - SEVILLANA","2015-12-01","","28.375"
"CARVAJAL - SEVILLANA","2015-11-30","","29.79166667"
"CARVAJAL - SEVILLANA","2015-11-29","","22.58333333"
"CARVAJAL - SEVILLANA","2015-11-28","","36.125"
"CARVAJAL - SEVILLANA","2015-11-27","","38.45833333"
"CARVAJAL - SEVILLANA","2015-11-26","","27.29166667"
"CARVAJAL - SEVILLANA","2015-11-25","","35.125"
"CARVAJAL - SEVILLANA","2015-11-24","","34.875"
"CARVAJAL - SEVILLANA","2015-11-23","","30.375"
"CARVAJAL - SEVILLANA","2015-11-22","","17.20833333"
"CARVAJAL - SEVILLANA","2015-11-21","","29.79166667"
"CARVAJAL - SEVILLANA","2015-11-20","","42.75"
"CARVAJAL - SEVILLANA","2015-11-19","","27.47826087"
"CARVAJAL - SEVILLANA","2015-11-18","","24.875"
"CARVAJAL - SEVILLANA","2015-11-17","","32.5"
"CARVAJAL - SEVILLANA","2015-11-16","","17.375"
"CARVAJAL - SEVILLANA","2015-11-15","","18.95833333"
"CARVAJAL - SEVILLANA","2015-11-14","","28.375"
"CARVAJAL - SEVILLANA","2015-11-13","","36.54166667"
"CARVAJAL - SEVILLANA","2015-11-12","","35.91666667"
"CARVAJAL - SEVILLANA","2015-11-11","","33.08333333"
"CARVAJAL - SEVILLANA","2015-11-10","","49.875"
"CARVAJAL - SEVILLANA","2015-11-09","","39.70833333"
"CARVAJAL - SEVILLANA","2015-11-08","","25.33333333"
"CARVAJAL - SEVILLANA","2015-11-07","","29.91666667"
"CARVAJAL - SEVILLANA","2015-11-06","","50.45833333"
"CARVAJAL - SEVILLANA","2015-11-05","","39.16666667"
"CARVAJAL - SEVILLANA","2015-11-04","","50.83333333"
"CARVAJAL - SEVILLANA","2015-11-03","","43.29166667"
"CARVAJAL - SEVILLANA","2015-11-02","","33.16666667"
"CARVAJAL - SEVILLANA","2015-11-01","","29.20833333"
"CARVAJAL - SEVILLANA","2015-10-31","","51.29166667"
"CARVAJAL - SEVILLANA","2015-10-30","","43.33333333"
"CARVAJAL - SEVILLANA","2015-10-29","","44.04166667"
"CARVAJAL - SEVILLANA","2015-10-28","","44.16666667"
"CARVAJAL - SEVILLANA","2015-10-27","","37.83333333"
"CARVAJAL - SEVILLANA","2015-10-26","","39.83333333"
"CARVAJAL - SEVILLANA","2015-10-25","","23.66666667"
"CARVAJAL - SEVILLANA","2015-10-24","","39.95833333"
"CARVAJAL - SEVILLANA","2015-10-23","","43.41666667"
"CARVAJAL - SEVILLANA","2015-10-22","","51.29166667"
"CARVAJAL - SEVILLANA","2015-10-21","","42.36363636"
"CARVAJAL - SEVILLANA","2015-10-20","","43.45833333"
"CARVAJAL - SEVILLANA","2015-10-19","","43.91666667"
"CARVAJAL - SEVILLANA","2015-10-18","","27.0"
"CARVAJAL - SEVILLANA","2015-10-17","","40.45833333"
"CARVAJAL - SEVILLANA","2015-10-16","","38.875"
"CARVAJAL - SEVILLANA","2015-10-15","","34.75"
"CARVAJAL - SEVILLANA","2015-10-14","","33.95833333"
"CARVAJAL - SEVILLANA","2015-10-13","","41.08333333"
"CARVAJAL - SEVILLANA","2015-10-12","","30.41666667"
"CARVAJAL - SEVILLANA","2015-10-11","","28.375"
"CARVAJAL - SEVILLANA","2015-10-10","","40.0"
"CARVAJAL - SEVILLANA","2015-10-09","","50.95833333"
"CARVAJAL - SEVILLANA","2015-10-08","","47.70833333"
"CARVAJAL - SEVILLANA","2015-10-07","","53.95833333"
"CARVAJAL - SEVILLANA","2015-10-06","","48.75"
"CARVAJAL - SEVILLANA","2015-10-05","","61.875"
"CARVAJAL - SEVILLANA","2015-10-04","","25.9375"
"CARVAJAL - SEVILLANA","2015-10-03","","34.20833333"
"CARVAJAL - SEVILLANA","2015-10-02","","38.20833333"
"CARVAJAL - SEVILLANA","2015-10-01","","38.16666667"
"CARVAJAL - SEVILLANA","2015-09-30","","44.08333333"
"CARVAJAL - SEVILLANA","2015-09-29","","42.58333333"
"CARVAJAL - SEVILLANA","2015-09-28","","53.54166667"
"CARVAJAL - SEVILLANA","2015-09-27","","25.20833333"
"CARVAJAL - SEVILLANA","2015-09-26","","38.16666667"
"CARVAJAL - SEVILLANA","2015-09-25","","42.5"
"CARVAJAL - SEVILLANA","2015-09-24","","37.20833333"
"CARVAJAL - SEVILLANA","2015-09-23","","36.45833333"
"CARVAJAL - SEVILLANA","2015-09-22","","30.30434783"
"CARVAJAL - SEVILLANA","2015-09-21","","33.85714286"
"CARVAJAL - SEVILLANA","2015-09-14","","27.0"
"CARVAJAL - SEVILLANA","2015-09-13","","23.08333333"
"CARVAJAL - SEVILLANA","2015-09-12","","28.66666667"
"CARVAJAL - SEVILLANA","2015-09-11","","31.23809524"
"CARVAJAL - SEVILLANA","2015-09-10","","36.45454545"
"CARVAJAL - SEVILLANA","2015-09-07","","17.16666667"
"CARVAJAL - SEVILLANA","2015-09-06","","18.0"
"CARVAJAL - SEVILLANA","2015-09-05","","28.91304348"
"CARVAJAL - SEVILLANA","2015-09-04","","39.25"
"CARVAJAL - SEVILLANA","2015-09-03","","32.04166667"
"CARVAJAL - SEVILLANA","2015-09-02","","36.31818182"
"CARVAJAL - SEVILLANA","2015-09-01","","28.125"
"CARVAJAL - SEVILLANA","2015-08-31","","28.08333333"
"CARVAJAL - SEVILLANA","2015-08-30","","19.83333333"
"CARVAJAL - SEVILLANA","2015-08-29","","26.75"
"CARVAJAL - SEVILLANA","2015-08-28","","32.54166667"
"CARVAJAL - SEVILLANA","2015-08-27","","39.41666667"
"CARVAJAL - SEVILLANA","2015-08-26","","34.79166667"
"CARVAJAL - SEVILLANA","2015-08-25","","29.41666667"
"CARVAJAL - SEVILLANA","2015-08-24","","30.5"
"CARVAJAL - SEVILLANA","2015-08-23","","28.0"
"CARVAJAL - SEVILLANA","2015-08-22","","35.58333333"
"CARVAJAL - SEVILLANA","2015-08-21","","41.25"
"CARVAJAL - SEVILLANA","2015-08-20","","32.0"
"CARVAJAL - SEVILLANA","2015-08-19","","32.0"
"CARVAJAL - SEVILLANA","2015-08-18","","28.91666667"
"CARVAJAL - SEVILLANA","2015-08-17","","17.54166667"
"CARVAJAL - SEVILLANA","2015-08-16","","17.875"
"CARVAJAL - SEVILLANA","2015-08-15","","21.875"
"CARVAJAL - SEVILLANA","2015-08-14","","27.20833333"
"CARVAJAL - SEVILLANA","2015-08-13","","27.625"
"CARVAJAL - SEVILLANA","2015-08-12","","29.20833333"
"CARVAJAL - SEVILLANA","2015-08-11","","26.58333333"
"CARVAJAL - SEVILLANA","2015-08-10","","31.04166667"
"CARVAJAL - SEVILLANA","2015-08-09","","16.04166667"
"CARVAJAL - SEVILLANA","2015-08-08","","21.0"
"CARVAJAL - SEVILLANA","2015-08-07","","17.75"
"CARVAJAL - SEVILLANA","2015-08-06","","28.375"
"CARVAJAL - SEVILLANA","2015-08-05","","27.95833333"
"CARVAJAL - SEVILLANA","2015-08-04","","25.125"
"CARVAJAL - SEVILLANA","2015-08-03","","26.375"
"CARVAJAL - SEVILLANA","2015-08-02","","13.83333333"
"CARVAJAL - SEVILLANA","2015-08-01","","26.75"
"CARVAJAL - SEVILLANA","2015-07-31","","30.45833333"
"CARVAJAL - SEVILLANA","2015-07-30","","26.04166667"
"CARVAJAL - SEVILLANA","2015-07-29","","26.5"
"CARVAJAL - SEVILLANA","2015-07-28","","28.9047619"
"CARVAJAL - SEVILLANA","2015-07-27","","25.33333333"
"CARVAJAL - SEVILLANA","2015-07-26","","14.25"
"CARVAJAL - SEVILLANA","2015-07-25","","25.41666667"
"CARVAJAL - SEVILLANA","2015-07-24","","28.45833333"
"CARVAJAL - SEVILLANA","2015-07-23","","28.25"
"CARVAJAL - SEVILLANA","2015-07-22","","26.91666667"
"CARVAJAL - SEVILLANA","2015-07-21","","26.875"
"CARVAJAL - SEVILLANA","2015-07-20","","14.08695652"
"CARVAJAL - SEVILLANA","2015-07-19","","14.20833333"
"CARVAJAL - SEVILLANA","2015-07-18","","21.0"
"CARVAJAL - SEVILLANA","2015-07-17","","29.41666667"
"CARVAJAL - SEVILLANA","2015-07-16","","26.66666667"
"CARVAJAL - SEVILLANA","2015-07-15","","25.91666667"
"CARVAJAL - SEVILLANA","2015-07-14","","31.66666667"
"CARVAJAL - SEVILLANA","2015-07-13","","30.125"
"CARVAJAL - SEVILLANA","2015-07-12","","16.16666667"
"CARVAJAL - SEVILLANA","2015-07-11","","22.90909091"
"CARVAJAL - SEVILLANA","2015-07-10","","30.20833333"
"CARVAJAL - SEVILLANA","2015-07-09","","37.58333333"
"CARVAJAL - SEVILLANA","2015-07-08","","29.875"
"CARVAJAL - SEVILLANA","2015-07-07","","32.70833333"
"CARVAJAL - SEVILLANA","2015-07-06","","28.33333333"
"CARVAJAL - SEVILLANA","2015-07-05","","17.20833333"
"CARVAJAL - SEVILLANA","2015-07-04","","26.0"
"CARVAJAL - SEVILLANA","2015-07-03","","38.08333333"
"CARVAJAL - SEVILLANA","2015-07-02","","32.41666667"
"CARVAJAL - SEVILLANA","2015-07-01","","33.125"
"CARVAJAL - SEVILLANA","2015-06-30","","42.20833333"
"CARVAJAL - SEVILLANA","2015-06-29","","14.04166667"
"CARVAJAL - SEVILLANA","2015-06-28","","17.16666667"
"CARVAJAL - SEVILLANA","2015-06-27","","19.83333333"
"CARVAJAL - SEVILLANA","2015-06-26","","24.20833333"
"CARVAJAL - SEVILLANA","2015-06-25","","26.66666667"
"CARVAJAL - SEVILLANA","2015-06-24","","27.375"
"CARVAJAL - SEVILLANA","2015-06-23","","21.79166667"
"CARVAJAL - SEVILLANA","2015-06-22","","25.5"
"CARVAJAL - SEVILLANA","2015-06-21","","19.20833333"
"CARVAJAL - SEVILLANA","2015-06-20","","27.29166667"
"CARVAJAL - SEVILLANA","2015-06-19","","30.16666667"
"CARVAJAL - SEVILLANA","2015-06-18","","23.16666667"
"CARVAJAL - SEVILLANA","2015-06-17","","24.29166667"
"CARVAJAL - SEVILLANA","2015-06-16","","29.04166667"
"CARVAJAL - SEVILLANA","2015-06-15","","13.65217391"
"CARVAJAL - SEVILLANA","2015-06-14","","19.45833333"
"CARVAJAL - SEVILLANA","2015-06-13","","31.16666667"
"CARVAJAL - SEVILLANA","2015-06-12","","34.45833333"
"CARVAJAL - SEVILLANA","2015-06-11","","29.41666667"
"CARVAJAL - SEVILLANA","2015-06-10","","30.0"
"CARVAJAL - SEVILLANA","2015-06-09","","25.83333333"
"CARVAJAL - SEVILLANA","2015-06-08","","13.625"
"CARVAJAL - SEVILLANA","2015-06-07","","21.75"
"CARVAJAL - SEVILLANA","2015-06-06","","23.58333333"
"CARVAJAL - SEVILLANA","2015-06-05","","27.58333333"
"CARVAJAL - SEVILLANA","2015-06-04","","24.45833333"
"CARVAJAL - SEVILLANA","2015-06-03","","26.0"
"CARVAJAL - SEVILLANA","2015-06-02","","27.20833333"
"CARVAJAL - SEVILLANA","2015-06-01","","25.375"
"CARVAJAL - SEVILLANA","2015-05-31","","17.08333333"
"CARVAJAL - SEVILLANA","2015-05-30","","25.45833333"
"CARVAJAL - SEVILLANA","2015-05-29","","24.0"
"CARVAJAL - SEVILLANA","2015-05-28","","23.45833333"
"CARVAJAL - SEVILLANA","2015-05-27","","28.79166667"
"CARVAJAL - SEVILLANA","2015-05-26","","25.90909091"
"CARVAJAL - SEVILLANA","2015-05-25","","29.5"
"CARVAJAL - SEVILLANA","2015-05-24","","13.75"
"CARVAJAL - SEVILLANA","2015-05-23","","28.41666667"
"CARVAJAL - SEVILLANA","2015-05-22","","32.125"
"CARVAJAL - SEVILLANA","2015-05-21","","28.16666667"
"CARVAJAL - SEVILLANA","2015-05-20","","28.875"
"CARVAJAL - SEVILLANA","2015-05-19","","26.625"
"CARVAJAL - SEVILLANA","2015-05-18","","12.45833333"
"CARVAJAL - SEVILLANA","2015-05-17","","15.875"
"CARVAJAL - SEVILLANA","2015-05-16","","26.79166667"
"CARVAJAL - SEVILLANA","2015-05-15","","30.95833333"
"CARVAJAL - SEVILLANA","2015-05-14","","32.45833333"
"CARVAJAL - SEVILLANA","2015-05-13","","27.75"
"CARVAJAL - SEVILLANA","2015-05-12","","27.54166667"
"CARVAJAL - SEVILLANA","2015-05-11","","34.75"
"CARVAJAL - SEVILLANA","2015-05-10","","21.08333333"
"CARVAJAL - SEVILLANA","2015-05-09","","21.66666667"
"CARVAJAL - SEVILLANA","2015-05-08","","31.375"
"CARVAJAL - SEVILLANA","2015-05-07","","35.58333333"
"CARVAJAL - SEVILLANA","2015-05-06","","38.625"
"CARVAJAL - SEVILLANA","2015-05-05","","40.625"
"CARVAJAL - SEVILLANA","2015-05-04","","39.83333333"
"CARVAJAL - SEVILLANA","2015-05-03","","26.5"
"CARVAJAL - SEVILLANA","2015-05-02","","40.20833333"
"CARVAJAL - SEVILLANA","2015-05-01","","28.85"
"CARVAJAL - SEVILLANA","2015-04-30","","35.08333333"
"CARVAJAL - SEVILLANA","2015-04-29","","34.83333333"
"CARVAJAL - SEVILLANA","2015-04-28","","28.29166667"
"CARVAJAL - SEVILLANA","2015-04-27","","23.125"
"CARVAJAL - SEVILLANA","2015-04-26","","12.75"
"CARVAJAL - SEVILLANA","2015-04-25","","27.25"
"CARVAJAL - SEVILLANA","2015-04-24","","32.25"
"CARVAJAL - SEVILLANA","2015-04-23","","35.20833333"
"CARVAJAL - SEVILLANA","2015-04-22","","42.05263158"
"CARVAJAL - SEVILLANA","2015-04-21","","28.66666667"
"CARVAJAL - SEVILLANA","2015-04-20","","31.07142857"
"CARVAJAL - SEVILLANA","2015-04-16","","24.61111111"
"CARVAJAL - SEVILLANA","2015-04-15","","27.79166667"
"CARVAJAL - SEVILLANA","2015-04-14","","29.29166667"
"CARVAJAL - SEVILLANA","2015-04-13","","29.75"
"CARVAJAL - SEVILLANA","2015-04-12","","18.0"
"CARVAJAL - SEVILLANA","2015-04-11","","30.66666667"
"CARVAJAL - SEVILLANA","2015-04-10","","41.58333333"
"CARVAJAL - SEVILLANA","2015-04-09","","47.54166667"
"CARVAJAL - SEVILLANA","2015-04-08","","38.125"
"CARVAJAL - SEVILLANA","2015-04-07","","37.0"
"CARVAJAL - SEVILLANA","2015-04-06","","32.79166667"
"CARVAJAL - SEVILLANA","2015-04-05","","19.13636364"
"CARVAJAL - SEVILLANA","2015-04-04","","15.375"
"CARVAJAL - SEVILLANA","2015-04-03","","13.16666667"
"CARVAJAL - SEVILLANA","2015-04-02","","24.79166667"
"CARVAJAL - SEVILLANA","2015-04-01","","42.70833333"
"CARVAJAL - SEVILLANA","2015-03-31","","44.66666667"
"CARVAJAL - SEVILLANA","2015-03-30","","33.58333333"
"CARVAJAL - SEVILLANA","2015-03-29","","27.0"
"CARVAJAL - SEVILLANA","2015-03-28","","43.20833333"
"CARVAJAL - SEVILLANA","2015-03-27","","45.25"
"CARVAJAL - SEVILLANA","2015-03-26","","44.58333333"
"CARVAJAL - SEVILLANA","2015-03-25","","42.375"
"CARVAJAL - SEVILLANA","2015-03-24","","38.08333333"
"CARVAJAL - SEVILLANA","2015-03-23","","24.26086957"
"CARVAJAL - SEVILLANA","2015-03-22","","23.33333333"
"CARVAJAL - SEVILLANA","2015-03-21","","18.76190476"
"CARVAJAL - SEVILLANA","2015-03-20","","29.33333333"
"CARVAJAL - SEVILLANA","2015-03-19","","36.58333333"
"CARVAJAL - SEVILLANA","2015-03-18","","39.58333333"
"CARVAJAL - SEVILLANA","2015-03-17","","33.45833333"
"CARVAJAL - SEVILLANA","2015-03-16","","32.66666667"
"CARVAJAL - SEVILLANA","2015-03-15","","32.16666667"
"CARVAJAL - SEVILLANA","2015-03-14","","33.91666667"
"CARVAJAL - SEVILLANA","2015-03-13","","35.875"
"CARVAJAL - SEVILLANA","2015-03-12","","35.20833333"
"CARVAJAL - SEVILLANA","2015-03-11","","39.75"
"CARVAJAL - SEVILLANA","2015-03-10","","27.5"
"CARVAJAL - SEVILLANA","2015-03-09","","33.58333333"
"CARVAJAL - SEVILLANA","2015-03-08","","19.81818182"
"CARVAJAL - SEVILLANA","2015-03-07","","33.58333333"
"CARVAJAL - SEVILLANA","2015-03-06","","39.91666667"
"CARVAJAL - SEVILLANA","2015-03-05","","40.375"
"CARVAJAL - SEVILLANA","2015-03-04","","36.54166667"
"CARVAJAL - SEVILLANA","2015-03-03","","32.16666667"
"CARVAJAL - SEVILLANA","2015-03-02","","37.5"
"CARVAJAL - SEVILLANA","2015-03-01","","28.72727273"
"CARVAJAL - SEVILLANA","2015-02-28","","36.45833333"
"CARVAJAL - SEVILLANA","2015-02-27","","41.20833333"
"CARVAJAL - SEVILLANA","2015-02-26","","48.41666667"
"CARVAJAL - SEVILLANA","2015-02-25","","40.58333333"
"CARVAJAL - SEVILLANA","2015-02-24","","64.04166667"
"CARVAJAL - SEVILLANA","2015-02-23","","47.22727273"
"CARVAJAL - SEVILLANA","2015-02-22","","49.91666667"
"CARVAJAL - SEVILLANA","2015-02-21","","38.79166667"
"CARVAJAL - SEVILLANA","2015-02-20","","28.91666667"
"CARVAJAL - SEVILLANA","2015-02-19","","25.91666667"
"CARVAJAL - SEVILLANA","2015-02-18","","38.16666667"
"CARVAJAL - SEVILLANA","2015-02-17","","39.45833333"
"CARVAJAL - SEVILLANA","2015-02-16","","40.5"
"CARVAJAL - SEVILLANA","2015-02-15","","22.625"
"CARVAJAL - SEVILLANA","2015-02-14","","33.29166667"
"CARVAJAL - SEVILLANA","2015-02-13","","29.375"
"CARVAJAL - SEVILLANA","2015-02-12","","38.875"
"CARVAJAL - SEVILLANA","2015-02-11","","40.66666667"
"CARVAJAL - SEVILLANA","2015-02-10","","43.625"
"CARVAJAL - SEVILLANA","2015-02-09","","28.20833333"
"CARVAJAL - SEVILLANA","2015-02-08","","31.83333333"
"CARVAJAL - SEVILLANA","2015-02-07","","41.95833333"
"CARVAJAL - SEVILLANA","2015-02-06","","35.04166667"
"CARVAJAL - SEVILLANA","2015-02-05","","31.58333333"
"CARVAJAL - SEVILLANA","2015-02-04","","33.33333333"
"CARVAJAL - SEVILLANA","2015-02-03","","28.20833333"
"CARVAJAL - SEVILLANA","2015-02-02","","26.20833333"
"CARVAJAL - SEVILLANA","2015-02-01","","16.95833333"
"CARVAJAL - SEVILLANA","2015-01-31","","26.70833333"
"CARVAJAL - SEVILLANA","2015-01-30","","39.04166667"
"CARVAJAL - SEVILLANA","2015-01-29","","39.08333333"
"CARVAJAL - SEVILLANA","2015-01-28","","34.04166667"
"CARVAJAL - SEVILLANA","2015-01-27","","32.70833333"
"CARVAJAL - SEVILLANA","2015-01-26","","30.25"
"CARVAJAL - SEVILLANA","2015-01-25","","23.91666667"
"CARVAJAL - SEVILLANA","2015-01-24","","33.125"
"CARVAJAL - SEVILLANA","2015-01-23","","34.54166667"
"CARVAJAL - SEVILLANA","2015-01-22","","30.66666667"
"CARVAJAL - SEVILLANA","2015-01-21","","29.29166667"
"CARVAJAL - SEVILLANA","2015-01-20","","31.25"
"CARVAJAL - SEVILLANA","2015-01-19","","26.625"
"CARVAJAL - SEVILLANA","2015-01-18","","25.20833333"
"CARVAJAL - SEVILLANA","2015-01-17","","43.04166667"
"CARVAJAL - SEVILLANA","2015-01-16","","34.375"
"CARVAJAL - SEVILLANA","2015-01-15","","32.66666667"
"CARVAJAL - SEVILLANA","2015-01-14","","33.125"
"CARVAJAL - SEVILLANA","2015-01-13","","25.5"
"CARVAJAL - SEVILLANA","2015-01-12","","19.25"
"CARVAJAL - SEVILLANA","2015-01-11","","16.9047619"
"CARVAJAL - SEVILLANA","2015-01-10","","25.70833333"
"CARVAJAL - SEVILLANA","2015-01-09","","27.33333333"
"CARVAJAL - SEVILLANA","2015-01-08","","25.04166667"
"CARVAJAL - SEVILLANA","2015-01-07","","43.57142857"
"CARVAJAL - SEVILLANA","2015-01-06","","17.06666667"
"CARVAJAL - SEVILLANA","2015-01-05","","23.82608696"
"CARVAJAL - SEVILLANA","2015-01-04","","21.10526316"
"CARVAJAL - SEVILLANA","2015-01-03","","21.08333333"
"CARVAJAL - SEVILLANA","2015-01-02","","19.09090909"
"CARVAJAL - SEVILLANA","2015-01-01","","27.26315789"
"CARVAJAL - SEVILLANA","2014-12-31","","19.82539683"
"CARVAJAL - SEVILLANA","2014-12-30","","28.20138888"
"CARVAJAL - SEVILLANA","2014-12-29","","27.14583333"
"CARVAJAL - SEVILLANA","2014-12-28","","22.63492064"
"CARVAJAL - SEVILLANA","2014-12-27","","28.89722222"
"CARVAJAL - SEVILLANA","2014-12-26","","27.76111112"
"CARVAJAL - SEVILLANA","2014-12-25","","37.89130435"
"CARVAJAL - SEVILLANA","2014-12-24","","36.6111111"
"CARVAJAL - SEVILLANA","2014-12-23","","34.3125"
"CARVAJAL - SEVILLANA","2014-12-22","","34.15277778"
"CARVAJAL - SEVILLANA","2014-12-21","","36.43623189"
"CARVAJAL - SEVILLANA","2014-12-20","","39.5763889"
"CARVAJAL - SEVILLANA","2014-12-19","","48.16527778"
"CARVAJAL - SEVILLANA","2014-12-18","","47.69027777"
"CARVAJAL - SEVILLANA","2014-12-17","","43.47222222"
"CARVAJAL - SEVILLANA","2014-12-16","","39.33194444"
"CARVAJAL - SEVILLANA","2014-12-15","","40.30555556"
"CARVAJAL - SEVILLANA","2014-12-14","","23.5625"
"CARVAJAL - SEVILLANA","2014-12-13","","45.82638889"
"CARVAJAL - SEVILLANA","2014-12-12","","31.67361111"
"CARVAJAL - SEVILLANA","2014-12-11","","28.51388889"
"CARVAJAL - SEVILLANA","2014-12-10","","33.04166667"
"CARVAJAL - SEVILLANA","2014-12-09","","29.10416667"
"CARVAJAL - SEVILLANA","2014-12-08","","45.5625"
"CARVAJAL - SEVILLANA","2014-12-07","","35.18055555"
"CARVAJAL - SEVILLANA","2014-12-06","","35.59722222"
"CARVAJAL - SEVILLANA","2014-12-05","","39.46527778"
"CARVAJAL - SEVILLANA","2014-12-04","","40.48939394"
"CARVAJAL - SEVILLANA","2014-12-03","","31.27083333"
"CARVAJAL - SEVILLANA","2014-12-02","","29.80555556"
"CARVAJAL - SEVILLANA","2014-12-01","","28.1875"
"CARVAJAL - SEVILLANA","2014-11-30","","20.0"
"CARVAJAL - SEVILLANA","2014-11-29","","32.8125"
"CARVAJAL - SEVILLANA","2014-11-28","","35.90277778"
"CARVAJAL - SEVILLANA","2014-11-27","","40.63888888"
"CARVAJAL - SEVILLANA","2014-11-26","","36.22916667"
"CARVAJAL - SEVILLANA","2014-11-25","","40.83333333"
"CARVAJAL - SEVILLANA","2014-11-11","","17.87037037"
"CARVAJAL - SEVILLANA","2014-11-10","","24.8888889"
"CARVAJAL - SEVILLANA","2014-11-09","","21.83333334"
"CARVAJAL - SEVILLANA","2014-11-08","","36.52083333"
"CARVAJAL - SEVILLANA","2014-11-07","","31.91666667"
"CARVAJAL - SEVILLANA","2014-11-06","","44.28472222"
"CARVAJAL - SEVILLANA","2014-11-05","","31.16805555"
"CARVAJAL - SEVILLANA","2014-11-04","","33.53472221"
"CARVAJAL - SEVILLANA","2014-11-03","","19.7263889"
"CARVAJAL - SEVILLANA","2014-11-02","","21.0486111"
"CARVAJAL - SEVILLANA","2014-11-01","","32.23684211"
"CARVAJAL - SEVILLANA","2014-10-31","","37.8245614"
"CARVAJAL - SEVILLANA","2014-10-30","","46.16666669"
"CARVAJAL - SEVILLANA","2014-10-29","","47.29166668"
"CARVAJAL - SEVILLANA","2014-10-28","","48.34027779"
"CARVAJAL - SEVILLANA","2014-10-27","","21.57246378"
"CARVAJAL - SEVILLANA","2014-10-26","","18.51388889"
"CARVAJAL - SEVILLANA","2014-10-25","","34.44444443"
"CARVAJAL - SEVILLANA","2014-10-24","","45.36060605"
"CARVAJAL - SEVILLANA","2014-10-23","","34.0"
"CARVAJAL - SEVILLANA","2014-10-22","","24.58833334"
"CARVAJAL - SEVILLANA","2014-10-21","","28.70277778"
"CARVAJAL - SEVILLANA","2014-10-20","","33.37222223"
"CARVAJAL - SEVILLANA","2014-10-19","","17.02083332"
"CARVAJAL - SEVILLANA","2014-10-18","","27.08333333"
"CARVAJAL - SEVILLANA","2014-10-17","","29.72916667"
"CARVAJAL - SEVILLANA","2014-10-16","","46.69047619"
"CARVAJAL - SEVILLANA","2014-10-15","","30.85185184"
"CARVAJAL - SEVILLANA","2014-10-14","","35.16666666"
"CARVAJAL - SEVILLANA","2014-10-13","","15.79861111"
"CARVAJAL - SEVILLANA","2014-10-12","","19.0"
"CARVAJAL - SEVILLANA","2014-10-11","","42.20138889"
"CARVAJAL - SEVILLANA","2014-10-10","","57.64583333"
"CARVAJAL - SEVILLANA","2014-10-09","","34.04861111"
"CARVAJAL - SEVILLANA","2014-10-08","","46.56944445"
"CARVAJAL - SEVILLANA","2014-10-07","","34.38461538"
"CARVAJAL - SEVILLANA","2014-10-06","","33.86111111"
"CARVAJAL - SEVILLANA","2014-10-05","","30.5625"
"CARVAJAL - SEVILLANA","2014-10-04","","41.02777778"
"CARVAJAL - SEVILLANA","2014-10-03","","36.52083332"
"CARVAJAL - SEVILLANA","2014-10-02","","36.83333333"
"CARVAJAL - SEVILLANA","2014-10-01","","39.02777777"
"CARVAJAL - SEVILLANA","2014-09-30","","39.9875"
"CARVAJAL - SEVILLANA","2014-09-29","","39.83333333"
"CARVAJAL - SEVILLANA","2014-09-23","","34.625"
"CARVAJAL - SEVILLANA","2014-09-22","","33.24305555"
"CARVAJAL - SEVILLANA","2014-09-21","","17.77083333"
"CARVAJAL - SEVILLANA","2014-09-20","","32.99305556"
"CARVAJAL - SEVILLANA","2014-09-19","","44.27777777"
"CARVAJAL - SEVILLANA","2014-09-18","","36.65277777"
"CARVAJAL - SEVILLANA","2014-09-17","","47.4"
"CARVAJAL - SEVILLANA","2014-09-16","","40.99583334"
"CARVAJAL - SEVILLANA","2014-09-15","","33.60416667"
"CARVAJAL - SEVILLANA","2014-09-14","","19.38888889"
"CARVAJAL - SEVILLANA","2014-09-13","","25.73611111"
"CARVAJAL - SEVILLANA","2014-09-12","","32.20833334"
"CARVAJAL - SEVILLANA","2014-09-11","","41.06944445"
"CARVAJAL - SEVILLANA","2014-09-10","","45.0625"
"CARVAJAL - SEVILLANA","2014-09-09","","37.95833333"
"CARVAJAL - SEVILLANA","2014-09-08","","31.86111111"
"CARVAJAL - SEVILLANA","2014-09-07","","17.88888889"
"CARVAJAL - SEVILLANA","2014-09-06","","29.54861112"
"CARVAJAL - SEVILLANA","2014-09-05","","40.25"
"CARVAJAL - SEVILLANA","2014-09-04","","36.79166667"
"CARVAJAL - SEVILLANA","2014-09-03","","37.00694444"
"CARVAJAL - SEVILLANA","2014-09-02","","43.09722222"
"CARVAJAL - SEVILLANA","2014-09-01","","28.50724637"
"CARVAJAL - SEVILLANA","2014-08-31","","21.94444445"
"CARVAJAL - SEVILLANA","2014-08-30","","38.28472221"
"CARVAJAL - SEVILLANA","2014-08-29","","35.26944444"
"CARVAJAL - SEVILLANA","2014-08-28","","40.34305555"
"CARVAJAL - SEVILLANA","2014-08-27","","28.60416665"
"CARVAJAL - SEVILLANA","2014-08-26","","35.51388889"
"CARVAJAL - SEVILLANA","2014-08-25","","36.56944444"
"CARVAJAL - SEVILLANA","2014-08-24","","27.58333334"
"CARVAJAL - SEVILLANA","2014-08-23","","35.6736111"
"CARVAJAL - SEVILLANA","2014-08-22","","42.34583334"
"CARVAJAL - SEVILLANA","2014-08-21","","40.20833334"
"CARVAJAL - SEVILLANA","2014-08-20","","40.52083334"
"CARVAJAL - SEVILLANA","2014-08-19","","33.56944445"
"CARVAJAL - SEVILLANA","2014-08-18","","14.75"
"CARVAJAL - SEVILLANA","2014-08-17","","19.88888888"
"CARVAJAL - SEVILLANA","2014-08-16","","29.00694444"
"CARVAJAL - SEVILLANA","2014-08-15","","33.22916667"
"CARVAJAL - SEVILLANA","2014-08-14","","34.36805555"
"CARVAJAL - SEVILLANA","2014-08-13","","32.10416667"
"CARVAJAL - SEVILLANA","2014-08-12","","35.07638889"
"CARVAJAL - SEVILLANA","2014-08-11","","37.24305555"
"CARVAJAL - SEVILLANA","2014-08-10","","19.94861111"
"CARVAJAL - SEVILLANA","2014-08-09","","33.54027778"
"CARVAJAL - SEVILLANA","2014-08-08","","33.45833333"
"CARVAJAL - SEVILLANA","2014-08-07","","25.20138889"
"CARVAJAL - SEVILLANA","2014-08-06","","30.70138888"
"CARVAJAL - SEVILLANA","2014-08-05","","41.07638889"
"CARVAJAL - SEVILLANA","2014-08-04","","38.76388889"
"CARVAJAL - SEVILLANA","2014-08-03","","21.96527779"
"CARVAJAL - SEVILLANA","2014-08-02","","31.58333333"
"CARVAJAL - SEVILLANA","2014-08-01","","36.85416666"
"CARVAJAL - SEVILLANA","2014-07-31","","36.0625"
"CARVAJAL - SEVILLANA","2014-07-30","","33.82638889"
"CARVAJAL - SEVILLANA","2014-07-29","","40.42361111"
"CARVAJAL - SEVILLANA","2014-07-28","","28.03472223"
"CARVAJAL - SEVILLANA","2014-07-27","","19.59027778"
"CARVAJAL - SEVILLANA","2014-07-26","","28.97619047"
"CARVAJAL - SEVILLANA","2014-07-25","","32.09722223"
"CARVAJAL - SEVILLANA","2014-07-24","","31.91666666"
"CARVAJAL - SEVILLANA","2014-07-23","","32.86805556"
"CARVAJAL - SEVILLANA","2014-07-22","","33.73611111"
"CARVAJAL - SEVILLANA","2014-07-21","","30.46527778"
"CARVAJAL - SEVILLANA","2014-07-20","","20.7361111"
"CARVAJAL - SEVILLANA","2014-07-19","","30.94444445"
"CARVAJAL - SEVILLANA","2014-07-18","","31.7986111"
"CARVAJAL - SEVILLANA","2014-07-17","","32.89583333"
"CARVAJAL - SEVILLANA","2014-07-16","","32.42361111"
"CARVAJAL - SEVILLANA","2014-07-15","","32.30555555"
"CARVAJAL - SEVILLANA","2014-07-14","","30.68055555"
"CARVAJAL - SEVILLANA","2014-07-13","","19.02777778"
"CARVAJAL - SEVILLANA","2014-07-12","","29.06944445"
"CARVAJAL - SEVILLANA","2014-07-11","","31.58333334"
"CARVAJAL - SEVILLANA","2014-07-10","","36.17361112"
"CARVAJAL - SEVILLANA","2014-07-09","","38.83333333"
"CARVAJAL - SEVILLANA","2014-07-08","","35.99999999"
"CARVAJAL - SEVILLANA","2014-07-07","","30.0625"
"CARVAJAL - SEVILLANA","2014-07-06","","21.02083334"
"CARVAJAL - SEVILLANA","2014-07-05","","30.93750001"
"CARVAJAL - SEVILLANA","2014-07-04","","36.09722223"
"CARVAJAL - SEVILLANA","2014-07-03","","41.06944445"
"CARVAJAL - SEVILLANA","2014-07-02","","30.91666667"
"CARVAJAL - SEVILLANA","2014-07-01","","38.52083334"
"CARVAJAL - SEVILLANA","2014-06-29","","22.93333335"
"CARVAJAL - SEVILLANA","2014-06-28","","43.02777778"
"CARVAJAL - SEVILLANA","2014-06-27","","78.22916667"
"CARVAJAL - SEVILLANA","2014-06-26","","44.19444444"
"CARVAJAL - SEVILLANA","2014-06-25","","34.375"
"CARVAJAL - SEVILLANA","2014-06-24","","34.3968254"
"CARVAJAL - SEVILLANA","2014-06-23","","15.56944445"
"CARVAJAL - SEVILLANA","2014-06-22","","18.95833333"
"CARVAJAL - SEVILLANA","2014-06-21","","27.24999999"
"CARVAJAL - SEVILLANA","2014-06-20","","32.61805556"
"CARVAJAL - SEVILLANA","2014-06-19","","32.34722221"
"CARVAJAL - SEVILLANA","2014-06-18","","39.15972221"
"CARVAJAL - SEVILLANA","2014-06-17","","28.93055556"
"CARVAJAL - SEVILLANA","2014-06-16","","29.78472223"
"CARVAJAL - SEVILLANA","2014-06-15","","15.26388889"
"CARVAJAL - SEVILLANA","2014-06-14","","29.59722222"
"CARVAJAL - SEVILLANA","2014-06-13","","35.67361112"
"CARVAJAL - SEVILLANA","2014-06-12","","37.77777778"
"CARVAJAL - SEVILLANA","2014-06-11","","37.72916667"
"CARVAJAL - SEVILLANA","2014-06-10","","32.02083334"
"CARVAJAL - SEVILLANA","2014-06-09","","35.80555555"
"CARVAJAL - SEVILLANA","2014-06-08","","23.05555555"
"CARVAJAL - SEVILLANA","2014-06-07","","29.05555555"
"CARVAJAL - SEVILLANA","2014-06-06","","38.02083334"
"CARVAJAL - SEVILLANA","2014-06-05","","35.35833334"
"CARVAJAL - SEVILLANA","2014-06-04","","39.79166667"
"CARVAJAL - SEVILLANA","2014-06-03","","43.29861112"
"CARVAJAL - SEVILLANA","2014-06-02","","18.64583334"
"CARVAJAL - SEVILLANA","2014-06-01","","25.5763889"
"CARVAJAL - SEVILLANA","2014-05-31","","32.95833334"
"CARVAJAL - SEVILLANA","2014-05-30","","45.72222222"
"CARVAJAL - SEVILLANA","2014-05-29","","34.26515151"
"CARVAJAL - SEVILLANA","2014-05-28","","34.21969696"
"CARVAJAL - SEVILLANA","2014-05-27","","35.19444445"
"CARVAJAL - SEVILLANA","2014-05-26","","33.02083333"
"CARVAJAL - SEVILLANA","2014-05-25","","18.38888889"
"CARVAJAL - SEVILLANA","2014-05-24","","29.59722221"
"CARVAJAL - SEVILLANA","2014-05-23","","34.43055556"
"CARVAJAL - SEVILLANA","2014-05-22","","26.04861112"
"CARVAJAL - SEVILLANA","2014-05-21","","31.89583333"
"CARVAJAL - SEVILLANA","2014-05-20","","27.04861111"
"CARVAJAL - SEVILLANA","2014-05-19","","26.70138889"
"CARVAJAL - SEVILLANA","2014-05-18","","17.89583333"
"CARVAJAL - SEVILLANA","2014-05-17","","35.84722222"
"CARVAJAL - SEVILLANA","2014-05-16","","30.20833335"
"CARVAJAL - SEVILLANA","2014-05-15","","35.15277778"
"CARVAJAL - SEVILLANA","2014-05-14","","28.03030303"
"CARVAJAL - SEVILLANA","2014-05-13","","32.47222222"
"CARVAJAL - SEVILLANA","2014-05-12","","34.70833333"
"CARVAJAL - SEVILLANA","2014-05-11","","19.05555556"
"CARVAJAL - SEVILLANA","2014-05-10","","20.16666666"
"CARVAJAL - SEVILLANA","2014-05-09","","18.52083334"
"CARVAJAL - SEVILLANA","2014-05-08","","26.77777778"
"CARVAJAL - SEVILLANA","2014-05-07","","40.33333334"
"CARVAJAL - SEVILLANA","2014-05-06","","34.5486111"
"CARVAJAL - SEVILLANA","2014-05-05","","32.08333333"
"CARVAJAL - SEVILLANA","2014-05-04","","24.46527778"
"CARVAJAL - SEVILLANA","2014-05-03","","31.25694443"
"CARVAJAL - SEVILLANA","2014-05-02","","36.56944445"
"CARVAJAL - SEVILLANA","2014-05-01","","23.60416667"
"CARVAJAL - SEVILLANA","2014-04-30","","30.29545454"
"CARVAJAL - SEVILLANA","2014-04-29","","24.70138889"
"CARVAJAL - SEVILLANA","2014-04-28","","26.93055555"
"CARVAJAL - SEVILLANA","2014-04-27","","17.25"
"CARVAJAL - SEVILLANA","2014-04-26","","30.70833333"
"CARVAJAL - SEVILLANA","2014-04-25","","32.94444445"
"CARVAJAL - SEVILLANA","2014-04-24","","27.33333333"
"CARVAJAL - SEVILLANA","2014-04-23","","31.56944445"
"CARVAJAL - SEVILLANA","2014-04-22","","30.1875"
"CARVAJAL - SEVILLANA","2014-04-21","","39.52272728"
"CARVAJAL - SEVILLANA","2014-04-20","","17.58974358"
"CARVAJAL - SEVILLANA","2014-04-19","","14.19444445"
"CARVAJAL - SEVILLANA","2014-04-18","","10.50000001"
"CARVAJAL - SEVILLANA","2014-04-17","","12.06944444"
"CARVAJAL - SEVILLANA","2014-04-16","","31.59027778"
"CARVAJAL - SEVILLANA","2014-04-15","","41.96527778"
"CARVAJAL - SEVILLANA","2014-04-14","","36.31944445"
"CARVAJAL - SEVILLANA","2014-04-13","","28.45833333"
"CARVAJAL - SEVILLANA","2014-04-12","","37.43478261"
"CARVAJAL - SEVILLANA","2014-04-11","","38.43939394"
"CARVAJAL - SEVILLANA","2014-04-10","","30.875"
"CARVAJAL - SEVILLANA","2014-04-09","","31.15277777"
"CARVAJAL - SEVILLANA","2014-04-08","","27.92361112"
"CARVAJAL - SEVILLANA","2014-04-07","","24.65972222"
"CARVAJAL - SEVILLANA","2014-04-06","","14.5625"
"CARVAJAL - SEVILLANA","2014-04-05","","28.32638889"
"CARVAJAL - SEVILLANA","2014-04-04","","32.8263889"
"CARVAJAL - SEVILLANA","2014-04-03","","29.84722222"
"CARVAJAL - SEVILLANA","2014-04-02","","39.91666666"
"CARVAJAL - SEVILLANA","2014-04-01","","47.0115942"
"CARVAJAL - SEVILLANA","2014-03-31","","48.61111111"
"CARVAJAL - SEVILLANA","2014-03-30","","44.2878788"
"CARVAJAL - SEVILLANA","2014-03-29","","45.9375"
"CARVAJAL - SEVILLANA","2014-03-28","","45.30555555"
"CARVAJAL - SEVILLANA","2014-03-27","","43.98611112"
"CARVAJAL - SEVILLANA","2014-03-26","","31.43939394"
"CARVAJAL - SEVILLANA","2014-03-25","","33.80694444"
"CARVAJAL - SEVILLANA","2014-03-24","","24.20833333"
"CARVAJAL - SEVILLANA","2014-03-23","","30.74444443"
"CARVAJAL - SEVILLANA","2014-03-22","","36.53472223"
"CARVAJAL - SEVILLANA","2014-03-21","","35.59722222"
"CARVAJAL - SEVILLANA","2014-03-20","","32.13194445"
"CARVAJAL - SEVILLANA","2014-03-19","","36.47222222"
"CARVAJAL - SEVILLANA","2014-03-18","","35.37499999"
"CARVAJAL - SEVILLANA","2014-03-17","","35.88888889"
"CARVAJAL - SEVILLANA","2014-03-16","","34.15277778"
"CARVAJAL - SEVILLANA","2014-03-15","","34.77083334"
"CARVAJAL - SEVILLANA","2014-03-14","","35.11805555"
"CARVAJAL - SEVILLANA","2014-03-13","","41.78472223"
"CARVAJAL - SEVILLANA","2014-03-12","","33.38888889"
"CARVAJAL - SEVILLANA","2014-03-11","","51.53030304"
"CARVAJAL - SEVILLANA","2014-03-10","","40.24305556"
"CARVAJAL - SEVILLANA","2014-03-09","","15.93055556"
"CARVAJAL - SEVILLANA","2014-03-08","","25.5625"
"CARVAJAL - SEVILLANA","2014-03-07","","46.31250001"
"CARVAJAL - SEVILLANA","2014-03-06","","39.75694445"
"CARVAJAL - SEVILLANA","2014-03-05","","39.89583331"
"CARVAJAL - SEVILLANA","2014-03-04","","28.39583333"
"CARVAJAL - SEVILLANA","2014-03-03","","26.81944443"
"CARVAJAL - SEVILLANA","2014-03-02","","13.09722222"
"CARVAJAL - SEVILLANA","2014-03-01","","19.39583334"
"CARVAJAL - SEVILLANA","2014-02-28","","31.54861111"
"CARVAJAL - SEVILLANA","2014-02-27","","39.66666666"
"CARVAJAL - SEVILLANA","2014-02-26","","46.48484849"
"CARVAJAL - SEVILLANA","2014-02-25","","45.33333333"
"CARVAJAL - SEVILLANA","2014-02-24","","54.1439394"
"CARVAJAL - SEVILLANA","2014-02-23","","33.46969697"
"CARVAJAL - SEVILLANA","2014-02-22","","43.06666668"
"CARVAJAL - SEVILLANA","2014-02-21","","81.08333333"
"CARVAJAL - SEVILLANA","2014-02-16","","33.54166666"
"CARVAJAL - SEVILLANA","2014-02-15","","36.72222222"
"CARVAJAL - SEVILLANA","2014-02-14","","36.3125"
"CARVAJAL - SEVILLANA","2014-02-13","","39.08333333"
"CARVAJAL - SEVILLANA","2014-02-12","","34.36805556"
"CARVAJAL - SEVILLANA","2014-02-11","","30.27083333"
"CARVAJAL - SEVILLANA","2014-02-10","","29.86111111"
"CARVAJAL - SEVILLANA","2014-02-09","","20.27777777"
"CARVAJAL - SEVILLANA","2014-02-08","","28.5138889"
"CARVAJAL - SEVILLANA","2014-02-07","","44.23611112"
"CARVAJAL - SEVILLANA","2014-02-06","","33.11111111"
"CARVAJAL - SEVILLANA","2014-02-05","","38.79861111"
"CARVAJAL - SEVILLANA","2014-02-04","","43.39583333"
"CARVAJAL - SEVILLANA","2014-02-03","","33.59027778"
"CARVAJAL - SEVILLANA","2014-02-02","","27.97916666"
"CARVAJAL - SEVILLANA","2014-02-01","","32.77083333"
"CARVAJAL - SEVILLANA","2014-01-31","","31.64583334"
"CARVAJAL - SEVILLANA","2014-01-30","","34.77777778"
"CARVAJAL - SEVILLANA","2014-01-29","","33.86805555"
"CARVAJAL - SEVILLANA","2014-01-28","","39.6111111"
"CARVAJAL - SEVILLANA","2014-01-27","","37.63194445"
"CARVAJAL - SEVILLANA","2014-01-26","","19.46527778"
"CARVAJAL - SEVILLANA","2014-01-25","","31.625"
"CARVAJAL - SEVILLANA","2014-01-24","","47.00694445"
"CARVAJAL - SEVILLANA","2014-01-23","","41.23611111"
"CARVAJAL - SEVILLANA","2014-01-22","","42.27083333"
"CARVAJAL - SEVILLANA","2014-01-21","","37.49166666"
"CARVAJAL - SEVILLANA","2014-01-20","","42.525"
"CARVAJAL - SEVILLANA","2014-01-19","","14.54166668"
"CARVAJAL - SEVILLANA","2014-01-18","","27.44444445"
"CARVAJAL - SEVILLANA","2014-01-17","","40.38095239"
"CARVAJAL - SEVILLANA","2014-01-16","","34.27333333"
"CARVAJAL - SEVILLANA","2014-01-08","","15.26666668"
"CARVAJAL - SEVILLANA","2014-01-07","","27.72222221"
"CARVAJAL - SEVILLANA","2014-01-06","","11.96527778"
"CARVAJAL - SEVILLANA","2014-01-05","","17.4513889"
"CARVAJAL - SEVILLANA","2014-01-04","","21.11805556"
"CARVAJAL - SEVILLANA","2014-01-03","","23.67361112"
"CARVAJAL - SEVILLANA","2014-01-02","","20.55138889"
"CARVAJAL - SEVILLANA","2014-01-01","","13.0625"
