"Estacion","Fecha inicial","Fecha final","PM2.5"
"CENTRO DE ALTO RENDIMIENTO","2021-02-28","","9.39130435"
"CENTRO DE ALTO RENDIMIENTO","2021-02-27","","18.58333333"
"CENTRO DE ALTO RENDIMIENTO","2021-02-26","","12.79166667"
"CENTRO DE ALTO RENDIMIENTO","2021-02-25","","7.30434783"
"CENTRO DE ALTO RENDIMIENTO","2021-02-24","","13.29166667"
"CENTRO DE ALTO RENDIMIENTO","2021-02-23","","14.0"
"CENTRO DE ALTO RENDIMIENTO","2021-02-22","","10.75"
"CENTRO DE ALTO RENDIMIENTO","2021-02-21","","16.95833333"
"CENTRO DE ALTO RENDIMIENTO","2021-02-20","","17.75"
"CENTRO DE ALTO RENDIMIENTO","2021-02-19","","15.33333333"
"CENTRO DE ALTO RENDIMIENTO","2021-02-18","","15.20833333"
"CENTRO DE ALTO RENDIMIENTO","2021-02-17","","23.16666667"
"CENTRO DE ALTO RENDIMIENTO","2021-02-16","","18.45833333"
"CENTRO DE ALTO RENDIMIENTO","2021-02-15","","17.34782609"
"CENTRO DE ALTO RENDIMIENTO","2021-02-14","","20.60434783"
"CENTRO DE ALTO RENDIMIENTO","2021-02-13","","15.375"
"CENTRO DE ALTO RENDIMIENTO","2021-02-12","","25.94117647"
"CENTRO DE ALTO RENDIMIENTO","2021-02-11","","17.11111111"
"CENTRO DE ALTO RENDIMIENTO","2021-02-10","","16.5625"
"CENTRO DE ALTO RENDIMIENTO","2021-02-09","","23.45833333"
"CENTRO DE ALTO RENDIMIENTO","2021-02-08","","14.04347826"
"CENTRO DE ALTO RENDIMIENTO","2021-02-07","","11.66666667"
"CENTRO DE ALTO RENDIMIENTO","2021-02-06","","14.41666667"
"CENTRO DE ALTO RENDIMIENTO","2021-02-05","","8.22916667"
"CENTRO DE ALTO RENDIMIENTO","2021-02-04","","12.0"
"CENTRO DE ALTO RENDIMIENTO","2021-02-03","","10.95833333"
"CENTRO DE ALTO RENDIMIENTO","2021-02-02","","7.45454545"
"CENTRO DE ALTO RENDIMIENTO","2021-02-01","","5.7826087"
"CENTRO DE ALTO RENDIMIENTO","2021-01-31","","8.43478261"
"CENTRO DE ALTO RENDIMIENTO","2021-01-30","","13.33333333"
"CENTRO DE ALTO RENDIMIENTO","2021-01-29","","24.875"
"CENTRO DE ALTO RENDIMIENTO","2021-01-28","","26.75"
"CENTRO DE ALTO RENDIMIENTO","2021-01-27","","11.91666667"
"CENTRO DE ALTO RENDIMIENTO","2021-01-26","","10.16666667"
"CENTRO DE ALTO RENDIMIENTO","2021-01-25","","8.22727273"
"CENTRO DE ALTO RENDIMIENTO","2021-01-24","","7.29166667"
"CENTRO DE ALTO RENDIMIENTO","2021-01-23","","8.45833333"
"CENTRO DE ALTO RENDIMIENTO","2021-01-22","","14.0375"
"CENTRO DE ALTO RENDIMIENTO","2021-01-21","","21.45833333"
"CENTRO DE ALTO RENDIMIENTO","2021-01-20","","18.79166667"
"CENTRO DE ALTO RENDIMIENTO","2021-01-19","","22.30869565"
"CENTRO DE ALTO RENDIMIENTO","2021-01-18","","21.875"
"CENTRO DE ALTO RENDIMIENTO","2021-01-17","","15.33333333"
"CENTRO DE ALTO RENDIMIENTO","2021-01-16","","20.20833333"
"CENTRO DE ALTO RENDIMIENTO","2021-01-15","","26.52173913"
"CENTRO DE ALTO RENDIMIENTO","2021-01-14","","21.54166667"
"CENTRO DE ALTO RENDIMIENTO","2021-01-13","","14.30434783"
"CENTRO DE ALTO RENDIMIENTO","2021-01-12","","4.5"
"CENTRO DE ALTO RENDIMIENTO","2021-01-11","","2.41666667"
"CENTRO DE ALTO RENDIMIENTO","2021-01-10","","3.78947368"
"CENTRO DE ALTO RENDIMIENTO","2021-01-09","","3.0"
"CENTRO DE ALTO RENDIMIENTO","2021-01-08","","12.4375"
"CENTRO DE ALTO RENDIMIENTO","2021-01-07","","8.58333333"
"CENTRO DE ALTO RENDIMIENTO","2021-01-06","","15.20833333"
"CENTRO DE ALTO RENDIMIENTO","2021-01-05","","13.73913043"
"CENTRO DE ALTO RENDIMIENTO","2021-01-04","","8.54166667"
"CENTRO DE ALTO RENDIMIENTO","2021-01-03","","6.625"
"CENTRO DE ALTO RENDIMIENTO","2021-01-02","","6.5"
"CENTRO DE ALTO RENDIMIENTO","2021-01-01","","17.07142857"
"CENTRO DE ALTO RENDIMIENTO","2020-12-31","","21.04545455"
"CENTRO DE ALTO RENDIMIENTO","2020-12-30","","22.16666667"
"CENTRO DE ALTO RENDIMIENTO","2020-12-29","","14.61111111"
"CENTRO DE ALTO RENDIMIENTO","2020-12-28","","13.58333333"
"CENTRO DE ALTO RENDIMIENTO","2020-12-27","","8.36666667"
"CENTRO DE ALTO RENDIMIENTO","2020-12-26","","8.7826087"
"CENTRO DE ALTO RENDIMIENTO","2020-12-25","","12.0"
"CENTRO DE ALTO RENDIMIENTO","2020-12-24","","14.125"
"CENTRO DE ALTO RENDIMIENTO","2020-12-23","","23.54166667"
"CENTRO DE ALTO RENDIMIENTO","2020-12-22","","15.9173913"
"CENTRO DE ALTO RENDIMIENTO","2020-12-21","","15.86956522"
"CENTRO DE ALTO RENDIMIENTO","2020-12-20","","7.70833333"
"CENTRO DE ALTO RENDIMIENTO","2020-12-19","","12.25"
"CENTRO DE ALTO RENDIMIENTO","2020-12-18","","12.83333333"
"CENTRO DE ALTO RENDIMIENTO","2020-12-17","","8.25"
"CENTRO DE ALTO RENDIMIENTO","2020-12-16","","9.29166667"
"CENTRO DE ALTO RENDIMIENTO","2020-12-15","","18.30434783"
"CENTRO DE ALTO RENDIMIENTO","2020-12-14","","11.83333333"
"CENTRO DE ALTO RENDIMIENTO","2020-12-13","","10.875"
"CENTRO DE ALTO RENDIMIENTO","2020-12-12","","18.83333333"
"CENTRO DE ALTO RENDIMIENTO","2020-12-11","","20.125"
"CENTRO DE ALTO RENDIMIENTO","2020-12-10","","31.45833333"
"CENTRO DE ALTO RENDIMIENTO","2020-12-09","","17.5"
"CENTRO DE ALTO RENDIMIENTO","2020-12-08","","23.60869565"
"CENTRO DE ALTO RENDIMIENTO","2020-12-07","","16.5"
"CENTRO DE ALTO RENDIMIENTO","2020-12-06","","7.08333333"
"CENTRO DE ALTO RENDIMIENTO","2020-12-05","","7.5"
"CENTRO DE ALTO RENDIMIENTO","2020-12-04","","12.625"
"CENTRO DE ALTO RENDIMIENTO","2020-12-03","","10.25"
"CENTRO DE ALTO RENDIMIENTO","2020-12-02","","4.46086957"
"CENTRO DE ALTO RENDIMIENTO","2020-12-01","","15.33333333"
"CENTRO DE ALTO RENDIMIENTO","2020-11-30","","7.67826087"
"CENTRO DE ALTO RENDIMIENTO","2020-11-29","","6.5"
"CENTRO DE ALTO RENDIMIENTO","2020-11-28","","16.04166667"
"CENTRO DE ALTO RENDIMIENTO","2020-11-27","","22.54166667"
"CENTRO DE ALTO RENDIMIENTO","2020-11-26","","25.375"
"CENTRO DE ALTO RENDIMIENTO","2020-11-25","","16.91666667"
"CENTRO DE ALTO RENDIMIENTO","2020-11-24","","25.87916667"
"CENTRO DE ALTO RENDIMIENTO","2020-11-23","","21.34782609"
"CENTRO DE ALTO RENDIMIENTO","2020-11-22","","19.91666667"
"CENTRO DE ALTO RENDIMIENTO","2020-11-21","","10.75"
"CENTRO DE ALTO RENDIMIENTO","2020-11-20","","12.9"
"CENTRO DE ALTO RENDIMIENTO","2020-11-19","","15.70833333"
"CENTRO DE ALTO RENDIMIENTO","2020-11-18","","14.91666667"
"CENTRO DE ALTO RENDIMIENTO","2020-11-17","","13.0"
"CENTRO DE ALTO RENDIMIENTO","2020-11-16","","11.5"
"CENTRO DE ALTO RENDIMIENTO","2020-11-15","","18.52173913"
"CENTRO DE ALTO RENDIMIENTO","2020-11-14","","24.70833333"
"CENTRO DE ALTO RENDIMIENTO","2020-11-13","","15.7826087"
"CENTRO DE ALTO RENDIMIENTO","2020-11-12","","19.08333333"
"CENTRO DE ALTO RENDIMIENTO","2020-11-11","","9.8"
"CENTRO DE ALTO RENDIMIENTO","2020-11-10","","21.79166667"
"CENTRO DE ALTO RENDIMIENTO","2020-11-09","","19.04166667"
"CENTRO DE ALTO RENDIMIENTO","2020-11-08","","17.75"
"CENTRO DE ALTO RENDIMIENTO","2020-11-07","","20.75"
"CENTRO DE ALTO RENDIMIENTO","2020-11-06","","31.33333333"
"CENTRO DE ALTO RENDIMIENTO","2020-11-05","","15.91304348"
"CENTRO DE ALTO RENDIMIENTO","2020-11-04","","22.41666667"
"CENTRO DE ALTO RENDIMIENTO","2020-11-03","","23.39130435"
"CENTRO DE ALTO RENDIMIENTO","2020-11-02","","13.75"
"CENTRO DE ALTO RENDIMIENTO","2020-11-01","","9.92"
"CENTRO DE ALTO RENDIMIENTO","2020-10-31","","13.65217391"
"CENTRO DE ALTO RENDIMIENTO","2020-10-30","","14.625"
"CENTRO DE ALTO RENDIMIENTO","2020-10-29","","16.58333333"
"CENTRO DE ALTO RENDIMIENTO","2020-10-28","","9.39130435"
"CENTRO DE ALTO RENDIMIENTO","2020-10-27","","19.30434783"
"CENTRO DE ALTO RENDIMIENTO","2020-10-26","","26.70833333"
"CENTRO DE ALTO RENDIMIENTO","2020-10-25","","16.90909091"
"CENTRO DE ALTO RENDIMIENTO","2020-10-24","","10.375"
"CENTRO DE ALTO RENDIMIENTO","2020-10-23","","5.08181818"
"CENTRO DE ALTO RENDIMIENTO","2020-10-22","","5.04166667"
"CENTRO DE ALTO RENDIMIENTO","2020-10-21","","8.125"
"CENTRO DE ALTO RENDIMIENTO","2020-10-20","","16.91666667"
"CENTRO DE ALTO RENDIMIENTO","2020-10-19","","15.16666667"
"CENTRO DE ALTO RENDIMIENTO","2020-10-18","","6.875"
"CENTRO DE ALTO RENDIMIENTO","2020-10-17","","6.95454545"
"CENTRO DE ALTO RENDIMIENTO","2020-10-16","","4.66666667"
"CENTRO DE ALTO RENDIMIENTO","2020-10-15","","8.47826087"
"CENTRO DE ALTO RENDIMIENTO","2020-10-14","","14.0"
"CENTRO DE ALTO RENDIMIENTO","2020-10-13","","7.33333333"
"CENTRO DE ALTO RENDIMIENTO","2020-10-12","","6.91304348"
"CENTRO DE ALTO RENDIMIENTO","2020-10-11","","3.95416667"
"CENTRO DE ALTO RENDIMIENTO","2020-10-10","","7.34166667"
"CENTRO DE ALTO RENDIMIENTO","2020-10-09","","2.66666667"
"CENTRO DE ALTO RENDIMIENTO","2020-10-08","","4.41666667"
"CENTRO DE ALTO RENDIMIENTO","2020-10-07","","8.69565217"
"CENTRO DE ALTO RENDIMIENTO","2020-10-06","","15.41666667"
"CENTRO DE ALTO RENDIMIENTO","2020-10-05","","8.79166667"
"CENTRO DE ALTO RENDIMIENTO","2020-10-04","","3.73913043"
"CENTRO DE ALTO RENDIMIENTO","2020-10-03","","11.25"
"CENTRO DE ALTO RENDIMIENTO","2020-10-02","","12.45833333"
"CENTRO DE ALTO RENDIMIENTO","2020-10-01","","6.29166667"
"CENTRO DE ALTO RENDIMIENTO","2020-09-30","","4.5"
"CENTRO DE ALTO RENDIMIENTO","2020-09-29","","4.57894737"
"CENTRO DE ALTO RENDIMIENTO","2020-09-28","","7.85714286"
"CENTRO DE ALTO RENDIMIENTO","2020-09-27","","6.95833333"
"CENTRO DE ALTO RENDIMIENTO","2020-09-26","","16.20833333"
"CENTRO DE ALTO RENDIMIENTO","2020-09-25","","4.09166667"
"CENTRO DE ALTO RENDIMIENTO","2020-09-24","","3.3"
"CENTRO DE ALTO RENDIMIENTO","2020-09-23","","7.45833333"
"CENTRO DE ALTO RENDIMIENTO","2020-09-22","","9.65909091"
"CENTRO DE ALTO RENDIMIENTO","2020-09-21","","5.04166667"
"CENTRO DE ALTO RENDIMIENTO","2020-09-20","","4.375"
"CENTRO DE ALTO RENDIMIENTO","2020-09-19","","16.5"
"CENTRO DE ALTO RENDIMIENTO","2020-09-18","","22.14285714"
"CENTRO DE ALTO RENDIMIENTO","2020-09-17","","26.83333333"
"CENTRO DE ALTO RENDIMIENTO","2020-09-16","","14.47826087"
"CENTRO DE ALTO RENDIMIENTO","2020-09-15","","8.43478261"
"CENTRO DE ALTO RENDIMIENTO","2020-09-14","","5.95833333"
"CENTRO DE ALTO RENDIMIENTO","2020-09-13","","6.36666667"
"CENTRO DE ALTO RENDIMIENTO","2020-09-12","","13.08333333"
"CENTRO DE ALTO RENDIMIENTO","2020-09-11","","18.95833333"
"CENTRO DE ALTO RENDIMIENTO","2020-09-10","","14.04166667"
"CENTRO DE ALTO RENDIMIENTO","2020-09-09","","17.45833333"
"CENTRO DE ALTO RENDIMIENTO","2020-09-08","","9.95833333"
"CENTRO DE ALTO RENDIMIENTO","2020-09-07","","11.875"
"CENTRO DE ALTO RENDIMIENTO","2020-09-06","","2.305"
"CENTRO DE ALTO RENDIMIENTO","2020-09-05","","5.83333333"
"CENTRO DE ALTO RENDIMIENTO","2020-09-04","","4.41666667"
"CENTRO DE ALTO RENDIMIENTO","2020-09-03","","9.625"
"CENTRO DE ALTO RENDIMIENTO","2020-09-02","","13.75"
"CENTRO DE ALTO RENDIMIENTO","2020-09-01","","9.54166667"
"CENTRO DE ALTO RENDIMIENTO","2020-08-31","","15.47826087"
"CENTRO DE ALTO RENDIMIENTO","2020-08-30","","9.29166667"
"CENTRO DE ALTO RENDIMIENTO","2020-08-29","","16.20833333"
"CENTRO DE ALTO RENDIMIENTO","2020-08-28","","8.79166667"
"CENTRO DE ALTO RENDIMIENTO","2020-08-27","","4.34782609"
"CENTRO DE ALTO RENDIMIENTO","2020-08-26","","14.26086957"
"CENTRO DE ALTO RENDIMIENTO","2020-08-25","","14.45833333"
"CENTRO DE ALTO RENDIMIENTO","2020-08-24","","12.04166667"
"CENTRO DE ALTO RENDIMIENTO","2020-08-23","","9.91666667"
"CENTRO DE ALTO RENDIMIENTO","2020-08-22","","8.54166667"
"CENTRO DE ALTO RENDIMIENTO","2020-08-21","","6.08333333"
"CENTRO DE ALTO RENDIMIENTO","2020-08-20","","7.91666667"
"CENTRO DE ALTO RENDIMIENTO","2020-08-19","","12.375"
"CENTRO DE ALTO RENDIMIENTO","2020-08-18","","22.58333333"
"CENTRO DE ALTO RENDIMIENTO","2020-08-17","","17.39130435"
"CENTRO DE ALTO RENDIMIENTO","2020-08-16","","4.52380952"
"CENTRO DE ALTO RENDIMIENTO","2020-08-15","","5.7826087"
"CENTRO DE ALTO RENDIMIENTO","2020-08-14","","4.05833333"
"CENTRO DE ALTO RENDIMIENTO","2020-08-13","","2.53333333"
"CENTRO DE ALTO RENDIMIENTO","2020-08-12","","7.82083333"
"CENTRO DE ALTO RENDIMIENTO","2020-08-11","","7.33333333"
"CENTRO DE ALTO RENDIMIENTO","2020-08-10","","4.08333333"
"CENTRO DE ALTO RENDIMIENTO","2020-08-09","","2.33333333"
"CENTRO DE ALTO RENDIMIENTO","2020-08-08","","2.375"
"CENTRO DE ALTO RENDIMIENTO","2020-08-07","","3.375"
"CENTRO DE ALTO RENDIMIENTO","2020-08-06","","5.5"
"CENTRO DE ALTO RENDIMIENTO","2020-08-05","","3.29166667"
"CENTRO DE ALTO RENDIMIENTO","2020-08-04","","4.5"
"CENTRO DE ALTO RENDIMIENTO","2020-08-03","","5.83333333"
"CENTRO DE ALTO RENDIMIENTO","2020-08-02","","5.5"
"CENTRO DE ALTO RENDIMIENTO","2020-08-01","","8.05263158"
"CENTRO DE ALTO RENDIMIENTO","2020-07-31","","4.17391304"
"CENTRO DE ALTO RENDIMIENTO","2020-07-30","","7.33333333"
"CENTRO DE ALTO RENDIMIENTO","2020-07-29","","9.8"
"CENTRO DE ALTO RENDIMIENTO","2020-07-28","","6.15789474"
"CENTRO DE ALTO RENDIMIENTO","2020-07-27","","2.82608696"
"CENTRO DE ALTO RENDIMIENTO","2020-07-26","","3.22222222"
"CENTRO DE ALTO RENDIMIENTO","2020-07-25","","9.125"
"CENTRO DE ALTO RENDIMIENTO","2020-07-24","","6.83333333"
"CENTRO DE ALTO RENDIMIENTO","2020-07-23","","7.05217391"
"CENTRO DE ALTO RENDIMIENTO","2020-07-22","","6.91666667"
"CENTRO DE ALTO RENDIMIENTO","2020-07-21","","9.29166667"
"CENTRO DE ALTO RENDIMIENTO","2020-07-20","","1.125"
"CENTRO DE ALTO RENDIMIENTO","2020-07-19","","3.95833333"
"CENTRO DE ALTO RENDIMIENTO","2020-07-18","","3.90833333"
"CENTRO DE ALTO RENDIMIENTO","2020-07-17","","6.41666667"
"CENTRO DE ALTO RENDIMIENTO","2020-07-16","","6.375"
"CENTRO DE ALTO RENDIMIENTO","2020-07-15","","3.0"
"CENTRO DE ALTO RENDIMIENTO","2020-07-14","","2.33333333"
"CENTRO DE ALTO RENDIMIENTO","2020-07-13","","4.45833333"
"CENTRO DE ALTO RENDIMIENTO","2020-07-12","","9.08695652"
"CENTRO DE ALTO RENDIMIENTO","2020-07-11","","9.25"
"CENTRO DE ALTO RENDIMIENTO","2020-07-10","","5.375"
"CENTRO DE ALTO RENDIMIENTO","2020-07-09","","3.875"
"CENTRO DE ALTO RENDIMIENTO","2020-07-08","","7.45833333"
"CENTRO DE ALTO RENDIMIENTO","2020-07-07","","2.66666667"
"CENTRO DE ALTO RENDIMIENTO","2020-07-06","","9.1125"
"CENTRO DE ALTO RENDIMIENTO","2020-07-05","","9.83333333"
"CENTRO DE ALTO RENDIMIENTO","2020-07-04","","3.08333333"
"CENTRO DE ALTO RENDIMIENTO","2020-07-03","","6.29166667"
"CENTRO DE ALTO RENDIMIENTO","2020-07-02","","3.08695652"
"CENTRO DE ALTO RENDIMIENTO","2020-07-01","","10.66666667"
"CENTRO DE ALTO RENDIMIENTO","2020-06-30","","11.91304348"
"CENTRO DE ALTO RENDIMIENTO","2020-06-29","","1.20833333"
"CENTRO DE ALTO RENDIMIENTO","2020-06-28","","4.33333333"
"CENTRO DE ALTO RENDIMIENTO","2020-06-27","","6.70833333"
"CENTRO DE ALTO RENDIMIENTO","2020-06-26","","5.875"
"CENTRO DE ALTO RENDIMIENTO","2020-06-25","","17.14285714"
"CENTRO DE ALTO RENDIMIENTO","2020-06-24","","29.25"
"CENTRO DE ALTO RENDIMIENTO","2020-06-23","","9.79166667"
"CENTRO DE ALTO RENDIMIENTO","2020-06-22","","3.36842105"
"CENTRO DE ALTO RENDIMIENTO","2020-06-21","","1.79166667"
"CENTRO DE ALTO RENDIMIENTO","2020-06-20","","2.17391304"
"CENTRO DE ALTO RENDIMIENTO","2020-06-19","","2.72727273"
"CENTRO DE ALTO RENDIMIENTO","2020-06-17","","9.0"
"CENTRO DE ALTO RENDIMIENTO","2020-06-16","","8.375"
"CENTRO DE ALTO RENDIMIENTO","2020-06-15","","2.34782609"
"CENTRO DE ALTO RENDIMIENTO","2020-06-14","","1.79166667"
"CENTRO DE ALTO RENDIMIENTO","2020-06-13","","7.65217391"
"CENTRO DE ALTO RENDIMIENTO","2020-06-12","","12.25"
"CENTRO DE ALTO RENDIMIENTO","2020-06-11","","11.125"
"CENTRO DE ALTO RENDIMIENTO","2020-06-10","","10.875"
"CENTRO DE ALTO RENDIMIENTO","2020-06-09","","8.79166667"
"CENTRO DE ALTO RENDIMIENTO","2020-06-08","","5.20833333"
"CENTRO DE ALTO RENDIMIENTO","2020-06-07","","3.33333333"
"CENTRO DE ALTO RENDIMIENTO","2020-06-06","","3.17916667"
"CENTRO DE ALTO RENDIMIENTO","2020-06-05","","2.75"
"CENTRO DE ALTO RENDIMIENTO","2020-06-04","","5.125"
"CENTRO DE ALTO RENDIMIENTO","2020-06-03","","15.79166667"
"CENTRO DE ALTO RENDIMIENTO","2020-06-02","","8.33333333"
"CENTRO DE ALTO RENDIMIENTO","2020-06-01","","4.3125"
"CENTRO DE ALTO RENDIMIENTO","2020-05-31","","6.95652174"
"CENTRO DE ALTO RENDIMIENTO","2020-05-30","","10.0"
"CENTRO DE ALTO RENDIMIENTO","2020-05-29","","13.17272727"
"CENTRO DE ALTO RENDIMIENTO","2020-05-28","","11.95833333"
"CENTRO DE ALTO RENDIMIENTO","2020-05-27","","7.4"
"CENTRO DE ALTO RENDIMIENTO","2020-05-26","","3.0"
"CENTRO DE ALTO RENDIMIENTO","2020-05-25","","2.52941176"
"CENTRO DE ALTO RENDIMIENTO","2020-05-24","","3.31578947"
"CENTRO DE ALTO RENDIMIENTO","2020-05-23","","2.52631579"
"CENTRO DE ALTO RENDIMIENTO","2020-05-22","","4.79166667"
"CENTRO DE ALTO RENDIMIENTO","2020-05-21","","3.75"
"CENTRO DE ALTO RENDIMIENTO","2020-05-20","","4.75"
"CENTRO DE ALTO RENDIMIENTO","2020-05-19","","4.76470588"
"CENTRO DE ALTO RENDIMIENTO","2020-05-18","","2.70625"
"CENTRO DE ALTO RENDIMIENTO","2020-05-17","","1.6875"
"CENTRO DE ALTO RENDIMIENTO","2020-05-16","","2.36363636"
"CENTRO DE ALTO RENDIMIENTO","2020-05-15","","7.40909091"
"CENTRO DE ALTO RENDIMIENTO","2020-05-14","","14.54166667"
"CENTRO DE ALTO RENDIMIENTO","2020-05-13","","14.29166667"
"CENTRO DE ALTO RENDIMIENTO","2020-05-12","","14.66666667"
"CENTRO DE ALTO RENDIMIENTO","2020-05-11","","6.34782609"
"CENTRO DE ALTO RENDIMIENTO","2020-05-10","","1.79411765"
"CENTRO DE ALTO RENDIMIENTO","2020-05-09","","2.57142857"
"CENTRO DE ALTO RENDIMIENTO","2020-05-08","","4.0"
"CENTRO DE ALTO RENDIMIENTO","2020-05-07","","3.83333333"
"CENTRO DE ALTO RENDIMIENTO","2020-05-06","","6.04166667"
"CENTRO DE ALTO RENDIMIENTO","2020-05-05","","4.91304348"
"CENTRO DE ALTO RENDIMIENTO","2020-05-04","","5.43478261"
"CENTRO DE ALTO RENDIMIENTO","2020-05-03","","8.375"
"CENTRO DE ALTO RENDIMIENTO","2020-05-02","","8.08333333"
"CENTRO DE ALTO RENDIMIENTO","2020-05-01","","4.91666667"
"CENTRO DE ALTO RENDIMIENTO","2020-04-30","","15.2173913"
"CENTRO DE ALTO RENDIMIENTO","2020-04-29","","19.625"
"CENTRO DE ALTO RENDIMIENTO","2020-04-28","","16.41666667"
"CENTRO DE ALTO RENDIMIENTO","2020-04-27","","16.89166667"
"CENTRO DE ALTO RENDIMIENTO","2020-04-26","","14.79166667"
"CENTRO DE ALTO RENDIMIENTO","2020-04-25","","15.25"
"CENTRO DE ALTO RENDIMIENTO","2020-04-24","","13.70833333"
"CENTRO DE ALTO RENDIMIENTO","2020-04-23","","4.04090909"
"CENTRO DE ALTO RENDIMIENTO","2020-04-22","","12.825"
"CENTRO DE ALTO RENDIMIENTO","2020-04-21","","11.30434783"
"CENTRO DE ALTO RENDIMIENTO","2020-04-20","","11.75"
"CENTRO DE ALTO RENDIMIENTO","2020-04-19","","22.83043478"
"CENTRO DE ALTO RENDIMIENTO","2020-04-18","","29.08333333"
"CENTRO DE ALTO RENDIMIENTO","2020-04-17","","29.83333333"
"CENTRO DE ALTO RENDIMIENTO","2020-04-16","","31.5"
"CENTRO DE ALTO RENDIMIENTO","2020-04-15","","20.34782609"
"CENTRO DE ALTO RENDIMIENTO","2020-04-14","","15.83333333"
"CENTRO DE ALTO RENDIMIENTO","2020-04-13","","15.625"
"CENTRO DE ALTO RENDIMIENTO","2020-04-12","","10.375"
"CENTRO DE ALTO RENDIMIENTO","2020-04-11","","5.3"
"CENTRO DE ALTO RENDIMIENTO","2020-04-10","","6.625"
"CENTRO DE ALTO RENDIMIENTO","2020-04-09","","7.59090909"
"CENTRO DE ALTO RENDIMIENTO","2020-04-08","","6.66666667"
"CENTRO DE ALTO RENDIMIENTO","2020-04-07","","4.28571429"
"CENTRO DE ALTO RENDIMIENTO","2020-04-06","","5.13043478"
"CENTRO DE ALTO RENDIMIENTO","2020-04-05","","6.0"
"CENTRO DE ALTO RENDIMIENTO","2020-04-04","","4.13636364"
"CENTRO DE ALTO RENDIMIENTO","2020-04-03","","13.75"
"CENTRO DE ALTO RENDIMIENTO","2020-04-02","","8.08333333"
"CENTRO DE ALTO RENDIMIENTO","2020-04-01","","15.29166667"
"CENTRO DE ALTO RENDIMIENTO","2020-03-31","","18.52173913"
"CENTRO DE ALTO RENDIMIENTO","2020-03-30","","37.91304348"
"CENTRO DE ALTO RENDIMIENTO","2020-03-29","","42.29166667"
"CENTRO DE ALTO RENDIMIENTO","2020-03-28","","36.20833333"
"CENTRO DE ALTO RENDIMIENTO","2020-03-27","","33.04166667"
"CENTRO DE ALTO RENDIMIENTO","2020-03-26","","28.625"
"CENTRO DE ALTO RENDIMIENTO","2020-03-25","","28.20833333"
"CENTRO DE ALTO RENDIMIENTO","2020-03-24","","40.91666667"
"CENTRO DE ALTO RENDIMIENTO","2020-03-23","","37.66666667"
"CENTRO DE ALTO RENDIMIENTO","2020-03-22","","22.45833333"
"CENTRO DE ALTO RENDIMIENTO","2020-03-21","","28.125"
"CENTRO DE ALTO RENDIMIENTO","2020-03-20","","42.625"
"CENTRO DE ALTO RENDIMIENTO","2020-03-19","","53.54166667"
"CENTRO DE ALTO RENDIMIENTO","2020-03-18","","53.375"
"CENTRO DE ALTO RENDIMIENTO","2020-03-17","","37.08333333"
"CENTRO DE ALTO RENDIMIENTO","2020-03-16","","31.875"
"CENTRO DE ALTO RENDIMIENTO","2020-03-15","","15.82608696"
"CENTRO DE ALTO RENDIMIENTO","2020-03-14","","19.29166667"
"CENTRO DE ALTO RENDIMIENTO","2020-03-13","","29.125"
"CENTRO DE ALTO RENDIMIENTO","2020-03-12","","27.0"
"CENTRO DE ALTO RENDIMIENTO","2020-03-11","","24.47826087"
"CENTRO DE ALTO RENDIMIENTO","2020-03-10","","26.875"
"CENTRO DE ALTO RENDIMIENTO","2020-03-09","","23.04166667"
"CENTRO DE ALTO RENDIMIENTO","2020-03-08","","29.125"
"CENTRO DE ALTO RENDIMIENTO","2020-03-07","","41.58333333"
"CENTRO DE ALTO RENDIMIENTO","2020-03-06","","47.375"
"CENTRO DE ALTO RENDIMIENTO","2020-03-05","","30.0"
"CENTRO DE ALTO RENDIMIENTO","2020-03-04","","28.5"
"CENTRO DE ALTO RENDIMIENTO","2020-03-03","","29.95833333"
"CENTRO DE ALTO RENDIMIENTO","2020-03-02","","29.5"
"CENTRO DE ALTO RENDIMIENTO","2020-02-28","","26.69230769"
"CENTRO DE ALTO RENDIMIENTO","2020-02-27","","23.16666667"
"CENTRO DE ALTO RENDIMIENTO","2020-02-26","","23.375"
"CENTRO DE ALTO RENDIMIENTO","2020-02-25","","24.70833333"
"CENTRO DE ALTO RENDIMIENTO","2020-02-24","","19.29166667"
"CENTRO DE ALTO RENDIMIENTO","2020-02-23","","18.25"
"CENTRO DE ALTO RENDIMIENTO","2020-02-22","","24.375"
"CENTRO DE ALTO RENDIMIENTO","2020-02-21","","29.29166667"
"CENTRO DE ALTO RENDIMIENTO","2020-02-20","","19.41666667"
"CENTRO DE ALTO RENDIMIENTO","2020-02-19","","11.29166667"
"CENTRO DE ALTO RENDIMIENTO","2020-02-18","","12.70833333"
"CENTRO DE ALTO RENDIMIENTO","2020-02-17","","9.58333333"
"CENTRO DE ALTO RENDIMIENTO","2020-02-16","","8.04166667"
"CENTRO DE ALTO RENDIMIENTO","2020-02-15","","10.56521739"
"CENTRO DE ALTO RENDIMIENTO","2020-02-14","","17.125"
"CENTRO DE ALTO RENDIMIENTO","2020-02-13","","24.45833333"
"CENTRO DE ALTO RENDIMIENTO","2020-02-12","","25.125"
"CENTRO DE ALTO RENDIMIENTO","2020-02-11","","16.79166667"
"CENTRO DE ALTO RENDIMIENTO","2020-02-10","","16.70833333"
"CENTRO DE ALTO RENDIMIENTO","2020-02-09","","22.66666667"
"CENTRO DE ALTO RENDIMIENTO","2020-02-08","","30.75"
"CENTRO DE ALTO RENDIMIENTO","2020-02-07","","32.54166667"
"CENTRO DE ALTO RENDIMIENTO","2020-02-06","","21.29166667"
"CENTRO DE ALTO RENDIMIENTO","2020-02-05","","22.08333333"
"CENTRO DE ALTO RENDIMIENTO","2020-02-04","","22.45833333"
"CENTRO DE ALTO RENDIMIENTO","2020-02-03","","15.79166667"
"CENTRO DE ALTO RENDIMIENTO","2020-02-02","","16.25"
"CENTRO DE ALTO RENDIMIENTO","2020-02-01","","9.86956522"
"CENTRO DE ALTO RENDIMIENTO","2020-01-31","","11.52173913"
"CENTRO DE ALTO RENDIMIENTO","2020-01-30","","18.91666667"
"CENTRO DE ALTO RENDIMIENTO","2020-01-29","","24.83333333"
"CENTRO DE ALTO RENDIMIENTO","2020-01-28","","18.33333333"
"CENTRO DE ALTO RENDIMIENTO","2020-01-27","","19.66666667"
"CENTRO DE ALTO RENDIMIENTO","2020-01-26","","12.70833333"
"CENTRO DE ALTO RENDIMIENTO","2020-01-25","","18.16666667"
"CENTRO DE ALTO RENDIMIENTO","2020-01-24","","18.75"
"CENTRO DE ALTO RENDIMIENTO","2020-01-23","","15.91666667"
"CENTRO DE ALTO RENDIMIENTO","2020-01-22","","15.875"
"CENTRO DE ALTO RENDIMIENTO","2020-01-21","","20.91666667"
"CENTRO DE ALTO RENDIMIENTO","2020-01-20","","12.20833333"
"CENTRO DE ALTO RENDIMIENTO","2020-01-19","","3.35"
"CENTRO DE ALTO RENDIMIENTO","2020-01-18","","3.0625"
"CENTRO DE ALTO RENDIMIENTO","2020-01-17","","3.29411765"
"CENTRO DE ALTO RENDIMIENTO","2020-01-16","","6.27272727"
"CENTRO DE ALTO RENDIMIENTO","2020-01-15","","6.95454545"
"CENTRO DE ALTO RENDIMIENTO","2020-01-14","","8.65217391"
"CENTRO DE ALTO RENDIMIENTO","2020-01-13","","5.29166667"
"CENTRO DE ALTO RENDIMIENTO","2020-01-12","","6.91666667"
"CENTRO DE ALTO RENDIMIENTO","2020-01-11","","10.08333333"
"CENTRO DE ALTO RENDIMIENTO","2020-01-10","","11.0"
"CENTRO DE ALTO RENDIMIENTO","2020-01-09","","14.46153846"
"CENTRO DE ALTO RENDIMIENTO","2020-01-08","","19.04166667"
"CENTRO DE ALTO RENDIMIENTO","2020-01-07","","18.29166667"
"CENTRO DE ALTO RENDIMIENTO","2020-01-06","","15.20833333"
"CENTRO DE ALTO RENDIMIENTO","2020-01-05","","14.0"
"CENTRO DE ALTO RENDIMIENTO","2020-01-04","","23.70833333"
"CENTRO DE ALTO RENDIMIENTO","2020-01-03","","16.84583333"
"CENTRO DE ALTO RENDIMIENTO","2020-01-02","","10.20833333"
"CENTRO DE ALTO RENDIMIENTO","2020-01-01","","15.39130435"
"CENTRO DE ALTO RENDIMIENTO","2019-12-31","","11.80869565"
"CENTRO DE ALTO RENDIMIENTO","2019-12-30","","13.66666667"
"CENTRO DE ALTO RENDIMIENTO","2019-12-29","","19.45"
"CENTRO DE ALTO RENDIMIENTO","2019-12-28","","16.125"
"CENTRO DE ALTO RENDIMIENTO","2019-12-27","","5.625"
"CENTRO DE ALTO RENDIMIENTO","2019-12-26","","3.94166667"
"CENTRO DE ALTO RENDIMIENTO","2019-12-25","","31.28571429"
"CENTRO DE ALTO RENDIMIENTO","2019-12-24","","3.35714286"
"CENTRO DE ALTO RENDIMIENTO","2019-12-23","","2.99565217"
"CENTRO DE ALTO RENDIMIENTO","2019-12-22","","4.23529412"
"CENTRO DE ALTO RENDIMIENTO","2019-12-21","","2.82352941"
"CENTRO DE ALTO RENDIMIENTO","2019-12-20","","4.61904762"
"CENTRO DE ALTO RENDIMIENTO","2019-12-19","","8.5"
"CENTRO DE ALTO RENDIMIENTO","2019-12-18","","12.27272727"
"CENTRO DE ALTO RENDIMIENTO","2019-12-17","","8.68181818"
"CENTRO DE ALTO RENDIMIENTO","2019-12-16","","6.73333333"
"CENTRO DE ALTO RENDIMIENTO","2019-12-15","","18.47826087"
"CENTRO DE ALTO RENDIMIENTO","2019-12-14","","25.0375"
"CENTRO DE ALTO RENDIMIENTO","2019-12-13","","20.08333333"
"CENTRO DE ALTO RENDIMIENTO","2019-12-12","","19.08333333"
"CENTRO DE ALTO RENDIMIENTO","2019-12-11","","24.45833333"
"CENTRO DE ALTO RENDIMIENTO","2019-12-10","","15.28571429"
"CENTRO DE ALTO RENDIMIENTO","2019-12-09","","16.04545455"
"CENTRO DE ALTO RENDIMIENTO","2019-12-08","","15.53809524"
"CENTRO DE ALTO RENDIMIENTO","2019-12-07","","31.08695652"
"CENTRO DE ALTO RENDIMIENTO","2019-12-06","","27.25"
"CENTRO DE ALTO RENDIMIENTO","2019-12-05","","10.59090909"
"CENTRO DE ALTO RENDIMIENTO","2019-12-04","","15.54166667"
"CENTRO DE ALTO RENDIMIENTO","2019-12-03","","10.91304348"
"CENTRO DE ALTO RENDIMIENTO","2019-12-02","","6.75"
"CENTRO DE ALTO RENDIMIENTO","2019-12-01","","4.91666667"
"CENTRO DE ALTO RENDIMIENTO","2019-11-30","","17.91666667"
"CENTRO DE ALTO RENDIMIENTO","2019-11-29","","30.75"
"CENTRO DE ALTO RENDIMIENTO","2019-11-28","","10.47619048"
"CENTRO DE ALTO RENDIMIENTO","2019-11-27","","3.33333333"
"CENTRO DE ALTO RENDIMIENTO","2019-11-26","","3.33333333"
"CENTRO DE ALTO RENDIMIENTO","2019-11-25","","9.5"
"CENTRO DE ALTO RENDIMIENTO","2019-11-24","","19.66666667"
"CENTRO DE ALTO RENDIMIENTO","2019-11-23","","16.66666667"
"CENTRO DE ALTO RENDIMIENTO","2019-11-22","","15.47826087"
"CENTRO DE ALTO RENDIMIENTO","2019-11-21","","14.5"
"CENTRO DE ALTO RENDIMIENTO","2019-11-20","","19.5"
"CENTRO DE ALTO RENDIMIENTO","2019-11-19","","19.04166667"
"CENTRO DE ALTO RENDIMIENTO","2019-11-18","","18.86363636"
"CENTRO DE ALTO RENDIMIENTO","2019-11-17","","9.65217391"
"CENTRO DE ALTO RENDIMIENTO","2019-11-16","","13.0"
"CENTRO DE ALTO RENDIMIENTO","2019-11-15","","21.125"
"CENTRO DE ALTO RENDIMIENTO","2019-11-14","","19.04166667"
"CENTRO DE ALTO RENDIMIENTO","2019-11-13","","16.52631579"
"CENTRO DE ALTO RENDIMIENTO","2019-11-12","","12.375"
"CENTRO DE ALTO RENDIMIENTO","2019-11-11","","8.36363636"
"CENTRO DE ALTO RENDIMIENTO","2019-11-10","","20.22727273"
"CENTRO DE ALTO RENDIMIENTO","2019-11-09","","13.58333333"
"CENTRO DE ALTO RENDIMIENTO","2019-11-08","","7.68421053"
"CENTRO DE ALTO RENDIMIENTO","2019-11-07","","9.17647059"
"CENTRO DE ALTO RENDIMIENTO","2019-11-06","","8.09090909"
"CENTRO DE ALTO RENDIMIENTO","2019-11-05","","7.79166667"
"CENTRO DE ALTO RENDIMIENTO","2019-11-04","","7.47368421"
"CENTRO DE ALTO RENDIMIENTO","2019-11-03","","13.19047619"
"CENTRO DE ALTO RENDIMIENTO","2019-11-02","","22.58333333"
"CENTRO DE ALTO RENDIMIENTO","2019-11-01","","20.08333333"
"CENTRO DE ALTO RENDIMIENTO","2019-10-31","","10.04347826"
"CENTRO DE ALTO RENDIMIENTO","2019-10-30","","14.66666667"
"CENTRO DE ALTO RENDIMIENTO","2019-10-29","","12.4"
"CENTRO DE ALTO RENDIMIENTO","2019-10-28","","6.61904762"
"CENTRO DE ALTO RENDIMIENTO","2019-10-27","","8.15"
"CENTRO DE ALTO RENDIMIENTO","2019-10-26","","4.26315789"
"CENTRO DE ALTO RENDIMIENTO","2019-10-25","","8.90909091"
"CENTRO DE ALTO RENDIMIENTO","2019-10-24","","12.95652174"
"CENTRO DE ALTO RENDIMIENTO","2019-10-23","","23.20833333"
"CENTRO DE ALTO RENDIMIENTO","2019-10-22","","22.79166667"
"CENTRO DE ALTO RENDIMIENTO","2019-10-21","","19.08333333"
"CENTRO DE ALTO RENDIMIENTO","2019-10-20","","12.1"
"CENTRO DE ALTO RENDIMIENTO","2019-10-19","","10.33333333"
"CENTRO DE ALTO RENDIMIENTO","2019-10-18","","16.20833333"
"CENTRO DE ALTO RENDIMIENTO","2019-10-17","","16.08695652"
"CENTRO DE ALTO RENDIMIENTO","2019-10-16","","10.79166667"
"CENTRO DE ALTO RENDIMIENTO","2019-10-15","","18.75"
"CENTRO DE ALTO RENDIMIENTO","2019-10-14","","5.77272727"
"CENTRO DE ALTO RENDIMIENTO","2019-10-13","","4.29166667"
"CENTRO DE ALTO RENDIMIENTO","2019-10-12","","10.81818182"
"CENTRO DE ALTO RENDIMIENTO","2019-10-11","","20.625"
"CENTRO DE ALTO RENDIMIENTO","2019-10-10","","22.29166667"
"CENTRO DE ALTO RENDIMIENTO","2019-10-09","","14.43478261"
"CENTRO DE ALTO RENDIMIENTO","2019-10-08","","14.45833333"
"CENTRO DE ALTO RENDIMIENTO","2019-10-07","","12.36363636"
"CENTRO DE ALTO RENDIMIENTO","2019-10-06","","17.91304348"
"CENTRO DE ALTO RENDIMIENTO","2019-10-05","","18.375"
"CENTRO DE ALTO RENDIMIENTO","2019-10-04","","14.33333333"
"CENTRO DE ALTO RENDIMIENTO","2019-10-03","","8.13636364"
"CENTRO DE ALTO RENDIMIENTO","2019-10-02","","15.75"
"CENTRO DE ALTO RENDIMIENTO","2019-10-01","","23.0"
"CENTRO DE ALTO RENDIMIENTO","2019-09-30","","15.95833333"
"CENTRO DE ALTO RENDIMIENTO","2019-09-29","","14.45833333"
"CENTRO DE ALTO RENDIMIENTO","2019-09-28","","12.04166667"
"CENTRO DE ALTO RENDIMIENTO","2019-09-27","","10.91666667"
"CENTRO DE ALTO RENDIMIENTO","2019-09-26","","8.69565217"
"CENTRO DE ALTO RENDIMIENTO","2019-09-25","","15.54166667"
"CENTRO DE ALTO RENDIMIENTO","2019-09-24","","21.5"
"CENTRO DE ALTO RENDIMIENTO","2019-09-23","","15.45833333"
"CENTRO DE ALTO RENDIMIENTO","2019-09-22","","15.41666667"
"CENTRO DE ALTO RENDIMIENTO","2019-09-21","","11.04166667"
"CENTRO DE ALTO RENDIMIENTO","2019-09-20","","35.04166667"
"CENTRO DE ALTO RENDIMIENTO","2019-09-19","","22.56521739"
"CENTRO DE ALTO RENDIMIENTO","2019-09-18","","29.33333333"
"CENTRO DE ALTO RENDIMIENTO","2019-09-17","","31.375"
"CENTRO DE ALTO RENDIMIENTO","2019-09-16","","13.04166667"
"CENTRO DE ALTO RENDIMIENTO","2019-09-15","","5.40909091"
"CENTRO DE ALTO RENDIMIENTO","2019-09-14","","4.31818182"
"CENTRO DE ALTO RENDIMIENTO","2019-09-13","","5.04166667"
"CENTRO DE ALTO RENDIMIENTO","2019-09-12","","7.69565217"
"CENTRO DE ALTO RENDIMIENTO","2019-09-11","","7.04761905"
"CENTRO DE ALTO RENDIMIENTO","2019-09-10","","10.0"
"CENTRO DE ALTO RENDIMIENTO","2019-09-09","","4.39130435"
"CENTRO DE ALTO RENDIMIENTO","2019-09-08","","5.26315789"
"CENTRO DE ALTO RENDIMIENTO","2019-09-07","","7.29166667"
"CENTRO DE ALTO RENDIMIENTO","2019-09-06","","7.95238095"
"CENTRO DE ALTO RENDIMIENTO","2019-09-05","","5.5"
"CENTRO DE ALTO RENDIMIENTO","2019-09-04","","5.0"
"CENTRO DE ALTO RENDIMIENTO","2019-09-03","","11.30434783"
"CENTRO DE ALTO RENDIMIENTO","2019-09-02","","6.2173913"
"CENTRO DE ALTO RENDIMIENTO","2019-09-01","","6.94736842"
"CENTRO DE ALTO RENDIMIENTO","2019-08-31","","8.2173913"
"CENTRO DE ALTO RENDIMIENTO","2019-08-30","","12.125"
"CENTRO DE ALTO RENDIMIENTO","2019-08-29","","4.40909091"
"CENTRO DE ALTO RENDIMIENTO","2019-08-28","","5.04166667"
"CENTRO DE ALTO RENDIMIENTO","2019-08-27","","8.09090909"
"CENTRO DE ALTO RENDIMIENTO","2019-08-26","","8.54166667"
"CENTRO DE ALTO RENDIMIENTO","2019-08-25","","6.04545455"
"CENTRO DE ALTO RENDIMIENTO","2019-08-24","","5.66666667"
"CENTRO DE ALTO RENDIMIENTO","2019-08-23","","9.0"
"CENTRO DE ALTO RENDIMIENTO","2019-08-22","","14.20833333"
"CENTRO DE ALTO RENDIMIENTO","2019-08-21","","4.66666667"
"CENTRO DE ALTO RENDIMIENTO","2019-08-20","","9.58333333"
"CENTRO DE ALTO RENDIMIENTO","2019-08-19","","4.42105263"
"CENTRO DE ALTO RENDIMIENTO","2019-08-18","","11.0"
"CENTRO DE ALTO RENDIMIENTO","2019-08-17","","30.41666667"
"CENTRO DE ALTO RENDIMIENTO","2019-08-16","","45.0"
"CENTRO DE ALTO RENDIMIENTO","2019-08-15","","24.58333333"
"CENTRO DE ALTO RENDIMIENTO","2019-08-14","","10.13636364"
"CENTRO DE ALTO RENDIMIENTO","2019-08-13","","6.61904762"
"CENTRO DE ALTO RENDIMIENTO","2019-08-12","","5.19047619"
"CENTRO DE ALTO RENDIMIENTO","2019-08-11","","3.14285714"
"CENTRO DE ALTO RENDIMIENTO","2019-08-10","","5.65217391"
"CENTRO DE ALTO RENDIMIENTO","2019-08-09","","6.0"
"CENTRO DE ALTO RENDIMIENTO","2019-08-08","","8.95454545"
"CENTRO DE ALTO RENDIMIENTO","2019-08-07","","6.45"
"CENTRO DE ALTO RENDIMIENTO","2019-08-06","","9.0"
"CENTRO DE ALTO RENDIMIENTO","2019-08-05","","9.22727273"
"CENTRO DE ALTO RENDIMIENTO","2019-08-04","","5.04761905"
"CENTRO DE ALTO RENDIMIENTO","2019-08-03","","8.08695652"
"CENTRO DE ALTO RENDIMIENTO","2019-08-02","","8.95454545"
"CENTRO DE ALTO RENDIMIENTO","2019-08-01","","9.15"
"CENTRO DE ALTO RENDIMIENTO","2019-07-31","","5.625"
"CENTRO DE ALTO RENDIMIENTO","2019-07-30","","5.75"
"CENTRO DE ALTO RENDIMIENTO","2019-07-29","","7.6"
"CENTRO DE ALTO RENDIMIENTO","2019-07-28","","7.66666667"
"CENTRO DE ALTO RENDIMIENTO","2019-07-27","","6.83333333"
"CENTRO DE ALTO RENDIMIENTO","2019-07-26","","6.08695652"
"CENTRO DE ALTO RENDIMIENTO","2019-07-25","","10.54166667"
"CENTRO DE ALTO RENDIMIENTO","2019-07-24","","5.28571429"
"CENTRO DE ALTO RENDIMIENTO","2019-07-23","","5.27272727"
"CENTRO DE ALTO RENDIMIENTO","2019-07-22","","8.76190476"
"CENTRO DE ALTO RENDIMIENTO","2019-07-21","","3.58823529"
"CENTRO DE ALTO RENDIMIENTO","2019-07-20","","2.9047619"
"CENTRO DE ALTO RENDIMIENTO","2019-07-19","","3.43478261"
"CENTRO DE ALTO RENDIMIENTO","2019-07-18","","4.60869565"
"CENTRO DE ALTO RENDIMIENTO","2019-07-17","","9.5"
"CENTRO DE ALTO RENDIMIENTO","2019-07-16","","18.94444444"
"CENTRO DE ALTO RENDIMIENTO","2019-07-15","","5.45454545"
"CENTRO DE ALTO RENDIMIENTO","2019-07-14","","3.13333333"
"CENTRO DE ALTO RENDIMIENTO","2019-07-13","","4.65"
"CENTRO DE ALTO RENDIMIENTO","2019-07-12","","6.13636364"
"CENTRO DE ALTO RENDIMIENTO","2019-07-11","","7.7"
"CENTRO DE ALTO RENDIMIENTO","2019-07-10","","4.63636364"
"CENTRO DE ALTO RENDIMIENTO","2019-07-09","","12.20833333"
"CENTRO DE ALTO RENDIMIENTO","2019-07-08","","5.0625"
"CENTRO DE ALTO RENDIMIENTO","2019-07-07","","2.15789474"
"CENTRO DE ALTO RENDIMIENTO","2019-07-06","","7.0"
"CENTRO DE ALTO RENDIMIENTO","2019-07-05","","12.20833333"
"CENTRO DE ALTO RENDIMIENTO","2019-07-04","","16.83333333"
"CENTRO DE ALTO RENDIMIENTO","2019-07-03","","8.58333333"
"CENTRO DE ALTO RENDIMIENTO","2019-07-02","","10.0"
"CENTRO DE ALTO RENDIMIENTO","2019-07-01","","8.29166667"
"CENTRO DE ALTO RENDIMIENTO","2019-06-30","","5.95652174"
"CENTRO DE ALTO RENDIMIENTO","2019-06-29","","6.0"
"CENTRO DE ALTO RENDIMIENTO","2019-06-28","","5.95454545"
"CENTRO DE ALTO RENDIMIENTO","2019-06-27","","10.16666667"
"CENTRO DE ALTO RENDIMIENTO","2019-06-26","","5.95454545"
"CENTRO DE ALTO RENDIMIENTO","2019-06-25","","9.43478261"
"CENTRO DE ALTO RENDIMIENTO","2019-06-24","","4.875"
"CENTRO DE ALTO RENDIMIENTO","2019-06-23","","3.2"
"CENTRO DE ALTO RENDIMIENTO","2019-06-22","","4.69565217"
"CENTRO DE ALTO RENDIMIENTO","2019-06-21","","4.19047619"
"CENTRO DE ALTO RENDIMIENTO","2019-06-20","","3.2173913"
"CENTRO DE ALTO RENDIMIENTO","2019-06-19","","3.73684211"
"CENTRO DE ALTO RENDIMIENTO","2019-06-18","","2.7"
"CENTRO DE ALTO RENDIMIENTO","2019-06-17","","3.31578947"
"CENTRO DE ALTO RENDIMIENTO","2019-06-16","","3.29411765"
"CENTRO DE ALTO RENDIMIENTO","2019-06-15","","5.57142857"
"CENTRO DE ALTO RENDIMIENTO","2019-06-14","","7.54166667"
"CENTRO DE ALTO RENDIMIENTO","2019-06-13","","11.41666667"
"CENTRO DE ALTO RENDIMIENTO","2019-06-12","","9.0952381"
"CENTRO DE ALTO RENDIMIENTO","2019-06-11","","5.18181818"
"CENTRO DE ALTO RENDIMIENTO","2019-06-10","","6.94736842"
"CENTRO DE ALTO RENDIMIENTO","2019-06-09","","1.85714286"
"CENTRO DE ALTO RENDIMIENTO","2019-06-08","","10.55"
"CENTRO DE ALTO RENDIMIENTO","2019-06-07","","11.42105263"
"CENTRO DE ALTO RENDIMIENTO","2019-06-06","","10.17391304"
"CENTRO DE ALTO RENDIMIENTO","2019-06-05","","7.23529412"
"CENTRO DE ALTO RENDIMIENTO","2019-06-04","","8.52380952"
"CENTRO DE ALTO RENDIMIENTO","2019-06-03","","4.47619048"
"CENTRO DE ALTO RENDIMIENTO","2019-06-02","","14.27272727"
"CENTRO DE ALTO RENDIMIENTO","2019-06-01","","18.625"
"CENTRO DE ALTO RENDIMIENTO","2019-05-31","","22.625"
"CENTRO DE ALTO RENDIMIENTO","2019-05-30","","18.47826087"
"CENTRO DE ALTO RENDIMIENTO","2019-05-29","","18.125"
"CENTRO DE ALTO RENDIMIENTO","2019-05-28","","14.08695652"
"CENTRO DE ALTO RENDIMIENTO","2019-05-27","","22.83333333"
"CENTRO DE ALTO RENDIMIENTO","2019-05-26","","10.40909091"
"CENTRO DE ALTO RENDIMIENTO","2019-05-25","","21.20833333"
"CENTRO DE ALTO RENDIMIENTO","2019-05-24","","13.39130435"
"CENTRO DE ALTO RENDIMIENTO","2019-05-23","","19.875"
"CENTRO DE ALTO RENDIMIENTO","2019-05-22","","9.30434783"
"CENTRO DE ALTO RENDIMIENTO","2019-05-21","","5.5"
"CENTRO DE ALTO RENDIMIENTO","2019-05-20","","9.95833333"
"CENTRO DE ALTO RENDIMIENTO","2019-05-19","","10.95833333"
"CENTRO DE ALTO RENDIMIENTO","2019-05-18","","19.16666667"
"CENTRO DE ALTO RENDIMIENTO","2019-05-17","","16.54166667"
"CENTRO DE ALTO RENDIMIENTO","2019-05-16","","18.58333333"
"CENTRO DE ALTO RENDIMIENTO","2019-05-15","","5.65217391"
"CENTRO DE ALTO RENDIMIENTO","2019-05-14","","6.0"
"CENTRO DE ALTO RENDIMIENTO","2019-05-13","","7.23809524"
"CENTRO DE ALTO RENDIMIENTO","2019-05-12","","5.27777778"
"CENTRO DE ALTO RENDIMIENTO","2019-05-11","","18.2173913"
"CENTRO DE ALTO RENDIMIENTO","2019-05-10","","17.41666667"
"CENTRO DE ALTO RENDIMIENTO","2019-05-09","","12.41666667"
"CENTRO DE ALTO RENDIMIENTO","2019-05-08","","11.79166667"
"CENTRO DE ALTO RENDIMIENTO","2019-05-07","","7.13636364"
"CENTRO DE ALTO RENDIMIENTO","2019-05-06","","4.0"
"CENTRO DE ALTO RENDIMIENTO","2019-05-05","","4.0"
"CENTRO DE ALTO RENDIMIENTO","2019-05-04","","8.91666667"
"CENTRO DE ALTO RENDIMIENTO","2019-05-03","","12.41666667"
"CENTRO DE ALTO RENDIMIENTO","2019-05-02","","14.95652174"
"CENTRO DE ALTO RENDIMIENTO","2019-05-01","","11.625"
"CENTRO DE ALTO RENDIMIENTO","2019-04-30","","9.95833333"
"CENTRO DE ALTO RENDIMIENTO","2019-04-29","","4.95454545"
"CENTRO DE ALTO RENDIMIENTO","2019-04-28","","3.0952381"
"CENTRO DE ALTO RENDIMIENTO","2019-04-27","","9.10526316"
"CENTRO DE ALTO RENDIMIENTO","2019-04-26","","13.18181818"
"CENTRO DE ALTO RENDIMIENTO","2019-04-25","","12.58333333"
"CENTRO DE ALTO RENDIMIENTO","2019-04-24","","15.66666667"
"CENTRO DE ALTO RENDIMIENTO","2019-04-23","","22.0"
"CENTRO DE ALTO RENDIMIENTO","2019-04-22","","18.43478261"
"CENTRO DE ALTO RENDIMIENTO","2019-04-21","","9.625"
"CENTRO DE ALTO RENDIMIENTO","2019-04-20","","8.83333333"
"CENTRO DE ALTO RENDIMIENTO","2019-04-19","","9.90909091"
"CENTRO DE ALTO RENDIMIENTO","2019-04-18","","17.29166667"
"CENTRO DE ALTO RENDIMIENTO","2019-04-17","","22.83333333"
"CENTRO DE ALTO RENDIMIENTO","2019-04-16","","19.41666667"
"CENTRO DE ALTO RENDIMIENTO","2019-04-15","","15.04166667"
"CENTRO DE ALTO RENDIMIENTO","2019-04-14","","24.79166667"
"CENTRO DE ALTO RENDIMIENTO","2019-04-13","","24.66666667"
"CENTRO DE ALTO RENDIMIENTO","2019-04-12","","24.125"
"CENTRO DE ALTO RENDIMIENTO","2019-04-11","","27.79166667"
"CENTRO DE ALTO RENDIMIENTO","2019-04-10","","30.47826087"
"CENTRO DE ALTO RENDIMIENTO","2019-04-09","","33.56521739"
"CENTRO DE ALTO RENDIMIENTO","2019-04-08","","33.16666667"
"CENTRO DE ALTO RENDIMIENTO","2019-04-07","","23.625"
"CENTRO DE ALTO RENDIMIENTO","2019-04-06","","19.04166667"
"CENTRO DE ALTO RENDIMIENTO","2019-04-05","","29.79166667"
"CENTRO DE ALTO RENDIMIENTO","2019-04-04","","16.29166667"
"CENTRO DE ALTO RENDIMIENTO","2019-04-03","","31.04166667"
"CENTRO DE ALTO RENDIMIENTO","2019-04-02","","23.45833333"
"CENTRO DE ALTO RENDIMIENTO","2019-04-01","","15.625"
"CENTRO DE ALTO RENDIMIENTO","2019-03-31","","10.33333333"
"CENTRO DE ALTO RENDIMIENTO","2019-03-30","","18.91666667"
"CENTRO DE ALTO RENDIMIENTO","2019-03-29","","32.5"
"CENTRO DE ALTO RENDIMIENTO","2019-03-28","","59.0"
"CENTRO DE ALTO RENDIMIENTO","2019-03-27","","47.70833333"
"CENTRO DE ALTO RENDIMIENTO","2019-03-26","","43.45833333"
"CENTRO DE ALTO RENDIMIENTO","2019-03-25","","33.08333333"
"CENTRO DE ALTO RENDIMIENTO","2019-03-24","","31.54166667"
"CENTRO DE ALTO RENDIMIENTO","2019-03-23","","25.125"
"CENTRO DE ALTO RENDIMIENTO","2019-03-22","","24.04166667"
"CENTRO DE ALTO RENDIMIENTO","2019-03-21","","30.25"
"CENTRO DE ALTO RENDIMIENTO","2019-03-20","","27.16666667"
"CENTRO DE ALTO RENDIMIENTO","2019-03-19","","20.75"
"CENTRO DE ALTO RENDIMIENTO","2019-03-18","","23.26086957"
"CENTRO DE ALTO RENDIMIENTO","2019-03-17","","18.54166667"
"CENTRO DE ALTO RENDIMIENTO","2019-03-16","","18.125"
"CENTRO DE ALTO RENDIMIENTO","2019-03-15","","22.95652174"
"CENTRO DE ALTO RENDIMIENTO","2019-03-14","","25.83333333"
"CENTRO DE ALTO RENDIMIENTO","2019-03-13","","29.625"
"CENTRO DE ALTO RENDIMIENTO","2019-03-12","","30.0"
"CENTRO DE ALTO RENDIMIENTO","2019-03-11","","14.34782609"
"CENTRO DE ALTO RENDIMIENTO","2019-03-10","","10.17391304"
"CENTRO DE ALTO RENDIMIENTO","2019-03-09","","15.91304348"
"CENTRO DE ALTO RENDIMIENTO","2019-03-08","","31.83333333"
"CENTRO DE ALTO RENDIMIENTO","2019-03-07","","43.75"
"CENTRO DE ALTO RENDIMIENTO","2019-03-06","","30.375"
"CENTRO DE ALTO RENDIMIENTO","2019-03-05","","35.83333333"
"CENTRO DE ALTO RENDIMIENTO","2019-03-04","","35.04166667"
"CENTRO DE ALTO RENDIMIENTO","2019-03-03","","23.20833333"
"CENTRO DE ALTO RENDIMIENTO","2019-03-02","","31.125"
"CENTRO DE ALTO RENDIMIENTO","2019-03-01","","38.54166667"
"CENTRO DE ALTO RENDIMIENTO","2019-02-28","","28.375"
"CENTRO DE ALTO RENDIMIENTO","2019-02-27","","33.45833333"
"CENTRO DE ALTO RENDIMIENTO","2019-02-26","","34.08333333"
"CENTRO DE ALTO RENDIMIENTO","2019-02-25","","27.625"
"CENTRO DE ALTO RENDIMIENTO","2019-02-24","","23.69565217"
"CENTRO DE ALTO RENDIMIENTO","2019-02-23","","31.83333333"
"CENTRO DE ALTO RENDIMIENTO","2019-02-22","","24.875"
"CENTRO DE ALTO RENDIMIENTO","2019-02-21","","18.33333333"
"CENTRO DE ALTO RENDIMIENTO","2019-02-20","","23.7826087"
"CENTRO DE ALTO RENDIMIENTO","2019-02-19","","19.58333333"
"CENTRO DE ALTO RENDIMIENTO","2019-02-18","","28.75"
"CENTRO DE ALTO RENDIMIENTO","2019-02-17","","18.82608696"
"CENTRO DE ALTO RENDIMIENTO","2019-02-16","","19.33333333"
"CENTRO DE ALTO RENDIMIENTO","2019-02-15","","29.54166667"
"CENTRO DE ALTO RENDIMIENTO","2019-02-14","","32.70833333"
"CENTRO DE ALTO RENDIMIENTO","2019-02-13","","28.66666667"
"CENTRO DE ALTO RENDIMIENTO","2019-02-12","","27.16666667"
"CENTRO DE ALTO RENDIMIENTO","2019-02-11","","21.91666667"
"CENTRO DE ALTO RENDIMIENTO","2019-02-10","","22.25"
"CENTRO DE ALTO RENDIMIENTO","2019-02-09","","25.47826087"
"CENTRO DE ALTO RENDIMIENTO","2019-02-08","","22.75"
"CENTRO DE ALTO RENDIMIENTO","2019-02-07","","25.95833333"
"CENTRO DE ALTO RENDIMIENTO","2019-02-06","","26.41666667"
"CENTRO DE ALTO RENDIMIENTO","2019-02-05","","26.41666667"
"CENTRO DE ALTO RENDIMIENTO","2019-02-04","","26.08333333"
"CENTRO DE ALTO RENDIMIENTO","2019-02-03","","17.95833333"
"CENTRO DE ALTO RENDIMIENTO","2019-02-02","","29.91666667"
"CENTRO DE ALTO RENDIMIENTO","2019-02-01","","25.25"
"CENTRO DE ALTO RENDIMIENTO","2019-01-31","","36.7826087"
"CENTRO DE ALTO RENDIMIENTO","2019-01-30","","30.54166667"
"CENTRO DE ALTO RENDIMIENTO","2019-01-29","","22.91666667"
"CENTRO DE ALTO RENDIMIENTO","2019-01-28","","22.125"
"CENTRO DE ALTO RENDIMIENTO","2019-01-27","","15.125"
"CENTRO DE ALTO RENDIMIENTO","2019-01-26","","15.35"
"CENTRO DE ALTO RENDIMIENTO","2019-01-25","","15.1"
"CENTRO DE ALTO RENDIMIENTO","2019-01-24","","8.90909091"
"CENTRO DE ALTO RENDIMIENTO","2019-01-23","","8.04166667"
"CENTRO DE ALTO RENDIMIENTO","2019-01-22","","10.08333333"
"CENTRO DE ALTO RENDIMIENTO","2019-01-21","","11.86956522"
"CENTRO DE ALTO RENDIMIENTO","2019-01-20","","5.91666667"
"CENTRO DE ALTO RENDIMIENTO","2019-01-19","","9.75"
"CENTRO DE ALTO RENDIMIENTO","2019-01-18","","9.875"
"CENTRO DE ALTO RENDIMIENTO","2019-01-17","","13.58333333"
"CENTRO DE ALTO RENDIMIENTO","2019-01-16","","12.83333333"
"CENTRO DE ALTO RENDIMIENTO","2019-01-15","","15.75"
"CENTRO DE ALTO RENDIMIENTO","2019-01-14","","17.72727273"
"CENTRO DE ALTO RENDIMIENTO","2019-01-13","","22.91666667"
"CENTRO DE ALTO RENDIMIENTO","2019-01-12","","27.70833333"
"CENTRO DE ALTO RENDIMIENTO","2019-01-11","","18.625"
"CENTRO DE ALTO RENDIMIENTO","2019-01-10","","9.66666667"
"CENTRO DE ALTO RENDIMIENTO","2019-01-09","","17.77272727"
"CENTRO DE ALTO RENDIMIENTO","2019-01-08","","16.85714286"
"CENTRO DE ALTO RENDIMIENTO","2019-01-07","","16.54166667"
"CENTRO DE ALTO RENDIMIENTO","2019-01-06","","17.70833333"
"CENTRO DE ALTO RENDIMIENTO","2019-01-05","","16.0"
"CENTRO DE ALTO RENDIMIENTO","2019-01-04","","10.57142857"
"CENTRO DE ALTO RENDIMIENTO","2019-01-03","","4.81818182"
"CENTRO DE ALTO RENDIMIENTO","2019-01-02","","4.21052632"
"CENTRO DE ALTO RENDIMIENTO","2019-01-01","","8.83333333"
"CENTRO DE ALTO RENDIMIENTO","2018-12-31","","6.91304348"
"CENTRO DE ALTO RENDIMIENTO","2018-12-30","","8.63636364"
"CENTRO DE ALTO RENDIMIENTO","2018-12-29","","4.5"
"CENTRO DE ALTO RENDIMIENTO","2018-12-28","","5.5"
"CENTRO DE ALTO RENDIMIENTO","2018-12-27","","4.33333333"
"CENTRO DE ALTO RENDIMIENTO","2018-12-26","","6.86956522"
"CENTRO DE ALTO RENDIMIENTO","2018-12-25","","19.15"
"CENTRO DE ALTO RENDIMIENTO","2018-12-24","","12.42105263"
"CENTRO DE ALTO RENDIMIENTO","2018-12-23","","11.43478261"
"CENTRO DE ALTO RENDIMIENTO","2018-12-22","","6.95652174"
"CENTRO DE ALTO RENDIMIENTO","2018-12-21","","9.3"
"CENTRO DE ALTO RENDIMIENTO","2018-12-20","","15.25"
"CENTRO DE ALTO RENDIMIENTO","2018-12-19","","9.82608696"
"CENTRO DE ALTO RENDIMIENTO","2018-12-18","","15.25"
"CENTRO DE ALTO RENDIMIENTO","2018-12-17","","12.7826087"
"CENTRO DE ALTO RENDIMIENTO","2018-12-16","","8.52380952"
"CENTRO DE ALTO RENDIMIENTO","2018-12-15","","13.36842105"
"CENTRO DE ALTO RENDIMIENTO","2018-12-14","","14.36842105"
"CENTRO DE ALTO RENDIMIENTO","2018-12-13","","7.14285714"
"CENTRO DE ALTO RENDIMIENTO","2018-12-12","","7.77272727"
"CENTRO DE ALTO RENDIMIENTO","2018-12-11","","11.20833333"
"CENTRO DE ALTO RENDIMIENTO","2018-12-10","","11.375"
"CENTRO DE ALTO RENDIMIENTO","2018-12-09","","14.0"
"CENTRO DE ALTO RENDIMIENTO","2018-12-08","","16.45833333"
"CENTRO DE ALTO RENDIMIENTO","2018-12-07","","13.79166667"
"CENTRO DE ALTO RENDIMIENTO","2018-12-06","","16.75"
"CENTRO DE ALTO RENDIMIENTO","2018-12-05","","10.20833333"
"CENTRO DE ALTO RENDIMIENTO","2018-12-04","","14.20833333"
"CENTRO DE ALTO RENDIMIENTO","2018-12-03","","17.5"
"CENTRO DE ALTO RENDIMIENTO","2018-12-02","","9.83333333"
"CENTRO DE ALTO RENDIMIENTO","2018-12-01","","13.16666667"
"CENTRO DE ALTO RENDIMIENTO","2018-11-30","","18.54166667"
"CENTRO DE ALTO RENDIMIENTO","2018-11-29","","18.58333333"
"CENTRO DE ALTO RENDIMIENTO","2018-11-28","","9.08333333"
"CENTRO DE ALTO RENDIMIENTO","2018-11-27","","17.58333333"
"CENTRO DE ALTO RENDIMIENTO","2018-11-26","","15.54166667"
"CENTRO DE ALTO RENDIMIENTO","2018-11-25","","9.91666667"
"CENTRO DE ALTO RENDIMIENTO","2018-11-24","","21.5"
"CENTRO DE ALTO RENDIMIENTO","2018-11-23","","13.66666667"
"CENTRO DE ALTO RENDIMIENTO","2018-11-22","","20.625"
"CENTRO DE ALTO RENDIMIENTO","2018-11-21","","11.76190476"
"CENTRO DE ALTO RENDIMIENTO","2018-11-20","","6.11764706"
"CENTRO DE ALTO RENDIMIENTO","2018-11-19","","6.20833333"
"CENTRO DE ALTO RENDIMIENTO","2018-11-18","","10.44444444"
"CENTRO DE ALTO RENDIMIENTO","2018-11-17","","10.04545455"
"CENTRO DE ALTO RENDIMIENTO","2018-11-16","","17.95454545"
"CENTRO DE ALTO RENDIMIENTO","2018-11-15","","25.25"
"CENTRO DE ALTO RENDIMIENTO","2018-11-14","","26.125"
"CENTRO DE ALTO RENDIMIENTO","2018-11-13","","14.20833333"
"CENTRO DE ALTO RENDIMIENTO","2018-11-12","","3.16666667"
"CENTRO DE ALTO RENDIMIENTO","2018-11-11","","10.95"
"CENTRO DE ALTO RENDIMIENTO","2018-11-10","","11.25"
"CENTRO DE ALTO RENDIMIENTO","2018-11-09","","13.79166667"
"CENTRO DE ALTO RENDIMIENTO","2018-11-08","","12.27272727"
"CENTRO DE ALTO RENDIMIENTO","2018-11-07","","15.1"
"CENTRO DE ALTO RENDIMIENTO","2018-11-06","","13.39130435"
"CENTRO DE ALTO RENDIMIENTO","2018-11-05","","6.54166667"
"CENTRO DE ALTO RENDIMIENTO","2018-11-04","","19.25"
"CENTRO DE ALTO RENDIMIENTO","2018-11-03","","12.5"
"CENTRO DE ALTO RENDIMIENTO","2018-11-02","","11.95238095"
"CENTRO DE ALTO RENDIMIENTO","2018-11-01","","6.04347826"
"CENTRO DE ALTO RENDIMIENTO","2018-10-31","","8.72727273"
"CENTRO DE ALTO RENDIMIENTO","2018-10-30","","12.86363636"
"CENTRO DE ALTO RENDIMIENTO","2018-10-29","","7.5"
"CENTRO DE ALTO RENDIMIENTO","2018-10-28","","7.72222222"
"CENTRO DE ALTO RENDIMIENTO","2018-10-27","","3.7"
"CENTRO DE ALTO RENDIMIENTO","2018-10-26","","7.625"
"CENTRO DE ALTO RENDIMIENTO","2018-10-25","","20.0"
"CENTRO DE ALTO RENDIMIENTO","2018-10-24","","14.13846154"
"CENTRO DE ALTO RENDIMIENTO","2018-10-23","","12.04782609"
"CENTRO DE ALTO RENDIMIENTO","2018-10-22","","14.67083333"
"CENTRO DE ALTO RENDIMIENTO","2018-10-21","","8.725"
"CENTRO DE ALTO RENDIMIENTO","2018-10-20","","13.08333333"
"CENTRO DE ALTO RENDIMIENTO","2018-10-19","","19.22083333"
"CENTRO DE ALTO RENDIMIENTO","2018-10-18","","31.80869565"
"CENTRO DE ALTO RENDIMIENTO","2018-10-17","","19.54166667"
"CENTRO DE ALTO RENDIMIENTO","2018-10-16","","9.40416667"
"CENTRO DE ALTO RENDIMIENTO","2018-10-15","","10.81304348"
"CENTRO DE ALTO RENDIMIENTO","2018-10-14","","22.05652174"
"CENTRO DE ALTO RENDIMIENTO","2018-10-13","","27.6625"
"CENTRO DE ALTO RENDIMIENTO","2018-10-12","","29.0875"
"CENTRO DE ALTO RENDIMIENTO","2018-10-11","","18.03333333"
"CENTRO DE ALTO RENDIMIENTO","2018-10-10","","25.07916667"
"CENTRO DE ALTO RENDIMIENTO","2018-10-09","","12.72608696"
"CENTRO DE ALTO RENDIMIENTO","2018-10-08","","9.96521739"
"CENTRO DE ALTO RENDIMIENTO","2018-10-07","","12.87916667"
"CENTRO DE ALTO RENDIMIENTO","2018-10-06","","13.5"
"CENTRO DE ALTO RENDIMIENTO","2018-10-05","","23.83333333"
"CENTRO DE ALTO RENDIMIENTO","2018-10-04","","14.01818182"
"CENTRO DE ALTO RENDIMIENTO","2018-10-03","","17.78333333"
"CENTRO DE ALTO RENDIMIENTO","2018-10-02","","13.39565217"
"CENTRO DE ALTO RENDIMIENTO","2018-10-01","","17.33333333"
"CENTRO DE ALTO RENDIMIENTO","2018-09-30","","8.89166667"
"CENTRO DE ALTO RENDIMIENTO","2018-09-29","","10.45"
"CENTRO DE ALTO RENDIMIENTO","2018-09-28","","16.02916667"
"CENTRO DE ALTO RENDIMIENTO","2018-09-27","","12.21666667"
"CENTRO DE ALTO RENDIMIENTO","2018-09-26","","9.8375"
"CENTRO DE ALTO RENDIMIENTO","2018-09-25","","8.17"
"CENTRO DE ALTO RENDIMIENTO","2018-09-24","","7.26666667"
"CENTRO DE ALTO RENDIMIENTO","2018-09-23","","8.83043478"
"CENTRO DE ALTO RENDIMIENTO","2018-09-22","","9.2125"
"CENTRO DE ALTO RENDIMIENTO","2018-09-21","","11.24782609"
"CENTRO DE ALTO RENDIMIENTO","2018-09-20","","5.95"
"CENTRO DE ALTO RENDIMIENTO","2018-09-19","","7.51666667"
"CENTRO DE ALTO RENDIMIENTO","2018-09-18","","5.1625"
"CENTRO DE ALTO RENDIMIENTO","2018-09-17","","12.5625"
"CENTRO DE ALTO RENDIMIENTO","2018-09-16","","5.69166667"
"CENTRO DE ALTO RENDIMIENTO","2018-09-15","","21.77826087"
"CENTRO DE ALTO RENDIMIENTO","2018-09-14","","24.75416667"
"CENTRO DE ALTO RENDIMIENTO","2018-09-13","","31.67916667"
"CENTRO DE ALTO RENDIMIENTO","2018-09-12","","30.04583333"
"CENTRO DE ALTO RENDIMIENTO","2018-09-11","","24.64583333"
"CENTRO DE ALTO RENDIMIENTO","2018-09-10","","14.1875"
"CENTRO DE ALTO RENDIMIENTO","2018-09-09","","5.5375"
"CENTRO DE ALTO RENDIMIENTO","2018-09-08","","9.07272727"
"CENTRO DE ALTO RENDIMIENTO","2018-09-07","","17.70833333"
"CENTRO DE ALTO RENDIMIENTO","2018-09-06","","30.75416667"
"CENTRO DE ALTO RENDIMIENTO","2018-09-05","","15.07826087"
"CENTRO DE ALTO RENDIMIENTO","2018-09-04","","7.08695652"
"CENTRO DE ALTO RENDIMIENTO","2018-09-03","","5.6"
"CENTRO DE ALTO RENDIMIENTO","2018-09-02","","8.18636364"
"CENTRO DE ALTO RENDIMIENTO","2018-09-01","","14.87916667"
"CENTRO DE ALTO RENDIMIENTO","2018-08-31","","12.85833333"
"CENTRO DE ALTO RENDIMIENTO","2018-08-30","","11.55"
"CENTRO DE ALTO RENDIMIENTO","2018-08-29","","13.17826087"
"CENTRO DE ALTO RENDIMIENTO","2018-08-28","","6.86956522"
"CENTRO DE ALTO RENDIMIENTO","2018-08-27","","5.2"
"CENTRO DE ALTO RENDIMIENTO","2018-08-26","","4.25238095"
"CENTRO DE ALTO RENDIMIENTO","2018-08-25","","5.12173913"
"CENTRO DE ALTO RENDIMIENTO","2018-08-24","","7.90454545"
"CENTRO DE ALTO RENDIMIENTO","2018-08-23","","10.5173913"
"CENTRO DE ALTO RENDIMIENTO","2018-08-22","","5.20869565"
"CENTRO DE ALTO RENDIMIENTO","2018-08-21","","4.70869565"
"CENTRO DE ALTO RENDIMIENTO","2018-08-20","","3.74583333"
"CENTRO DE ALTO RENDIMIENTO","2018-08-19","","4.04347826"
"CENTRO DE ALTO RENDIMIENTO","2018-08-18","","6.55652174"
"CENTRO DE ALTO RENDIMIENTO","2018-08-17","","7.17916667"
"CENTRO DE ALTO RENDIMIENTO","2018-08-16","","8.49583333"
"CENTRO DE ALTO RENDIMIENTO","2018-08-15","","7.95833333"
"CENTRO DE ALTO RENDIMIENTO","2018-08-14","","11.25"
"CENTRO DE ALTO RENDIMIENTO","2018-08-13","","11.01818182"
"CENTRO DE ALTO RENDIMIENTO","2018-08-12","","4.12916667"
"CENTRO DE ALTO RENDIMIENTO","2018-08-11","","8.2"
"CENTRO DE ALTO RENDIMIENTO","2018-08-10","","5.35833333"
"CENTRO DE ALTO RENDIMIENTO","2018-08-09","","4.80434783"
"CENTRO DE ALTO RENDIMIENTO","2018-08-08","","4.83684211"
"CENTRO DE ALTO RENDIMIENTO","2018-08-07","","3.32222222"
"CENTRO DE ALTO RENDIMIENTO","2018-08-06","","4.05217391"
"CENTRO DE ALTO RENDIMIENTO","2018-08-05","","5.35909091"
"CENTRO DE ALTO RENDIMIENTO","2018-08-04","","9.59166667"
"CENTRO DE ALTO RENDIMIENTO","2018-08-03","","10.9625"
"CENTRO DE ALTO RENDIMIENTO","2018-08-02","","8.96086957"
"CENTRO DE ALTO RENDIMIENTO","2018-08-01","","9.93478261"
"CENTRO DE ALTO RENDIMIENTO","2018-07-31","","13.24583333"
"CENTRO DE ALTO RENDIMIENTO","2018-07-30","","6.70434783"
"CENTRO DE ALTO RENDIMIENTO","2018-07-29","","3.84736842"
"CENTRO DE ALTO RENDIMIENTO","2018-07-28","","3.84166667"
"CENTRO DE ALTO RENDIMIENTO","2018-07-27","","7.55833333"
"CENTRO DE ALTO RENDIMIENTO","2018-07-26","","5.19130435"
"CENTRO DE ALTO RENDIMIENTO","2018-07-25","","9.825"
"CENTRO DE ALTO RENDIMIENTO","2018-07-24","","8.84166667"
"CENTRO DE ALTO RENDIMIENTO","2018-07-23","","12.65"
"CENTRO DE ALTO RENDIMIENTO","2018-07-22","","16.59583333"
"CENTRO DE ALTO RENDIMIENTO","2018-07-21","","10.52083333"
"CENTRO DE ALTO RENDIMIENTO","2018-07-20","","6.2826087"
"CENTRO DE ALTO RENDIMIENTO","2018-07-19","","6.525"
"CENTRO DE ALTO RENDIMIENTO","2018-07-18","","5.69130435"
"CENTRO DE ALTO RENDIMIENTO","2018-07-17","","5.04583333"
"CENTRO DE ALTO RENDIMIENTO","2018-07-16","","7.5875"
"CENTRO DE ALTO RENDIMIENTO","2018-07-15","","3.125"
"CENTRO DE ALTO RENDIMIENTO","2018-07-14","","4.06923077"
"CENTRO DE ALTO RENDIMIENTO","2018-07-13","","4.26521739"
"CENTRO DE ALTO RENDIMIENTO","2018-07-12","","4.24583333"
"CENTRO DE ALTO RENDIMIENTO","2018-07-11","","5.7"
"CENTRO DE ALTO RENDIMIENTO","2018-07-10","","5.66363636"
"CENTRO DE ALTO RENDIMIENTO","2018-07-09","","4.00909091"
"CENTRO DE ALTO RENDIMIENTO","2018-07-08","","4.36"
"CENTRO DE ALTO RENDIMIENTO","2018-07-07","","7.35217391"
"CENTRO DE ALTO RENDIMIENTO","2018-07-06","","9.46086957"
"CENTRO DE ALTO RENDIMIENTO","2018-07-05","","4.64090909"
"CENTRO DE ALTO RENDIMIENTO","2018-07-04","","8.12608696"
"CENTRO DE ALTO RENDIMIENTO","2018-07-03","","13.1"
"CENTRO DE ALTO RENDIMIENTO","2018-07-02","","13.38333333"
"CENTRO DE ALTO RENDIMIENTO","2018-07-01","","9.89166667"
"CENTRO DE ALTO RENDIMIENTO","2018-06-30","","11.1875"
"CENTRO DE ALTO RENDIMIENTO","2018-06-29","","8.12083333"
"CENTRO DE ALTO RENDIMIENTO","2018-06-28","","7.72173913"
"CENTRO DE ALTO RENDIMIENTO","2018-06-27","","11.075"
"CENTRO DE ALTO RENDIMIENTO","2018-06-26","","6.41304348"
"CENTRO DE ALTO RENDIMIENTO","2018-06-25","","4.04166667"
"CENTRO DE ALTO RENDIMIENTO","2018-06-24","","3.87916667"
"CENTRO DE ALTO RENDIMIENTO","2018-06-23","","4.94782609"
"CENTRO DE ALTO RENDIMIENTO","2018-06-22","","6.93043478"
"CENTRO DE ALTO RENDIMIENTO","2018-06-21","","10.90416667"
"CENTRO DE ALTO RENDIMIENTO","2018-06-20","","8.37826087"
"CENTRO DE ALTO RENDIMIENTO","2018-06-19","","4.6125"
"CENTRO DE ALTO RENDIMIENTO","2018-06-18","","4.37083333"
"CENTRO DE ALTO RENDIMIENTO","2018-06-17","","4.01304348"
"CENTRO DE ALTO RENDIMIENTO","2018-06-16","","6.70434783"
"CENTRO DE ALTO RENDIMIENTO","2018-06-15","","8.61666667"
"CENTRO DE ALTO RENDIMIENTO","2018-06-14","","6.775"
"CENTRO DE ALTO RENDIMIENTO","2018-06-13","","6.40434783"
"CENTRO DE ALTO RENDIMIENTO","2018-06-06","","3.44285714"
"CENTRO DE ALTO RENDIMIENTO","2018-06-02","","11.03181818"
"CENTRO DE ALTO RENDIMIENTO","2018-06-01","","9.91818182"
"CENTRO DE ALTO RENDIMIENTO","2018-05-31","","8.37391304"
"CENTRO DE ALTO RENDIMIENTO","2018-05-30","","15.07272727"
"CENTRO DE ALTO RENDIMIENTO","2018-05-29","","13.17692308"
"CENTRO DE ALTO RENDIMIENTO","2018-05-28","","13.765"
"CENTRO DE ALTO RENDIMIENTO","2018-05-27","","12.51304348"
"CENTRO DE ALTO RENDIMIENTO","2018-05-26","","5.95555556"
"CENTRO DE ALTO RENDIMIENTO","2018-05-25","","4.34285714"
"CENTRO DE ALTO RENDIMIENTO","2018-05-23","","10.15"
"CENTRO DE ALTO RENDIMIENTO","2018-05-22","","17.14583333"
"CENTRO DE ALTO RENDIMIENTO","2018-05-21","","12.53333333"
"CENTRO DE ALTO RENDIMIENTO","2018-05-20","","7.19"
"CENTRO DE ALTO RENDIMIENTO","2018-05-19","","16.25416667"
"CENTRO DE ALTO RENDIMIENTO","2018-05-18","","23.05652174"
"CENTRO DE ALTO RENDIMIENTO","2018-05-17","","9.83636364"
"CENTRO DE ALTO RENDIMIENTO","2018-05-16","","9.03684211"
"CENTRO DE ALTO RENDIMIENTO","2018-05-15","","14.59473684"
"CENTRO DE ALTO RENDIMIENTO","2018-05-14","","10.04782609"
"CENTRO DE ALTO RENDIMIENTO","2018-05-13","","10.04545455"
"CENTRO DE ALTO RENDIMIENTO","2018-05-12","","7.445"
"CENTRO DE ALTO RENDIMIENTO","2018-05-11","","20.61818182"
"CENTRO DE ALTO RENDIMIENTO","2018-05-10","","23.32307692"
"CENTRO DE ALTO RENDIMIENTO","2018-05-09","","17.61176471"
"CENTRO DE ALTO RENDIMIENTO","2018-05-08","","21.35294118"
"CENTRO DE ALTO RENDIMIENTO","2018-05-07","","21.18"
"CENTRO DE ALTO RENDIMIENTO","2018-05-04","","17.0375"
"CENTRO DE ALTO RENDIMIENTO","2018-05-03","","14.4375"
"CENTRO DE ALTO RENDIMIENTO","2018-05-02","","10.04782609"
"CENTRO DE ALTO RENDIMIENTO","2018-05-01","","15.70833333"
"CENTRO DE ALTO RENDIMIENTO","2018-04-30","","17.33333333"
"CENTRO DE ALTO RENDIMIENTO","2018-04-29","","17.57916667"
"CENTRO DE ALTO RENDIMIENTO","2018-04-28","","18.8375"
"CENTRO DE ALTO RENDIMIENTO","2018-04-27","","21.87391304"
"CENTRO DE ALTO RENDIMIENTO","2018-04-26","","10.58695652"
"CENTRO DE ALTO RENDIMIENTO","2018-04-25","","16.785"
"CENTRO DE ALTO RENDIMIENTO","2018-04-24","","15.595"
"CENTRO DE ALTO RENDIMIENTO","2018-04-23","","8.45714286"
"CENTRO DE ALTO RENDIMIENTO","2018-04-22","","8.72352941"
"CENTRO DE ALTO RENDIMIENTO","2018-04-21","","8.23913043"
"CENTRO DE ALTO RENDIMIENTO","2018-04-20","","8.0952381"
"CENTRO DE ALTO RENDIMIENTO","2018-04-19","","4.89130435"
"CENTRO DE ALTO RENDIMIENTO","2018-04-18","","15.0047619"
"CENTRO DE ALTO RENDIMIENTO","2018-04-17","","24.81578947"
"CENTRO DE ALTO RENDIMIENTO","2018-04-16","","21.0875"
"CENTRO DE ALTO RENDIMIENTO","2018-04-15","","12.49583333"
"CENTRO DE ALTO RENDIMIENTO","2018-04-14","","17.17916667"
"CENTRO DE ALTO RENDIMIENTO","2018-04-13","","25.84782609"
"CENTRO DE ALTO RENDIMIENTO","2018-04-12","","20.79166667"
"CENTRO DE ALTO RENDIMIENTO","2018-04-11","","24.33478261"
"CENTRO DE ALTO RENDIMIENTO","2018-04-10","","20.76521739"
"CENTRO DE ALTO RENDIMIENTO","2018-04-09","","23.72083333"
"CENTRO DE ALTO RENDIMIENTO","2018-04-08","","17.45"
"CENTRO DE ALTO RENDIMIENTO","2018-04-07","","21.03333333"
"CENTRO DE ALTO RENDIMIENTO","2018-04-06","","15.08095238"
"CENTRO DE ALTO RENDIMIENTO","2018-04-05","","20.65"
"CENTRO DE ALTO RENDIMIENTO","2018-04-04","","21.70454545"
"CENTRO DE ALTO RENDIMIENTO","2018-04-03","","20.91304348"
"CENTRO DE ALTO RENDIMIENTO","2018-04-02","","16.90833333"
"CENTRO DE ALTO RENDIMIENTO","2018-04-01","","9.18636364"
"CENTRO DE ALTO RENDIMIENTO","2018-03-31","","10.93181818"
"CENTRO DE ALTO RENDIMIENTO","2018-03-30","","12.75416667"
"CENTRO DE ALTO RENDIMIENTO","2018-03-29","","5.60952381"
"CENTRO DE ALTO RENDIMIENTO","2018-03-28","","23.00833333"
"CENTRO DE ALTO RENDIMIENTO","2018-03-27","","28.78695652"
"CENTRO DE ALTO RENDIMIENTO","2018-03-26","","25.04583333"
"CENTRO DE ALTO RENDIMIENTO","2018-03-25","","17.70416667"
"CENTRO DE ALTO RENDIMIENTO","2018-03-24","","19.675"
"CENTRO DE ALTO RENDIMIENTO","2018-03-23","","35.95416667"
"CENTRO DE ALTO RENDIMIENTO","2018-03-22","","26.17272727"
"CENTRO DE ALTO RENDIMIENTO","2018-03-21","","24.84583333"
"CENTRO DE ALTO RENDIMIENTO","2018-03-20","","25.91666667"
"CENTRO DE ALTO RENDIMIENTO","2018-03-19","","21.27916667"
"CENTRO DE ALTO RENDIMIENTO","2018-03-18","","27.0625"
"CENTRO DE ALTO RENDIMIENTO","2018-03-17","","27.58333333"
"CENTRO DE ALTO RENDIMIENTO","2018-03-16","","22.4625"
"CENTRO DE ALTO RENDIMIENTO","2018-03-15","","30.96666667"
"CENTRO DE ALTO RENDIMIENTO","2018-03-14","","22.07916667"
"CENTRO DE ALTO RENDIMIENTO","2018-03-13","","21.1"
"CENTRO DE ALTO RENDIMIENTO","2018-03-12","","15.14761905"
"CENTRO DE ALTO RENDIMIENTO","2018-03-11","","9.06521739"
"CENTRO DE ALTO RENDIMIENTO","2018-03-10","","12.55217391"
"CENTRO DE ALTO RENDIMIENTO","2018-03-09","","10.04090909"
"CENTRO DE ALTO RENDIMIENTO","2018-03-08","","7.46086957"
"CENTRO DE ALTO RENDIMIENTO","2018-03-07","","6.7173913"
"CENTRO DE ALTO RENDIMIENTO","2018-03-06","","12.76875"
"CENTRO DE ALTO RENDIMIENTO","2018-03-05","","29.90434783"
"CENTRO DE ALTO RENDIMIENTO","2018-03-04","","28.57083333"
"CENTRO DE ALTO RENDIMIENTO","2018-03-03","","25.50833333"
"CENTRO DE ALTO RENDIMIENTO","2018-03-02","","23.39583333"
"CENTRO DE ALTO RENDIMIENTO","2018-03-01","","29.93333333"
"CENTRO DE ALTO RENDIMIENTO","2018-02-28","","29.3375"
"CENTRO DE ALTO RENDIMIENTO","2018-02-27","","29.2625"
"CENTRO DE ALTO RENDIMIENTO","2018-02-26","","21.5625"
"CENTRO DE ALTO RENDIMIENTO","2018-02-25","","18.72083333"
"CENTRO DE ALTO RENDIMIENTO","2018-02-24","","21.11666667"
"CENTRO DE ALTO RENDIMIENTO","2018-02-23","","29.575"
"CENTRO DE ALTO RENDIMIENTO","2018-02-22","","27.27083333"
"CENTRO DE ALTO RENDIMIENTO","2018-02-21","","29.94583333"
"CENTRO DE ALTO RENDIMIENTO","2018-02-20","","20.11666667"
"CENTRO DE ALTO RENDIMIENTO","2018-02-19","","23.6"
"CENTRO DE ALTO RENDIMIENTO","2018-02-18","","14.36521739"
"CENTRO DE ALTO RENDIMIENTO","2018-02-17","","17.30833333"
"CENTRO DE ALTO RENDIMIENTO","2018-02-16","","21.7625"
"CENTRO DE ALTO RENDIMIENTO","2018-02-15","","20.31666667"
"CENTRO DE ALTO RENDIMIENTO","2018-02-14","","22.34583333"
"CENTRO DE ALTO RENDIMIENTO","2018-02-13","","30.075"
"CENTRO DE ALTO RENDIMIENTO","2018-02-12","","21.55"
"CENTRO DE ALTO RENDIMIENTO","2018-02-11","","15.17916667"
"CENTRO DE ALTO RENDIMIENTO","2018-02-10","","15.96666667"
"CENTRO DE ALTO RENDIMIENTO","2018-02-09","","16.78333333"
"CENTRO DE ALTO RENDIMIENTO","2018-02-08","","27.92916667"
"CENTRO DE ALTO RENDIMIENTO","2018-02-07","","20.8875"
"CENTRO DE ALTO RENDIMIENTO","2018-02-06","","26.85833333"
"CENTRO DE ALTO RENDIMIENTO","2018-02-05","","24.07083333"
"CENTRO DE ALTO RENDIMIENTO","2018-02-04","","16.62916667"
"CENTRO DE ALTO RENDIMIENTO","2018-02-03","","26.1625"
"CENTRO DE ALTO RENDIMIENTO","2018-02-02","","24.55909091"
"CENTRO DE ALTO RENDIMIENTO","2018-02-01","","26.30416667"
"CENTRO DE ALTO RENDIMIENTO","2018-01-31","","19.32083333"
"CENTRO DE ALTO RENDIMIENTO","2018-01-30","","22.33333333"
"CENTRO DE ALTO RENDIMIENTO","2018-01-29","","18.7875"
"CENTRO DE ALTO RENDIMIENTO","2018-01-28","","14.94583333"
"CENTRO DE ALTO RENDIMIENTO","2018-01-27","","24.62083333"
"CENTRO DE ALTO RENDIMIENTO","2018-01-26","","18.6125"
"CENTRO DE ALTO RENDIMIENTO","2018-01-25","","15.1125"
"CENTRO DE ALTO RENDIMIENTO","2018-01-24","","14.68695652"
"CENTRO DE ALTO RENDIMIENTO","2018-01-23","","9.10526316"
"CENTRO DE ALTO RENDIMIENTO","2018-01-22","","8.60833333"
"CENTRO DE ALTO RENDIMIENTO","2018-01-21","","6.84705882"
"CENTRO DE ALTO RENDIMIENTO","2018-01-20","","5.88823529"
"CENTRO DE ALTO RENDIMIENTO","2018-01-19","","6.75"
"CENTRO DE ALTO RENDIMIENTO","2018-01-18","","9.185"
"CENTRO DE ALTO RENDIMIENTO","2018-01-17","","17.93913043"
"CENTRO DE ALTO RENDIMIENTO","2018-01-16","","14.55"
"CENTRO DE ALTO RENDIMIENTO","2018-01-15","","20.75652174"
"CENTRO DE ALTO RENDIMIENTO","2018-01-14","","16.19130435"
"CENTRO DE ALTO RENDIMIENTO","2018-01-13","","20.85217391"
"CENTRO DE ALTO RENDIMIENTO","2018-01-12","","14.97826087"
"CENTRO DE ALTO RENDIMIENTO","2018-01-11","","12.64166667"
"CENTRO DE ALTO RENDIMIENTO","2018-01-10","","17.51304348"
"CENTRO DE ALTO RENDIMIENTO","2018-01-09","","20.48333333"
"CENTRO DE ALTO RENDIMIENTO","2018-01-08","","18.29166667"
"CENTRO DE ALTO RENDIMIENTO","2018-01-07","","14.76666667"
"CENTRO DE ALTO RENDIMIENTO","2018-01-06","","10.55416667"
"CENTRO DE ALTO RENDIMIENTO","2018-01-05","","22.05416667"
"CENTRO DE ALTO RENDIMIENTO","2018-01-04","","22.87083333"
"CENTRO DE ALTO RENDIMIENTO","2018-01-03","","14.22916667"
"CENTRO DE ALTO RENDIMIENTO","2018-01-02","","18.83333333"
"CENTRO DE ALTO RENDIMIENTO","2018-01-01","","10.53809524"
"CENTRO DE ALTO RENDIMIENTO","2017-12-31","","14.33809524"
"CENTRO DE ALTO RENDIMIENTO","2017-12-30","","21.675"
"CENTRO DE ALTO RENDIMIENTO","2017-12-29","","17.1"
"CENTRO DE ALTO RENDIMIENTO","2017-12-28","","13.02083333"
"CENTRO DE ALTO RENDIMIENTO","2017-12-27","","14.04782609"
"CENTRO DE ALTO RENDIMIENTO","2017-12-26","","19.2125"
"CENTRO DE ALTO RENDIMIENTO","2017-12-25","","22.17916667"
"CENTRO DE ALTO RENDIMIENTO","2017-12-24","","16.66818182"
"CENTRO DE ALTO RENDIMIENTO","2017-12-23","","19.51666667"
"CENTRO DE ALTO RENDIMIENTO","2017-12-22","","16.47083333"
"CENTRO DE ALTO RENDIMIENTO","2017-12-21","","29.79583333"
"CENTRO DE ALTO RENDIMIENTO","2017-12-20","","25.35833333"
"CENTRO DE ALTO RENDIMIENTO","2017-12-19","","30.74583333"
"CENTRO DE ALTO RENDIMIENTO","2017-12-18","","20.18333333"
"CENTRO DE ALTO RENDIMIENTO","2017-12-17","","16.75909091"
"CENTRO DE ALTO RENDIMIENTO","2017-12-16","","24.475"
"CENTRO DE ALTO RENDIMIENTO","2017-12-15","","17.56"
"CENTRO DE ALTO RENDIMIENTO","2017-12-14","","14.82916667"
"CENTRO DE ALTO RENDIMIENTO","2017-12-13","","16.35217391"
"CENTRO DE ALTO RENDIMIENTO","2017-12-12","","15.50416667"
"CENTRO DE ALTO RENDIMIENTO","2017-12-11","","10.29130435"
"CENTRO DE ALTO RENDIMIENTO","2017-12-10","","16.90416667"
"CENTRO DE ALTO RENDIMIENTO","2017-12-09","","20.82083333"
"CENTRO DE ALTO RENDIMIENTO","2017-12-08","","9.97"
"CENTRO DE ALTO RENDIMIENTO","2017-12-07","","21.02608696"
"CENTRO DE ALTO RENDIMIENTO","2017-12-06","","13.86666667"
"CENTRO DE ALTO RENDIMIENTO","2017-12-05","","7.07083333"
"CENTRO DE ALTO RENDIMIENTO","2017-12-04","","8.45909091"
"CENTRO DE ALTO RENDIMIENTO","2017-12-03","","6.35625"
"CENTRO DE ALTO RENDIMIENTO","2017-12-02","","26.75833333"
"CENTRO DE ALTO RENDIMIENTO","2017-12-01","","26.9875"
"CENTRO DE ALTO RENDIMIENTO","2017-11-30","","22.80833333"
"CENTRO DE ALTO RENDIMIENTO","2017-11-29","","9.785"
"CENTRO DE ALTO RENDIMIENTO","2017-11-28","","11.6875"
"CENTRO DE ALTO RENDIMIENTO","2017-11-27","","11.35833333"
"CENTRO DE ALTO RENDIMIENTO","2017-11-26","","8.30588235"
"CENTRO DE ALTO RENDIMIENTO","2017-11-25","","11.06842105"
"CENTRO DE ALTO RENDIMIENTO","2017-11-24","","22.26666667"
"CENTRO DE ALTO RENDIMIENTO","2017-11-23","","27.3625"
"CENTRO DE ALTO RENDIMIENTO","2017-11-22","","24.05416667"
"CENTRO DE ALTO RENDIMIENTO","2017-11-21","","18.90833333"
"CENTRO DE ALTO RENDIMIENTO","2017-11-20","","17.8375"
"CENTRO DE ALTO RENDIMIENTO","2017-11-19","","14.30909091"
"CENTRO DE ALTO RENDIMIENTO","2017-11-18","","20.325"
"CENTRO DE ALTO RENDIMIENTO","2017-11-17","","15.08333333"
"CENTRO DE ALTO RENDIMIENTO","2017-11-16","","16.29166667"
"CENTRO DE ALTO RENDIMIENTO","2017-11-15","","21.86521739"
"CENTRO DE ALTO RENDIMIENTO","2017-11-14","","19.89090909"
"CENTRO DE ALTO RENDIMIENTO","2017-11-13","","11.42916667"
"CENTRO DE ALTO RENDIMIENTO","2017-11-12","","11.73478261"
"CENTRO DE ALTO RENDIMIENTO","2017-11-11","","16.83333333"
"CENTRO DE ALTO RENDIMIENTO","2017-11-10","","24.82916667"
"CENTRO DE ALTO RENDIMIENTO","2017-11-09","","22.9125"
"CENTRO DE ALTO RENDIMIENTO","2017-11-08","","21.06666667"
"CENTRO DE ALTO RENDIMIENTO","2017-11-07","","19.79166667"
"CENTRO DE ALTO RENDIMIENTO","2017-11-06","","20.89583333"
"CENTRO DE ALTO RENDIMIENTO","2017-11-05","","20.85416667"
"CENTRO DE ALTO RENDIMIENTO","2017-11-04","","27.7625"
"CENTRO DE ALTO RENDIMIENTO","2017-11-03","","29.97916667"
"CENTRO DE ALTO RENDIMIENTO","2017-11-02","","19.975"
"CENTRO DE ALTO RENDIMIENTO","2017-11-01","","24.43333333"
"CENTRO DE ALTO RENDIMIENTO","2017-10-31","","20.11304348"
"CENTRO DE ALTO RENDIMIENTO","2017-10-30","","16.44166667"
"CENTRO DE ALTO RENDIMIENTO","2017-10-29","","8.54545455"
"CENTRO DE ALTO RENDIMIENTO","2017-10-28","","14.00434783"
"CENTRO DE ALTO RENDIMIENTO","2017-10-27","","25.05833333"
"CENTRO DE ALTO RENDIMIENTO","2017-10-26","","24.65"
"CENTRO DE ALTO RENDIMIENTO","2017-10-25","","12.49166667"
"CENTRO DE ALTO RENDIMIENTO","2017-10-24","","8.6125"
"CENTRO DE ALTO RENDIMIENTO","2017-10-23","","7.79545455"
"CENTRO DE ALTO RENDIMIENTO","2017-10-22","","5.58888889"
"CENTRO DE ALTO RENDIMIENTO","2017-10-21","","11.63333333"
"CENTRO DE ALTO RENDIMIENTO","2017-10-20","","19.24782609"
"CENTRO DE ALTO RENDIMIENTO","2017-10-19","","16.29565217"
"CENTRO DE ALTO RENDIMIENTO","2017-10-18","","7.07916667"
"CENTRO DE ALTO RENDIMIENTO","2017-10-17","","5.075"
"CENTRO DE ALTO RENDIMIENTO","2017-10-16","","3.4"
"CENTRO DE ALTO RENDIMIENTO","2017-10-15","","4.86153846"
"CENTRO DE ALTO RENDIMIENTO","2017-10-14","","7.2"
"CENTRO DE ALTO RENDIMIENTO","2017-10-13","","6.54583333"
"CENTRO DE ALTO RENDIMIENTO","2017-10-12","","14.33913043"
"CENTRO DE ALTO RENDIMIENTO","2017-10-11","","15.67083333"
"CENTRO DE ALTO RENDIMIENTO","2017-10-10","","25.175"
"CENTRO DE ALTO RENDIMIENTO","2017-10-09","","23.59583333"
"CENTRO DE ALTO RENDIMIENTO","2017-10-08","","16.02916667"
"CENTRO DE ALTO RENDIMIENTO","2017-10-07","","7.7875"
"CENTRO DE ALTO RENDIMIENTO","2017-10-06","","10.83478261"
"CENTRO DE ALTO RENDIMIENTO","2017-10-05","","7.48181818"
"CENTRO DE ALTO RENDIMIENTO","2017-10-04","","8.80416667"
"CENTRO DE ALTO RENDIMIENTO","2017-10-03","","20.7875"
"CENTRO DE ALTO RENDIMIENTO","2017-10-02","","16.2875"
"CENTRO DE ALTO RENDIMIENTO","2017-10-01","","9.84583333"
"CENTRO DE ALTO RENDIMIENTO","2017-09-30","","6.62857143"
"CENTRO DE ALTO RENDIMIENTO","2017-09-29","","8.87272727"
"CENTRO DE ALTO RENDIMIENTO","2017-09-28","","19.34583333"
"CENTRO DE ALTO RENDIMIENTO","2017-09-27","","21.97083333"
"CENTRO DE ALTO RENDIMIENTO","2017-09-26","","23.83333333"
"CENTRO DE ALTO RENDIMIENTO","2017-09-25","","7.64545455"
"CENTRO DE ALTO RENDIMIENTO","2017-09-24","","5.00526316"
"CENTRO DE ALTO RENDIMIENTO","2017-09-23","","14.45454545"
"CENTRO DE ALTO RENDIMIENTO","2017-09-22","","24.15"
"CENTRO DE ALTO RENDIMIENTO","2017-09-21","","25.26666667"
"CENTRO DE ALTO RENDIMIENTO","2017-09-20","","26.35833333"
"CENTRO DE ALTO RENDIMIENTO","2017-09-19","","20.80833333"
"CENTRO DE ALTO RENDIMIENTO","2017-09-18","","9.61304348"
"CENTRO DE ALTO RENDIMIENTO","2017-09-17","","3.96111111"
"CENTRO DE ALTO RENDIMIENTO","2017-09-16","","7.45714286"
"CENTRO DE ALTO RENDIMIENTO","2017-09-15","","8.53"
"CENTRO DE ALTO RENDIMIENTO","2017-09-14","","10.49130435"
"CENTRO DE ALTO RENDIMIENTO","2017-09-13","","7.7"
"CENTRO DE ALTO RENDIMIENTO","2017-09-12","","7.98333333"
"CENTRO DE ALTO RENDIMIENTO","2017-09-11","","9.87391304"
"CENTRO DE ALTO RENDIMIENTO","2017-09-10","","9.51428571"
"CENTRO DE ALTO RENDIMIENTO","2017-09-09","","11.64583333"
"CENTRO DE ALTO RENDIMIENTO","2017-09-08","","23.5875"
"CENTRO DE ALTO RENDIMIENTO","2017-09-07","","18.83333333"
"CENTRO DE ALTO RENDIMIENTO","2017-09-06","","13.5625"
"CENTRO DE ALTO RENDIMIENTO","2017-09-05","","14.35416667"
"CENTRO DE ALTO RENDIMIENTO","2017-09-04","","12.55652174"
"CENTRO DE ALTO RENDIMIENTO","2017-09-03","","5.8"
"CENTRO DE ALTO RENDIMIENTO","2017-09-02","","7.92857143"
"CENTRO DE ALTO RENDIMIENTO","2017-09-01","","10.52272727"
"CENTRO DE ALTO RENDIMIENTO","2017-08-31","","5.8"
"CENTRO DE ALTO RENDIMIENTO","2017-08-30","","8.3826087"
"CENTRO DE ALTO RENDIMIENTO","2017-08-29","","14.65909091"
"CENTRO DE ALTO RENDIMIENTO","2017-08-28","","12.89565217"
"CENTRO DE ALTO RENDIMIENTO","2017-08-27","","13.55833333"
"CENTRO DE ALTO RENDIMIENTO","2017-08-26","","11.89130435"
"CENTRO DE ALTO RENDIMIENTO","2017-08-25","","8.10869565"
"CENTRO DE ALTO RENDIMIENTO","2017-08-24","","9.7125"
"CENTRO DE ALTO RENDIMIENTO","2017-08-23","","9.11578947"
"CENTRO DE ALTO RENDIMIENTO","2017-08-22","","6.31363636"
"CENTRO DE ALTO RENDIMIENTO","2017-08-21","","5.12727273"
"CENTRO DE ALTO RENDIMIENTO","2017-08-20","","7.48181818"
"CENTRO DE ALTO RENDIMIENTO","2017-08-19","","14.28636364"
"CENTRO DE ALTO RENDIMIENTO","2017-08-18","","18.89375"
"CENTRO DE ALTO RENDIMIENTO","2017-08-17","","16.11176471"
"CENTRO DE ALTO RENDIMIENTO","2017-08-16","","14.15416667"
"CENTRO DE ALTO RENDIMIENTO","2017-08-15","","16.13181818"
"CENTRO DE ALTO RENDIMIENTO","2017-08-14","","13.54583333"
"CENTRO DE ALTO RENDIMIENTO","2017-08-13","","4.47916667"
"CENTRO DE ALTO RENDIMIENTO","2017-08-12","","7.76363636"
"CENTRO DE ALTO RENDIMIENTO","2017-08-11","","11.45217391"
"CENTRO DE ALTO RENDIMIENTO","2017-08-10","","11.03478261"
"CENTRO DE ALTO RENDIMIENTO","2017-08-09","","6.16190476"
"CENTRO DE ALTO RENDIMIENTO","2017-08-08","","9.98181818"
"CENTRO DE ALTO RENDIMIENTO","2017-08-07","","6.87"
"CENTRO DE ALTO RENDIMIENTO","2017-08-06","","5.68333333"
"CENTRO DE ALTO RENDIMIENTO","2017-08-05","","6.32173913"
"CENTRO DE ALTO RENDIMIENTO","2017-08-04","","9.02272727"
"CENTRO DE ALTO RENDIMIENTO","2017-08-03","","15.02608696"
"CENTRO DE ALTO RENDIMIENTO","2017-08-02","","23.94583333"
"CENTRO DE ALTO RENDIMIENTO","2017-08-01","","14.01666667"
"CENTRO DE ALTO RENDIMIENTO","2017-07-31","","7.975"
"CENTRO DE ALTO RENDIMIENTO","2017-07-30","","4.55454545"
"CENTRO DE ALTO RENDIMIENTO","2017-07-29","","6.36521739"
"CENTRO DE ALTO RENDIMIENTO","2017-07-28","","3.99545455"
"CENTRO DE ALTO RENDIMIENTO","2017-07-27","","6.17083333"
"CENTRO DE ALTO RENDIMIENTO","2017-07-26","","4.55416667"
"CENTRO DE ALTO RENDIMIENTO","2017-07-25","","5.74545455"
"CENTRO DE ALTO RENDIMIENTO","2017-07-24","","3.80869565"
"CENTRO DE ALTO RENDIMIENTO","2017-07-23","","2.56470588"
"CENTRO DE ALTO RENDIMIENTO","2017-07-22","","4.52608696"
"CENTRO DE ALTO RENDIMIENTO","2017-07-21","","6.93333333"
"CENTRO DE ALTO RENDIMIENTO","2017-07-20","","7.14583333"
"CENTRO DE ALTO RENDIMIENTO","2017-07-19","","5.76086957"
"CENTRO DE ALTO RENDIMIENTO","2017-07-18","","4.97916667"
"CENTRO DE ALTO RENDIMIENTO","2017-07-17","","10.70909091"
"CENTRO DE ALTO RENDIMIENTO","2017-07-16","","21.4125"
"CENTRO DE ALTO RENDIMIENTO","2017-07-15","","22.53333333"
"CENTRO DE ALTO RENDIMIENTO","2017-07-14","","16.82083333"
"CENTRO DE ALTO RENDIMIENTO","2017-07-13","","6.925"
"CENTRO DE ALTO RENDIMIENTO","2017-07-12","","5.66666667"
"CENTRO DE ALTO RENDIMIENTO","2017-07-11","","6.21666667"
"CENTRO DE ALTO RENDIMIENTO","2017-07-10","","6.93"
"CENTRO DE ALTO RENDIMIENTO","2017-07-09","","3.6"
"CENTRO DE ALTO RENDIMIENTO","2017-07-08","","6.92173913"
"CENTRO DE ALTO RENDIMIENTO","2017-07-07","","6.00869565"
"CENTRO DE ALTO RENDIMIENTO","2017-07-06","","5.89130435"
"CENTRO DE ALTO RENDIMIENTO","2017-07-05","","6.73043478"
"CENTRO DE ALTO RENDIMIENTO","2017-07-04","","3.42222222"
"CENTRO DE ALTO RENDIMIENTO","2017-03-09","","8.6"
"CENTRO DE ALTO RENDIMIENTO","2017-03-08","","10.52272727"
"CENTRO DE ALTO RENDIMIENTO","2017-03-07","","12.06111111"
"CENTRO DE ALTO RENDIMIENTO","2017-03-06","","9.17333333"
"CENTRO DE ALTO RENDIMIENTO","2017-03-05","","6.73846154"
"CENTRO DE ALTO RENDIMIENTO","2017-03-04","","9.78421053"
"CENTRO DE ALTO RENDIMIENTO","2017-03-03","","8.76666667"
"CENTRO DE ALTO RENDIMIENTO","2017-03-02","","0.2"
"CENTRO DE ALTO RENDIMIENTO","2017-03-01","","7.72"
"CENTRO DE ALTO RENDIMIENTO","2017-02-25","","40.15"
"CENTRO DE ALTO RENDIMIENTO","2017-02-24","","26.02272727"
"CENTRO DE ALTO RENDIMIENTO","2017-02-23","","27.57916667"
"CENTRO DE ALTO RENDIMIENTO","2017-02-22","","27.6875"
"CENTRO DE ALTO RENDIMIENTO","2017-02-21","","36.07272727"
"CENTRO DE ALTO RENDIMIENTO","2017-02-20","","34.97142857"
"CENTRO DE ALTO RENDIMIENTO","2017-02-17","","22.34705882"
"CENTRO DE ALTO RENDIMIENTO","2017-02-16","","25.3875"
"CENTRO DE ALTO RENDIMIENTO","2017-02-15","","32.51666667"
"CENTRO DE ALTO RENDIMIENTO","2017-02-14","","18.625"
"CENTRO DE ALTO RENDIMIENTO","2017-02-13","","15.57916667"
"CENTRO DE ALTO RENDIMIENTO","2017-02-12","","21.6"
"CENTRO DE ALTO RENDIMIENTO","2017-02-11","","33.85"
"CENTRO DE ALTO RENDIMIENTO","2017-02-10","","28.28333333"
"CENTRO DE ALTO RENDIMIENTO","2017-02-09","","35.86666667"
"CENTRO DE ALTO RENDIMIENTO","2017-02-08","","22.25"
"CENTRO DE ALTO RENDIMIENTO","2017-02-07","","11.65"
"CENTRO DE ALTO RENDIMIENTO","2017-02-06","","15.67916667"
"CENTRO DE ALTO RENDIMIENTO","2017-02-05","","12.02083333"
"CENTRO DE ALTO RENDIMIENTO","2017-02-04","","16.54583333"
"CENTRO DE ALTO RENDIMIENTO","2017-02-03","","18.5375"
"CENTRO DE ALTO RENDIMIENTO","2017-02-02","","23.525"
"CENTRO DE ALTO RENDIMIENTO","2017-02-01","","22.01666667"
"CENTRO DE ALTO RENDIMIENTO","2017-01-31","","18.81666667"
"CENTRO DE ALTO RENDIMIENTO","2017-01-30","","31.43333333"
"CENTRO DE ALTO RENDIMIENTO","2017-01-29","","10.5"
"CENTRO DE ALTO RENDIMIENTO","2017-01-28","","20.475"
"CENTRO DE ALTO RENDIMIENTO","2017-01-27","","11.59130435"
"CENTRO DE ALTO RENDIMIENTO","2017-01-26","","10.31666667"
"CENTRO DE ALTO RENDIMIENTO","2017-01-25","","15.63913043"
"CENTRO DE ALTO RENDIMIENTO","2017-01-24","","29.55416667"
"CENTRO DE ALTO RENDIMIENTO","2017-01-23","","27.88333333"
"CENTRO DE ALTO RENDIMIENTO","2017-01-22","","16.24782609"
"CENTRO DE ALTO RENDIMIENTO","2017-01-21","","16.55"
"CENTRO DE ALTO RENDIMIENTO","2017-01-20","","28.0125"
"CENTRO DE ALTO RENDIMIENTO","2017-01-19","","30.28333333"
"CENTRO DE ALTO RENDIMIENTO","2017-01-18","","30.2625"
"CENTRO DE ALTO RENDIMIENTO","2017-01-17","","20.69583333"
"CENTRO DE ALTO RENDIMIENTO","2017-01-16","","18.8875"
"CENTRO DE ALTO RENDIMIENTO","2017-01-15","","16.64166667"
"CENTRO DE ALTO RENDIMIENTO","2017-01-14","","27.73478261"
"CENTRO DE ALTO RENDIMIENTO","2017-01-13","","30.8375"
"CENTRO DE ALTO RENDIMIENTO","2017-01-12","","23.1826087"
"CENTRO DE ALTO RENDIMIENTO","2017-01-11","","23.48421053"
"CENTRO DE ALTO RENDIMIENTO","2017-01-10","","21.85833333"
"CENTRO DE ALTO RENDIMIENTO","2017-01-09","","18.96086957"
"CENTRO DE ALTO RENDIMIENTO","2017-01-08","","9.30869565"
"CENTRO DE ALTO RENDIMIENTO","2017-01-07","","7.14347826"
"CENTRO DE ALTO RENDIMIENTO","2017-01-06","","8.55833333"
"CENTRO DE ALTO RENDIMIENTO","2017-01-05","","26.76086957"
"CENTRO DE ALTO RENDIMIENTO","2017-01-04","","18.87083333"
"CENTRO DE ALTO RENDIMIENTO","2017-01-03","","14.8"
"CENTRO DE ALTO RENDIMIENTO","2017-01-02","","6.56666667"
"CENTRO DE ALTO RENDIMIENTO","2017-01-01","","8.16"
"CENTRO DE ALTO RENDIMIENTO","2016-12-31","","8.325"
"CENTRO DE ALTO RENDIMIENTO","2016-12-30","","17.06666667"
"CENTRO DE ALTO RENDIMIENTO","2016-12-29","","19.63181818"
"CENTRO DE ALTO RENDIMIENTO","2016-12-28","","17.25238095"
"CENTRO DE ALTO RENDIMIENTO","2016-12-27","","23.65652174"
"CENTRO DE ALTO RENDIMIENTO","2016-12-26","","22.76190476"
"CENTRO DE ALTO RENDIMIENTO","2016-12-25","","30.2173913"
"CENTRO DE ALTO RENDIMIENTO","2016-12-24","","16.11"
"CENTRO DE ALTO RENDIMIENTO","2016-12-23","","35.8826087"
"CENTRO DE ALTO RENDIMIENTO","2016-12-22","","22.30416667"
"CENTRO DE ALTO RENDIMIENTO","2016-12-21","","27.10869565"
"CENTRO DE ALTO RENDIMIENTO","2016-12-20","","28.29583333"
"CENTRO DE ALTO RENDIMIENTO","2016-12-19","","33.14347826"
"CENTRO DE ALTO RENDIMIENTO","2016-12-18","","16.05238095"
"CENTRO DE ALTO RENDIMIENTO","2016-12-17","","29.25833333"
"CENTRO DE ALTO RENDIMIENTO","2016-12-16","","37.52083333"
"CENTRO DE ALTO RENDIMIENTO","2016-12-15","","25.98695652"
"CENTRO DE ALTO RENDIMIENTO","2016-12-14","","38.24782609"
"CENTRO DE ALTO RENDIMIENTO","2016-12-13","","30.80869565"
"CENTRO DE ALTO RENDIMIENTO","2016-12-12","","18.74090909"
"CENTRO DE ALTO RENDIMIENTO","2016-12-11","","11.86666667"
"CENTRO DE ALTO RENDIMIENTO","2016-12-10","","11.48571429"
"CENTRO DE ALTO RENDIMIENTO","2016-12-09","","33.03043478"
"CENTRO DE ALTO RENDIMIENTO","2016-12-08","","38.96956522"
"CENTRO DE ALTO RENDIMIENTO","2016-12-07","","17.36086957"
"CENTRO DE ALTO RENDIMIENTO","2016-12-06","","20.66956522"
"CENTRO DE ALTO RENDIMIENTO","2016-12-05","","18.00869565"
"CENTRO DE ALTO RENDIMIENTO","2016-12-04","","9.19090909"
"CENTRO DE ALTO RENDIMIENTO","2016-12-03","","17.62173913"
"CENTRO DE ALTO RENDIMIENTO","2016-12-02","","27.2826087"
"CENTRO DE ALTO RENDIMIENTO","2016-12-01","","27.93333333"
"CENTRO DE ALTO RENDIMIENTO","2016-11-30","","25.02083333"
"CENTRO DE ALTO RENDIMIENTO","2016-11-29","","34.93913043"
"CENTRO DE ALTO RENDIMIENTO","2016-11-28","","31.1375"
"CENTRO DE ALTO RENDIMIENTO","2016-11-27","","35.08095238"
"CENTRO DE ALTO RENDIMIENTO","2016-11-26","","33.06363636"
"CENTRO DE ALTO RENDIMIENTO","2016-11-25","","31.6"
"CENTRO DE ALTO RENDIMIENTO","2016-11-24","","46.7875"
"CENTRO DE ALTO RENDIMIENTO","2016-11-23","","21.12272727"
"CENTRO DE ALTO RENDIMIENTO","2016-11-22","","37.47727273"
"CENTRO DE ALTO RENDIMIENTO","2016-11-21","","19.75"
"CENTRO DE ALTO RENDIMIENTO","2016-11-20","","14.00909091"
"CENTRO DE ALTO RENDIMIENTO","2016-11-19","","24.97083333"
"CENTRO DE ALTO RENDIMIENTO","2016-11-18","","24.57083333"
"CENTRO DE ALTO RENDIMIENTO","2016-11-17","","17.89166667"
"CENTRO DE ALTO RENDIMIENTO","2016-11-16","","14.9047619"
"CENTRO DE ALTO RENDIMIENTO","2016-11-15","","8.07"
"CENTRO DE ALTO RENDIMIENTO","2016-11-14","","16.30454545"
"CENTRO DE ALTO RENDIMIENTO","2016-11-13","","18.32727273"
"CENTRO DE ALTO RENDIMIENTO","2016-11-12","","26.5125"
"CENTRO DE ALTO RENDIMIENTO","2016-11-11","","14.8375"
"CENTRO DE ALTO RENDIMIENTO","2016-11-10","","30.25416667"
"CENTRO DE ALTO RENDIMIENTO","2016-11-09","","25.00833333"
"CENTRO DE ALTO RENDIMIENTO","2016-11-08","","30.31304348"
"CENTRO DE ALTO RENDIMIENTO","2016-11-07","","17.83181818"
"CENTRO DE ALTO RENDIMIENTO","2016-11-06","","12.80434783"
"CENTRO DE ALTO RENDIMIENTO","2016-11-05","","8.38181818"
"CENTRO DE ALTO RENDIMIENTO","2016-11-04","","9.53"
"CENTRO DE ALTO RENDIMIENTO","2016-11-03","","24.36086957"
"CENTRO DE ALTO RENDIMIENTO","2016-11-02","","23.1625"
"CENTRO DE ALTO RENDIMIENTO","2016-11-01","","30.875"
"CENTRO DE ALTO RENDIMIENTO","2016-10-31","","27.49565217"
"CENTRO DE ALTO RENDIMIENTO","2016-10-30","","15.25454545"
"CENTRO DE ALTO RENDIMIENTO","2016-10-29","","20.24782609"
"CENTRO DE ALTO RENDIMIENTO","2016-10-28","","33.31363636"
"CENTRO DE ALTO RENDIMIENTO","2016-10-27","","33.47916667"
"CENTRO DE ALTO RENDIMIENTO","2016-10-26","","29.575"
"CENTRO DE ALTO RENDIMIENTO","2016-10-25","","29.525"
"CENTRO DE ALTO RENDIMIENTO","2016-10-24","","27.97916667"
"CENTRO DE ALTO RENDIMIENTO","2016-10-23","","16.75714286"
"CENTRO DE ALTO RENDIMIENTO","2016-10-22","","22.13333333"
"CENTRO DE ALTO RENDIMIENTO","2016-10-21","","26.6826087"
"CENTRO DE ALTO RENDIMIENTO","2016-10-20","","10.10833333"
"CENTRO DE ALTO RENDIMIENTO","2016-10-19","","14.16818182"
"CENTRO DE ALTO RENDIMIENTO","2016-10-18","","14.63333333"
"CENTRO DE ALTO RENDIMIENTO","2016-10-17","","16.75833333"
"CENTRO DE ALTO RENDIMIENTO","2016-10-16","","7.97619048"
"CENTRO DE ALTO RENDIMIENTO","2016-10-15","","6.9"
"CENTRO DE ALTO RENDIMIENTO","2016-10-14","","13.47"
"CENTRO DE ALTO RENDIMIENTO","2016-10-13","","21.03181818"
"CENTRO DE ALTO RENDIMIENTO","2016-10-12","","26.87826087"
"CENTRO DE ALTO RENDIMIENTO","2016-10-11","","21.91818182"
"CENTRO DE ALTO RENDIMIENTO","2016-10-10","","13.40833333"
"CENTRO DE ALTO RENDIMIENTO","2016-10-09","","10.55"
"CENTRO DE ALTO RENDIMIENTO","2016-10-08","","23.54347826"
"CENTRO DE ALTO RENDIMIENTO","2016-10-07","","28.29166667"
"CENTRO DE ALTO RENDIMIENTO","2016-10-06","","23.00434783"
"CENTRO DE ALTO RENDIMIENTO","2016-10-05","","21.44583333"
"CENTRO DE ALTO RENDIMIENTO","2016-10-04","","29.05652174"
"CENTRO DE ALTO RENDIMIENTO","2016-10-03","","24.2173913"
"CENTRO DE ALTO RENDIMIENTO","2016-10-02","","12.94347826"
"CENTRO DE ALTO RENDIMIENTO","2016-10-01","","18.8952381"
"CENTRO DE ALTO RENDIMIENTO","2016-09-30","","34.20833333"
"CENTRO DE ALTO RENDIMIENTO","2016-09-29","","32.8125"
"CENTRO DE ALTO RENDIMIENTO","2016-09-28","","17.06956522"
"CENTRO DE ALTO RENDIMIENTO","2016-09-27","","8.32857143"
"CENTRO DE ALTO RENDIMIENTO","2016-09-26","","12.41818182"
"CENTRO DE ALTO RENDIMIENTO","2016-09-25","","6.37142857"
"CENTRO DE ALTO RENDIMIENTO","2016-09-24","","5.90526316"
"CENTRO DE ALTO RENDIMIENTO","2016-09-23","","11.08095238"
"CENTRO DE ALTO RENDIMIENTO","2016-09-22","","13.71363636"
"CENTRO DE ALTO RENDIMIENTO","2016-09-21","","9.39545455"
"CENTRO DE ALTO RENDIMIENTO","2016-09-20","","9.45238095"
"CENTRO DE ALTO RENDIMIENTO","2016-09-19","","5.64545455"
"CENTRO DE ALTO RENDIMIENTO","2016-09-18","","7.05454545"
"CENTRO DE ALTO RENDIMIENTO","2016-09-17","","9.97272727"
"CENTRO DE ALTO RENDIMIENTO","2016-09-16","","22.29090909"
"CENTRO DE ALTO RENDIMIENTO","2016-09-15","","10.31304348"
"CENTRO DE ALTO RENDIMIENTO","2016-09-14","","20.60434783"
"CENTRO DE ALTO RENDIMIENTO","2016-09-13","","32.8625"
"CENTRO DE ALTO RENDIMIENTO","2016-09-12","","23.44782609"
"CENTRO DE ALTO RENDIMIENTO","2016-09-11","","9.9173913"
"CENTRO DE ALTO RENDIMIENTO","2016-09-10","","11.65217391"
"CENTRO DE ALTO RENDIMIENTO","2016-09-09","","9.2952381"
"CENTRO DE ALTO RENDIMIENTO","2016-09-08","","19.56086957"
"CENTRO DE ALTO RENDIMIENTO","2016-09-07","","11.44545455"
"CENTRO DE ALTO RENDIMIENTO","2016-09-06","","8.15238095"
"CENTRO DE ALTO RENDIMIENTO","2016-09-05","","7.32777778"
"CENTRO DE ALTO RENDIMIENTO","2016-09-04","","11.83043478"
"CENTRO DE ALTO RENDIMIENTO","2016-09-03","","20.7952381"
"CENTRO DE ALTO RENDIMIENTO","2016-09-02","","17.44761905"
"CENTRO DE ALTO RENDIMIENTO","2016-09-01","","10.8952381"
"CENTRO DE ALTO RENDIMIENTO","2016-08-31","","13.90909091"
"CENTRO DE ALTO RENDIMIENTO","2016-08-30","","7.98095238"
"CENTRO DE ALTO RENDIMIENTO","2016-08-29","","14.1952381"
"CENTRO DE ALTO RENDIMIENTO","2016-08-28","","9.08636364"
"CENTRO DE ALTO RENDIMIENTO","2016-08-27","","14.80909091"
"CENTRO DE ALTO RENDIMIENTO","2016-08-26","","12.5952381"
"CENTRO DE ALTO RENDIMIENTO","2016-08-25","","17.83043478"
"CENTRO DE ALTO RENDIMIENTO","2016-08-24","","25.73043478"
"CENTRO DE ALTO RENDIMIENTO","2016-08-23","","15.16363636"
"CENTRO DE ALTO RENDIMIENTO","2016-08-22","","8.22857143"
"CENTRO DE ALTO RENDIMIENTO","2016-08-21","","8.77142857"
"CENTRO DE ALTO RENDIMIENTO","2016-08-20","","11.0047619"
"CENTRO DE ALTO RENDIMIENTO","2016-08-19","","12.75652174"
"CENTRO DE ALTO RENDIMIENTO","2016-08-18","","12.895"
"CENTRO DE ALTO RENDIMIENTO","2016-08-17","","6.74090909"
"CENTRO DE ALTO RENDIMIENTO","2016-08-16","","7.625"
"CENTRO DE ALTO RENDIMIENTO","2016-08-15","","4.99"
"CENTRO DE ALTO RENDIMIENTO","2016-08-14","","6.39473684"
"CENTRO DE ALTO RENDIMIENTO","2016-08-13","","7.58095238"
"CENTRO DE ALTO RENDIMIENTO","2016-08-12","","13.74090909"
"CENTRO DE ALTO RENDIMIENTO","2016-08-11","","6.195"
"CENTRO DE ALTO RENDIMIENTO","2016-08-10","","7.935"
"CENTRO DE ALTO RENDIMIENTO","2016-08-09","","7.49090909"
"CENTRO DE ALTO RENDIMIENTO","2016-08-08","","7.2"
"CENTRO DE ALTO RENDIMIENTO","2016-08-07","","5.85238095"
"CENTRO DE ALTO RENDIMIENTO","2016-08-06","","12.05"
"CENTRO DE ALTO RENDIMIENTO","2016-08-05","","16.11304348"
"CENTRO DE ALTO RENDIMIENTO","2016-08-04","","7.42727273"
"CENTRO DE ALTO RENDIMIENTO","2016-08-03","","7.4"
"CENTRO DE ALTO RENDIMIENTO","2016-08-02","","6.74761905"
"CENTRO DE ALTO RENDIMIENTO","2016-08-01","","7.8"
"CENTRO DE ALTO RENDIMIENTO","2016-07-31","","7.56666667"
"CENTRO DE ALTO RENDIMIENTO","2016-07-30","","7.93809524"
"CENTRO DE ALTO RENDIMIENTO","2016-07-29","","5.96875"
"CENTRO DE ALTO RENDIMIENTO","2016-07-28","","6.51333333"
"CENTRO DE ALTO RENDIMIENTO","2016-07-27","","5.86"
"CENTRO DE ALTO RENDIMIENTO","2016-07-26","","11.98636364"
"CENTRO DE ALTO RENDIMIENTO","2016-07-25","","8.71"
"CENTRO DE ALTO RENDIMIENTO","2016-07-24","","18.505"
"CENTRO DE ALTO RENDIMIENTO","2016-07-23","","12.99545455"
"CENTRO DE ALTO RENDIMIENTO","2016-07-22","","11.65454545"
"CENTRO DE ALTO RENDIMIENTO","2016-07-21","","8.67368421"
"CENTRO DE ALTO RENDIMIENTO","2016-07-20","","6.27777778"
"CENTRO DE ALTO RENDIMIENTO","2016-07-19","","12.92272727"
"CENTRO DE ALTO RENDIMIENTO","2016-07-18","","9.3952381"
"CENTRO DE ALTO RENDIMIENTO","2016-07-17","","5.53529412"
"CENTRO DE ALTO RENDIMIENTO","2016-07-16","","16.59411765"
"CENTRO DE ALTO RENDIMIENTO","2016-07-15","","15.4"
"CENTRO DE ALTO RENDIMIENTO","2016-07-14","","9.04"
"CENTRO DE ALTO RENDIMIENTO","2016-07-13","","6.23"
"CENTRO DE ALTO RENDIMIENTO","2016-07-12","","12.39130435"
"CENTRO DE ALTO RENDIMIENTO","2016-07-11","","7.02608696"
"CENTRO DE ALTO RENDIMIENTO","2016-07-10","","4.515"
"CENTRO DE ALTO RENDIMIENTO","2016-07-09","","5.19545455"
"CENTRO DE ALTO RENDIMIENTO","2016-07-08","","5.715"
"CENTRO DE ALTO RENDIMIENTO","2016-07-07","","6.59090909"
"CENTRO DE ALTO RENDIMIENTO","2016-07-06","","14.31428571"
"CENTRO DE ALTO RENDIMIENTO","2016-07-05","","9.33478261"
"CENTRO DE ALTO RENDIMIENTO","2016-07-04","","4.96111111"
"CENTRO DE ALTO RENDIMIENTO","2016-07-03","","7.16"
"CENTRO DE ALTO RENDIMIENTO","2016-07-02","","4.44347826"
"CENTRO DE ALTO RENDIMIENTO","2016-07-01","","5.185"
"CENTRO DE ALTO RENDIMIENTO","2016-06-30","","6.83181818"
"CENTRO DE ALTO RENDIMIENTO","2016-06-29","","6.225"
"CENTRO DE ALTO RENDIMIENTO","2016-06-28","","5.69"
"CENTRO DE ALTO RENDIMIENTO","2016-06-27","","7.30952381"
"CENTRO DE ALTO RENDIMIENTO","2016-06-26","","4.35555556"
"CENTRO DE ALTO RENDIMIENTO","2016-06-25","","9.44285714"
"CENTRO DE ALTO RENDIMIENTO","2016-06-24","","5.5047619"
"CENTRO DE ALTO RENDIMIENTO","2016-06-23","","5.66818182"
"CENTRO DE ALTO RENDIMIENTO","2016-06-22","","5.05"
"CENTRO DE ALTO RENDIMIENTO","2016-06-21","","4.68947368"
"CENTRO DE ALTO RENDIMIENTO","2016-06-20","","6.12222222"
"CENTRO DE ALTO RENDIMIENTO","2016-06-19","","5.36666667"
"CENTRO DE ALTO RENDIMIENTO","2016-06-18","","6.655"
"CENTRO DE ALTO RENDIMIENTO","2016-06-17","","8.2"
"CENTRO DE ALTO RENDIMIENTO","2016-06-16","","5.42380952"
"CENTRO DE ALTO RENDIMIENTO","2016-06-15","","6.76956522"
"CENTRO DE ALTO RENDIMIENTO","2016-06-14","","10.3"
"CENTRO DE ALTO RENDIMIENTO","2016-06-13","","5.73333333"
"CENTRO DE ALTO RENDIMIENTO","2016-06-12","","8.14347826"
"CENTRO DE ALTO RENDIMIENTO","2016-06-11","","7.58636364"
"CENTRO DE ALTO RENDIMIENTO","2016-06-10","","8.795"
"CENTRO DE ALTO RENDIMIENTO","2016-06-09","","7.81875"
"CENTRO DE ALTO RENDIMIENTO","2016-06-08","","7.85217391"
"CENTRO DE ALTO RENDIMIENTO","2016-06-07","","19.9047619"
"CENTRO DE ALTO RENDIMIENTO","2016-06-06","","14.56315789"
"CENTRO DE ALTO RENDIMIENTO","2016-06-05","","20.70833333"
"CENTRO DE ALTO RENDIMIENTO","2016-06-04","","22.61666667"
"CENTRO DE ALTO RENDIMIENTO","2016-06-03","","14.10909091"
"CENTRO DE ALTO RENDIMIENTO","2016-06-02","","10.47826087"
"CENTRO DE ALTO RENDIMIENTO","2016-06-01","","9.91428571"
"CENTRO DE ALTO RENDIMIENTO","2016-05-31","","10.93913043"
"CENTRO DE ALTO RENDIMIENTO","2016-05-30","","14.02857143"
"CENTRO DE ALTO RENDIMIENTO","2016-05-29","","8.7"
"CENTRO DE ALTO RENDIMIENTO","2016-05-28","","8.295"
"CENTRO DE ALTO RENDIMIENTO","2016-05-27","","24.45652174"
"CENTRO DE ALTO RENDIMIENTO","2016-05-26","","21.32083333"
"CENTRO DE ALTO RENDIMIENTO","2016-05-25","","18.38333333"
"CENTRO DE ALTO RENDIMIENTO","2016-05-24","","9.12222222"
"CENTRO DE ALTO RENDIMIENTO","2016-05-23","","6.8173913"
"CENTRO DE ALTO RENDIMIENTO","2016-05-22","","4.36315789"
"CENTRO DE ALTO RENDIMIENTO","2016-05-21","","6.23636364"
"CENTRO DE ALTO RENDIMIENTO","2016-05-20","","5.98695652"
"CENTRO DE ALTO RENDIMIENTO","2016-05-19","","6.60555556"
"CENTRO DE ALTO RENDIMIENTO","2016-05-18","","13.93043478"
"CENTRO DE ALTO RENDIMIENTO","2016-05-17","","7.09"
"CENTRO DE ALTO RENDIMIENTO","2016-05-16","","4.995"
"CENTRO DE ALTO RENDIMIENTO","2016-05-15","","4.66470588"
"CENTRO DE ALTO RENDIMIENTO","2016-05-14","","6.72272727"
"CENTRO DE ALTO RENDIMIENTO","2016-05-13","","17.35217391"
"CENTRO DE ALTO RENDIMIENTO","2016-05-12","","10.6"
"CENTRO DE ALTO RENDIMIENTO","2016-05-11","","17.28571429"
"CENTRO DE ALTO RENDIMIENTO","2016-05-10","","14.70952381"
"CENTRO DE ALTO RENDIMIENTO","2016-05-09","","5.42105263"
"CENTRO DE ALTO RENDIMIENTO","2016-05-08","","15.63809524"
"CENTRO DE ALTO RENDIMIENTO","2016-05-07","","17.32083333"
"CENTRO DE ALTO RENDIMIENTO","2016-05-06","","15.51304348"
"CENTRO DE ALTO RENDIMIENTO","2016-05-05","","17.12857143"
"CENTRO DE ALTO RENDIMIENTO","2016-05-04","","23.47083333"
"CENTRO DE ALTO RENDIMIENTO","2016-05-03","","24.96521739"
"CENTRO DE ALTO RENDIMIENTO","2016-05-02","","16.51818182"
"CENTRO DE ALTO RENDIMIENTO","2016-05-01","","8.74545455"
"CENTRO DE ALTO RENDIMIENTO","2016-04-30","","11.84285714"
"CENTRO DE ALTO RENDIMIENTO","2016-04-29","","18.47142857"
"CENTRO DE ALTO RENDIMIENTO","2016-04-28","","21.04347826"
"CENTRO DE ALTO RENDIMIENTO","2016-04-27","","26.06"
"CENTRO DE ALTO RENDIMIENTO","2016-04-26","","37.47391304"
"CENTRO DE ALTO RENDIMIENTO","2016-04-25","","28.67619048"
"CENTRO DE ALTO RENDIMIENTO","2016-04-24","","13.865"
"CENTRO DE ALTO RENDIMIENTO","2016-04-23","","15.28421053"
"CENTRO DE ALTO RENDIMIENTO","2016-04-22","","9.68095238"
"CENTRO DE ALTO RENDIMIENTO","2016-04-21","","7.67272727"
"CENTRO DE ALTO RENDIMIENTO","2016-04-20","","12.8826087"
"CENTRO DE ALTO RENDIMIENTO","2016-04-19","","20.23181818"
"CENTRO DE ALTO RENDIMIENTO","2016-04-18","","7.71304348"
"CENTRO DE ALTO RENDIMIENTO","2016-04-17","","7.33181818"
"CENTRO DE ALTO RENDIMIENTO","2016-04-16","","17.92272727"
"CENTRO DE ALTO RENDIMIENTO","2016-04-15","","24.16666667"
"CENTRO DE ALTO RENDIMIENTO","2016-04-14","","34.575"
"CENTRO DE ALTO RENDIMIENTO","2016-04-13","","24.42083333"
"CENTRO DE ALTO RENDIMIENTO","2016-04-12","","25.08333333"
"CENTRO DE ALTO RENDIMIENTO","2016-04-11","","26.96666667"
"CENTRO DE ALTO RENDIMIENTO","2016-04-10","","14.95833333"
"CENTRO DE ALTO RENDIMIENTO","2016-04-09","","10.55652174"
"CENTRO DE ALTO RENDIMIENTO","2016-04-08","","18.07916667"
"CENTRO DE ALTO RENDIMIENTO","2016-04-07","","19.27083333"
"CENTRO DE ALTO RENDIMIENTO","2016-04-06","","25.58695652"
"CENTRO DE ALTO RENDIMIENTO","2016-04-05","","38.64166667"
"CENTRO DE ALTO RENDIMIENTO","2016-04-04","","32.69583333"
"CENTRO DE ALTO RENDIMIENTO","2016-04-03","","28.98333333"
"CENTRO DE ALTO RENDIMIENTO","2016-04-02","","27.16086957"
"CENTRO DE ALTO RENDIMIENTO","2016-04-01","","35.7625"
"CENTRO DE ALTO RENDIMIENTO","2016-03-31","","30.67916667"
"CENTRO DE ALTO RENDIMIENTO","2016-03-30","","40.0173913"
"CENTRO DE ALTO RENDIMIENTO","2016-03-29","","38.8"
"CENTRO DE ALTO RENDIMIENTO","2016-03-28","","43.975"
"CENTRO DE ALTO RENDIMIENTO","2016-03-27","","27.45217391"
"CENTRO DE ALTO RENDIMIENTO","2016-03-26","","21.85238095"
"CENTRO DE ALTO RENDIMIENTO","2016-03-25","","23.64090909"
"CENTRO DE ALTO RENDIMIENTO","2016-03-24","","24.28181818"
"CENTRO DE ALTO RENDIMIENTO","2016-03-23","","25.42173913"
"CENTRO DE ALTO RENDIMIENTO","2016-03-22","","18.88695652"
"CENTRO DE ALTO RENDIMIENTO","2016-03-21","","13.72727273"
"CENTRO DE ALTO RENDIMIENTO","2016-03-20","","12.58421053"
"CENTRO DE ALTO RENDIMIENTO","2016-03-19","","10.56956522"
"CENTRO DE ALTO RENDIMIENTO","2016-03-18","","10.32272727"
"CENTRO DE ALTO RENDIMIENTO","2016-03-17","","23.58095238"
"CENTRO DE ALTO RENDIMIENTO","2016-03-16","","26.07916667"
"CENTRO DE ALTO RENDIMIENTO","2016-03-15","","31.08571429"
"CENTRO DE ALTO RENDIMIENTO","2016-03-14","","46.65"
"CENTRO DE ALTO RENDIMIENTO","2016-03-13","","43.05454545"
"CENTRO DE ALTO RENDIMIENTO","2016-03-12","","40.66086957"
"CENTRO DE ALTO RENDIMIENTO","2016-03-11","","50.55217391"
"CENTRO DE ALTO RENDIMIENTO","2016-03-10","","49.45652174"
"CENTRO DE ALTO RENDIMIENTO","2016-03-09","","44.38695652"
"CENTRO DE ALTO RENDIMIENTO","2016-03-08","","39.04166667"
"CENTRO DE ALTO RENDIMIENTO","2016-03-07","","49.25416667"
"CENTRO DE ALTO RENDIMIENTO","2016-03-06","","39.25217391"
"CENTRO DE ALTO RENDIMIENTO","2016-03-05","","42.93333333"
"CENTRO DE ALTO RENDIMIENTO","2016-03-04","","41.05416667"
"CENTRO DE ALTO RENDIMIENTO","2016-03-03","","29.63043478"
"CENTRO DE ALTO RENDIMIENTO","2016-03-02","","33.7125"
"CENTRO DE ALTO RENDIMIENTO","2016-03-01","","41.34583333"
"CENTRO DE ALTO RENDIMIENTO","2016-02-29","","31.5625"
"CENTRO DE ALTO RENDIMIENTO","2016-02-28","","21.66190476"
"CENTRO DE ALTO RENDIMIENTO","2016-02-27","","29.63636364"
"CENTRO DE ALTO RENDIMIENTO","2016-02-26","","29.48333333"
"CENTRO DE ALTO RENDIMIENTO","2016-02-25","","33.13809524"
"CENTRO DE ALTO RENDIMIENTO","2016-02-24","","16.86875"
"CENTRO DE ALTO RENDIMIENTO","2016-02-23","","22.94782609"
"CENTRO DE ALTO RENDIMIENTO","2016-02-22","","24.1125"
"CENTRO DE ALTO RENDIMIENTO","2016-02-21","","16.42380952"
"CENTRO DE ALTO RENDIMIENTO","2016-02-20","","22.54090909"
"CENTRO DE ALTO RENDIMIENTO","2016-02-19","","19.59130435"
"CENTRO DE ALTO RENDIMIENTO","2016-02-18","","29.75"
"CENTRO DE ALTO RENDIMIENTO","2016-02-17","","19.39166667"
"CENTRO DE ALTO RENDIMIENTO","2016-02-16","","11.98695652"
"CENTRO DE ALTO RENDIMIENTO","2016-02-15","","17.98571429"
"CENTRO DE ALTO RENDIMIENTO","2016-02-14","","12.7375"
"CENTRO DE ALTO RENDIMIENTO","2016-02-13","","23.16666667"
"CENTRO DE ALTO RENDIMIENTO","2016-02-12","","16.25217391"
"CENTRO DE ALTO RENDIMIENTO","2016-02-11","","10.27391304"
"CENTRO DE ALTO RENDIMIENTO","2016-02-10","","10.10869565"
"CENTRO DE ALTO RENDIMIENTO","2016-02-09","","11.6375"
"CENTRO DE ALTO RENDIMIENTO","2016-02-08","","12.3875"
"CENTRO DE ALTO RENDIMIENTO","2016-02-07","","17.90869565"
"CENTRO DE ALTO RENDIMIENTO","2016-02-06","","24.76086957"
"CENTRO DE ALTO RENDIMIENTO","2016-02-05","","33.32608696"
"CENTRO DE ALTO RENDIMIENTO","2016-02-04","","43.90833333"
"CENTRO DE ALTO RENDIMIENTO","2016-02-03","","52.55416667"
"CENTRO DE ALTO RENDIMIENTO","2016-02-02","","45.4"
"CENTRO DE ALTO RENDIMIENTO","2016-02-01","","38.09583333"
"CENTRO DE ALTO RENDIMIENTO","2016-01-31","","37.15416667"
"CENTRO DE ALTO RENDIMIENTO","2016-01-30","","45.99166667"
"CENTRO DE ALTO RENDIMIENTO","2016-01-29","","43.875"
"CENTRO DE ALTO RENDIMIENTO","2016-01-28","","41.76956522"
"CENTRO DE ALTO RENDIMIENTO","2016-01-27","","32.23333333"
"CENTRO DE ALTO RENDIMIENTO","2016-01-26","","45.7375"
"CENTRO DE ALTO RENDIMIENTO","2016-01-25","","35.73913043"
"CENTRO DE ALTO RENDIMIENTO","2016-01-24","","34.4875"
"CENTRO DE ALTO RENDIMIENTO","2016-01-23","","43.44583333"
"CENTRO DE ALTO RENDIMIENTO","2016-01-22","","46.30833333"
"CENTRO DE ALTO RENDIMIENTO","2016-01-21","","49.79583333"
"CENTRO DE ALTO RENDIMIENTO","2016-01-20","","41.09166667"
"CENTRO DE ALTO RENDIMIENTO","2016-01-19","","44.325"
"CENTRO DE ALTO RENDIMIENTO","2016-01-18","","38.98333333"
"CENTRO DE ALTO RENDIMIENTO","2016-01-17","","33.6375"
"CENTRO DE ALTO RENDIMIENTO","2016-01-16","","34.7125"
"CENTRO DE ALTO RENDIMIENTO","2016-01-15","","45.24782609"
"CENTRO DE ALTO RENDIMIENTO","2016-01-14","","45.52916667"
"CENTRO DE ALTO RENDIMIENTO","2016-01-13","","40.9875"
"CENTRO DE ALTO RENDIMIENTO","2016-01-12","","32.05217391"
"CENTRO DE ALTO RENDIMIENTO","2016-01-11","","27.80909091"
"CENTRO DE ALTO RENDIMIENTO","2016-01-10","","21.90909091"
"CENTRO DE ALTO RENDIMIENTO","2016-01-09","","28.18695652"
"CENTRO DE ALTO RENDIMIENTO","2016-01-08","","30.03333333"
"CENTRO DE ALTO RENDIMIENTO","2016-01-07","","31.94782609"
"CENTRO DE ALTO RENDIMIENTO","2016-01-06","","24.66956522"
"CENTRO DE ALTO RENDIMIENTO","2016-01-05","","32.53478261"
"CENTRO DE ALTO RENDIMIENTO","2016-01-04","","23.07083333"
"CENTRO DE ALTO RENDIMIENTO","2016-01-03","","10.47"
"CENTRO DE ALTO RENDIMIENTO","2016-01-02","","7.5"
"CENTRO DE ALTO RENDIMIENTO","2016-01-01","","6.84117647"
"CENTRO DE ALTO RENDIMIENTO","2015-12-31","","5.35"
"CENTRO DE ALTO RENDIMIENTO","2015-12-30","","7.19047619"
"CENTRO DE ALTO RENDIMIENTO","2015-12-29","","9.08333333"
"CENTRO DE ALTO RENDIMIENTO","2015-12-28","","12.20833333"
"CENTRO DE ALTO RENDIMIENTO","2015-12-27","","14.04347826"
"CENTRO DE ALTO RENDIMIENTO","2015-12-26","","15.59090909"
"CENTRO DE ALTO RENDIMIENTO","2015-12-25","","9.73913043"
"CENTRO DE ALTO RENDIMIENTO","2015-12-24","","10.17391304"
"CENTRO DE ALTO RENDIMIENTO","2015-12-23","","10.91666667"
"CENTRO DE ALTO RENDIMIENTO","2015-12-22","","9.30434783"
"CENTRO DE ALTO RENDIMIENTO","2015-12-21","","11.33333333"
"CENTRO DE ALTO RENDIMIENTO","2015-12-20","","8.22727273"
"CENTRO DE ALTO RENDIMIENTO","2015-12-19","","7.54166667"
"CENTRO DE ALTO RENDIMIENTO","2015-12-18","","15.75"
"CENTRO DE ALTO RENDIMIENTO","2015-12-17","","11.08333333"
"CENTRO DE ALTO RENDIMIENTO","2015-12-16","","11.875"
"CENTRO DE ALTO RENDIMIENTO","2015-12-15","","20.69565217"
"CENTRO DE ALTO RENDIMIENTO","2015-12-14","","23.08695652"
"CENTRO DE ALTO RENDIMIENTO","2015-12-13","","20.58333333"
"CENTRO DE ALTO RENDIMIENTO","2015-12-12","","19.91666667"
"CENTRO DE ALTO RENDIMIENTO","2015-12-11","","17.95833333"
"CENTRO DE ALTO RENDIMIENTO","2015-12-10","","14.16666667"
"CENTRO DE ALTO RENDIMIENTO","2015-12-09","","17.45833333"
"CENTRO DE ALTO RENDIMIENTO","2015-12-08","","33.56521739"
"CENTRO DE ALTO RENDIMIENTO","2015-12-07","","27.16666667"
"CENTRO DE ALTO RENDIMIENTO","2015-12-06","","10.2173913"
"CENTRO DE ALTO RENDIMIENTO","2015-12-05","","16.69565217"
"CENTRO DE ALTO RENDIMIENTO","2015-12-04","","17.20833333"
"CENTRO DE ALTO RENDIMIENTO","2015-12-03","","18.875"
"CENTRO DE ALTO RENDIMIENTO","2015-12-02","","9.58333333"
"CENTRO DE ALTO RENDIMIENTO","2015-12-01","","8.5"
"CENTRO DE ALTO RENDIMIENTO","2015-11-30","","12.33333333"
"CENTRO DE ALTO RENDIMIENTO","2015-11-29","","20.2173913"
"CENTRO DE ALTO RENDIMIENTO","2015-11-28","","35.91304348"
"CENTRO DE ALTO RENDIMIENTO","2015-11-27","","25.73913043"
"CENTRO DE ALTO RENDIMIENTO","2015-11-26","","16.95833333"
"CENTRO DE ALTO RENDIMIENTO","2015-11-25","","19.09090909"
"CENTRO DE ALTO RENDIMIENTO","2015-11-24","","28.5"
"CENTRO DE ALTO RENDIMIENTO","2015-11-23","","21.79166667"
"CENTRO DE ALTO RENDIMIENTO","2015-11-22","","13.04347826"
"CENTRO DE ALTO RENDIMIENTO","2015-11-21","","29.69565217"
"CENTRO DE ALTO RENDIMIENTO","2015-11-20","","43.33333333"
"CENTRO DE ALTO RENDIMIENTO","2015-11-19","","31.54166667"
"CENTRO DE ALTO RENDIMIENTO","2015-11-18","","13.5"
"CENTRO DE ALTO RENDIMIENTO","2015-11-17","","7.52380952"
"CENTRO DE ALTO RENDIMIENTO","2015-11-16","","9.5"
"CENTRO DE ALTO RENDIMIENTO","2015-11-15","","5.7826087"
"CENTRO DE ALTO RENDIMIENTO","2015-11-14","","7.90909091"
"CENTRO DE ALTO RENDIMIENTO","2015-11-13","","21.13043478"
"CENTRO DE ALTO RENDIMIENTO","2015-11-12","","19.125"
"CENTRO DE ALTO RENDIMIENTO","2015-11-11","","10.83333333"
"CENTRO DE ALTO RENDIMIENTO","2015-11-10","","10.41666667"
"CENTRO DE ALTO RENDIMIENTO","2015-11-09","","9.30434783"
"CENTRO DE ALTO RENDIMIENTO","2015-11-08","","8.69565217"
"CENTRO DE ALTO RENDIMIENTO","2015-11-07","","22.75"
"CENTRO DE ALTO RENDIMIENTO","2015-11-06","","34.79166667"
"CENTRO DE ALTO RENDIMIENTO","2015-11-05","","32.54166667"
"CENTRO DE ALTO RENDIMIENTO","2015-11-04","","34.08333333"
"CENTRO DE ALTO RENDIMIENTO","2015-11-03","","26.08695652"
"CENTRO DE ALTO RENDIMIENTO","2015-11-02","","15.70833333"
"CENTRO DE ALTO RENDIMIENTO","2015-11-01","","17.33333333"
"CENTRO DE ALTO RENDIMIENTO","2015-10-31","","35.41666667"
"CENTRO DE ALTO RENDIMIENTO","2015-10-30","","33.41666667"
"CENTRO DE ALTO RENDIMIENTO","2015-10-29","","28.66666667"
"CENTRO DE ALTO RENDIMIENTO","2015-10-28","","17.47826087"
"CENTRO DE ALTO RENDIMIENTO","2015-10-27","","21.7826087"
"CENTRO DE ALTO RENDIMIENTO","2015-10-26","","15.45833333"
"CENTRO DE ALTO RENDIMIENTO","2015-10-25","","11.08695652"
"CENTRO DE ALTO RENDIMIENTO","2015-10-24","","21.47826087"
"CENTRO DE ALTO RENDIMIENTO","2015-10-23","","23.91666667"
"CENTRO DE ALTO RENDIMIENTO","2015-10-22","","34.66666667"
"CENTRO DE ALTO RENDIMIENTO","2015-10-21","","20.83333333"
"CENTRO DE ALTO RENDIMIENTO","2015-10-20","","20.33333333"
"CENTRO DE ALTO RENDIMIENTO","2015-10-19","","19.29166667"
"CENTRO DE ALTO RENDIMIENTO","2015-10-18","","13.04347826"
"CENTRO DE ALTO RENDIMIENTO","2015-10-17","","9.40909091"
"CENTRO DE ALTO RENDIMIENTO","2015-10-16","","8.47368421"
"CENTRO DE ALTO RENDIMIENTO","2015-10-15","","10.72727273"
"CENTRO DE ALTO RENDIMIENTO","2015-10-14","","26.29166667"
"CENTRO DE ALTO RENDIMIENTO","2015-10-13","","21.33333333"
"CENTRO DE ALTO RENDIMIENTO","2015-10-12","","19.91304348"
"CENTRO DE ALTO RENDIMIENTO","2015-10-11","","16.875"
"CENTRO DE ALTO RENDIMIENTO","2015-10-10","","20.29166667"
"CENTRO DE ALTO RENDIMIENTO","2015-10-09","","21.25"
"CENTRO DE ALTO RENDIMIENTO","2015-10-08","","14.08333333"
"CENTRO DE ALTO RENDIMIENTO","2015-10-07","","27.79166667"
"CENTRO DE ALTO RENDIMIENTO","2015-10-06","","19.25"
"CENTRO DE ALTO RENDIMIENTO","2015-10-05","","15.13043478"
"CENTRO DE ALTO RENDIMIENTO","2015-10-04","","11.43478261"
"CENTRO DE ALTO RENDIMIENTO","2015-10-03","","13.54166667"
"CENTRO DE ALTO RENDIMIENTO","2015-10-02","","27.83333333"
"CENTRO DE ALTO RENDIMIENTO","2015-10-01","","27.54166667"
"CENTRO DE ALTO RENDIMIENTO","2015-09-30","","21.52173913"
"CENTRO DE ALTO RENDIMIENTO","2015-09-29","","14.75"
"CENTRO DE ALTO RENDIMIENTO","2015-09-28","","14.95833333"
"CENTRO DE ALTO RENDIMIENTO","2015-09-27","","11.34782609"
"CENTRO DE ALTO RENDIMIENTO","2015-09-26","","10.13043478"
"CENTRO DE ALTO RENDIMIENTO","2015-09-25","","12.375"
"CENTRO DE ALTO RENDIMIENTO","2015-09-24","","12.7826087"
"CENTRO DE ALTO RENDIMIENTO","2015-09-23","","8.95833333"
"CENTRO DE ALTO RENDIMIENTO","2015-09-22","","8.04761905"
"CENTRO DE ALTO RENDIMIENTO","2015-09-21","","8.625"
"CENTRO DE ALTO RENDIMIENTO","2015-09-20","","5.69565217"
"CENTRO DE ALTO RENDIMIENTO","2015-09-19","","15.29166667"
"CENTRO DE ALTO RENDIMIENTO","2015-09-18","","16.04166667"
"CENTRO DE ALTO RENDIMIENTO","2015-09-17","","52.25"
"CENTRO DE ALTO RENDIMIENTO","2015-09-16","","32.16666667"
"CENTRO DE ALTO RENDIMIENTO","2015-09-15","","17.66666667"
"CENTRO DE ALTO RENDIMIENTO","2015-09-14","","12.29166667"
"CENTRO DE ALTO RENDIMIENTO","2015-09-13","","9.33333333"
"CENTRO DE ALTO RENDIMIENTO","2015-09-12","","9.34782609"
"CENTRO DE ALTO RENDIMIENTO","2015-09-11","","7.45454545"
"CENTRO DE ALTO RENDIMIENTO","2015-09-10","","10.13333333"
"CENTRO DE ALTO RENDIMIENTO","2015-09-09","","7.91304348"
"CENTRO DE ALTO RENDIMIENTO","2015-09-08","","10.0"
"CENTRO DE ALTO RENDIMIENTO","2015-09-07","","7.56521739"
"CENTRO DE ALTO RENDIMIENTO","2015-09-06","","8.31818182"
"CENTRO DE ALTO RENDIMIENTO","2015-09-05","","15.33333333"
"CENTRO DE ALTO RENDIMIENTO","2015-09-04","","20.2173913"
"CENTRO DE ALTO RENDIMIENTO","2015-09-03","","15.22222222"
"CENTRO DE ALTO RENDIMIENTO","2015-09-02","","22.8"
"CENTRO DE ALTO RENDIMIENTO","2015-09-01","","7.59090909"
"CENTRO DE ALTO RENDIMIENTO","2015-08-31","","5.71428571"
"CENTRO DE ALTO RENDIMIENTO","2015-08-30","","7.63157895"
"CENTRO DE ALTO RENDIMIENTO","2015-08-29","","7.31818182"
"CENTRO DE ALTO RENDIMIENTO","2015-08-28","","8.86956522"
"CENTRO DE ALTO RENDIMIENTO","2015-08-27","","25.20833333"
"CENTRO DE ALTO RENDIMIENTO","2015-08-26","","26.29166667"
"CENTRO DE ALTO RENDIMIENTO","2015-08-25","","14.59090909"
"CENTRO DE ALTO RENDIMIENTO","2015-08-24","","15.0"
"CENTRO DE ALTO RENDIMIENTO","2015-08-23","","19.91304348"
"CENTRO DE ALTO RENDIMIENTO","2015-08-22","","33.04545455"
"CENTRO DE ALTO RENDIMIENTO","2015-08-21","","17.54166667"
"CENTRO DE ALTO RENDIMIENTO","2015-08-20","","8.2"
"CENTRO DE ALTO RENDIMIENTO","2015-08-19","","6.92857143"
"CENTRO DE ALTO RENDIMIENTO","2015-08-18","","10.31818182"
"CENTRO DE ALTO RENDIMIENTO","2015-08-17","","6.375"
"CENTRO DE ALTO RENDIMIENTO","2015-08-16","","9.95652174"
"CENTRO DE ALTO RENDIMIENTO","2015-08-15","","11.16666667"
"CENTRO DE ALTO RENDIMIENTO","2015-08-14","","11.125"
"CENTRO DE ALTO RENDIMIENTO","2015-08-13","","7.30769231"
"CENTRO DE ALTO RENDIMIENTO","2015-08-12","","9.40909091"
"CENTRO DE ALTO RENDIMIENTO","2015-08-11","","7.95833333"
"CENTRO DE ALTO RENDIMIENTO","2015-08-10","","14.375"
"CENTRO DE ALTO RENDIMIENTO","2015-08-09","","9.60869565"
"CENTRO DE ALTO RENDIMIENTO","2015-08-08","","9.66666667"
"CENTRO DE ALTO RENDIMIENTO","2015-08-07","","6.9047619"
"CENTRO DE ALTO RENDIMIENTO","2015-08-06","","8.83333333"
"CENTRO DE ALTO RENDIMIENTO","2015-08-05","","8.41666667"
"CENTRO DE ALTO RENDIMIENTO","2015-08-04","","6.20833333"
"CENTRO DE ALTO RENDIMIENTO","2015-08-03","","5.9047619"
"CENTRO DE ALTO RENDIMIENTO","2015-08-02","","6.65217391"
"CENTRO DE ALTO RENDIMIENTO","2015-08-01","","10.0"
"CENTRO DE ALTO RENDIMIENTO","2015-07-31","","6.875"
"CENTRO DE ALTO RENDIMIENTO","2015-07-30","","8.2"
"CENTRO DE ALTO RENDIMIENTO","2015-07-29","","7.36363636"
"CENTRO DE ALTO RENDIMIENTO","2015-07-28","","9.90909091"
"CENTRO DE ALTO RENDIMIENTO","2015-07-27","","9.94736842"
"CENTRO DE ALTO RENDIMIENTO","2015-07-26","","5.75"
"CENTRO DE ALTO RENDIMIENTO","2015-07-25","","6.52380952"
"CENTRO DE ALTO RENDIMIENTO","2015-07-24","","11.95652174"
"CENTRO DE ALTO RENDIMIENTO","2015-07-23","","7.89473684"
"CENTRO DE ALTO RENDIMIENTO","2015-07-22","","9.13043478"
"CENTRO DE ALTO RENDIMIENTO","2015-07-21","","22.5"
"CENTRO DE ALTO RENDIMIENTO","2015-07-20","","12.95652174"
"CENTRO DE ALTO RENDIMIENTO","2015-07-19","","16.13043478"
"CENTRO DE ALTO RENDIMIENTO","2015-07-18","","12.60869565"
"CENTRO DE ALTO RENDIMIENTO","2015-07-17","","12.28571429"
"CENTRO DE ALTO RENDIMIENTO","2015-07-16","","12.8125"
"CENTRO DE ALTO RENDIMIENTO","2015-07-15","","7.625"
"CENTRO DE ALTO RENDIMIENTO","2015-07-14","","12.40909091"
"CENTRO DE ALTO RENDIMIENTO","2015-07-13","","18.82608696"
"CENTRO DE ALTO RENDIMIENTO","2015-07-12","","7.57894737"
"CENTRO DE ALTO RENDIMIENTO","2015-07-11","","6.78947368"
"CENTRO DE ALTO RENDIMIENTO","2015-07-10","","7.81818182"
"CENTRO DE ALTO RENDIMIENTO","2015-07-09","","13.34782609"
"CENTRO DE ALTO RENDIMIENTO","2015-07-08","","10.0"
"CENTRO DE ALTO RENDIMIENTO","2015-07-07","","13.77272727"
"CENTRO DE ALTO RENDIMIENTO","2015-07-06","","7.65217391"
"CENTRO DE ALTO RENDIMIENTO","2015-07-05","","5.52380952"
"CENTRO DE ALTO RENDIMIENTO","2015-07-04","","6.16666667"
"CENTRO DE ALTO RENDIMIENTO","2015-07-03","","10.76190476"
"CENTRO DE ALTO RENDIMIENTO","2015-07-02","","9.0"
"CENTRO DE ALTO RENDIMIENTO","2015-07-01","","8.95833333"
"CENTRO DE ALTO RENDIMIENTO","2015-06-30","","14.29166667"
"CENTRO DE ALTO RENDIMIENTO","2015-06-29","","10.3"
"CENTRO DE ALTO RENDIMIENTO","2015-06-28","","6.5625"
"CENTRO DE ALTO RENDIMIENTO","2015-06-27","","6.57142857"
"CENTRO DE ALTO RENDIMIENTO","2015-06-26","","8.21052632"
"CENTRO DE ALTO RENDIMIENTO","2015-06-25","","7.89473684"
"CENTRO DE ALTO RENDIMIENTO","2015-06-24","","7.125"
"CENTRO DE ALTO RENDIMIENTO","2015-06-23","","5.93333333"
"CENTRO DE ALTO RENDIMIENTO","2015-06-22","","10.47368421"
"CENTRO DE ALTO RENDIMIENTO","2015-06-21","","7.89473684"
"CENTRO DE ALTO RENDIMIENTO","2015-06-20","","9.17647059"
"CENTRO DE ALTO RENDIMIENTO","2015-06-19","","8.11111111"
"CENTRO DE ALTO RENDIMIENTO","2015-06-18","","7.28571429"
"CENTRO DE ALTO RENDIMIENTO","2015-06-17","","5.82352941"
"CENTRO DE ALTO RENDIMIENTO","2015-06-16","","7.625"
"CENTRO DE ALTO RENDIMIENTO","2015-06-15","","9.9375"
"CENTRO DE ALTO RENDIMIENTO","2015-06-14","","7.76470588"
"CENTRO DE ALTO RENDIMIENTO","2015-06-13","","9.4"
"CENTRO DE ALTO RENDIMIENTO","2015-06-12","","9.86666667"
"CENTRO DE ALTO RENDIMIENTO","2015-06-11","","12.86956522"
"CENTRO DE ALTO RENDIMIENTO","2015-06-10","","9.0"
"CENTRO DE ALTO RENDIMIENTO","2015-06-09","","14.66666667"
"CENTRO DE ALTO RENDIMIENTO","2015-06-08","","8.57142857"
"CENTRO DE ALTO RENDIMIENTO","2015-06-07","","10.13043478"
"CENTRO DE ALTO RENDIMIENTO","2015-06-06","","13.4"
"CENTRO DE ALTO RENDIMIENTO","2015-06-05","","11.47619048"
"CENTRO DE ALTO RENDIMIENTO","2015-06-04","","11.8"
"CENTRO DE ALTO RENDIMIENTO","2015-06-03","","8.70588235"
"CENTRO DE ALTO RENDIMIENTO","2015-06-02","","8.0"
"CENTRO DE ALTO RENDIMIENTO","2015-06-01","","10.4"
"CENTRO DE ALTO RENDIMIENTO","2015-05-31","","11.61111111"
"CENTRO DE ALTO RENDIMIENTO","2015-05-30","","21.80952381"
"CENTRO DE ALTO RENDIMIENTO","2015-05-29","","16.72727273"
"CENTRO DE ALTO RENDIMIENTO","2015-05-28","","13.40909091"
"CENTRO DE ALTO RENDIMIENTO","2015-05-27","","12.05263158"
"CENTRO DE ALTO RENDIMIENTO","2015-05-26","","11.58823529"
"CENTRO DE ALTO RENDIMIENTO","2015-05-25","","10.5"
"CENTRO DE ALTO RENDIMIENTO","2015-05-24","","6.35294118"
"CENTRO DE ALTO RENDIMIENTO","2015-05-23","","7.47058824"
"CENTRO DE ALTO RENDIMIENTO","2015-05-22","","11.22727273"
"CENTRO DE ALTO RENDIMIENTO","2015-05-21","","10.15789474"
"CENTRO DE ALTO RENDIMIENTO","2015-05-20","","8.68181818"
"CENTRO DE ALTO RENDIMIENTO","2015-05-19","","13.0"
"CENTRO DE ALTO RENDIMIENTO","2015-05-18","","5.58333333"
"CENTRO DE ALTO RENDIMIENTO","2015-05-17","","9.1"
"CENTRO DE ALTO RENDIMIENTO","2015-05-16","","10.63636364"
"CENTRO DE ALTO RENDIMIENTO","2015-05-15","","14.30434783"
"CENTRO DE ALTO RENDIMIENTO","2015-05-14","","10.04545455"
"CENTRO DE ALTO RENDIMIENTO","2015-05-13","","11.0"
"CENTRO DE ALTO RENDIMIENTO","2015-05-12","","12.58333333"
"CENTRO DE ALTO RENDIMIENTO","2015-05-11","","17.83333333"
"CENTRO DE ALTO RENDIMIENTO","2015-05-10","","13.04166667"
"CENTRO DE ALTO RENDIMIENTO","2015-05-09","","7.55555556"
"CENTRO DE ALTO RENDIMIENTO","2015-05-08","","12.04166667"
"CENTRO DE ALTO RENDIMIENTO","2015-05-07","","21.45833333"
"CENTRO DE ALTO RENDIMIENTO","2015-05-06","","24.41666667"
"CENTRO DE ALTO RENDIMIENTO","2015-05-05","","26.375"
"CENTRO DE ALTO RENDIMIENTO","2015-05-04","","32.95833333"
"CENTRO DE ALTO RENDIMIENTO","2015-05-03","","24.875"
"CENTRO DE ALTO RENDIMIENTO","2015-05-02","","32.29166667"
"CENTRO DE ALTO RENDIMIENTO","2015-05-01","","28.66666667"
"CENTRO DE ALTO RENDIMIENTO","2015-04-30","","25.7826087"
"CENTRO DE ALTO RENDIMIENTO","2015-04-29","","16.0"
"CENTRO DE ALTO RENDIMIENTO","2015-04-28","","9.05"
"CENTRO DE ALTO RENDIMIENTO","2015-04-27","","6.07692308"
"CENTRO DE ALTO RENDIMIENTO","2015-04-26","","7.35294118"
"CENTRO DE ALTO RENDIMIENTO","2015-04-25","","12.38095238"
"CENTRO DE ALTO RENDIMIENTO","2015-04-24","","15.54545455"
"CENTRO DE ALTO RENDIMIENTO","2015-04-23","","16.33333333"
"CENTRO DE ALTO RENDIMIENTO","2015-04-22","","14.66666667"
"CENTRO DE ALTO RENDIMIENTO","2015-04-21","","9.72222222"
"CENTRO DE ALTO RENDIMIENTO","2015-04-20","","13.54545455"
"CENTRO DE ALTO RENDIMIENTO","2015-04-19","","13.15789474"
"CENTRO DE ALTO RENDIMIENTO","2015-04-18","","18.17391304"
"CENTRO DE ALTO RENDIMIENTO","2015-04-17","","28.58333333"
"CENTRO DE ALTO RENDIMIENTO","2015-04-16","","23.4"
"CENTRO DE ALTO RENDIMIENTO","2015-04-15","","12.75"
"CENTRO DE ALTO RENDIMIENTO","2015-04-14","","19.77272727"
"CENTRO DE ALTO RENDIMIENTO","2015-04-13","","13.71428571"
"CENTRO DE ALTO RENDIMIENTO","2015-04-12","","9.55"
"CENTRO DE ALTO RENDIMIENTO","2015-04-11","","16.17391304"
"CENTRO DE ALTO RENDIMIENTO","2015-04-10","","19.36363636"
"CENTRO DE ALTO RENDIMIENTO","2015-04-09","","17.17391304"
"CENTRO DE ALTO RENDIMIENTO","2015-04-08","","17.45454545"
"CENTRO DE ALTO RENDIMIENTO","2015-04-07","","14.75"
"CENTRO DE ALTO RENDIMIENTO","2015-04-06","","19.875"
"CENTRO DE ALTO RENDIMIENTO","2015-04-05","","17.52631579"
"CENTRO DE ALTO RENDIMIENTO","2015-04-04","","14.42857143"
"CENTRO DE ALTO RENDIMIENTO","2015-04-03","","8.83333333"
"CENTRO DE ALTO RENDIMIENTO","2015-04-02","","23.0"
"CENTRO DE ALTO RENDIMIENTO","2015-04-01","","29.79166667"
"CENTRO DE ALTO RENDIMIENTO","2015-03-31","","45.125"
"CENTRO DE ALTO RENDIMIENTO","2015-03-30","","34.66666667"
"CENTRO DE ALTO RENDIMIENTO","2015-03-29","","25.29166667"
"CENTRO DE ALTO RENDIMIENTO","2015-03-28","","38.375"
"CENTRO DE ALTO RENDIMIENTO","2015-03-27","","33.04347826"
"CENTRO DE ALTO RENDIMIENTO","2015-03-26","","39.33333333"
"CENTRO DE ALTO RENDIMIENTO","2015-03-25","","42.41666667"
"CENTRO DE ALTO RENDIMIENTO","2015-03-24","","39.41666667"
"CENTRO DE ALTO RENDIMIENTO","2015-03-23","","22.375"
"CENTRO DE ALTO RENDIMIENTO","2015-03-22","","19.20833333"
"CENTRO DE ALTO RENDIMIENTO","2015-03-21","","20.375"
"CENTRO DE ALTO RENDIMIENTO","2015-03-20","","26.20833333"
"CENTRO DE ALTO RENDIMIENTO","2015-03-19","","38.45833333"
"CENTRO DE ALTO RENDIMIENTO","2015-03-18","","32.70833333"
"CENTRO DE ALTO RENDIMIENTO","2015-03-17","","38.33333333"
"CENTRO DE ALTO RENDIMIENTO","2015-03-16","","23.20833333"
"CENTRO DE ALTO RENDIMIENTO","2015-03-15","","28.125"
"CENTRO DE ALTO RENDIMIENTO","2015-03-14","","32.31818182"
"CENTRO DE ALTO RENDIMIENTO","2015-03-13","","26.47619048"
"CENTRO DE ALTO RENDIMIENTO","2015-03-12","","22.30434783"
"CENTRO DE ALTO RENDIMIENTO","2015-03-11","","11.69565217"
"CENTRO DE ALTO RENDIMIENTO","2015-03-10","","10.0"
"CENTRO DE ALTO RENDIMIENTO","2015-03-09","","11.82608696"
"CENTRO DE ALTO RENDIMIENTO","2015-03-08","","10.95833333"
"CENTRO DE ALTO RENDIMIENTO","2015-03-07","","15.875"
"CENTRO DE ALTO RENDIMIENTO","2015-03-06","","26.16666667"
"CENTRO DE ALTO RENDIMIENTO","2015-03-05","","30.41666667"
"CENTRO DE ALTO RENDIMIENTO","2015-03-04","","24.54166667"
"CENTRO DE ALTO RENDIMIENTO","2015-03-03","","27.625"
"CENTRO DE ALTO RENDIMIENTO","2015-03-02","","39.16666667"
"CENTRO DE ALTO RENDIMIENTO","2015-03-01","","18.5"
"CENTRO DE ALTO RENDIMIENTO","2015-02-28","","10.08333333"
"CENTRO DE ALTO RENDIMIENTO","2015-02-27","","23.875"
"CENTRO DE ALTO RENDIMIENTO","2015-02-26","","33.73913043"
"CENTRO DE ALTO RENDIMIENTO","2015-02-25","","33.29166667"
"CENTRO DE ALTO RENDIMIENTO","2015-02-24","","35.08333333"
"CENTRO DE ALTO RENDIMIENTO","2015-02-23","","28.04166667"
"CENTRO DE ALTO RENDIMIENTO","2015-02-22","","25.40909091"
"CENTRO DE ALTO RENDIMIENTO","2015-02-21","","31.33333333"
"CENTRO DE ALTO RENDIMIENTO","2015-02-20","","30.58333333"
"CENTRO DE ALTO RENDIMIENTO","2015-02-19","","31.08333333"
"CENTRO DE ALTO RENDIMIENTO","2015-02-18","","41.33333333"
"CENTRO DE ALTO RENDIMIENTO","2015-02-17","","30.5"
"CENTRO DE ALTO RENDIMIENTO","2015-02-16","","21.29166667"
"CENTRO DE ALTO RENDIMIENTO","2015-02-15","","15.42857143"
"CENTRO DE ALTO RENDIMIENTO","2015-02-14","","11.72727273"
"CENTRO DE ALTO RENDIMIENTO","2015-02-13","","19.0"
"CENTRO DE ALTO RENDIMIENTO","2015-02-12","","17.65217391"
"CENTRO DE ALTO RENDIMIENTO","2015-02-11","","31.54166667"
"CENTRO DE ALTO RENDIMIENTO","2015-02-10","","37.79166667"
"CENTRO DE ALTO RENDIMIENTO","2015-02-09","","28.34782609"
"CENTRO DE ALTO RENDIMIENTO","2015-02-08","","31.16666667"
"CENTRO DE ALTO RENDIMIENTO","2015-02-07","","40.29166667"
"CENTRO DE ALTO RENDIMIENTO","2015-02-06","","36.45833333"
"CENTRO DE ALTO RENDIMIENTO","2015-02-05","","13.9"
"CENTRO DE ALTO RENDIMIENTO","2015-02-04","","9.55"
"CENTRO DE ALTO RENDIMIENTO","2015-02-03","","8.41176471"
"CENTRO DE ALTO RENDIMIENTO","2015-02-02","","9.11111111"
"CENTRO DE ALTO RENDIMIENTO","2015-02-01","","10.07692308"
"CENTRO DE ALTO RENDIMIENTO","2015-01-31","","9.85714286"
"CENTRO DE ALTO RENDIMIENTO","2015-01-30","","28.1"
"CENTRO DE ALTO RENDIMIENTO","2015-01-29","","25.65"
"CENTRO DE ALTO RENDIMIENTO","2015-01-28","","19.33333333"
"CENTRO DE ALTO RENDIMIENTO","2015-01-27","","33.83333333"
"CENTRO DE ALTO RENDIMIENTO","2015-01-26","","24.57142857"
"CENTRO DE ALTO RENDIMIENTO","2015-01-25","","19.22222222"
"CENTRO DE ALTO RENDIMIENTO","2015-01-24","","28.08333333"
"CENTRO DE ALTO RENDIMIENTO","2015-01-23","","33.625"
"CENTRO DE ALTO RENDIMIENTO","2015-01-22","","24.54166667"
"CENTRO DE ALTO RENDIMIENTO","2015-01-21","","22.1875"
"CENTRO DE ALTO RENDIMIENTO","2015-01-20","","11.06666667"
"CENTRO DE ALTO RENDIMIENTO","2015-01-19","","21.58823529"
"CENTRO DE ALTO RENDIMIENTO","2015-01-18","","23.22727273"
"CENTRO DE ALTO RENDIMIENTO","2015-01-17","","35.04166667"
"CENTRO DE ALTO RENDIMIENTO","2015-01-16","","28.63636364"
"CENTRO DE ALTO RENDIMIENTO","2015-01-15","","26.0"
"CENTRO DE ALTO RENDIMIENTO","2015-01-14","","18.0"
"CENTRO DE ALTO RENDIMIENTO","2015-01-13","","19.0"
"CENTRO DE ALTO RENDIMIENTO","2015-01-12","","7.0"
"CENTRO DE ALTO RENDIMIENTO","2015-01-11","","8.30769231"
"CENTRO DE ALTO RENDIMIENTO","2015-01-10","","9.4"
"CENTRO DE ALTO RENDIMIENTO","2015-01-09","","9.43478261"
"CENTRO DE ALTO RENDIMIENTO","2015-01-08","","13.56521739"
"CENTRO DE ALTO RENDIMIENTO","2015-01-07","","9.2"
"CENTRO DE ALTO RENDIMIENTO","2015-01-06","","10.61904762"
"CENTRO DE ALTO RENDIMIENTO","2015-01-05","","10.0"
"CENTRO DE ALTO RENDIMIENTO","2015-01-04","","6.88888889"
"CENTRO DE ALTO RENDIMIENTO","2015-01-03","","9.10526316"
"CENTRO DE ALTO RENDIMIENTO","2015-01-02","","8.0"
"CENTRO DE ALTO RENDIMIENTO","2015-01-01","","21.47619048"
"CENTRO DE ALTO RENDIMIENTO","2014-12-31","","7.14833333"
"CENTRO DE ALTO RENDIMIENTO","2014-12-30","","11.47333333"
"CENTRO DE ALTO RENDIMIENTO","2014-12-29","","12.66403508"
"CENTRO DE ALTO RENDIMIENTO","2014-12-28","","8.71222222"
"CENTRO DE ALTO RENDIMIENTO","2014-12-27","","11.35833334"
"CENTRO DE ALTO RENDIMIENTO","2014-12-26","","9.19687499"
"CENTRO DE ALTO RENDIMIENTO","2014-12-25","","29.47491228"
"CENTRO DE ALTO RENDIMIENTO","2014-12-24","","15.66666668"
"CENTRO DE ALTO RENDIMIENTO","2014-12-23","","11.88666668"
"CENTRO DE ALTO RENDIMIENTO","2014-12-22","","22.83634921"
"CENTRO DE ALTO RENDIMIENTO","2014-12-21","","34.36388888"
"CENTRO DE ALTO RENDIMIENTO","2014-12-20","","36.62083333"
"CENTRO DE ALTO RENDIMIENTO","2014-12-19","","45.22916667"
"CENTRO DE ALTO RENDIMIENTO","2014-12-18","","37.17222223"
"CENTRO DE ALTO RENDIMIENTO","2014-12-17","","40.66805556"
"CENTRO DE ALTO RENDIMIENTO","2014-12-16","","39.84930555"
"CENTRO DE ALTO RENDIMIENTO","2014-12-15","","37.07499999"
"CENTRO DE ALTO RENDIMIENTO","2014-12-14","","18.70256411"
"CENTRO DE ALTO RENDIMIENTO","2014-12-13","","35.42575758"
"CENTRO DE ALTO RENDIMIENTO","2014-12-12","","21.36764705"
"CENTRO DE ALTO RENDIMIENTO","2014-12-11","","19.6031746"
"CENTRO DE ALTO RENDIMIENTO","2014-12-10","","32.93019608"
"CENTRO DE ALTO RENDIMIENTO","2014-12-09","","28.78560606"
"CENTRO DE ALTO RENDIMIENTO","2014-12-08","","40.56590909"
"CENTRO DE ALTO RENDIMIENTO","2014-12-07","","40.37569444"
"CENTRO DE ALTO RENDIMIENTO","2014-12-06","","31.31811594"
"CENTRO DE ALTO RENDIMIENTO","2014-12-05","","32.54855073"
"CENTRO DE ALTO RENDIMIENTO","2014-12-04","","32.71083334"
"CENTRO DE ALTO RENDIMIENTO","2014-12-03","","19.26060605"
"CENTRO DE ALTO RENDIMIENTO","2014-12-02","","9.60208333"
"CENTRO DE ALTO RENDIMIENTO","2014-12-01","","8.92738096"
"CENTRO DE ALTO RENDIMIENTO","2014-11-30","","6.70222222"
"CENTRO DE ALTO RENDIMIENTO","2014-11-29","","9.54166668"
"CENTRO DE ALTO RENDIMIENTO","2014-11-28","","24.82555555"
"CENTRO DE ALTO RENDIMIENTO","2014-11-27","","33.63472222"
"CENTRO DE ALTO RENDIMIENTO","2014-11-26","","23.95434782"
"CENTRO DE ALTO RENDIMIENTO","2014-11-25","","14.99210526"
"CENTRO DE ALTO RENDIMIENTO","2014-11-24","","10.43888889"
"CENTRO DE ALTO RENDIMIENTO","2014-11-23","","12.60784312"
"CENTRO DE ALTO RENDIMIENTO","2014-11-22","","48.0423611"
"CENTRO DE ALTO RENDIMIENTO","2014-11-21","","35.53541667"
"CENTRO DE ALTO RENDIMIENTO","2014-11-20","","36.23472222"
"CENTRO DE ALTO RENDIMIENTO","2014-11-19","","25.18333334"
"CENTRO DE ALTO RENDIMIENTO","2014-11-18","","27.74513888"
"CENTRO DE ALTO RENDIMIENTO","2014-11-17","","10.15166667"
"CENTRO DE ALTO RENDIMIENTO","2014-11-16","","26.27222222"
"CENTRO DE ALTO RENDIMIENTO","2014-11-15","","31.86319445"
"CENTRO DE ALTO RENDIMIENTO","2014-11-14","","15.91583334"
"CENTRO DE ALTO RENDIMIENTO","2014-11-13","","17.96052632"
"CENTRO DE ALTO RENDIMIENTO","2014-11-12","","16.29848485"
"CENTRO DE ALTO RENDIMIENTO","2014-11-11","","16.29513889"
"CENTRO DE ALTO RENDIMIENTO","2014-11-10","","28.37608697"
"CENTRO DE ALTO RENDIMIENTO","2014-11-09","","20.60972221"
"CENTRO DE ALTO RENDIMIENTO","2014-11-08","","33.84492753"
"CENTRO DE ALTO RENDIMIENTO","2014-11-07","","25.59696969"
"CENTRO DE ALTO RENDIMIENTO","2014-11-06","","53.89444445"
"CENTRO DE ALTO RENDIMIENTO","2014-11-05","","32.98623187"
"CENTRO DE ALTO RENDIMIENTO","2014-11-04","","25.17638889"
"CENTRO DE ALTO RENDIMIENTO","2014-11-03","","11.36250001"
"CENTRO DE ALTO RENDIMIENTO","2014-11-02","","17.98627452"
"CENTRO DE ALTO RENDIMIENTO","2014-11-01","","32.47575759"
"CENTRO DE ALTO RENDIMIENTO","2014-10-31","","25.1047619"
"CENTRO DE ALTO RENDIMIENTO","2014-10-30","","42.47536232"
"CENTRO DE ALTO RENDIMIENTO","2014-10-29","","37.11439393"
"CENTRO DE ALTO RENDIMIENTO","2014-10-28","","35.00138888"
"CENTRO DE ALTO RENDIMIENTO","2014-10-27","","23.28636364"
"CENTRO DE ALTO RENDIMIENTO","2014-10-26","","18.61583334"
"CENTRO DE ALTO RENDIMIENTO","2014-10-25","","28.96458333"
"CENTRO DE ALTO RENDIMIENTO","2014-10-24","","43.05208335"
"CENTRO DE ALTO RENDIMIENTO","2014-10-23","","21.31083333"
"CENTRO DE ALTO RENDIMIENTO","2014-10-22","","18.21439395"
"CENTRO DE ALTO RENDIMIENTO","2014-10-21","","12.1074074"
"CENTRO DE ALTO RENDIMIENTO","2014-10-20","","22.03809524"
"CENTRO DE ALTO RENDIMIENTO","2014-10-19","","16.65434783"
"CENTRO DE ALTO RENDIMIENTO","2014-10-18","","19.3031746"
"CENTRO DE ALTO RENDIMIENTO","2014-10-17","","17.33611112"
"CENTRO DE ALTO RENDIMIENTO","2014-10-16","","19.01136364"
"CENTRO DE ALTO RENDIMIENTO","2014-10-15","","14.04285714"
"CENTRO DE ALTO RENDIMIENTO","2014-10-14","","11.35313725"
"CENTRO DE ALTO RENDIMIENTO","2014-10-12","","7.79166667"
"CENTRO DE ALTO RENDIMIENTO","2014-10-11","","16.0625"
"CENTRO DE ALTO RENDIMIENTO","2014-10-10","","24.36014493"
"CENTRO DE ALTO RENDIMIENTO","2014-10-09","","11.84791666"
"CENTRO DE ALTO RENDIMIENTO","2014-10-04","","12.86944445"
"CENTRO DE ALTO RENDIMIENTO","2014-09-24","","16.04814816"
"CENTRO DE ALTO RENDIMIENTO","2014-09-23","","14.40701754"
"CENTRO DE ALTO RENDIMIENTO","2014-09-22","","11.18333333"
"CENTRO DE ALTO RENDIMIENTO","2014-09-17","","20.95"
"CENTRO DE ALTO RENDIMIENTO","2014-09-16","","8.23958334"
"CENTRO DE ALTO RENDIMIENTO","2014-09-14","","5.26666667"
"CENTRO DE ALTO RENDIMIENTO","2014-09-13","","6.69444444"
"CENTRO DE ALTO RENDIMIENTO","2014-09-12","","16.0125"
"CENTRO DE ALTO RENDIMIENTO","2014-09-11","","7.51375001"
"CENTRO DE ALTO RENDIMIENTO","2014-09-08","","7.27515151"
"CENTRO DE ALTO RENDIMIENTO","2014-09-07","","8.27692307"
"CENTRO DE ALTO RENDIMIENTO","2014-09-06","","8.7990196"
"CENTRO DE ALTO RENDIMIENTO","2014-09-05","","14.14761905"
"CENTRO DE ALTO RENDIMIENTO","2014-09-04","","9.26666668"
"CENTRO DE ALTO RENDIMIENTO","2014-09-03","","14.84499999"
"CENTRO DE ALTO RENDIMIENTO","2014-09-02","","12.05"
"CENTRO DE ALTO RENDIMIENTO","2014-08-29","","17.05"
"CENTRO DE ALTO RENDIMIENTO","2014-08-28","","23.52631578"
"CENTRO DE ALTO RENDIMIENTO","2014-08-27","","20.19583334"
"CENTRO DE ALTO RENDIMIENTO","2014-08-25","","1.0"
"CENTRO DE ALTO RENDIMIENTO","2014-08-24","","11.90634921"
"CENTRO DE ALTO RENDIMIENTO","2014-08-23","","23.69083334"
"CENTRO DE ALTO RENDIMIENTO","2014-08-22","","22.73333334"
"CENTRO DE ALTO RENDIMIENTO","2014-08-21","","27.84855073"
"CENTRO DE ALTO RENDIMIENTO","2014-08-20","","24.57380952"
"CENTRO DE ALTO RENDIMIENTO","2014-08-19","","16.17666667"
"CENTRO DE ALTO RENDIMIENTO","2014-08-18","","6.25238094"
"CENTRO DE ALTO RENDIMIENTO","2014-08-17","","7.74666667"
"CENTRO DE ALTO RENDIMIENTO","2014-08-16","","13.12948716"
"CENTRO DE ALTO RENDIMIENTO","2014-08-15","","8.25303031"
"CENTRO DE ALTO RENDIMIENTO","2014-08-14","","6.39642856"
"CENTRO DE ALTO RENDIMIENTO","2014-08-13","","7.92361111"
"CENTRO DE ALTO RENDIMIENTO","2014-08-12","","8.87307692"
"CENTRO DE ALTO RENDIMIENTO","2014-08-11","","13.33095238"
"CENTRO DE ALTO RENDIMIENTO","2014-08-10","","12.59555556"
"CENTRO DE ALTO RENDIMIENTO","2014-08-09","","8.45079365"
"CENTRO DE ALTO RENDIMIENTO","2014-08-08","","16.79895834"
"CENTRO DE ALTO RENDIMIENTO","2014-08-07","","11.51071429"
"CENTRO DE ALTO RENDIMIENTO","2014-08-06","","9.64607843"
"CENTRO DE ALTO RENDIMIENTO","2014-08-05","","17.83703703"
"CENTRO DE ALTO RENDIMIENTO","2014-08-04","","19.15444443"
"CENTRO DE ALTO RENDIMIENTO","2014-08-03","","15.51904763"
"CENTRO DE ALTO RENDIMIENTO","2014-08-02","","11.70155555"
"CENTRO DE ALTO RENDIMIENTO","2014-08-01","","12.1125"
"CENTRO DE ALTO RENDIMIENTO","2014-07-31","","11.01282052"
"CENTRO DE ALTO RENDIMIENTO","2014-07-30","","9.34333333"
"CENTRO DE ALTO RENDIMIENTO","2014-07-29","","7.94358974"
"CENTRO DE ALTO RENDIMIENTO","2014-07-28","","6.57166666"
"CENTRO DE ALTO RENDIMIENTO","2014-07-27","","8.31999999"
"CENTRO DE ALTO RENDIMIENTO","2014-07-26","","10.96842106"
"CENTRO DE ALTO RENDIMIENTO","2014-07-25","","9.48627451"
"CENTRO DE ALTO RENDIMIENTO","2014-07-24","","11.89999999"
"CENTRO DE ALTO RENDIMIENTO","2014-07-23","","11.65312499"
"CENTRO DE ALTO RENDIMIENTO","2014-07-22","","10.52000001"
"CENTRO DE ALTO RENDIMIENTO","2014-07-21","","8.41228071"
"CENTRO DE ALTO RENDIMIENTO","2014-07-20","","10.01333334"
"CENTRO DE ALTO RENDIMIENTO","2014-07-19","","8.97499999"
"CENTRO DE ALTO RENDIMIENTO","2014-07-18","","8.51444445"
"CENTRO DE ALTO RENDIMIENTO","2014-07-17","","10.028125"
"CENTRO DE ALTO RENDIMIENTO","2014-07-16","","10.90151515"
"CENTRO DE ALTO RENDIMIENTO","2014-07-15","","10.91888889"
"CENTRO DE ALTO RENDIMIENTO","2014-07-14","","10.83245614"
"CENTRO DE ALTO RENDIMIENTO","2014-07-13","","10.195"
"CENTRO DE ALTO RENDIMIENTO","2014-07-12","","5.72083333"
"CENTRO DE ALTO RENDIMIENTO","2014-07-11","","10.47361112"
"CENTRO DE ALTO RENDIMIENTO","2014-07-10","","8.11078431"
"CENTRO DE ALTO RENDIMIENTO","2014-07-09","","10.95624999"
"CENTRO DE ALTO RENDIMIENTO","2014-07-08","","9.4861111"
"CENTRO DE ALTO RENDIMIENTO","2014-07-05","","6.28999998"
"CENTRO DE ALTO RENDIMIENTO","2014-07-04","","13.21140351"
"CENTRO DE ALTO RENDIMIENTO","2014-07-03","","18.65701754"
"CENTRO DE ALTO RENDIMIENTO","2014-07-02","","9.50714286"
"CENTRO DE ALTO RENDIMIENTO","2014-07-01","","16.77222222"
"CENTRO DE ALTO RENDIMIENTO","2014-06-30","","11.15666667"
"CENTRO DE ALTO RENDIMIENTO","2014-06-29","","9.05151514"
"CENTRO DE ALTO RENDIMIENTO","2014-06-28","","25.39565218"
"CENTRO DE ALTO RENDIMIENTO","2014-06-27","","47.73819445"
"CENTRO DE ALTO RENDIMIENTO","2014-06-26","","26.23684211"
"CENTRO DE ALTO RENDIMIENTO","2014-06-25","","11.1188889"
"CENTRO DE ALTO RENDIMIENTO","2014-06-24","","12.78666665"
"CENTRO DE ALTO RENDIMIENTO","2014-06-23","","8.04047619"
"CENTRO DE ALTO RENDIMIENTO","2014-06-22","","9.74880953"
"CENTRO DE ALTO RENDIMIENTO","2014-06-21","","16.21547619"
"CENTRO DE ALTO RENDIMIENTO","2014-06-20","","14.071875"
"CENTRO DE ALTO RENDIMIENTO","2014-06-19","","11.53111112"
"CENTRO DE ALTO RENDIMIENTO","2014-06-18","","21.66759259"
"CENTRO DE ALTO RENDIMIENTO","2014-06-17","","12.95729166"
"CENTRO DE ALTO RENDIMIENTO","2014-06-16","","6.11944447"
"CENTRO DE ALTO RENDIMIENTO","2014-06-15","","6.21500001"
"CENTRO DE ALTO RENDIMIENTO","2014-06-14","","12.60151515"
"CENTRO DE ALTO RENDIMIENTO","2014-06-13","","12.05952381"
"CENTRO DE ALTO RENDIMIENTO","2014-06-12","","11.90000001"
"CENTRO DE ALTO RENDIMIENTO","2014-06-11","","11.4797619"
"CENTRO DE ALTO RENDIMIENTO","2014-06-10","","12.03809524"
"CENTRO DE ALTO RENDIMIENTO","2014-06-09","","10.98245613"
"CENTRO DE ALTO RENDIMIENTO","2014-06-08","","10.98055557"
"CENTRO DE ALTO RENDIMIENTO","2014-06-07","","10.62111111"
"CENTRO DE ALTO RENDIMIENTO","2014-06-06","","13.07727272"
"CENTRO DE ALTO RENDIMIENTO","2014-06-05","","10.7"
"CENTRO DE ALTO RENDIMIENTO","2014-06-04","","17.85681818"
"CENTRO DE ALTO RENDIMIENTO","2014-06-03","","19.52807018"
"CENTRO DE ALTO RENDIMIENTO","2014-06-02","","7.83095237"
"CENTRO DE ALTO RENDIMIENTO","2014-06-01","","9.40484849"
"CENTRO DE ALTO RENDIMIENTO","2014-05-31","","8.33974358"
"CENTRO DE ALTO RENDIMIENTO","2014-05-30","","20.19206349"
"CENTRO DE ALTO RENDIMIENTO","2014-05-29","","19.81231884"
"CENTRO DE ALTO RENDIMIENTO","2014-05-28","","9.2127451"
"CENTRO DE ALTO RENDIMIENTO","2014-05-27","","20.90869565"
"CENTRO DE ALTO RENDIMIENTO","2014-05-26","","19.57348485"
"CENTRO DE ALTO RENDIMIENTO","2014-05-25","","16.48592592"
"CENTRO DE ALTO RENDIMIENTO","2014-05-24","","20.99920635"
"CENTRO DE ALTO RENDIMIENTO","2014-05-23","","29.49583335"
"CENTRO DE ALTO RENDIMIENTO","2014-05-22","","22.63348485"
"CENTRO DE ALTO RENDIMIENTO","2014-05-21","","38.96666665"
"CENTRO DE ALTO RENDIMIENTO","2014-05-20","","18.66999999"
"CENTRO DE ALTO RENDIMIENTO","2014-05-19","","13.35701754"
"CENTRO DE ALTO RENDIMIENTO","2014-05-18","","26.04999999"
"CENTRO DE ALTO RENDIMIENTO","2014-05-17","","33.95277778"
"CENTRO DE ALTO RENDIMIENTO","2014-05-16","","26.04047619"
"CENTRO DE ALTO RENDIMIENTO","2014-05-15","","23.05811595"
"CENTRO DE ALTO RENDIMIENTO","2014-05-14","","12.86666667"
"CENTRO DE ALTO RENDIMIENTO","2014-05-13","","22.5219697"
"CENTRO DE ALTO RENDIMIENTO","2014-05-12","","37.4701389"
"CENTRO DE ALTO RENDIMIENTO","2014-05-11","","19.68333334"
"CENTRO DE ALTO RENDIMIENTO","2014-05-10","","21.475"
"CENTRO DE ALTO RENDIMIENTO","2014-05-09","","20.64444444"
"CENTRO DE ALTO RENDIMIENTO","2014-05-08","","36.7625"
"CENTRO DE ALTO RENDIMIENTO","2014-05-07","","34.71594203"
"CENTRO DE ALTO RENDIMIENTO","2014-05-06","","33.31041668"
"CENTRO DE ALTO RENDIMIENTO","2014-05-05","","32.68492064"
"CENTRO DE ALTO RENDIMIENTO","2014-05-04","","23.2590909"
"CENTRO DE ALTO RENDIMIENTO","2014-05-03","","23.39710145"
"CENTRO DE ALTO RENDIMIENTO","2014-05-02","","19.98695653"
"CENTRO DE ALTO RENDIMIENTO","2014-05-01","","15.94449275"
"CENTRO DE ALTO RENDIMIENTO","2014-04-30","","19.03240741"
"CENTRO DE ALTO RENDIMIENTO","2014-04-29","","13.59117648"
"CENTRO DE ALTO RENDIMIENTO","2014-04-28","","23.56140351"
"CENTRO DE ALTO RENDIMIENTO","2014-04-27","","22.85520834"
"CENTRO DE ALTO RENDIMIENTO","2014-04-26","","15.88333333"
"CENTRO DE ALTO RENDIMIENTO","2014-04-25","","17.12569444"
"CENTRO DE ALTO RENDIMIENTO","2014-04-24","","23.98095238"
"CENTRO DE ALTO RENDIMIENTO","2014-04-23","","24.25"
"CENTRO DE ALTO RENDIMIENTO","2014-04-22","","27.24861112"
"CENTRO DE ALTO RENDIMIENTO","2014-04-21","","15.47727273"
"CENTRO DE ALTO RENDIMIENTO","2014-04-20","","10.86599999"
"CENTRO DE ALTO RENDIMIENTO","2014-04-19","","11.57761904"
"CENTRO DE ALTO RENDIMIENTO","2014-04-18","","12.60595236"
"CENTRO DE ALTO RENDIMIENTO","2014-04-17","","12.22976191"
"CENTRO DE ALTO RENDIMIENTO","2014-04-16","","25.02803031"
"CENTRO DE ALTO RENDIMIENTO","2014-04-15","","38.80072464"
"CENTRO DE ALTO RENDIMIENTO","2014-04-14","","28.25714286"
"CENTRO DE ALTO RENDIMIENTO","2014-04-13","","27.0513889"
"CENTRO DE ALTO RENDIMIENTO","2014-04-12","","22.19202899"
"CENTRO DE ALTO RENDIMIENTO","2014-04-11","","26.65486112"
"CENTRO DE ALTO RENDIMIENTO","2014-04-10","","20.07430556"
"CENTRO DE ALTO RENDIMIENTO","2014-04-09","","17.90227273"
"CENTRO DE ALTO RENDIMIENTO","2014-04-08","","14.80333333"
"CENTRO DE ALTO RENDIMIENTO","2014-04-07","","10.48111112"
"CENTRO DE ALTO RENDIMIENTO","2014-04-06","","8.95416667"
"CENTRO DE ALTO RENDIMIENTO","2014-04-05","","17.97564103"
"CENTRO DE ALTO RENDIMIENTO","2014-04-04","","20.14119047"
"CENTRO DE ALTO RENDIMIENTO","2014-04-03","","30.88771928"
"CENTRO DE ALTO RENDIMIENTO","2014-04-02","","32.05942029"
"CENTRO DE ALTO RENDIMIENTO","2014-04-01","","35.92916668"
"CENTRO DE ALTO RENDIMIENTO","2014-03-31","","39.76111111"
"CENTRO DE ALTO RENDIMIENTO","2014-03-30","","48.70444443"
"CENTRO DE ALTO RENDIMIENTO","2014-03-29","","47.2423611"
"CENTRO DE ALTO RENDIMIENTO","2014-03-28","","35.45208333"
"CENTRO DE ALTO RENDIMIENTO","2014-03-27","","28.21956522"
"CENTRO DE ALTO RENDIMIENTO","2014-03-26","","22.33125"
"CENTRO DE ALTO RENDIMIENTO","2014-03-25","","16.3015873"
"CENTRO DE ALTO RENDIMIENTO","2014-03-24","","24.7189394"
"CENTRO DE ALTO RENDIMIENTO","2014-03-23","","20.42826088"
"CENTRO DE ALTO RENDIMIENTO","2014-03-22","","24.27222223"
"CENTRO DE ALTO RENDIMIENTO","2014-03-21","","33.83333332"
"CENTRO DE ALTO RENDIMIENTO","2014-03-20","","17.57719298"
"CENTRO DE ALTO RENDIMIENTO","2014-03-19","","21.59305555"
"CENTRO DE ALTO RENDIMIENTO","2014-03-18","","26.42028985"
"CENTRO DE ALTO RENDIMIENTO","2014-03-17","","31.58550725"
"CENTRO DE ALTO RENDIMIENTO","2014-03-16","","38.97291667"
"CENTRO DE ALTO RENDIMIENTO","2014-03-15","","42.68055556"
"CENTRO DE ALTO RENDIMIENTO","2014-03-14","","35.23402778"
"CENTRO DE ALTO RENDIMIENTO","2014-03-13","","42.66888888"
"CENTRO DE ALTO RENDIMIENTO","2014-03-12","","40.71956521"
"CENTRO DE ALTO RENDIMIENTO","2014-03-11","","37.59791665"
"CENTRO DE ALTO RENDIMIENTO","2014-03-10","","30.33541666"
"CENTRO DE ALTO RENDIMIENTO","2014-03-09","","20.2847826"
"CENTRO DE ALTO RENDIMIENTO","2014-03-08","","29.37101449"
"CENTRO DE ALTO RENDIMIENTO","2014-03-07","","46.18402778"
"CENTRO DE ALTO RENDIMIENTO","2014-03-06","","41.66594203"
"CENTRO DE ALTO RENDIMIENTO","2014-03-05","","39.68560606"
"CENTRO DE ALTO RENDIMIENTO","2014-03-04","","36.8557971"
"CENTRO DE ALTO RENDIMIENTO","2014-03-03","","32.20902778"
"CENTRO DE ALTO RENDIMIENTO","2014-03-02","","19.31666666"
"CENTRO DE ALTO RENDIMIENTO","2014-03-01","","20.7439394"
"CENTRO DE ALTO RENDIMIENTO","2014-02-28","","39.22121213"
"CENTRO DE ALTO RENDIMIENTO","2014-02-24","","43.86250001"
"CENTRO DE ALTO RENDIMIENTO","2014-02-23","","35.65347223"
"CENTRO DE ALTO RENDIMIENTO","2014-02-22","","42.97536231"
"CENTRO DE ALTO RENDIMIENTO","2014-02-21","","38.47898551"
"CENTRO DE ALTO RENDIMIENTO","2014-02-20","","41.30416667"
"CENTRO DE ALTO RENDIMIENTO","2014-02-19","","44.92246377"
"CENTRO DE ALTO RENDIMIENTO","2014-02-18","","40.21388888"
"CENTRO DE ALTO RENDIMIENTO","2014-02-17","","46.82152777"
"CENTRO DE ALTO RENDIMIENTO","2014-02-16","","39.60763889"
"CENTRO DE ALTO RENDIMIENTO","2014-02-15","","34.09236112"
"CENTRO DE ALTO RENDIMIENTO","2014-02-14","","31.78402778"
"CENTRO DE ALTO RENDIMIENTO","2014-02-13","","24.44275362"
"CENTRO DE ALTO RENDIMIENTO","2014-02-12","","17.33333333"
"CENTRO DE ALTO RENDIMIENTO","2014-02-11","","10.59561403"
"CENTRO DE ALTO RENDIMIENTO","2014-02-10","","14.79444446"
"CENTRO DE ALTO RENDIMIENTO","2014-02-09","","20.16597222"
"CENTRO DE ALTO RENDIMIENTO","2014-02-08","","14.21874999"
"CENTRO DE ALTO RENDIMIENTO","2014-02-07","","36.41458335"
"CENTRO DE ALTO RENDIMIENTO","2014-02-06","","26.46319445"
"CENTRO DE ALTO RENDIMIENTO","2014-02-05","","21.69791667"
"CENTRO DE ALTO RENDIMIENTO","2014-02-04","","25.52142857"
"CENTRO DE ALTO RENDIMIENTO","2014-02-03","","25.6013889"
"CENTRO DE ALTO RENDIMIENTO","2014-02-02","","18.54202899"
"CENTRO DE ALTO RENDIMIENTO","2014-02-01","","18.23695653"
"CENTRO DE ALTO RENDIMIENTO","2014-01-31","","18.71944444"
"CENTRO DE ALTO RENDIMIENTO","2014-01-30","","29.30138888"
"CENTRO DE ALTO RENDIMIENTO","2014-01-29","","22.55486112"
"CENTRO DE ALTO RENDIMIENTO","2014-01-28","","23.74652778"
"CENTRO DE ALTO RENDIMIENTO","2014-01-27","","22.29236111"
"CENTRO DE ALTO RENDIMIENTO","2014-01-26","","17.86439394"
"CENTRO DE ALTO RENDIMIENTO","2014-01-25","","21.04097223"
"CENTRO DE ALTO RENDIMIENTO","2014-01-24","","24.02075757"
"CENTRO DE ALTO RENDIMIENTO","2014-01-23","","17.59242425"
"CENTRO DE ALTO RENDIMIENTO","2014-01-22","","29.14388888"
"CENTRO DE ALTO RENDIMIENTO","2014-01-21","","21.30878789"
"CENTRO DE ALTO RENDIMIENTO","2014-01-20","","13.06904762"
"CENTRO DE ALTO RENDIMIENTO","2014-01-19","","6.21388889"
"CENTRO DE ALTO RENDIMIENTO","2014-01-18","","6.89642858"
"CENTRO DE ALTO RENDIMIENTO","2014-01-17","","15.62638888"
"CENTRO DE ALTO RENDIMIENTO","2014-01-16","","26.59275361"
"CENTRO DE ALTO RENDIMIENTO","2014-01-15","","19.6861111"
"CENTRO DE ALTO RENDIMIENTO","2014-01-14","","18.20625001"
"CENTRO DE ALTO RENDIMIENTO","2014-01-13","","19.90416667"
"CENTRO DE ALTO RENDIMIENTO","2014-01-12","","23.81736111"
"CENTRO DE ALTO RENDIMIENTO","2014-01-11","","22.10972221"
"CENTRO DE ALTO RENDIMIENTO","2014-01-10","","20.1923611"
"CENTRO DE ALTO RENDIMIENTO","2014-01-09","","15.87142857"
"CENTRO DE ALTO RENDIMIENTO","2014-01-08","","17.93194445"
"CENTRO DE ALTO RENDIMIENTO","2014-01-07","","16.85434783"
"CENTRO DE ALTO RENDIMIENTO","2014-01-06","","10.9531746"
"CENTRO DE ALTO RENDIMIENTO","2014-01-05","","11.49924243"
"CENTRO DE ALTO RENDIMIENTO","2014-01-04","","7.95964913"
"CENTRO DE ALTO RENDIMIENTO","2014-01-03","","10.22777778"
"CENTRO DE ALTO RENDIMIENTO","2014-01-02","","12.60416667"
"CENTRO DE ALTO RENDIMIENTO","2014-01-01","","11.44259258"
