"Estacion","Fecha inicial","Fecha final","PM10"
"CENTRO DE ALTO RENDIMIENTO","2021-02-28","","16.36521739"
"CENTRO DE ALTO RENDIMIENTO","2021-02-27","","27.3125"
"CENTRO DE ALTO RENDIMIENTO","2021-02-26","","22.44210526"
"CENTRO DE ALTO RENDIMIENTO","2021-02-25","","13.11666667"
"CENTRO DE ALTO RENDIMIENTO","2021-02-24","","25.02380952"
"CENTRO DE ALTO RENDIMIENTO","2021-02-23","","25.70952381"
"CENTRO DE ALTO RENDIMIENTO","2021-02-22","","19.86956522"
"CENTRO DE ALTO RENDIMIENTO","2021-02-21","","26.49130435"
"CENTRO DE ALTO RENDIMIENTO","2021-02-20","","29.91666667"
"CENTRO DE ALTO RENDIMIENTO","2021-02-19","","27.3625"
"CENTRO DE ALTO RENDIMIENTO","2021-02-18","","28.37083333"
"CENTRO DE ALTO RENDIMIENTO","2021-02-17","","38.54583333"
"CENTRO DE ALTO RENDIMIENTO","2021-02-16","","33.6125"
"CENTRO DE ALTO RENDIMIENTO","2021-02-15","","28.57826087"
"CENTRO DE ALTO RENDIMIENTO","2021-02-14","","32.39565217"
"CENTRO DE ALTO RENDIMIENTO","2021-02-13","","22.41304348"
"CENTRO DE ALTO RENDIMIENTO","2021-02-12","","45.84705882"
"CENTRO DE ALTO RENDIMIENTO","2021-02-11","","33.93333333"
"CENTRO DE ALTO RENDIMIENTO","2021-02-10","","29.23333333"
"CENTRO DE ALTO RENDIMIENTO","2021-02-09","","35.3875"
"CENTRO DE ALTO RENDIMIENTO","2021-02-08","","27.99130435"
"CENTRO DE ALTO RENDIMIENTO","2021-02-07","","20.075"
"CENTRO DE ALTO RENDIMIENTO","2021-02-06","","21.94210526"
"CENTRO DE ALTO RENDIMIENTO","2021-02-05","","17.03684211"
"CENTRO DE ALTO RENDIMIENTO","2021-02-04","","26.04117647"
"CENTRO DE ALTO RENDIMIENTO","2021-02-03","","19.34666667"
"CENTRO DE ALTO RENDIMIENTO","2021-02-02","","8.48571429"
"CENTRO DE ALTO RENDIMIENTO","2021-02-01","","12.31176471"
"CENTRO DE ALTO RENDIMIENTO","2021-01-31","","15.3875"
"CENTRO DE ALTO RENDIMIENTO","2021-01-30","","26.98947368"
"CENTRO DE ALTO RENDIMIENTO","2021-01-29","","42.13333333"
"CENTRO DE ALTO RENDIMIENTO","2021-01-28","","46.16956522"
"CENTRO DE ALTO RENDIMIENTO","2021-01-27","","30.65454545"
"CENTRO DE ALTO RENDIMIENTO","2021-01-26","","22.04"
"CENTRO DE ALTO RENDIMIENTO","2021-01-24","","14.66470588"
"CENTRO DE ALTO RENDIMIENTO","2021-01-23","","13.53"
"CENTRO DE ALTO RENDIMIENTO","2021-01-22","","31.88181818"
"CENTRO DE ALTO RENDIMIENTO","2021-01-21","","37.82083333"
"CENTRO DE ALTO RENDIMIENTO","2021-01-20","","35.7047619"
"CENTRO DE ALTO RENDIMIENTO","2021-01-19","","38.3875"
"CENTRO DE ALTO RENDIMIENTO","2021-01-18","","35.1"
"CENTRO DE ALTO RENDIMIENTO","2021-01-17","","23.435"
"CENTRO DE ALTO RENDIMIENTO","2021-01-16","","36.63333333"
"CENTRO DE ALTO RENDIMIENTO","2021-01-15","","45.85652174"
"CENTRO DE ALTO RENDIMIENTO","2021-01-14","","40.70833333"
"CENTRO DE ALTO RENDIMIENTO","2021-01-13","","32.74761905"
"CENTRO DE ALTO RENDIMIENTO","2021-01-12","","3.84444444"
"CENTRO DE ALTO RENDIMIENTO","2021-01-11","","2.89473684"
"CENTRO DE ALTO RENDIMIENTO","2021-01-10","","3.99"
"CENTRO DE ALTO RENDIMIENTO","2021-01-09","","4.83181818"
"CENTRO DE ALTO RENDIMIENTO","2021-01-08","","22.05833333"
"CENTRO DE ALTO RENDIMIENTO","2021-01-07","","17.395"
"CENTRO DE ALTO RENDIMIENTO","2021-01-06","","24.2"
"CENTRO DE ALTO RENDIMIENTO","2021-01-05","","22.24090909"
"CENTRO DE ALTO RENDIMIENTO","2021-01-04","","17.12857143"
"CENTRO DE ALTO RENDIMIENTO","2021-01-03","","12.05555556"
"CENTRO DE ALTO RENDIMIENTO","2021-01-02","","10.69230769"
"CENTRO DE ALTO RENDIMIENTO","2021-01-01","","20.08333333"
"CENTRO DE ALTO RENDIMIENTO","2020-12-31","","30.40454545"
"CENTRO DE ALTO RENDIMIENTO","2020-12-30","","37.36363636"
"CENTRO DE ALTO RENDIMIENTO","2020-12-29","","25.44583333"
"CENTRO DE ALTO RENDIMIENTO","2020-12-28","","28.07"
"CENTRO DE ALTO RENDIMIENTO","2020-12-27","","15.1047619"
"CENTRO DE ALTO RENDIMIENTO","2020-12-26","","16.3"
"CENTRO DE ALTO RENDIMIENTO","2020-12-25","","16.38947368"
"CENTRO DE ALTO RENDIMIENTO","2020-12-24","","19.60952381"
"CENTRO DE ALTO RENDIMIENTO","2020-12-23","","42.44583333"
"CENTRO DE ALTO RENDIMIENTO","2020-12-22","","28.3125"
"CENTRO DE ALTO RENDIMIENTO","2020-12-21","","30.36666667"
"CENTRO DE ALTO RENDIMIENTO","2020-12-20","","15.3"
"CENTRO DE ALTO RENDIMIENTO","2020-12-19","","23.66521739"
"CENTRO DE ALTO RENDIMIENTO","2020-12-18","","27.63043478"
"CENTRO DE ALTO RENDIMIENTO","2020-12-17","","30.54"
"CENTRO DE ALTO RENDIMIENTO","2020-12-12","","23.925"
"CENTRO DE ALTO RENDIMIENTO","2020-12-11","","30.9826087"
"CENTRO DE ALTO RENDIMIENTO","2020-12-10","","51.92916667"
"CENTRO DE ALTO RENDIMIENTO","2020-12-09","","28.35217391"
"CENTRO DE ALTO RENDIMIENTO","2020-12-08","","40.59090909"
"CENTRO DE ALTO RENDIMIENTO","2020-12-07","","29.5125"
"CENTRO DE ALTO RENDIMIENTO","2020-12-06","","13.35416667"
"CENTRO DE ALTO RENDIMIENTO","2020-12-05","","16.625"
"CENTRO DE ALTO RENDIMIENTO","2020-12-04","","23.53043478"
"CENTRO DE ALTO RENDIMIENTO","2020-12-03","","18.1625"
"CENTRO DE ALTO RENDIMIENTO","2020-12-02","","12.58333333"
"CENTRO DE ALTO RENDIMIENTO","2020-12-01","","24.64583333"
"CENTRO DE ALTO RENDIMIENTO","2020-11-30","","11.84090909"
"CENTRO DE ALTO RENDIMIENTO","2020-11-29","","12.37"
"CENTRO DE ALTO RENDIMIENTO","2020-11-28","","19.605"
"CENTRO DE ALTO RENDIMIENTO","2020-11-27","","33.7375"
"CENTRO DE ALTO RENDIMIENTO","2020-11-26","","46.0125"
"CENTRO DE ALTO RENDIMIENTO","2020-11-25","","25.8625"
"CENTRO DE ALTO RENDIMIENTO","2020-11-24","","39.6"
"CENTRO DE ALTO RENDIMIENTO","2020-11-23","","30.4875"
"CENTRO DE ALTO RENDIMIENTO","2020-11-22","","33.55"
"CENTRO DE ALTO RENDIMIENTO","2020-11-21","","19.72916667"
"CENTRO DE ALTO RENDIMIENTO","2020-11-20","","20.80454545"
"CENTRO DE ALTO RENDIMIENTO","2020-11-19","","20.87222222"
"CENTRO DE ALTO RENDIMIENTO","2020-11-18","","25.18636364"
"CENTRO DE ALTO RENDIMIENTO","2020-11-17","","19.90416667"
"CENTRO DE ALTO RENDIMIENTO","2020-11-16","","14.35"
"CENTRO DE ALTO RENDIMIENTO","2020-11-15","","25.00454545"
"CENTRO DE ALTO RENDIMIENTO","2020-11-14","","35.59130435"
"CENTRO DE ALTO RENDIMIENTO","2020-11-13","","20.77894737"
"CENTRO DE ALTO RENDIMIENTO","2020-11-12","","26.43043478"
"CENTRO DE ALTO RENDIMIENTO","2020-11-11","","11.975"
"CENTRO DE ALTO RENDIMIENTO","2020-11-10","","30.77083333"
"CENTRO DE ALTO RENDIMIENTO","2020-11-09","","24.9047619"
"CENTRO DE ALTO RENDIMIENTO","2020-11-08","","25.65416667"
"CENTRO DE ALTO RENDIMIENTO","2020-11-07","","37.67916667"
"CENTRO DE ALTO RENDIMIENTO","2020-11-06","","50.49583333"
"CENTRO DE ALTO RENDIMIENTO","2020-11-05","","23.40434783"
"CENTRO DE ALTO RENDIMIENTO","2020-11-04","","33.12083333"
"CENTRO DE ALTO RENDIMIENTO","2020-11-03","","35.03478261"
"CENTRO DE ALTO RENDIMIENTO","2020-11-02","","19.175"
"CENTRO DE ALTO RENDIMIENTO","2020-11-01","","16.1125"
"CENTRO DE ALTO RENDIMIENTO","2020-10-31","","26.35"
"CENTRO DE ALTO RENDIMIENTO","2020-10-30","","26.42916667"
"CENTRO DE ALTO RENDIMIENTO","2020-10-29","","29.42916667"
"CENTRO DE ALTO RENDIMIENTO","2020-10-28","","18.6"
"CENTRO DE ALTO RENDIMIENTO","2020-10-27","","31.87727273"
"CENTRO DE ALTO RENDIMIENTO","2020-10-26","","43.25"
"CENTRO DE ALTO RENDIMIENTO","2020-10-25","","25.75652174"
"CENTRO DE ALTO RENDIMIENTO","2020-10-24","","14.26666667"
"CENTRO DE ALTO RENDIMIENTO","2020-10-23","","9.55217391"
"CENTRO DE ALTO RENDIMIENTO","2020-10-22","","7.32777778"
"CENTRO DE ALTO RENDIMIENTO","2020-10-21","","15.51818182"
"CENTRO DE ALTO RENDIMIENTO","2020-10-20","","32.84166667"
"CENTRO DE ALTO RENDIMIENTO","2020-10-19","","28.79545455"
"CENTRO DE ALTO RENDIMIENTO","2020-10-18","","13.55"
"CENTRO DE ALTO RENDIMIENTO","2020-10-17","","10.58888889"
"CENTRO DE ALTO RENDIMIENTO","2020-10-16","","9.395"
"CENTRO DE ALTO RENDIMIENTO","2020-10-15","","17.96521739"
"CENTRO DE ALTO RENDIMIENTO","2020-10-14","","26.56956522"
"CENTRO DE ALTO RENDIMIENTO","2020-10-13","","10.58095238"
"CENTRO DE ALTO RENDIMIENTO","2020-10-12","","13.22380952"
"CENTRO DE ALTO RENDIMIENTO","2020-10-11","","8.6125"
"CENTRO DE ALTO RENDIMIENTO","2020-10-10","","17.00454545"
"CENTRO DE ALTO RENDIMIENTO","2020-10-09","","5.65833333"
"CENTRO DE ALTO RENDIMIENTO","2020-10-08","","10.32380952"
"CENTRO DE ALTO RENDIMIENTO","2020-10-07","","18.99583333"
"CENTRO DE ALTO RENDIMIENTO","2020-10-06","","30.32083333"
"CENTRO DE ALTO RENDIMIENTO","2020-10-05","","15.5625"
"CENTRO DE ALTO RENDIMIENTO","2020-10-04","","9.00833333"
"CENTRO DE ALTO RENDIMIENTO","2020-10-03","","22.55416667"
"CENTRO DE ALTO RENDIMIENTO","2020-10-02","","22.59166667"
"CENTRO DE ALTO RENDIMIENTO","2020-10-01","","11.53529412"
"CENTRO DE ALTO RENDIMIENTO","2020-09-30","","8.63043478"
"CENTRO DE ALTO RENDIMIENTO","2020-09-29","","10.87916667"
"CENTRO DE ALTO RENDIMIENTO","2020-09-28","","14.08947368"
"CENTRO DE ALTO RENDIMIENTO","2020-09-27","","14.57916667"
"CENTRO DE ALTO RENDIMIENTO","2020-09-26","","28.37083333"
"CENTRO DE ALTO RENDIMIENTO","2020-09-25","","7.0625"
"CENTRO DE ALTO RENDIMIENTO","2020-09-24","","5.15652174"
"CENTRO DE ALTO RENDIMIENTO","2020-09-23","","15.9375"
"CENTRO DE ALTO RENDIMIENTO","2020-09-22","","17.45"
"CENTRO DE ALTO RENDIMIENTO","2020-09-21","","9.05"
"CENTRO DE ALTO RENDIMIENTO","2020-09-20","","8.46190476"
"CENTRO DE ALTO RENDIMIENTO","2020-09-19","","25.68"
"CENTRO DE ALTO RENDIMIENTO","2020-09-18","","32.57916667"
"CENTRO DE ALTO RENDIMIENTO","2020-09-17","","36.36363636"
"CENTRO DE ALTO RENDIMIENTO","2020-09-16","","22.78333333"
"CENTRO DE ALTO RENDIMIENTO","2020-09-15","","18.84347826"
"CENTRO DE ALTO RENDIMIENTO","2020-09-14","","10.70454545"
"CENTRO DE ALTO RENDIMIENTO","2020-09-13","","11.685"
"CENTRO DE ALTO RENDIMIENTO","2020-09-12","","23.25833333"
"CENTRO DE ALTO RENDIMIENTO","2020-09-11","","26.725"
"CENTRO DE ALTO RENDIMIENTO","2020-09-10","","26.48333333"
"CENTRO DE ALTO RENDIMIENTO","2020-09-09","","32.13913043"
"CENTRO DE ALTO RENDIMIENTO","2020-09-08","","15.41363636"
"CENTRO DE ALTO RENDIMIENTO","2020-09-07","","21.32272727"
"CENTRO DE ALTO RENDIMIENTO","2020-09-06","","6.7"
"CENTRO DE ALTO RENDIMIENTO","2020-09-05","","9.82941176"
"CENTRO DE ALTO RENDIMIENTO","2020-09-04","","9.9"
"CENTRO DE ALTO RENDIMIENTO","2020-09-03","","17.025"
"CENTRO DE ALTO RENDIMIENTO","2020-09-02","","20.67083333"
"CENTRO DE ALTO RENDIMIENTO","2020-09-01","","16.05"
"CENTRO DE ALTO RENDIMIENTO","2020-08-31","","26.80434783"
"CENTRO DE ALTO RENDIMIENTO","2020-08-30","","17.52083333"
"CENTRO DE ALTO RENDIMIENTO","2020-08-29","","34.325"
"CENTRO DE ALTO RENDIMIENTO","2020-08-28","","11.6"
"CENTRO DE ALTO RENDIMIENTO","2020-08-27","","11.21818182"
"CENTRO DE ALTO RENDIMIENTO","2020-08-26","","28.20416667"
"CENTRO DE ALTO RENDIMIENTO","2020-08-25","","28.4375"
"CENTRO DE ALTO RENDIMIENTO","2020-08-24","","19.82272727"
"CENTRO DE ALTO RENDIMIENTO","2020-08-23","","19.85"
"CENTRO DE ALTO RENDIMIENTO","2020-08-22","","14.95833333"
"CENTRO DE ALTO RENDIMIENTO","2020-08-21","","11.8625"
"CENTRO DE ALTO RENDIMIENTO","2020-08-20","","15.925"
"CENTRO DE ALTO RENDIMIENTO","2020-08-19","","21.37368421"
"CENTRO DE ALTO RENDIMIENTO","2020-08-18","","32.45416667"
"CENTRO DE ALTO RENDIMIENTO","2020-08-17","","23.77272727"
"CENTRO DE ALTO RENDIMIENTO","2020-08-16","","11.30416667"
"CENTRO DE ALTO RENDIMIENTO","2020-08-15","","9.76190476"
"CENTRO DE ALTO RENDIMIENTO","2020-08-14","","6.32272727"
"CENTRO DE ALTO RENDIMIENTO","2020-08-13","","7.50833333"
"CENTRO DE ALTO RENDIMIENTO","2020-08-12","","16.07826087"
"CENTRO DE ALTO RENDIMIENTO","2020-08-11","","14.7375"
"CENTRO DE ALTO RENDIMIENTO","2020-08-10","","8.235"
"CENTRO DE ALTO RENDIMIENTO","2020-08-09","","5.525"
"CENTRO DE ALTO RENDIMIENTO","2020-08-08","","5.64166667"
"CENTRO DE ALTO RENDIMIENTO","2020-08-07","","7.32083333"
"CENTRO DE ALTO RENDIMIENTO","2020-08-06","","11.2"
"CENTRO DE ALTO RENDIMIENTO","2020-08-05","","6.90434783"
"CENTRO DE ALTO RENDIMIENTO","2020-08-04","","9.84166667"
"CENTRO DE ALTO RENDIMIENTO","2020-08-03","","10.28695652"
"CENTRO DE ALTO RENDIMIENTO","2020-08-02","","11.02083333"
"CENTRO DE ALTO RENDIMIENTO","2020-08-01","","13.6125"
"CENTRO DE ALTO RENDIMIENTO","2020-07-31","","7.01818182"
"CENTRO DE ALTO RENDIMIENTO","2020-07-30","","18.67391304"
"CENTRO DE ALTO RENDIMIENTO","2020-07-29","","16.43333333"
"CENTRO DE ALTO RENDIMIENTO","2020-07-28","","11.23478261"
"CENTRO DE ALTO RENDIMIENTO","2020-07-27","","5.29583333"
"CENTRO DE ALTO RENDIMIENTO","2020-07-26","","10.9875"
"CENTRO DE ALTO RENDIMIENTO","2020-07-25","","13.74761905"
"CENTRO DE ALTO RENDIMIENTO","2020-07-24","","16.12916667"
"CENTRO DE ALTO RENDIMIENTO","2020-07-23","","14.72083333"
"CENTRO DE ALTO RENDIMIENTO","2020-07-22","","16.65"
"CENTRO DE ALTO RENDIMIENTO","2020-07-21","","17.38333333"
"CENTRO DE ALTO RENDIMIENTO","2020-07-20","","4.63333333"
"CENTRO DE ALTO RENDIMIENTO","2020-07-19","","7.92916667"
"CENTRO DE ALTO RENDIMIENTO","2020-07-18","","10.36666667"
"CENTRO DE ALTO RENDIMIENTO","2020-07-17","","15.29583333"
"CENTRO DE ALTO RENDIMIENTO","2020-07-16","","11.19166667"
"CENTRO DE ALTO RENDIMIENTO","2020-07-15","","6.77391304"
"CENTRO DE ALTO RENDIMIENTO","2020-07-14","","3.75263158"
"CENTRO DE ALTO RENDIMIENTO","2020-07-13","","9.60833333"
"CENTRO DE ALTO RENDIMIENTO","2020-07-12","","16.95"
"CENTRO DE ALTO RENDIMIENTO","2020-07-11","","19.67916667"
"CENTRO DE ALTO RENDIMIENTO","2020-07-10","","13.1625"
"CENTRO DE ALTO RENDIMIENTO","2020-07-09","","6.86956522"
"CENTRO DE ALTO RENDIMIENTO","2020-07-08","","18.2"
"CENTRO DE ALTO RENDIMIENTO","2020-07-07","","9.97916667"
"CENTRO DE ALTO RENDIMIENTO","2020-07-06","","14.79166667"
"CENTRO DE ALTO RENDIMIENTO","2020-07-05","","17.12916667"
"CENTRO DE ALTO RENDIMIENTO","2020-07-04","","5.45"
"CENTRO DE ALTO RENDIMIENTO","2020-07-03","","13.45"
"CENTRO DE ALTO RENDIMIENTO","2020-07-02","","8.46666667"
"CENTRO DE ALTO RENDIMIENTO","2020-07-01","","24.44166667"
"CENTRO DE ALTO RENDIMIENTO","2020-06-30","","24.26956522"
"CENTRO DE ALTO RENDIMIENTO","2020-06-29","","4.37083333"
"CENTRO DE ALTO RENDIMIENTO","2020-06-28","","8.52916667"
"CENTRO DE ALTO RENDIMIENTO","2020-06-27","","15.30416667"
"CENTRO DE ALTO RENDIMIENTO","2020-06-26","","13.22083333"
"CENTRO DE ALTO RENDIMIENTO","2020-06-25","","56.56666667"
"CENTRO DE ALTO RENDIMIENTO","2020-06-24","","84.14166667"
"CENTRO DE ALTO RENDIMIENTO","2020-06-23","","16.99545455"
"CENTRO DE ALTO RENDIMIENTO","2020-06-22","","5.15833333"
"CENTRO DE ALTO RENDIMIENTO","2020-06-21","","2.95"
"CENTRO DE ALTO RENDIMIENTO","2020-06-20","","7.075"
"CENTRO DE ALTO RENDIMIENTO","2020-06-19","","13.9375"
"CENTRO DE ALTO RENDIMIENTO","2020-06-18","","33.35833333"
"CENTRO DE ALTO RENDIMIENTO","2020-06-17","","20.225"
"CENTRO DE ALTO RENDIMIENTO","2020-06-16","","16.63333333"
"CENTRO DE ALTO RENDIMIENTO","2020-06-14","","4.60625"
"CENTRO DE ALTO RENDIMIENTO","2020-06-13","","13.77083333"
"CENTRO DE ALTO RENDIMIENTO","2020-06-12","","16.68636364"
"CENTRO DE ALTO RENDIMIENTO","2020-06-11","","16.1875"
"CENTRO DE ALTO RENDIMIENTO","2020-06-10","","21.19166667"
"CENTRO DE ALTO RENDIMIENTO","2020-06-09","","19.75416667"
"CENTRO DE ALTO RENDIMIENTO","2020-06-08","","8.87727273"
"CENTRO DE ALTO RENDIMIENTO","2020-06-07","","5.97916667"
"CENTRO DE ALTO RENDIMIENTO","2020-06-06","","5.45909091"
"CENTRO DE ALTO RENDIMIENTO","2020-06-05","","5.34166667"
"CENTRO DE ALTO RENDIMIENTO","2020-06-04","","13.57916667"
"CENTRO DE ALTO RENDIMIENTO","2020-06-03","","27.475"
"CENTRO DE ALTO RENDIMIENTO","2020-06-02","","16.71666667"
"CENTRO DE ALTO RENDIMIENTO","2020-06-01","","8.36956522"
"CENTRO DE ALTO RENDIMIENTO","2020-05-31","","11.94782609"
"CENTRO DE ALTO RENDIMIENTO","2020-05-30","","17.24583333"
"CENTRO DE ALTO RENDIMIENTO","2020-05-29","","19.7875"
"CENTRO DE ALTO RENDIMIENTO","2020-05-28","","17.93181818"
"CENTRO DE ALTO RENDIMIENTO","2020-05-27","","4.41904762"
"CENTRO DE ALTO RENDIMIENTO","2020-05-26","","4.325"
"CENTRO DE ALTO RENDIMIENTO","2020-05-25","","4.9"
"CENTRO DE ALTO RENDIMIENTO","2020-05-24","","7.5"
"CENTRO DE ALTO RENDIMIENTO","2020-05-23","","5.55"
"CENTRO DE ALTO RENDIMIENTO","2020-05-22","","8.49583333"
"CENTRO DE ALTO RENDIMIENTO","2020-05-21","","9.475"
"CENTRO DE ALTO RENDIMIENTO","2020-05-20","","10.45"
"CENTRO DE ALTO RENDIMIENTO","2020-05-19","","9.39583333"
"CENTRO DE ALTO RENDIMIENTO","2020-05-18","","4.8"
"CENTRO DE ALTO RENDIMIENTO","2020-05-16","","6.35625"
"CENTRO DE ALTO RENDIMIENTO","2020-05-15","","17.05652174"
"CENTRO DE ALTO RENDIMIENTO","2020-05-14","","21.9625"
"CENTRO DE ALTO RENDIMIENTO","2020-05-13","","22.8625"
"CENTRO DE ALTO RENDIMIENTO","2020-05-12","","22.21666667"
"CENTRO DE ALTO RENDIMIENTO","2020-05-11","","11.5"
"CENTRO DE ALTO RENDIMIENTO","2020-05-10","","4.12916667"
"CENTRO DE ALTO RENDIMIENTO","2020-05-09","","5.0125"
"CENTRO DE ALTO RENDIMIENTO","2020-05-08","","8.65833333"
"CENTRO DE ALTO RENDIMIENTO","2020-05-07","","6.875"
"CENTRO DE ALTO RENDIMIENTO","2020-05-06","","8.53333333"
"CENTRO DE ALTO RENDIMIENTO","2020-05-05","","7.73333333"
"CENTRO DE ALTO RENDIMIENTO","2020-05-04","","7.37083333"
"CENTRO DE ALTO RENDIMIENTO","2020-05-03","","12.1826087"
"CENTRO DE ALTO RENDIMIENTO","2020-05-02","","9.99130435"
"CENTRO DE ALTO RENDIMIENTO","2020-05-01","","8.72083333"
"CENTRO DE ALTO RENDIMIENTO","2020-04-30","","26.5"
"CENTRO DE ALTO RENDIMIENTO","2020-04-29","","29.55"
"CENTRO DE ALTO RENDIMIENTO","2020-04-28","","20.96666667"
"CENTRO DE ALTO RENDIMIENTO","2020-04-27","","19.52173913"
"CENTRO DE ALTO RENDIMIENTO","2020-04-26","","18.95909091"
"CENTRO DE ALTO RENDIMIENTO","2020-04-25","","21.82727273"
"CENTRO DE ALTO RENDIMIENTO","2020-04-24","","19.47391304"
"CENTRO DE ALTO RENDIMIENTO","2020-04-23","","7.36666667"
"CENTRO DE ALTO RENDIMIENTO","2020-04-22","","21.20416667"
"CENTRO DE ALTO RENDIMIENTO","2020-04-21","","16.47142857"
"CENTRO DE ALTO RENDIMIENTO","2020-04-20","","16.14545455"
"CENTRO DE ALTO RENDIMIENTO","2020-04-19","","27.3952381"
"CENTRO DE ALTO RENDIMIENTO","2020-04-18","","34.21818182"
"CENTRO DE ALTO RENDIMIENTO","2020-04-17","","33.22631579"
"CENTRO DE ALTO RENDIMIENTO","2020-04-16","","38.62083333"
"CENTRO DE ALTO RENDIMIENTO","2020-04-15","","29.44782609"
"CENTRO DE ALTO RENDIMIENTO","2020-04-14","","24.3173913"
"CENTRO DE ALTO RENDIMIENTO","2020-04-13","","22.6875"
"CENTRO DE ALTO RENDIMIENTO","2020-04-12","","13.4125"
"CENTRO DE ALTO RENDIMIENTO","2020-04-11","","8.06666667"
"CENTRO DE ALTO RENDIMIENTO","2020-04-10","","10.89583333"
"CENTRO DE ALTO RENDIMIENTO","2020-04-09","","10.55"
"CENTRO DE ALTO RENDIMIENTO","2020-04-08","","12.475"
"CENTRO DE ALTO RENDIMIENTO","2020-04-07","","6.79166667"
"CENTRO DE ALTO RENDIMIENTO","2020-04-06","","7.625"
"CENTRO DE ALTO RENDIMIENTO","2020-04-05","","5.85789474"
"CENTRO DE ALTO RENDIMIENTO","2020-04-04","","5.58333333"
"CENTRO DE ALTO RENDIMIENTO","2020-04-03","","18.175"
"CENTRO DE ALTO RENDIMIENTO","2020-04-02","","12.25652174"
"CENTRO DE ALTO RENDIMIENTO","2020-04-01","","21.47916667"
"CENTRO DE ALTO RENDIMIENTO","2020-03-31","","25.36818182"
"CENTRO DE ALTO RENDIMIENTO","2020-03-30","","43.51428571"
"CENTRO DE ALTO RENDIMIENTO","2020-03-29","","47.30555556"
"CENTRO DE ALTO RENDIMIENTO","2020-03-28","","40.205"
"CENTRO DE ALTO RENDIMIENTO","2020-03-27","","37.86363636"
"CENTRO DE ALTO RENDIMIENTO","2020-03-26","","30.42857143"
"CENTRO DE ALTO RENDIMIENTO","2020-03-25","","33.78571429"
"CENTRO DE ALTO RENDIMIENTO","2020-03-24","","47.72857143"
"CENTRO DE ALTO RENDIMIENTO","2020-03-23","","45.82380952"
"CENTRO DE ALTO RENDIMIENTO","2020-03-22","","26.84285714"
"CENTRO DE ALTO RENDIMIENTO","2020-03-21","","32.08181818"
"CENTRO DE ALTO RENDIMIENTO","2020-03-20","","48.2"
"CENTRO DE ALTO RENDIMIENTO","2020-03-19","","62.40416667"
"CENTRO DE ALTO RENDIMIENTO","2020-03-18","","67.80833333"
"CENTRO DE ALTO RENDIMIENTO","2020-03-17","","49.9875"
"CENTRO DE ALTO RENDIMIENTO","2020-03-16","","40.61052632"
"CENTRO DE ALTO RENDIMIENTO","2020-03-15","","20.31363636"
"CENTRO DE ALTO RENDIMIENTO","2020-03-14","","24.7625"
"CENTRO DE ALTO RENDIMIENTO","2020-03-13","","41.725"
"CENTRO DE ALTO RENDIMIENTO","2020-03-12","","40.35"
"CENTRO DE ALTO RENDIMIENTO","2020-03-11","","34.49583333"
"CENTRO DE ALTO RENDIMIENTO","2020-03-10","","38.24583333"
"CENTRO DE ALTO RENDIMIENTO","2020-03-09","","33.43913043"
"CENTRO DE ALTO RENDIMIENTO","2020-03-08","","41.93333333"
"CENTRO DE ALTO RENDIMIENTO","2020-03-07","","57.2625"
"CENTRO DE ALTO RENDIMIENTO","2020-03-06","","68.35"
"CENTRO DE ALTO RENDIMIENTO","2020-03-05","","44.8875"
"CENTRO DE ALTO RENDIMIENTO","2020-03-04","","41.35454545"
"CENTRO DE ALTO RENDIMIENTO","2020-03-03","","39.16666667"
"CENTRO DE ALTO RENDIMIENTO","2020-03-02","","30.89166667"
"CENTRO DE ALTO RENDIMIENTO","2020-03-01","","34.49583333"
"CENTRO DE ALTO RENDIMIENTO","2020-02-29","","45.0826087"
"CENTRO DE ALTO RENDIMIENTO","2020-02-28","","39.975"
"CENTRO DE ALTO RENDIMIENTO","2020-02-27","","34.17826087"
"CENTRO DE ALTO RENDIMIENTO","2020-02-26","","32.52380952"
"CENTRO DE ALTO RENDIMIENTO","2020-02-25","","34.71304348"
"CENTRO DE ALTO RENDIMIENTO","2020-02-24","","25.70454545"
"CENTRO DE ALTO RENDIMIENTO","2020-02-23","","20.82631579"
"CENTRO DE ALTO RENDIMIENTO","2020-02-22","","37.86666667"
"CENTRO DE ALTO RENDIMIENTO","2020-02-21","","42.81304348"
"CENTRO DE ALTO RENDIMIENTO","2020-02-20","","31.9173913"
"CENTRO DE ALTO RENDIMIENTO","2020-02-19","","20.12083333"
"CENTRO DE ALTO RENDIMIENTO","2020-02-18","","22.57916667"
"CENTRO DE ALTO RENDIMIENTO","2020-02-17","","15.31666667"
"CENTRO DE ALTO RENDIMIENTO","2020-02-16","","13.11666667"
"CENTRO DE ALTO RENDIMIENTO","2020-02-15","","21.34782609"
"CENTRO DE ALTO RENDIMIENTO","2020-02-14","","30.99166667"
"CENTRO DE ALTO RENDIMIENTO","2020-02-13","","40.29583333"
"CENTRO DE ALTO RENDIMIENTO","2020-02-12","","42.39166667"
"CENTRO DE ALTO RENDIMIENTO","2020-02-11","","29.63333333"
"CENTRO DE ALTO RENDIMIENTO","2020-02-10","","23.25909091"
"CENTRO DE ALTO RENDIMIENTO","2020-02-09","","28.07391304"
"CENTRO DE ALTO RENDIMIENTO","2020-02-08","","50.69166667"
"CENTRO DE ALTO RENDIMIENTO","2020-02-07","","59.83333333"
"CENTRO DE ALTO RENDIMIENTO","2020-02-06","","38.3625"
"CENTRO DE ALTO RENDIMIENTO","2020-02-05","","42.12916667"
"CENTRO DE ALTO RENDIMIENTO","2020-02-04","","41.05"
"CENTRO DE ALTO RENDIMIENTO","2020-02-03","","28.3125"
"CENTRO DE ALTO RENDIMIENTO","2020-02-02","","22.73181818"
"CENTRO DE ALTO RENDIMIENTO","2020-02-01","","20.15833333"
"CENTRO DE ALTO RENDIMIENTO","2020-01-31","","19.2"
"CENTRO DE ALTO RENDIMIENTO","2020-01-30","","31.59565217"
"CENTRO DE ALTO RENDIMIENTO","2020-01-29","","40.90416667"
"CENTRO DE ALTO RENDIMIENTO","2020-01-28","","30.8875"
"CENTRO DE ALTO RENDIMIENTO","2020-01-27","","28.31818182"
"CENTRO DE ALTO RENDIMIENTO","2020-01-26","","18.1125"
"CENTRO DE ALTO RENDIMIENTO","2020-01-25","","33.64347826"
"CENTRO DE ALTO RENDIMIENTO","2020-01-24","","39.22083333"
"CENTRO DE ALTO RENDIMIENTO","2020-01-23","","29.84583333"
"CENTRO DE ALTO RENDIMIENTO","2020-01-22","","31.23333333"
"CENTRO DE ALTO RENDIMIENTO","2020-01-21","","42.93333333"
"CENTRO DE ALTO RENDIMIENTO","2020-01-20","","20.33181818"
"CENTRO DE ALTO RENDIMIENTO","2020-01-19","","5.6"
"CENTRO DE ALTO RENDIMIENTO","2020-01-18","","5.46666667"
"CENTRO DE ALTO RENDIMIENTO","2020-01-17","","4.94166667"
"CENTRO DE ALTO RENDIMIENTO","2020-01-16","","9.68333333"
"CENTRO DE ALTO RENDIMIENTO","2020-01-15","","7.22631579"
"CENTRO DE ALTO RENDIMIENTO","2020-01-14","","16.875"
"CENTRO DE ALTO RENDIMIENTO","2020-01-13","","9.00434783"
"CENTRO DE ALTO RENDIMIENTO","2020-01-12","","8.4"
"CENTRO DE ALTO RENDIMIENTO","2020-01-11","","14.52083333"
"CENTRO DE ALTO RENDIMIENTO","2020-01-10","","14.43181818"
"CENTRO DE ALTO RENDIMIENTO","2020-01-09","","20.23636364"
"CENTRO DE ALTO RENDIMIENTO","2020-01-08","","29.03478261"
"CENTRO DE ALTO RENDIMIENTO","2020-01-07","","22.18571429"
"CENTRO DE ALTO RENDIMIENTO","2020-01-06","","19.50909091"
"CENTRO DE ALTO RENDIMIENTO","2020-01-05","","18.27272727"
"CENTRO DE ALTO RENDIMIENTO","2020-01-04","","33.73913043"
"CENTRO DE ALTO RENDIMIENTO","2020-01-03","","21.10434783"
"CENTRO DE ALTO RENDIMIENTO","2020-01-02","","13.60869565"
"CENTRO DE ALTO RENDIMIENTO","2020-01-01","","16.03157895"
"CENTRO DE ALTO RENDIMIENTO","2019-12-31","","15.97826087"
"CENTRO DE ALTO RENDIMIENTO","2019-12-30","","16.72272727"
"CENTRO DE ALTO RENDIMIENTO","2019-12-29","","24.5826087"
"CENTRO DE ALTO RENDIMIENTO","2019-12-28","","22.715"
"CENTRO DE ALTO RENDIMIENTO","2019-12-27","","6.23913043"
"CENTRO DE ALTO RENDIMIENTO","2019-12-26","","7.59583333"
"CENTRO DE ALTO RENDIMIENTO","2019-12-25","","24.45882353"
"CENTRO DE ALTO RENDIMIENTO","2019-12-24","","5.7875"
"CENTRO DE ALTO RENDIMIENTO","2019-12-23","","4.97916667"
"CENTRO DE ALTO RENDIMIENTO","2019-12-22","","6.47916667"
"CENTRO DE ALTO RENDIMIENTO","2019-12-21","","7.45416667"
"CENTRO DE ALTO RENDIMIENTO","2019-12-20","","8.53333333"
"CENTRO DE ALTO RENDIMIENTO","2019-12-19","","12.675"
"CENTRO DE ALTO RENDIMIENTO","2019-12-18","","20.68695652"
"CENTRO DE ALTO RENDIMIENTO","2019-12-17","","15.57083333"
"CENTRO DE ALTO RENDIMIENTO","2019-12-16","","13.92272727"
"CENTRO DE ALTO RENDIMIENTO","2019-12-15","","20.66190476"
"CENTRO DE ALTO RENDIMIENTO","2019-12-14","","28.87777778"
"CENTRO DE ALTO RENDIMIENTO","2019-12-13","","29.7826087"
"CENTRO DE ALTO RENDIMIENTO","2019-12-12","","22.485"
"CENTRO DE ALTO RENDIMIENTO","2019-12-11","","33.81904762"
"CENTRO DE ALTO RENDIMIENTO","2019-12-10","","19.8173913"
"CENTRO DE ALTO RENDIMIENTO","2019-12-09","","18.5"
"CENTRO DE ALTO RENDIMIENTO","2019-12-08","","19.74166667"
"CENTRO DE ALTO RENDIMIENTO","2019-12-07","","40.27916667"
"CENTRO DE ALTO RENDIMIENTO","2019-12-06","","39.06818182"
"CENTRO DE ALTO RENDIMIENTO","2019-12-05","","14.52857143"
"CENTRO DE ALTO RENDIMIENTO","2019-12-04","","22.35"
"CENTRO DE ALTO RENDIMIENTO","2019-12-03","","36.76666667"
"CENTRO DE ALTO RENDIMIENTO","2019-11-30","","17.7625"
"CENTRO DE ALTO RENDIMIENTO","2019-11-29","","46.4826087"
"CENTRO DE ALTO RENDIMIENTO","2019-11-28","","43.7"
"CENTRO DE ALTO RENDIMIENTO","2019-11-27","","5.25"
"CENTRO DE ALTO RENDIMIENTO","2019-11-26","","6.91304348"
"CENTRO DE ALTO RENDIMIENTO","2019-11-25","","17.0"
"CENTRO DE ALTO RENDIMIENTO","2019-11-24","","30.75"
"CENTRO DE ALTO RENDIMIENTO","2019-11-23","","30.45833333"
"CENTRO DE ALTO RENDIMIENTO","2019-11-22","","28.66666667"
"CENTRO DE ALTO RENDIMIENTO","2019-11-21","","24.91666667"
"CENTRO DE ALTO RENDIMIENTO","2019-11-20","","38.04166667"
"CENTRO DE ALTO RENDIMIENTO","2019-11-19","","35.83333333"
"CENTRO DE ALTO RENDIMIENTO","2019-11-18","","34.2173913"
"CENTRO DE ALTO RENDIMIENTO","2019-11-17","","20.86956522"
"CENTRO DE ALTO RENDIMIENTO","2019-11-16","","29.54166667"
"CENTRO DE ALTO RENDIMIENTO","2019-11-15","","37.95833333"
"CENTRO DE ALTO RENDIMIENTO","2019-11-14","","31.125"
"CENTRO DE ALTO RENDIMIENTO","2019-11-13","","30.38888889"
"CENTRO DE ALTO RENDIMIENTO","2019-11-12","","24.58333333"
"CENTRO DE ALTO RENDIMIENTO","2019-11-11","","13.54545455"
"CENTRO DE ALTO RENDIMIENTO","2019-11-10","","32.33333333"
"CENTRO DE ALTO RENDIMIENTO","2019-11-09","","28.70833333"
"CENTRO DE ALTO RENDIMIENTO","2019-11-08","","17.26086957"
"CENTRO DE ALTO RENDIMIENTO","2019-11-07","","15.75"
"CENTRO DE ALTO RENDIMIENTO","2019-11-06","","19.0"
"CENTRO DE ALTO RENDIMIENTO","2019-11-05","","18.82608696"
"CENTRO DE ALTO RENDIMIENTO","2019-11-04","","13.79166667"
"CENTRO DE ALTO RENDIMIENTO","2019-11-03","","22.41666667"
"CENTRO DE ALTO RENDIMIENTO","2019-11-02","","38.58333333"
"CENTRO DE ALTO RENDIMIENTO","2019-11-01","","40.75"
"CENTRO DE ALTO RENDIMIENTO","2019-10-31","","23.95833333"
"CENTRO DE ALTO RENDIMIENTO","2019-10-30","","34.54166667"
"CENTRO DE ALTO RENDIMIENTO","2019-10-29","","21.625"
"CENTRO DE ALTO RENDIMIENTO","2019-10-28","","16.04166667"
"CENTRO DE ALTO RENDIMIENTO","2019-10-27","","17.69565217"
"CENTRO DE ALTO RENDIMIENTO","2019-10-26","","10.08695652"
"CENTRO DE ALTO RENDIMIENTO","2019-10-25","","16.95833333"
"CENTRO DE ALTO RENDIMIENTO","2019-10-24","","26.52173913"
"CENTRO DE ALTO RENDIMIENTO","2019-10-23","","38.04166667"
"CENTRO DE ALTO RENDIMIENTO","2019-10-22","","36.04166667"
"CENTRO DE ALTO RENDIMIENTO","2019-10-21","","34.95833333"
"CENTRO DE ALTO RENDIMIENTO","2019-10-20","","22.2173913"
"CENTRO DE ALTO RENDIMIENTO","2019-10-19","","15.70833333"
"CENTRO DE ALTO RENDIMIENTO","2019-10-18","","34.20833333"
"CENTRO DE ALTO RENDIMIENTO","2019-10-17","","33.54166667"
"CENTRO DE ALTO RENDIMIENTO","2019-10-16","","26.625"
"CENTRO DE ALTO RENDIMIENTO","2019-10-15","","34.45833333"
"CENTRO DE ALTO RENDIMIENTO","2019-10-14","","13.04166667"
"CENTRO DE ALTO RENDIMIENTO","2019-10-13","","8.20833333"
"CENTRO DE ALTO RENDIMIENTO","2019-10-12","","18.69565217"
"CENTRO DE ALTO RENDIMIENTO","2019-10-11","","37.16666667"
"CENTRO DE ALTO RENDIMIENTO","2019-10-10","","46.91666667"
"CENTRO DE ALTO RENDIMIENTO","2019-10-09","","31.2173913"
"CENTRO DE ALTO RENDIMIENTO","2019-10-08","","30.54166667"
"CENTRO DE ALTO RENDIMIENTO","2019-10-07","","24.29166667"
"CENTRO DE ALTO RENDIMIENTO","2019-10-06","","32.13043478"
"CENTRO DE ALTO RENDIMIENTO","2019-10-05","","39.0"
"CENTRO DE ALTO RENDIMIENTO","2019-10-04","","29.04166667"
"CENTRO DE ALTO RENDIMIENTO","2019-10-03","","14.29166667"
"CENTRO DE ALTO RENDIMIENTO","2019-10-02","","28.20833333"
"CENTRO DE ALTO RENDIMIENTO","2019-10-01","","48.30434783"
"CENTRO DE ALTO RENDIMIENTO","2019-09-30","","30.25"
"CENTRO DE ALTO RENDIMIENTO","2019-09-29","","22.16666667"
"CENTRO DE ALTO RENDIMIENTO","2019-09-28","","26.625"
"CENTRO DE ALTO RENDIMIENTO","2019-09-27","","24.70833333"
"CENTRO DE ALTO RENDIMIENTO","2019-09-26","","17.29166667"
"CENTRO DE ALTO RENDIMIENTO","2019-09-25","","27.95833333"
"CENTRO DE ALTO RENDIMIENTO","2019-09-24","","39.58333333"
"CENTRO DE ALTO RENDIMIENTO","2019-09-23","","36.54166667"
"CENTRO DE ALTO RENDIMIENTO","2019-09-22","","33.86956522"
"CENTRO DE ALTO RENDIMIENTO","2019-09-21","","22.41666667"
"CENTRO DE ALTO RENDIMIENTO","2019-09-20","","62.20833333"
"CENTRO DE ALTO RENDIMIENTO","2019-09-19","","37.20833333"
"CENTRO DE ALTO RENDIMIENTO","2019-09-18","","52.41666667"
"CENTRO DE ALTO RENDIMIENTO","2019-09-17","","60.16666667"
"CENTRO DE ALTO RENDIMIENTO","2019-09-16","","29.70833333"
"CENTRO DE ALTO RENDIMIENTO","2019-09-15","","9.58333333"
"CENTRO DE ALTO RENDIMIENTO","2019-09-14","","10.79166667"
"CENTRO DE ALTO RENDIMIENTO","2019-09-13","","11.79166667"
"CENTRO DE ALTO RENDIMIENTO","2019-09-12","","18.375"
"CENTRO DE ALTO RENDIMIENTO","2019-09-11","","16.27272727"
"CENTRO DE ALTO RENDIMIENTO","2019-09-10","","19.33333333"
"CENTRO DE ALTO RENDIMIENTO","2019-09-09","","10.91666667"
"CENTRO DE ALTO RENDIMIENTO","2019-09-08","","11.0"
"CENTRO DE ALTO RENDIMIENTO","2019-09-07","","15.08333333"
"CENTRO DE ALTO RENDIMIENTO","2019-09-06","","15.0"
"CENTRO DE ALTO RENDIMIENTO","2019-09-05","","11.625"
"CENTRO DE ALTO RENDIMIENTO","2019-09-04","","10.5"
"CENTRO DE ALTO RENDIMIENTO","2019-09-03","","24.75"
"CENTRO DE ALTO RENDIMIENTO","2019-09-02","","16.125"
"CENTRO DE ALTO RENDIMIENTO","2019-09-01","","13.41666667"
"CENTRO DE ALTO RENDIMIENTO","2019-08-31","","17.70833333"
"CENTRO DE ALTO RENDIMIENTO","2019-08-30","","25.79166667"
"CENTRO DE ALTO RENDIMIENTO","2019-08-29","","10.75"
"CENTRO DE ALTO RENDIMIENTO","2019-08-28","","9.29166667"
"CENTRO DE ALTO RENDIMIENTO","2019-08-27","","15.91666667"
"CENTRO DE ALTO RENDIMIENTO","2019-08-26","","16.75"
"CENTRO DE ALTO RENDIMIENTO","2019-08-25","","12.09090909"
"CENTRO DE ALTO RENDIMIENTO","2019-08-24","","9.59090909"
"CENTRO DE ALTO RENDIMIENTO","2019-08-23","","17.29166667"
"CENTRO DE ALTO RENDIMIENTO","2019-08-22","","30.66666667"
"CENTRO DE ALTO RENDIMIENTO","2019-08-21","","13.16666667"
"CENTRO DE ALTO RENDIMIENTO","2019-08-20","","17.91666667"
"CENTRO DE ALTO RENDIMIENTO","2019-08-19","","9.36363636"
"CENTRO DE ALTO RENDIMIENTO","2019-08-18","","21.39130435"
"CENTRO DE ALTO RENDIMIENTO","2019-08-17","","43.0"
"CENTRO DE ALTO RENDIMIENTO","2019-08-16","","61.125"
"CENTRO DE ALTO RENDIMIENTO","2019-08-15","","30.95833333"
"CENTRO DE ALTO RENDIMIENTO","2019-08-14","","14.77272727"
"CENTRO DE ALTO RENDIMIENTO","2019-08-13","","10.25"
"CENTRO DE ALTO RENDIMIENTO","2019-08-12","","9.91666667"
"CENTRO DE ALTO RENDIMIENTO","2019-08-11","","7.56521739"
"CENTRO DE ALTO RENDIMIENTO","2019-08-10","","12.30434783"
"CENTRO DE ALTO RENDIMIENTO","2019-08-09","","12.04761905"
"CENTRO DE ALTO RENDIMIENTO","2019-08-08","","18.43478261"
"CENTRO DE ALTO RENDIMIENTO","2019-08-07","","12.0"
"CENTRO DE ALTO RENDIMIENTO","2019-08-06","","14.20833333"
"CENTRO DE ALTO RENDIMIENTO","2019-08-05","","13.20833333"
"CENTRO DE ALTO RENDIMIENTO","2019-08-04","","11.0"
"CENTRO DE ALTO RENDIMIENTO","2019-08-03","","19.70833333"
"CENTRO DE ALTO RENDIMIENTO","2019-08-02","","18.75"
"CENTRO DE ALTO RENDIMIENTO","2019-08-01","","17.70833333"
"CENTRO DE ALTO RENDIMIENTO","2019-07-31","","12.65217391"
"CENTRO DE ALTO RENDIMIENTO","2019-07-30","","13.54166667"
"CENTRO DE ALTO RENDIMIENTO","2019-07-29","","15.58333333"
"CENTRO DE ALTO RENDIMIENTO","2019-07-28","","16.375"
"CENTRO DE ALTO RENDIMIENTO","2019-07-27","","20.33333333"
"CENTRO DE ALTO RENDIMIENTO","2019-07-26","","13.95833333"
"CENTRO DE ALTO RENDIMIENTO","2019-07-25","","25.79166667"
"CENTRO DE ALTO RENDIMIENTO","2019-07-24","","12.875"
"CENTRO DE ALTO RENDIMIENTO","2019-07-23","","11.41666667"
"CENTRO DE ALTO RENDIMIENTO","2019-07-22","","13.91304348"
"CENTRO DE ALTO RENDIMIENTO","2019-07-21","","7.04166667"
"CENTRO DE ALTO RENDIMIENTO","2019-07-20","","7.95833333"
"CENTRO DE ALTO RENDIMIENTO","2019-07-19","","9.20833333"
"CENTRO DE ALTO RENDIMIENTO","2019-07-18","","10.66666667"
"CENTRO DE ALTO RENDIMIENTO","2019-07-17","","17.45833333"
"CENTRO DE ALTO RENDIMIENTO","2019-07-16","","32.33333333"
"CENTRO DE ALTO RENDIMIENTO","2019-07-15","","12.45833333"
"CENTRO DE ALTO RENDIMIENTO","2019-07-14","","5.72222222"
"CENTRO DE ALTO RENDIMIENTO","2019-07-13","","11.25"
"CENTRO DE ALTO RENDIMIENTO","2019-07-12","","14.95652174"
"CENTRO DE ALTO RENDIMIENTO","2019-07-11","","19.20833333"
"CENTRO DE ALTO RENDIMIENTO","2019-07-10","","12.375"
"CENTRO DE ALTO RENDIMIENTO","2019-07-09","","29.125"
"CENTRO DE ALTO RENDIMIENTO","2019-07-08","","11.91666667"
"CENTRO DE ALTO RENDIMIENTO","2019-07-07","","7.36363636"
"CENTRO DE ALTO RENDIMIENTO","2019-07-06","","13.59090909"
"CENTRO DE ALTO RENDIMIENTO","2019-07-05","","30.95652174"
"CENTRO DE ALTO RENDIMIENTO","2019-07-04","","40.91666667"
"CENTRO DE ALTO RENDIMIENTO","2019-07-03","","21.52173913"
"CENTRO DE ALTO RENDIMIENTO","2019-07-02","","20.875"
"CENTRO DE ALTO RENDIMIENTO","2019-07-01","","14.5"
"CENTRO DE ALTO RENDIMIENTO","2019-06-30","","12.375"
"CENTRO DE ALTO RENDIMIENTO","2019-06-29","","11.54166667"
"CENTRO DE ALTO RENDIMIENTO","2019-06-28","","13.73913043"
"CENTRO DE ALTO RENDIMIENTO","2019-06-27","","22.58333333"
"CENTRO DE ALTO RENDIMIENTO","2019-06-26","","16.45454545"
"CENTRO DE ALTO RENDIMIENTO","2019-06-25","","19.60869565"
"CENTRO DE ALTO RENDIMIENTO","2019-06-24","","9.82608696"
"CENTRO DE ALTO RENDIMIENTO","2019-06-23","","7.16666667"
"CENTRO DE ALTO RENDIMIENTO","2019-06-22","","9.20833333"
"CENTRO DE ALTO RENDIMIENTO","2019-06-21","","8.47826087"
"CENTRO DE ALTO RENDIMIENTO","2019-06-20","","9.20833333"
"CENTRO DE ALTO RENDIMIENTO","2019-06-19","","9.39130435"
"CENTRO DE ALTO RENDIMIENTO","2019-06-18","","7.25"
"CENTRO DE ALTO RENDIMIENTO","2019-06-17","","6.85"
"CENTRO DE ALTO RENDIMIENTO","2019-06-16","","5.52173913"
"CENTRO DE ALTO RENDIMIENTO","2019-06-15","","12.73913043"
"CENTRO DE ALTO RENDIMIENTO","2019-06-14","","17.70833333"
"CENTRO DE ALTO RENDIMIENTO","2019-06-13","","26.20833333"
"CENTRO DE ALTO RENDIMIENTO","2019-06-12","","18.08695652"
"CENTRO DE ALTO RENDIMIENTO","2019-06-11","","10.20833333"
"CENTRO DE ALTO RENDIMIENTO","2019-06-10","","10.25"
"CENTRO DE ALTO RENDIMIENTO","2019-06-09","","4.60869565"
"CENTRO DE ALTO RENDIMIENTO","2019-06-08","","21.33333333"
"CENTRO DE ALTO RENDIMIENTO","2019-06-07","","20.33333333"
"CENTRO DE ALTO RENDIMIENTO","2019-06-06","","20.69565217"
"CENTRO DE ALTO RENDIMIENTO","2019-06-05","","11.91666667"
"CENTRO DE ALTO RENDIMIENTO","2019-06-04","","15.75"
"CENTRO DE ALTO RENDIMIENTO","2019-06-03","","9.625"
"CENTRO DE ALTO RENDIMIENTO","2019-06-02","","21.875"
"CENTRO DE ALTO RENDIMIENTO","2019-06-01","","24.58333333"
"CENTRO DE ALTO RENDIMIENTO","2019-05-31","","32.875"
"CENTRO DE ALTO RENDIMIENTO","2019-05-30","","40.34782609"
"CENTRO DE ALTO RENDIMIENTO","2019-05-29","","40.16666667"
"CENTRO DE ALTO RENDIMIENTO","2019-05-28","","31.125"
"CENTRO DE ALTO RENDIMIENTO","2019-05-27","","43.0"
"CENTRO DE ALTO RENDIMIENTO","2019-05-26","","19.75"
"CENTRO DE ALTO RENDIMIENTO","2019-05-25","","41.625"
"CENTRO DE ALTO RENDIMIENTO","2019-05-24","","25.04166667"
"CENTRO DE ALTO RENDIMIENTO","2019-05-23","","38.625"
"CENTRO DE ALTO RENDIMIENTO","2019-05-22","","22.04166667"
"CENTRO DE ALTO RENDIMIENTO","2019-05-21","","13.29166667"
"CENTRO DE ALTO RENDIMIENTO","2019-05-20","","16.54166667"
"CENTRO DE ALTO RENDIMIENTO","2019-05-19","","19.125"
"CENTRO DE ALTO RENDIMIENTO","2019-05-18","","39.5"
"CENTRO DE ALTO RENDIMIENTO","2019-05-17","","28.20833333"
"CENTRO DE ALTO RENDIMIENTO","2019-05-16","","34.08333333"
"CENTRO DE ALTO RENDIMIENTO","2019-05-15","","13.70833333"
"CENTRO DE ALTO RENDIMIENTO","2019-05-14","","11.79166667"
"CENTRO DE ALTO RENDIMIENTO","2019-05-13","","14.08333333"
"CENTRO DE ALTO RENDIMIENTO","2019-05-12","","11.75"
"CENTRO DE ALTO RENDIMIENTO","2019-05-11","","35.66666667"
"CENTRO DE ALTO RENDIMIENTO","2019-05-10","","35.08333333"
"CENTRO DE ALTO RENDIMIENTO","2019-05-09","","21.0"
"CENTRO DE ALTO RENDIMIENTO","2019-05-08","","26.33333333"
"CENTRO DE ALTO RENDIMIENTO","2019-05-07","","16.54166667"
"CENTRO DE ALTO RENDIMIENTO","2019-05-06","","10.20833333"
"CENTRO DE ALTO RENDIMIENTO","2019-05-05","","10.125"
"CENTRO DE ALTO RENDIMIENTO","2019-05-04","","18.41666667"
"CENTRO DE ALTO RENDIMIENTO","2019-05-03","","22.41666667"
"CENTRO DE ALTO RENDIMIENTO","2019-05-02","","26.08333333"
"CENTRO DE ALTO RENDIMIENTO","2019-05-01","","22.20833333"
"CENTRO DE ALTO RENDIMIENTO","2019-04-30","","19.25"
"CENTRO DE ALTO RENDIMIENTO","2019-04-29","","11.08333333"
"CENTRO DE ALTO RENDIMIENTO","2019-04-28","","6.79166667"
"CENTRO DE ALTO RENDIMIENTO","2019-04-27","","18.0"
"CENTRO DE ALTO RENDIMIENTO","2019-04-26","","24.375"
"CENTRO DE ALTO RENDIMIENTO","2019-04-25","","28.04166667"
"CENTRO DE ALTO RENDIMIENTO","2019-04-24","","29.16666667"
"CENTRO DE ALTO RENDIMIENTO","2019-04-23","","39.58333333"
"CENTRO DE ALTO RENDIMIENTO","2019-04-22","","27.04166667"
"CENTRO DE ALTO RENDIMIENTO","2019-04-21","","17.66666667"
"CENTRO DE ALTO RENDIMIENTO","2019-04-20","","16.09090909"
"CENTRO DE ALTO RENDIMIENTO","2019-04-19","","19.58333333"
"CENTRO DE ALTO RENDIMIENTO","2019-04-18","","30.41666667"
"CENTRO DE ALTO RENDIMIENTO","2019-04-17","","43.66666667"
"CENTRO DE ALTO RENDIMIENTO","2019-04-16","","41.66666667"
"CENTRO DE ALTO RENDIMIENTO","2019-04-15","","23.47826087"
"CENTRO DE ALTO RENDIMIENTO","2019-04-14","","41.625"
"CENTRO DE ALTO RENDIMIENTO","2019-04-13","","34.66666667"
"CENTRO DE ALTO RENDIMIENTO","2019-04-12","","36.41666667"
"CENTRO DE ALTO RENDIMIENTO","2019-04-11","","44.0"
"CENTRO DE ALTO RENDIMIENTO","2019-04-10","","54.0"
"CENTRO DE ALTO RENDIMIENTO","2019-04-09","","50.08333333"
"CENTRO DE ALTO RENDIMIENTO","2019-04-08","","53.68181818"
"CENTRO DE ALTO RENDIMIENTO","2019-04-07","","34.5"
"CENTRO DE ALTO RENDIMIENTO","2019-04-06","","33.125"
"CENTRO DE ALTO RENDIMIENTO","2019-04-05","","50.5"
"CENTRO DE ALTO RENDIMIENTO","2019-04-04","","33.58333333"
"CENTRO DE ALTO RENDIMIENTO","2019-04-03","","53.79166667"
"CENTRO DE ALTO RENDIMIENTO","2019-04-02","","30.66666667"
"CENTRO DE ALTO RENDIMIENTO","2019-04-01","","32.20833333"
"CENTRO DE ALTO RENDIMIENTO","2019-03-31","","16.26086957"
"CENTRO DE ALTO RENDIMIENTO","2019-03-30","","27.70833333"
"CENTRO DE ALTO RENDIMIENTO","2019-03-29","","45.41666667"
"CENTRO DE ALTO RENDIMIENTO","2019-03-28","","87.45833333"
"CENTRO DE ALTO RENDIMIENTO","2019-03-27","","74.16666667"
"CENTRO DE ALTO RENDIMIENTO","2019-03-26","","65.83333333"
"CENTRO DE ALTO RENDIMIENTO","2019-03-25","","45.625"
"CENTRO DE ALTO RENDIMIENTO","2019-03-24","","45.5"
"CENTRO DE ALTO RENDIMIENTO","2019-03-23","","37.95833333"
"CENTRO DE ALTO RENDIMIENTO","2019-03-22","","36.5"
"CENTRO DE ALTO RENDIMIENTO","2019-03-21","","48.0"
"CENTRO DE ALTO RENDIMIENTO","2019-03-20","","42.70833333"
"CENTRO DE ALTO RENDIMIENTO","2019-03-19","","37.58333333"
"CENTRO DE ALTO RENDIMIENTO","2019-03-18","","38.56521739"
"CENTRO DE ALTO RENDIMIENTO","2019-03-17","","25.56521739"
"CENTRO DE ALTO RENDIMIENTO","2019-03-16","","32.16666667"
"CENTRO DE ALTO RENDIMIENTO","2019-03-15","","40.125"
"CENTRO DE ALTO RENDIMIENTO","2019-03-14","","41.75"
"CENTRO DE ALTO RENDIMIENTO","2019-03-13","","47.29166667"
"CENTRO DE ALTO RENDIMIENTO","2019-03-12","","47.91666667"
"CENTRO DE ALTO RENDIMIENTO","2019-03-11","","24.58333333"
"CENTRO DE ALTO RENDIMIENTO","2019-03-10","","14.875"
"CENTRO DE ALTO RENDIMIENTO","2019-03-09","","24.25"
"CENTRO DE ALTO RENDIMIENTO","2019-03-08","","51.0"
"CENTRO DE ALTO RENDIMIENTO","2019-03-07","","74.0"
"CENTRO DE ALTO RENDIMIENTO","2019-03-06","","52.79166667"
"CENTRO DE ALTO RENDIMIENTO","2019-03-05","","61.91666667"
"CENTRO DE ALTO RENDIMIENTO","2019-03-04","","56.08333333"
"CENTRO DE ALTO RENDIMIENTO","2019-03-03","","37.125"
"CENTRO DE ALTO RENDIMIENTO","2019-03-02","","55.5"
"CENTRO DE ALTO RENDIMIENTO","2019-03-01","","70.79166667"
"CENTRO DE ALTO RENDIMIENTO","2019-02-28","","52.83333333"
"CENTRO DE ALTO RENDIMIENTO","2019-02-27","","61.29166667"
"CENTRO DE ALTO RENDIMIENTO","2019-02-26","","57.25"
"CENTRO DE ALTO RENDIMIENTO","2019-02-25","","42.75"
"CENTRO DE ALTO RENDIMIENTO","2019-02-24","","33.08333333"
"CENTRO DE ALTO RENDIMIENTO","2019-02-23","","54.45833333"
"CENTRO DE ALTO RENDIMIENTO","2019-02-22","","48.08333333"
"CENTRO DE ALTO RENDIMIENTO","2019-02-21","","36.04166667"
"CENTRO DE ALTO RENDIMIENTO","2019-02-20","","38.56521739"
"CENTRO DE ALTO RENDIMIENTO","2019-02-19","","39.20833333"
"CENTRO DE ALTO RENDIMIENTO","2019-02-18","","55.54166667"
"CENTRO DE ALTO RENDIMIENTO","2019-02-17","","36.0"
"CENTRO DE ALTO RENDIMIENTO","2019-02-16","","39.5"
"CENTRO DE ALTO RENDIMIENTO","2019-02-15","","54.5"
"CENTRO DE ALTO RENDIMIENTO","2019-02-14","","59.91666667"
"CENTRO DE ALTO RENDIMIENTO","2019-02-13","","51.0"
"CENTRO DE ALTO RENDIMIENTO","2019-02-12","","48.79166667"
"CENTRO DE ALTO RENDIMIENTO","2019-02-11","","45.16666667"
"CENTRO DE ALTO RENDIMIENTO","2019-02-10","","41.41666667"
"CENTRO DE ALTO RENDIMIENTO","2019-02-09","","45.95833333"
"CENTRO DE ALTO RENDIMIENTO","2019-02-08","","38.83333333"
"CENTRO DE ALTO RENDIMIENTO","2019-02-07","","48.41666667"
"CENTRO DE ALTO RENDIMIENTO","2019-02-06","","51.29166667"
"CENTRO DE ALTO RENDIMIENTO","2019-02-05","","51.125"
"CENTRO DE ALTO RENDIMIENTO","2019-02-04","","49.04347826"
"CENTRO DE ALTO RENDIMIENTO","2019-02-03","","32.04166667"
"CENTRO DE ALTO RENDIMIENTO","2019-02-02","","49.91666667"
"CENTRO DE ALTO RENDIMIENTO","2019-02-01","","42.0"
"CENTRO DE ALTO RENDIMIENTO","2019-01-31","","65.72727273"
"CENTRO DE ALTO RENDIMIENTO","2019-01-30","","57.45833333"
"CENTRO DE ALTO RENDIMIENTO","2019-01-29","","43.08333333"
"CENTRO DE ALTO RENDIMIENTO","2019-01-28","","41.95833333"
"CENTRO DE ALTO RENDIMIENTO","2019-01-27","","32.58333333"
"CENTRO DE ALTO RENDIMIENTO","2019-01-26","","26.70833333"
"CENTRO DE ALTO RENDIMIENTO","2019-01-25","","28.83333333"
"CENTRO DE ALTO RENDIMIENTO","2019-01-24","","21.75"
"CENTRO DE ALTO RENDIMIENTO","2019-01-23","","15.54166667"
"CENTRO DE ALTO RENDIMIENTO","2019-01-22","","18.29166667"
"CENTRO DE ALTO RENDIMIENTO","2019-01-21","","22.77272727"
"CENTRO DE ALTO RENDIMIENTO","2019-01-20","","13.08333333"
"CENTRO DE ALTO RENDIMIENTO","2019-01-19","","20.27272727"
"CENTRO DE ALTO RENDIMIENTO","2019-01-18","","19.75"
"CENTRO DE ALTO RENDIMIENTO","2019-01-17","","27.58333333"
"CENTRO DE ALTO RENDIMIENTO","2019-01-16","","25.79166667"
"CENTRO DE ALTO RENDIMIENTO","2019-01-15","","31.04166667"
"CENTRO DE ALTO RENDIMIENTO","2019-01-14","","31.41666667"
"CENTRO DE ALTO RENDIMIENTO","2019-01-13","","34.33333333"
"CENTRO DE ALTO RENDIMIENTO","2019-01-12","","50.95833333"
"CENTRO DE ALTO RENDIMIENTO","2019-01-11","","40.125"
"CENTRO DE ALTO RENDIMIENTO","2019-01-10","","22.375"
"CENTRO DE ALTO RENDIMIENTO","2019-01-09","","39.13636364"
"CENTRO DE ALTO RENDIMIENTO","2019-01-08","","33.17391304"
"CENTRO DE ALTO RENDIMIENTO","2019-01-07","","31.29166667"
"CENTRO DE ALTO RENDIMIENTO","2019-01-06","","31.83333333"
"CENTRO DE ALTO RENDIMIENTO","2019-01-05","","31.16666667"
"CENTRO DE ALTO RENDIMIENTO","2019-01-04","","20.60869565"
"CENTRO DE ALTO RENDIMIENTO","2019-01-03","","9.5"
"CENTRO DE ALTO RENDIMIENTO","2019-01-02","","10.04347826"
"CENTRO DE ALTO RENDIMIENTO","2019-01-01","","15.34782609"
"CENTRO DE ALTO RENDIMIENTO","2018-12-31","","19.18181818"
"CENTRO DE ALTO RENDIMIENTO","2018-12-30","","23.54545455"
"CENTRO DE ALTO RENDIMIENTO","2018-12-29","","12.47826087"
"CENTRO DE ALTO RENDIMIENTO","2018-12-28","","16.29166667"
"CENTRO DE ALTO RENDIMIENTO","2018-12-27","","15.0"
"CENTRO DE ALTO RENDIMIENTO","2018-12-26","","21.41666667"
"CENTRO DE ALTO RENDIMIENTO","2018-12-25","","33.45833333"
"CENTRO DE ALTO RENDIMIENTO","2018-12-24","","29.375"
"CENTRO DE ALTO RENDIMIENTO","2018-12-23","","30.04166667"
"CENTRO DE ALTO RENDIMIENTO","2018-12-22","","21.95833333"
"CENTRO DE ALTO RENDIMIENTO","2018-12-21","","28.33333333"
"CENTRO DE ALTO RENDIMIENTO","2018-12-20","","38.66666667"
"CENTRO DE ALTO RENDIMIENTO","2018-12-19","","27.0"
"CENTRO DE ALTO RENDIMIENTO","2018-12-18","","45.33333333"
"CENTRO DE ALTO RENDIMIENTO","2018-12-17","","38.58333333"
"CENTRO DE ALTO RENDIMIENTO","2018-12-16","","24.125"
"CENTRO DE ALTO RENDIMIENTO","2018-12-15","","26.45833333"
"CENTRO DE ALTO RENDIMIENTO","2018-12-14","","35.20833333"
"CENTRO DE ALTO RENDIMIENTO","2018-12-13","","22.2173913"
"CENTRO DE ALTO RENDIMIENTO","2018-12-12","","20.41666667"
"CENTRO DE ALTO RENDIMIENTO","2018-12-11","","31.45833333"
"CENTRO DE ALTO RENDIMIENTO","2018-12-10","","33.33333333"
"CENTRO DE ALTO RENDIMIENTO","2018-12-09","","35.25"
"CENTRO DE ALTO RENDIMIENTO","2018-12-08","","38.16666667"
"CENTRO DE ALTO RENDIMIENTO","2018-12-07","","43.20833333"
"CENTRO DE ALTO RENDIMIENTO","2018-12-06","","44.33333333"
"CENTRO DE ALTO RENDIMIENTO","2018-12-05","","31.08333333"
"CENTRO DE ALTO RENDIMIENTO","2018-12-04","","42.0"
"CENTRO DE ALTO RENDIMIENTO","2018-12-03","","47.33333333"
"CENTRO DE ALTO RENDIMIENTO","2018-12-02","","25.54166667"
"CENTRO DE ALTO RENDIMIENTO","2018-12-01","","33.54166667"
"CENTRO DE ALTO RENDIMIENTO","2018-11-30","","44.33333333"
"CENTRO DE ALTO RENDIMIENTO","2018-11-29","","42.375"
"CENTRO DE ALTO RENDIMIENTO","2018-11-28","","24.70833333"
"CENTRO DE ALTO RENDIMIENTO","2018-11-27","","51.16666667"
"CENTRO DE ALTO RENDIMIENTO","2018-11-26","","46.25"
"CENTRO DE ALTO RENDIMIENTO","2018-11-25","","28.33333333"
"CENTRO DE ALTO RENDIMIENTO","2018-11-24","","47.54166667"
"CENTRO DE ALTO RENDIMIENTO","2018-11-23","","35.25"
"CENTRO DE ALTO RENDIMIENTO","2018-11-22","","54.79166667"
"CENTRO DE ALTO RENDIMIENTO","2018-11-21","","34.66666667"
"CENTRO DE ALTO RENDIMIENTO","2018-11-20","","15.91666667"
"CENTRO DE ALTO RENDIMIENTO","2018-11-19","","22.22727273"
"CENTRO DE ALTO RENDIMIENTO","2018-11-18","","23.5"
"CENTRO DE ALTO RENDIMIENTO","2018-11-17","","25.30434783"
"CENTRO DE ALTO RENDIMIENTO","2018-11-16","","49.26086957"
"CENTRO DE ALTO RENDIMIENTO","2018-11-15","","64.75"
"CENTRO DE ALTO RENDIMIENTO","2018-11-14","","56.70833333"
"CENTRO DE ALTO RENDIMIENTO","2018-11-13","","36.91304348"
"CENTRO DE ALTO RENDIMIENTO","2018-11-12","","8.65217391"
"CENTRO DE ALTO RENDIMIENTO","2018-11-11","","24.56521739"
"CENTRO DE ALTO RENDIMIENTO","2018-11-10","","23.79166667"
"CENTRO DE ALTO RENDIMIENTO","2018-11-09","","29.45833333"
"CENTRO DE ALTO RENDIMIENTO","2018-11-08","","37.13043478"
"CENTRO DE ALTO RENDIMIENTO","2018-11-07","","36.30434783"
"CENTRO DE ALTO RENDIMIENTO","2018-11-06","","34.65217391"
"CENTRO DE ALTO RENDIMIENTO","2018-11-05","","18.29166667"
"CENTRO DE ALTO RENDIMIENTO","2018-11-04","","37.58333333"
"CENTRO DE ALTO RENDIMIENTO","2018-11-03","","29.41666667"
"CENTRO DE ALTO RENDIMIENTO","2018-11-02","","34.41666667"
"CENTRO DE ALTO RENDIMIENTO","2018-11-01","","14.58333333"
"CENTRO DE ALTO RENDIMIENTO","2018-10-31","","30.54166667"
"CENTRO DE ALTO RENDIMIENTO","2018-10-30","","32.65217391"
"CENTRO DE ALTO RENDIMIENTO","2018-10-29","","19.79166667"
"CENTRO DE ALTO RENDIMIENTO","2018-10-28","","21.8"
"CENTRO DE ALTO RENDIMIENTO","2018-10-27","","12.52173913"
"CENTRO DE ALTO RENDIMIENTO","2018-10-26","","21.58333333"
"CENTRO DE ALTO RENDIMIENTO","2018-10-25","","37.45833333"
"CENTRO DE ALTO RENDIMIENTO","2018-10-24","","28.23333333"
"CENTRO DE ALTO RENDIMIENTO","2018-10-23","","25.57083333"
"CENTRO DE ALTO RENDIMIENTO","2018-10-22","","30.63181818"
"CENTRO DE ALTO RENDIMIENTO","2018-10-21","","15.91666667"
"CENTRO DE ALTO RENDIMIENTO","2018-10-20","","30.3173913"
"CENTRO DE ALTO RENDIMIENTO","2018-10-19","","42.84166667"
"CENTRO DE ALTO RENDIMIENTO","2018-10-18","","63.75"
"CENTRO DE ALTO RENDIMIENTO","2018-10-17","","38.3"
"CENTRO DE ALTO RENDIMIENTO","2018-10-16","","18.4625"
"CENTRO DE ALTO RENDIMIENTO","2018-10-15","","19.05454545"
"CENTRO DE ALTO RENDIMIENTO","2018-10-14","","38.36666667"
"CENTRO DE ALTO RENDIMIENTO","2018-10-13","","58.60833333"
"CENTRO DE ALTO RENDIMIENTO","2018-10-12","","60.25"
"CENTRO DE ALTO RENDIMIENTO","2018-10-11","","34.57916667"
"CENTRO DE ALTO RENDIMIENTO","2018-10-10","","39.2125"
"CENTRO DE ALTO RENDIMIENTO","2018-10-09","","30.125"
"CENTRO DE ALTO RENDIMIENTO","2018-10-08","","20.57083333"
"CENTRO DE ALTO RENDIMIENTO","2018-10-07","","29.82608696"
"CENTRO DE ALTO RENDIMIENTO","2018-10-06","","33.79583333"
"CENTRO DE ALTO RENDIMIENTO","2018-10-05","","46.99583333"
"CENTRO DE ALTO RENDIMIENTO","2018-10-04","","27.29166667"
"CENTRO DE ALTO RENDIMIENTO","2018-10-03","","33.77916667"
"CENTRO DE ALTO RENDIMIENTO","2018-10-02","","24.8125"
"CENTRO DE ALTO RENDIMIENTO","2018-10-01","","29.90869565"
"CENTRO DE ALTO RENDIMIENTO","2018-09-30","","17.23181818"
"CENTRO DE ALTO RENDIMIENTO","2018-09-29","","22.8125"
"CENTRO DE ALTO RENDIMIENTO","2018-09-28","","32.46190476"
"CENTRO DE ALTO RENDIMIENTO","2018-09-27","","28.96875"
"CENTRO DE ALTO RENDIMIENTO","2018-09-24","","16.24166667"
"CENTRO DE ALTO RENDIMIENTO","2018-09-23","","20.30952381"
"CENTRO DE ALTO RENDIMIENTO","2018-09-22","","18.24583333"
"CENTRO DE ALTO RENDIMIENTO","2018-09-21","","21.74583333"
"CENTRO DE ALTO RENDIMIENTO","2018-09-20","","10.78235294"
"CENTRO DE ALTO RENDIMIENTO","2018-09-19","","15.70909091"
"CENTRO DE ALTO RENDIMIENTO","2018-09-18","","17.46363636"
"CENTRO DE ALTO RENDIMIENTO","2018-09-17","","26.54761905"
"CENTRO DE ALTO RENDIMIENTO","2018-09-16","","11.41666667"
"CENTRO DE ALTO RENDIMIENTO","2018-09-15","","36.53333333"
"CENTRO DE ALTO RENDIMIENTO","2018-09-14","","41.94166667"
"CENTRO DE ALTO RENDIMIENTO","2018-09-13","","55.56521739"
"CENTRO DE ALTO RENDIMIENTO","2018-09-12","","49.625"
"CENTRO DE ALTO RENDIMIENTO","2018-09-11","","53.58333333"
"CENTRO DE ALTO RENDIMIENTO","2018-09-10","","31.62608696"
"CENTRO DE ALTO RENDIMIENTO","2018-09-09","","7.86666667"
"CENTRO DE ALTO RENDIMIENTO","2018-09-08","","15.57"
"CENTRO DE ALTO RENDIMIENTO","2018-09-07","","24.0375"
"CENTRO DE ALTO RENDIMIENTO","2018-09-06","","67.19545455"
"CENTRO DE ALTO RENDIMIENTO","2018-09-05","","37.79166667"
"CENTRO DE ALTO RENDIMIENTO","2018-09-04","","13.98636364"
"CENTRO DE ALTO RENDIMIENTO","2018-09-03","","14.17083333"
"CENTRO DE ALTO RENDIMIENTO","2018-09-02","","19.7625"
"CENTRO DE ALTO RENDIMIENTO","2018-09-01","","31.59130435"
"CENTRO DE ALTO RENDIMIENTO","2018-08-31","","27.98333333"
"CENTRO DE ALTO RENDIMIENTO","2018-08-30","","23.99166667"
"CENTRO DE ALTO RENDIMIENTO","2018-08-29","","25.94347826"
"CENTRO DE ALTO RENDIMIENTO","2018-08-28","","12.86086957"
"CENTRO DE ALTO RENDIMIENTO","2018-08-27","","10.03478261"
"CENTRO DE ALTO RENDIMIENTO","2018-08-26","","6.80833333"
"CENTRO DE ALTO RENDIMIENTO","2018-08-25","","9.54166667"
"CENTRO DE ALTO RENDIMIENTO","2018-08-24","","16.2173913"
"CENTRO DE ALTO RENDIMIENTO","2018-08-23","","23.64782609"
"CENTRO DE ALTO RENDIMIENTO","2018-08-22","","11.525"
"CENTRO DE ALTO RENDIMIENTO","2018-08-21","","9.16666667"
"CENTRO DE ALTO RENDIMIENTO","2018-08-20","","8.27"
"CENTRO DE ALTO RENDIMIENTO","2018-08-19","","8.2625"
"CENTRO DE ALTO RENDIMIENTO","2018-08-18","","13.6125"
"CENTRO DE ALTO RENDIMIENTO","2018-08-17","","13.70833333"
"CENTRO DE ALTO RENDIMIENTO","2018-08-16","","19.16666667"
"CENTRO DE ALTO RENDIMIENTO","2018-08-15","","16.45833333"
"CENTRO DE ALTO RENDIMIENTO","2018-08-14","","18.7875"
"CENTRO DE ALTO RENDIMIENTO","2018-08-13","","21.05"
"CENTRO DE ALTO RENDIMIENTO","2018-08-12","","8.54583333"
"CENTRO DE ALTO RENDIMIENTO","2018-08-11","","15.225"
"CENTRO DE ALTO RENDIMIENTO","2018-08-10","","11.27826087"
"CENTRO DE ALTO RENDIMIENTO","2018-08-09","","9.075"
"CENTRO DE ALTO RENDIMIENTO","2018-08-08","","8.12916667"
"CENTRO DE ALTO RENDIMIENTO","2018-08-07","","11.70833333"
"CENTRO DE ALTO RENDIMIENTO","2018-08-06","","8.24782609"
"CENTRO DE ALTO RENDIMIENTO","2018-08-05","","11.14285714"
"CENTRO DE ALTO RENDIMIENTO","2018-08-04","","15.55416667"
"CENTRO DE ALTO RENDIMIENTO","2018-08-03","","21.39583333"
"CENTRO DE ALTO RENDIMIENTO","2018-08-02","","18.65833333"
"CENTRO DE ALTO RENDIMIENTO","2018-08-01","","19.91666667"
"CENTRO DE ALTO RENDIMIENTO","2018-07-31","","29.30454545"
"CENTRO DE ALTO RENDIMIENTO","2018-07-30","","11.35"
"CENTRO DE ALTO RENDIMIENTO","2018-07-29","","9.56666667"
"CENTRO DE ALTO RENDIMIENTO","2018-07-28","","14.86818182"
"CENTRO DE ALTO RENDIMIENTO","2018-07-27","","12.55714286"
"CENTRO DE ALTO RENDIMIENTO","2018-07-26","","7.8625"
"CENTRO DE ALTO RENDIMIENTO","2018-07-25","","20.0125"
"CENTRO DE ALTO RENDIMIENTO","2018-07-24","","16.16086957"
"CENTRO DE ALTO RENDIMIENTO","2018-07-23","","27.15909091"
"CENTRO DE ALTO RENDIMIENTO","2018-07-22","","30.20869565"
"CENTRO DE ALTO RENDIMIENTO","2018-07-21","","21.09583333"
"CENTRO DE ALTO RENDIMIENTO","2018-07-20","","8.99583333"
"CENTRO DE ALTO RENDIMIENTO","2018-07-19","","11.88695652"
"CENTRO DE ALTO RENDIMIENTO","2018-07-18","","12.36666667"
"CENTRO DE ALTO RENDIMIENTO","2018-07-17","","8.57692308"
"CENTRO DE ALTO RENDIMIENTO","2018-07-11","","9.64"
"CENTRO DE ALTO RENDIMIENTO","2018-07-10","","8.03478261"
"CENTRO DE ALTO RENDIMIENTO","2018-07-09","","7.11304348"
"CENTRO DE ALTO RENDIMIENTO","2018-07-08","","7.69583333"
"CENTRO DE ALTO RENDIMIENTO","2018-07-07","","11.54166667"
"CENTRO DE ALTO RENDIMIENTO","2018-07-06","","21.93181818"
"CENTRO DE ALTO RENDIMIENTO","2018-07-05","","7.86666667"
"CENTRO DE ALTO RENDIMIENTO","2018-07-04","","14.87826087"
"CENTRO DE ALTO RENDIMIENTO","2018-07-03","","24.90416667"
"CENTRO DE ALTO RENDIMIENTO","2018-07-02","","22.88333333"
"CENTRO DE ALTO RENDIMIENTO","2018-07-01","","15.86666667"
"CENTRO DE ALTO RENDIMIENTO","2018-06-30","","21.0375"
"CENTRO DE ALTO RENDIMIENTO","2018-06-29","","16.38333333"
"CENTRO DE ALTO RENDIMIENTO","2018-06-28","","12.47916667"
"CENTRO DE ALTO RENDIMIENTO","2018-06-27","","18.725"
"CENTRO DE ALTO RENDIMIENTO","2018-06-26","","14.4875"
"CENTRO DE ALTO RENDIMIENTO","2018-06-25","","7.3"
"CENTRO DE ALTO RENDIMIENTO","2018-06-24","","5.42352941"
"CENTRO DE ALTO RENDIMIENTO","2018-06-23","","9.65416667"
"CENTRO DE ALTO RENDIMIENTO","2018-06-22","","14.475"
"CENTRO DE ALTO RENDIMIENTO","2018-06-21","","20.04583333"
"CENTRO DE ALTO RENDIMIENTO","2018-06-20","","15.57826087"
"CENTRO DE ALTO RENDIMIENTO","2018-06-19","","8.09166667"
"CENTRO DE ALTO RENDIMIENTO","2018-06-18","","10.52083333"
"CENTRO DE ALTO RENDIMIENTO","2018-06-17","","8.41764706"
"CENTRO DE ALTO RENDIMIENTO","2018-06-16","","12.27619048"
"CENTRO DE ALTO RENDIMIENTO","2018-06-15","","15.94782609"
"CENTRO DE ALTO RENDIMIENTO","2018-06-14","","12.84583333"
"CENTRO DE ALTO RENDIMIENTO","2018-06-13","","13.59583333"
"CENTRO DE ALTO RENDIMIENTO","2018-06-12","","12.25"
"CENTRO DE ALTO RENDIMIENTO","2018-06-06","","7.875"
"CENTRO DE ALTO RENDIMIENTO","2018-06-05","","11.81818182"
"CENTRO DE ALTO RENDIMIENTO","2018-06-02","","19.95"
"CENTRO DE ALTO RENDIMIENTO","2018-06-01","","18.95833333"
"CENTRO DE ALTO RENDIMIENTO","2018-05-31","","13.94545455"
"CENTRO DE ALTO RENDIMIENTO","2018-05-30","","27.78333333"
"CENTRO DE ALTO RENDIMIENTO","2018-05-29","","24.875"
"CENTRO DE ALTO RENDIMIENTO","2018-05-28","","35.1125"
"CENTRO DE ALTO RENDIMIENTO","2018-05-23","","13.52"
"CENTRO DE ALTO RENDIMIENTO","2018-05-22","","34.67916667"
"CENTRO DE ALTO RENDIMIENTO","2018-05-21","","41.66666667"
"CENTRO DE ALTO RENDIMIENTO","2018-05-20","","13.97916667"
"CENTRO DE ALTO RENDIMIENTO","2018-05-19","","30.9"
"CENTRO DE ALTO RENDIMIENTO","2018-05-18","","48.52173913"
"CENTRO DE ALTO RENDIMIENTO","2018-05-17","","19.99583333"
"CENTRO DE ALTO RENDIMIENTO","2018-05-16","","15.37916667"
"CENTRO DE ALTO RENDIMIENTO","2018-05-15","","19.6375"
"CENTRO DE ALTO RENDIMIENTO","2018-05-14","","14.09130435"
"CENTRO DE ALTO RENDIMIENTO","2018-05-13","","15.4826087"
"CENTRO DE ALTO RENDIMIENTO","2018-05-12","","13.27272727"
"CENTRO DE ALTO RENDIMIENTO","2018-05-11","","28.5375"
"CENTRO DE ALTO RENDIMIENTO","2018-05-10","","33.69230769"
"CENTRO DE ALTO RENDIMIENTO","2018-05-09","","27.44117647"
"CENTRO DE ALTO RENDIMIENTO","2018-05-08","","28.68235294"
"CENTRO DE ALTO RENDIMIENTO","2018-05-07","","39.14285714"
"CENTRO DE ALTO RENDIMIENTO","2018-05-04","","29.88333333"
"CENTRO DE ALTO RENDIMIENTO","2018-05-03","","28.91666667"
"CENTRO DE ALTO RENDIMIENTO","2018-05-02","","20.92631579"
"CENTRO DE ALTO RENDIMIENTO","2018-05-01","","30.90416667"
"CENTRO DE ALTO RENDIMIENTO","2018-04-30","","29.36666667"
"CENTRO DE ALTO RENDIMIENTO","2018-04-29","","29.8125"
"CENTRO DE ALTO RENDIMIENTO","2018-04-28","","35.86363636"
"CENTRO DE ALTO RENDIMIENTO","2018-04-27","","44.7125"
"CENTRO DE ALTO RENDIMIENTO","2018-04-26","","18.30869565"
"CENTRO DE ALTO RENDIMIENTO","2018-04-25","","32.0"
"CENTRO DE ALTO RENDIMIENTO","2018-04-24","","30.81818182"
"CENTRO DE ALTO RENDIMIENTO","2018-04-23","","19.00416667"
"CENTRO DE ALTO RENDIMIENTO","2018-04-22","","16.22083333"
"CENTRO DE ALTO RENDIMIENTO","2018-04-21","","17.2173913"
"CENTRO DE ALTO RENDIMIENTO","2018-04-20","","15.83478261"
"CENTRO DE ALTO RENDIMIENTO","2018-04-19","","10.23809524"
"CENTRO DE ALTO RENDIMIENTO","2018-04-18","","30.72916667"
"CENTRO DE ALTO RENDIMIENTO","2018-04-17","","58.61904762"
"CENTRO DE ALTO RENDIMIENTO","2018-04-16","","47.375"
"CENTRO DE ALTO RENDIMIENTO","2018-04-15","","21.97083333"
"CENTRO DE ALTO RENDIMIENTO","2018-04-14","","26.78181818"
"CENTRO DE ALTO RENDIMIENTO","2018-04-13","","45.32916667"
"CENTRO DE ALTO RENDIMIENTO","2018-04-12","","37.47083333"
"CENTRO DE ALTO RENDIMIENTO","2018-04-11","","40.625"
"CENTRO DE ALTO RENDIMIENTO","2018-04-10","","32.17826087"
"CENTRO DE ALTO RENDIMIENTO","2018-04-09","","39.67391304"
"CENTRO DE ALTO RENDIMIENTO","2018-04-08","","34.54166667"
"CENTRO DE ALTO RENDIMIENTO","2018-04-07","","40.04166667"
"CENTRO DE ALTO RENDIMIENTO","2018-04-06","","25.75"
"CENTRO DE ALTO RENDIMIENTO","2018-04-05","","37.04166667"
"CENTRO DE ALTO RENDIMIENTO","2018-04-04","","32.13636364"
"CENTRO DE ALTO RENDIMIENTO","2018-04-03","","30.40416667"
"CENTRO DE ALTO RENDIMIENTO","2018-04-02","","29.08333333"
"CENTRO DE ALTO RENDIMIENTO","2018-04-01","","13.76363636"
"CENTRO DE ALTO RENDIMIENTO","2018-03-31","","15.80833333"
"CENTRO DE ALTO RENDIMIENTO","2018-03-30","","26.04761905"
"CENTRO DE ALTO RENDIMIENTO","2018-03-29","","9.9875"
"CENTRO DE ALTO RENDIMIENTO","2018-03-28","","37.73913043"
"CENTRO DE ALTO RENDIMIENTO","2018-03-27","","48.95833333"
"CENTRO DE ALTO RENDIMIENTO","2018-03-26","","39.5"
"CENTRO DE ALTO RENDIMIENTO","2018-03-25","","28.875"
"CENTRO DE ALTO RENDIMIENTO","2018-03-24","","33.19130435"
"CENTRO DE ALTO RENDIMIENTO","2018-03-23","","63.39130435"
"CENTRO DE ALTO RENDIMIENTO","2018-03-22","","42.9"
"CENTRO DE ALTO RENDIMIENTO","2018-03-21","","40.325"
"CENTRO DE ALTO RENDIMIENTO","2018-03-20","","42.41666667"
"CENTRO DE ALTO RENDIMIENTO","2018-03-19","","30.925"
"CENTRO DE ALTO RENDIMIENTO","2018-03-18","","44.34782609"
"CENTRO DE ALTO RENDIMIENTO","2018-03-17","","48.425"
"CENTRO DE ALTO RENDIMIENTO","2018-03-16","","40.45"
"CENTRO DE ALTO RENDIMIENTO","2018-03-15","","56.26086957"
"CENTRO DE ALTO RENDIMIENTO","2018-03-14","","40.06666667"
"CENTRO DE ALTO RENDIMIENTO","2018-03-13","","41.38095238"
"CENTRO DE ALTO RENDIMIENTO","2018-03-12","","30.58333333"
"CENTRO DE ALTO RENDIMIENTO","2018-03-11","","16.28571429"
"CENTRO DE ALTO RENDIMIENTO","2018-03-10","","24.0"
"CENTRO DE ALTO RENDIMIENTO","2018-03-09","","19.24166667"
"CENTRO DE ALTO RENDIMIENTO","2018-03-08","","11.82083333"
"CENTRO DE ALTO RENDIMIENTO","2018-03-07","","12.81818182"
"CENTRO DE ALTO RENDIMIENTO","2018-03-06","","20.12173913"
"CENTRO DE ALTO RENDIMIENTO","2018-03-05","","51.7173913"
"CENTRO DE ALTO RENDIMIENTO","2018-03-04","","46.90909091"
"CENTRO DE ALTO RENDIMIENTO","2018-03-03","","46.25"
"CENTRO DE ALTO RENDIMIENTO","2018-03-02","","35.54285714"
"CENTRO DE ALTO RENDIMIENTO","2018-03-01","","57.5"
"CENTRO DE ALTO RENDIMIENTO","2018-02-28","","50.79166667"
"CENTRO DE ALTO RENDIMIENTO","2018-02-27","","51.08333333"
"CENTRO DE ALTO RENDIMIENTO","2018-02-26","","37.475"
"CENTRO DE ALTO RENDIMIENTO","2018-02-25","","31.60416667"
"CENTRO DE ALTO RENDIMIENTO","2018-02-24","","31.86086957"
"CENTRO DE ALTO RENDIMIENTO","2018-02-23","","49.05"
"CENTRO DE ALTO RENDIMIENTO","2018-02-22","","44.34782609"
"CENTRO DE ALTO RENDIMIENTO","2018-02-21","","50.43478261"
"CENTRO DE ALTO RENDIMIENTO","2018-02-20","","35.86956522"
"CENTRO DE ALTO RENDIMIENTO","2018-02-19","","43.70833333"
"CENTRO DE ALTO RENDIMIENTO","2018-02-18","","23.6826087"
"CENTRO DE ALTO RENDIMIENTO","2018-02-17","","30.21304348"
"CENTRO DE ALTO RENDIMIENTO","2018-02-16","","39.875"
"CENTRO DE ALTO RENDIMIENTO","2018-02-15","","34.72727273"
"CENTRO DE ALTO RENDIMIENTO","2018-02-14","","40.70833333"
"CENTRO DE ALTO RENDIMIENTO","2018-02-13","","56.95833333"
"CENTRO DE ALTO RENDIMIENTO","2018-02-12","","43.41666667"
"CENTRO DE ALTO RENDIMIENTO","2018-02-11","","30.66666667"
"CENTRO DE ALTO RENDIMIENTO","2018-02-10","","31.82272727"
"CENTRO DE ALTO RENDIMIENTO","2018-02-09","","32.31818182"
"CENTRO DE ALTO RENDIMIENTO","2018-02-08","","54.66666667"
"CENTRO DE ALTO RENDIMIENTO","2018-02-07","","38.75"
"CENTRO DE ALTO RENDIMIENTO","2018-02-06","","50.91666667"
"CENTRO DE ALTO RENDIMIENTO","2018-02-05","","40.56818182"
"CENTRO DE ALTO RENDIMIENTO","2018-02-04","","29.19130435"
"CENTRO DE ALTO RENDIMIENTO","2018-02-03","","47.58333333"
"CENTRO DE ALTO RENDIMIENTO","2018-02-02","","44.08333333"
"CENTRO DE ALTO RENDIMIENTO","2018-02-01","","52.83333333"
"CENTRO DE ALTO RENDIMIENTO","2018-01-31","","38.17727273"
"CENTRO DE ALTO RENDIMIENTO","2018-01-30","","43.91666667"
"CENTRO DE ALTO RENDIMIENTO","2018-01-29","","37.80434783"
"CENTRO DE ALTO RENDIMIENTO","2018-01-28","","28.9173913"
"CENTRO DE ALTO RENDIMIENTO","2018-01-27","","49.30434783"
"CENTRO DE ALTO RENDIMIENTO","2018-01-26","","39.04347826"
"CENTRO DE ALTO RENDIMIENTO","2018-01-25","","33.31818182"
"CENTRO DE ALTO RENDIMIENTO","2018-01-24","","34.42105263"
"CENTRO DE ALTO RENDIMIENTO","2018-01-23","","18.775"
"CENTRO DE ALTO RENDIMIENTO","2018-01-22","","17.3"
"CENTRO DE ALTO RENDIMIENTO","2018-01-21","","9.42222222"
"CENTRO DE ALTO RENDIMIENTO","2018-01-20","","10.74166667"
"CENTRO DE ALTO RENDIMIENTO","2018-01-19","","14.5375"
"CENTRO DE ALTO RENDIMIENTO","2018-01-18","","14.66818182"
"CENTRO DE ALTO RENDIMIENTO","2018-01-17","","31.03478261"
"CENTRO DE ALTO RENDIMIENTO","2018-01-16","","28.95909091"
"CENTRO DE ALTO RENDIMIENTO","2018-01-15","","36.1875"
"CENTRO DE ALTO RENDIMIENTO","2018-01-14","","24.29565217"
"CENTRO DE ALTO RENDIMIENTO","2018-01-13","","38.83333333"
"CENTRO DE ALTO RENDIMIENTO","2018-01-12","","31.68181818"
"CENTRO DE ALTO RENDIMIENTO","2018-01-11","","22.16818182"
"CENTRO DE ALTO RENDIMIENTO","2018-01-10","","31.39545455"
"CENTRO DE ALTO RENDIMIENTO","2018-01-09","","35.375"
"CENTRO DE ALTO RENDIMIENTO","2018-01-08","","28.09565217"
"CENTRO DE ALTO RENDIMIENTO","2018-01-07","","26.45454545"
"CENTRO DE ALTO RENDIMIENTO","2018-01-06","","22.54583333"
"CENTRO DE ALTO RENDIMIENTO","2018-01-05","","38.875"
"CENTRO DE ALTO RENDIMIENTO","2018-01-04","","43.5"
"CENTRO DE ALTO RENDIMIENTO","2018-01-03","","32.1"
"CENTRO DE ALTO RENDIMIENTO","2018-01-02","","32.45652174"
"CENTRO DE ALTO RENDIMIENTO","2018-01-01","","19.77777778"
"CENTRO DE ALTO RENDIMIENTO","2017-12-31","","22.29166667"
"CENTRO DE ALTO RENDIMIENTO","2017-12-30","","33.76666667"
"CENTRO DE ALTO RENDIMIENTO","2017-12-29","","27.91666667"
"CENTRO DE ALTO RENDIMIENTO","2017-12-28","","24.72727273"
"CENTRO DE ALTO RENDIMIENTO","2017-12-27","","26.57142857"
"CENTRO DE ALTO RENDIMIENTO","2017-12-26","","34.755"
"CENTRO DE ALTO RENDIMIENTO","2017-12-25","","34.5625"
"CENTRO DE ALTO RENDIMIENTO","2017-12-24","","30.5"
"CENTRO DE ALTO RENDIMIENTO","2017-12-23","","39.09166667"
"CENTRO DE ALTO RENDIMIENTO","2017-12-22","","33.82608696"
"CENTRO DE ALTO RENDIMIENTO","2017-12-21","","64.16666667"
"CENTRO DE ALTO RENDIMIENTO","2017-12-20","","54.66666667"
"CENTRO DE ALTO RENDIMIENTO","2017-12-19","","67.08333333"
"CENTRO DE ALTO RENDIMIENTO","2017-12-18","","42.8625"
"CENTRO DE ALTO RENDIMIENTO","2017-12-17","","33.17083333"
"CENTRO DE ALTO RENDIMIENTO","2017-12-16","","50.75"
"CENTRO DE ALTO RENDIMIENTO","2017-12-15","","34.33333333"
"CENTRO DE ALTO RENDIMIENTO","2017-12-14","","28.15652174"
"CENTRO DE ALTO RENDIMIENTO","2017-12-13","","31.62083333"
"CENTRO DE ALTO RENDIMIENTO","2017-12-12","","32.75416667"
"CENTRO DE ALTO RENDIMIENTO","2017-12-11","","24.25416667"
"CENTRO DE ALTO RENDIMIENTO","2017-12-10","","29.59130435"
"CENTRO DE ALTO RENDIMIENTO","2017-12-09","","40.5"
"CENTRO DE ALTO RENDIMIENTO","2017-12-08","","19.57083333"
"CENTRO DE ALTO RENDIMIENTO","2017-12-07","","41.7"
"CENTRO DE ALTO RENDIMIENTO","2017-12-06","","31.52608696"
"CENTRO DE ALTO RENDIMIENTO","2017-12-05","","14.88333333"
"CENTRO DE ALTO RENDIMIENTO","2017-12-04","","16.2173913"
"CENTRO DE ALTO RENDIMIENTO","2017-12-03","","11.89411765"
"CENTRO DE ALTO RENDIMIENTO","2017-12-02","","43.57916667"
"CENTRO DE ALTO RENDIMIENTO","2017-12-01","","47.39565217"
"CENTRO DE ALTO RENDIMIENTO","2017-11-30","","46.5"
"CENTRO DE ALTO RENDIMIENTO","2017-11-29","","27.72608696"
"CENTRO DE ALTO RENDIMIENTO","2017-11-28","","29.92727273"
"CENTRO DE ALTO RENDIMIENTO","2017-11-27","","26.6826087"
"CENTRO DE ALTO RENDIMIENTO","2017-11-26","","17.69565217"
"CENTRO DE ALTO RENDIMIENTO","2017-11-25","","21.1"
"CENTRO DE ALTO RENDIMIENTO","2017-11-24","","50.41666667"
"CENTRO DE ALTO RENDIMIENTO","2017-11-23","","57.73043478"
"CENTRO DE ALTO RENDIMIENTO","2017-11-22","","54.83333333"
"CENTRO DE ALTO RENDIMIENTO","2017-11-21","","42.25"
"CENTRO DE ALTO RENDIMIENTO","2017-11-20","","28.38"
"CENTRO DE ALTO RENDIMIENTO","2017-11-19","","26.41666667"
"CENTRO DE ALTO RENDIMIENTO","2017-11-18","","43.13043478"
"CENTRO DE ALTO RENDIMIENTO","2017-11-17","","32.70416667"
"CENTRO DE ALTO RENDIMIENTO","2017-11-16","","35.25"
"CENTRO DE ALTO RENDIMIENTO","2017-11-15","","36.125"
"CENTRO DE ALTO RENDIMIENTO","2017-11-14","","40.45833333"
"CENTRO DE ALTO RENDIMIENTO","2017-11-13","","24.15714286"
"CENTRO DE ALTO RENDIMIENTO","2017-11-12","","26.375"
"CENTRO DE ALTO RENDIMIENTO","2017-11-11","","32.88"
"CENTRO DE ALTO RENDIMIENTO","2017-11-10","","54.125"
"CENTRO DE ALTO RENDIMIENTO","2017-11-09","","54.25"
"CENTRO DE ALTO RENDIMIENTO","2017-11-08","","46.04545455"
"CENTRO DE ALTO RENDIMIENTO","2017-11-07","","40.98333333"
"CENTRO DE ALTO RENDIMIENTO","2017-11-06","","41.1125"
"CENTRO DE ALTO RENDIMIENTO","2017-11-05","","45.30434783"
"CENTRO DE ALTO RENDIMIENTO","2017-11-04","","47.85416667"
"CENTRO DE ALTO RENDIMIENTO","2017-11-03","","62.17391304"
"CENTRO DE ALTO RENDIMIENTO","2017-11-02","","44.65217391"
"CENTRO DE ALTO RENDIMIENTO","2017-11-01","","54.58333333"
"CENTRO DE ALTO RENDIMIENTO","2017-10-31","","38.86956522"
"CENTRO DE ALTO RENDIMIENTO","2017-10-30","","34.40416667"
"CENTRO DE ALTO RENDIMIENTO","2017-10-29","","13.6125"
"CENTRO DE ALTO RENDIMIENTO","2017-10-28","","27.1625"
"CENTRO DE ALTO RENDIMIENTO","2017-10-27","","50.04166667"
"CENTRO DE ALTO RENDIMIENTO","2017-10-26","","57.74583333"
"CENTRO DE ALTO RENDIMIENTO","2017-10-25","","28.30434783"
"CENTRO DE ALTO RENDIMIENTO","2017-10-24","","20.54166667"
"CENTRO DE ALTO RENDIMIENTO","2017-10-23","","15.57272727"
"CENTRO DE ALTO RENDIMIENTO","2017-10-22","","11.33636364"
"CENTRO DE ALTO RENDIMIENTO","2017-10-21","","25.00833333"
"CENTRO DE ALTO RENDIMIENTO","2017-10-20","","42.575"
"CENTRO DE ALTO RENDIMIENTO","2017-10-19","","42.04347826"
"CENTRO DE ALTO RENDIMIENTO","2017-10-18","","16.44583333"
"CENTRO DE ALTO RENDIMIENTO","2017-10-17","","11.33333333"
"CENTRO DE ALTO RENDIMIENTO","2017-10-16","","6.91363636"
"CENTRO DE ALTO RENDIMIENTO","2017-10-15","","10.45"
"CENTRO DE ALTO RENDIMIENTO","2017-10-14","","15.0"
"CENTRO DE ALTO RENDIMIENTO","2017-10-13","","15.96666667"
"CENTRO DE ALTO RENDIMIENTO","2017-10-12","","29.80909091"
"CENTRO DE ALTO RENDIMIENTO","2017-10-11","","31.73913043"
"CENTRO DE ALTO RENDIMIENTO","2017-10-10","","54.7"
"CENTRO DE ALTO RENDIMIENTO","2017-10-09","","51.20833333"
"CENTRO DE ALTO RENDIMIENTO","2017-10-08","","34.5"
"CENTRO DE ALTO RENDIMIENTO","2017-10-07","","23.71666667"
"CENTRO DE ALTO RENDIMIENTO","2017-10-06","","25.09130435"
"CENTRO DE ALTO RENDIMIENTO","2017-10-05","","16.9875"
"CENTRO DE ALTO RENDIMIENTO","2017-10-04","","21.16666667"
"CENTRO DE ALTO RENDIMIENTO","2017-10-03","","46.65652174"
"CENTRO DE ALTO RENDIMIENTO","2017-10-02","","33.95833333"
"CENTRO DE ALTO RENDIMIENTO","2017-10-01","","22.0875"
"CENTRO DE ALTO RENDIMIENTO","2017-09-30","","13.075"
"CENTRO DE ALTO RENDIMIENTO","2017-09-29","","18.53478261"
"CENTRO DE ALTO RENDIMIENTO","2017-09-28","","42.57916667"
"CENTRO DE ALTO RENDIMIENTO","2017-09-27","","53.43478261"
"CENTRO DE ALTO RENDIMIENTO","2017-09-26","","59.375"
"CENTRO DE ALTO RENDIMIENTO","2017-09-25","","12.255"
"CENTRO DE ALTO RENDIMIENTO","2017-09-24","","8.26315789"
"CENTRO DE ALTO RENDIMIENTO","2017-09-23","","29.05454545"
"CENTRO DE ALTO RENDIMIENTO","2017-09-22","","50.29130435"
"CENTRO DE ALTO RENDIMIENTO","2017-09-21","","52.05"
"CENTRO DE ALTO RENDIMIENTO","2017-09-20","","53.75"
"CENTRO DE ALTO RENDIMIENTO","2017-09-19","","49.59583333"
"CENTRO DE ALTO RENDIMIENTO","2017-09-18","","22.375"
"CENTRO DE ALTO RENDIMIENTO","2017-09-17","","8.84347826"
"CENTRO DE ALTO RENDIMIENTO","2017-09-16","","14.72272727"
"CENTRO DE ALTO RENDIMIENTO","2017-09-15","","16.2125"
"CENTRO DE ALTO RENDIMIENTO","2017-09-14","","23.19166667"
"CENTRO DE ALTO RENDIMIENTO","2017-09-13","","16.7"
"CENTRO DE ALTO RENDIMIENTO","2017-09-12","","18.70833333"
"CENTRO DE ALTO RENDIMIENTO","2017-09-11","","25.07777778"
"CENTRO DE ALTO RENDIMIENTO","2017-09-10","","19.20434783"
"CENTRO DE ALTO RENDIMIENTO","2017-09-09","","22.7875"
"CENTRO DE ALTO RENDIMIENTO","2017-09-08","","49.375"
"CENTRO DE ALTO RENDIMIENTO","2017-09-07","","42.5"
"CENTRO DE ALTO RENDIMIENTO","2017-09-06","","38.82631579"
"CENTRO DE ALTO RENDIMIENTO","2017-09-05","","38.375"
"CENTRO DE ALTO RENDIMIENTO","2017-09-04","","28.70416667"
"CENTRO DE ALTO RENDIMIENTO","2017-09-03","","11.72083333"
"CENTRO DE ALTO RENDIMIENTO","2017-09-02","","13.775"
"CENTRO DE ALTO RENDIMIENTO","2017-09-01","","22.05652174"
"CENTRO DE ALTO RENDIMIENTO","2017-08-31","","13.69230769"
"CENTRO DE ALTO RENDIMIENTO","2017-08-30","","18.30434783"
"CENTRO DE ALTO RENDIMIENTO","2017-08-29","","30.6875"
"CENTRO DE ALTO RENDIMIENTO","2017-08-28","","30.30416667"
"CENTRO DE ALTO RENDIMIENTO","2017-08-27","","29.79166667"
"CENTRO DE ALTO RENDIMIENTO","2017-08-26","","28.53478261"
"CENTRO DE ALTO RENDIMIENTO","2017-08-25","","18.125"
"CENTRO DE ALTO RENDIMIENTO","2017-08-24","","22.60416667"
"CENTRO DE ALTO RENDIMIENTO","2017-08-23","","27.37916667"
"CENTRO DE ALTO RENDIMIENTO","2017-08-22","","11.77826087"
"CENTRO DE ALTO RENDIMIENTO","2017-08-21","","10.8"
"CENTRO DE ALTO RENDIMIENTO","2017-08-20","","18.34782609"
"CENTRO DE ALTO RENDIMIENTO","2017-08-19","","27.29166667"
"CENTRO DE ALTO RENDIMIENTO","2017-08-18","","42.46086957"
"CENTRO DE ALTO RENDIMIENTO","2017-08-17","","38.0"
"CENTRO DE ALTO RENDIMIENTO","2017-08-16","","40.185"
"CENTRO DE ALTO RENDIMIENTO","2017-08-15","","42.64736842"
"CENTRO DE ALTO RENDIMIENTO","2017-08-14","","32.33333333"
"CENTRO DE ALTO RENDIMIENTO","2017-08-13","","7.91818182"
"CENTRO DE ALTO RENDIMIENTO","2017-08-12","","16.64347826"
"CENTRO DE ALTO RENDIMIENTO","2017-08-11","","26.97826087"
"CENTRO DE ALTO RENDIMIENTO","2017-08-10","","28.39545455"
"CENTRO DE ALTO RENDIMIENTO","2017-08-09","","11.35416667"
"CENTRO DE ALTO RENDIMIENTO","2017-08-08","","20.47727273"
"CENTRO DE ALTO RENDIMIENTO","2017-08-07","","14.4375"
"CENTRO DE ALTO RENDIMIENTO","2017-08-06","","14.91363636"
"CENTRO DE ALTO RENDIMIENTO","2017-08-05","","13.12916667"
"CENTRO DE ALTO RENDIMIENTO","2017-08-04","","17.13636364"
"CENTRO DE ALTO RENDIMIENTO","2017-08-03","","36.20869565"
"CENTRO DE ALTO RENDIMIENTO","2017-08-02","","59.52173913"
"CENTRO DE ALTO RENDIMIENTO","2017-08-01","","36.33333333"
"CENTRO DE ALTO RENDIMIENTO","2017-07-31","","17.8"
"CENTRO DE ALTO RENDIMIENTO","2017-07-30","","9.52173913"
"CENTRO DE ALTO RENDIMIENTO","2017-07-29","","15.08333333"
"CENTRO DE ALTO RENDIMIENTO","2017-07-28","","11.4375"
"CENTRO DE ALTO RENDIMIENTO","2017-07-27","","18.375"
"CENTRO DE ALTO RENDIMIENTO","2017-07-26","","12.27391304"
"CENTRO DE ALTO RENDIMIENTO","2017-07-25","","14.53333333"
"CENTRO DE ALTO RENDIMIENTO","2017-07-24","","12.31666667"
"CENTRO DE ALTO RENDIMIENTO","2017-07-23","","6.91666667"
"CENTRO DE ALTO RENDIMIENTO","2017-07-22","","11.97826087"
"CENTRO DE ALTO RENDIMIENTO","2017-07-21","","18.56521739"
"CENTRO DE ALTO RENDIMIENTO","2017-07-20","","18.62083333"
"CENTRO DE ALTO RENDIMIENTO","2017-07-19","","14.5173913"
"CENTRO DE ALTO RENDIMIENTO","2017-07-18","","14.97727273"
"CENTRO DE ALTO RENDIMIENTO","2017-07-17","","26.125"
"CENTRO DE ALTO RENDIMIENTO","2017-07-16","","51.1875"
"CENTRO DE ALTO RENDIMIENTO","2017-07-15","","57.0"
"CENTRO DE ALTO RENDIMIENTO","2017-07-14","","45.625"
"CENTRO DE ALTO RENDIMIENTO","2017-07-13","","19.93333333"
"CENTRO DE ALTO RENDIMIENTO","2017-07-12","","15.2875"
"CENTRO DE ALTO RENDIMIENTO","2017-07-11","","17.47272727"
"CENTRO DE ALTO RENDIMIENTO","2017-07-10","","14.44761905"
"CENTRO DE ALTO RENDIMIENTO","2017-07-09","","9.54545455"
"CENTRO DE ALTO RENDIMIENTO","2017-07-08","","18.4625"
"CENTRO DE ALTO RENDIMIENTO","2017-07-07","","13.96086957"
"CENTRO DE ALTO RENDIMIENTO","2017-07-06","","14.9"
"CENTRO DE ALTO RENDIMIENTO","2017-07-05","","18.95217391"
"CENTRO DE ALTO RENDIMIENTO","2017-07-04","","9.79166667"
"CENTRO DE ALTO RENDIMIENTO","2017-07-03","","7.79166667"
"CENTRO DE ALTO RENDIMIENTO","2017-07-02","","7.375"
"CENTRO DE ALTO RENDIMIENTO","2017-07-01","","11.56521739"
"CENTRO DE ALTO RENDIMIENTO","2017-06-30","","16.2173913"
"CENTRO DE ALTO RENDIMIENTO","2017-06-29","","34.20833333"
"CENTRO DE ALTO RENDIMIENTO","2017-06-28","","48.83333333"
"CENTRO DE ALTO RENDIMIENTO","2017-06-27","","34.29166667"
"CENTRO DE ALTO RENDIMIENTO","2017-06-26","","23.79166667"
"CENTRO DE ALTO RENDIMIENTO","2017-06-25","","12.34782609"
"CENTRO DE ALTO RENDIMIENTO","2017-06-24","","25.25"
"CENTRO DE ALTO RENDIMIENTO","2017-06-23","","25.0"
"CENTRO DE ALTO RENDIMIENTO","2017-06-22","","20.64705882"
"CENTRO DE ALTO RENDIMIENTO","2017-06-21","","5.77272727"
"CENTRO DE ALTO RENDIMIENTO","2017-06-20","","18.0"
"CENTRO DE ALTO RENDIMIENTO","2017-06-19","","20.75"
"CENTRO DE ALTO RENDIMIENTO","2017-06-18","","38.5"
"CENTRO DE ALTO RENDIMIENTO","2017-06-17","","56.20833333"
"CENTRO DE ALTO RENDIMIENTO","2017-06-16","","27.5"
"CENTRO DE ALTO RENDIMIENTO","2017-06-15","","28.25"
"CENTRO DE ALTO RENDIMIENTO","2017-06-14","","12.125"
"CENTRO DE ALTO RENDIMIENTO","2017-06-13","","19.78947368"
"CENTRO DE ALTO RENDIMIENTO","2017-06-12","","16.2"
"CENTRO DE ALTO RENDIMIENTO","2017-06-09","","41.91666667"
"CENTRO DE ALTO RENDIMIENTO","2017-06-08","","58.0"
"CENTRO DE ALTO RENDIMIENTO","2017-06-07","","45.25"
"CENTRO DE ALTO RENDIMIENTO","2017-06-06","","26.16666667"
"CENTRO DE ALTO RENDIMIENTO","2017-06-05","","13.0"
"CENTRO DE ALTO RENDIMIENTO","2017-05-28","","28.3125"
"CENTRO DE ALTO RENDIMIENTO","2017-05-27","","28.95833333"
"CENTRO DE ALTO RENDIMIENTO","2017-05-26","","24.04166667"
"CENTRO DE ALTO RENDIMIENTO","2017-05-25","","16.35"
"CENTRO DE ALTO RENDIMIENTO","2017-05-24","","14.5"
"CENTRO DE ALTO RENDIMIENTO","2017-05-23","","19.70833333"
"CENTRO DE ALTO RENDIMIENTO","2017-05-22","","27.54166667"
"CENTRO DE ALTO RENDIMIENTO","2017-05-21","","22.875"
"CENTRO DE ALTO RENDIMIENTO","2017-05-20","","16.25"
"CENTRO DE ALTO RENDIMIENTO","2017-05-19","","34.83333333"
"CENTRO DE ALTO RENDIMIENTO","2017-05-18","","30.125"
"CENTRO DE ALTO RENDIMIENTO","2017-05-17","","56.45833333"
"CENTRO DE ALTO RENDIMIENTO","2017-05-16","","31.375"
"CENTRO DE ALTO RENDIMIENTO","2017-05-15","","31.04166667"
"CENTRO DE ALTO RENDIMIENTO","2017-05-14","","15.73913043"
"CENTRO DE ALTO RENDIMIENTO","2017-05-13","","26.75"
"CENTRO DE ALTO RENDIMIENTO","2017-05-12","","36.625"
"CENTRO DE ALTO RENDIMIENTO","2017-05-11","","41.83333333"
"CENTRO DE ALTO RENDIMIENTO","2017-05-10","","40.54166667"
"CENTRO DE ALTO RENDIMIENTO","2017-05-09","","38.5"
"CENTRO DE ALTO RENDIMIENTO","2017-05-08","","30.45833333"
"CENTRO DE ALTO RENDIMIENTO","2017-05-07","","36.04166667"
"CENTRO DE ALTO RENDIMIENTO","2017-05-06","","24.70833333"
"CENTRO DE ALTO RENDIMIENTO","2017-05-05","","44.08333333"
"CENTRO DE ALTO RENDIMIENTO","2017-05-04","","36.29166667"
"CENTRO DE ALTO RENDIMIENTO","2017-05-03","","45.125"
"CENTRO DE ALTO RENDIMIENTO","2017-05-02","","27.70833333"
"CENTRO DE ALTO RENDIMIENTO","2017-05-01","","14.41666667"
"CENTRO DE ALTO RENDIMIENTO","2017-04-30","","12.04166667"
"CENTRO DE ALTO RENDIMIENTO","2017-04-29","","14.83333333"
"CENTRO DE ALTO RENDIMIENTO","2017-04-28","","16.43478261"
"CENTRO DE ALTO RENDIMIENTO","2017-04-27","","38.75"
"CENTRO DE ALTO RENDIMIENTO","2017-04-26","","28.69230769"
"CENTRO DE ALTO RENDIMIENTO","2017-04-25","","40.95454545"
"CENTRO DE ALTO RENDIMIENTO","2017-04-24","","25.0"
"CENTRO DE ALTO RENDIMIENTO","2017-04-23","","21.75"
"CENTRO DE ALTO RENDIMIENTO","2017-04-22","","33.79166667"
"CENTRO DE ALTO RENDIMIENTO","2017-04-21","","30.25"
"CENTRO DE ALTO RENDIMIENTO","2017-04-20","","50.66666667"
"CENTRO DE ALTO RENDIMIENTO","2017-04-19","","28.08695652"
"CENTRO DE ALTO RENDIMIENTO","2017-04-18","","27.4"
"CENTRO DE ALTO RENDIMIENTO","2017-04-17","","27.70833333"
"CENTRO DE ALTO RENDIMIENTO","2017-04-16","","12.43478261"
"CENTRO DE ALTO RENDIMIENTO","2017-04-15","","11.91666667"
"CENTRO DE ALTO RENDIMIENTO","2017-04-14","","14.22727273"
"CENTRO DE ALTO RENDIMIENTO","2017-04-13","","22.70833333"
"CENTRO DE ALTO RENDIMIENTO","2017-04-12","","59.58333333"
"CENTRO DE ALTO RENDIMIENTO","2017-04-11","","52.33333333"
"CENTRO DE ALTO RENDIMIENTO","2017-04-10","","46.04347826"
"CENTRO DE ALTO RENDIMIENTO","2017-04-09","","33.54166667"
"CENTRO DE ALTO RENDIMIENTO","2017-04-08","","61.16666667"
"CENTRO DE ALTO RENDIMIENTO","2017-04-07","","90.5"
"CENTRO DE ALTO RENDIMIENTO","2017-04-06","","62.0"
"CENTRO DE ALTO RENDIMIENTO","2017-04-05","","58.375"
"CENTRO DE ALTO RENDIMIENTO","2017-04-04","","41.125"
"CENTRO DE ALTO RENDIMIENTO","2017-04-03","","30.5"
"CENTRO DE ALTO RENDIMIENTO","2017-04-02","","9.04545455"
"CENTRO DE ALTO RENDIMIENTO","2017-04-01","","11.72727273"
"CENTRO DE ALTO RENDIMIENTO","2017-03-31","","27.77272727"
"CENTRO DE ALTO RENDIMIENTO","2017-03-30","","49.66666667"
"CENTRO DE ALTO RENDIMIENTO","2017-03-29","","30.91666667"
"CENTRO DE ALTO RENDIMIENTO","2017-03-28","","40.27272727"
"CENTRO DE ALTO RENDIMIENTO","2017-03-09","","14.42857143"
"CENTRO DE ALTO RENDIMIENTO","2017-03-08","","27.72083333"
"CENTRO DE ALTO RENDIMIENTO","2017-03-07","","38.60416667"
"CENTRO DE ALTO RENDIMIENTO","2017-03-06","","28.76190476"
"CENTRO DE ALTO RENDIMIENTO","2017-03-05","","20.0"
"CENTRO DE ALTO RENDIMIENTO","2017-03-04","","29.26521739"
"CENTRO DE ALTO RENDIMIENTO","2017-03-03","","20.04736842"
"CENTRO DE ALTO RENDIMIENTO","2017-03-02","","55.625"
"CENTRO DE ALTO RENDIMIENTO","2017-03-01","","40.5"
"CENTRO DE ALTO RENDIMIENTO","2017-02-28","","48.16666667"
"CENTRO DE ALTO RENDIMIENTO","2017-02-27","","35.04166667"
"CENTRO DE ALTO RENDIMIENTO","2017-02-26","","22.875"
"CENTRO DE ALTO RENDIMIENTO","2017-02-25","","35.875"
"CENTRO DE ALTO RENDIMIENTO","2017-02-24","","37.7625"
"CENTRO DE ALTO RENDIMIENTO","2017-02-23","","48.16666667"
"CENTRO DE ALTO RENDIMIENTO","2017-02-22","","46.20833333"
"CENTRO DE ALTO RENDIMIENTO","2017-02-21","","51.58333333"
"CENTRO DE ALTO RENDIMIENTO","2017-02-20","","52.27272727"
"CENTRO DE ALTO RENDIMIENTO","2017-02-17","","34.01875"
"CENTRO DE ALTO RENDIMIENTO","2017-02-16","","43.0"
"CENTRO DE ALTO RENDIMIENTO","2017-02-15","","60.375"
"CENTRO DE ALTO RENDIMIENTO","2017-02-14","","35.41666667"
"CENTRO DE ALTO RENDIMIENTO","2017-02-13","","27.675"
"CENTRO DE ALTO RENDIMIENTO","2017-02-12","","31.72727273"
"CENTRO DE ALTO RENDIMIENTO","2017-02-11","","56.04347826"
"CENTRO DE ALTO RENDIMIENTO","2017-02-10","","49.33"
"CENTRO DE ALTO RENDIMIENTO","2017-02-09","","69.0"
"CENTRO DE ALTO RENDIMIENTO","2017-02-08","","44.73333333"
"CENTRO DE ALTO RENDIMIENTO","2017-02-07","","19.86956522"
"CENTRO DE ALTO RENDIMIENTO","2017-02-06","","29.7375"
"CENTRO DE ALTO RENDIMIENTO","2017-02-05","","20.80454545"
"CENTRO DE ALTO RENDIMIENTO","2017-02-04","","32.38333333"
"CENTRO DE ALTO RENDIMIENTO","2017-02-03","","32.19130435"
"CENTRO DE ALTO RENDIMIENTO","2017-02-02","","43.02083333"
"CENTRO DE ALTO RENDIMIENTO","2017-02-01","","42.4375"
"CENTRO DE ALTO RENDIMIENTO","2017-01-31","","32.44583333"
"CENTRO DE ALTO RENDIMIENTO","2017-01-30","","57.66666667"
"CENTRO DE ALTO RENDIMIENTO","2017-01-29","","19.59090909"
"CENTRO DE ALTO RENDIMIENTO","2017-01-28","","37.38181818"
"CENTRO DE ALTO RENDIMIENTO","2017-01-27","","20.8875"
"CENTRO DE ALTO RENDIMIENTO","2017-01-26","","17.68421053"
"CENTRO DE ALTO RENDIMIENTO","2017-01-25","","24.49166667"
"CENTRO DE ALTO RENDIMIENTO","2017-01-24","","53.29166667"
"CENTRO DE ALTO RENDIMIENTO","2017-01-23","","52.83333333"
"CENTRO DE ALTO RENDIMIENTO","2017-01-22","","28.71428571"
"CENTRO DE ALTO RENDIMIENTO","2017-01-21","","38.225"
"CENTRO DE ALTO RENDIMIENTO","2017-01-20","","53.25"
"CENTRO DE ALTO RENDIMIENTO","2017-01-19","","57.20833333"
"CENTRO DE ALTO RENDIMIENTO","2017-01-18","","43.41904762"
"CENTRO DE ALTO RENDIMIENTO","2017-01-17","","36.45833333"
"CENTRO DE ALTO RENDIMIENTO","2017-01-16","","34.37083333"
"CENTRO DE ALTO RENDIMIENTO","2017-01-15","","23.32916667"
"CENTRO DE ALTO RENDIMIENTO","2017-01-14","","39.24166667"
"CENTRO DE ALTO RENDIMIENTO","2017-01-13","","55.29166667"
"CENTRO DE ALTO RENDIMIENTO","2017-01-12","","43.25652174"
"CENTRO DE ALTO RENDIMIENTO","2017-01-11","","33.68333333"
"CENTRO DE ALTO RENDIMIENTO","2017-01-10","","37.1375"
"CENTRO DE ALTO RENDIMIENTO","2017-01-09","","27.01363636"
"CENTRO DE ALTO RENDIMIENTO","2017-01-08","","15.83913043"
"CENTRO DE ALTO RENDIMIENTO","2017-01-07","","11.93478261"
"CENTRO DE ALTO RENDIMIENTO","2017-01-06","","15.9125"
"CENTRO DE ALTO RENDIMIENTO","2017-01-05","","44.66666667"
"CENTRO DE ALTO RENDIMIENTO","2017-01-04","","39.70833333"
"CENTRO DE ALTO RENDIMIENTO","2017-01-03","","32.86666667"
"CENTRO DE ALTO RENDIMIENTO","2017-01-02","","10.20869565"
"CENTRO DE ALTO RENDIMIENTO","2017-01-01","","10.34285714"
"CENTRO DE ALTO RENDIMIENTO","2016-12-31","","15.33333333"
"CENTRO DE ALTO RENDIMIENTO","2016-12-30","","28.7125"
"CENTRO DE ALTO RENDIMIENTO","2016-12-29","","38.23913043"
"CENTRO DE ALTO RENDIMIENTO","2016-12-28","","34.65714286"
"CENTRO DE ALTO RENDIMIENTO","2016-12-27","","39.04347826"
"CENTRO DE ALTO RENDIMIENTO","2016-12-26","","39.38181818"
"CENTRO DE ALTO RENDIMIENTO","2016-12-25","","42.29130435"
"CENTRO DE ALTO RENDIMIENTO","2016-12-24","","27.775"
"CENTRO DE ALTO RENDIMIENTO","2016-12-23","","54.39130435"
"CENTRO DE ALTO RENDIMIENTO","2016-12-22","","35.98333333"
"CENTRO DE ALTO RENDIMIENTO","2016-12-21","","38.39130435"
"CENTRO DE ALTO RENDIMIENTO","2016-12-20","","50.79166667"
"CENTRO DE ALTO RENDIMIENTO","2016-12-19","","62.34782609"
"CENTRO DE ALTO RENDIMIENTO","2016-12-18","","30.45454545"
"CENTRO DE ALTO RENDIMIENTO","2016-12-17","","53.16666667"
"CENTRO DE ALTO RENDIMIENTO","2016-12-16","","68.54166667"
"CENTRO DE ALTO RENDIMIENTO","2016-12-15","","50.16521739"
"CENTRO DE ALTO RENDIMIENTO","2016-12-14","","67.34782609"
"CENTRO DE ALTO RENDIMIENTO","2016-12-13","","57.40434783"
"CENTRO DE ALTO RENDIMIENTO","2016-12-12","","41.86363636"
"CENTRO DE ALTO RENDIMIENTO","2016-12-11","","23.43181818"
"CENTRO DE ALTO RENDIMIENTO","2016-12-10","","20.28636364"
"CENTRO DE ALTO RENDIMIENTO","2016-12-09","","51.29130435"
"CENTRO DE ALTO RENDIMIENTO","2016-12-08","","56.0"
"CENTRO DE ALTO RENDIMIENTO","2016-12-07","","35.5173913"
"CENTRO DE ALTO RENDIMIENTO","2016-12-06","","42.65"
"CENTRO DE ALTO RENDIMIENTO","2016-12-05","","38.64347826"
"CENTRO DE ALTO RENDIMIENTO","2016-12-04","","21.3"
"CENTRO DE ALTO RENDIMIENTO","2016-12-03","","27.51304348"
"CENTRO DE ALTO RENDIMIENTO","2016-12-02","","49.75217391"
"CENTRO DE ALTO RENDIMIENTO","2016-12-01","","60.83333333"
"CENTRO DE ALTO RENDIMIENTO","2016-11-30","","49.65217391"
"CENTRO DE ALTO RENDIMIENTO","2016-11-29","","55.08333333"
"CENTRO DE ALTO RENDIMIENTO","2016-11-28","","48.125"
"CENTRO DE ALTO RENDIMIENTO","2016-11-27","","51.0952381"
"CENTRO DE ALTO RENDIMIENTO","2016-11-26","","51.23636364"
"CENTRO DE ALTO RENDIMIENTO","2016-11-25","","57.39130435"
"CENTRO DE ALTO RENDIMIENTO","2016-11-24","","86.125"
"CENTRO DE ALTO RENDIMIENTO","2016-11-23","","41.31818182"
"CENTRO DE ALTO RENDIMIENTO","2016-11-22","","69.40909091"
"CENTRO DE ALTO RENDIMIENTO","2016-11-21","","43.29166667"
"CENTRO DE ALTO RENDIMIENTO","2016-11-20","","26.72727273"
"CENTRO DE ALTO RENDIMIENTO","2016-11-19","","37.70833333"
"CENTRO DE ALTO RENDIMIENTO","2016-11-18","","37.79166667"
"CENTRO DE ALTO RENDIMIENTO","2016-11-17","","29.71666667"
"CENTRO DE ALTO RENDIMIENTO","2016-11-16","","30.25"
"CENTRO DE ALTO RENDIMIENTO","2016-11-15","","15.265"
"CENTRO DE ALTO RENDIMIENTO","2016-11-14","","24.47727273"
"CENTRO DE ALTO RENDIMIENTO","2016-11-13","","30.69090909"
"CENTRO DE ALTO RENDIMIENTO","2016-11-12","","50.45416667"
"CENTRO DE ALTO RENDIMIENTO","2016-11-11","","27.73043478"
"CENTRO DE ALTO RENDIMIENTO","2016-11-10","","54.54166667"
"CENTRO DE ALTO RENDIMIENTO","2016-11-09","","50.29166667"
"CENTRO DE ALTO RENDIMIENTO","2016-11-08","","52.56521739"
"CENTRO DE ALTO RENDIMIENTO","2016-11-07","","31.81818182"
"CENTRO DE ALTO RENDIMIENTO","2016-11-06","","26.55652174"
"CENTRO DE ALTO RENDIMIENTO","2016-11-05","","22.19565217"
"CENTRO DE ALTO RENDIMIENTO","2016-11-04","","19.70434783"
"CENTRO DE ALTO RENDIMIENTO","2016-11-03","","50.47826087"
"CENTRO DE ALTO RENDIMIENTO","2016-11-02","","44.54166667"
"CENTRO DE ALTO RENDIMIENTO","2016-11-01","","52.5"
"CENTRO DE ALTO RENDIMIENTO","2016-10-31","","53.26086957"
"CENTRO DE ALTO RENDIMIENTO","2016-10-30","","30.07083333"
"CENTRO DE ALTO RENDIMIENTO","2016-10-29","","37.2173913"
"CENTRO DE ALTO RENDIMIENTO","2016-10-28","","50.47272727"
"CENTRO DE ALTO RENDIMIENTO","2016-10-27","","60.05833333"
"CENTRO DE ALTO RENDIMIENTO","2016-10-26","","49.79166667"
"CENTRO DE ALTO RENDIMIENTO","2016-10-25","","47.375"
"CENTRO DE ALTO RENDIMIENTO","2016-10-24","","51.91666667"
"CENTRO DE ALTO RENDIMIENTO","2016-10-23","","28.55652174"
"CENTRO DE ALTO RENDIMIENTO","2016-10-22","","42.29166667"
"CENTRO DE ALTO RENDIMIENTO","2016-10-21","","59.03478261"
"CENTRO DE ALTO RENDIMIENTO","2016-10-20","","21.48333333"
"CENTRO DE ALTO RENDIMIENTO","2016-10-19","","33.25454545"
"CENTRO DE ALTO RENDIMIENTO","2016-10-18","","30.86956522"
"CENTRO DE ALTO RENDIMIENTO","2016-10-17","","31.4"
"CENTRO DE ALTO RENDIMIENTO","2016-10-16","","17.00454545"
"CENTRO DE ALTO RENDIMIENTO","2016-10-15","","14.20952381"
"CENTRO DE ALTO RENDIMIENTO","2016-10-14","","24.98636364"
"CENTRO DE ALTO RENDIMIENTO","2016-10-13","","39.18181818"
"CENTRO DE ALTO RENDIMIENTO","2016-10-12","","52.52173913"
"CENTRO DE ALTO RENDIMIENTO","2016-10-11","","45.33333333"
"CENTRO DE ALTO RENDIMIENTO","2016-10-10","","31.70833333"
"CENTRO DE ALTO RENDIMIENTO","2016-10-09","","21.14761905"
"CENTRO DE ALTO RENDIMIENTO","2016-10-08","","40.39130435"
"CENTRO DE ALTO RENDIMIENTO","2016-10-07","","52.375"
"CENTRO DE ALTO RENDIMIENTO","2016-10-06","","42.70869565"
"CENTRO DE ALTO RENDIMIENTO","2016-10-05","","42.08333333"
"CENTRO DE ALTO RENDIMIENTO","2016-10-04","","52.69565217"
"CENTRO DE ALTO RENDIMIENTO","2016-10-03","","46.0"
"CENTRO DE ALTO RENDIMIENTO","2016-10-02","","21.675"
"CENTRO DE ALTO RENDIMIENTO","2016-10-01","","33.20952381"
"CENTRO DE ALTO RENDIMIENTO","2016-09-30","","59.125"
"CENTRO DE ALTO RENDIMIENTO","2016-09-29","","58.25"
"CENTRO DE ALTO RENDIMIENTO","2016-09-28","","35.09583333"
"CENTRO DE ALTO RENDIMIENTO","2016-09-27","","17.61904762"
"CENTRO DE ALTO RENDIMIENTO","2016-09-26","","22.78181818"
"CENTRO DE ALTO RENDIMIENTO","2016-09-25","","13.63636364"
"CENTRO DE ALTO RENDIMIENTO","2016-09-24","","13.42857143"
"CENTRO DE ALTO RENDIMIENTO","2016-09-23","","23.52380952"
"CENTRO DE ALTO RENDIMIENTO","2016-09-22","","29.31818182"
"CENTRO DE ALTO RENDIMIENTO","2016-09-21","","21.22727273"
"CENTRO DE ALTO RENDIMIENTO","2016-09-20","","20.18571429"
"CENTRO DE ALTO RENDIMIENTO","2016-09-19","","12.29130435"
"CENTRO DE ALTO RENDIMIENTO","2016-09-18","","18.25416667"
"CENTRO DE ALTO RENDIMIENTO","2016-09-17","","26.53636364"
"CENTRO DE ALTO RENDIMIENTO","2016-09-16","","45.13043478"
"CENTRO DE ALTO RENDIMIENTO","2016-09-15","","27.93043478"
"CENTRO DE ALTO RENDIMIENTO","2016-09-14","","40.2173913"
"CENTRO DE ALTO RENDIMIENTO","2016-09-13","","58.33333333"
"CENTRO DE ALTO RENDIMIENTO","2016-09-12","","45.875"
"CENTRO DE ALTO RENDIMIENTO","2016-09-11","","18.06956522"
"CENTRO DE ALTO RENDIMIENTO","2016-09-10","","23.70434783"
"CENTRO DE ALTO RENDIMIENTO","2016-09-09","","20.19047619"
"CENTRO DE ALTO RENDIMIENTO","2016-09-08","","41.65217391"
"CENTRO DE ALTO RENDIMIENTO","2016-09-07","","30.90909091"
"CENTRO DE ALTO RENDIMIENTO","2016-09-06","","16.56818182"
"CENTRO DE ALTO RENDIMIENTO","2016-09-05","","16.31052632"
"CENTRO DE ALTO RENDIMIENTO","2016-09-04","","24.775"
"CENTRO DE ALTO RENDIMIENTO","2016-09-03","","46.0"
"CENTRO DE ALTO RENDIMIENTO","2016-09-02","","37.52380952"
"CENTRO DE ALTO RENDIMIENTO","2016-09-01","","19.33333333"
"CENTRO DE ALTO RENDIMIENTO","2016-08-31","","28.90909091"
"CENTRO DE ALTO RENDIMIENTO","2016-08-30","","15.14545455"
"CENTRO DE ALTO RENDIMIENTO","2016-08-29","","27.57142857"
"CENTRO DE ALTO RENDIMIENTO","2016-08-28","","16.71818182"
"CENTRO DE ALTO RENDIMIENTO","2016-08-27","","31.52727273"
"CENTRO DE ALTO RENDIMIENTO","2016-08-26","","26.48636364"
"CENTRO DE ALTO RENDIMIENTO","2016-08-25","","31.37826087"
"CENTRO DE ALTO RENDIMIENTO","2016-08-24","","43.32608696"
"CENTRO DE ALTO RENDIMIENTO","2016-08-23","","29.39130435"
"CENTRO DE ALTO RENDIMIENTO","2016-08-22","","13.86521739"
"CENTRO DE ALTO RENDIMIENTO","2016-08-21","","18.35714286"
"CENTRO DE ALTO RENDIMIENTO","2016-08-20","","26.21904762"
"CENTRO DE ALTO RENDIMIENTO","2016-08-19","","29.30434783"
"CENTRO DE ALTO RENDIMIENTO","2016-08-18","","24.26363636"
"CENTRO DE ALTO RENDIMIENTO","2016-08-17","","17.95454545"
"CENTRO DE ALTO RENDIMIENTO","2016-08-16","","16.81818182"
"CENTRO DE ALTO RENDIMIENTO","2016-08-15","","11.08181818"
"CENTRO DE ALTO RENDIMIENTO","2016-08-14","","10.58636364"
"CENTRO DE ALTO RENDIMIENTO","2016-08-13","","13.18333333"
"CENTRO DE ALTO RENDIMIENTO","2016-08-12","","26.3"
"CENTRO DE ALTO RENDIMIENTO","2016-08-11","","13.71904762"
"CENTRO DE ALTO RENDIMIENTO","2016-08-10","","15.09545455"
"CENTRO DE ALTO RENDIMIENTO","2016-08-09","","13.48181818"
"CENTRO DE ALTO RENDIMIENTO","2016-08-08","","15.22727273"
"CENTRO DE ALTO RENDIMIENTO","2016-08-07","","10.6826087"
"CENTRO DE ALTO RENDIMIENTO","2016-08-06","","21.81818182"
"CENTRO DE ALTO RENDIMIENTO","2016-08-05","","31.79166667"
"CENTRO DE ALTO RENDIMIENTO","2016-08-04","","16.57826087"
"CENTRO DE ALTO RENDIMIENTO","2016-08-03","","13.2047619"
"CENTRO DE ALTO RENDIMIENTO","2016-08-02","","12.39583333"
"CENTRO DE ALTO RENDIMIENTO","2016-08-01","","12.88695652"
"CENTRO DE ALTO RENDIMIENTO","2016-07-31","","14.46521739"
"CENTRO DE ALTO RENDIMIENTO","2016-07-30","","16.92727273"
"CENTRO DE ALTO RENDIMIENTO","2016-07-29","","13.875"
"CENTRO DE ALTO RENDIMIENTO","2016-07-28","","9.19473684"
"CENTRO DE ALTO RENDIMIENTO","2016-07-27","","10.08235294"
"CENTRO DE ALTO RENDIMIENTO","2016-07-26","","21.9173913"
"CENTRO DE ALTO RENDIMIENTO","2016-07-25","","12.45"
"CENTRO DE ALTO RENDIMIENTO","2016-07-24","","30.27619048"
"CENTRO DE ALTO RENDIMIENTO","2016-07-23","","22.77826087"
"CENTRO DE ALTO RENDIMIENTO","2016-07-22","","23.99130435"
"CENTRO DE ALTO RENDIMIENTO","2016-07-21","","17.715"
"CENTRO DE ALTO RENDIMIENTO","2016-07-20","","10.90454545"
"CENTRO DE ALTO RENDIMIENTO","2016-07-19","","28.27272727"
"CENTRO DE ALTO RENDIMIENTO","2016-07-18","","18.15909091"
"CENTRO DE ALTO RENDIMIENTO","2016-07-17","","11.5"
"CENTRO DE ALTO RENDIMIENTO","2016-07-16","","28.93478261"
"CENTRO DE ALTO RENDIMIENTO","2016-07-15","","29.65217391"
"CENTRO DE ALTO RENDIMIENTO","2016-07-14","","17.72727273"
"CENTRO DE ALTO RENDIMIENTO","2016-07-13","","15.30434783"
"CENTRO DE ALTO RENDIMIENTO","2016-07-12","","29.65217391"
"CENTRO DE ALTO RENDIMIENTO","2016-07-11","","15.86956522"
"CENTRO DE ALTO RENDIMIENTO","2016-07-10","","7.49166667"
"CENTRO DE ALTO RENDIMIENTO","2016-07-09","","10.45"
"CENTRO DE ALTO RENDIMIENTO","2016-07-08","","10.49130435"
"CENTRO DE ALTO RENDIMIENTO","2016-07-07","","14.09090909"
"CENTRO DE ALTO RENDIMIENTO","2016-07-06","","22.59090909"
"CENTRO DE ALTO RENDIMIENTO","2016-07-05","","18.64761905"
"CENTRO DE ALTO RENDIMIENTO","2016-07-04","","9.29047619"
"CENTRO DE ALTO RENDIMIENTO","2016-07-03","","11.40454545"
"CENTRO DE ALTO RENDIMIENTO","2016-07-02","","9.46521739"
"CENTRO DE ALTO RENDIMIENTO","2016-07-01","","8.72173913"
"CENTRO DE ALTO RENDIMIENTO","2016-06-30","","12.28095238"
"CENTRO DE ALTO RENDIMIENTO","2016-06-29","","11.79444444"
"CENTRO DE ALTO RENDIMIENTO","2016-06-28","","10.62857143"
"CENTRO DE ALTO RENDIMIENTO","2016-06-27","","15.62272727"
"CENTRO DE ALTO RENDIMIENTO","2016-06-26","","7.155"
"CENTRO DE ALTO RENDIMIENTO","2016-06-25","","18.36666667"
"CENTRO DE ALTO RENDIMIENTO","2016-06-24","","10.96842105"
"CENTRO DE ALTO RENDIMIENTO","2016-06-23","","11.49090909"
"CENTRO DE ALTO RENDIMIENTO","2016-06-22","","8.68125"
"CENTRO DE ALTO RENDIMIENTO","2016-06-21","","7.595"
"CENTRO DE ALTO RENDIMIENTO","2016-06-20","","8.63684211"
"CENTRO DE ALTO RENDIMIENTO","2016-06-19","","8.53478261"
"CENTRO DE ALTO RENDIMIENTO","2016-06-18","","12.10526316"
"CENTRO DE ALTO RENDIMIENTO","2016-06-17","","15.66086957"
"CENTRO DE ALTO RENDIMIENTO","2016-06-16","","9.70454545"
"CENTRO DE ALTO RENDIMIENTO","2016-06-15","","14.19090909"
"CENTRO DE ALTO RENDIMIENTO","2016-06-14","","22.0952381"
"CENTRO DE ALTO RENDIMIENTO","2016-06-13","","12.31428571"
"CENTRO DE ALTO RENDIMIENTO","2016-06-12","","15.42083333"
"CENTRO DE ALTO RENDIMIENTO","2016-06-11","","16.44347826"
"CENTRO DE ALTO RENDIMIENTO","2016-06-10","","18.70869565"
"CENTRO DE ALTO RENDIMIENTO","2016-06-09","","15.63333333"
"CENTRO DE ALTO RENDIMIENTO","2016-06-08","","16.01666667"
"CENTRO DE ALTO RENDIMIENTO","2016-06-07","","35.54545455"
"CENTRO DE ALTO RENDIMIENTO","2016-06-06","","37.78947368"
"CENTRO DE ALTO RENDIMIENTO","2016-06-05","","43.59166667"
"CENTRO DE ALTO RENDIMIENTO","2016-06-04","","54.875"
"CENTRO DE ALTO RENDIMIENTO","2016-06-03","","30.15217391"
"CENTRO DE ALTO RENDIMIENTO","2016-06-02","","21.14583333"
"CENTRO DE ALTO RENDIMIENTO","2016-06-01","","18.5173913"
"CENTRO DE ALTO RENDIMIENTO","2016-05-31","","19.15652174"
"CENTRO DE ALTO RENDIMIENTO","2016-05-30","","21.47272727"
"CENTRO DE ALTO RENDIMIENTO","2016-05-29","","16.46086957"
"CENTRO DE ALTO RENDIMIENTO","2016-05-28","","14.47619048"
"CENTRO DE ALTO RENDIMIENTO","2016-05-27","","47.93333333"
"CENTRO DE ALTO RENDIMIENTO","2016-05-26","","64.8"
"CENTRO DE ALTO RENDIMIENTO","2016-05-23","","10.99333333"
"CENTRO DE ALTO RENDIMIENTO","2016-05-22","","6.90555556"
"CENTRO DE ALTO RENDIMIENTO","2016-05-21","","12.80526316"
"CENTRO DE ALTO RENDIMIENTO","2016-05-20","","10.9173913"
"CENTRO DE ALTO RENDIMIENTO","2016-05-19","","13.36666667"
"CENTRO DE ALTO RENDIMIENTO","2016-05-18","","22.07826087"
"CENTRO DE ALTO RENDIMIENTO","2016-05-17","","11.80952381"
"CENTRO DE ALTO RENDIMIENTO","2016-05-16","","10.065"
"CENTRO DE ALTO RENDIMIENTO","2016-05-15","","7.86190476"
"CENTRO DE ALTO RENDIMIENTO","2016-05-14","","10.43333333"
"CENTRO DE ALTO RENDIMIENTO","2016-05-13","","33.33913043"
"CENTRO DE ALTO RENDIMIENTO","2016-05-12","","22.36521739"
"CENTRO DE ALTO RENDIMIENTO","2016-05-11","","35.3"
"CENTRO DE ALTO RENDIMIENTO","2016-05-10","","31.24347826"
"CENTRO DE ALTO RENDIMIENTO","2016-05-09","","11.56315789"
"CENTRO DE ALTO RENDIMIENTO","2016-05-08","","29.0952381"
"CENTRO DE ALTO RENDIMIENTO","2016-05-07","","29.29583333"
"CENTRO DE ALTO RENDIMIENTO","2016-05-06","","31.52173913"
"CENTRO DE ALTO RENDIMIENTO","2016-05-05","","40.33333333"
"CENTRO DE ALTO RENDIMIENTO","2016-05-04","","45.45416667"
"CENTRO DE ALTO RENDIMIENTO","2016-05-03","","49.04347826"
"CENTRO DE ALTO RENDIMIENTO","2016-05-02","","34.86363636"
"CENTRO DE ALTO RENDIMIENTO","2016-05-01","","18.35714286"
"CENTRO DE ALTO RENDIMIENTO","2016-04-30","","20.96190476"
"CENTRO DE ALTO RENDIMIENTO","2016-04-29","","37.875"
"CENTRO DE ALTO RENDIMIENTO","2016-04-28","","31.04166667"
"CENTRO DE ALTO RENDIMIENTO","2016-04-27","","45.8"
"CENTRO DE ALTO RENDIMIENTO","2016-04-26","","56.27272727"
"CENTRO DE ALTO RENDIMIENTO","2016-04-25","","45.78"
"CENTRO DE ALTO RENDIMIENTO","2016-04-24","","20.725"
"CENTRO DE ALTO RENDIMIENTO","2016-04-23","","27.66666667"
"CENTRO DE ALTO RENDIMIENTO","2016-04-22","","19.26956522"
"CENTRO DE ALTO RENDIMIENTO","2016-04-21","","15.99545455"
"CENTRO DE ALTO RENDIMIENTO","2016-04-20","","22.61666667"
"CENTRO DE ALTO RENDIMIENTO","2016-03-30","","66.41666667"
"CENTRO DE ALTO RENDIMIENTO","2016-03-29","","57.09166667"
"CENTRO DE ALTO RENDIMIENTO","2016-03-28","","67.07916667"
"CENTRO DE ALTO RENDIMIENTO","2016-03-27","","41.26521739"
"CENTRO DE ALTO RENDIMIENTO","2016-03-26","","32.66666667"
"CENTRO DE ALTO RENDIMIENTO","2016-03-25","","34.21818182"
"CENTRO DE ALTO RENDIMIENTO","2016-03-24","","38.63636364"
"CENTRO DE ALTO RENDIMIENTO","2016-03-23","","34.64347826"
"CENTRO DE ALTO RENDIMIENTO","2016-03-22","","30.42608696"
"CENTRO DE ALTO RENDIMIENTO","2016-03-21","","20.51363636"
"CENTRO DE ALTO RENDIMIENTO","2016-03-20","","22.22105263"
"CENTRO DE ALTO RENDIMIENTO","2016-03-19","","17.53043478"
"CENTRO DE ALTO RENDIMIENTO","2016-03-18","","19.69565217"
"CENTRO DE ALTO RENDIMIENTO","2016-03-17","","40.2"
"CENTRO DE ALTO RENDIMIENTO","2016-03-16","","44.0375"
"CENTRO DE ALTO RENDIMIENTO","2016-03-15","","46.40952381"
"CENTRO DE ALTO RENDIMIENTO","2016-03-14","","70.32083333"
"CENTRO DE ALTO RENDIMIENTO","2016-03-13","","61.63636364"
"CENTRO DE ALTO RENDIMIENTO","2016-03-12","","58.76956522"
"CENTRO DE ALTO RENDIMIENTO","2016-03-11","","71.3826087"
"CENTRO DE ALTO RENDIMIENTO","2016-03-10","","79.2173913"
"CENTRO DE ALTO RENDIMIENTO","2016-03-09","","65.6173913"
"CENTRO DE ALTO RENDIMIENTO","2016-03-08","","63.875"
"CENTRO DE ALTO RENDIMIENTO","2016-03-07","","76.58333333"
"CENTRO DE ALTO RENDIMIENTO","2016-03-06","","65.13043478"
"CENTRO DE ALTO RENDIMIENTO","2016-03-05","","76.20833333"
"CENTRO DE ALTO RENDIMIENTO","2016-03-04","","76.375"
"CENTRO DE ALTO RENDIMIENTO","2016-03-03","","45.45416667"
"CENTRO DE ALTO RENDIMIENTO","2016-03-02","","56.375"
"CENTRO DE ALTO RENDIMIENTO","2016-03-01","","65.60869565"
"CENTRO DE ALTO RENDIMIENTO","2016-02-29","","54.82608696"
"CENTRO DE ALTO RENDIMIENTO","2016-02-28","","33.63636364"
"CENTRO DE ALTO RENDIMIENTO","2016-02-27","","48.44545455"
"CENTRO DE ALTO RENDIMIENTO","2016-02-26","","52.45833333"
"CENTRO DE ALTO RENDIMIENTO","2016-02-25","","59.34782609"
"CENTRO DE ALTO RENDIMIENTO","2016-02-24","","44.0"
"CENTRO DE ALTO RENDIMIENTO","2016-02-23","","38.12173913"
"CENTRO DE ALTO RENDIMIENTO","2016-02-22","","37.15833333"
"CENTRO DE ALTO RENDIMIENTO","2016-02-21","","28.81904762"
"CENTRO DE ALTO RENDIMIENTO","2016-02-20","","40.22727273"
"CENTRO DE ALTO RENDIMIENTO","2016-02-19","","37.60869565"
"CENTRO DE ALTO RENDIMIENTO","2016-02-18","","56.45833333"
"CENTRO DE ALTO RENDIMIENTO","2016-02-17","","32.31666667"
"CENTRO DE ALTO RENDIMIENTO","2016-02-16","","20.56521739"
"CENTRO DE ALTO RENDIMIENTO","2016-02-15","","32.85714286"
"CENTRO DE ALTO RENDIMIENTO","2016-02-14","","22.7875"
"CENTRO DE ALTO RENDIMIENTO","2016-02-13","","44.9625"
"CENTRO DE ALTO RENDIMIENTO","2016-02-12","","28.47826087"
"CENTRO DE ALTO RENDIMIENTO","2016-02-11","","18.25"
"CENTRO DE ALTO RENDIMIENTO","2016-02-10","","20.04347826"
"CENTRO DE ALTO RENDIMIENTO","2016-02-09","","21.5"
"CENTRO DE ALTO RENDIMIENTO","2016-02-08","","21.60833333"
"CENTRO DE ALTO RENDIMIENTO","2016-02-07","","29.44347826"
"CENTRO DE ALTO RENDIMIENTO","2016-02-06","","42.40434783"
"CENTRO DE ALTO RENDIMIENTO","2016-02-05","","51.95652174"
"CENTRO DE ALTO RENDIMIENTO","2016-02-04","","74.04166667"
"CENTRO DE ALTO RENDIMIENTO","2016-02-03","","84.45833333"
"CENTRO DE ALTO RENDIMIENTO","2016-02-02","","77.42857143"
"CENTRO DE ALTO RENDIMIENTO","2016-02-01","","68.0"
"CENTRO DE ALTO RENDIMIENTO","2016-01-31","","57.95833333"
"CENTRO DE ALTO RENDIMIENTO","2016-01-30","","76.25"
"CENTRO DE ALTO RENDIMIENTO","2016-01-29","","78.08333333"
"CENTRO DE ALTO RENDIMIENTO","2016-01-28","","77.42608696"
"CENTRO DE ALTO RENDIMIENTO","2016-01-27","","54.4"
"CENTRO DE ALTO RENDIMIENTO","2016-01-26","","74.33333333"
"CENTRO DE ALTO RENDIMIENTO","2016-01-25","","70.18181818"
"CENTRO DE ALTO RENDIMIENTO","2016-01-24","","40.0"
"CENTRO DE ALTO RENDIMIENTO","2016-01-23","","74.58333333"
"CENTRO DE ALTO RENDIMIENTO","2016-01-22","","76.375"
"CENTRO DE ALTO RENDIMIENTO","2016-01-21","","84.625"
"CENTRO DE ALTO RENDIMIENTO","2016-01-20","","76.04166667"
"CENTRO DE ALTO RENDIMIENTO","2016-01-19","","79.29166667"
"CENTRO DE ALTO RENDIMIENTO","2016-01-18","","69.29166667"
"CENTRO DE ALTO RENDIMIENTO","2016-01-17","","55.95833333"
"CENTRO DE ALTO RENDIMIENTO","2016-01-16","","61.0"
"CENTRO DE ALTO RENDIMIENTO","2016-01-15","","78.30434783"
"CENTRO DE ALTO RENDIMIENTO","2016-01-14","","80.08333333"
"CENTRO DE ALTO RENDIMIENTO","2016-01-13","","68.41666667"
"CENTRO DE ALTO RENDIMIENTO","2016-01-12","","49.08695652"
"CENTRO DE ALTO RENDIMIENTO","2016-01-11","","43.5"
"CENTRO DE ALTO RENDIMIENTO","2016-01-10","","35.07272727"
"CENTRO DE ALTO RENDIMIENTO","2016-01-09","","43.69565217"
"CENTRO DE ALTO RENDIMIENTO","2016-01-08","","45.20416667"
"CENTRO DE ALTO RENDIMIENTO","2016-01-07","","46.52173913"
"CENTRO DE ALTO RENDIMIENTO","2016-01-06","","39.69565217"
"CENTRO DE ALTO RENDIMIENTO","2016-01-05","","55.21818182"
"CENTRO DE ALTO RENDIMIENTO","2016-01-04","","39.80833333"
"CENTRO DE ALTO RENDIMIENTO","2016-01-03","","20.805"
"CENTRO DE ALTO RENDIMIENTO","2016-01-02","","14.11666667"
"CENTRO DE ALTO RENDIMIENTO","2016-01-01","","10.93333333"
"CENTRO DE ALTO RENDIMIENTO","2015-12-31","","6.83333333"
"CENTRO DE ALTO RENDIMIENTO","2015-12-30","","9.58333333"
"CENTRO DE ALTO RENDIMIENTO","2015-12-29","","16.0"
"CENTRO DE ALTO RENDIMIENTO","2015-12-28","","23.375"
"CENTRO DE ALTO RENDIMIENTO","2015-12-27","","24.0"
"CENTRO DE ALTO RENDIMIENTO","2015-12-26","","23.83333333"
"CENTRO DE ALTO RENDIMIENTO","2015-12-25","","14.83333333"
"CENTRO DE ALTO RENDIMIENTO","2015-12-24","","17.70833333"
"CENTRO DE ALTO RENDIMIENTO","2015-12-23","","20.7826087"
"CENTRO DE ALTO RENDIMIENTO","2015-12-22","","15.91666667"
"CENTRO DE ALTO RENDIMIENTO","2015-12-21","","18.91666667"
"CENTRO DE ALTO RENDIMIENTO","2015-12-20","","10.95833333"
"CENTRO DE ALTO RENDIMIENTO","2015-12-19","","12.08333333"
"CENTRO DE ALTO RENDIMIENTO","2015-12-18","","29.125"
"CENTRO DE ALTO RENDIMIENTO","2015-12-17","","19.29166667"
"CENTRO DE ALTO RENDIMIENTO","2015-12-16","","21.66666667"
"CENTRO DE ALTO RENDIMIENTO","2015-12-15","","33.91304348"
"CENTRO DE ALTO RENDIMIENTO","2015-12-14","","38.20833333"
"CENTRO DE ALTO RENDIMIENTO","2015-12-13","","33.79166667"
"CENTRO DE ALTO RENDIMIENTO","2015-12-12","","36.54166667"
"CENTRO DE ALTO RENDIMIENTO","2015-12-11","","29.95833333"
"CENTRO DE ALTO RENDIMIENTO","2015-12-10","","23.625"
"CENTRO DE ALTO RENDIMIENTO","2015-12-09","","29.58333333"
"CENTRO DE ALTO RENDIMIENTO","2015-12-08","","42.66666667"
"CENTRO DE ALTO RENDIMIENTO","2015-12-07","","42.29166667"
"CENTRO DE ALTO RENDIMIENTO","2015-12-06","","18.83333333"
"CENTRO DE ALTO RENDIMIENTO","2015-12-05","","22.83333333"
"CENTRO DE ALTO RENDIMIENTO","2015-12-04","","22.33333333"
"CENTRO DE ALTO RENDIMIENTO","2015-12-03","","30.125"
"CENTRO DE ALTO RENDIMIENTO","2015-12-02","","15.04166667"
"CENTRO DE ALTO RENDIMIENTO","2015-12-01","","14.04347826"
"CENTRO DE ALTO RENDIMIENTO","2015-11-30","","19.79166667"
"CENTRO DE ALTO RENDIMIENTO","2015-11-29","","31.29166667"
"CENTRO DE ALTO RENDIMIENTO","2015-11-28","","63.25"
"CENTRO DE ALTO RENDIMIENTO","2015-11-27","","48.16666667"
"CENTRO DE ALTO RENDIMIENTO","2015-11-26","","32.91666667"
"CENTRO DE ALTO RENDIMIENTO","2015-11-25","","30.79166667"
"CENTRO DE ALTO RENDIMIENTO","2015-11-24","","48.125"
"CENTRO DE ALTO RENDIMIENTO","2015-11-23","","41.58333333"
"CENTRO DE ALTO RENDIMIENTO","2015-11-22","","25.04166667"
"CENTRO DE ALTO RENDIMIENTO","2015-11-21","","45.04166667"
"CENTRO DE ALTO RENDIMIENTO","2015-11-20","","69.125"
"CENTRO DE ALTO RENDIMIENTO","2015-11-19","","54.04347826"
"CENTRO DE ALTO RENDIMIENTO","2015-11-18","","28.29411765"
"CENTRO DE ALTO RENDIMIENTO","2015-11-17","","11.79166667"
"CENTRO DE ALTO RENDIMIENTO","2015-11-16","","16.29166667"
"CENTRO DE ALTO RENDIMIENTO","2015-11-15","","10.54166667"
"CENTRO DE ALTO RENDIMIENTO","2015-11-14","","12.75"
"CENTRO DE ALTO RENDIMIENTO","2015-11-13","","39.04166667"
"CENTRO DE ALTO RENDIMIENTO","2015-11-12","","36.75"
"CENTRO DE ALTO RENDIMIENTO","2015-11-11","","21.58333333"
"CENTRO DE ALTO RENDIMIENTO","2015-11-10","","18.16666667"
"CENTRO DE ALTO RENDIMIENTO","2015-11-09","","15.43478261"
"CENTRO DE ALTO RENDIMIENTO","2015-11-08","","14.08695652"
"CENTRO DE ALTO RENDIMIENTO","2015-11-07","","27.45833333"
"CENTRO DE ALTO RENDIMIENTO","2015-11-06","","42.125"
"CENTRO DE ALTO RENDIMIENTO","2015-11-05","","52.95833333"
"CENTRO DE ALTO RENDIMIENTO","2015-11-04","","62.0"
"CENTRO DE ALTO RENDIMIENTO","2015-11-03","","45.83333333"
"CENTRO DE ALTO RENDIMIENTO","2015-11-02","","21.45833333"
"CENTRO DE ALTO RENDIMIENTO","2015-11-01","","22.16666667"
"CENTRO DE ALTO RENDIMIENTO","2015-10-31","","57.5"
"CENTRO DE ALTO RENDIMIENTO","2015-10-30","","65.125"
"CENTRO DE ALTO RENDIMIENTO","2015-10-29","","56.0"
"CENTRO DE ALTO RENDIMIENTO","2015-10-28","","33.5"
"CENTRO DE ALTO RENDIMIENTO","2015-10-27","","34.58333333"
"CENTRO DE ALTO RENDIMIENTO","2015-10-26","","28.16666667"
"CENTRO DE ALTO RENDIMIENTO","2015-10-25","","18.625"
"CENTRO DE ALTO RENDIMIENTO","2015-10-24","","34.79166667"
"CENTRO DE ALTO RENDIMIENTO","2015-10-23","","45.95652174"
"CENTRO DE ALTO RENDIMIENTO","2015-10-22","","65.125"
"CENTRO DE ALTO RENDIMIENTO","2015-10-21","","40.75"
"CENTRO DE ALTO RENDIMIENTO","2015-10-20","","33.20833333"
"CENTRO DE ALTO RENDIMIENTO","2015-10-19","","34.41666667"
"CENTRO DE ALTO RENDIMIENTO","2015-10-18","","22.875"
"CENTRO DE ALTO RENDIMIENTO","2015-10-17","","19.58333333"
"CENTRO DE ALTO RENDIMIENTO","2015-10-16","","15.0"
"CENTRO DE ALTO RENDIMIENTO","2015-10-15","","17.20833333"
"CENTRO DE ALTO RENDIMIENTO","2015-10-14","","44.625"
"CENTRO DE ALTO RENDIMIENTO","2015-10-13","","39.625"
"CENTRO DE ALTO RENDIMIENTO","2015-10-12","","32.04166667"
"CENTRO DE ALTO RENDIMIENTO","2015-10-11","","26.33333333"
"CENTRO DE ALTO RENDIMIENTO","2015-10-10","","36.375"
"CENTRO DE ALTO RENDIMIENTO","2015-10-09","","38.0"
"CENTRO DE ALTO RENDIMIENTO","2015-10-08","","27.08333333"
"CENTRO DE ALTO RENDIMIENTO","2015-10-07","","55.54166667"
"CENTRO DE ALTO RENDIMIENTO","2015-10-06","","42.375"
"CENTRO DE ALTO RENDIMIENTO","2015-10-05","","28.20833333"
"CENTRO DE ALTO RENDIMIENTO","2015-10-04","","22.45833333"
"CENTRO DE ALTO RENDIMIENTO","2015-10-03","","21.0"
"CENTRO DE ALTO RENDIMIENTO","2015-10-02","","44.04166667"
"CENTRO DE ALTO RENDIMIENTO","2015-10-01","","50.41666667"
"CENTRO DE ALTO RENDIMIENTO","2015-09-30","","41.20833333"
"CENTRO DE ALTO RENDIMIENTO","2015-09-29","","26.66666667"
"CENTRO DE ALTO RENDIMIENTO","2015-09-28","","29.04166667"
"CENTRO DE ALTO RENDIMIENTO","2015-09-27","","17.83333333"
"CENTRO DE ALTO RENDIMIENTO","2015-09-26","","17.375"
"CENTRO DE ALTO RENDIMIENTO","2015-09-25","","23.91666667"
"CENTRO DE ALTO RENDIMIENTO","2015-09-24","","22.91304348"
"CENTRO DE ALTO RENDIMIENTO","2015-09-23","","14.25"
"CENTRO DE ALTO RENDIMIENTO","2015-09-22","","14.16666667"
"CENTRO DE ALTO RENDIMIENTO","2015-09-21","","13.60869565"
"CENTRO DE ALTO RENDIMIENTO","2015-09-20","","9.39130435"
"CENTRO DE ALTO RENDIMIENTO","2015-09-19","","26.33333333"
"CENTRO DE ALTO RENDIMIENTO","2015-09-18","","30.91304348"
"CENTRO DE ALTO RENDIMIENTO","2015-09-17","","77.08333333"
"CENTRO DE ALTO RENDIMIENTO","2015-09-16","","49.95833333"
"CENTRO DE ALTO RENDIMIENTO","2015-09-15","","31.29166667"
"CENTRO DE ALTO RENDIMIENTO","2015-09-14","","18.33333333"
"CENTRO DE ALTO RENDIMIENTO","2015-09-13","","16.20833333"
"CENTRO DE ALTO RENDIMIENTO","2015-09-12","","16.75"
"CENTRO DE ALTO RENDIMIENTO","2015-09-11","","13.17391304"
"CENTRO DE ALTO RENDIMIENTO","2015-09-10","","17.25"
"CENTRO DE ALTO RENDIMIENTO","2015-09-09","","16.04347826"
"CENTRO DE ALTO RENDIMIENTO","2015-09-08","","18.34782609"
"CENTRO DE ALTO RENDIMIENTO","2015-09-07","","14.16666667"
"CENTRO DE ALTO RENDIMIENTO","2015-09-06","","21.34782609"
"CENTRO DE ALTO RENDIMIENTO","2015-09-05","","29.625"
"CENTRO DE ALTO RENDIMIENTO","2015-09-04","","35.79166667"
"CENTRO DE ALTO RENDIMIENTO","2015-09-03","","30.0"
"CENTRO DE ALTO RENDIMIENTO","2015-09-02","","45.1875"
"CENTRO DE ALTO RENDIMIENTO","2015-09-01","","15.625"
"CENTRO DE ALTO RENDIMIENTO","2015-08-31","","10.38888889"
"CENTRO DE ALTO RENDIMIENTO","2015-08-30","","12.57142857"
"CENTRO DE ALTO RENDIMIENTO","2015-08-29","","13.73913043"
"CENTRO DE ALTO RENDIMIENTO","2015-08-28","","14.7826087"
"CENTRO DE ALTO RENDIMIENTO","2015-08-27","","49.08333333"
"CENTRO DE ALTO RENDIMIENTO","2015-08-26","","45.60869565"
"CENTRO DE ALTO RENDIMIENTO","2015-08-25","","20.40909091"
"CENTRO DE ALTO RENDIMIENTO","2015-08-24","","25.0"
"CENTRO DE ALTO RENDIMIENTO","2015-08-23","","29.58333333"
"CENTRO DE ALTO RENDIMIENTO","2015-08-22","","45.79166667"
"CENTRO DE ALTO RENDIMIENTO","2015-08-21","","24.91304348"
"CENTRO DE ALTO RENDIMIENTO","2015-08-20","","12.45"
"CENTRO DE ALTO RENDIMIENTO","2015-08-19","","10.15789474"
"CENTRO DE ALTO RENDIMIENTO","2015-08-18","","15.36363636"
"CENTRO DE ALTO RENDIMIENTO","2015-08-17","","10.13636364"
"CENTRO DE ALTO RENDIMIENTO","2015-08-16","","14.54545455"
"CENTRO DE ALTO RENDIMIENTO","2015-08-15","","18.45454545"
"CENTRO DE ALTO RENDIMIENTO","2015-08-14","","20.65217391"
"CENTRO DE ALTO RENDIMIENTO","2015-08-13","","10.13636364"
"CENTRO DE ALTO RENDIMIENTO","2015-08-12","","12.47368421"
"CENTRO DE ALTO RENDIMIENTO","2015-08-11","","11.13636364"
"CENTRO DE ALTO RENDIMIENTO","2015-08-10","","21.20833333"
"CENTRO DE ALTO RENDIMIENTO","2015-08-09","","16.5"
"CENTRO DE ALTO RENDIMIENTO","2015-08-08","","12.73913043"
"CENTRO DE ALTO RENDIMIENTO","2015-08-07","","9.86956522"
"CENTRO DE ALTO RENDIMIENTO","2015-08-06","","13.0"
"CENTRO DE ALTO RENDIMIENTO","2015-08-05","","12.52631579"
"CENTRO DE ALTO RENDIMIENTO","2015-08-04","","8.9"
"CENTRO DE ALTO RENDIMIENTO","2015-08-03","","9.4"
"CENTRO DE ALTO RENDIMIENTO","2015-08-02","","9.28571429"
"CENTRO DE ALTO RENDIMIENTO","2015-08-01","","15.63636364"
"CENTRO DE ALTO RENDIMIENTO","2015-07-31","","12.26086957"
"CENTRO DE ALTO RENDIMIENTO","2015-07-30","","17.18181818"
"CENTRO DE ALTO RENDIMIENTO","2015-07-29","","12.375"
"CENTRO DE ALTO RENDIMIENTO","2015-07-28","","19.91666667"
"CENTRO DE ALTO RENDIMIENTO","2015-07-27","","16.58333333"
"CENTRO DE ALTO RENDIMIENTO","2015-07-26","","9.95238095"
"CENTRO DE ALTO RENDIMIENTO","2015-07-25","","12.375"
"CENTRO DE ALTO RENDIMIENTO","2015-07-24","","24.875"
"CENTRO DE ALTO RENDIMIENTO","2015-07-23","","14.5"
"CENTRO DE ALTO RENDIMIENTO","2015-07-22","","14.125"
"CENTRO DE ALTO RENDIMIENTO","2015-07-21","","40.25"
"CENTRO DE ALTO RENDIMIENTO","2015-07-20","","20.95652174"
"CENTRO DE ALTO RENDIMIENTO","2015-07-19","","30.41666667"
"CENTRO DE ALTO RENDIMIENTO","2015-07-18","","20.70833333"
"CENTRO DE ALTO RENDIMIENTO","2015-07-17","","19.90909091"
"CENTRO DE ALTO RENDIMIENTO","2015-07-16","","19.0"
"CENTRO DE ALTO RENDIMIENTO","2015-07-15","","14.58333333"
"CENTRO DE ALTO RENDIMIENTO","2015-07-14","","24.20833333"
"CENTRO DE ALTO RENDIMIENTO","2015-07-13","","34.54166667"
"CENTRO DE ALTO RENDIMIENTO","2015-07-12","","9.41666667"
"CENTRO DE ALTO RENDIMIENTO","2015-07-11","","12.22727273"
"CENTRO DE ALTO RENDIMIENTO","2015-07-10","","16.0"
"CENTRO DE ALTO RENDIMIENTO","2015-07-09","","26.16666667"
"CENTRO DE ALTO RENDIMIENTO","2015-07-08","","21.36363636"
"CENTRO DE ALTO RENDIMIENTO","2015-07-07","","24.33333333"
"CENTRO DE ALTO RENDIMIENTO","2015-07-06","","14.375"
"CENTRO DE ALTO RENDIMIENTO","2015-07-05","","10.625"
"CENTRO DE ALTO RENDIMIENTO","2015-07-04","","10.41666667"
"CENTRO DE ALTO RENDIMIENTO","2015-07-03","","18.82608696"
"CENTRO DE ALTO RENDIMIENTO","2015-07-02","","15.41666667"
"CENTRO DE ALTO RENDIMIENTO","2015-07-01","","18.79166667"
"CENTRO DE ALTO RENDIMIENTO","2015-06-30","","33.41666667"
"CENTRO DE ALTO RENDIMIENTO","2015-06-29","","23.13043478"
"CENTRO DE ALTO RENDIMIENTO","2015-06-28","","8.5"
"CENTRO DE ALTO RENDIMIENTO","2015-06-27","","8.18181818"
"CENTRO DE ALTO RENDIMIENTO","2015-06-26","","11.5"
"CENTRO DE ALTO RENDIMIENTO","2015-06-25","","10.41666667"
"CENTRO DE ALTO RENDIMIENTO","2015-06-24","","9.43478261"
"CENTRO DE ALTO RENDIMIENTO","2015-06-23","","8.26086957"
"CENTRO DE ALTO RENDIMIENTO","2015-06-22","","12.375"
"CENTRO DE ALTO RENDIMIENTO","2015-06-21","","10.58333333"
"CENTRO DE ALTO RENDIMIENTO","2015-06-20","","15.30434783"
"CENTRO DE ALTO RENDIMIENTO","2015-06-19","","12.75"
"CENTRO DE ALTO RENDIMIENTO","2015-06-18","","11.39130435"
"CENTRO DE ALTO RENDIMIENTO","2015-06-17","","11.29166667"
"CENTRO DE ALTO RENDIMIENTO","2015-06-16","","14.17391304"
"CENTRO DE ALTO RENDIMIENTO","2015-06-15","","14.54166667"
"CENTRO DE ALTO RENDIMIENTO","2015-06-14","","12.125"
"CENTRO DE ALTO RENDIMIENTO","2015-06-13","","16.45833333"
"CENTRO DE ALTO RENDIMIENTO","2015-06-12","","15.82608696"
"CENTRO DE ALTO RENDIMIENTO","2015-06-11","","26.375"
"CENTRO DE ALTO RENDIMIENTO","2015-06-10","","17.83333333"
"CENTRO DE ALTO RENDIMIENTO","2015-06-09","","25.04347826"
"CENTRO DE ALTO RENDIMIENTO","2015-06-08","","10.79166667"
"CENTRO DE ALTO RENDIMIENTO","2015-06-07","","18.20833333"
"CENTRO DE ALTO RENDIMIENTO","2015-06-06","","19.45833333"
"CENTRO DE ALTO RENDIMIENTO","2015-06-05","","19.70833333"
"CENTRO DE ALTO RENDIMIENTO","2015-06-04","","18.70833333"
"CENTRO DE ALTO RENDIMIENTO","2015-06-03","","13.30434783"
"CENTRO DE ALTO RENDIMIENTO","2015-06-02","","11.83333333"
"CENTRO DE ALTO RENDIMIENTO","2015-06-01","","14.16666667"
"CENTRO DE ALTO RENDIMIENTO","2015-05-31","","15.54166667"
"CENTRO DE ALTO RENDIMIENTO","2015-05-30","","35.91666667"
"CENTRO DE ALTO RENDIMIENTO","2015-05-29","","29.20833333"
"CENTRO DE ALTO RENDIMIENTO","2015-05-28","","26.25"
"CENTRO DE ALTO RENDIMIENTO","2015-05-27","","23.79166667"
"CENTRO DE ALTO RENDIMIENTO","2015-05-26","","20.625"
"CENTRO DE ALTO RENDIMIENTO","2015-05-25","","14.95454545"
"CENTRO DE ALTO RENDIMIENTO","2015-05-24","","10.86956522"
"CENTRO DE ALTO RENDIMIENTO","2015-05-23","","10.125"
"CENTRO DE ALTO RENDIMIENTO","2015-05-22","","18.83333333"
"CENTRO DE ALTO RENDIMIENTO","2015-05-21","","20.08333333"
"CENTRO DE ALTO RENDIMIENTO","2015-05-20","","17.45833333"
"CENTRO DE ALTO RENDIMIENTO","2015-05-19","","25.25"
"CENTRO DE ALTO RENDIMIENTO","2015-05-18","","9.125"
"CENTRO DE ALTO RENDIMIENTO","2015-05-17","","13.29166667"
"CENTRO DE ALTO RENDIMIENTO","2015-05-16","","19.04166667"
"CENTRO DE ALTO RENDIMIENTO","2015-05-15","","23.91304348"
"CENTRO DE ALTO RENDIMIENTO","2015-05-14","","17.16666667"
"CENTRO DE ALTO RENDIMIENTO","2015-05-13","","20.65217391"
"CENTRO DE ALTO RENDIMIENTO","2015-05-12","","27.25"
"CENTRO DE ALTO RENDIMIENTO","2015-05-11","","31.66666667"
"CENTRO DE ALTO RENDIMIENTO","2015-05-10","","23.08333333"
"CENTRO DE ALTO RENDIMIENTO","2015-05-09","","13.45833333"
"CENTRO DE ALTO RENDIMIENTO","2015-05-08","","21.375"
"CENTRO DE ALTO RENDIMIENTO","2015-05-07","","39.20833333"
"CENTRO DE ALTO RENDIMIENTO","2015-05-06","","44.70833333"
"CENTRO DE ALTO RENDIMIENTO","2015-05-05","","48.08333333"
"CENTRO DE ALTO RENDIMIENTO","2015-05-04","","60.79166667"
"CENTRO DE ALTO RENDIMIENTO","2015-05-03","","46.08333333"
"CENTRO DE ALTO RENDIMIENTO","2015-05-02","","61.79166667"
"CENTRO DE ALTO RENDIMIENTO","2015-05-01","","53.25"
"CENTRO DE ALTO RENDIMIENTO","2015-04-30","","52.95833333"
"CENTRO DE ALTO RENDIMIENTO","2015-04-29","","30.58333333"
"CENTRO DE ALTO RENDIMIENTO","2015-04-28","","17.0"
"CENTRO DE ALTO RENDIMIENTO","2015-04-27","","11.29166667"
"CENTRO DE ALTO RENDIMIENTO","2015-04-26","","12.83333333"
"CENTRO DE ALTO RENDIMIENTO","2015-04-25","","22.75"
"CENTRO DE ALTO RENDIMIENTO","2015-04-24","","29.625"
"CENTRO DE ALTO RENDIMIENTO","2015-04-23","","29.625"
"CENTRO DE ALTO RENDIMIENTO","2015-04-22","","29.54166667"
"CENTRO DE ALTO RENDIMIENTO","2015-04-21","","15.66666667"
"CENTRO DE ALTO RENDIMIENTO","2015-04-20","","24.33333333"
"CENTRO DE ALTO RENDIMIENTO","2015-04-19","","18.66666667"
"CENTRO DE ALTO RENDIMIENTO","2015-04-18","","25.33333333"
"CENTRO DE ALTO RENDIMIENTO","2015-04-17","","40.875"
"CENTRO DE ALTO RENDIMIENTO","2015-04-16","","39.22222222"
"CENTRO DE ALTO RENDIMIENTO","2015-04-15","","21.0"
"CENTRO DE ALTO RENDIMIENTO","2015-04-14","","29.65"
"CENTRO DE ALTO RENDIMIENTO","2015-04-13","","20.33333333"
"CENTRO DE ALTO RENDIMIENTO","2015-04-12","","12.875"
"CENTRO DE ALTO RENDIMIENTO","2015-04-11","","21.95833333"
"CENTRO DE ALTO RENDIMIENTO","2015-04-10","","27.375"
"CENTRO DE ALTO RENDIMIENTO","2015-04-09","","25.54166667"
"CENTRO DE ALTO RENDIMIENTO","2015-04-08","","23.69565217"
"CENTRO DE ALTO RENDIMIENTO","2015-04-07","","22.20833333"
"CENTRO DE ALTO RENDIMIENTO","2015-04-06","","26.25"
"CENTRO DE ALTO RENDIMIENTO","2015-04-05","","23.25"
"CENTRO DE ALTO RENDIMIENTO","2015-04-04","","17.66666667"
"CENTRO DE ALTO RENDIMIENTO","2015-04-03","","13.58333333"
"CENTRO DE ALTO RENDIMIENTO","2015-04-02","","23.91666667"
"CENTRO DE ALTO RENDIMIENTO","2015-04-01","","37.16666667"
"CENTRO DE ALTO RENDIMIENTO","2015-03-31","","75.69565217"
"CENTRO DE ALTO RENDIMIENTO","2015-03-30","","50.625"
"CENTRO DE ALTO RENDIMIENTO","2015-03-29","","35.91666667"
"CENTRO DE ALTO RENDIMIENTO","2015-03-28","","64.66666667"
"CENTRO DE ALTO RENDIMIENTO","2015-03-27","","52.41666667"
"CENTRO DE ALTO RENDIMIENTO","2015-03-26","","64.39130435"
"CENTRO DE ALTO RENDIMIENTO","2015-03-25","","79.20833333"
"CENTRO DE ALTO RENDIMIENTO","2015-03-24","","66.27272727"
"CENTRO DE ALTO RENDIMIENTO","2015-03-23","","39.08333333"
"CENTRO DE ALTO RENDIMIENTO","2015-03-22","","33.54166667"
"CENTRO DE ALTO RENDIMIENTO","2015-03-21","","35.5"
"CENTRO DE ALTO RENDIMIENTO","2015-03-20","","38.25"
"CENTRO DE ALTO RENDIMIENTO","2015-03-19","","52.375"
"CENTRO DE ALTO RENDIMIENTO","2015-03-18","","46.08333333"
"CENTRO DE ALTO RENDIMIENTO","2015-03-17","","60.95833333"
"CENTRO DE ALTO RENDIMIENTO","2015-03-16","","34.16666667"
"CENTRO DE ALTO RENDIMIENTO","2015-03-15","","46.125"
"CENTRO DE ALTO RENDIMIENTO","2015-03-14","","48.66666667"
"CENTRO DE ALTO RENDIMIENTO","2015-03-13","","40.28571429"
"CENTRO DE ALTO RENDIMIENTO","2015-03-11","","11.82352941"
"CENTRO DE ALTO RENDIMIENTO","2015-03-10","","13.30434783"
"CENTRO DE ALTO RENDIMIENTO","2015-03-09","","17.66666667"
"CENTRO DE ALTO RENDIMIENTO","2015-03-08","","15.375"
"CENTRO DE ALTO RENDIMIENTO","2015-03-07","","25.66666667"
"CENTRO DE ALTO RENDIMIENTO","2015-03-06","","43.125"
"CENTRO DE ALTO RENDIMIENTO","2015-03-05","","52.5"
"CENTRO DE ALTO RENDIMIENTO","2015-03-04","","40.65217391"
"CENTRO DE ALTO RENDIMIENTO","2015-03-03","","40.08333333"
"CENTRO DE ALTO RENDIMIENTO","2015-03-02","","59.04166667"
"CENTRO DE ALTO RENDIMIENTO","2015-03-01","","26.54166667"
"CENTRO DE ALTO RENDIMIENTO","2015-02-28","","14.95833333"
"CENTRO DE ALTO RENDIMIENTO","2015-02-27","","40.75"
"CENTRO DE ALTO RENDIMIENTO","2015-02-26","","57.20833333"
"CENTRO DE ALTO RENDIMIENTO","2015-02-25","","56.08333333"
"CENTRO DE ALTO RENDIMIENTO","2015-02-24","","63.54166667"
"CENTRO DE ALTO RENDIMIENTO","2015-02-23","","50.20833333"
"CENTRO DE ALTO RENDIMIENTO","2015-02-22","","38.625"
"CENTRO DE ALTO RENDIMIENTO","2015-02-21","","56.375"
"CENTRO DE ALTO RENDIMIENTO","2015-02-20","","53.66666667"
"CENTRO DE ALTO RENDIMIENTO","2015-02-19","","53.54166667"
"CENTRO DE ALTO RENDIMIENTO","2015-02-18","","77.375"
"CENTRO DE ALTO RENDIMIENTO","2015-02-17","","54.33333333"
"CENTRO DE ALTO RENDIMIENTO","2015-02-16","","41.75"
"CENTRO DE ALTO RENDIMIENTO","2015-02-15","","23.5"
"CENTRO DE ALTO RENDIMIENTO","2015-02-14","","17.16666667"
"CENTRO DE ALTO RENDIMIENTO","2015-02-13","","33.33333333"
"CENTRO DE ALTO RENDIMIENTO","2015-02-12","","29.25"
"CENTRO DE ALTO RENDIMIENTO","2015-02-11","","50.0"
"CENTRO DE ALTO RENDIMIENTO","2015-02-10","","59.29166667"
"CENTRO DE ALTO RENDIMIENTO","2015-02-09","","47.9047619"
"CENTRO DE ALTO RENDIMIENTO","2015-02-08","","42.25"
"CENTRO DE ALTO RENDIMIENTO","2015-02-07","","78.45833333"
"CENTRO DE ALTO RENDIMIENTO","2015-02-06","","70.08333333"
"CENTRO DE ALTO RENDIMIENTO","2015-02-05","","26.16666667"
"CENTRO DE ALTO RENDIMIENTO","2015-02-04","","15.79166667"
"CENTRO DE ALTO RENDIMIENTO","2015-02-03","","14.29166667"
"CENTRO DE ALTO RENDIMIENTO","2015-02-02","","11.75"
"CENTRO DE ALTO RENDIMIENTO","2015-02-01","","7.95833333"
"CENTRO DE ALTO RENDIMIENTO","2015-01-31","","12.375"
"CENTRO DE ALTO RENDIMIENTO","2015-01-30","","35.80952381"
"CENTRO DE ALTO RENDIMIENTO","2015-01-29","","31.22727273"
"CENTRO DE ALTO RENDIMIENTO","2015-01-28","","29.63636364"
"CENTRO DE ALTO RENDIMIENTO","2015-01-27","","51.08695652"
"CENTRO DE ALTO RENDIMIENTO","2015-01-26","","36.77272727"
"CENTRO DE ALTO RENDIMIENTO","2015-01-25","","25.58333333"
"CENTRO DE ALTO RENDIMIENTO","2015-01-24","","38.52173913"
"CENTRO DE ALTO RENDIMIENTO","2015-01-23","","57.1"
"CENTRO DE ALTO RENDIMIENTO","2015-01-22","","44.91666667"
"CENTRO DE ALTO RENDIMIENTO","2015-01-21","","32.52173913"
"CENTRO DE ALTO RENDIMIENTO","2015-01-20","","21.91304348"
"CENTRO DE ALTO RENDIMIENTO","2015-01-19","","37.95652174"
"CENTRO DE ALTO RENDIMIENTO","2015-01-18","","33.86363636"
"CENTRO DE ALTO RENDIMIENTO","2015-01-17","","53.20833333"
"CENTRO DE ALTO RENDIMIENTO","2015-01-16","","53.20833333"
"CENTRO DE ALTO RENDIMIENTO","2015-01-15","","58.625"
"CENTRO DE ALTO RENDIMIENTO","2015-01-14","","32.16666667"
"CENTRO DE ALTO RENDIMIENTO","2015-01-13","","40.91304348"
"CENTRO DE ALTO RENDIMIENTO","2015-01-12","","11.75"
"CENTRO DE ALTO RENDIMIENTO","2015-01-11","","9.625"
"CENTRO DE ALTO RENDIMIENTO","2015-01-10","","16.125"
"CENTRO DE ALTO RENDIMIENTO","2015-01-09","","17.375"
"CENTRO DE ALTO RENDIMIENTO","2015-01-08","","25.16666667"
"CENTRO DE ALTO RENDIMIENTO","2015-01-07","","14.66666667"
"CENTRO DE ALTO RENDIMIENTO","2015-01-06","","23.45833333"
"CENTRO DE ALTO RENDIMIENTO","2015-01-05","","17.41666667"
"CENTRO DE ALTO RENDIMIENTO","2015-01-03","","12.0"
"CENTRO DE ALTO RENDIMIENTO","2015-01-02","","11.52173913"
"CENTRO DE ALTO RENDIMIENTO","2015-01-01","","33.80952381"
"CENTRO DE ALTO RENDIMIENTO","2014-12-31","","9.75000001"
"CENTRO DE ALTO RENDIMIENTO","2014-12-30","","20.61805555"
"CENTRO DE ALTO RENDIMIENTO","2014-12-29","","22.74999999"
"CENTRO DE ALTO RENDIMIENTO","2014-12-28","","14.38888889"
"CENTRO DE ALTO RENDIMIENTO","2014-12-27","","19.57638889"
"CENTRO DE ALTO RENDIMIENTO","2014-12-26","","15.3560606"
"CENTRO DE ALTO RENDIMIENTO","2014-12-25","","36.93750001"
"CENTRO DE ALTO RENDIMIENTO","2014-12-24","","30.57638888"
"CENTRO DE ALTO RENDIMIENTO","2014-12-23","","22.42361111"
"CENTRO DE ALTO RENDIMIENTO","2014-12-22","","38.47916667"
"CENTRO DE ALTO RENDIMIENTO","2014-12-21","","57.15972223"
"CENTRO DE ALTO RENDIMIENTO","2014-12-20","","56.79166667"
"CENTRO DE ALTO RENDIMIENTO","2014-12-19","","78.03472222"
"CENTRO DE ALTO RENDIMIENTO","2014-12-18","","66.57638888"
"CENTRO DE ALTO RENDIMIENTO","2014-12-17","","80.72916667"
"CENTRO DE ALTO RENDIMIENTO","2014-12-16","","68.91666666"
"CENTRO DE ALTO RENDIMIENTO","2014-12-15","","53.04166668"
"CENTRO DE ALTO RENDIMIENTO","2014-12-14","","24.10185186"
"CENTRO DE ALTO RENDIMIENTO","2014-12-13","","67.99305556"
"CENTRO DE ALTO RENDIMIENTO","2014-12-12","","34.57638888"
"CENTRO DE ALTO RENDIMIENTO","2014-12-11","","30.8888889"
"CENTRO DE ALTO RENDIMIENTO","2014-12-10","","54.10784314"
"CENTRO DE ALTO RENDIMIENTO","2014-12-09","","44.85416666"
"CENTRO DE ALTO RENDIMIENTO","2014-12-08","","58.5625"
"CENTRO DE ALTO RENDIMIENTO","2014-12-07","","57.80555556"
"CENTRO DE ALTO RENDIMIENTO","2014-12-06","","46.875"
"CENTRO DE ALTO RENDIMIENTO","2014-12-05","","61.0625"
"CENTRO DE ALTO RENDIMIENTO","2014-12-04","","54.05555555"
"CENTRO DE ALTO RENDIMIENTO","2014-12-03","","25.43055555"
"CENTRO DE ALTO RENDIMIENTO","2014-12-02","","15.15277778"
"CENTRO DE ALTO RENDIMIENTO","2014-12-01","","15.56944445"
"CENTRO DE ALTO RENDIMIENTO","2014-11-30","","9.22916667"
"CENTRO DE ALTO RENDIMIENTO","2014-11-29","","12.97222222"
"CENTRO DE ALTO RENDIMIENTO","2014-11-28","","44.14583334"
"CENTRO DE ALTO RENDIMIENTO","2014-11-27","","65.13194444"
"CENTRO DE ALTO RENDIMIENTO","2014-11-26","","55.84126984"
"CENTRO DE ALTO RENDIMIENTO","2014-11-25","","29.11805555"
"CENTRO DE ALTO RENDIMIENTO","2014-11-24","","14.11111113"
"CENTRO DE ALTO RENDIMIENTO","2014-11-23","","21.25"
"CENTRO DE ALTO RENDIMIENTO","2014-11-22","","82.8125"
"CENTRO DE ALTO RENDIMIENTO","2014-11-21","","57.21527778"
"CENTRO DE ALTO RENDIMIENTO","2014-11-20","","59.97916666"
"CENTRO DE ALTO RENDIMIENTO","2014-11-19","","48.43055556"
"CENTRO DE ALTO RENDIMIENTO","2014-11-18","","50.0"
"CENTRO DE ALTO RENDIMIENTO","2014-11-17","","12.65217391"
"CENTRO DE ALTO RENDIMIENTO","2014-11-16","","31.02083333"
"CENTRO DE ALTO RENDIMIENTO","2014-11-15","","55.93055555"
"CENTRO DE ALTO RENDIMIENTO","2014-11-14","","30.13888889"
"CENTRO DE ALTO RENDIMIENTO","2014-11-13","","32.52173913"
"CENTRO DE ALTO RENDIMIENTO","2014-11-12","","35.43478261"
"CENTRO DE ALTO RENDIMIENTO","2014-11-11","","30.19444444"
"CENTRO DE ALTO RENDIMIENTO","2014-11-10","","46.61111111"
"CENTRO DE ALTO RENDIMIENTO","2014-11-09","","31.17361111"
"CENTRO DE ALTO RENDIMIENTO","2014-11-08","","59.41666667"
"CENTRO DE ALTO RENDIMIENTO","2014-11-07","","41.44444445"
"CENTRO DE ALTO RENDIMIENTO","2014-11-06","","91.27536232"
"CENTRO DE ALTO RENDIMIENTO","2014-11-05","","59.7651515"
"CENTRO DE ALTO RENDIMIENTO","2014-11-04","","51.78472222"
"CENTRO DE ALTO RENDIMIENTO","2014-11-03","","19.25694445"
"CENTRO DE ALTO RENDIMIENTO","2014-11-02","","28.49999999"
"CENTRO DE ALTO RENDIMIENTO","2014-11-01","","57.83333333"
"CENTRO DE ALTO RENDIMIENTO","2014-10-31","","41.11363637"
"CENTRO DE ALTO RENDIMIENTO","2014-10-30","","80.97916666"
"CENTRO DE ALTO RENDIMIENTO","2014-10-29","","66.99275363"
"CENTRO DE ALTO RENDIMIENTO","2014-10-28","","57.08333333"
"CENTRO DE ALTO RENDIMIENTO","2014-10-27","","42.02083333"
"CENTRO DE ALTO RENDIMIENTO","2014-10-26","","24.625"
"CENTRO DE ALTO RENDIMIENTO","2014-10-25","","56.80555557"
"CENTRO DE ALTO RENDIMIENTO","2014-10-24","","81.95833332"
"CENTRO DE ALTO RENDIMIENTO","2014-10-23","","42.4652778"
"CENTRO DE ALTO RENDIMIENTO","2014-10-22","","31.03472223"
"CENTRO DE ALTO RENDIMIENTO","2014-10-21","","23.125"
"CENTRO DE ALTO RENDIMIENTO","2014-10-20","","45.40151515"
"CENTRO DE ALTO RENDIMIENTO","2014-10-19","","25.86111112"
"CENTRO DE ALTO RENDIMIENTO","2014-10-18","","33.95138889"
"CENTRO DE ALTO RENDIMIENTO","2014-10-17","","24.97222222"
"CENTRO DE ALTO RENDIMIENTO","2014-10-16","","35.14583333"
"CENTRO DE ALTO RENDIMIENTO","2014-10-15","","20.54166667"
"CENTRO DE ALTO RENDIMIENTO","2014-10-14","","21.23611111"
"CENTRO DE ALTO RENDIMIENTO","2014-10-13","","11.36231884"
"CENTRO DE ALTO RENDIMIENTO","2014-10-12","","10.26515151"
"CENTRO DE ALTO RENDIMIENTO","2014-10-11","","28.97916666"
"CENTRO DE ALTO RENDIMIENTO","2014-10-10","","64.09027778"
"CENTRO DE ALTO RENDIMIENTO","2014-10-09","","36.15972223"
"CENTRO DE ALTO RENDIMIENTO","2014-10-08","","54.84722222"
"CENTRO DE ALTO RENDIMIENTO","2014-10-07","","35.43055556"
"CENTRO DE ALTO RENDIMIENTO","2014-10-06","","30.85416668"
"CENTRO DE ALTO RENDIMIENTO","2014-10-05","","36.20138888"
"CENTRO DE ALTO RENDIMIENTO","2014-10-04","","37.94444444"
"CENTRO DE ALTO RENDIMIENTO","2014-10-03","","18.18055555"
"CENTRO DE ALTO RENDIMIENTO","2014-10-02","","14.70138889"
"CENTRO DE ALTO RENDIMIENTO","2014-10-01","","16.3125"
"CENTRO DE ALTO RENDIMIENTO","2014-09-30","","30.0952381"
"CENTRO DE ALTO RENDIMIENTO","2014-09-29","","14.68055556"
"CENTRO DE ALTO RENDIMIENTO","2014-09-28","","15.23611111"
"CENTRO DE ALTO RENDIMIENTO","2014-09-27","","23.97916666"
"CENTRO DE ALTO RENDIMIENTO","2014-09-26","","58.32638889"
"CENTRO DE ALTO RENDIMIENTO","2014-09-25","","34.06060606"
"CENTRO DE ALTO RENDIMIENTO","2014-09-24","","33.9047619"
"CENTRO DE ALTO RENDIMIENTO","2014-09-23","","32.77083335"
"CENTRO DE ALTO RENDIMIENTO","2014-09-22","","25.30555555"
"CENTRO DE ALTO RENDIMIENTO","2014-09-08","","14.17857142"
"CENTRO DE ALTO RENDIMIENTO","2014-09-07","","14.80555555"
"CENTRO DE ALTO RENDIMIENTO","2014-09-06","","17.375"
"CENTRO DE ALTO RENDIMIENTO","2014-09-05","","28.11805555"
"CENTRO DE ALTO RENDIMIENTO","2014-09-04","","18.31818182"
"CENTRO DE ALTO RENDIMIENTO","2014-09-03","","26.87121212"
"CENTRO DE ALTO RENDIMIENTO","2014-09-02","","37.1060606"
"CENTRO DE ALTO RENDIMIENTO","2014-09-01","","18.94202897"
"CENTRO DE ALTO RENDIMIENTO","2014-07-05","","18.74074074"
"CENTRO DE ALTO RENDIMIENTO","2014-07-04","","35.02380953"
"CENTRO DE ALTO RENDIMIENTO","2014-07-03","","45.78571428"
"CENTRO DE ALTO RENDIMIENTO","2014-07-02","","20.45833333"
"CENTRO DE ALTO RENDIMIENTO","2014-07-01","","19.57407407"
"CENTRO DE ALTO RENDIMIENTO","2014-06-30","","23.79166667"
"CENTRO DE ALTO RENDIMIENTO","2014-06-29","","14.27777778"
"CENTRO DE ALTO RENDIMIENTO","2014-06-28","","60.42708333"
"CENTRO DE ALTO RENDIMIENTO","2014-06-27","","182.56349206"
"CENTRO DE ALTO RENDIMIENTO","2014-06-26","","78.34722223"
"CENTRO DE ALTO RENDIMIENTO","2014-06-25","","21.87500002"
"CENTRO DE ALTO RENDIMIENTO","2014-06-24","","22.11111111"
"CENTRO DE ALTO RENDIMIENTO","2014-06-23","","12.83333333"
"CENTRO DE ALTO RENDIMIENTO","2014-06-22","","16.04347826"
"CENTRO DE ALTO RENDIMIENTO","2014-06-21","","30.0"
"CENTRO DE ALTO RENDIMIENTO","2014-06-20","","20.65079364"
"CENTRO DE ALTO RENDIMIENTO","2014-06-19","","20.47222223"
"CENTRO DE ALTO RENDIMIENTO","2014-06-18","","58.06666667"
"CENTRO DE ALTO RENDIMIENTO","2014-06-17","","29.27083333"
"CENTRO DE ALTO RENDIMIENTO","2014-06-16","","12.68055556"
"CENTRO DE ALTO RENDIMIENTO","2014-06-15","","11.90972222"
"CENTRO DE ALTO RENDIMIENTO","2014-06-14","","22.67361112"
"CENTRO DE ALTO RENDIMIENTO","2014-06-13","","25.6875"
"CENTRO DE ALTO RENDIMIENTO","2014-06-12","","26.64166667"
"CENTRO DE ALTO RENDIMIENTO","2014-06-11","","25.02777778"
"CENTRO DE ALTO RENDIMIENTO","2014-06-10","","23.15079365"
"CENTRO DE ALTO RENDIMIENTO","2014-06-09","","21.71969697"
"CENTRO DE ALTO RENDIMIENTO","2014-06-08","","20.38194444"
"CENTRO DE ALTO RENDIMIENTO","2014-06-07","","21.22222223"
"CENTRO DE ALTO RENDIMIENTO","2014-06-06","","28.9375"
"CENTRO DE ALTO RENDIMIENTO","2014-06-05","","24.90277778"
"CENTRO DE ALTO RENDIMIENTO","2014-06-04","","37.21428571"
"CENTRO DE ALTO RENDIMIENTO","2014-06-03","","42.77777778"
"CENTRO DE ALTO RENDIMIENTO","2014-06-02","","13.74242425"
"CENTRO DE ALTO RENDIMIENTO","2014-06-01","","17.58333334"
"CENTRO DE ALTO RENDIMIENTO","2014-05-31","","21.81944445"
"CENTRO DE ALTO RENDIMIENTO","2014-05-30","","45.18253968"
"CENTRO DE ALTO RENDIMIENTO","2014-05-29","","47.72500001"
"CENTRO DE ALTO RENDIMIENTO","2014-05-28","","22.41666667"
"CENTRO DE ALTO RENDIMIENTO","2014-05-27","","47.11111111"
"CENTRO DE ALTO RENDIMIENTO","2014-05-26","","40.36666666"
"CENTRO DE ALTO RENDIMIENTO","2014-05-25","","35.3030303"
"CENTRO DE ALTO RENDIMIENTO","2014-05-24","","44.5530303"
"CENTRO DE ALTO RENDIMIENTO","2014-05-23","","50.08333333"
"CENTRO DE ALTO RENDIMIENTO","2014-05-22","","42.49305556"
"CENTRO DE ALTO RENDIMIENTO","2014-05-21","","79.09259259"
"CENTRO DE ALTO RENDIMIENTO","2014-05-20","","28.79166666"
"CENTRO DE ALTO RENDIMIENTO","2014-05-19","","25.67361112"
"CENTRO DE ALTO RENDIMIENTO","2014-05-18","","33.68055556"
"CENTRO DE ALTO RENDIMIENTO","2014-05-17","","81.41666666"
"CENTRO DE ALTO RENDIMIENTO","2014-05-16","","52.30952381"
"CENTRO DE ALTO RENDIMIENTO","2014-05-15","","46.15686275"
"CENTRO DE ALTO RENDIMIENTO","2014-05-14","","25.18253968"
"CENTRO DE ALTO RENDIMIENTO","2014-05-13","","32.33333333"
"CENTRO DE ALTO RENDIMIENTO","2014-05-12","","65.95614035"
"CENTRO DE ALTO RENDIMIENTO","2014-05-11","","35.55555555"
"CENTRO DE ALTO RENDIMIENTO","2014-05-10","","45.93055556"
"CENTRO DE ALTO RENDIMIENTO","2014-05-09","","43.99074075"
"CENTRO DE ALTO RENDIMIENTO","2014-05-08","","66.84090909"
"CENTRO DE ALTO RENDIMIENTO","2014-05-07","","61.62499999"
"CENTRO DE ALTO RENDIMIENTO","2014-05-06","","72.62121211"
"CENTRO DE ALTO RENDIMIENTO","2014-05-05","","75.14393939"
"CENTRO DE ALTO RENDIMIENTO","2014-05-04","","62.28070175"
"CENTRO DE ALTO RENDIMIENTO","2014-05-03","","50.85416666"
"CENTRO DE ALTO RENDIMIENTO","2014-05-02","","42.66666667"
"CENTRO DE ALTO RENDIMIENTO","2014-05-01","","40.14583333"
"CENTRO DE ALTO RENDIMIENTO","2014-04-30","","43.625"
"CENTRO DE ALTO RENDIMIENTO","2014-04-29","","33.11111112"
"CENTRO DE ALTO RENDIMIENTO","2014-04-28","","40.65079366"
"CENTRO DE ALTO RENDIMIENTO","2014-04-27","","40.54166666"
"CENTRO DE ALTO RENDIMIENTO","2014-04-26","","36.08333333"
"CENTRO DE ALTO RENDIMIENTO","2014-04-25","","30.08333334"
"CENTRO DE ALTO RENDIMIENTO","2014-04-24","","37.80701755"
"CENTRO DE ALTO RENDIMIENTO","2014-04-23","","52.17424243"
"CENTRO DE ALTO RENDIMIENTO","2014-04-22","","40.2254902"
"CENTRO DE ALTO RENDIMIENTO","2014-04-21","","38.26388888"
"CENTRO DE ALTO RENDIMIENTO","2014-04-20","","15.85416668"
"CENTRO DE ALTO RENDIMIENTO","2014-04-19","","19.90972223"
"CENTRO DE ALTO RENDIMIENTO","2014-04-18","","24.31944445"
"CENTRO DE ALTO RENDIMIENTO","2014-04-17","","19.94444445"
"CENTRO DE ALTO RENDIMIENTO","2014-04-16","","55.10416666"
"CENTRO DE ALTO RENDIMIENTO","2014-04-14","","45.95555556"
"CENTRO DE ALTO RENDIMIENTO","2014-04-13","","41.47916668"
"CENTRO DE ALTO RENDIMIENTO","2014-04-12","","35.88888889"
"CENTRO DE ALTO RENDIMIENTO","2014-04-11","","40.44444444"
"CENTRO DE ALTO RENDIMIENTO","2014-04-10","","34.15909091"
"CENTRO DE ALTO RENDIMIENTO","2014-04-09","","27.88888889"
"CENTRO DE ALTO RENDIMIENTO","2014-04-08","","22.84722222"
"CENTRO DE ALTO RENDIMIENTO","2014-04-07","","15.59027777"
"CENTRO DE ALTO RENDIMIENTO","2014-04-06","","9.98611111"
"CENTRO DE ALTO RENDIMIENTO","2014-04-05","","29.7638889"
"CENTRO DE ALTO RENDIMIENTO","2014-04-04","","39.47058824"
"CENTRO DE ALTO RENDIMIENTO","2014-04-03","","51.95454546"
"CENTRO DE ALTO RENDIMIENTO","2014-04-02","","45.29861111"
"CENTRO DE ALTO RENDIMIENTO","2014-04-01","","51.22222222"
"CENTRO DE ALTO RENDIMIENTO","2014-03-31","","70.80303029"
"CENTRO DE ALTO RENDIMIENTO","2014-03-30","","67.83333334"
"CENTRO DE ALTO RENDIMIENTO","2014-03-29","","74.91666667"
"CENTRO DE ALTO RENDIMIENTO","2014-03-28","","53.13194445"
"CENTRO DE ALTO RENDIMIENTO","2014-03-27","","40.77777778"
"CENTRO DE ALTO RENDIMIENTO","2014-03-26","","34.11111111"
"CENTRO DE ALTO RENDIMIENTO","2014-03-25","","28.17361112"
"CENTRO DE ALTO RENDIMIENTO","2014-03-24","","37.27777779"
"CENTRO DE ALTO RENDIMIENTO","2014-03-23","","31.14583334"
"CENTRO DE ALTO RENDIMIENTO","2014-03-22","","39.34027778"
"CENTRO DE ALTO RENDIMIENTO","2014-03-21","","60.26666668"
"CENTRO DE ALTO RENDIMIENTO","2014-03-20","","26.54761905"
"CENTRO DE ALTO RENDIMIENTO","2014-03-19","","32.55555555"
"CENTRO DE ALTO RENDIMIENTO","2014-03-18","","37.34027777"
"CENTRO DE ALTO RENDIMIENTO","2014-03-17","","43.3968254"
"CENTRO DE ALTO RENDIMIENTO","2014-03-16","","57.11111111"
"CENTRO DE ALTO RENDIMIENTO","2014-03-15","","57.72916667"
"CENTRO DE ALTO RENDIMIENTO","2014-03-14","","52.22916668"
"CENTRO DE ALTO RENDIMIENTO","2014-03-13","","62.74603173"
"CENTRO DE ALTO RENDIMIENTO","2014-03-12","","61.69444445"
"CENTRO DE ALTO RENDIMIENTO","2014-03-11","","64.50694445"
"CENTRO DE ALTO RENDIMIENTO","2014-03-10","","53.15972222"
"CENTRO DE ALTO RENDIMIENTO","2014-03-09","","31.09722222"
"CENTRO DE ALTO RENDIMIENTO","2014-03-08","","44.78472223"
"CENTRO DE ALTO RENDIMIENTO","2014-03-07","","72.26388889"
"CENTRO DE ALTO RENDIMIENTO","2014-03-06","","61.60416667"
"CENTRO DE ALTO RENDIMIENTO","2014-03-05","","54.61363637"
"CENTRO DE ALTO RENDIMIENTO","2014-03-04","","55.49305555"
"CENTRO DE ALTO RENDIMIENTO","2014-03-03","","43.5952381"
"CENTRO DE ALTO RENDIMIENTO","2014-03-02","","29.13194445"
"CENTRO DE ALTO RENDIMIENTO","2014-03-01","","29.55555556"
"CENTRO DE ALTO RENDIMIENTO","2014-02-28","","53.72916667"
"CENTRO DE ALTO RENDIMIENTO","2014-02-27","","58.36805555"
"CENTRO DE ALTO RENDIMIENTO","2014-02-26","","64.63194445"
"CENTRO DE ALTO RENDIMIENTO","2014-02-25","","74.55555555"
"CENTRO DE ALTO RENDIMIENTO","2014-02-24","","57.20138889"
"CENTRO DE ALTO RENDIMIENTO","2014-02-23","","53.36111111"
"CENTRO DE ALTO RENDIMIENTO","2014-02-22","","66.90277778"
"CENTRO DE ALTO RENDIMIENTO","2014-02-21","","53.13888888"
"CENTRO DE ALTO RENDIMIENTO","2014-02-20","","64.50694444"
"CENTRO DE ALTO RENDIMIENTO","2014-02-19","","67.23194444"
"CENTRO DE ALTO RENDIMIENTO","2014-02-18","","60.55555556"
"CENTRO DE ALTO RENDIMIENTO","2014-02-17","","63.34920634"
"CENTRO DE ALTO RENDIMIENTO","2014-02-16","","59.21527778"
"CENTRO DE ALTO RENDIMIENTO","2014-02-15","","55.375"
"CENTRO DE ALTO RENDIMIENTO","2014-02-14","","44.84166667"
"CENTRO DE ALTO RENDIMIENTO","2014-02-13","","43.08333333"
"CENTRO DE ALTO RENDIMIENTO","2014-02-12","","32.625"
"CENTRO DE ALTO RENDIMIENTO","2014-02-11","","14.6969697"
"CENTRO DE ALTO RENDIMIENTO","2014-02-10","","26.52777778"
"CENTRO DE ALTO RENDIMIENTO","2014-02-09","","33.06250001"
"CENTRO DE ALTO RENDIMIENTO","2014-02-08","","24.86805555"
"CENTRO DE ALTO RENDIMIENTO","2014-02-07","","56.24305555"
"CENTRO DE ALTO RENDIMIENTO","2014-02-06","","47.57638889"
"CENTRO DE ALTO RENDIMIENTO","2014-02-05","","42.96212121"
"CENTRO DE ALTO RENDIMIENTO","2014-02-04","","53.27272728"
"CENTRO DE ALTO RENDIMIENTO","2014-02-03","","49.18055556"
"CENTRO DE ALTO RENDIMIENTO","2014-02-02","","30.59027778"
"CENTRO DE ALTO RENDIMIENTO","2014-02-01","","34.51388889"
"CENTRO DE ALTO RENDIMIENTO","2014-01-31","","34.03472222"
"CENTRO DE ALTO RENDIMIENTO","2014-01-30","","54.10416667"
"CENTRO DE ALTO RENDIMIENTO","2014-01-29","","42.51388889"
"CENTRO DE ALTO RENDIMIENTO","2014-01-28","","44.77777778"
"CENTRO DE ALTO RENDIMIENTO","2014-01-27","","38.71527778"
"CENTRO DE ALTO RENDIMIENTO","2014-01-26","","26.69444444"
"CENTRO DE ALTO RENDIMIENTO","2014-01-25","","34.625"
"CENTRO DE ALTO RENDIMIENTO","2014-01-24","","54.81249999"
"CENTRO DE ALTO RENDIMIENTO","2014-01-23","","30.61805555"
"CENTRO DE ALTO RENDIMIENTO","2014-01-22","","54.90277778"
"CENTRO DE ALTO RENDIMIENTO","2014-01-21","","43.5763889"
"CENTRO DE ALTO RENDIMIENTO","2014-01-20","","22.15151515"
"CENTRO DE ALTO RENDIMIENTO","2014-01-19","","7.54166667"
"CENTRO DE ALTO RENDIMIENTO","2014-01-18","","10.85416666"
"CENTRO DE ALTO RENDIMIENTO","2014-01-17","","27.15277777"
"CENTRO DE ALTO RENDIMIENTO","2014-01-16","","46.11111111"
"CENTRO DE ALTO RENDIMIENTO","2014-01-15","","37.9375"
"CENTRO DE ALTO RENDIMIENTO","2014-01-14","","32.98611112"
"CENTRO DE ALTO RENDIMIENTO","2014-01-13","","39.30555557"
"CENTRO DE ALTO RENDIMIENTO","2014-01-12","","42.11805555"
"CENTRO DE ALTO RENDIMIENTO","2014-01-11","","40.26388889"
"CENTRO DE ALTO RENDIMIENTO","2014-01-10","","41.42361111"
"CENTRO DE ALTO RENDIMIENTO","2014-01-09","","26.45833333"
"CENTRO DE ALTO RENDIMIENTO","2014-01-08","","25.82638889"
"CENTRO DE ALTO RENDIMIENTO","2014-01-07","","27.66666665"
"CENTRO DE ALTO RENDIMIENTO","2014-01-06","","15.70138889"
"CENTRO DE ALTO RENDIMIENTO","2014-01-05","","17.18055556"
"CENTRO DE ALTO RENDIMIENTO","2014-01-04","","12.97916666"
"CENTRO DE ALTO RENDIMIENTO","2014-01-03","","18.27083333"
"CENTRO DE ALTO RENDIMIENTO","2014-01-02","","26.23611111"
"CENTRO DE ALTO RENDIMIENTO","2014-01-01","","16.47916667"
"CENTRO DE ALTO RENDIMIENTO","2013-12-31","","24.45555555"
"CENTRO DE ALTO RENDIMIENTO","2013-12-30","","20.52777778"
"CENTRO DE ALTO RENDIMIENTO","2013-12-29","","10.09722222"
"CENTRO DE ALTO RENDIMIENTO","2013-12-28","","16.84722222"
"CENTRO DE ALTO RENDIMIENTO","2013-12-27","","30.47222222"
"CENTRO DE ALTO RENDIMIENTO","2013-12-26","","36.92361111"
"CENTRO DE ALTO RENDIMIENTO","2013-12-25","","18.94444444"
"CENTRO DE ALTO RENDIMIENTO","2013-12-24","","38.02083333"
"CENTRO DE ALTO RENDIMIENTO","2013-12-23","","23.61805555"
"CENTRO DE ALTO RENDIMIENTO","2013-12-22","","21.80555555"
"CENTRO DE ALTO RENDIMIENTO","2013-12-21","","32.2986111"
"CENTRO DE ALTO RENDIMIENTO","2013-12-20","","43.625"
"CENTRO DE ALTO RENDIMIENTO","2013-12-19","","32.6875"
"CENTRO DE ALTO RENDIMIENTO","2013-12-18","","39.375"
"CENTRO DE ALTO RENDIMIENTO","2013-12-17","","34.01388888"
"CENTRO DE ALTO RENDIMIENTO","2013-12-16","","32.31944445"
"CENTRO DE ALTO RENDIMIENTO","2013-12-15","","17.4861111"
"CENTRO DE ALTO RENDIMIENTO","2013-12-14","","19.26388888"
"CENTRO DE ALTO RENDIMIENTO","2013-12-13","","19.69444444"
"CENTRO DE ALTO RENDIMIENTO","2013-12-12","","17.72916667"
"CENTRO DE ALTO RENDIMIENTO","2013-12-11","","26.91666666"
"CENTRO DE ALTO RENDIMIENTO","2013-12-10","","12.94444444"
"CENTRO DE ALTO RENDIMIENTO","2013-12-09","","15.45833333"
"CENTRO DE ALTO RENDIMIENTO","2013-12-08","","35.1388889"
"CENTRO DE ALTO RENDIMIENTO","2013-12-07","","35.03472222"
"CENTRO DE ALTO RENDIMIENTO","2013-12-06","","22.22222222"
"CENTRO DE ALTO RENDIMIENTO","2013-12-05","","27.04166667"
"CENTRO DE ALTO RENDIMIENTO","2013-12-04","","23.90909091"
"CENTRO DE ALTO RENDIMIENTO","2013-12-03","","38.83333333"
"CENTRO DE ALTO RENDIMIENTO","2013-12-02","","21.11805555"
"CENTRO DE ALTO RENDIMIENTO","2013-12-01","","25.77777778"
"CENTRO DE ALTO RENDIMIENTO","2013-11-30","","42.61363636"
"CENTRO DE ALTO RENDIMIENTO","2013-11-29","","44.15972223"
"CENTRO DE ALTO RENDIMIENTO","2013-11-28","","34.79166665"
"CENTRO DE ALTO RENDIMIENTO","2013-11-27","","28.95138888"
"CENTRO DE ALTO RENDIMIENTO","2013-11-26","","50.54166666"
"CENTRO DE ALTO RENDIMIENTO","2013-11-25","","37.19444446"
"CENTRO DE ALTO RENDIMIENTO","2013-11-24","","27.9375"
"CENTRO DE ALTO RENDIMIENTO","2013-11-23","","31.59027778"
"CENTRO DE ALTO RENDIMIENTO","2013-11-22","","44.62499999"
"CENTRO DE ALTO RENDIMIENTO","2013-11-21","","37.54861111"
"CENTRO DE ALTO RENDIMIENTO","2013-11-20","","44.22222222"
"CENTRO DE ALTO RENDIMIENTO","2013-11-19","","35.29861111"
"CENTRO DE ALTO RENDIMIENTO","2013-11-18","","30.02083333"
"CENTRO DE ALTO RENDIMIENTO","2013-11-17","","29.6875"
"CENTRO DE ALTO RENDIMIENTO","2013-11-16","","21.95138889"
"CENTRO DE ALTO RENDIMIENTO","2013-11-15","","12.28985508"
"CENTRO DE ALTO RENDIMIENTO","2013-11-14","","24.15972222"
"CENTRO DE ALTO RENDIMIENTO","2013-11-13","","14.29545455"
"CENTRO DE ALTO RENDIMIENTO","2013-11-12","","16.52083334"
"CENTRO DE ALTO RENDIMIENTO","2013-11-11","","8.62878789"
"CENTRO DE ALTO RENDIMIENTO","2013-11-10","","21.80555555"
"CENTRO DE ALTO RENDIMIENTO","2013-11-09","","43.26388888"
"CENTRO DE ALTO RENDIMIENTO","2013-11-08","","36.61805556"
"CENTRO DE ALTO RENDIMIENTO","2013-11-07","","26.9375"
"CENTRO DE ALTO RENDIMIENTO","2013-11-06","","41.50694445"
"CENTRO DE ALTO RENDIMIENTO","2013-11-05","","28.92361112"
"CENTRO DE ALTO RENDIMIENTO","2013-11-04","","12.28472223"
"CENTRO DE ALTO RENDIMIENTO","2013-11-03","","20.48611111"
"CENTRO DE ALTO RENDIMIENTO","2013-11-02","","26.49305555"
"CENTRO DE ALTO RENDIMIENTO","2013-11-01","","27.22222222"
"CENTRO DE ALTO RENDIMIENTO","2013-10-31","","22.1388889"
"CENTRO DE ALTO RENDIMIENTO","2013-10-30","","41.18181819"
"CENTRO DE ALTO RENDIMIENTO","2013-10-29","","36.25"
"CENTRO DE ALTO RENDIMIENTO","2013-10-28","","36.09166666"
"CENTRO DE ALTO RENDIMIENTO","2013-10-27","","36.91666666"
"CENTRO DE ALTO RENDIMIENTO","2013-10-26","","33.03472222"
"CENTRO DE ALTO RENDIMIENTO","2013-10-25","","12.97222222"
"CENTRO DE ALTO RENDIMIENTO","2013-10-24","","14.53472222"
"CENTRO DE ALTO RENDIMIENTO","2013-10-23","","37.19444445"
"CENTRO DE ALTO RENDIMIENTO","2013-10-22","","25.66666667"
"CENTRO DE ALTO RENDIMIENTO","2013-10-21","","23.34027777"
"CENTRO DE ALTO RENDIMIENTO","2013-10-20","","52.00694445"
"CENTRO DE ALTO RENDIMIENTO","2013-10-19","","29.5"
"CENTRO DE ALTO RENDIMIENTO","2013-10-18","","54.31944444"
"CENTRO DE ALTO RENDIMIENTO","2013-10-16","","58.61111111"
"CENTRO DE ALTO RENDIMIENTO","2013-10-15","","32.51388889"
"CENTRO DE ALTO RENDIMIENTO","2013-10-14","","23.20138889"
"CENTRO DE ALTO RENDIMIENTO","2013-10-13","","19.63888888"
"CENTRO DE ALTO RENDIMIENTO","2013-10-12","","32.35416666"
"CENTRO DE ALTO RENDIMIENTO","2013-10-11","","63.4236111"
"CENTRO DE ALTO RENDIMIENTO","2013-10-10","","37.26388889"
"CENTRO DE ALTO RENDIMIENTO","2013-10-09","","26.21527778"
"CENTRO DE ALTO RENDIMIENTO","2013-10-08","","17.94444443"
"CENTRO DE ALTO RENDIMIENTO","2013-10-07","","24.20833333"
"CENTRO DE ALTO RENDIMIENTO","2013-10-06","","17.3125"
"CENTRO DE ALTO RENDIMIENTO","2013-10-05","","20.60416667"
"CENTRO DE ALTO RENDIMIENTO","2013-10-04","","17.4861111"
"CENTRO DE ALTO RENDIMIENTO","2013-10-03","","23.94444445"
"CENTRO DE ALTO RENDIMIENTO","2013-10-02","","24.93181818"
"CENTRO DE ALTO RENDIMIENTO","2013-10-01","","58.96875001"
"CENTRO DE ALTO RENDIMIENTO","2013-09-30","","17.34920635"
"CENTRO DE ALTO RENDIMIENTO","2013-09-29","","10.18055555"
"CENTRO DE ALTO RENDIMIENTO","2013-09-28","","16.63194444"
"CENTRO DE ALTO RENDIMIENTO","2013-09-27","","20.07638889"
"CENTRO DE ALTO RENDIMIENTO","2013-09-26","","23.80555555"
"CENTRO DE ALTO RENDIMIENTO","2013-09-25","","12.5530303"
"CENTRO DE ALTO RENDIMIENTO","2013-09-24","","12.84090909"
"CENTRO DE ALTO RENDIMIENTO","2013-09-23","","12.61111111"
"CENTRO DE ALTO RENDIMIENTO","2013-09-22","","22.77777778"
"CENTRO DE ALTO RENDIMIENTO","2013-09-21","","42.36111111"
"CENTRO DE ALTO RENDIMIENTO","2013-09-20","","18.26388889"
"CENTRO DE ALTO RENDIMIENTO","2013-09-19","","13.58333335"
"CENTRO DE ALTO RENDIMIENTO","2013-09-17","","21.41666668"
"CENTRO DE ALTO RENDIMIENTO","2013-09-16","","17.18055556"
"CENTRO DE ALTO RENDIMIENTO","2013-09-15","","8.70833335"
"CENTRO DE ALTO RENDIMIENTO","2013-09-14","","27.88333334"
"CENTRO DE ALTO RENDIMIENTO","2013-09-13","","54.07142856"
"CENTRO DE ALTO RENDIMIENTO","2013-09-12","","50.56666667"
"CENTRO DE ALTO RENDIMIENTO","2013-09-11","","38.55263158"
"CENTRO DE ALTO RENDIMIENTO","2013-09-10","","35.43125"
"CENTRO DE ALTO RENDIMIENTO","2013-09-09","","28.2631579"
"CENTRO DE ALTO RENDIMIENTO","2013-09-08","","13.64166666"
"CENTRO DE ALTO RENDIMIENTO","2013-09-07","","36.17777778"
"CENTRO DE ALTO RENDIMIENTO","2013-09-06","","20.72352942"
"CENTRO DE ALTO RENDIMIENTO","2013-09-05","","42.23181819"
"CENTRO DE ALTO RENDIMIENTO","2013-09-04","","64.85652173"
"CENTRO DE ALTO RENDIMIENTO","2013-09-03","","67.26507936"
"CENTRO DE ALTO RENDIMIENTO","2013-09-02","","49.5142857"
"CENTRO DE ALTO RENDIMIENTO","2013-09-01","","19.30555557"
"CENTRO DE ALTO RENDIMIENTO","2013-08-31","","13.85208334"
"CENTRO DE ALTO RENDIMIENTO","2013-08-30","","25.05263159"
"CENTRO DE ALTO RENDIMIENTO","2013-08-29","","15.01372549"
"CENTRO DE ALTO RENDIMIENTO","2013-08-28","","13.56376812"
"CENTRO DE ALTO RENDIMIENTO","2013-08-27","","20.68055555"
"CENTRO DE ALTO RENDIMIENTO","2013-08-26","","12.11538461"
"CENTRO DE ALTO RENDIMIENTO","2013-08-25","","23.99166667"
"CENTRO DE ALTO RENDIMIENTO","2013-08-24","","39.90277777"
"CENTRO DE ALTO RENDIMIENTO","2013-08-23","","28.02063493"
"CENTRO DE ALTO RENDIMIENTO","2013-08-22","","17.83508773"
"CENTRO DE ALTO RENDIMIENTO","2013-08-21","","11.18518518"
"CENTRO DE ALTO RENDIMIENTO","2013-08-20","","32.875"
"CENTRO DE ALTO RENDIMIENTO","2013-08-18","","21.93137255"
"CENTRO DE ALTO RENDIMIENTO","2013-08-17","","31.92708333"
"CENTRO DE ALTO RENDIMIENTO","2013-08-16","","13.75555555"
"CENTRO DE ALTO RENDIMIENTO","2013-08-15","","10.89047619"
"CENTRO DE ALTO RENDIMIENTO","2013-08-14","","13.26923078"
"CENTRO DE ALTO RENDIMIENTO","2013-08-13","","32.97058823"
"CENTRO DE ALTO RENDIMIENTO","2013-08-12","","39.45370371"
"CENTRO DE ALTO RENDIMIENTO","2013-08-11","","29.77777777"
"CENTRO DE ALTO RENDIMIENTO","2013-08-10","","33.16363636"
"CENTRO DE ALTO RENDIMIENTO","2013-08-09","","71.57222222"
"CENTRO DE ALTO RENDIMIENTO","2013-08-08","","40.3125"
"CENTRO DE ALTO RENDIMIENTO","2013-08-07","","41.14583333"
"CENTRO DE ALTO RENDIMIENTO","2013-08-06","","47.79166667"
"CENTRO DE ALTO RENDIMIENTO","2013-08-05","","21.86111111"
"CENTRO DE ALTO RENDIMIENTO","2013-08-04","","27.04545455"
"CENTRO DE ALTO RENDIMIENTO","2013-08-03","","22.18253969"
"CENTRO DE ALTO RENDIMIENTO","2013-08-02","","10.90277778"
"CENTRO DE ALTO RENDIMIENTO","2013-08-01","","16.79545455"
"CENTRO DE ALTO RENDIMIENTO","2013-07-31","","15.47727273"
"CENTRO DE ALTO RENDIMIENTO","2013-07-30","","23.45833334"
"CENTRO DE ALTO RENDIMIENTO","2013-07-29","","12.97368422"
"CENTRO DE ALTO RENDIMIENTO","2013-07-28","","5.59523809"
"CENTRO DE ALTO RENDIMIENTO","2013-07-27","","13.5625"
"CENTRO DE ALTO RENDIMIENTO","2013-07-26","","12.25555556"
"CENTRO DE ALTO RENDIMIENTO","2013-07-25","","5.65555555"
"CENTRO DE ALTO RENDIMIENTO","2013-07-24","","12.74305556"
"CENTRO DE ALTO RENDIMIENTO","2013-07-23","","19.04166667"
"CENTRO DE ALTO RENDIMIENTO","2013-07-22","","12.77083333"
"CENTRO DE ALTO RENDIMIENTO","2013-07-21","","7.83333334"
"CENTRO DE ALTO RENDIMIENTO","2013-07-20","","24.61111111"
"CENTRO DE ALTO RENDIMIENTO","2013-07-19","","22.3125"
"CENTRO DE ALTO RENDIMIENTO","2013-07-18","","13.65909091"
"CENTRO DE ALTO RENDIMIENTO","2013-07-17","","10.25694445"
"CENTRO DE ALTO RENDIMIENTO","2013-07-16","","9.95833333"
"CENTRO DE ALTO RENDIMIENTO","2013-07-15","","14.69696969"
"CENTRO DE ALTO RENDIMIENTO","2013-07-14","","33.35416667"
"CENTRO DE ALTO RENDIMIENTO","2013-07-13","","38.93055555"
"CENTRO DE ALTO RENDIMIENTO","2013-07-12","","30.01388888"
"CENTRO DE ALTO RENDIMIENTO","2013-07-11","","22.28472222"
"CENTRO DE ALTO RENDIMIENTO","2013-07-10","","12.25"
"CENTRO DE ALTO RENDIMIENTO","2013-07-09","","16.86805556"
"CENTRO DE ALTO RENDIMIENTO","2013-07-08","","11.08333334"
"CENTRO DE ALTO RENDIMIENTO","2013-07-07","","17.6111111"
"CENTRO DE ALTO RENDIMIENTO","2013-07-06","","14.65277776"
"CENTRO DE ALTO RENDIMIENTO","2013-07-05","","25.86956522"
"CENTRO DE ALTO RENDIMIENTO","2013-07-04","","67.27083334"
"CENTRO DE ALTO RENDIMIENTO","2013-07-03","","51.90277776"
"CENTRO DE ALTO RENDIMIENTO","2013-07-02","","29.52777778"
"CENTRO DE ALTO RENDIMIENTO","2013-07-01","","14.99305556"
"CENTRO DE ALTO RENDIMIENTO","2013-06-30","","41.68055555"
"CENTRO DE ALTO RENDIMIENTO","2013-06-29","","53.55072463"
"CENTRO DE ALTO RENDIMIENTO","2013-06-28","","26.10869565"
"CENTRO DE ALTO RENDIMIENTO","2013-06-27","","30.3611111"
"CENTRO DE ALTO RENDIMIENTO","2013-06-26","","31.75694444"
"CENTRO DE ALTO RENDIMIENTO","2013-06-25","","43.3125"
"CENTRO DE ALTO RENDIMIENTO","2013-06-24","","9.71527778"
"CENTRO DE ALTO RENDIMIENTO","2013-06-23","","17.35416668"
"CENTRO DE ALTO RENDIMIENTO","2013-06-22","","19.69841271"
"CENTRO DE ALTO RENDIMIENTO","2013-06-21","","14.59027778"
"CENTRO DE ALTO RENDIMIENTO","2013-06-20","","10.03472223"
"CENTRO DE ALTO RENDIMIENTO","2013-06-19","","10.66666668"
"CENTRO DE ALTO RENDIMIENTO","2013-06-18","","15.87499999"
"CENTRO DE ALTO RENDIMIENTO","2013-06-17","","24.96527778"
"CENTRO DE ALTO RENDIMIENTO","2013-06-16","","13.61805556"
"CENTRO DE ALTO RENDIMIENTO","2013-06-15","","22.97222222"
"CENTRO DE ALTO RENDIMIENTO","2013-06-14","","27.37878789"
"CENTRO DE ALTO RENDIMIENTO","2013-06-13","","24.36363636"
"CENTRO DE ALTO RENDIMIENTO","2013-06-12","","18.57575757"
"CENTRO DE ALTO RENDIMIENTO","2013-06-11","","18.63043478"
"CENTRO DE ALTO RENDIMIENTO","2013-06-10","","12.71527778"
"CENTRO DE ALTO RENDIMIENTO","2013-06-09","","8.61111111"
"CENTRO DE ALTO RENDIMIENTO","2013-06-08","","9.23611111"
"CENTRO DE ALTO RENDIMIENTO","2013-06-07","","13.71969698"
"CENTRO DE ALTO RENDIMIENTO","2013-06-06","","18.70833333"
"CENTRO DE ALTO RENDIMIENTO","2013-06-05","","21.95652173"
"CENTRO DE ALTO RENDIMIENTO","2013-06-04","","11.45833333"
"CENTRO DE ALTO RENDIMIENTO","2013-06-03","","10.52083333"
"CENTRO DE ALTO RENDIMIENTO","2013-06-02","","11.78472223"
"CENTRO DE ALTO RENDIMIENTO","2013-06-01","","44.93181818"
"CENTRO DE ALTO RENDIMIENTO","2013-05-31","","20.68055555"
"CENTRO DE ALTO RENDIMIENTO","2013-05-30","","37.88636364"
"CENTRO DE ALTO RENDIMIENTO","2013-05-29","","41.93939394"
"CENTRO DE ALTO RENDIMIENTO","2013-05-28","","63.57142857"
"CENTRO DE ALTO RENDIMIENTO","2013-05-15","","30.86363636"
"CENTRO DE ALTO RENDIMIENTO","2013-05-14","","19.97916665"
"CENTRO DE ALTO RENDIMIENTO","2013-05-13","","16.95000001"
"CENTRO DE ALTO RENDIMIENTO","2013-05-12","","27.90277778"
"CENTRO DE ALTO RENDIMIENTO","2013-05-11","","45.34722222"
"CENTRO DE ALTO RENDIMIENTO","2013-05-10","","39.00694445"
"CENTRO DE ALTO RENDIMIENTO","2013-05-09","","20.8125"
"CENTRO DE ALTO RENDIMIENTO","2013-05-08","","31.34722223"
"CENTRO DE ALTO RENDIMIENTO","2013-05-07","","45.11805556"
"CENTRO DE ALTO RENDIMIENTO","2013-05-06","","37.14583332"
"CENTRO DE ALTO RENDIMIENTO","2013-05-05","","25.52777778"
"CENTRO DE ALTO RENDIMIENTO","2013-05-04","","54.66666666"
"CENTRO DE ALTO RENDIMIENTO","2013-05-03","","40.64583333"
"CENTRO DE ALTO RENDIMIENTO","2013-05-02","","31.67361111"
"CENTRO DE ALTO RENDIMIENTO","2013-05-01","","32.61805555"
"CENTRO DE ALTO RENDIMIENTO","2013-04-30","","40.22916667"
"CENTRO DE ALTO RENDIMIENTO","2013-04-29","","36.20454545"
"CENTRO DE ALTO RENDIMIENTO","2013-04-28","","39.20138888"
"CENTRO DE ALTO RENDIMIENTO","2013-04-27","","42.96527779"
"CENTRO DE ALTO RENDIMIENTO","2013-04-26","","41.22916667"
"CENTRO DE ALTO RENDIMIENTO","2013-04-25","","43.69444445"
"CENTRO DE ALTO RENDIMIENTO","2013-04-24","","38.02777778"
"CENTRO DE ALTO RENDIMIENTO","2013-04-23","","51.54166667"
"CENTRO DE ALTO RENDIMIENTO","2013-04-22","","48.49275363"
"CENTRO DE ALTO RENDIMIENTO","2013-04-21","","29.52083333"
"CENTRO DE ALTO RENDIMIENTO","2013-04-20","","27.07638889"
"CENTRO DE ALTO RENDIMIENTO","2013-04-19","","31.42028985"
"CENTRO DE ALTO RENDIMIENTO","2013-04-18","","40.6875"
"CENTRO DE ALTO RENDIMIENTO","2013-04-17","","23.90277778"
"CENTRO DE ALTO RENDIMIENTO","2013-04-16","","16.04347827"
"CENTRO DE ALTO RENDIMIENTO","2013-04-15","","17.64583333"
"CENTRO DE ALTO RENDIMIENTO","2013-04-14","","20.52777778"
"CENTRO DE ALTO RENDIMIENTO","2013-04-13","","27.5625"
"CENTRO DE ALTO RENDIMIENTO","2013-04-12","","59.30555555"
"CENTRO DE ALTO RENDIMIENTO","2013-04-11","","60.0"
"CENTRO DE ALTO RENDIMIENTO","2013-04-10","","51.72916667"
"CENTRO DE ALTO RENDIMIENTO","2013-04-09","","42.41666667"
"CENTRO DE ALTO RENDIMIENTO","2013-04-08","","33.41666667"
"CENTRO DE ALTO RENDIMIENTO","2013-04-03","","69.71111111"
"CENTRO DE ALTO RENDIMIENTO","2013-04-02","","37.66666668"
"CENTRO DE ALTO RENDIMIENTO","2013-04-01","","22.09027779"
"CENTRO DE ALTO RENDIMIENTO","2013-03-31","","13.6"
"CENTRO DE ALTO RENDIMIENTO","2013-03-30","","13.0625"
"CENTRO DE ALTO RENDIMIENTO","2013-03-29","","29.86111111"
"CENTRO DE ALTO RENDIMIENTO","2013-03-28","","34.79861111"
"CENTRO DE ALTO RENDIMIENTO","2013-03-27","","42.03472223"
"CENTRO DE ALTO RENDIMIENTO","2013-03-26","","32.95454546"
"CENTRO DE ALTO RENDIMIENTO","2013-03-25","","40.33333333"
"CENTRO DE ALTO RENDIMIENTO","2013-03-24","","33.91666665"
"CENTRO DE ALTO RENDIMIENTO","2013-03-23","","72.56944445"
"CENTRO DE ALTO RENDIMIENTO","2013-03-22","","46.59722222"
"CENTRO DE ALTO RENDIMIENTO","2013-03-21","","49.25694445"
"CENTRO DE ALTO RENDIMIENTO","2013-03-20","","42.54166668"
"CENTRO DE ALTO RENDIMIENTO","2013-03-19","","50.76388889"
"CENTRO DE ALTO RENDIMIENTO","2013-03-18","","51.69298245"
"CENTRO DE ALTO RENDIMIENTO","2013-03-17","","35.68055555"
"CENTRO DE ALTO RENDIMIENTO","2013-03-16","","64.08333332"
"CENTRO DE ALTO RENDIMIENTO","2013-03-15","","90.66666667"
"CENTRO DE ALTO RENDIMIENTO","2013-03-14","","62.49999999"
"CENTRO DE ALTO RENDIMIENTO","2013-03-13","","43.02380951"
"CENTRO DE ALTO RENDIMIENTO","2013-02-28","","18.96666668"
"CENTRO DE ALTO RENDIMIENTO","2013-02-27","","20.68055555"
"CENTRO DE ALTO RENDIMIENTO","2013-02-26","","37.20138889"
"CENTRO DE ALTO RENDIMIENTO","2013-02-25","","33.14583334"
"CENTRO DE ALTO RENDIMIENTO","2013-02-24","","19.29166667"
"CENTRO DE ALTO RENDIMIENTO","2013-02-23","","28.85416667"
"CENTRO DE ALTO RENDIMIENTO","2013-02-22","","21.89583333"
"CENTRO DE ALTO RENDIMIENTO","2013-02-21","","23.09722223"
"CENTRO DE ALTO RENDIMIENTO","2013-02-20","","23.54861112"
"CENTRO DE ALTO RENDIMIENTO","2013-02-19","","26.38888889"
"CENTRO DE ALTO RENDIMIENTO","2013-02-18","","32.3125"
"CENTRO DE ALTO RENDIMIENTO","2013-02-17","","46.33333333"
"CENTRO DE ALTO RENDIMIENTO","2013-02-16","","53.11111111"
"CENTRO DE ALTO RENDIMIENTO","2013-02-15","","53.02083333"
"CENTRO DE ALTO RENDIMIENTO","2013-02-14","","65.90972223"
"CENTRO DE ALTO RENDIMIENTO","2013-02-13","","50.04166667"
"CENTRO DE ALTO RENDIMIENTO","2013-02-12","","57.04861112"
"CENTRO DE ALTO RENDIMIENTO","2013-02-11","","52.45833334"
"CENTRO DE ALTO RENDIMIENTO","2013-02-10","","34.58333334"
"CENTRO DE ALTO RENDIMIENTO","2013-02-09","","30.27777777"
"CENTRO DE ALTO RENDIMIENTO","2013-02-08","","54.88194445"
"CENTRO DE ALTO RENDIMIENTO","2013-02-07","","56.36805555"
"CENTRO DE ALTO RENDIMIENTO","2013-02-06","","63.375"
"CENTRO DE ALTO RENDIMIENTO","2013-02-05","","50.0138889"
"CENTRO DE ALTO RENDIMIENTO","2013-02-04","","51.625"
"CENTRO DE ALTO RENDIMIENTO","2013-02-03","","48.08333334"
"CENTRO DE ALTO RENDIMIENTO","2013-02-02","","43.13888889"
"CENTRO DE ALTO RENDIMIENTO","2013-02-01","","66.375"
"CENTRO DE ALTO RENDIMIENTO","2013-01-31","","51.37878788"
"CENTRO DE ALTO RENDIMIENTO","2013-01-30","","45.94444444"
"CENTRO DE ALTO RENDIMIENTO","2013-01-29","","64.89130435"
"CENTRO DE ALTO RENDIMIENTO","2013-01-28","","32.43055555"
"CENTRO DE ALTO RENDIMIENTO","2013-01-27","","49.73611111"
"CENTRO DE ALTO RENDIMIENTO","2013-01-26","","57.83333334"
"CENTRO DE ALTO RENDIMIENTO","2013-01-25","","65.5486111"
"CENTRO DE ALTO RENDIMIENTO","2013-01-24","","78.19444445"
"CENTRO DE ALTO RENDIMIENTO","2013-01-23","","57.54166668"
"CENTRO DE ALTO RENDIMIENTO","2013-01-22","","42.27083334"
"CENTRO DE ALTO RENDIMIENTO","2013-01-21","","36.79861111"
"CENTRO DE ALTO RENDIMIENTO","2013-01-20","","35.36805556"
"CENTRO DE ALTO RENDIMIENTO","2013-01-19","","48.625"
"CENTRO DE ALTO RENDIMIENTO","2013-01-18","","55.30555555"
"CENTRO DE ALTO RENDIMIENTO","2013-01-17","","77.60416666"
"CENTRO DE ALTO RENDIMIENTO","2013-01-16","","66.13194444"
"CENTRO DE ALTO RENDIMIENTO","2013-01-15","","66.375"
"CENTRO DE ALTO RENDIMIENTO","2013-01-14","","62.90972222"
"CENTRO DE ALTO RENDIMIENTO","2013-01-13","","67.25694445"
"CENTRO DE ALTO RENDIMIENTO","2013-01-12","","73.18749999"
"CENTRO DE ALTO RENDIMIENTO","2013-01-11","","60.95833333"
"CENTRO DE ALTO RENDIMIENTO","2013-01-10","","32.43055556"
"CENTRO DE ALTO RENDIMIENTO","2013-01-09","","19.91666667"
"CENTRO DE ALTO RENDIMIENTO","2013-01-08","","18.27083334"
"CENTRO DE ALTO RENDIMIENTO","2013-01-07","","21.24305555"
"CENTRO DE ALTO RENDIMIENTO","2013-01-06","","26.45833333"
"CENTRO DE ALTO RENDIMIENTO","2013-01-05","","25.24603174"
"CENTRO DE ALTO RENDIMIENTO","2013-01-04","","33.27777778"
"CENTRO DE ALTO RENDIMIENTO","2013-01-03","","33.56944445"
"CENTRO DE ALTO RENDIMIENTO","2013-01-02","","21.52777778"
"CENTRO DE ALTO RENDIMIENTO","2013-01-01","","20.67361111"
"CENTRO DE ALTO RENDIMIENTO","2012-12-31","","21.70833335"
"CENTRO DE ALTO RENDIMIENTO","2012-12-30","","16.08333333"
"CENTRO DE ALTO RENDIMIENTO","2012-12-29","","25.75694445"
"CENTRO DE ALTO RENDIMIENTO","2012-12-28","","18.52777778"
"CENTRO DE ALTO RENDIMIENTO","2012-12-27","","13.21527778"
"CENTRO DE ALTO RENDIMIENTO","2012-12-26","","21.64583334"
"CENTRO DE ALTO RENDIMIENTO","2012-12-25","","41.91666667"
"CENTRO DE ALTO RENDIMIENTO","2012-12-24","","25.58333334"
"CENTRO DE ALTO RENDIMIENTO","2012-12-19","","64.05952381"
"CENTRO DE ALTO RENDIMIENTO","2012-12-18","","55.02500001"
"CENTRO DE ALTO RENDIMIENTO","2012-12-17","","51.46527778"
"CENTRO DE ALTO RENDIMIENTO","2012-12-16","","32.91304348"
"CENTRO DE ALTO RENDIMIENTO","2012-12-15","","41.42361111"
"CENTRO DE ALTO RENDIMIENTO","2012-12-14","","51.54166667"
"CENTRO DE ALTO RENDIMIENTO","2012-12-13","","50.3125"
"CENTRO DE ALTO RENDIMIENTO","2012-12-12","","62.79166667"
"CENTRO DE ALTO RENDIMIENTO","2012-12-11","","55.03472221"
"CENTRO DE ALTO RENDIMIENTO","2012-12-10","","31.55555556"
"CENTRO DE ALTO RENDIMIENTO","2012-12-09","","14.6875"
"CENTRO DE ALTO RENDIMIENTO","2012-12-08","","25.54166666"
"CENTRO DE ALTO RENDIMIENTO","2012-12-07","","55.84722222"
"CENTRO DE ALTO RENDIMIENTO","2012-12-06","","60.60416667"
"CENTRO DE ALTO RENDIMIENTO","2012-12-05","","41.21527778"
"CENTRO DE ALTO RENDIMIENTO","2012-12-04","","52.02083335"
"CENTRO DE ALTO RENDIMIENTO","2012-12-03","","37.06944445"
"CENTRO DE ALTO RENDIMIENTO","2012-12-02","","34.34027778"
"CENTRO DE ALTO RENDIMIENTO","2012-12-01","","34.64583333"
"CENTRO DE ALTO RENDIMIENTO","2012-11-30","","43.34722221"
"CENTRO DE ALTO RENDIMIENTO","2012-11-29","","44.54166667"
"CENTRO DE ALTO RENDIMIENTO","2012-11-28","","65.56944444"
"CENTRO DE ALTO RENDIMIENTO","2012-11-27","","39.27083333"
"CENTRO DE ALTO RENDIMIENTO","2012-11-26","","21.0138889"
"CENTRO DE ALTO RENDIMIENTO","2012-11-25","","49.04166667"
"CENTRO DE ALTO RENDIMIENTO","2012-11-24","","56.02083333"
"CENTRO DE ALTO RENDIMIENTO","2012-11-23","","68.25694444"
"CENTRO DE ALTO RENDIMIENTO","2012-11-22","","86.99999999"
"CENTRO DE ALTO RENDIMIENTO","2012-11-21","","79.36805555"
"CENTRO DE ALTO RENDIMIENTO","2012-11-20","","80.44736842"
"CENTRO DE ALTO RENDIMIENTO","2012-11-19","","75.69444445"
"CENTRO DE ALTO RENDIMIENTO","2012-11-18","","39.42361111"
"CENTRO DE ALTO RENDIMIENTO","2012-11-17","","50.0625"
"CENTRO DE ALTO RENDIMIENTO","2012-11-16","","60.61666667"
"CENTRO DE ALTO RENDIMIENTO","2012-11-15","","66.08333335"
"CENTRO DE ALTO RENDIMIENTO","2012-11-14","","65.37499999"
"CENTRO DE ALTO RENDIMIENTO","2012-11-13","","58.75694444"
"CENTRO DE ALTO RENDIMIENTO","2012-11-12","","41.13194445"
"CENTRO DE ALTO RENDIMIENTO","2012-11-11","","31.45138889"
"CENTRO DE ALTO RENDIMIENTO","2012-11-10","","53.94444444"
"CENTRO DE ALTO RENDIMIENTO","2012-11-09","","29.43055557"
"CENTRO DE ALTO RENDIMIENTO","2012-11-08","","39.46527778"
"CENTRO DE ALTO RENDIMIENTO","2012-11-07","","53.70833333"
"CENTRO DE ALTO RENDIMIENTO","2012-11-06","","27.91666667"
"CENTRO DE ALTO RENDIMIENTO","2012-11-05","","17.29166666"
"CENTRO DE ALTO RENDIMIENTO","2012-11-04","","41.93055556"
"CENTRO DE ALTO RENDIMIENTO","2012-11-03","","38.66666667"
"CENTRO DE ALTO RENDIMIENTO","2012-11-01","","74.4"
"CENTRO DE ALTO RENDIMIENTO","2012-10-31","","59.60256412"
"CENTRO DE ALTO RENDIMIENTO","2012-10-30","","49.62698412"
"CENTRO DE ALTO RENDIMIENTO","2012-10-29","","46.90972223"
"CENTRO DE ALTO RENDIMIENTO","2012-10-28","","19.63636363"
"CENTRO DE ALTO RENDIMIENTO","2012-10-27","","28.93055556"
"CENTRO DE ALTO RENDIMIENTO","2012-10-26","","43.99999999"
"CENTRO DE ALTO RENDIMIENTO","2012-10-25","","37.27083334"
"CENTRO DE ALTO RENDIMIENTO","2012-10-24","","30.89583334"
"CENTRO DE ALTO RENDIMIENTO","2012-10-23","","34.51388889"
"CENTRO DE ALTO RENDIMIENTO","2012-10-22","","53.53472222"
"CENTRO DE ALTO RENDIMIENTO","2012-10-21","","45.07638888"
"CENTRO DE ALTO RENDIMIENTO","2012-10-20","","32.10416667"
"CENTRO DE ALTO RENDIMIENTO","2012-10-19","","30.91666666"
"CENTRO DE ALTO RENDIMIENTO","2012-10-18","","23.97916666"
"CENTRO DE ALTO RENDIMIENTO","2012-10-17","","34.05555555"
"CENTRO DE ALTO RENDIMIENTO","2012-10-16","","31.45833333"
"CENTRO DE ALTO RENDIMIENTO","2012-10-15","","49.3125"
"CENTRO DE ALTO RENDIMIENTO","2012-10-14","","65.31944444"
"CENTRO DE ALTO RENDIMIENTO","2012-10-13","","42.16666668"
"CENTRO DE ALTO RENDIMIENTO","2012-10-12","","47.76388889"
"CENTRO DE ALTO RENDIMIENTO","2012-10-11","","78.125"
"CENTRO DE ALTO RENDIMIENTO","2012-10-09","","31.26666667"
"CENTRO DE ALTO RENDIMIENTO","2012-10-08","","9.78703704"
"CENTRO DE ALTO RENDIMIENTO","2012-10-07","","12.88636364"
"CENTRO DE ALTO RENDIMIENTO","2012-10-06","","25.09027778"
"CENTRO DE ALTO RENDIMIENTO","2012-10-05","","58.03472222"
"CENTRO DE ALTO RENDIMIENTO","2012-10-04","","49.73611112"
"CENTRO DE ALTO RENDIMIENTO","2012-10-03","","36.34722223"
"CENTRO DE ALTO RENDIMIENTO","2012-10-02","","33.72222223"
"CENTRO DE ALTO RENDIMIENTO","2012-10-01","","9.48245614"
"CENTRO DE ALTO RENDIMIENTO","2012-09-30","","6.65909091"
"CENTRO DE ALTO RENDIMIENTO","2012-09-29","","22.55"
"CENTRO DE ALTO RENDIMIENTO","2012-09-28","","28.40000001"
"CENTRO DE ALTO RENDIMIENTO","2012-09-26","","31.41666668"
"CENTRO DE ALTO RENDIMIENTO","2012-09-25","","29.49305555"
"CENTRO DE ALTO RENDIMIENTO","2012-09-24","","43.25694445"
"CENTRO DE ALTO RENDIMIENTO","2012-09-23","","26.83333333"
"CENTRO DE ALTO RENDIMIENTO","2012-09-22","","18.05555557"
"CENTRO DE ALTO RENDIMIENTO","2012-09-21","","20.8888889"
"CENTRO DE ALTO RENDIMIENTO","2012-09-20","","33.53472222"
"CENTRO DE ALTO RENDIMIENTO","2012-09-19","","61.43181817"
"CENTRO DE ALTO RENDIMIENTO","2012-09-18","","37.06944445"
"CENTRO DE ALTO RENDIMIENTO","2012-09-17","","25.875"
"CENTRO DE ALTO RENDIMIENTO","2012-09-16","","25.66666667"
"CENTRO DE ALTO RENDIMIENTO","2012-09-15","","27.25694444"
"CENTRO DE ALTO RENDIMIENTO","2012-09-14","","57.79166667"
"CENTRO DE ALTO RENDIMIENTO","2012-09-13","","38.38888889"
"CENTRO DE ALTO RENDIMIENTO","2012-09-12","","28.35714286"
"CENTRO DE ALTO RENDIMIENTO","2012-09-01","","19.77380951"
"CENTRO DE ALTO RENDIMIENTO","2012-08-31","","25.54166667"
"CENTRO DE ALTO RENDIMIENTO","2012-08-30","","12.51388889"
"CENTRO DE ALTO RENDIMIENTO","2012-08-29","","13.8125"
"CENTRO DE ALTO RENDIMIENTO","2012-08-28","","20.08333334"
"CENTRO DE ALTO RENDIMIENTO","2012-08-27","","20.69298246"
"CENTRO DE ALTO RENDIMIENTO","2012-08-26","","11.46376812"
"CENTRO DE ALTO RENDIMIENTO","2012-08-25","","18.59027777"
"CENTRO DE ALTO RENDIMIENTO","2012-08-24","","50.16666667"
"CENTRO DE ALTO RENDIMIENTO","2012-08-23","","48.79166666"
"CENTRO DE ALTO RENDIMIENTO","2012-08-22","","33.73611111"
"CENTRO DE ALTO RENDIMIENTO","2012-08-21","","27.57638889"
"CENTRO DE ALTO RENDIMIENTO","2012-08-20","","21.44444445"
"CENTRO DE ALTO RENDIMIENTO","2012-08-19","","17.27272728"
"CENTRO DE ALTO RENDIMIENTO","2012-08-18","","15.27083332"
"CENTRO DE ALTO RENDIMIENTO","2012-08-17","","14.01388889"
"CENTRO DE ALTO RENDIMIENTO","2012-08-16","","22.65277779"
"CENTRO DE ALTO RENDIMIENTO","2012-08-15","","19.90277777"
"CENTRO DE ALTO RENDIMIENTO","2012-08-14","","18.25"
"CENTRO DE ALTO RENDIMIENTO","2012-08-13","","15.77500001"
"CENTRO DE ALTO RENDIMIENTO","2012-08-12","","35.99999999"
"CENTRO DE ALTO RENDIMIENTO","2012-08-11","","18.52083334"
"CENTRO DE ALTO RENDIMIENTO","2012-08-10","","15.28472222"
"CENTRO DE ALTO RENDIMIENTO","2012-08-09","","18.11805555"
"CENTRO DE ALTO RENDIMIENTO","2012-08-08","","20.6590909"
"CENTRO DE ALTO RENDIMIENTO","2012-08-07","","34.63888889"
"CENTRO DE ALTO RENDIMIENTO","2012-08-06","","41.02777777"
"CENTRO DE ALTO RENDIMIENTO","2012-08-05","","10.99242425"
"CENTRO DE ALTO RENDIMIENTO","2012-08-04","","36.79861111"
"CENTRO DE ALTO RENDIMIENTO","2012-08-03","","70.61805555"
"CENTRO DE ALTO RENDIMIENTO","2012-08-02","","43.07638888"
"CENTRO DE ALTO RENDIMIENTO","2012-08-01","","19.79166667"
"CENTRO DE ALTO RENDIMIENTO","2012-07-31","","33.63194444"
"CENTRO DE ALTO RENDIMIENTO","2012-07-30","","23.11805556"
"CENTRO DE ALTO RENDIMIENTO","2012-07-29","","11.9469697"
"CENTRO DE ALTO RENDIMIENTO","2012-07-28","","11.04166666"
"CENTRO DE ALTO RENDIMIENTO","2012-07-27","","15.22222223"
"CENTRO DE ALTO RENDIMIENTO","2012-07-26","","18.56250002"
"CENTRO DE ALTO RENDIMIENTO","2012-07-25","","22.12500001"
"CENTRO DE ALTO RENDIMIENTO","2012-07-24","","11.88194444"
"CENTRO DE ALTO RENDIMIENTO","2012-07-23","","16.02777778"
"CENTRO DE ALTO RENDIMIENTO","2012-07-22","","8.95833334"
"CENTRO DE ALTO RENDIMIENTO","2012-07-21","","12.64583334"
"CENTRO DE ALTO RENDIMIENTO","2012-07-20","","12.12745098"
"CENTRO DE ALTO RENDIMIENTO","2012-07-19","","15.91666668"
"CENTRO DE ALTO RENDIMIENTO","2012-07-18","","12.18253969"
"CENTRO DE ALTO RENDIMIENTO","2012-07-17","","24.5138889"
"CENTRO DE ALTO RENDIMIENTO","2012-07-16","","27.0625"
"CENTRO DE ALTO RENDIMIENTO","2012-07-15","","20.97222222"
"CENTRO DE ALTO RENDIMIENTO","2012-07-14","","27.09848484"
"CENTRO DE ALTO RENDIMIENTO","2012-07-13","","51.25"
"CENTRO DE ALTO RENDIMIENTO","2012-07-12","","44.41666668"
"CENTRO DE ALTO RENDIMIENTO","2012-07-11","","23.71969697"
"CENTRO DE ALTO RENDIMIENTO","2012-07-10","","15.58730159"
"CENTRO DE ALTO RENDIMIENTO","2012-07-09","","11.62820513"
"CENTRO DE ALTO RENDIMIENTO","2012-07-08","","9.05555555"
"CENTRO DE ALTO RENDIMIENTO","2012-07-07","","13.52083333"
"CENTRO DE ALTO RENDIMIENTO","2012-07-06","","24.14583333"
"CENTRO DE ALTO RENDIMIENTO","2012-07-05","","17.49305556"
"CENTRO DE ALTO RENDIMIENTO","2012-07-04","","17.95833333"
"CENTRO DE ALTO RENDIMIENTO","2012-07-03","","18.61805555"
"CENTRO DE ALTO RENDIMIENTO","2012-07-02","","11.58333333"
"CENTRO DE ALTO RENDIMIENTO","2012-07-01","","8.86111111"
"CENTRO DE ALTO RENDIMIENTO","2012-06-30","","15.43055556"
"CENTRO DE ALTO RENDIMIENTO","2012-06-29","","33.70833333"
"CENTRO DE ALTO RENDIMIENTO","2012-06-28","","11.24358975"
"CENTRO DE ALTO RENDIMIENTO","2012-06-27","","13.06944445"
"CENTRO DE ALTO RENDIMIENTO","2012-06-26","","10.43181819"
"CENTRO DE ALTO RENDIMIENTO","2012-06-25","","16.78472222"
"CENTRO DE ALTO RENDIMIENTO","2012-06-24","","18.47916668"
"CENTRO DE ALTO RENDIMIENTO","2012-06-23","","39.29861111"
"CENTRO DE ALTO RENDIMIENTO","2012-06-22","","21.3125"
"CENTRO DE ALTO RENDIMIENTO","2012-06-21","","14.25757575"
"CENTRO DE ALTO RENDIMIENTO","2012-06-20","","18.84166667"
"CENTRO DE ALTO RENDIMIENTO","2012-06-19","","22.50694445"
"CENTRO DE ALTO RENDIMIENTO","2012-06-18","","17.26388889"
"CENTRO DE ALTO RENDIMIENTO","2012-06-17","","33.59722222"
"CENTRO DE ALTO RENDIMIENTO","2012-06-16","","26.26388888"
"CENTRO DE ALTO RENDIMIENTO","2012-06-15","","23.40972223"
"CENTRO DE ALTO RENDIMIENTO","2012-06-14","","23.00694445"
"CENTRO DE ALTO RENDIMIENTO","2012-06-13","","44.59027777"
"CENTRO DE ALTO RENDIMIENTO","2012-06-12","","14.83333333"
"CENTRO DE ALTO RENDIMIENTO","2012-06-11","","7.04999999"
"CENTRO DE ALTO RENDIMIENTO","2012-06-10","","7.11764706"
"CENTRO DE ALTO RENDIMIENTO","2012-06-09","","9.20138889"
"CENTRO DE ALTO RENDIMIENTO","2012-06-08","","10.65789473"
"CENTRO DE ALTO RENDIMIENTO","2012-06-07","","14.34027778"
"CENTRO DE ALTO RENDIMIENTO","2012-06-06","","17.26388888"
"CENTRO DE ALTO RENDIMIENTO","2012-06-05","","23.99305556"
"CENTRO DE ALTO RENDIMIENTO","2012-06-04","","38.73611111"
"CENTRO DE ALTO RENDIMIENTO","2012-06-03","","22.76388889"
"CENTRO DE ALTO RENDIMIENTO","2012-06-02","","9.09722223"
"CENTRO DE ALTO RENDIMIENTO","2012-06-01","","16.6111111"
"CENTRO DE ALTO RENDIMIENTO","2012-05-31","","16.63888889"
"CENTRO DE ALTO RENDIMIENTO","2012-05-30","","16.31818183"
"CENTRO DE ALTO RENDIMIENTO","2012-05-29","","9.375"
"CENTRO DE ALTO RENDIMIENTO","2012-05-28","","21.46527779"
"CENTRO DE ALTO RENDIMIENTO","2012-05-27","","16.90151515"
"CENTRO DE ALTO RENDIMIENTO","2012-05-26","","25.8125"
"CENTRO DE ALTO RENDIMIENTO","2012-05-25","","16.72222222"
"CENTRO DE ALTO RENDIMIENTO","2012-05-24","","14.78333333"
"CENTRO DE ALTO RENDIMIENTO","2012-05-23","","24.78472221"
"CENTRO DE ALTO RENDIMIENTO","2012-05-22","","9.61111111"
"CENTRO DE ALTO RENDIMIENTO","2012-05-21","","19.51666667"
"CENTRO DE ALTO RENDIMIENTO","2012-05-20","","20.54166667"
"CENTRO DE ALTO RENDIMIENTO","2012-05-19","","17.69444444"
"CENTRO DE ALTO RENDIMIENTO","2012-05-18","","52.33333333"
"CENTRO DE ALTO RENDIMIENTO","2012-05-17","","12.01388889"
"CENTRO DE ALTO RENDIMIENTO","2012-05-16","","24.43055555"
"CENTRO DE ALTO RENDIMIENTO","2012-05-15","","29.73611111"
"CENTRO DE ALTO RENDIMIENTO","2012-05-14","","20.89583334"
"CENTRO DE ALTO RENDIMIENTO","2012-05-13","","7.63888888"
"CENTRO DE ALTO RENDIMIENTO","2012-05-12","","13.62878788"
"CENTRO DE ALTO RENDIMIENTO","2012-05-11","","77.72222223"
"CENTRO DE ALTO RENDIMIENTO","2012-05-10","","70.38194444"
"CENTRO DE ALTO RENDIMIENTO","2012-05-09","","55.43055557"
"CENTRO DE ALTO RENDIMIENTO","2012-05-08","","57.97916666"
"CENTRO DE ALTO RENDIMIENTO","2012-05-07","","44.05952381"
"CENTRO DE ALTO RENDIMIENTO","2012-05-06","","33.1875"
"CENTRO DE ALTO RENDIMIENTO","2012-05-05","","43.56944444"
"CENTRO DE ALTO RENDIMIENTO","2012-05-04","","28.61805555"
"CENTRO DE ALTO RENDIMIENTO","2012-05-03","","29.75694445"
"CENTRO DE ALTO RENDIMIENTO","2012-05-02","","24.69444444"
"CENTRO DE ALTO RENDIMIENTO","2012-05-01","","13.46969696"
"CENTRO DE ALTO RENDIMIENTO","2012-04-30","","44.72222222"
"CENTRO DE ALTO RENDIMIENTO","2012-04-29","","31.35416667"
"CENTRO DE ALTO RENDIMIENTO","2012-04-28","","33.25"
"CENTRO DE ALTO RENDIMIENTO","2012-04-27","","25.75694444"
"CENTRO DE ALTO RENDIMIENTO","2012-04-26","","44.5625"
"CENTRO DE ALTO RENDIMIENTO","2012-04-25","","22.52083333"
"CENTRO DE ALTO RENDIMIENTO","2012-04-24","","40.32638889"
"CENTRO DE ALTO RENDIMIENTO","2012-04-23","","53.27192982"
"CENTRO DE ALTO RENDIMIENTO","2012-04-22","","28.28030304"
"CENTRO DE ALTO RENDIMIENTO","2012-04-21","","32.95833333"
"CENTRO DE ALTO RENDIMIENTO","2012-04-20","","75.93333333"
"CENTRO DE ALTO RENDIMIENTO","2012-04-19","","67.65277778"
"CENTRO DE ALTO RENDIMIENTO","2012-04-18","","61.97916668"
"CENTRO DE ALTO RENDIMIENTO","2012-04-17","","60.05555556"
"CENTRO DE ALTO RENDIMIENTO","2012-04-16","","48.99999999"
"CENTRO DE ALTO RENDIMIENTO","2012-04-15","","59.88194445"
"CENTRO DE ALTO RENDIMIENTO","2012-04-14","","67.04861112"
"CENTRO DE ALTO RENDIMIENTO","2012-04-13","","45.14583334"
"CENTRO DE ALTO RENDIMIENTO","2012-04-12","","32.13636364"
"CENTRO DE ALTO RENDIMIENTO","2012-04-11","","34.15277778"
"CENTRO DE ALTO RENDIMIENTO","2012-04-10","","52.71527778"
"CENTRO DE ALTO RENDIMIENTO","2012-04-09","","32.78472223"
"CENTRO DE ALTO RENDIMIENTO","2012-04-08","","22.19444444"
"CENTRO DE ALTO RENDIMIENTO","2012-04-07","","19.92063491"
"CENTRO DE ALTO RENDIMIENTO","2012-04-06","","28.28472223"
"CENTRO DE ALTO RENDIMIENTO","2012-04-05","","33.95138889"
"CENTRO DE ALTO RENDIMIENTO","2012-04-04","","38.94444445"
"CENTRO DE ALTO RENDIMIENTO","2012-04-03","","46.63333333"
"CENTRO DE ALTO RENDIMIENTO","2012-04-02","","28.16666668"
"CENTRO DE ALTO RENDIMIENTO","2012-04-01","","16.18333333"
"CENTRO DE ALTO RENDIMIENTO","2012-03-31","","16.54166666"
"CENTRO DE ALTO RENDIMIENTO","2012-03-30","","34.06944445"
"CENTRO DE ALTO RENDIMIENTO","2012-03-29","","29.53787879"
"CENTRO DE ALTO RENDIMIENTO","2012-03-28","","43.625"
"CENTRO DE ALTO RENDIMIENTO","2012-03-27","","57.64492754"
"CENTRO DE ALTO RENDIMIENTO","2012-03-26","","36.5625"
"CENTRO DE ALTO RENDIMIENTO","2012-03-25","","24.54861111"
"CENTRO DE ALTO RENDIMIENTO","2012-03-24","","79.47222222"
"CENTRO DE ALTO RENDIMIENTO","2012-03-23","","67.86805555"
"CENTRO DE ALTO RENDIMIENTO","2012-03-22","","47.63768117"
"CENTRO DE ALTO RENDIMIENTO","2012-03-21","","64.86805555"
"CENTRO DE ALTO RENDIMIENTO","2012-03-20","","74.575"
"CENTRO DE ALTO RENDIMIENTO","2012-03-19","","24.60416666"
"CENTRO DE ALTO RENDIMIENTO","2012-03-18","","28.94444445"
"CENTRO DE ALTO RENDIMIENTO","2012-03-17","","26.40972223"
"CENTRO DE ALTO RENDIMIENTO","2012-03-16","","22.32638889"
"CENTRO DE ALTO RENDIMIENTO","2012-03-15","","24.80952381"
"CENTRO DE ALTO RENDIMIENTO","2012-03-14","","20.09722223"
"CENTRO DE ALTO RENDIMIENTO","2012-03-13","","21.64583333"
"CENTRO DE ALTO RENDIMIENTO","2012-03-12","","14.09027778"
"CENTRO DE ALTO RENDIMIENTO","2012-03-11","","9.45833334"
"CENTRO DE ALTO RENDIMIENTO","2012-03-10","","43.41666666"
"CENTRO DE ALTO RENDIMIENTO","2012-03-09","","41.29166666"
"CENTRO DE ALTO RENDIMIENTO","2012-03-08","","24.94444445"
"CENTRO DE ALTO RENDIMIENTO","2012-03-07","","34.66666667"
"CENTRO DE ALTO RENDIMIENTO","2012-03-06","","32.70454546"
"CENTRO DE ALTO RENDIMIENTO","2012-03-05","","27.41666667"
"CENTRO DE ALTO RENDIMIENTO","2012-03-04","","13.77083333"
"CENTRO DE ALTO RENDIMIENTO","2012-03-03","","15.49305556"
"CENTRO DE ALTO RENDIMIENTO","2012-03-02","","22.38333334"
"CENTRO DE ALTO RENDIMIENTO","2012-03-01","","35.67361111"
"CENTRO DE ALTO RENDIMIENTO","2012-02-29","","56.35416667"
"CENTRO DE ALTO RENDIMIENTO","2012-02-28","","59.88194445"
"CENTRO DE ALTO RENDIMIENTO","2012-02-27","","33.40972222"
"CENTRO DE ALTO RENDIMIENTO","2012-02-26","","46.45138889"
"CENTRO DE ALTO RENDIMIENTO","2012-02-25","","61.56944444"
"CENTRO DE ALTO RENDIMIENTO","2012-02-24","","33.10416667"
"CENTRO DE ALTO RENDIMIENTO","2012-02-23","","49.67361111"
"CENTRO DE ALTO RENDIMIENTO","2012-02-22","","38.59027778"
"CENTRO DE ALTO RENDIMIENTO","2012-02-21","","57.02083333"
"CENTRO DE ALTO RENDIMIENTO","2012-02-20","","55.35416667"
"CENTRO DE ALTO RENDIMIENTO","2012-02-19","","42.11805556"
"CENTRO DE ALTO RENDIMIENTO","2012-02-18","","83.13888888"
"CENTRO DE ALTO RENDIMIENTO","2012-02-17","","92.15277778"
"CENTRO DE ALTO RENDIMIENTO","2012-02-16","","65.89583335"
"CENTRO DE ALTO RENDIMIENTO","2012-02-15","","56.71014493"
"CENTRO DE ALTO RENDIMIENTO","2012-02-14","","40.46212121"
"CENTRO DE ALTO RENDIMIENTO","2012-02-13","","42.79166668"
"CENTRO DE ALTO RENDIMIENTO","2012-02-12","","29.43055555"
"CENTRO DE ALTO RENDIMIENTO","2012-02-11","","66.08333332"
"CENTRO DE ALTO RENDIMIENTO","2012-02-10","","70.5"
"CENTRO DE ALTO RENDIMIENTO","2012-02-09","","53.36805556"
"CENTRO DE ALTO RENDIMIENTO","2012-02-08","","26.01388889"
"CENTRO DE ALTO RENDIMIENTO","2012-02-07","","19.97727272"
"CENTRO DE ALTO RENDIMIENTO","2012-02-06","","13.65972223"
"CENTRO DE ALTO RENDIMIENTO","2012-02-05","","14.66666667"
"CENTRO DE ALTO RENDIMIENTO","2012-02-04","","16.9375"
"CENTRO DE ALTO RENDIMIENTO","2012-02-03","","24.73611111"
"CENTRO DE ALTO RENDIMIENTO","2012-02-02","","71.62280701"
"CENTRO DE ALTO RENDIMIENTO","2012-02-01","","36.6736111"
"CENTRO DE ALTO RENDIMIENTO","2012-01-31","","72.36666666"
"CENTRO DE ALTO RENDIMIENTO","2012-01-28","","43.4102564"
"CENTRO DE ALTO RENDIMIENTO","2012-01-27","","42.27777779"
"CENTRO DE ALTO RENDIMIENTO","2012-01-26","","55.3888889"
"CENTRO DE ALTO RENDIMIENTO","2012-01-25","","45.57638889"
"CENTRO DE ALTO RENDIMIENTO","2012-01-24","","59.64583333"
"CENTRO DE ALTO RENDIMIENTO","2012-01-23","","31.81944445"
"CENTRO DE ALTO RENDIMIENTO","2012-01-22","","31.82638889"
"CENTRO DE ALTO RENDIMIENTO","2012-01-21","","53.68055556"
"CENTRO DE ALTO RENDIMIENTO","2012-01-20","","44.03472223"
"CENTRO DE ALTO RENDIMIENTO","2012-01-19","","42.49305555"
"CENTRO DE ALTO RENDIMIENTO","2012-01-18","","44.88194443"
"CENTRO DE ALTO RENDIMIENTO","2012-01-17","","43.50694444"
"CENTRO DE ALTO RENDIMIENTO","2012-01-16","","52.68750001"
"CENTRO DE ALTO RENDIMIENTO","2012-01-15","","18.33333334"
"CENTRO DE ALTO RENDIMIENTO","2012-01-14","","11.33333334"
"CENTRO DE ALTO RENDIMIENTO","2012-01-13","","11.76811595"
"CENTRO DE ALTO RENDIMIENTO","2012-01-12","","31.94444445"
"CENTRO DE ALTO RENDIMIENTO","2012-01-11","","52.2361111"
"CENTRO DE ALTO RENDIMIENTO","2012-01-10","","50.25694445"
"CENTRO DE ALTO RENDIMIENTO","2012-01-09","","26.11111111"
"CENTRO DE ALTO RENDIMIENTO","2012-01-08","","30.88194444"
"CENTRO DE ALTO RENDIMIENTO","2012-01-07","","44.47916667"
"CENTRO DE ALTO RENDIMIENTO","2012-01-06","","35.375"
"CENTRO DE ALTO RENDIMIENTO","2012-01-05","","44.59027777"
"CENTRO DE ALTO RENDIMIENTO","2012-01-04","","34.34027777"
"CENTRO DE ALTO RENDIMIENTO","2012-01-03","","52.50757576"
"CENTRO DE ALTO RENDIMIENTO","2012-01-02","","41.97222221"
"CENTRO DE ALTO RENDIMIENTO","2012-01-01","","38.02777778"
"CENTRO DE ALTO RENDIMIENTO","2011-12-31","","9.2986111"
"CENTRO DE ALTO RENDIMIENTO","2011-12-30","","19.13888888"
"CENTRO DE ALTO RENDIMIENTO","2011-12-29","","29.41666667"
"CENTRO DE ALTO RENDIMIENTO","2011-12-28","","27.34027778"
"CENTRO DE ALTO RENDIMIENTO","2011-12-27","","12.33333335"
"CENTRO DE ALTO RENDIMIENTO","2011-12-24","","18.06249999"
"CENTRO DE ALTO RENDIMIENTO","2011-12-23","","27.8263889"
"CENTRO DE ALTO RENDIMIENTO","2011-12-22","","15.06249999"
"CENTRO DE ALTO RENDIMIENTO","2011-12-21","","12.36805556"
"CENTRO DE ALTO RENDIMIENTO","2011-12-20","","15.08333333"
"CENTRO DE ALTO RENDIMIENTO","2011-12-19","","31.21527778"
"CENTRO DE ALTO RENDIMIENTO","2011-12-18","","44.13888889"
"CENTRO DE ALTO RENDIMIENTO","2011-12-17","","53.16666668"
"CENTRO DE ALTO RENDIMIENTO","2011-12-16","","39.55072464"
"CENTRO DE ALTO RENDIMIENTO","2011-12-15","","47.08333333"
"CENTRO DE ALTO RENDIMIENTO","2011-12-14","","54.69444445"
"CENTRO DE ALTO RENDIMIENTO","2011-12-13","","61.87499999"
"CENTRO DE ALTO RENDIMIENTO","2011-12-12","","48.375"
"CENTRO DE ALTO RENDIMIENTO","2011-12-11","","73.97916667"
"CENTRO DE ALTO RENDIMIENTO","2011-12-10","","53.82638889"
"CENTRO DE ALTO RENDIMIENTO","2011-12-09","","50.1111111"
"CENTRO DE ALTO RENDIMIENTO","2011-12-08","","50.98611111"
"CENTRO DE ALTO RENDIMIENTO","2011-12-07","","45.73611112"
"CENTRO DE ALTO RENDIMIENTO","2011-12-06","","54.25438596"
"CENTRO DE ALTO RENDIMIENTO","2011-12-05","","41.7173913"
"CENTRO DE ALTO RENDIMIENTO","2011-12-04","","50.94444445"
"CENTRO DE ALTO RENDIMIENTO","2011-12-03","","50.20138889"
"CENTRO DE ALTO RENDIMIENTO","2011-12-02","","55.14583333"
"CENTRO DE ALTO RENDIMIENTO","2011-12-01","","40.19444445"
"CENTRO DE ALTO RENDIMIENTO","2011-11-30","","41.2638889"
"CENTRO DE ALTO RENDIMIENTO","2011-11-29","","36.94444444"
"CENTRO DE ALTO RENDIMIENTO","2011-11-28","","61.49999999"
"CENTRO DE ALTO RENDIMIENTO","2011-11-27","","56.53472222"
"CENTRO DE ALTO RENDIMIENTO","2011-11-26","","56.70833334"
"CENTRO DE ALTO RENDIMIENTO","2011-11-25","","70.41666666"
"CENTRO DE ALTO RENDIMIENTO","2011-11-24","","52.00694445"
"CENTRO DE ALTO RENDIMIENTO","2011-11-23","","42.72222222"
"CENTRO DE ALTO RENDIMIENTO","2011-11-22","","60.99305555"
"CENTRO DE ALTO RENDIMIENTO","2011-11-21","","37.27777778"
"CENTRO DE ALTO RENDIMIENTO","2011-11-20","","23.66666666"
"CENTRO DE ALTO RENDIMIENTO","2011-11-19","","23.86805555"
"CENTRO DE ALTO RENDIMIENTO","2011-11-18","","29.65972222"
"CENTRO DE ALTO RENDIMIENTO","2011-11-17","","35.22916666"
"CENTRO DE ALTO RENDIMIENTO","2011-11-16","","59.66666667"
"CENTRO DE ALTO RENDIMIENTO","2011-11-15","","40.45833334"
"CENTRO DE ALTO RENDIMIENTO","2011-11-14","","33.33333333"
"CENTRO DE ALTO RENDIMIENTO","2011-11-13","","46.88194445"
"CENTRO DE ALTO RENDIMIENTO","2011-11-12","","32.81944444"
"CENTRO DE ALTO RENDIMIENTO","2011-11-11","","59.56944443"
"CENTRO DE ALTO RENDIMIENTO","2011-11-10","","54.49305556"
"CENTRO DE ALTO RENDIMIENTO","2011-11-09","","44.97222223"
"CENTRO DE ALTO RENDIMIENTO","2011-11-08","","53.52777777"
"CENTRO DE ALTO RENDIMIENTO","2011-11-07","","34.66666667"
"CENTRO DE ALTO RENDIMIENTO","2011-11-06","","56.93181818"
"CENTRO DE ALTO RENDIMIENTO","2011-11-05","","76.60416667"
"CENTRO DE ALTO RENDIMIENTO","2011-11-04","","82.39855073"
"CENTRO DE ALTO RENDIMIENTO","2011-11-03","","48.69565217"
"CENTRO DE ALTO RENDIMIENTO","2011-11-02","","62.40972222"
"CENTRO DE ALTO RENDIMIENTO","2011-11-01","","61.59027778"
"CENTRO DE ALTO RENDIMIENTO","2011-10-31","","49.47916667"
"CENTRO DE ALTO RENDIMIENTO","2011-10-30","","35.32575758"
"CENTRO DE ALTO RENDIMIENTO","2011-10-29","","36.1590909"
"CENTRO DE ALTO RENDIMIENTO","2011-10-28","","35.96527778"
"CENTRO DE ALTO RENDIMIENTO","2011-10-27","","30.72222222"
"CENTRO DE ALTO RENDIMIENTO","2011-10-26","","54.44444445"
"CENTRO DE ALTO RENDIMIENTO","2011-10-25","","43.6875"
"CENTRO DE ALTO RENDIMIENTO","2011-10-24","","28.73484849"
"CENTRO DE ALTO RENDIMIENTO","2011-10-23","","41.46527778"
"CENTRO DE ALTO RENDIMIENTO","2011-10-22","","32.3125"
"CENTRO DE ALTO RENDIMIENTO","2011-10-21","","49.68055556"
"CENTRO DE ALTO RENDIMIENTO","2011-10-20","","30.05555556"
"CENTRO DE ALTO RENDIMIENTO","2011-10-19","","24.43939394"
"CENTRO DE ALTO RENDIMIENTO","2011-10-18","","22.22222222"
"CENTRO DE ALTO RENDIMIENTO","2011-10-17","","17.84722223"
"CENTRO DE ALTO RENDIMIENTO","2011-10-16","","24.00694443"
"CENTRO DE ALTO RENDIMIENTO","2011-10-15","","20.71527779"
"CENTRO DE ALTO RENDIMIENTO","2011-10-14","","35.25694445"
"CENTRO DE ALTO RENDIMIENTO","2011-10-13","","31.64583333"
"CENTRO DE ALTO RENDIMIENTO","2011-10-12","","27.86805555"
"CENTRO DE ALTO RENDIMIENTO","2011-10-11","","48.20833333"
"CENTRO DE ALTO RENDIMIENTO","2011-10-10","","55.09027778"
"CENTRO DE ALTO RENDIMIENTO","2011-10-09","","38.38194445"
"CENTRO DE ALTO RENDIMIENTO","2011-10-08","","41.61111112"
"CENTRO DE ALTO RENDIMIENTO","2011-10-07","","46.81944445"
"CENTRO DE ALTO RENDIMIENTO","2011-10-06","","58.62499999"
"CENTRO DE ALTO RENDIMIENTO","2011-10-05","","65.98611111"
"CENTRO DE ALTO RENDIMIENTO","2011-10-04","","49.01515152"
"CENTRO DE ALTO RENDIMIENTO","2011-10-03","","35.86111111"
"CENTRO DE ALTO RENDIMIENTO","2011-10-02","","34.90277778"
"CENTRO DE ALTO RENDIMIENTO","2011-10-01","","34.50694445"
"CENTRO DE ALTO RENDIMIENTO","2011-09-30","","53.05555555"
"CENTRO DE ALTO RENDIMIENTO","2011-09-29","","30.75000001"
"CENTRO DE ALTO RENDIMIENTO","2011-09-28","","31.90277777"
"CENTRO DE ALTO RENDIMIENTO","2011-09-27","","25.80555556"
"CENTRO DE ALTO RENDIMIENTO","2011-09-26","","13.56944445"
"CENTRO DE ALTO RENDIMIENTO","2011-09-25","","14.25"
"CENTRO DE ALTO RENDIMIENTO","2011-09-24","","36.88888889"
"CENTRO DE ALTO RENDIMIENTO","2011-09-23","","74.71527778"
"CENTRO DE ALTO RENDIMIENTO","2011-09-22","","39.78472222"
"CENTRO DE ALTO RENDIMIENTO","2011-09-21","","39.66666667"
"CENTRO DE ALTO RENDIMIENTO","2011-09-20","","53.75694445"
"CENTRO DE ALTO RENDIMIENTO","2011-09-19","","20.50694444"
"CENTRO DE ALTO RENDIMIENTO","2011-09-18","","42.11805555"
"CENTRO DE ALTO RENDIMIENTO","2011-09-17","","43.96527777"
"CENTRO DE ALTO RENDIMIENTO","2011-09-16","","63.20833332"
"CENTRO DE ALTO RENDIMIENTO","2011-09-15","","22.85416667"
"CENTRO DE ALTO RENDIMIENTO","2011-09-14","","31.39130435"
"CENTRO DE ALTO RENDIMIENTO","2011-09-13","","27.69444445"
"CENTRO DE ALTO RENDIMIENTO","2011-09-12","","12.16666666"
"CENTRO DE ALTO RENDIMIENTO","2011-09-11","","12.11805556"
"CENTRO DE ALTO RENDIMIENTO","2011-09-10","","41.92361111"
"CENTRO DE ALTO RENDIMIENTO","2011-09-09","","35.8263889"
"CENTRO DE ALTO RENDIMIENTO","2011-09-08","","47.0"
"CENTRO DE ALTO RENDIMIENTO","2011-09-07","","17.8611111"
"CENTRO DE ALTO RENDIMIENTO","2011-09-06","","16.60416667"
"CENTRO DE ALTO RENDIMIENTO","2011-09-05","","24.3125"
"CENTRO DE ALTO RENDIMIENTO","2011-09-04","","21.0763889"
"CENTRO DE ALTO RENDIMIENTO","2011-09-03","","34.66666667"
"CENTRO DE ALTO RENDIMIENTO","2011-09-02","","23.16666667"
"CENTRO DE ALTO RENDIMIENTO","2011-09-01","","12.58695652"
"CENTRO DE ALTO RENDIMIENTO","2011-08-31","","15.39855072"
"CENTRO DE ALTO RENDIMIENTO","2011-08-30","","27.57017544"
"CENTRO DE ALTO RENDIMIENTO","2011-08-29","","21.25833334"
"CENTRO DE ALTO RENDIMIENTO","2011-08-28","","27.18055556"
"CENTRO DE ALTO RENDIMIENTO","2011-08-27","","29.79861112"
"CENTRO DE ALTO RENDIMIENTO","2011-08-26","","20.68939394"
"CENTRO DE ALTO RENDIMIENTO","2011-08-25","","37.73148149"
"CENTRO DE ALTO RENDIMIENTO","2011-08-24","","31.5138889"
"CENTRO DE ALTO RENDIMIENTO","2011-08-23","","32.16666666"
"CENTRO DE ALTO RENDIMIENTO","2011-08-22","","48.52083333"
"CENTRO DE ALTO RENDIMIENTO","2011-08-21","","31.39583333"
"CENTRO DE ALTO RENDIMIENTO","2011-08-20","","43.20138888"
"CENTRO DE ALTO RENDIMIENTO","2011-08-19","","63.54861111"
"CENTRO DE ALTO RENDIMIENTO","2011-08-18","","35.125"
"CENTRO DE ALTO RENDIMIENTO","2011-08-17","","48.13636364"
"CENTRO DE ALTO RENDIMIENTO","2011-08-16","","26.03508773"
"CENTRO DE ALTO RENDIMIENTO","2011-08-15","","17.39855072"
"CENTRO DE ALTO RENDIMIENTO","2011-08-14","","26.69444445"
"CENTRO DE ALTO RENDIMIENTO","2011-08-13","","31.96527778"
"CENTRO DE ALTO RENDIMIENTO","2011-08-12","","39.98611111"
"CENTRO DE ALTO RENDIMIENTO","2011-08-11","","22.79545454"
"CENTRO DE ALTO RENDIMIENTO","2011-08-10","","25.76515152"
"CENTRO DE ALTO RENDIMIENTO","2011-08-09","","19.51666667"
"CENTRO DE ALTO RENDIMIENTO","2011-08-07","","6.53846154"
"CENTRO DE ALTO RENDIMIENTO","2011-08-06","","22.8125"
"CENTRO DE ALTO RENDIMIENTO","2011-08-05","","17.65277778"
"CENTRO DE ALTO RENDIMIENTO","2011-08-04","","37.625"
"CENTRO DE ALTO RENDIMIENTO","2011-08-03","","49.50694444"
"CENTRO DE ALTO RENDIMIENTO","2011-08-02","","86.39583333"
"CENTRO DE ALTO RENDIMIENTO","2011-08-01","","62.36805555"
"CENTRO DE ALTO RENDIMIENTO","2011-07-31","","34.48611111"
"CENTRO DE ALTO RENDIMIENTO","2011-07-30","","26.6388889"
"CENTRO DE ALTO RENDIMIENTO","2011-07-29","","45.56944445"
"CENTRO DE ALTO RENDIMIENTO","2011-07-28","","29.06140351"
"CENTRO DE ALTO RENDIMIENTO","2011-07-27","","23.30434782"
"CENTRO DE ALTO RENDIMIENTO","2011-07-26","","20.11363636"
"CENTRO DE ALTO RENDIMIENTO","2011-07-25","","18.88333334"
"CENTRO DE ALTO RENDIMIENTO","2011-07-24","","9.23611111"
"CENTRO DE ALTO RENDIMIENTO","2011-07-23","","10.95833335"
"CENTRO DE ALTO RENDIMIENTO","2011-07-22","","24.5625"
"CENTRO DE ALTO RENDIMIENTO","2011-07-21","","16.88194444"
"CENTRO DE ALTO RENDIMIENTO","2011-07-20","","16.35416667"
"CENTRO DE ALTO RENDIMIENTO","2011-07-19","","18.89583333"
"CENTRO DE ALTO RENDIMIENTO","2011-07-18","","19.16666667"
"CENTRO DE ALTO RENDIMIENTO","2011-07-16","","53.13333334"
"CENTRO DE ALTO RENDIMIENTO","2011-07-15","","64.89583334"
"CENTRO DE ALTO RENDIMIENTO","2011-07-14","","73.99275363"
"CENTRO DE ALTO RENDIMIENTO","2011-07-13","","46.02777778"
"CENTRO DE ALTO RENDIMIENTO","2011-07-12","","36.28571428"
"CENTRO DE ALTO RENDIMIENTO","2011-07-11","","27.78703703"
"CENTRO DE ALTO RENDIMIENTO","2011-07-10","","12.5"
"CENTRO DE ALTO RENDIMIENTO","2011-07-09","","19.54861111"
"CENTRO DE ALTO RENDIMIENTO","2011-07-08","","41.3125"
"CENTRO DE ALTO RENDIMIENTO","2011-07-07","","23.6875"
"CENTRO DE ALTO RENDIMIENTO","2011-07-06","","27.86805555"
"CENTRO DE ALTO RENDIMIENTO","2011-07-05","","38.0625"
"CENTRO DE ALTO RENDIMIENTO","2011-07-04","","12.23529411"
"CENTRO DE ALTO RENDIMIENTO","2011-07-03","","33.24305555"
"CENTRO DE ALTO RENDIMIENTO","2011-07-02","","36.07638889"
"CENTRO DE ALTO RENDIMIENTO","2011-07-01","","33.33333333"
"CENTRO DE ALTO RENDIMIENTO","2011-06-30","","18.36111111"
"CENTRO DE ALTO RENDIMIENTO","2011-06-29","","56.40277778"
"CENTRO DE ALTO RENDIMIENTO","2011-06-28","","28.0"
"CENTRO DE ALTO RENDIMIENTO","2011-06-27","","9.7254902"
"CENTRO DE ALTO RENDIMIENTO","2011-06-26","","10.84722222"
"CENTRO DE ALTO RENDIMIENTO","2011-06-25","","26.67361111"
"CENTRO DE ALTO RENDIMIENTO","2011-06-24","","39.25"
"CENTRO DE ALTO RENDIMIENTO","2011-06-23","","20.65972223"
"CENTRO DE ALTO RENDIMIENTO","2011-06-22","","10.1969697"
"CENTRO DE ALTO RENDIMIENTO","2011-06-21","","22.52083333"
"CENTRO DE ALTO RENDIMIENTO","2011-06-20","","37.11111111"
"CENTRO DE ALTO RENDIMIENTO","2011-06-19","","13.46212121"
"CENTRO DE ALTO RENDIMIENTO","2011-06-18","","18.90151515"
"CENTRO DE ALTO RENDIMIENTO","2011-06-17","","15.69444445"
"CENTRO DE ALTO RENDIMIENTO","2011-06-16","","28.27777778"
"CENTRO DE ALTO RENDIMIENTO","2011-06-15","","23.98484849"
"CENTRO DE ALTO RENDIMIENTO","2011-06-14","","7.875"
"CENTRO DE ALTO RENDIMIENTO","2011-06-13","","9.18421053"
"CENTRO DE ALTO RENDIMIENTO","2011-06-12","","6.48412699"
"CENTRO DE ALTO RENDIMIENTO","2011-06-11","","8.78070175"
"CENTRO DE ALTO RENDIMIENTO","2011-06-10","","13.75694444"
"CENTRO DE ALTO RENDIMIENTO","2011-06-09","","32.24074073"
"CENTRO DE ALTO RENDIMIENTO","2011-06-08","","29.55555557"
"CENTRO DE ALTO RENDIMIENTO","2011-06-07","","43.34722222"
"CENTRO DE ALTO RENDIMIENTO","2011-06-06","","31.88888889"
"CENTRO DE ALTO RENDIMIENTO","2011-06-05","","36.77777778"
"CENTRO DE ALTO RENDIMIENTO","2011-06-04","","50.34057972"
"CENTRO DE ALTO RENDIMIENTO","2011-06-03","","44.61111112"
"CENTRO DE ALTO RENDIMIENTO","2011-06-02","","51.93055555"
"CENTRO DE ALTO RENDIMIENTO","2011-06-01","","43.10416667"
"CENTRO DE ALTO RENDIMIENTO","2011-05-31","","23.93055556"
"CENTRO DE ALTO RENDIMIENTO","2011-05-30","","13.3627451"
"CENTRO DE ALTO RENDIMIENTO","2011-05-29","","25.69565217"
"CENTRO DE ALTO RENDIMIENTO","2011-05-28","","21.43055556"
"CENTRO DE ALTO RENDIMIENTO","2011-05-27","","26.0"
"CENTRO DE ALTO RENDIMIENTO","2011-05-26","","34.26515152"
"CENTRO DE ALTO RENDIMIENTO","2011-05-25","","31.81944444"
"CENTRO DE ALTO RENDIMIENTO","2011-05-24","","59.71111112"
"CENTRO DE ALTO RENDIMIENTO","2011-05-23","","33.56410257"
"CENTRO DE ALTO RENDIMIENTO","2011-05-22","","39.11458333"
"CENTRO DE ALTO RENDIMIENTO","2011-05-21","","57.14492754"
"CENTRO DE ALTO RENDIMIENTO","2011-05-20","","75.95098039"
"CENTRO DE ALTO RENDIMIENTO","2011-05-19","","34.52083333"
"CENTRO DE ALTO RENDIMIENTO","2011-05-18","","31.20454545"
"CENTRO DE ALTO RENDIMIENTO","2011-05-17","","25.68888889"
"CENTRO DE ALTO RENDIMIENTO","2011-05-16","","35.05555556"
"CENTRO DE ALTO RENDIMIENTO","2011-05-15","","64.82142857"
"CENTRO DE ALTO RENDIMIENTO","2011-05-14","","26.19166668"
"CENTRO DE ALTO RENDIMIENTO","2011-05-13","","27.8611111"
"CENTRO DE ALTO RENDIMIENTO","2011-05-12","","51.90624999"
"CENTRO DE ALTO RENDIMIENTO","2011-05-11","","35.96666668"
"CENTRO DE ALTO RENDIMIENTO","2011-05-10","","48.86363637"
"CENTRO DE ALTO RENDIMIENTO","2011-05-09","","25.58333335"
"CENTRO DE ALTO RENDIMIENTO","2011-05-08","","25.45238094"
"CENTRO DE ALTO RENDIMIENTO","2011-05-07","","36.14814814"
"CENTRO DE ALTO RENDIMIENTO","2011-05-06","","46.98611111"
"CENTRO DE ALTO RENDIMIENTO","2011-05-05","","43.7948718"
"CENTRO DE ALTO RENDIMIENTO","2011-05-04","","20.89285716"
"CENTRO DE ALTO RENDIMIENTO","2011-05-03","","14.86666667"
"CENTRO DE ALTO RENDIMIENTO","2011-05-02","","21.31249999"
"CENTRO DE ALTO RENDIMIENTO","2011-05-01","","17.98611112"
"CENTRO DE ALTO RENDIMIENTO","2011-04-30","","67.00000001"
"CENTRO DE ALTO RENDIMIENTO","2011-04-29","","53.10714285"
"CENTRO DE ALTO RENDIMIENTO","2011-04-28","","52.43181818"
"CENTRO DE ALTO RENDIMIENTO","2011-04-27","","39.47368421"
"CENTRO DE ALTO RENDIMIENTO","2011-04-26","","43.91111111"
"CENTRO DE ALTO RENDIMIENTO","2011-04-25","","21.2857143"
"CENTRO DE ALTO RENDIMIENTO","2011-04-24","","16.68888889"
"CENTRO DE ALTO RENDIMIENTO","2011-04-23","","5.19444443"
"CENTRO DE ALTO RENDIMIENTO","2011-04-22","","11.0595238"
"CENTRO DE ALTO RENDIMIENTO","2011-04-21","","15.36111111"
"CENTRO DE ALTO RENDIMIENTO","2011-04-20","","20.375"
"CENTRO DE ALTO RENDIMIENTO","2011-04-19","","19.23809524"
"CENTRO DE ALTO RENDIMIENTO","2011-04-18","","52.63333334"
"CENTRO DE ALTO RENDIMIENTO","2011-04-17","","12.17647059"
"CENTRO DE ALTO RENDIMIENTO","2011-04-16","","51.4375"
"CENTRO DE ALTO RENDIMIENTO","2011-04-15","","27.60833332"
"CENTRO DE ALTO RENDIMIENTO","2011-04-14","","47.54166667"
"CENTRO DE ALTO RENDIMIENTO","2011-04-13","","30.96212121"
"CENTRO DE ALTO RENDIMIENTO","2011-04-12","","28.85"
"CENTRO DE ALTO RENDIMIENTO","2011-04-11","","26.7173913"
"CENTRO DE ALTO RENDIMIENTO","2011-04-10","","16.29861111"
"CENTRO DE ALTO RENDIMIENTO","2011-04-09","","32.78472223"
"CENTRO DE ALTO RENDIMIENTO","2011-04-08","","60.375"
"CENTRO DE ALTO RENDIMIENTO","2011-04-07","","65.08333334"
"CENTRO DE ALTO RENDIMIENTO","2011-04-06","","47.90972222"
"CENTRO DE ALTO RENDIMIENTO","2011-04-05","","44.07246375"
"CENTRO DE ALTO RENDIMIENTO","2011-04-04","","34.80555556"
"CENTRO DE ALTO RENDIMIENTO","2011-04-03","","47.38888889"
"CENTRO DE ALTO RENDIMIENTO","2011-04-02","","54.72222222"
"CENTRO DE ALTO RENDIMIENTO","2011-04-01","","54.125"
"CENTRO DE ALTO RENDIMIENTO","2011-03-31","","50.40972223"
"CENTRO DE ALTO RENDIMIENTO","2011-03-30","","74.14583334"
"CENTRO DE ALTO RENDIMIENTO","2011-03-29","","38.04166667"
"CENTRO DE ALTO RENDIMIENTO","2011-03-28","","14.375"
"CENTRO DE ALTO RENDIMIENTO","2011-03-27","","10.67361111"
"CENTRO DE ALTO RENDIMIENTO","2011-03-26","","10.59027777"
"CENTRO DE ALTO RENDIMIENTO","2011-03-25","","15.94444445"
"CENTRO DE ALTO RENDIMIENTO","2011-03-24","","27.8409091"
"CENTRO DE ALTO RENDIMIENTO","2011-03-23","","31.64583333"
"CENTRO DE ALTO RENDIMIENTO","2011-03-22","","33.61805556"
"CENTRO DE ALTO RENDIMIENTO","2011-03-21","","15.88194444"
"CENTRO DE ALTO RENDIMIENTO","2011-03-20","","34.73611112"
"CENTRO DE ALTO RENDIMIENTO","2011-03-19","","44.64583334"
"CENTRO DE ALTO RENDIMIENTO","2011-03-18","","28.78787879"
"CENTRO DE ALTO RENDIMIENTO","2011-03-17","","65.61805555"
"CENTRO DE ALTO RENDIMIENTO","2011-03-16","","57.02777779"
"CENTRO DE ALTO RENDIMIENTO","2011-03-15","","44.05555556"
"CENTRO DE ALTO RENDIMIENTO","2011-03-14","","26.72916667"
"CENTRO DE ALTO RENDIMIENTO","2011-03-13","","17.59027779"
"CENTRO DE ALTO RENDIMIENTO","2011-03-12","","19.20138889"
"CENTRO DE ALTO RENDIMIENTO","2011-03-11","","25.88194444"
"CENTRO DE ALTO RENDIMIENTO","2011-03-10","","21.95454545"
"CENTRO DE ALTO RENDIMIENTO","2011-03-09","","29.02083334"
"CENTRO DE ALTO RENDIMIENTO","2011-03-08","","47.90277779"
"CENTRO DE ALTO RENDIMIENTO","2011-03-07","","57.34027778"
"CENTRO DE ALTO RENDIMIENTO","2011-03-06","","19.29861112"
"CENTRO DE ALTO RENDIMIENTO","2011-03-05","","53.99305555"
"CENTRO DE ALTO RENDIMIENTO","2011-03-04","","26.95833333"
"CENTRO DE ALTO RENDIMIENTO","2011-03-03","","21.97916666"
"CENTRO DE ALTO RENDIMIENTO","2011-03-02","","29.7361111"
"CENTRO DE ALTO RENDIMIENTO","2011-03-01","","24.90277778"
"CENTRO DE ALTO RENDIMIENTO","2011-02-28","","29.50694445"
"CENTRO DE ALTO RENDIMIENTO","2011-02-27","","24.96527778"
"CENTRO DE ALTO RENDIMIENTO","2011-02-26","","37.18055555"
"CENTRO DE ALTO RENDIMIENTO","2011-02-25","","31.48611111"
"CENTRO DE ALTO RENDIMIENTO","2011-02-24","","31.59722223"
"CENTRO DE ALTO RENDIMIENTO","2011-02-23","","50.28260869"
"CENTRO DE ALTO RENDIMIENTO","2011-02-22","","62.58333333"
"CENTRO DE ALTO RENDIMIENTO","2011-02-21","","48.40972222"
"CENTRO DE ALTO RENDIMIENTO","2011-02-20","","26.26388888"
"CENTRO DE ALTO RENDIMIENTO","2011-02-19","","34.31944444"
"CENTRO DE ALTO RENDIMIENTO","2011-02-18","","42.07638888"
"CENTRO DE ALTO RENDIMIENTO","2011-02-17","","41.49305555"
"CENTRO DE ALTO RENDIMIENTO","2011-02-16","","39.95652174"
"CENTRO DE ALTO RENDIMIENTO","2011-02-15","","57.38194445"
"CENTRO DE ALTO RENDIMIENTO","2011-02-14","","58.17361111"
"CENTRO DE ALTO RENDIMIENTO","2011-02-13","","35.54861112"
"CENTRO DE ALTO RENDIMIENTO","2011-02-12","","48.05555555"
"CENTRO DE ALTO RENDIMIENTO","2011-02-11","","63.97916666"
"CENTRO DE ALTO RENDIMIENTO","2011-02-10","","63.43055556"
"CENTRO DE ALTO RENDIMIENTO","2011-02-09","","35.02083333"
"CENTRO DE ALTO RENDIMIENTO","2011-02-08","","47.99305555"
"CENTRO DE ALTO RENDIMIENTO","2011-02-07","","46.59722223"
"CENTRO DE ALTO RENDIMIENTO","2011-02-06","","32.27777779"
"CENTRO DE ALTO RENDIMIENTO","2011-02-05","","58.47916667"
"CENTRO DE ALTO RENDIMIENTO","2011-02-04","","66.74305555"
"CENTRO DE ALTO RENDIMIENTO","2011-02-03","","54.47222223"
"CENTRO DE ALTO RENDIMIENTO","2011-02-02","","13.09027778"
"CENTRO DE ALTO RENDIMIENTO","2011-02-01","","25.71527777"
"CENTRO DE ALTO RENDIMIENTO","2011-01-31","","49.0625"
"CENTRO DE ALTO RENDIMIENTO","2011-01-30","","35.47222222"
"CENTRO DE ALTO RENDIMIENTO","2011-01-29","","49.84722223"
"CENTRO DE ALTO RENDIMIENTO","2011-01-28","","67.54166668"
"CENTRO DE ALTO RENDIMIENTO","2011-01-27","","64.11111111"
"CENTRO DE ALTO RENDIMIENTO","2011-01-26","","61.4469697"
"CENTRO DE ALTO RENDIMIENTO","2011-01-25","","76.875"
"CENTRO DE ALTO RENDIMIENTO","2011-01-24","","42.84722223"
"CENTRO DE ALTO RENDIMIENTO","2011-01-23","","37.73611111"
"CENTRO DE ALTO RENDIMIENTO","2011-01-22","","58.36805556"
"CENTRO DE ALTO RENDIMIENTO","2011-01-21","","57.97916667"
"CENTRO DE ALTO RENDIMIENTO","2011-01-20","","54.23611111"
"CENTRO DE ALTO RENDIMIENTO","2011-01-19","","65.10416666"
"CENTRO DE ALTO RENDIMIENTO","2011-01-18","","69.46527778"
"CENTRO DE ALTO RENDIMIENTO","2011-01-17","","57.3263889"
"CENTRO DE ALTO RENDIMIENTO","2011-01-16","","52.24637681"
"CENTRO DE ALTO RENDIMIENTO","2011-01-15","","40.45833333"
"CENTRO DE ALTO RENDIMIENTO","2011-01-14","","33.47222223"
"CENTRO DE ALTO RENDIMIENTO","2011-01-13","","38.17361111"
"CENTRO DE ALTO RENDIMIENTO","2011-01-12","","71.4375"
"CENTRO DE ALTO RENDIMIENTO","2011-01-11","","24.90277778"
"CENTRO DE ALTO RENDIMIENTO","2011-01-10","","9.94444445"
"CENTRO DE ALTO RENDIMIENTO","2011-01-09","","10.27083334"
"CENTRO DE ALTO RENDIMIENTO","2011-01-08","","38.25"
"CENTRO DE ALTO RENDIMIENTO","2011-01-07","","57.25694445"
"CENTRO DE ALTO RENDIMIENTO","2011-01-06","","44.25694443"
"CENTRO DE ALTO RENDIMIENTO","2011-01-05","","50.93055556"
"CENTRO DE ALTO RENDIMIENTO","2011-01-04","","56.27083333"
"CENTRO DE ALTO RENDIMIENTO","2011-01-03","","42.72916667"
"CENTRO DE ALTO RENDIMIENTO","2011-01-02","","28.70833334"
"CENTRO DE ALTO RENDIMIENTO","2011-01-01","","53.65079366"
"CENTRO DE ALTO RENDIMIENTO","2010-12-31","","53.60144927"
"CENTRO DE ALTO RENDIMIENTO","2010-12-30","","59.13194444"
"CENTRO DE ALTO RENDIMIENTO","2010-12-29","","15.84027777"
"CENTRO DE ALTO RENDIMIENTO","2010-12-28","","68.75694445"
"CENTRO DE ALTO RENDIMIENTO","2010-12-27","","37.33333334"
"CENTRO DE ALTO RENDIMIENTO","2010-12-26","","15.22222222"
"CENTRO DE ALTO RENDIMIENTO","2010-12-25","","55.2013889"
"CENTRO DE ALTO RENDIMIENTO","2010-12-24","","48.27777778"
"CENTRO DE ALTO RENDIMIENTO","2010-12-23","","76.44444445"
"CENTRO DE ALTO RENDIMIENTO","2010-12-22","","91.82638889"
"CENTRO DE ALTO RENDIMIENTO","2010-12-21","","53.7013889"
"CENTRO DE ALTO RENDIMIENTO","2010-12-20","","28.82638888"
"CENTRO DE ALTO RENDIMIENTO","2010-12-19","","55.70833333"
"CENTRO DE ALTO RENDIMIENTO","2010-12-18","","56.01666667"
"CENTRO DE ALTO RENDIMIENTO","2010-12-17","","73.49305555"
"CENTRO DE ALTO RENDIMIENTO","2010-12-16","","48.45833333"
"CENTRO DE ALTO RENDIMIENTO","2010-12-15","","52.40277778"
"CENTRO DE ALTO RENDIMIENTO","2010-12-14","","53.4861111"
"CENTRO DE ALTO RENDIMIENTO","2010-12-13","","31.63888889"
"CENTRO DE ALTO RENDIMIENTO","2010-12-12","","60.89583333"
"CENTRO DE ALTO RENDIMIENTO","2010-12-11","","68.41666667"
"CENTRO DE ALTO RENDIMIENTO","2010-12-09","","59.6388889"
"CENTRO DE ALTO RENDIMIENTO","2010-12-08","","82.45833333"
"CENTRO DE ALTO RENDIMIENTO","2010-12-07","","42.66666666"
"CENTRO DE ALTO RENDIMIENTO","2010-12-06","","49.79166667"
"CENTRO DE ALTO RENDIMIENTO","2010-12-05","","30.54166666"
"CENTRO DE ALTO RENDIMIENTO","2010-12-04","","50.20138889"
"CENTRO DE ALTO RENDIMIENTO","2010-12-03","","48.50724637"
"CENTRO DE ALTO RENDIMIENTO","2010-12-02","","41.54347826"
"CENTRO DE ALTO RENDIMIENTO","2010-12-01","","52.9513889"
"CENTRO DE ALTO RENDIMIENTO","2010-11-30","","60.40277778"
"CENTRO DE ALTO RENDIMIENTO","2010-11-29","","53.53472222"
"CENTRO DE ALTO RENDIMIENTO","2010-11-28","","48.20833333"
"CENTRO DE ALTO RENDIMIENTO","2010-11-27","","34.29861111"
"CENTRO DE ALTO RENDIMIENTO","2010-11-26","","60.56944444"
"CENTRO DE ALTO RENDIMIENTO","2010-11-25","","55.6875"
"CENTRO DE ALTO RENDIMIENTO","2010-11-24","","48.87500001"
"CENTRO DE ALTO RENDIMIENTO","2010-11-23","","57.43859649"
"CENTRO DE ALTO RENDIMIENTO","2010-11-22","","63.04166667"
"CENTRO DE ALTO RENDIMIENTO","2010-11-21","","47.61805556"
"CENTRO DE ALTO RENDIMIENTO","2010-11-20","","62.91666667"
"CENTRO DE ALTO RENDIMIENTO","2010-11-19","","63.73913043"
"CENTRO DE ALTO RENDIMIENTO","2010-11-18","","60.00694444"
"CENTRO DE ALTO RENDIMIENTO","2010-11-17","","47.6875"
"CENTRO DE ALTO RENDIMIENTO","2010-11-16","","30.44927537"
"CENTRO DE ALTO RENDIMIENTO","2010-11-15","","26.50694444"
"CENTRO DE ALTO RENDIMIENTO","2010-11-14","","19.9513889"
"CENTRO DE ALTO RENDIMIENTO","2010-11-13","","66.76388889"
"CENTRO DE ALTO RENDIMIENTO","2010-11-12","","66.27083333"
"CENTRO DE ALTO RENDIMIENTO","2010-11-11","","55.36805556"
"CENTRO DE ALTO RENDIMIENTO","2010-11-10","","46.86805555"
"CENTRO DE ALTO RENDIMIENTO","2010-11-09","","38.90277778"
"CENTRO DE ALTO RENDIMIENTO","2010-11-08","","33.1875"
"CENTRO DE ALTO RENDIMIENTO","2010-11-07","","18.24305555"
"CENTRO DE ALTO RENDIMIENTO","2010-11-06","","34.84722223"
"CENTRO DE ALTO RENDIMIENTO","2010-11-05","","57.4057971"
"CENTRO DE ALTO RENDIMIENTO","2010-11-04","","60.23611111"
"CENTRO DE ALTO RENDIMIENTO","2010-11-03","","38.3888889"
"CENTRO DE ALTO RENDIMIENTO","2010-11-02","","58.35416666"
"CENTRO DE ALTO RENDIMIENTO","2010-11-01","","36.09027777"
"CENTRO DE ALTO RENDIMIENTO","2010-10-31","","25.47222223"
"CENTRO DE ALTO RENDIMIENTO","2010-10-30","","33.38194445"
"CENTRO DE ALTO RENDIMIENTO","2010-10-29","","37.92028985"
"CENTRO DE ALTO RENDIMIENTO","2010-10-28","","29.29710145"
"CENTRO DE ALTO RENDIMIENTO","2010-10-27","","38.34722222"
"CENTRO DE ALTO RENDIMIENTO","2010-10-26","","49.71527778"
"CENTRO DE ALTO RENDIMIENTO","2010-10-25","","35.38888889"
"CENTRO DE ALTO RENDIMIENTO","2010-10-24","","33.89583333"
"CENTRO DE ALTO RENDIMIENTO","2010-10-23","","69.59027777"
"CENTRO DE ALTO RENDIMIENTO","2010-10-22","","63.81060606"
"CENTRO DE ALTO RENDIMIENTO","2010-10-21","","60.24305555"
"CENTRO DE ALTO RENDIMIENTO","2010-10-20","","36.9375"
"CENTRO DE ALTO RENDIMIENTO","2010-10-19","","30.29166666"
"CENTRO DE ALTO RENDIMIENTO","2010-10-18","","38.95138889"
"CENTRO DE ALTO RENDIMIENTO","2010-10-17","","27.6388889"
"CENTRO DE ALTO RENDIMIENTO","2010-10-16","","38.31944444"
"CENTRO DE ALTO RENDIMIENTO","2010-10-15","","61.6969697"
"CENTRO DE ALTO RENDIMIENTO","2010-10-14","","32.61363637"
"CENTRO DE ALTO RENDIMIENTO","2010-10-13","","17.5"
"CENTRO DE ALTO RENDIMIENTO","2010-10-12","","24.26388889"
"CENTRO DE ALTO RENDIMIENTO","2010-10-11","","17.26388889"
"CENTRO DE ALTO RENDIMIENTO","2010-10-10","","19.56944445"
"CENTRO DE ALTO RENDIMIENTO","2010-10-09","","24.25000001"
"CENTRO DE ALTO RENDIMIENTO","2010-10-08","","33.05555555"
"CENTRO DE ALTO RENDIMIENTO","2010-10-07","","53.28472222"
"CENTRO DE ALTO RENDIMIENTO","2010-10-06","","66.90277777"
"CENTRO DE ALTO RENDIMIENTO","2010-10-05","","41.63194444"
"CENTRO DE ALTO RENDIMIENTO","2010-10-04","","40.18939394"
"CENTRO DE ALTO RENDIMIENTO","2010-10-03","","55.56944445"
"CENTRO DE ALTO RENDIMIENTO","2010-10-02","","56.02777778"
"CENTRO DE ALTO RENDIMIENTO","2010-10-01","","82.45833333"
"CENTRO DE ALTO RENDIMIENTO","2010-09-30","","78.125"
"CENTRO DE ALTO RENDIMIENTO","2010-09-29","","78.65972222"
"CENTRO DE ALTO RENDIMIENTO","2010-09-28","","45.62500001"
"CENTRO DE ALTO RENDIMIENTO","2010-09-27","","60.98611111"
"CENTRO DE ALTO RENDIMIENTO","2010-09-26","","47.0"
"CENTRO DE ALTO RENDIMIENTO","2010-09-25","","71.38194444"
"CENTRO DE ALTO RENDIMIENTO","2010-09-24","","71.60416668"
"CENTRO DE ALTO RENDIMIENTO","2010-09-23","","52.70833334"
"CENTRO DE ALTO RENDIMIENTO","2010-09-22","","61.14492753"
"CENTRO DE ALTO RENDIMIENTO","2010-09-21","","81.07575757"
"CENTRO DE ALTO RENDIMIENTO","2010-09-20","","50.36805555"
"CENTRO DE ALTO RENDIMIENTO","2010-09-19","","49.57638888"
"CENTRO DE ALTO RENDIMIENTO","2010-09-18","","55.81944445"
"CENTRO DE ALTO RENDIMIENTO","2010-09-17","","71.72916667"
"CENTRO DE ALTO RENDIMIENTO","2010-09-16","","58.16666668"
"CENTRO DE ALTO RENDIMIENTO","2010-09-08","","42.46296296"
"CENTRO DE ALTO RENDIMIENTO","2010-09-07","","40.0763889"
"CENTRO DE ALTO RENDIMIENTO","2010-09-06","","31.70833334"
"CENTRO DE ALTO RENDIMIENTO","2010-09-05","","34.45138889"
"CENTRO DE ALTO RENDIMIENTO","2010-09-04","","30.88888888"
"CENTRO DE ALTO RENDIMIENTO","2010-09-03","","35.25"
"CENTRO DE ALTO RENDIMIENTO","2010-09-02","","31.625"
"CENTRO DE ALTO RENDIMIENTO","2010-09-01","","63.13194445"
"CENTRO DE ALTO RENDIMIENTO","2010-08-31","","46.13636365"
"CENTRO DE ALTO RENDIMIENTO","2010-08-30","","24.75694445"
"CENTRO DE ALTO RENDIMIENTO","2010-08-29","","25.14583334"
"CENTRO DE ALTO RENDIMIENTO","2010-08-28","","21.27083333"
"CENTRO DE ALTO RENDIMIENTO","2010-08-27","","67.8125"
"CENTRO DE ALTO RENDIMIENTO","2010-08-26","","45.11805555"
"CENTRO DE ALTO RENDIMIENTO","2010-08-25","","78.45138888"
"CENTRO DE ALTO RENDIMIENTO","2010-08-24","","73.56250001"
"CENTRO DE ALTO RENDIMIENTO","2010-08-23","","75.93749999"
"CENTRO DE ALTO RENDIMIENTO","2010-08-22","","54.00694444"
"CENTRO DE ALTO RENDIMIENTO","2010-08-21","","50.88888889"
"CENTRO DE ALTO RENDIMIENTO","2010-08-20","","50.27777778"
"CENTRO DE ALTO RENDIMIENTO","2010-08-19","","43.99305555"
"CENTRO DE ALTO RENDIMIENTO","2010-08-18","","70.82638888"
"CENTRO DE ALTO RENDIMIENTO","2010-08-17","","80.84722223"
"CENTRO DE ALTO RENDIMIENTO","2010-08-16","","22.65079365"
"CENTRO DE ALTO RENDIMIENTO","2010-08-15","","24.89583333"
"CENTRO DE ALTO RENDIMIENTO","2010-08-14","","38.85416668"
"CENTRO DE ALTO RENDIMIENTO","2010-08-13","","34.93055555"
"CENTRO DE ALTO RENDIMIENTO","2010-08-12","","32.56944444"
"CENTRO DE ALTO RENDIMIENTO","2010-08-11","","29.57638889"
"CENTRO DE ALTO RENDIMIENTO","2010-08-10","","37.95833333"
"CENTRO DE ALTO RENDIMIENTO","2010-08-09","","25.90972222"
"CENTRO DE ALTO RENDIMIENTO","2010-08-08","","23.14583333"
"CENTRO DE ALTO RENDIMIENTO","2010-08-07","","45.35416666"
"CENTRO DE ALTO RENDIMIENTO","2010-08-06","","47.23611111"
"CENTRO DE ALTO RENDIMIENTO","2010-08-05","","21.36805555"
"CENTRO DE ALTO RENDIMIENTO","2010-08-04","","40.84722222"
"CENTRO DE ALTO RENDIMIENTO","2010-08-03","","69.48333333"
"CENTRO DE ALTO RENDIMIENTO","2010-08-02","","43.53472222"
"CENTRO DE ALTO RENDIMIENTO","2010-08-01","","27.83333333"
"CENTRO DE ALTO RENDIMIENTO","2010-07-31","","62.35416666"
"CENTRO DE ALTO RENDIMIENTO","2010-07-30","","82.54861111"
"CENTRO DE ALTO RENDIMIENTO","2010-07-29","","88.19565218"
"CENTRO DE ALTO RENDIMIENTO","2010-07-28","","38.10416667"
"CENTRO DE ALTO RENDIMIENTO","2010-07-27","","19.42361111"
"CENTRO DE ALTO RENDIMIENTO","2010-07-26","","28.09027778"
"CENTRO DE ALTO RENDIMIENTO","2010-07-25","","19.61111111"
"CENTRO DE ALTO RENDIMIENTO","2010-07-24","","18.02777778"
"CENTRO DE ALTO RENDIMIENTO","2010-07-23","","23.47222223"
"CENTRO DE ALTO RENDIMIENTO","2010-07-22","","41.45833333"
"CENTRO DE ALTO RENDIMIENTO","2010-07-21","","70.05555555"
"CENTRO DE ALTO RENDIMIENTO","2010-07-20","","36.38194445"
"CENTRO DE ALTO RENDIMIENTO","2010-07-19","","29.39130435"
"CENTRO DE ALTO RENDIMIENTO","2010-07-18","","29.97916667"
"CENTRO DE ALTO RENDIMIENTO","2010-07-17","","26.36111111"
"CENTRO DE ALTO RENDIMIENTO","2010-07-16","","34.86111112"
"CENTRO DE ALTO RENDIMIENTO","2010-07-15","","51.56944445"
"CENTRO DE ALTO RENDIMIENTO","2010-07-14","","32.57575757"
"CENTRO DE ALTO RENDIMIENTO","2010-07-13","","66.0138889"
"CENTRO DE ALTO RENDIMIENTO","2010-07-12","","53.07638888"
"CENTRO DE ALTO RENDIMIENTO","2010-07-11","","15.9375"
"CENTRO DE ALTO RENDIMIENTO","2010-07-10","","15.4236111"
"CENTRO DE ALTO RENDIMIENTO","2010-07-09","","23.46527778"
"CENTRO DE ALTO RENDIMIENTO","2010-07-08","","32.55555556"
"CENTRO DE ALTO RENDIMIENTO","2010-07-07","","50.375"
"CENTRO DE ALTO RENDIMIENTO","2010-07-06","","29.14583333"
"CENTRO DE ALTO RENDIMIENTO","2010-07-05","","33.09722222"
"CENTRO DE ALTO RENDIMIENTO","2010-07-04","","30.84027778"
"CENTRO DE ALTO RENDIMIENTO","2010-07-03","","50.73611111"
"CENTRO DE ALTO RENDIMIENTO","2010-07-02","","53.81944445"
"CENTRO DE ALTO RENDIMIENTO","2010-07-01","","54.69444445"
"CENTRO DE ALTO RENDIMIENTO","2010-06-30","","57.0"
"CENTRO DE ALTO RENDIMIENTO","2010-06-29","","20.89393939"
"CENTRO DE ALTO RENDIMIENTO","2010-06-28","","32.82638889"
"CENTRO DE ALTO RENDIMIENTO","2010-06-27","","11.05555556"
"CENTRO DE ALTO RENDIMIENTO","2010-06-26","","19.35833332"
"CENTRO DE ALTO RENDIMIENTO","2010-06-25","","38.67361111"
"CENTRO DE ALTO RENDIMIENTO","2010-06-24","","50.70138888"
"CENTRO DE ALTO RENDIMIENTO","2010-06-23","","64.2986111"
"CENTRO DE ALTO RENDIMIENTO","2010-06-22","","83.26388889"
"CENTRO DE ALTO RENDIMIENTO","2010-06-21","","35.90972223"
"CENTRO DE ALTO RENDIMIENTO","2010-06-20","","22.52083334"
"CENTRO DE ALTO RENDIMIENTO","2010-06-19","","30.66666667"
"CENTRO DE ALTO RENDIMIENTO","2010-06-18","","24.84057971"
"CENTRO DE ALTO RENDIMIENTO","2010-06-17","","42.77777778"
"CENTRO DE ALTO RENDIMIENTO","2010-06-16","","39.1875"
"CENTRO DE ALTO RENDIMIENTO","2010-06-15","","44.6736111"
"CENTRO DE ALTO RENDIMIENTO","2010-06-14","","35.58333333"
"CENTRO DE ALTO RENDIMIENTO","2010-06-13","","34.43055556"
"CENTRO DE ALTO RENDIMIENTO","2010-06-12","","31.14583333"
"CENTRO DE ALTO RENDIMIENTO","2010-06-11","","51.78472222"
"CENTRO DE ALTO RENDIMIENTO","2010-06-10","","33.28472222"
"CENTRO DE ALTO RENDIMIENTO","2010-06-09","","30.82638889"
"CENTRO DE ALTO RENDIMIENTO","2010-06-08","","38.93055555"
"CENTRO DE ALTO RENDIMIENTO","2010-06-07","","16.40277778"
"CENTRO DE ALTO RENDIMIENTO","2010-06-06","","13.08333333"
"CENTRO DE ALTO RENDIMIENTO","2010-06-05","","16.27777778"
"CENTRO DE ALTO RENDIMIENTO","2010-06-04","","22.30555556"
"CENTRO DE ALTO RENDIMIENTO","2010-06-03","","18.00000001"
"CENTRO DE ALTO RENDIMIENTO","2010-05-29","","59.64444444"
"CENTRO DE ALTO RENDIMIENTO","2010-05-28","","64.20833333"
"CENTRO DE ALTO RENDIMIENTO","2010-05-27","","35.21527778"
"CENTRO DE ALTO RENDIMIENTO","2010-05-26","","61.99305556"
"CENTRO DE ALTO RENDIMIENTO","2010-05-25","","46.95555557"
"CENTRO DE ALTO RENDIMIENTO","2010-05-24","","59.03472223"
"CENTRO DE ALTO RENDIMIENTO","2010-05-23","","35.18055556"
"CENTRO DE ALTO RENDIMIENTO","2010-05-22","","74.46527778"
"CENTRO DE ALTO RENDIMIENTO","2010-05-21","","47.05555556"
"CENTRO DE ALTO RENDIMIENTO","2010-05-20","","38.07638889"
"CENTRO DE ALTO RENDIMIENTO","2010-05-19","","30.72916666"
"CENTRO DE ALTO RENDIMIENTO","2010-05-18","","33.01388889"
"CENTRO DE ALTO RENDIMIENTO","2010-05-17","","21.64583334"
"CENTRO DE ALTO RENDIMIENTO","2010-05-16","","10.97916666"
"CENTRO DE ALTO RENDIMIENTO","2010-05-15","","18.57017544"
"CENTRO DE ALTO RENDIMIENTO","2010-05-14","","24.04861111"
"CENTRO DE ALTO RENDIMIENTO","2010-05-13","","21.36805556"
"CENTRO DE ALTO RENDIMIENTO","2010-05-12","","30.31818182"
"CENTRO DE ALTO RENDIMIENTO","2010-05-11","","19.5"
"CENTRO DE ALTO RENDIMIENTO","2010-05-10","","14.36805555"
"CENTRO DE ALTO RENDIMIENTO","2010-05-09","","13.29166667"
"CENTRO DE ALTO RENDIMIENTO","2010-05-08","","15.62499999"
"CENTRO DE ALTO RENDIMIENTO","2010-05-07","","27.7013889"
"CENTRO DE ALTO RENDIMIENTO","2010-05-06","","34.13888887"
"CENTRO DE ALTO RENDIMIENTO","2010-05-05","","37.13888889"
"CENTRO DE ALTO RENDIMIENTO","2010-05-04","","42.91666666"
"CENTRO DE ALTO RENDIMIENTO","2010-05-03","","32.23611112"
"CENTRO DE ALTO RENDIMIENTO","2010-05-02","","48.4375"
"CENTRO DE ALTO RENDIMIENTO","2010-05-01","","53.26388888"
"CENTRO DE ALTO RENDIMIENTO","2010-04-30","","49.59027778"
"CENTRO DE ALTO RENDIMIENTO","2010-04-29","","36.24305555"
"CENTRO DE ALTO RENDIMIENTO","2010-04-28","","22.27083334"
"CENTRO DE ALTO RENDIMIENTO","2010-04-27","","50.42361111"
"CENTRO DE ALTO RENDIMIENTO","2010-04-26","","52.21527777"
"CENTRO DE ALTO RENDIMIENTO","2010-04-25","","31.14583333"
"CENTRO DE ALTO RENDIMIENTO","2010-04-24","","15.60416667"
"CENTRO DE ALTO RENDIMIENTO","2010-04-23","","26.11805555"
"CENTRO DE ALTO RENDIMIENTO","2010-04-22","","19.44444444"
"CENTRO DE ALTO RENDIMIENTO","2010-04-21","","89.11666667"
"CENTRO DE ALTO RENDIMIENTO","2010-04-20","","64.84027778"
"CENTRO DE ALTO RENDIMIENTO","2010-04-19","","32.13194445"
"CENTRO DE ALTO RENDIMIENTO","2010-04-18","","56.73611112"
"CENTRO DE ALTO RENDIMIENTO","2010-04-17","","71.75694445"
"CENTRO DE ALTO RENDIMIENTO","2010-04-16","","61.0"
"CENTRO DE ALTO RENDIMIENTO","2010-04-15","","51.64583333"
"CENTRO DE ALTO RENDIMIENTO","2010-04-14","","40.15277778"
"CENTRO DE ALTO RENDIMIENTO","2010-04-13","","50.53472223"
"CENTRO DE ALTO RENDIMIENTO","2010-04-12","","47.4236111"
"CENTRO DE ALTO RENDIMIENTO","2010-04-11","","25.25694444"
"CENTRO DE ALTO RENDIMIENTO","2010-04-10","","42.63888889"
"CENTRO DE ALTO RENDIMIENTO","2010-04-09","","32.21527777"
"CENTRO DE ALTO RENDIMIENTO","2010-04-08","","52.7638889"
"CENTRO DE ALTO RENDIMIENTO","2010-04-07","","44.13888889"
"CENTRO DE ALTO RENDIMIENTO","2010-04-06","","33.43055555"
"CENTRO DE ALTO RENDIMIENTO","2010-04-05","","50.70833333"
"CENTRO DE ALTO RENDIMIENTO","2010-04-04","","49.52777779"
"CENTRO DE ALTO RENDIMIENTO","2010-04-03","","51.125"
"CENTRO DE ALTO RENDIMIENTO","2010-04-02","","52.90277777"
"CENTRO DE ALTO RENDIMIENTO","2010-04-01","","80.86111111"
"CENTRO DE ALTO RENDIMIENTO","2010-03-31","","42.42361112"
"CENTRO DE ALTO RENDIMIENTO","2010-03-30","","40.45833333"
"CENTRO DE ALTO RENDIMIENTO","2010-03-29","","39.28472222"
"CENTRO DE ALTO RENDIMIENTO","2010-03-28","","37.11805555"
"CENTRO DE ALTO RENDIMIENTO","2010-03-27","","79.76388888"
"CENTRO DE ALTO RENDIMIENTO","2010-03-26","","82.22916668"
"CENTRO DE ALTO RENDIMIENTO","2010-03-25","","74.90277778"
"CENTRO DE ALTO RENDIMIENTO","2010-03-24","","55.33333333"
"CENTRO DE ALTO RENDIMIENTO","2010-03-23","","63.68055557"
"CENTRO DE ALTO RENDIMIENTO","2010-03-22","","38.83333334"
"CENTRO DE ALTO RENDIMIENTO","2010-03-21","","15.81944444"
"CENTRO DE ALTO RENDIMIENTO","2010-03-20","","13.375"
"CENTRO DE ALTO RENDIMIENTO","2010-03-19","","33.48484848"
"CENTRO DE ALTO RENDIMIENTO","2010-03-18","","66.2"
"CENTRO DE ALTO RENDIMIENTO","2010-03-16","","73.99999999"
"CENTRO DE ALTO RENDIMIENTO","2010-03-15","","70.38194443"
"CENTRO DE ALTO RENDIMIENTO","2010-03-14","","55.23611111"
"CENTRO DE ALTO RENDIMIENTO","2010-03-13","","67.52083334"
"CENTRO DE ALTO RENDIMIENTO","2010-03-12","","51.85416668"
"CENTRO DE ALTO RENDIMIENTO","2010-03-11","","18.95833333"
"CENTRO DE ALTO RENDIMIENTO","2010-03-10","","22.13194445"
"CENTRO DE ALTO RENDIMIENTO","2010-03-09","","31.61111111"
"CENTRO DE ALTO RENDIMIENTO","2010-03-08","","41.36231883"
"CENTRO DE ALTO RENDIMIENTO","2010-03-07","","37.25694445"
"CENTRO DE ALTO RENDIMIENTO","2010-03-06","","33.85416666"
"CENTRO DE ALTO RENDIMIENTO","2010-03-05","","38.01388889"
"CENTRO DE ALTO RENDIMIENTO","2010-03-04","","55.38194445"
"CENTRO DE ALTO RENDIMIENTO","2010-03-03","","58.26388889"
"CENTRO DE ALTO RENDIMIENTO","2010-03-02","","49.9861111"
"CENTRO DE ALTO RENDIMIENTO","2010-03-01","","31.82638888"
"CENTRO DE ALTO RENDIMIENTO","2010-02-28","","45.08333335"
"CENTRO DE ALTO RENDIMIENTO","2010-02-27","","46.20833333"
"CENTRO DE ALTO RENDIMIENTO","2010-02-26","","59.32638889"
"CENTRO DE ALTO RENDIMIENTO","2010-02-25","","100.35416668"
"CENTRO DE ALTO RENDIMIENTO","2010-02-24","","55.51388889"
"CENTRO DE ALTO RENDIMIENTO","2010-02-23","","57.23611111"
"CENTRO DE ALTO RENDIMIENTO","2010-02-22","","44.60416667"
"CENTRO DE ALTO RENDIMIENTO","2010-02-21","","14.41666667"
"CENTRO DE ALTO RENDIMIENTO","2010-02-20","","23.34722221"
"CENTRO DE ALTO RENDIMIENTO","2010-02-19","","48.29166666"
"CENTRO DE ALTO RENDIMIENTO","2010-02-18","","57.59722223"
"CENTRO DE ALTO RENDIMIENTO","2010-02-17","","74.54166667"
"CENTRO DE ALTO RENDIMIENTO","2010-02-16","","74.18055556"
"CENTRO DE ALTO RENDIMIENTO","2010-02-15","","85.79166667"
"CENTRO DE ALTO RENDIMIENTO","2010-02-14","","59.46527778"
"CENTRO DE ALTO RENDIMIENTO","2010-02-13","","71.46527777"
"CENTRO DE ALTO RENDIMIENTO","2010-02-12","","46.09722222"
"CENTRO DE ALTO RENDIMIENTO","2010-02-11","","63.91666668"
"CENTRO DE ALTO RENDIMIENTO","2010-02-10","","43.77777778"
"CENTRO DE ALTO RENDIMIENTO","2010-02-09","","34.29166667"
"CENTRO DE ALTO RENDIMIENTO","2010-02-08","","49.40972223"
"CENTRO DE ALTO RENDIMIENTO","2010-02-07","","40.64583334"
"CENTRO DE ALTO RENDIMIENTO","2010-02-06","","35.96527778"
"CENTRO DE ALTO RENDIMIENTO","2010-02-05","","48.9375"
"CENTRO DE ALTO RENDIMIENTO","2010-02-04","","18.59722223"
"CENTRO DE ALTO RENDIMIENTO","2010-02-03","","22.3030303"
"CENTRO DE ALTO RENDIMIENTO","2010-02-02","","19.20138888"
"CENTRO DE ALTO RENDIMIENTO","2010-02-01","","18.95833334"
"CENTRO DE ALTO RENDIMIENTO","2010-01-31","","18.13194445"
"CENTRO DE ALTO RENDIMIENTO","2010-01-30","","29.61111112"
"CENTRO DE ALTO RENDIMIENTO","2010-01-29","","38.40972222"
"CENTRO DE ALTO RENDIMIENTO","2010-01-28","","53.38194444"
"CENTRO DE ALTO RENDIMIENTO","2010-01-27","","57.75694444"
"CENTRO DE ALTO RENDIMIENTO","2010-01-26","","55.95454545"
"CENTRO DE ALTO RENDIMIENTO","2010-01-25","","60.30555555"
"CENTRO DE ALTO RENDIMIENTO","2010-01-24","","51.48611111"
"CENTRO DE ALTO RENDIMIENTO","2010-01-23","","71.58333333"
"CENTRO DE ALTO RENDIMIENTO","2010-01-22","","67.98611112"
"CENTRO DE ALTO RENDIMIENTO","2010-01-21","","37.65972222"
"CENTRO DE ALTO RENDIMIENTO","2010-01-20","","19.0"
"CENTRO DE ALTO RENDIMIENTO","2010-01-19","","25.12500001"
"CENTRO DE ALTO RENDIMIENTO","2010-01-18","","34.20833333"
"CENTRO DE ALTO RENDIMIENTO","2010-01-17","","21.38888889"
"CENTRO DE ALTO RENDIMIENTO","2010-01-16","","20.52777778"
"CENTRO DE ALTO RENDIMIENTO","2010-01-15","","48.45138889"
"CENTRO DE ALTO RENDIMIENTO","2010-01-14","","45.15277778"
"CENTRO DE ALTO RENDIMIENTO","2010-01-13","","67.20138889"
"CENTRO DE ALTO RENDIMIENTO","2010-01-12","","69.22916667"
"CENTRO DE ALTO RENDIMIENTO","2010-01-11","","45.09027778"
"CENTRO DE ALTO RENDIMIENTO","2010-01-10","","57.86805556"
"CENTRO DE ALTO RENDIMIENTO","2010-01-09","","48.47222221"
"CENTRO DE ALTO RENDIMIENTO","2010-01-08","","15.08333333"
"CENTRO DE ALTO RENDIMIENTO","2010-01-07","","37.27083333"
"CENTRO DE ALTO RENDIMIENTO","2010-01-06","","66.81944445"
"CENTRO DE ALTO RENDIMIENTO","2010-01-05","","72.91666666"
"CENTRO DE ALTO RENDIMIENTO","2010-01-04","","57.10416666"
"CENTRO DE ALTO RENDIMIENTO","2010-01-03","","37.02380952"
"CENTRO DE ALTO RENDIMIENTO","2010-01-02","","61.77083334"
"CENTRO DE ALTO RENDIMIENTO","2010-01-01","","55.01851851"
