"Estacion","Fecha inicial","Fecha final","PM10"
"P_2. ERA OBRERO","2021-07-27","","33.54583333"
"P_2. ERA OBRERO","2021-07-26","","43.53333333"
"P_2. ERA OBRERO","2021-07-25","","22.60416667"
"P_2. ERA OBRERO","2021-07-24","","61.78333333"
"P_2. ERA OBRERO","2021-07-23","","48.35833333"
"P_2. ERA OBRERO","2021-07-22","","66.12083333"
"P_2. ERA OBRERO","2021-07-21","","70.74166667"
"P_2. ERA OBRERO","2021-07-20","","43.57083333"
"P_2. ERA OBRERO","2021-07-19","","59.19166667"
"P_2. ERA OBRERO","2021-07-18","","39.44583333"
"P_2. ERA OBRERO","2021-07-17","","51.46666667"
"P_2. ERA OBRERO","2021-07-16","","52.7125"
"P_2. ERA OBRERO","2021-07-15","","57.4375"
"P_2. ERA OBRERO","2021-07-14","","58.8375"
"P_2. ERA OBRERO","2021-07-13","","57.05"
"P_2. ERA OBRERO","2021-07-12","","47.60416667"
"P_2. ERA OBRERO","2021-07-11","","34.85416667"
"P_2. ERA OBRERO","2021-07-10","","43.38333333"
"P_2. ERA OBRERO","2021-07-09","","59.02083333"
"P_2. ERA OBRERO","2021-07-08","","70.12916667"
"P_2. ERA OBRERO","2021-07-07","","73.625"
"P_2. ERA OBRERO","2021-07-06","","69.94583333"
"P_2. ERA OBRERO","2021-07-05","","53.82083333"
"P_2. ERA OBRERO","2021-07-04","","43.50833333"
"P_2. ERA OBRERO","2021-07-03","","55.25"
"P_2. ERA OBRERO","2021-07-02","","51.1375"
"P_2. ERA OBRERO","2021-07-01","","53.25"
"P_2. ERA OBRERO","2021-06-30","","62.19583333"
"P_2. ERA OBRERO","2021-06-29","","65.34166667"
"P_2. ERA OBRERO","2021-06-28","","61.71666667"
"P_2. ERA OBRERO","2021-06-27","","42.6375"
"P_2. ERA OBRERO","2021-06-26","","44.63333333"
"P_2. ERA OBRERO","2021-06-25","","59.5375"
"P_2. ERA OBRERO","2021-06-24","","49.78333333"
"P_2. ERA OBRERO","2021-06-23","","57.76666667"
"P_2. ERA OBRERO","2021-06-22","","58.57916667"
"P_2. ERA OBRERO","2021-06-21","","43.33333333"
"P_2. ERA OBRERO","2021-06-20","","33.73333333"
"P_2. ERA OBRERO","2021-06-19","","39.49583333"
"P_2. ERA OBRERO","2021-06-18","","49.20833333"
"P_2. ERA OBRERO","2021-06-17","","54.65416667"
"P_2. ERA OBRERO","2021-06-16","","50.325"
"P_2. ERA OBRERO","2021-06-15","","30.025"
"P_2. ERA OBRERO","2021-06-14","","34.57083333"
"P_2. ERA OBRERO","2021-06-13","","35.72916667"
"P_2. ERA OBRERO","2021-06-12","","52.04166667"
"P_2. ERA OBRERO","2021-06-11","","77.2625"
"P_2. ERA OBRERO","2021-06-10","","69.04166667"
"P_2. ERA OBRERO","2021-06-09","","47.5625"
"P_2. ERA OBRERO","2021-06-08","","37.30833333"
"P_2. ERA OBRERO","2021-06-07","","29.27083333"
"P_2. ERA OBRERO","2021-06-06","","43.97916667"
"P_2. ERA OBRERO","2021-06-05","","51.04583333"
"P_2. ERA OBRERO","2021-06-04","","42.325"
"P_2. ERA OBRERO","2021-06-03","","34.58333333"
"P_2. ERA OBRERO","2021-06-02","","39.55416667"
"P_2. ERA OBRERO","2021-06-01","","39.1"
"P_2. ERA OBRERO","2021-05-31","","36.44583333"
"P_2. ERA OBRERO","2021-05-30","","24.025"
"P_2. ERA OBRERO","2021-05-29","","32.97083333"
"P_2. ERA OBRERO","2021-05-28","","31.95833333"
"P_2. ERA OBRERO","2021-05-27","","27.88695652"
"P_2. ERA OBRERO","2021-05-26","","28.96818182"
"P_2. ERA OBRERO","2021-05-25","","32.24166667"
"P_2. ERA OBRERO","2021-05-24","","31.0625"
"P_2. ERA OBRERO","2021-05-23","","25.77083333"
"P_2. ERA OBRERO","2021-05-22","","32.84583333"
"P_2. ERA OBRERO","2021-05-21","","39.14166667"
"P_2. ERA OBRERO","2021-05-20","","38.65833333"
"P_2. ERA OBRERO","2021-05-19","","40.1625"
"P_2. ERA OBRERO","2021-05-18","","37.80416667"
"P_2. ERA OBRERO","2021-05-17","","25.48333333"
"P_2. ERA OBRERO","2021-05-16","","18.83333333"
"P_2. ERA OBRERO","2021-05-15","","30.80416667"
"P_2. ERA OBRERO","2021-05-14","","24.47272727"
"P_2. ERA OBRERO","2021-04-29","","7.98333333"
"P_2. ERA OBRERO","2021-04-28","","28.49583333"
"P_2. ERA OBRERO","2021-04-27","","54.30454545"
"P_2. ERA OBRERO","2021-04-26","","48.52083333"
"P_2. ERA OBRERO","2021-04-25","","38.95833333"
"P_2. ERA OBRERO","2021-04-24","","34.19166667"
"P_2. ERA OBRERO","2021-04-23","","34.09583333"
"P_2. ERA OBRERO","2021-04-22","","61.52083333"
"P_2. ERA OBRERO","2021-04-21","","42.83333333"
"P_2. ERA OBRERO","2021-04-20","","47.18333333"
"P_2. ERA OBRERO","2021-04-19","","28.9125"
"P_2. ERA OBRERO","2021-04-18","","35.79166667"
"P_2. ERA OBRERO","2021-04-17","","83.13684211"
"P_2. ERA OBRERO","2021-04-16","","43.82380952"
"P_2. ERA OBRERO","2021-04-15","","3.66"
"P_2. ERA OBRERO","2021-04-13","","42.20909091"
"P_2. ERA OBRERO","2021-04-12","","15.97142857"
"P_2. ERA OBRERO","2021-04-11","","160.40769231"
"P_2. ERA OBRERO","2021-04-10","","52.13478261"
"P_2. ERA OBRERO","2021-04-09","","28.96666667"
"P_2. ERA OBRERO","2021-04-08","","81.05"
"P_2. ERA OBRERO","2021-04-07","","79.33333333"
"P_2. ERA OBRERO","2021-04-06","","51.62916667"
"P_2. ERA OBRERO","2021-04-05","","65.65"
"P_2. ERA OBRERO","2021-04-04","","52.6375"
"P_2. ERA OBRERO","2021-04-03","","34.9"
"P_2. ERA OBRERO","2021-04-02","","32.72083333"
"P_2. ERA OBRERO","2021-04-01","","45.16666667"
"P_2. ERA OBRERO","2021-03-31","","48.0625"
"P_2. ERA OBRERO","2021-03-30","","56.6375"
"P_2. ERA OBRERO","2021-03-29","","56.55"
"P_2. ERA OBRERO","2021-03-28","","46.99166667"
"P_2. ERA OBRERO","2021-03-27","","67.7375"
"P_2. ERA OBRERO","2021-03-26","","47.27083333"
"P_2. ERA OBRERO","2021-03-25","","58.74166667"
"P_2. ERA OBRERO","2021-03-24","","45.2625"
"P_2. ERA OBRERO","2021-03-23","","42.5375"
"P_2. ERA OBRERO","2021-03-22","","20.76666667"
"P_2. ERA OBRERO","2021-03-21","","46.75"
"P_2. ERA OBRERO","2021-03-20","","47.825"
"P_2. ERA OBRERO","2021-03-19","","51.29583333"
"P_2. ERA OBRERO","2021-03-18","","41.09166667"
"P_2. ERA OBRERO","2021-03-17","","74.15833333"
"P_2. ERA OBRERO","2021-03-16","","81.28333333"
"P_2. ERA OBRERO","2021-03-15","","73.17083333"
"P_2. ERA OBRERO","2021-03-14","","41.3625"
"P_2. ERA OBRERO","2021-03-13","","48.77916667"
"P_2. ERA OBRERO","2021-03-12","","44.55"
"P_2. ERA OBRERO","2021-03-11","","36.55"
"P_2. ERA OBRERO","2021-03-10","","42.77083333"
"P_2. ERA OBRERO","2021-03-09","","44.8625"
"P_2. ERA OBRERO","2021-03-08","","46.8875"
"P_2. ERA OBRERO","2021-03-07","","53.3625"
"P_2. ERA OBRERO","2021-03-06","","59.5375"
"P_2. ERA OBRERO","2021-03-05","","49.50416667"
"P_2. ERA OBRERO","2021-03-04","","36.44583333"
"P_2. ERA OBRERO","2021-03-03","","30.40833333"
"P_2. ERA OBRERO","2021-03-02","","42.55416667"
"P_2. ERA OBRERO","2021-03-01","","33.23333333"
"P_2. ERA OBRERO","2021-02-28","","32.675"
"P_2. ERA OBRERO","2021-02-27","","39.37083333"
"P_2. ERA OBRERO","2021-02-26","","49.1375"
"P_2. ERA OBRERO","2021-02-25","","52.75"
"P_2. ERA OBRERO","2021-02-24","","83.325"
"P_2. ERA OBRERO","2021-02-23","","47.3125"
"P_2. ERA OBRERO","2021-02-22","","53.74166667"
"P_2. ERA OBRERO","2021-02-18","","38.925"
"P_2. ERA OBRERO","2021-02-17","","43.00416667"
"P_2. ERA OBRERO","2021-02-16","","49.825"
"P_2. ERA OBRERO","2021-02-15","","40.00833333"
"P_2. ERA OBRERO","2021-02-14","","29.51666667"
"P_2. ERA OBRERO","2021-02-13","","32.54166667"
"P_2. ERA OBRERO","2021-02-12","","35.22083333"
"P_2. ERA OBRERO","2021-02-11","","41.91666667"
"P_2. ERA OBRERO","2021-02-10","","28.3125"
"P_2. ERA OBRERO","2021-02-09","","42.34166667"
"P_2. ERA OBRERO","2021-02-08","","50.22083333"
"P_2. ERA OBRERO","2021-02-07","","44.27083333"
"P_2. ERA OBRERO","2021-02-06","","61.82083333"
"P_2. ERA OBRERO","2021-02-05","","62.00833333"
"P_2. ERA OBRERO","2021-02-04","","52.55416667"
"P_2. ERA OBRERO","2021-02-03","","44.55"
"P_2. ERA OBRERO","2021-02-02","","40.96666667"
"P_2. ERA OBRERO","2021-02-01","","46.75416667"
"P_2. ERA OBRERO","2021-01-31","","60.325"
"P_2. ERA OBRERO","2021-01-30","","54.17916667"
"P_2. ERA OBRERO","2021-01-29","","56.94583333"
"P_2. ERA OBRERO","2021-01-28","","45.67083333"
"P_2. ERA OBRERO","2021-01-27","","47.94166667"
"P_2. ERA OBRERO","2021-01-26","","38.92083333"
"P_2. ERA OBRERO","2021-01-25","","50.1875"
"P_2. ERA OBRERO","2021-01-24","","45.52916667"
"P_2. ERA OBRERO","2021-01-23","","45.9375"
"P_2. ERA OBRERO","2021-01-22","","56.7"
"P_2. ERA OBRERO","2021-01-21","","64.075"
"P_2. ERA OBRERO","2021-01-20","","52.35416667"
"P_2. ERA OBRERO","2021-01-19","","64.57916667"
"P_2. ERA OBRERO","2021-01-18","","49.33333333"
"P_2. ERA OBRERO","2021-01-17","","28.9125"
"P_2. ERA OBRERO","2021-01-16","","32.1625"
"P_2. ERA OBRERO","2021-01-15","","39.525"
"P_2. ERA OBRERO","2021-01-14","","54.8"
"P_2. ERA OBRERO","2021-01-13","","49.9125"
"P_2. ERA OBRERO","2021-01-12","","42.6375"
"P_2. ERA OBRERO","2021-01-11","","30.65833333"
"P_2. ERA OBRERO","2021-01-10","","40.75"
"P_2. ERA OBRERO","2021-01-09","","47.3625"
"P_2. ERA OBRERO","2021-01-08","","55.96521739"
"P_2. ERA OBRERO","2021-01-07","","33.97083333"
"P_2. ERA OBRERO","2021-01-06","","37.30833333"
"P_2. ERA OBRERO","2021-01-05","","26.71666667"
"P_2. ERA OBRERO","2021-01-04","","44.99166667"
"P_2. ERA OBRERO","2021-01-03","","18.5"
"P_2. ERA OBRERO","2021-01-02","","21.07916667"
"P_2. ERA OBRERO","2021-01-01","","29.67916667"
"P_2. ERA OBRERO","2020-12-31","","59.41666667"
"P_2. ERA OBRERO","2020-12-30","","57.43333333"
"P_2. ERA OBRERO","2020-12-29","","60.97083333"
"P_2. ERA OBRERO","2020-12-28","","67.69583333"
"P_2. ERA OBRERO","2020-12-27","","39.07916667"
"P_2. ERA OBRERO","2020-12-26","","34.49166667"
"P_2. ERA OBRERO","2020-12-25","","24.27916667"
"P_2. ERA OBRERO","2020-12-24","","56.67916667"
"P_2. ERA OBRERO","2020-12-23","","64.36666667"
"P_2. ERA OBRERO","2020-12-22","","64.7625"
"P_2. ERA OBRERO","2020-12-21","","61.37083333"
"P_2. ERA OBRERO","2020-12-20","","39.39583333"
"P_2. ERA OBRERO","2020-12-19","","49.97083333"
"P_2. ERA OBRERO","2020-12-18","","62.04583333"
"P_2. ERA OBRERO","2020-12-17","","88.6173913"
"P_2. ERA OBRERO","2020-12-16","","55.67391304"
"P_2. ERA OBRERO","2020-12-15","","58.91666667"
"P_2. ERA OBRERO","2020-12-14","","50.75833333"
"P_2. ERA OBRERO","2020-12-13","","42.38571429"
"P_2. ERA OBRERO","2020-12-12","","70.465"
"P_2. ERA OBRERO","2020-12-11","","62.90833333"
"P_2. ERA OBRERO","2020-12-10","","55.65833333"
"P_2. ERA OBRERO","2020-12-09","","54.92916667"
"P_2. ERA OBRERO","2020-12-08","","47.02916667"
"P_2. ERA OBRERO","2020-12-07","","67.6625"
"P_2. ERA OBRERO","2020-12-06","","55.125"
"P_2. ERA OBRERO","2020-12-05","","146.61904762"
"P_2. ERA OBRERO","2020-12-04","","42.07391304"
"P_2. ERA OBRERO","2020-12-03","","47.88333333"
"P_2. ERA OBRERO","2020-12-02","","35.14583333"
"P_2. ERA OBRERO","2020-12-01","","58.4375"
"P_2. ERA OBRERO","2020-11-30","","36.63333333"
"P_2. ERA OBRERO","2020-11-29","","58.45833333"
"P_2. ERA OBRERO","2020-11-28","","59.44166667"
"P_2. ERA OBRERO","2020-11-27","","45.19583333"
"P_2. ERA OBRERO","2020-11-26","","58.32083333"
"P_2. ERA OBRERO","2020-11-25","","122.13913043"
"P_2. ERA OBRERO","2020-11-24","","45.62272727"
"P_2. ERA OBRERO","2020-11-23","","51.14583333"
"P_2. ERA OBRERO","2020-11-22","","39.58333333"
"P_2. ERA OBRERO","2020-11-21","","38.53333333"
"P_2. ERA OBRERO","2020-11-20","","48.8625"
"P_2. ERA OBRERO","2020-11-19","","58.60833333"
"P_2. ERA OBRERO","2020-11-18","","64.9625"
"P_2. ERA OBRERO","2020-11-17","","51.96666667"
"P_2. ERA OBRERO","2020-11-16","","39.35625"
"P_2. ERA OBRERO","2020-11-15","","37.47916667"
"P_2. ERA OBRERO","2020-11-14","","36.32340426"
"P_2. ERA OBRERO","2020-11-13","","58.29166667"
"P_2. ERA OBRERO","2020-11-12","","56.59166667"
"P_2. ERA OBRERO","2020-11-11","","50.85416667"
"P_2. ERA OBRERO","2020-11-10","","49.7375"
"P_2. ERA OBRERO","2020-11-09","","42.9"
"P_2. ERA OBRERO","2020-11-08","","45.39166667"
"P_2. ERA OBRERO","2020-11-07","","60.79583333"
"P_2. ERA OBRERO","2020-11-06","","58.67083333"
"P_2. ERA OBRERO","2020-11-05","","59.22916667"
"P_2. ERA OBRERO","2020-11-04","","70.37916667"
"P_2. ERA OBRERO","2020-11-03","","64.99583333"
"P_2. ERA OBRERO","2020-11-02","","37.0875"
"P_2. ERA OBRERO","2020-11-01","","23.57916667"
"P_2. ERA OBRERO","2020-10-31","","42.77083333"
"P_2. ERA OBRERO","2020-10-30","","44.96666667"
"P_2. ERA OBRERO","2020-10-29","","52.64583333"
"P_2. ERA OBRERO","2020-10-28","","63.475"
"P_2. ERA OBRERO","2020-10-27","","59.27083333"
"P_2. ERA OBRERO","2020-10-26","","45.94583333"
"P_2. ERA OBRERO","2020-10-25","","34.625"
"P_2. ERA OBRERO","2020-10-24","","43.55833333"
"P_2. ERA OBRERO","2020-10-23","","49.69583333"
"P_2. ERA OBRERO","2020-10-22","","62.01666667"
"P_2. ERA OBRERO","2020-10-21","","44.24166667"
"P_2. ERA OBRERO","2020-10-20","","53.13333333"
"P_2. ERA OBRERO","2020-10-19","","43.8375"
"P_2. ERA OBRERO","2020-10-18","","49.8375"
"P_2. ERA OBRERO","2020-10-17","","63.89166667"
"P_2. ERA OBRERO","2020-10-16","","68.5625"
"P_2. ERA OBRERO","2020-10-15","","59.775"
"P_2. ERA OBRERO","2020-10-14","","59.3125"
"P_2. ERA OBRERO","2020-10-13","","48.70416667"
"P_2. ERA OBRERO","2020-10-12","","42.30833333"
"P_2. ERA OBRERO","2020-10-11","","48.17083333"
"P_2. ERA OBRERO","2020-10-10","","59.94583333"
"P_2. ERA OBRERO","2020-10-09","","72.2375"
"P_2. ERA OBRERO","2020-10-08","","65.72083333"
"P_2. ERA OBRERO","2020-10-07","","75.76666667"
"P_2. ERA OBRERO","2020-10-06","","71.56666667"
"P_2. ERA OBRERO","2020-10-05","","53.55833333"
"P_2. ERA OBRERO","2020-10-04","","24.15416667"
"P_2. ERA OBRERO","2020-10-03","","40.65"
"P_2. ERA OBRERO","2020-10-02","","61.425"
"P_2. ERA OBRERO","2020-10-01","","63.56666667"
"P_2. ERA OBRERO","2020-09-30","","72.64782609"
"P_2. ERA OBRERO","2020-09-29","","70.72083333"
"P_2. ERA OBRERO","2020-09-28","","57.85"
"P_2. ERA OBRERO","2020-09-27","","55.7875"
"P_2. ERA OBRERO","2020-09-26","","54.4"
"P_2. ERA OBRERO","2020-09-25","","63.10416667"
"P_2. ERA OBRERO","2020-09-24","","70.85833333"
"P_2. ERA OBRERO","2020-09-23","","64.92916667"
"P_2. ERA OBRERO","2020-09-22","","59.1125"
"P_2. ERA OBRERO","2020-09-21","","61.425"
"P_2. ERA OBRERO","2020-09-20","","51.14583333"
"P_2. ERA OBRERO","2020-09-19","","63.3375"
"P_2. ERA OBRERO","2020-09-18","","46.35416667"
"P_2. ERA OBRERO","2020-09-17","","58.75416667"
"P_2. ERA OBRERO","2020-09-16","","69.30416667"
"P_2. ERA OBRERO","2020-09-15","","80.04166667"
"P_2. ERA OBRERO","2020-09-14","","60.29583333"
"P_2. ERA OBRERO","2020-09-13","","55.34583333"
"P_2. ERA OBRERO","2020-09-12","","57.77916667"
"P_2. ERA OBRERO","2020-09-11","","76.75416667"
"P_2. ERA OBRERO","2020-09-10","","70.54166667"
"P_2. ERA OBRERO","2020-09-09","","60.86666667"
"P_2. ERA OBRERO","2020-09-08","","42.55909091"
"P_2. ERA OBRERO","2020-09-07","","61.32083333"
"P_2. ERA OBRERO","2020-09-06","","37.64166667"
"P_2. ERA OBRERO","2020-09-05","","56.55416667"
"P_2. ERA OBRERO","2020-09-04","","43.15416667"
"P_2. ERA OBRERO","2020-09-03","","69.42916667"
"P_2. ERA OBRERO","2020-09-02","","66.20416667"
"P_2. ERA OBRERO","2020-09-01","","55.575"
"P_2. ERA OBRERO","2020-08-31","","68.94782609"
"P_2. ERA OBRERO","2020-08-30","","34.93333333"
"P_2. ERA OBRERO","2020-08-29","","39.02916667"
"P_2. ERA OBRERO","2020-08-28","","64.07083333"
"P_2. ERA OBRERO","2020-08-27","","57.02083333"
"P_2. ERA OBRERO","2020-08-26","","45.45"
"P_2. ERA OBRERO","2020-08-25","","28.4125"
"P_2. ERA OBRERO","2020-08-24","","40.42083333"
"P_2. ERA OBRERO","2020-08-23","","44.04583333"
"P_2. ERA OBRERO","2020-08-22","","46.0"
"P_2. ERA OBRERO","2020-08-21","","59.61666667"
"P_2. ERA OBRERO","2020-08-20","","43.24583333"
"P_2. ERA OBRERO","2020-08-19","","52.33333333"
"P_2. ERA OBRERO","2020-08-18","","54.92083333"
"P_2. ERA OBRERO","2020-08-17","","44.65"
"P_2. ERA OBRERO","2020-08-16","","54.93333333"
"P_2. ERA OBRERO","2020-08-15","","50.50416667"
"P_2. ERA OBRERO","2020-08-14","","30.72083333"
"P_2. ERA OBRERO","2020-08-13","","73.12916667"
"P_2. ERA OBRERO","2020-08-12","","46.50416667"
"P_2. ERA OBRERO","2020-08-11","","66.66818182"
"P_2. ERA OBRERO","2020-08-10","","59.87916667"
"P_2. ERA OBRERO","2020-08-09","","41.69166667"
"P_2. ERA OBRERO","2020-08-08","","58.59166667"
"P_2. ERA OBRERO","2020-08-07","","71.65"
"P_2. ERA OBRERO","2020-08-06","","77.7875"
"P_2. ERA OBRERO","2020-08-05","","67.93333333"
"P_2. ERA OBRERO","2020-08-04","","80.80833333"
"P_2. ERA OBRERO","2020-08-03","","58.25454545"
"P_2. ERA OBRERO","2020-08-02","","61.075"
"P_2. ERA OBRERO","2020-08-01","","68.675"
"P_2. ERA OBRERO","2020-07-31","","48.29545455"
"P_2. ERA OBRERO","2020-07-30","","66.6173913"
"P_2. ERA OBRERO","2020-07-29","","52.89166667"
"P_2. ERA OBRERO","2020-07-28","","52.40454545"
"P_2. ERA OBRERO","2020-07-27","","51.09285714"
"P_2. ERA OBRERO","2020-07-15","","53.9"
"P_2. ERA OBRERO","2020-07-14","","43.66923077"
"P_2. ERA OBRERO","2020-06-16","","68.21538462"
"P_2. ERA OBRERO","2020-06-15","","48.09130435"
"P_2. ERA OBRERO","2020-06-14","","42.14166667"
"P_2. ERA OBRERO","2020-06-13","","63.3875"
"P_2. ERA OBRERO","2020-06-12","","58.70833333"
"P_2. ERA OBRERO","2020-06-11","","32.64166667"
"P_2. ERA OBRERO","2020-06-10","","50.17826087"
"P_2. ERA OBRERO","2020-06-09","","48.5"
"P_2. ERA OBRERO","2020-06-08","","56.42916667"
"P_2. ERA OBRERO","2020-06-07","","45.35238095"
"P_2. ERA OBRERO","2020-06-06","","73.975"
"P_2. ERA OBRERO","2020-06-05","","50.075"
"P_2. ERA OBRERO","2020-06-04","","47.1826087"
"P_2. ERA OBRERO","2020-06-03","","25.21304348"
"P_2. ERA OBRERO","2020-06-02","","43.99166667"
"P_2. ERA OBRERO","2020-06-01","","38.70833333"
"P_2. ERA OBRERO","2020-05-31","","22.6952381"
"P_2. ERA OBRERO","2020-05-30","","29.03636364"
"P_2. ERA OBRERO","2020-05-29","","25.81304348"
"P_2. ERA OBRERO","2020-05-28","","43.30434783"
"P_2. ERA OBRERO","2020-05-27","","48.92173913"
"P_2. ERA OBRERO","2020-05-26","","46.65652174"
"P_2. ERA OBRERO","2020-05-25","","31.21666667"
"P_2. ERA OBRERO","2020-05-24","","35.05454545"
"P_2. ERA OBRERO","2020-05-23","","38.76666667"
"P_2. ERA OBRERO","2020-05-22","","38.7875"
"P_2. ERA OBRERO","2020-05-21","","49.05416667"
"P_2. ERA OBRERO","2020-05-20","","42.54347826"
"P_2. ERA OBRERO","2020-05-19","","28.53043478"
"P_2. ERA OBRERO","2020-05-18","","33.52083333"
"P_2. ERA OBRERO","2020-05-17","","25.48695652"
"P_2. ERA OBRERO","2020-05-16","","46.36666667"
"P_2. ERA OBRERO","2020-05-15","","45.675"
"P_2. ERA OBRERO","2020-05-14","","54.67826087"
"P_2. ERA OBRERO","2020-05-13","","46.725"
"P_2. ERA OBRERO","2020-05-12","","42.43913043"
"P_2. ERA OBRERO","2020-05-11","","39.2875"
"P_2. ERA OBRERO","2020-05-10","","45.25833333"
"P_2. ERA OBRERO","2020-05-09","","49.07916667"
"P_2. ERA OBRERO","2020-05-08","","59.74166667"
"P_2. ERA OBRERO","2020-05-07","","72.44583333"
"P_2. ERA OBRERO","2020-05-06","","44.52083333"
"P_2. ERA OBRERO","2020-05-05","","39.49166667"
"P_2. ERA OBRERO","2020-05-04","","40.36086957"
"P_2. ERA OBRERO","2020-05-03","","32.1"
"P_2. ERA OBRERO","2020-05-02","","27.42083333"
"P_2. ERA OBRERO","2020-05-01","","25.85416667"
"P_2. ERA OBRERO","2020-04-30","","26.49583333"
"P_2. ERA OBRERO","2020-04-29","","24.82083333"
"P_2. ERA OBRERO","2020-04-28","","29.18571429"
"P_2. ERA OBRERO","2020-04-27","","33.12083333"
"P_2. ERA OBRERO","2020-04-26","","27.56818182"
"P_2. ERA OBRERO","2020-04-25","","25.02916667"
"P_2. ERA OBRERO","2020-04-24","","30.87727273"
"P_2. ERA OBRERO","2020-04-23","","26.14782609"
"P_2. ERA OBRERO","2020-04-22","","37.70869565"
"P_2. ERA OBRERO","2020-04-21","","36.30454545"
"P_2. ERA OBRERO","2020-04-20","","30.15217391"
"P_2. ERA OBRERO","2020-04-19","","26.55217391"
"P_2. ERA OBRERO","2020-04-18","","26.68695652"
"P_2. ERA OBRERO","2020-04-17","","37.55416667"
"P_2. ERA OBRERO","2020-04-16","","39.02"
"P_2. ERA OBRERO","2020-04-15","","39.97727273"
"P_2. ERA OBRERO","2020-04-14","","15.16842105"
"P_2. ERA OBRERO","2020-04-13","","19.86818182"
"P_2. ERA OBRERO","2020-04-12","","17.42916667"
"P_2. ERA OBRERO","2020-04-11","","17.56666667"
"P_2. ERA OBRERO","2020-04-10","","23.13333333"
"P_2. ERA OBRERO","2020-04-09","","30.575"
"P_2. ERA OBRERO","2020-04-08","","28.24166667"
"P_2. ERA OBRERO","2020-04-07","","24.75833333"
"P_2. ERA OBRERO","2020-04-06","","31.37916667"
"P_2. ERA OBRERO","2020-04-05","","26.97916667"
"P_2. ERA OBRERO","2020-04-04","","30.7625"
"P_2. ERA OBRERO","2020-04-03","","22.50416667"
"P_2. ERA OBRERO","2020-04-02","","26.35416667"
"P_2. ERA OBRERO","2020-04-01","","30.85"
"P_2. ERA OBRERO","2020-03-31","","38.08695652"
"P_2. ERA OBRERO","2020-03-30","","27.6125"
"P_2. ERA OBRERO","2020-03-29","","21.67391304"
"P_2. ERA OBRERO","2020-03-28","","30.82916667"
"P_2. ERA OBRERO","2020-03-27","","33.12916667"
"P_2. ERA OBRERO","2020-03-26","","24.99583333"
"P_2. ERA OBRERO","2020-03-25","","37.45"
"P_2. ERA OBRERO","2020-03-24","","30.83043478"
"P_2. ERA OBRERO","2020-03-23","","35.5125"
"P_2. ERA OBRERO","2020-03-22","","30.78571429"
"P_2. ERA OBRERO","2020-03-21","","39.6875"
"P_2. ERA OBRERO","2020-03-20","","33.27272727"
"P_2. ERA OBRERO","2020-03-19","","56.225"
"P_2. ERA OBRERO","2020-03-18","","47.9625"
"P_2. ERA OBRERO","2020-03-17","","48.78181818"
"P_2. ERA OBRERO","2020-03-16","","56.22916667"
"P_2. ERA OBRERO","2020-03-15","","36.15"
"P_2. ERA OBRERO","2020-03-14","","41.00434783"
"P_2. ERA OBRERO","2020-03-13","","33.2173913"
"P_2. ERA OBRERO","2020-03-12","","34.43333333"
"P_2. ERA OBRERO","2020-03-11","","42.08333333"
"P_2. ERA OBRERO","2020-03-10","","44.1"
"P_2. ERA OBRERO","2020-03-09","","57.04583333"
"P_2. ERA OBRERO","2020-03-08","","49.28333333"
"P_2. ERA OBRERO","2020-03-07","","55.75833333"
"P_2. ERA OBRERO","2020-03-06","","63.77083333"
"P_2. ERA OBRERO","2020-03-05","","73.26086957"
"P_2. ERA OBRERO","2020-03-04","","72.61666667"
"P_2. ERA OBRERO","2020-03-03","","67.94166667"
"P_2. ERA OBRERO","2020-03-02","","61.05833333"
"P_2. ERA OBRERO","2020-03-01","","50.8"
"P_2. ERA OBRERO","2020-02-29","","62.52916667"
"P_2. ERA OBRERO","2020-02-28","","53.825"
"P_2. ERA OBRERO","2020-02-27","","57.1375"
"P_2. ERA OBRERO","2020-02-26","","34.18333333"
"P_2. ERA OBRERO","2020-02-25","","58.45909091"
"P_2. ERA OBRERO","2020-02-24","","47.0125"
"P_2. ERA OBRERO","2020-02-23","","50.16666667"
"P_2. ERA OBRERO","2020-02-22","","57.67916667"
"P_2. ERA OBRERO","2020-02-21","","57.7625"
"P_2. ERA OBRERO","2020-02-20","","60.9875"
"P_2. ERA OBRERO","2020-02-19","","65.75416667"
"P_2. ERA OBRERO","2020-02-18","","71.56521739"
"P_2. ERA OBRERO","2020-02-17","","57.81666667"
"P_2. ERA OBRERO","2020-02-16","","52.66666667"
"P_2. ERA OBRERO","2020-02-15","","65.87391304"
"P_2. ERA OBRERO","2020-02-14","","65.80416667"
"P_2. ERA OBRERO","2020-02-13","","63.7625"
"P_2. ERA OBRERO","2020-02-12","","65.96666667"
"P_2. ERA OBRERO","2020-02-11","","90.4"
"P_2. ERA OBRERO","2020-02-10","","59.57083333"
"P_2. ERA OBRERO","2020-02-09","","47.14583333"
"P_2. ERA OBRERO","2020-02-08","","54.99166667"
"P_2. ERA OBRERO","2020-02-07","","67.3625"
"P_2. ERA OBRERO","2020-02-06","","58.7375"
"P_2. ERA OBRERO","2020-02-05","","53.85833333"
"P_2. ERA OBRERO","2020-02-04","","44.80833333"
"P_2. ERA OBRERO","2020-02-03","","39.4625"
"P_2. ERA OBRERO","2020-02-02","","30.18333333"
"P_2. ERA OBRERO","2020-02-01","","59.70833333"
"P_2. ERA OBRERO","2020-01-31","","61.44782609"
"P_2. ERA OBRERO","2020-01-30","","60.60416667"
"P_2. ERA OBRERO","2020-01-29","","69.3125"
"P_2. ERA OBRERO","2020-01-28","","67.1"
"P_2. ERA OBRERO","2020-01-27","","31.55833333"
"P_2. ERA OBRERO","2020-01-26","","60.375"
"P_2. ERA OBRERO","2020-01-25","","104.3125"
"P_2. ERA OBRERO","2020-01-24","","83.66086957"
"P_2. ERA OBRERO","2020-01-23","","68.88333333"
"P_2. ERA OBRERO","2020-01-22","","54.22083333"
"P_2. ERA OBRERO","2020-01-21","","54.07916667"
"P_2. ERA OBRERO","2020-01-20","","58.42083333"
"P_2. ERA OBRERO","2020-01-19","","71.79583333"
"P_2. ERA OBRERO","2020-01-18","","88.59583333"
"P_2. ERA OBRERO","2020-01-17","","102.28333333"
"P_2. ERA OBRERO","2020-01-16","","78.05416667"
"P_2. ERA OBRERO","2020-01-15","","94.76666667"
"P_2. ERA OBRERO","2020-01-14","","75.6875"
"P_2. ERA OBRERO","2020-01-13","","80.2875"
"P_2. ERA OBRERO","2020-01-12","","72.94583333"
"P_2. ERA OBRERO","2020-01-11","","73.02083333"
"P_2. ERA OBRERO","2020-01-10","","99.76666667"
"P_2. ERA OBRERO","2020-01-09","","109.6125"
"P_2. ERA OBRERO","2020-01-08","","77.9125"
"P_2. ERA OBRERO","2020-01-07","","62.37083333"
"P_2. ERA OBRERO","2020-01-06","","39.2375"
"P_2. ERA OBRERO","2020-01-05","","43.74583333"
"P_2. ERA OBRERO","2020-01-04","","46.50833333"
"P_2. ERA OBRERO","2020-01-03","","39.9875"
"P_2. ERA OBRERO","2020-01-02","","32.2826087"
"P_2. ERA OBRERO","2020-01-01","","43.29583333"
"P_2. ERA OBRERO","2019-12-31","","51.49047619"
"P_2. ERA OBRERO","2019-12-30","","46.2"
"P_2. ERA OBRERO","2019-12-29","","56.2125"
"P_2. ERA OBRERO","2019-12-28","","78.35"
"P_2. ERA OBRERO","2019-12-27","","67.17083333"
"P_2. ERA OBRERO","2019-12-26","","58.65"
"P_2. ERA OBRERO","2019-12-25","","53.24166667"
"P_2. ERA OBRERO","2019-12-24","","64.04166667"
"P_2. ERA OBRERO","2019-12-23","","60.62222222"
"P_2. ERA OBRERO","2019-11-30","","9.19375"
"P_2. ERA OBRERO","2019-11-29","","5.05882353"
"P_2. ERA OBRERO","2019-11-28","","10.81176471"
"P_2. ERA OBRERO","2019-11-27","","4.86923077"
"P_2. ERA OBRERO","2019-11-26","","4.27272727"
"P_2. ERA OBRERO","2019-10-16","","93.05294118"
"P_2. ERA OBRERO","2019-10-15","","83.57916667"
"P_2. ERA OBRERO","2019-10-14","","58.5625"
"P_2. ERA OBRERO","2019-10-13","","38.15416667"
"P_2. ERA OBRERO","2019-10-12","","64.125"
"P_2. ERA OBRERO","2019-10-11","","71.7"
"P_2. ERA OBRERO","2019-10-10","","100.71666667"
"P_2. ERA OBRERO","2019-10-09","","97.57083333"
"P_2. ERA OBRERO","2019-10-08","","103.94166667"
"P_2. ERA OBRERO","2019-10-07","","75.24583333"
"P_2. ERA OBRERO","2019-10-06","","47.27083333"
"P_2. ERA OBRERO","2019-10-05","","62.20833333"
"P_2. ERA OBRERO","2019-10-04","","66.57916667"
"P_2. ERA OBRERO","2019-10-03","","45.90833333"
"P_2. ERA OBRERO","2019-10-02","","66.2875"
"P_2. ERA OBRERO","2019-10-01","","64.86"
"P_2. ERA OBRERO","2019-09-28","","17.43333333"
"P_2. ERA OBRERO","2019-09-27","","68.6875"
"P_2. ERA OBRERO","2019-09-26","","53.31666667"
"P_2. ERA OBRERO","2019-09-25","","64.65416667"
"P_2. ERA OBRERO","2019-09-24","","89.19166667"
"P_2. ERA OBRERO","2019-09-23","","62.64166667"
"P_2. ERA OBRERO","2019-09-22","","52.375"
"P_2. ERA OBRERO","2019-09-21","","78.525"
"P_2. ERA OBRERO","2019-09-20","","84.17083333"
"P_2. ERA OBRERO","2019-09-19","","45.46666667"
"P_2. ERA OBRERO","2019-09-18","","46.0125"
"P_2. ERA OBRERO","2019-09-17","","76.925"
"P_2. ERA OBRERO","2019-09-16","","72.01666667"
"P_2. ERA OBRERO","2019-09-15","","56.40833333"
"P_2. ERA OBRERO","2019-09-14","","74.53333333"
"P_2. ERA OBRERO","2019-09-13","","67.48333333"
"P_2. ERA OBRERO","2019-09-12","","80.4875"
"P_2. ERA OBRERO","2019-09-11","","91.36666667"
"P_2. ERA OBRERO","2019-09-10","","107.99166667"
"P_2. ERA OBRERO","2019-09-09","","82.9875"
"P_2. ERA OBRERO","2019-09-08","","74.2"
"P_2. ERA OBRERO","2019-09-07","","82.29583333"
"P_2. ERA OBRERO","2019-09-06","","91.70833333"
"P_2. ERA OBRERO","2019-09-05","","97.75"
"P_2. ERA OBRERO","2019-09-04","","97.75416667"
"P_2. ERA OBRERO","2019-09-03","","112.70833333"
"P_2. ERA OBRERO","2019-09-02","","79.00833333"
"P_2. ERA OBRERO","2019-09-01","","66.4125"
"P_2. ERA OBRERO","2019-08-31","","74.37916667"
"P_2. ERA OBRERO","2019-08-30","","91.5125"
"P_2. ERA OBRERO","2019-08-29","","89.02083333"
"P_2. ERA OBRERO","2019-08-28","","81.09166667"
"P_2. ERA OBRERO","2019-08-27","","80.54583333"
"P_2. ERA OBRERO","2019-08-26","","82.27083333"
"P_2. ERA OBRERO","2019-08-25","","65.25416667"
"P_2. ERA OBRERO","2019-08-24","","74.67083333"
"P_2. ERA OBRERO","2019-08-23","","86.9625"
"P_2. ERA OBRERO","2019-08-22","","102.13333333"
"P_2. ERA OBRERO","2019-08-21","","74.0875"
"P_2. ERA OBRERO","2019-08-20","","68.4375"
"P_2. ERA OBRERO","2019-08-19","","78.09583333"
"P_2. ERA OBRERO","2019-08-18","","78.1875"
"P_2. ERA OBRERO","2019-08-17","","85.28333333"
"P_2. ERA OBRERO","2019-08-16","","113.71666667"
"P_2. ERA OBRERO","2019-08-15","","119.02173913"
"P_2. ERA OBRERO","2019-08-14","","80.3875"
"P_2. ERA OBRERO","2019-08-13","","68.05833333"
"P_2. ERA OBRERO","2019-08-12","","64.45"
"P_2. ERA OBRERO","2019-08-11","","52.82083333"
"P_2. ERA OBRERO","2019-08-10","","69.62916667"
"P_2. ERA OBRERO","2019-08-09","","65.81666667"
"P_2. ERA OBRERO","2019-08-08","","75.2875"
"P_2. ERA OBRERO","2019-08-07","","51.22916667"
"P_2. ERA OBRERO","2019-08-06","","58.63333333"
"P_2. ERA OBRERO","2019-08-05","","47.45416667"
"P_2. ERA OBRERO","2019-08-04","","43.6"
"P_2. ERA OBRERO","2019-08-03","","67.65"
"P_2. ERA OBRERO","2019-08-02","","68.59130435"
"P_2. ERA OBRERO","2019-08-01","","61.77916667"
"P_2. ERA OBRERO","2019-07-31","","73.425"
"P_2. ERA OBRERO","2019-07-30","","67.70909091"
"P_2. ERA OBRERO","2019-07-29","","51.64166667"
"P_2. ERA OBRERO","2019-07-28","","47.1625"
"P_2. ERA OBRERO","2019-07-27","","55.79166667"
"P_2. ERA OBRERO","2019-07-26","","54.26666667"
"P_2. ERA OBRERO","2019-07-25","","47.2875"
"P_2. ERA OBRERO","2019-07-24","","59.775"
"P_2. ERA OBRERO","2019-07-23","","38.95416667"
"P_2. ERA OBRERO","2019-07-22","","50.2875"
"P_2. ERA OBRERO","2019-07-21","","39.16666667"
"P_2. ERA OBRERO","2019-07-20","","72.51666667"
"P_2. ERA OBRERO","2019-07-19","","79.425"
"P_2. ERA OBRERO","2019-07-18","","69.31666667"
"P_2. ERA OBRERO","2019-07-17","","69.27083333"
"P_2. ERA OBRERO","2019-07-16","","61.9375"
"P_2. ERA OBRERO","2019-07-15","","35.0625"
"P_2. ERA OBRERO","2019-07-14","","41.60416667"
"P_2. ERA OBRERO","2019-07-13","","74.1"
"P_2. ERA OBRERO","2019-07-12","","51.72083333"
"P_2. ERA OBRERO","2019-07-11","","48.1375"
"P_2. ERA OBRERO","2019-07-10","","49.04166667"
"P_2. ERA OBRERO","2019-07-09","","51.79166667"
"P_2. ERA OBRERO","2019-07-08","","52.45833333"
"P_2. ERA OBRERO","2019-07-07","","47.95"
"P_2. ERA OBRERO","2019-07-06","","52.92916667"
"P_2. ERA OBRERO","2019-07-05","","57.52916667"
"P_2. ERA OBRERO","2019-07-04","","63.52083333"
"P_2. ERA OBRERO","2019-07-03","","64.025"
"P_2. ERA OBRERO","2019-07-02","","58.97083333"
"P_2. ERA OBRERO","2019-07-01","","38.83636364"
"P_2. ERA OBRERO","2019-06-30","","45.63333333"
"P_2. ERA OBRERO","2019-06-29","","58.95416667"
"P_2. ERA OBRERO","2019-06-28","","67.67916667"
"P_2. ERA OBRERO","2019-06-27","","65.575"
"P_2. ERA OBRERO","2019-06-26","","53.57916667"
"P_2. ERA OBRERO","2019-06-25","","44.19166667"
"P_2. ERA OBRERO","2019-06-24","","51.9875"
"P_2. ERA OBRERO","2019-06-23","","60.43333333"
"P_2. ERA OBRERO","2019-06-22","","85.09166667"
"P_2. ERA OBRERO","2019-06-21","","81.03333333"
"P_2. ERA OBRERO","2019-06-20","","91.85833333"
"P_2. ERA OBRERO","2019-06-19","","99.95833333"
"P_2. ERA OBRERO","2019-06-18","","75.7625"
"P_2. ERA OBRERO","2019-06-17","","70.22083333"
"P_2. ERA OBRERO","2019-06-16","","40.83333333"
"P_2. ERA OBRERO","2019-06-15","","55.05416667"
"P_2. ERA OBRERO","2019-06-14","","50.01666667"
"P_2. ERA OBRERO","2019-06-13","","52.5625"
"P_2. ERA OBRERO","2019-06-12","","46.2"
"P_2. ERA OBRERO","2019-06-11","","40.02173913"
"P_2. ERA OBRERO","2019-06-10","","55.34166667"
"P_2. ERA OBRERO","2019-06-09","","50.83333333"
"P_2. ERA OBRERO","2019-06-08","","54.6625"
"P_2. ERA OBRERO","2019-06-07","","32.62916667"
"P_2. ERA OBRERO","2019-06-06","","40.22083333"
"P_2. ERA OBRERO","2019-06-05","","55.48695652"
"P_2. ERA OBRERO","2019-06-04","","53.10416667"
"P_2. ERA OBRERO","2019-06-03","","47.32083333"
"P_2. ERA OBRERO","2019-06-02","","58.5125"
"P_2. ERA OBRERO","2019-06-01","","64.87083333"
"P_2. ERA OBRERO","2019-05-31","","25.88"
"P_2. ERA OBRERO","2019-05-30","","48.44583333"
"P_2. ERA OBRERO","2019-05-29","","48.05"
"P_2. ERA OBRERO","2019-05-28","","37.0125"
"P_2. ERA OBRERO","2019-05-27","","59.25"
"P_2. ERA OBRERO","2019-05-26","","47.29583333"
"P_2. ERA OBRERO","2019-05-25","","29.28333333"
"P_2. ERA OBRERO","2019-05-24","","47.45833333"
"P_2. ERA OBRERO","2019-05-23","","32.125"
"P_2. ERA OBRERO","2019-05-22","","33.85416667"
"P_2. ERA OBRERO","2019-05-21","","53.57916667"
"P_2. ERA OBRERO","2019-05-20","","48.6375"
"P_2. ERA OBRERO","2019-05-19","","21.60416667"
"P_2. ERA OBRERO","2019-05-18","","46.45416667"
"P_2. ERA OBRERO","2019-05-17","","54.37916667"
"P_2. ERA OBRERO","2019-05-16","","47.81666667"
"P_2. ERA OBRERO","2019-05-15","","51.69583333"
"P_2. ERA OBRERO","2019-05-14","","46.10833333"
"P_2. ERA OBRERO","2019-05-13","","60.7375"
"P_2. ERA OBRERO","2019-05-12","","32.87916667"
"P_2. ERA OBRERO","2019-05-11","","47.77083333"
"P_2. ERA OBRERO","2019-05-10","","49.30833333"
"P_2. ERA OBRERO","2019-05-09","","29.55416667"
"P_2. ERA OBRERO","2019-05-08","","49.65"
"P_2. ERA OBRERO","2019-05-07","","53.58333333"
"P_2. ERA OBRERO","2019-05-06","","51.74782609"
"P_2. ERA OBRERO","2019-05-05","","46.97083333"
"P_2. ERA OBRERO","2019-05-04","","55.55"
"P_2. ERA OBRERO","2019-05-03","","67.82916667"
"P_2. ERA OBRERO","2019-05-02","","66.35"
"P_2. ERA OBRERO","2019-05-01","","52.91666667"
"P_2. ERA OBRERO","2019-04-26","","55.44545455"
"P_2. ERA OBRERO","2019-04-25","","64.85833333"
"P_2. ERA OBRERO","2019-04-24","","66.49375"
"P_2. ERA OBRERO","2019-04-23","","43.85"
"P_2. ERA OBRERO","2019-04-22","","32.77083333"
"P_2. ERA OBRERO","2019-04-21","","17.85833333"
"P_2. ERA OBRERO","2019-04-20","","41.32916667"
"P_2. ERA OBRERO","2019-04-19","","29.26666667"
"P_2. ERA OBRERO","2019-04-18","","36.83333333"
"P_2. ERA OBRERO","2019-04-17","","51.3125"
"P_2. ERA OBRERO","2019-04-16","","64.55"
"P_2. ERA OBRERO","2019-04-15","","41.1"
"P_2. ERA OBRERO","2019-04-14","","38.72083333"
"P_2. ERA OBRERO","2019-04-13","","48.075"
"P_2. ERA OBRERO","2019-04-12","","44.4375"
"P_2. ERA OBRERO","2019-04-11","","68.42916667"
"P_2. ERA OBRERO","2019-04-10","","71.66666667"
"P_2. ERA OBRERO","2019-04-09","","43.39166667"
"P_2. ERA OBRERO","2019-04-08","","58.24583333"
"P_2. ERA OBRERO","2019-04-07","","51.15"
"P_2. ERA OBRERO","2019-04-06","","44.89583333"
"P_2. ERA OBRERO","2019-04-05","","38.65416667"
"P_2. ERA OBRERO","2019-04-04","","38.94166667"
"P_2. ERA OBRERO","2019-04-03","","66.1375"
"P_2. ERA OBRERO","2019-04-02","","47.52083333"
"P_2. ERA OBRERO","2019-04-01","","36.18333333"
"P_2. ERA OBRERO","2019-03-31","","48.925"
"P_2. ERA OBRERO","2019-03-30","","66.7875"
"P_2. ERA OBRERO","2019-03-29","","38.0125"
"P_2. ERA OBRERO","2019-03-28","","55.60416667"
"P_2. ERA OBRERO","2019-03-27","","45.26923077"
"P_2. ERA OBRERO","2019-03-14","","37.07777778"
"P_2. ERA OBRERO","2019-03-13","","63.77619048"
"P_2. ERA OBRERO","2019-03-12","","58.64583333"
"P_2. ERA OBRERO","2019-03-11","","47.2"
"P_2. ERA OBRERO","2019-03-10","","49.39166667"
"P_2. ERA OBRERO","2019-03-09","","73.10416667"
"P_2. ERA OBRERO","2019-03-08","","59.80833333"
"P_2. ERA OBRERO","2019-03-07","","68.51666667"
"P_2. ERA OBRERO","2019-03-06","","60.24583333"
"P_2. ERA OBRERO","2019-03-05","","61.06666667"
"P_2. ERA OBRERO","2019-03-04","","54.27083333"
"P_2. ERA OBRERO","2019-03-03","","53.05833333"
"P_2. ERA OBRERO","2019-03-02","","70.20416667"
"P_2. ERA OBRERO","2019-03-01","","51.7"
"P_2. ERA OBRERO","2019-02-28","","44.50833333"
"P_2. ERA OBRERO","2019-02-27","","37.35"
"P_2. ERA OBRERO","2019-02-26","","48.2875"
"P_2. ERA OBRERO","2019-02-25","","50.52380952"
"P_2. ERA OBRERO","2019-02-24","","66.93"
"P_2. ERA OBRERO","2019-02-22","","64.83333333"
"P_2. ERA OBRERO","2019-02-21","","63.125"
"P_2. ERA OBRERO","2019-02-20","","57.97916667"
"P_2. ERA OBRERO","2019-02-19","","55.87083333"
"P_2. ERA OBRERO","2019-02-18","","31.85833333"
"P_2. ERA OBRERO","2019-02-17","","25.09583333"
"P_2. ERA OBRERO","2019-02-16","","59.94166667"
"P_2. ERA OBRERO","2019-02-15","","63.79166667"
"P_2. ERA OBRERO","2019-02-14","","57.59130435"
"P_2. ERA OBRERO","2019-02-13","","61.52173913"
"P_2. ERA OBRERO","2019-02-12","","52.975"
"P_2. ERA OBRERO","2019-02-11","","48.47083333"
"P_2. ERA OBRERO","2019-02-10","","30.24583333"
"P_2. ERA OBRERO","2019-02-09","","54.7875"
"P_2. ERA OBRERO","2019-02-08","","44.1625"
"P_2. ERA OBRERO","2019-02-07","","43.99285714"
"P_2. ERA OBRERO","2018-12-31","","65.17333333"
"P_2. ERA OBRERO","2018-12-30","","66.55"
"P_2. ERA OBRERO","2018-12-29","","72.20416667"
"P_2. ERA OBRERO","2018-12-28","","79.2875"
"P_2. ERA OBRERO","2018-12-27","","77.1"
"P_2. ERA OBRERO","2018-12-26","","65.4625"
"P_2. ERA OBRERO","2018-12-25","","56.20833333"
"P_2. ERA OBRERO","2018-12-24","","64.41666667"
"P_2. ERA OBRERO","2018-12-23","","63.44583333"
"P_2. ERA OBRERO","2018-12-22","","71.84166667"
"P_2. ERA OBRERO","2018-12-21","","48.94166667"
"P_2. ERA OBRERO","2018-12-20","","49.725"
"P_2. ERA OBRERO","2018-12-19","","64.80416667"
"P_2. ERA OBRERO","2018-12-18","","55.925"
"P_2. ERA OBRERO","2018-12-17","","57.49166667"
"P_2. ERA OBRERO","2018-12-16","","57.7"
"P_2. ERA OBRERO","2018-12-15","","76.14166667"
"P_2. ERA OBRERO","2018-12-14","","58.76666667"
"P_2. ERA OBRERO","2018-12-13","","58.3"
"P_2. ERA OBRERO","2018-12-12","","84.92083333"
"P_2. ERA OBRERO","2018-12-11","","72.2625"
"P_2. ERA OBRERO","2018-12-10","","66.35"
"P_2. ERA OBRERO","2018-12-09","","52.49166667"
"P_2. ERA OBRERO","2018-12-08","","58.175"
"P_2. ERA OBRERO","2018-12-07","","38.4875"
"P_2. ERA OBRERO","2018-12-06","","32.6875"
"P_2. ERA OBRERO","2018-12-05","","34.39583333"
"P_2. ERA OBRERO","2018-12-04","","34.56666667"
"P_2. ERA OBRERO","2018-12-03","","46.925"
"P_2. ERA OBRERO","2018-12-02","","32.55416667"
"P_2. ERA OBRERO","2018-12-01","","32.70833333"
"P_2. ERA OBRERO","2018-11-30","","45.8"
"P_2. ERA OBRERO","2018-11-28","","54.28333333"
"P_2. ERA OBRERO","2018-11-27","","28.8173913"
"P_2. ERA OBRERO","2018-11-26","","38.70416667"
"P_2. ERA OBRERO","2018-11-25","","34.37916667"
"P_2. ERA OBRERO","2018-11-24","","43.74583333"
"P_2. ERA OBRERO","2018-11-23","","42.60833333"
"P_2. ERA OBRERO","2018-11-22","","46.52916667"
"P_2. ERA OBRERO","2018-11-21","","35.06666667"
"P_2. ERA OBRERO","2018-11-20","","48.225"
"P_2. ERA OBRERO","2018-11-19","","23.86666667"
"P_2. ERA OBRERO","2018-11-18","","44.51666667"
"P_2. ERA OBRERO","2018-11-17","","56.77916667"
"P_2. ERA OBRERO","2018-11-16","","59.69583333"
"P_2. ERA OBRERO","2018-11-15","","60.47916667"
"P_2. ERA OBRERO","2018-11-14","","44.05833333"
"P_2. ERA OBRERO","2018-11-13","","60.01666667"
"P_2. ERA OBRERO","2018-11-12","","36.14583333"
"P_2. ERA OBRERO","2018-11-11","","33.60416667"
"P_2. ERA OBRERO","2018-11-10","","53.91666667"
"P_2. ERA OBRERO","2018-11-09","","50.69583333"
"P_2. ERA OBRERO","2018-11-08","","48.48333333"
"P_2. ERA OBRERO","2018-11-07","","48.27916667"
"P_2. ERA OBRERO","2018-11-06","","50.15"
"P_2. ERA OBRERO","2018-11-05","","25.51666667"
"P_2. ERA OBRERO","2018-11-04","","30.875"
"P_2. ERA OBRERO","2018-11-03","","43.8125"
"P_2. ERA OBRERO","2018-11-02","","37.36521739"
"P_2. ERA OBRERO","2018-11-01","","50.67826087"
"P_2. ERA OBRERO","2018-10-31","","34.15833333"
"P_2. ERA OBRERO","2018-10-30","","51.62083333"
"P_2. ERA OBRERO","2018-10-29","","56.675"
"P_2. ERA OBRERO","2018-10-28","","34.65833333"
"P_2. ERA OBRERO","2018-10-27","","38.3826087"
"P_2. ERA OBRERO","2018-10-26","","38.63333333"
"P_2. ERA OBRERO","2018-10-25","","53.75416667"
"P_2. ERA OBRERO","2018-10-24","","48.7"
"P_2. ERA OBRERO","2018-10-23","","40.49166667"
"P_2. ERA OBRERO","2018-10-22","","33.35833333"
"P_2. ERA OBRERO","2018-10-21","","32.8875"
"P_2. ERA OBRERO","2018-10-20","","43.1375"
"P_2. ERA OBRERO","2018-10-19","","44.33333333"
"P_2. ERA OBRERO","2018-10-18","","45.97916667"
"P_2. ERA OBRERO","2018-10-17","","49.5125"
"P_2. ERA OBRERO","2018-10-16","","51.4625"
"P_2. ERA OBRERO","2018-10-15","","45.62083333"
"P_2. ERA OBRERO","2018-10-14","","43.75"
"P_2. ERA OBRERO","2018-10-13","","47.47083333"
"P_2. ERA OBRERO","2018-10-12","","45.3875"
"P_2. ERA OBRERO","2018-10-11","","38.25416667"
"P_2. ERA OBRERO","2018-10-10","","30.06956522"
"P_2. ERA OBRERO","2018-10-09","","55.39166667"
"P_2. ERA OBRERO","2018-10-08","","58.2"
"P_2. ERA OBRERO","2018-10-07","","52.9"
"P_2. ERA OBRERO","2018-10-06","","50.64166667"
"P_2. ERA OBRERO","2018-10-05","","30.71666667"
"P_2. ERA OBRERO","2018-10-04","","26.80416667"
"P_2. ERA OBRERO","2018-10-03","","43.15416667"
"P_2. ERA OBRERO","2018-10-02","","48.59583333"
"P_2. ERA OBRERO","2018-10-01","","42.02727273"
"P_2. ERA OBRERO","2018-09-30","","43.86956522"
"P_2. ERA OBRERO","2018-09-29","","52.89583333"
"P_2. ERA OBRERO","2018-09-28","","49.2375"
"P_2. ERA OBRERO","2018-09-27","","41.40416667"
"P_2. ERA OBRERO","2018-09-26","","59.27083333"
"P_2. ERA OBRERO","2018-09-25","","73.08333333"
"P_2. ERA OBRERO","2018-09-24","","53.37083333"
"P_2. ERA OBRERO","2018-09-23","","47.4"
"P_2. ERA OBRERO","2018-09-22","","52.90416667"
"P_2. ERA OBRERO","2018-09-21","","54.94166667"
"P_2. ERA OBRERO","2018-09-20","","70.75416667"
"P_2. ERA OBRERO","2018-09-19","","61.55416667"
"P_2. ERA OBRERO","2018-09-18","","60.8625"
"P_2. ERA OBRERO","2018-09-17","","57.35"
"P_2. ERA OBRERO","2018-09-16","","37.525"
"P_2. ERA OBRERO","2018-09-15","","41.90833333"
"P_2. ERA OBRERO","2018-09-14","","30.39166667"
"P_2. ERA OBRERO","2018-09-13","","42.9375"
"P_2. ERA OBRERO","2018-09-12","","60.90416667"
"P_2. ERA OBRERO","2018-09-11","","72.28333333"
"P_2. ERA OBRERO","2018-09-10","","59.4875"
"P_2. ERA OBRERO","2018-09-09","","48.79166667"
"P_2. ERA OBRERO","2018-09-08","","58.7375"
"P_2. ERA OBRERO","2018-09-07","","43.75833333"
"P_2. ERA OBRERO","2018-09-06","","49.7625"
"P_2. ERA OBRERO","2018-09-05","","38.99166667"
"P_2. ERA OBRERO","2018-09-04","","56.525"
"P_2. ERA OBRERO","2018-09-03","","41.47391304"
"P_2. ERA OBRERO","2018-09-02","","43.7"
"P_2. ERA OBRERO","2018-09-01","","46.09166667"
"P_2. ERA OBRERO","2018-08-31","","54.01666667"
"P_2. ERA OBRERO","2018-08-30","","53.01666667"
"P_2. ERA OBRERO","2018-08-29","","55.7375"
"P_2. ERA OBRERO","2018-08-28","","56.125"
"P_2. ERA OBRERO","2018-08-27","","46.38333333"
"P_2. ERA OBRERO","2018-08-26","","44.12083333"
"P_2. ERA OBRERO","2018-08-25","","46.19166667"
"P_2. ERA OBRERO","2018-08-24","","60.55833333"
"P_2. ERA OBRERO","2018-08-23","","53.37083333"
"P_2. ERA OBRERO","2018-08-22","","56.62916667"
"P_2. ERA OBRERO","2018-08-21","","43.775"
"P_2. ERA OBRERO","2018-08-20","","46.74166667"
"P_2. ERA OBRERO","2018-08-19","","51.99166667"
"P_2. ERA OBRERO","2018-08-18","","59.53333333"
"P_2. ERA OBRERO","2018-08-17","","68.30416667"
"P_2. ERA OBRERO","2018-08-16","","66.55416667"
"P_2. ERA OBRERO","2018-08-15","","53.41666667"
"P_2. ERA OBRERO","2018-08-14","","48.6375"
"P_2. ERA OBRERO","2018-08-13","","51.69166667"
"P_2. ERA OBRERO","2018-08-12","","50.67083333"
"P_2. ERA OBRERO","2018-08-11","","68.61304348"
"P_2. ERA OBRERO","2018-08-10","","58.47916667"
"P_2. ERA OBRERO","2018-08-09","","56.50833333"
"P_2. ERA OBRERO","2018-08-08","","53.90833333"
"P_2. ERA OBRERO","2018-08-07","","41.4875"
"P_2. ERA OBRERO","2018-08-06","","53.22083333"
"P_2. ERA OBRERO","2018-08-05","","27.30833333"
"P_2. ERA OBRERO","2018-08-04","","33.04583333"
"P_2. ERA OBRERO","2018-08-03","","49.17916667"
"P_2. ERA OBRERO","2018-08-02","","50.0"
"P_2. ERA OBRERO","2018-08-01","","46.59583333"
"P_2. ERA OBRERO","2018-07-31","","34.76086957"
"P_2. ERA OBRERO","2018-07-30","","37.71666667"
"P_2. ERA OBRERO","2018-07-29","","33.32916667"
"P_2. ERA OBRERO","2018-07-28","","43.37083333"
"P_2. ERA OBRERO","2018-07-27","","71.48695652"
"P_2. ERA OBRERO","2018-07-26","","48.925"
"P_2. ERA OBRERO","2018-07-25","","46.03333333"
"P_2. ERA OBRERO","2018-07-24","","43.53333333"
"P_2. ERA OBRERO","2018-07-23","","44.73333333"
"P_2. ERA OBRERO","2018-07-22","","36.20833333"
"P_2. ERA OBRERO","2018-07-21","","37.375"
"P_2. ERA OBRERO","2018-07-20","","37.78333333"
"P_2. ERA OBRERO","2018-07-19","","46.2125"
"P_2. ERA OBRERO","2018-07-18","","46.04583333"
"P_2. ERA OBRERO","2018-07-17","","47.72916667"
"P_2. ERA OBRERO","2018-07-16","","40.53333333"
"P_2. ERA OBRERO","2018-07-15","","32.87916667"
"P_2. ERA OBRERO","2018-07-14","","46.14583333"
"P_2. ERA OBRERO","2018-07-13","","53.95416667"
"P_2. ERA OBRERO","2018-07-12","","55.97083333"
"P_2. ERA OBRERO","2018-07-11","","40.45833333"
"P_2. ERA OBRERO","2018-07-10","","47.32916667"
"P_2. ERA OBRERO","2018-07-09","","48.2125"
"P_2. ERA OBRERO","2018-07-08","","44.13333333"
"P_2. ERA OBRERO","2018-07-07","","54.50416667"
"P_2. ERA OBRERO","2018-07-06","","55.77916667"
"P_2. ERA OBRERO","2018-07-05","","60.25833333"
"P_2. ERA OBRERO","2018-07-04","","56.44583333"
"P_2. ERA OBRERO","2018-07-03","","37.27083333"
"P_2. ERA OBRERO","2018-07-02","","31.7875"
"P_2. ERA OBRERO","2018-07-01","","35.4125"
"P_2. ERA OBRERO","2018-06-30","","37.025"
"P_2. ERA OBRERO","2018-06-29","","35.13913043"
"P_2. ERA OBRERO","2018-06-28","","30.99583333"
"P_2. ERA OBRERO","2018-06-27","","45.1875"
"P_2. ERA OBRERO","2018-06-26","","65.82083333"
"P_2. ERA OBRERO","2018-06-25","","54.10833333"
"P_2. ERA OBRERO","2018-06-24","","44.0375"
"P_2. ERA OBRERO","2018-06-23","","49.12916667"
"P_2. ERA OBRERO","2018-06-22","","80.08333333"
"P_2. ERA OBRERO","2018-06-21","","55.93478261"
"P_2. ERA OBRERO","2018-06-20","","53.69583333"
"P_2. ERA OBRERO","2018-06-19","","50.61304348"
"P_2. ERA OBRERO","2018-06-18","","65.7375"
"P_2. ERA OBRERO","2018-06-17","","52.51666667"
"P_2. ERA OBRERO","2018-06-16","","52.15"
"P_2. ERA OBRERO","2018-06-15","","56.6375"
"P_2. ERA OBRERO","2018-06-14","","50.125"
"P_2. ERA OBRERO","2018-06-13","","55.35416667"
"P_2. ERA OBRERO","2018-06-12","","46.09166667"
"P_2. ERA OBRERO","2018-06-11","","33.42916667"
"P_2. ERA OBRERO","2018-06-10","","41.86086957"
"P_2. ERA OBRERO","2018-06-09","","64.0"
"P_2. ERA OBRERO","2018-06-08","","62.25"
"P_2. ERA OBRERO","2018-06-07","","45.15833333"
"P_2. ERA OBRERO","2018-06-06","","46.04583333"
"P_2. ERA OBRERO","2018-06-05","","52.25"
"P_2. ERA OBRERO","2018-06-04","","49.7875"
"P_2. ERA OBRERO","2018-06-03","","41.71666667"
"P_2. ERA OBRERO","2018-06-02","","58.4375"
"P_2. ERA OBRERO","2018-06-01","","48.52173913"
"P_2. ERA OBRERO","2018-05-31","","63.7"
"P_2. ERA OBRERO","2018-05-30","","35.95416667"
"P_2. ERA OBRERO","2018-05-29","","60.4"
"P_2. ERA OBRERO","2018-05-28","","32.22916667"
"P_2. ERA OBRERO","2018-05-27","","29.95416667"
"P_2. ERA OBRERO","2018-05-26","","52.8375"
"P_2. ERA OBRERO","2018-05-25","","55.47083333"
"P_2. ERA OBRERO","2018-05-24","","57.70833333"
"P_2. ERA OBRERO","2018-05-23","","55.4125"
"P_2. ERA OBRERO","2018-05-22","","78.11538462"
"P_2. ERA OBRERO","2018-05-21","","50.1"
"P_2. ERA OBRERO","2018-05-20","","34.81666667"
"P_2. ERA OBRERO","2018-05-19","","60.95416667"
"P_2. ERA OBRERO","2018-05-18","","46.76666667"
"P_2. ERA OBRERO","2018-05-17","","60.83333333"
"P_2. ERA OBRERO","2018-05-16","","73.425"
"P_2. ERA OBRERO","2018-05-09","","42.6"
"P_2. ERA OBRERO","2018-05-08","","56.9625"
"P_2. ERA OBRERO","2018-05-07","","39.88333333"
"P_2. ERA OBRERO","2018-05-06","","36.3"
"P_2. ERA OBRERO","2018-05-05","","42.39166667"
"P_2. ERA OBRERO","2018-05-04","","65.50833333"
"P_2. ERA OBRERO","2018-05-03","","57.15416667"
"P_2. ERA OBRERO","2018-05-02","","55.575"
"P_2. ERA OBRERO","2018-05-01","","47.3375"
"P_2. ERA OBRERO","2018-04-30","","65.97916667"
"P_2. ERA OBRERO","2018-04-29","","48.3125"
"P_2. ERA OBRERO","2018-04-28","","60.10833333"
"P_2. ERA OBRERO","2018-04-27","","60.66666667"
"P_2. ERA OBRERO","2018-04-26","","60.95416667"
"P_2. ERA OBRERO","2018-04-25","","60.64166667"
"P_2. ERA OBRERO","2018-04-24","","58.42083333"
"P_2. ERA OBRERO","2018-04-23","","52.075"
"P_2. ERA OBRERO","2018-04-22","","51.97916667"
"P_2. ERA OBRERO","2018-04-21","","68.2"
"P_2. ERA OBRERO","2018-04-20","","63.39166667"
"P_2. ERA OBRERO","2018-04-19","","75.78333333"
"P_2. ERA OBRERO","2018-04-18","","66.15833333"
"P_2. ERA OBRERO","2018-04-17","","68.25"
"P_2. ERA OBRERO","2018-04-16","","50.04166667"
"P_2. ERA OBRERO","2018-04-15","","48.72083333"
"P_2. ERA OBRERO","2018-04-14","","46.02916667"
"P_2. ERA OBRERO","2018-04-13","","57.70833333"
"P_2. ERA OBRERO","2018-04-12","","59.6"
"P_2. ERA OBRERO","2018-04-11","","45.39583333"
"P_2. ERA OBRERO","2018-04-10","","46.54583333"
"P_2. ERA OBRERO","2018-04-09","","48.19166667"
"P_2. ERA OBRERO","2018-04-08","","38.66666667"
"P_2. ERA OBRERO","2018-04-07","","56.09583333"
"P_2. ERA OBRERO","2018-04-06","","34.37916667"
"P_2. ERA OBRERO","2018-04-05","","54.48333333"
"P_2. ERA OBRERO","2018-04-04","","45.5625"
"P_2. ERA OBRERO","2018-04-03","","51.23333333"
"P_2. ERA OBRERO","2018-04-02","","36.50416667"
"P_2. ERA OBRERO","2018-04-01","","32.60869565"
"P_2. ERA OBRERO","2018-03-31","","22.21666667"
"P_2. ERA OBRERO","2018-03-30","","40.1875"
"P_2. ERA OBRERO","2018-03-29","","47.17083333"
"P_2. ERA OBRERO","2018-03-28","","57.76666667"
"P_2. ERA OBRERO","2018-03-27","","53.0"
"P_2. ERA OBRERO","2018-03-26","","47.7"
"P_2. ERA OBRERO","2018-03-25","","57.65416667"
"P_2. ERA OBRERO","2018-03-24","","57.925"
"P_2. ERA OBRERO","2018-03-23","","64.61666667"
"P_2. ERA OBRERO","2018-03-22","","46.075"
"P_2. ERA OBRERO","2018-03-21","","67.81666667"
"P_2. ERA OBRERO","2018-03-20","","47.7"
"P_2. ERA OBRERO","2018-03-19","","44.30416667"
"P_2. ERA OBRERO","2018-03-18","","47.66666667"
"P_2. ERA OBRERO","2018-03-17","","65.91666667"
"P_2. ERA OBRERO","2018-03-16","","78.94166667"
"P_2. ERA OBRERO","2018-03-15","","62.3875"
"P_2. ERA OBRERO","2018-03-14","","57.5875"
"P_2. ERA OBRERO","2018-03-13","","56.96666667"
"P_2. ERA OBRERO","2018-03-12","","60.775"
"P_2. ERA OBRERO","2018-03-11","","58.15"
"P_2. ERA OBRERO","2018-03-10","","65.1125"
"P_2. ERA OBRERO","2018-03-09","","62.79583333"
"P_2. ERA OBRERO","2018-03-08","","60.59166667"
"P_2. ERA OBRERO","2018-03-07","","64.74583333"
"P_2. ERA OBRERO","2018-03-06","","56.40416667"
"P_2. ERA OBRERO","2018-03-05","","52.81666667"
"P_2. ERA OBRERO","2018-03-04","","42.925"
"P_2. ERA OBRERO","2018-03-03","","63.25833333"
"P_2. ERA OBRERO","2018-03-02","","50.39166667"
"P_2. ERA OBRERO","2018-03-01","","56.94583333"
"P_2. ERA OBRERO","2018-02-28","","68.0625"
"P_2. ERA OBRERO","2018-02-27","","53.82727273"
"P_2. ERA OBRERO","2018-02-26","","41.1"
"P_2. ERA OBRERO","2018-02-25","","25.06666667"
"P_2. ERA OBRERO","2018-02-24","","26.76666667"
"P_2. ERA OBRERO","2018-02-23","","38.91666667"
"P_2. ERA OBRERO","2018-02-22","","42.29583333"
"P_2. ERA OBRERO","2018-02-21","","35.90833333"
"P_2. ERA OBRERO","2018-02-20","","40.33333333"
"P_2. ERA OBRERO","2018-02-19","","33.27916667"
"P_2. ERA OBRERO","2018-02-18","","28.69166667"
"P_2. ERA OBRERO","2018-02-17","","54.45"
"P_2. ERA OBRERO","2018-02-16","","35.9375"
"P_2. ERA OBRERO","2018-02-15","","41.01304348"
"P_2. ERA OBRERO","2018-02-14","","55.5375"
"P_2. ERA OBRERO","2018-02-13","","59.14166667"
"P_2. ERA OBRERO","2018-02-12","","48.07916667"
"P_2. ERA OBRERO","2018-02-11","","20.05833333"
"P_2. ERA OBRERO","2018-02-10","","44.375"
"P_2. ERA OBRERO","2018-02-09","","37.98333333"
"P_2. ERA OBRERO","2018-02-08","","40.63333333"
"P_2. ERA OBRERO","2018-02-07","","50.30833333"
"P_2. ERA OBRERO","2018-02-06","","45.69166667"
"P_2. ERA OBRERO","2018-02-05","","39.89583333"
"P_2. ERA OBRERO","2018-02-04","","41.04583333"
"P_2. ERA OBRERO","2018-02-03","","56.45"
"P_2. ERA OBRERO","2018-02-02","","42.8875"
"P_2. ERA OBRERO","2018-02-01","","57.99583333"
"P_2. ERA OBRERO","2018-01-31","","58.7375"
"P_2. ERA OBRERO","2018-01-30","","60.73333333"
"P_2. ERA OBRERO","2018-01-29","","55.775"
"P_2. ERA OBRERO","2018-01-28","","66.85416667"
"P_2. ERA OBRERO","2018-01-27","","72.64583333"
"P_2. ERA OBRERO","2018-01-26","","77.15416667"
"P_2. ERA OBRERO","2018-01-25","","62.03333333"
"P_2. ERA OBRERO","2018-01-24","","59.925"
"P_2. ERA OBRERO","2018-01-23","","46.29583333"
"P_2. ERA OBRERO","2018-01-22","","49.84166667"
"P_2. ERA OBRERO","2018-01-21","","41.57083333"
"P_2. ERA OBRERO","2018-01-20","","65.76666667"
"P_2. ERA OBRERO","2018-01-19","","52.09166667"
"P_2. ERA OBRERO","2018-01-18","","49.52916667"
"P_2. ERA OBRERO","2018-01-17","","60.78333333"
"P_2. ERA OBRERO","2018-01-16","","43.19583333"
"P_2. ERA OBRERO","2018-01-15","","55.4875"
"P_2. ERA OBRERO","2018-01-14","","36.86956522"
"P_2. ERA OBRERO","2018-01-13","","46.86666667"
"P_2. ERA OBRERO","2018-01-12","","62.59166667"
"P_2. ERA OBRERO","2018-01-11","","63.275"
"P_2. ERA OBRERO","2018-01-10","","38.59583333"
"P_2. ERA OBRERO","2018-01-09","","33.53125"
"P_2. ERA OBRERO","2018-01-08","","29.07333333"
"P_2. ERA OBRERO","2018-01-07","","31.64166667"
"P_2. ERA OBRERO","2018-01-06","","52.97083333"
"P_2. ERA OBRERO","2018-01-05","","34.9"
"P_2. ERA OBRERO","2018-01-04","","36.93333333"
"P_2. ERA OBRERO","2018-01-03","","40.97083333"
"P_2. ERA OBRERO","2018-01-02","","29.89166667"
"P_2. ERA OBRERO","2018-01-01","","45.27083333"
"P_2. ERA OBRERO","2017-12-31","","28.3375"
"P_2. ERA OBRERO","2017-12-30","","40.0826087"
"P_2. ERA OBRERO","2017-12-29","","36.81666667"
"P_2. ERA OBRERO","2017-12-28","","30.2375"
"P_2. ERA OBRERO","2017-12-27","","43.0625"
"P_2. ERA OBRERO","2017-12-26","","29.0625"
"P_2. ERA OBRERO","2017-12-25","","25.76086957"
"P_2. ERA OBRERO","2017-12-24","","37.52083333"
"P_2. ERA OBRERO","2017-12-23","","47.1625"
"P_2. ERA OBRERO","2017-12-22","","48.6"
"P_2. ERA OBRERO","2017-12-21","","47.75833333"
"P_2. ERA OBRERO","2017-12-20","","47.6125"
"P_2. ERA OBRERO","2017-12-19","","43.775"
"P_2. ERA OBRERO","2017-12-18","","46.0125"
"P_2. ERA OBRERO","2017-12-17","","44.40833333"
"P_2. ERA OBRERO","2017-12-16","","58.43333333"
"P_2. ERA OBRERO","2017-12-15","","62.94166667"
"P_2. ERA OBRERO","2017-12-14","","54.525"
"P_2. ERA OBRERO","2017-12-13","","54.325"
"P_2. ERA OBRERO","2017-12-12","","40.1875"
"P_2. ERA OBRERO","2017-12-11","","37.74166667"
"P_2. ERA OBRERO","2017-12-10","","25.18333333"
"P_2. ERA OBRERO","2017-12-09","","34.49583333"
"P_2. ERA OBRERO","2017-12-08","","36.5375"
"P_2. ERA OBRERO","2017-12-07","","49.38333333"
"P_2. ERA OBRERO","2017-12-06","","57.72272727"
"P_2. ERA OBRERO","2017-12-05","","50.14583333"
"P_2. ERA OBRERO","2017-12-04","","41.025"
"P_2. ERA OBRERO","2017-12-03","","32.92916667"
"P_2. ERA OBRERO","2017-12-02","","29.03333333"
"P_2. ERA OBRERO","2017-12-01","","34.9375"
"P_2. ERA OBRERO","2017-11-30","","39.90416667"
"P_2. ERA OBRERO","2017-11-29","","42.35833333"
"P_2. ERA OBRERO","2017-11-28","","38.69583333"
"P_2. ERA OBRERO","2017-11-27","","41.0875"
"P_2. ERA OBRERO","2017-11-26","","37.42916667"
"P_2. ERA OBRERO","2017-11-25","","58.2875"
"P_2. ERA OBRERO","2017-11-24","","52.92916667"
"P_2. ERA OBRERO","2017-11-23","","38.16666667"
"P_2. ERA OBRERO","2017-11-22","","43.83333333"
"P_2. ERA OBRERO","2017-11-21","","32.3625"
"P_2. ERA OBRERO","2017-11-20","","42.26666667"
"P_2. ERA OBRERO","2017-11-19","","21.875"
"P_2. ERA OBRERO","2017-11-18","","49.90416667"
"P_2. ERA OBRERO","2017-11-17","","41.2"
"P_2. ERA OBRERO","2017-11-16","","33.07916667"
"P_2. ERA OBRERO","2017-11-15","","41.74583333"
"P_2. ERA OBRERO","2017-11-14","","25.85833333"
"P_2. ERA OBRERO","2017-11-13","","36.2625"
"P_2. ERA OBRERO","2017-11-12","","31.4625"
"P_2. ERA OBRERO","2017-11-11","","42.275"
"P_2. ERA OBRERO","2017-11-10","","35.00833333"
"P_2. ERA OBRERO","2017-11-09","","31.69583333"
"P_2. ERA OBRERO","2017-11-08","","31.37083333"
"P_2. ERA OBRERO","2017-11-07","","40.29583333"
"P_2. ERA OBRERO","2017-11-06","","26.99166667"
"P_2. ERA OBRERO","2017-11-05","","28.87916667"
"P_2. ERA OBRERO","2017-11-04","","25.43333333"
"P_2. ERA OBRERO","2017-11-03","","40.84166667"
"P_2. ERA OBRERO","2017-11-02","","31.53333333"
"P_2. ERA OBRERO","2017-11-01","","54.8"
"P_2. ERA OBRERO","2017-10-31","","49.89166667"
"P_2. ERA OBRERO","2017-10-30","","52.35416667"
"P_2. ERA OBRERO","2017-10-29","","52.03333333"
"P_2. ERA OBRERO","2017-10-28","","40.70416667"
"P_2. ERA OBRERO","2017-10-27","","43.09583333"
"P_2. ERA OBRERO","2017-10-26","","45.75833333"
"P_2. ERA OBRERO","2017-10-25","","64.96666667"
"P_2. ERA OBRERO","2017-10-24","","44.00416667"
"P_2. ERA OBRERO","2017-10-23","","40.3375"
"P_2. ERA OBRERO","2017-10-22","","36.64347826"
"P_2. ERA OBRERO","2017-10-21","","45.55416667"
"P_2. ERA OBRERO","2017-10-20","","40.68333333"
"P_2. ERA OBRERO","2017-10-19","","39.875"
"P_2. ERA OBRERO","2017-10-18","","53.3375"
"P_2. ERA OBRERO","2017-10-17","","46.15833333"
"P_2. ERA OBRERO","2017-10-16","","39.9"
"P_2. ERA OBRERO","2017-10-15","","47.325"
"P_2. ERA OBRERO","2017-10-14","","46.60833333"
"P_2. ERA OBRERO","2017-10-13","","49.44166667"
"P_2. ERA OBRERO","2017-10-12","","41.84583333"
"P_2. ERA OBRERO","2017-10-11","","54.2375"
"P_2. ERA OBRERO","2017-10-10","","54.025"
"P_2. ERA OBRERO","2017-10-09","","50.20416667"
"P_2. ERA OBRERO","2017-10-08","","43.89166667"
"P_2. ERA OBRERO","2017-10-07","","45.8625"
"P_2. ERA OBRERO","2017-10-06","","40.05"
"P_2. ERA OBRERO","2017-10-05","","40.1375"
"P_2. ERA OBRERO","2017-10-04","","29.84583333"
"P_2. ERA OBRERO","2017-10-03","","32.62083333"
"P_2. ERA OBRERO","2017-10-02","","41.225"
"P_2. ERA OBRERO","2017-10-01","","40.27083333"
"P_2. ERA OBRERO","2017-09-30","","43.64583333"
"P_2. ERA OBRERO","2017-09-29","","44.61666667"
"P_2. ERA OBRERO","2017-09-28","","33.4625"
"P_2. ERA OBRERO","2017-09-27","","37.77916667"
"P_2. ERA OBRERO","2017-09-26","","43.05"
"P_2. ERA OBRERO","2017-09-25","","34.075"
"P_2. ERA OBRERO","2017-09-24","","24.22083333"
"P_2. ERA OBRERO","2017-09-23","","42.80416667"
"P_2. ERA OBRERO","2017-09-22","","45.52608696"
"P_2. ERA OBRERO","2017-09-21","","38.89166667"
"P_2. ERA OBRERO","2017-09-20","","48.00833333"
"P_2. ERA OBRERO","2017-09-19","","35.41666667"
"P_2. ERA OBRERO","2017-09-18","","45.05652174"
"P_2. ERA OBRERO","2017-09-17","","50.54090909"
"P_2. ERA OBRERO","2017-09-16","","36.28333333"
"P_2. ERA OBRERO","2017-09-11","","43.60909091"
"P_2. ERA OBRERO","2017-09-10","","39.73333333"
"P_2. ERA OBRERO","2017-09-09","","45.33478261"
"P_2. ERA OBRERO","2017-09-08","","48.7625"
"P_2. ERA OBRERO","2017-09-07","","41.78636364"
"P_2. ERA OBRERO","2017-09-06","","42.5375"
"P_2. ERA OBRERO","2017-09-05","","56.04166667"
"P_2. ERA OBRERO","2017-09-04","","74.02173913"
"P_2. ERA OBRERO","2017-09-03","","60.3875"
"P_2. ERA OBRERO","2017-09-02","","72.45833333"
"P_2. ERA OBRERO","2017-09-01","","57.6375"
"P_2. ERA OBRERO","2017-08-31","","52.225"
"P_2. ERA OBRERO","2017-08-30","","41.65416667"
"P_2. ERA OBRERO","2017-08-29","","41.80833333"
"P_2. ERA OBRERO","2017-08-28","","39.55"
"P_2. ERA OBRERO","2017-08-27","","35.59166667"
"P_2. ERA OBRERO","2017-08-26","","43.51666667"
"P_2. ERA OBRERO","2017-08-25","","49.4375"
"P_2. ERA OBRERO","2017-08-24","","46.1625"
"P_2. ERA OBRERO","2017-08-23","","50.98333333"
"P_2. ERA OBRERO","2017-08-22","","49.85416667"
"P_2. ERA OBRERO","2017-08-21","","39.20833333"
"P_2. ERA OBRERO","2017-08-20","","30.50833333"
"P_2. ERA OBRERO","2017-08-19","","39.675"
"P_2. ERA OBRERO","2017-08-18","","28.90833333"
"P_2. ERA OBRERO","2017-08-17","","47.29166667"
"P_2. ERA OBRERO","2017-08-16","","47.87083333"
"P_2. ERA OBRERO","2017-08-15","","52.3625"
"P_2. ERA OBRERO","2017-08-14","","40.05833333"
"P_2. ERA OBRERO","2017-08-13","","33.60416667"
"P_2. ERA OBRERO","2017-08-12","","50.81666667"
"P_2. ERA OBRERO","2017-08-11","","41.6875"
"P_2. ERA OBRERO","2017-08-10","","52.32916667"
"P_2. ERA OBRERO","2017-08-09","","52.5375"
"P_2. ERA OBRERO","2017-08-08","","44.24583333"
"P_2. ERA OBRERO","2017-08-07","","54.38333333"
"P_2. ERA OBRERO","2017-08-06","","43.30833333"
"P_2. ERA OBRERO","2017-08-05","","52.675"
"P_2. ERA OBRERO","2017-08-04","","48.30416667"
"P_2. ERA OBRERO","2017-08-03","","61.19166667"
"P_2. ERA OBRERO","2017-08-02","","55.7375"
"P_2. ERA OBRERO","2017-08-01","","52.90416667"
"P_2. ERA OBRERO","2017-07-31","","41.425"
"P_2. ERA OBRERO","2017-07-30","","49.73333333"
"P_2. ERA OBRERO","2017-07-29","","57.02083333"
"P_2. ERA OBRERO","2017-07-28","","42.67916667"
"P_2. ERA OBRERO","2017-07-27","","47.20833333"
"P_2. ERA OBRERO","2017-07-26","","47.30416667"
"P_2. ERA OBRERO","2017-07-25","","49.66666667"
"P_2. ERA OBRERO","2017-07-24","","46.82916667"
"P_2. ERA OBRERO","2017-07-23","","32.55"
"P_2. ERA OBRERO","2017-07-22","","54.8625"
"P_2. ERA OBRERO","2017-07-21","","44.5"
"P_2. ERA OBRERO","2017-07-19","","24.04285714"
"P_2. ERA OBRERO","2017-07-18","","48.275"
"P_2. ERA OBRERO","2017-07-17","","46.0875"
"P_2. ERA OBRERO","2017-07-16","","28.12083333"
"P_2. ERA OBRERO","2017-07-15","","46.70416667"
"P_2. ERA OBRERO","2017-07-14","","41.125"
"P_2. ERA OBRERO","2017-07-13","","56.64090909"
"P_2. ERA OBRERO","2017-07-12","","49.375"
"P_2. ERA OBRERO","2017-07-11","","57.01666667"
"P_2. ERA OBRERO","2017-07-10","","45.825"
"P_2. ERA OBRERO","2017-07-09","","52.95833333"
"P_2. ERA OBRERO","2017-07-08","","49.3"
"P_2. ERA OBRERO","2017-07-07","","55.45833333"
"P_2. ERA OBRERO","2017-07-06","","59.275"
"P_2. ERA OBRERO","2017-07-05","","44.25416667"
"P_2. ERA OBRERO","2017-07-04","","50.0875"
"P_2. ERA OBRERO","2017-07-03","","41.12916667"
"P_2. ERA OBRERO","2017-07-02","","43.05416667"
"P_2. ERA OBRERO","2017-07-01","","59.87916667"
"P_2. ERA OBRERO","2017-06-30","","44.85416667"
"P_2. ERA OBRERO","2017-06-29","","47.0375"
"P_2. ERA OBRERO","2017-06-28","","54.10833333"
"P_2. ERA OBRERO","2017-06-27","","45.1"
"P_2. ERA OBRERO","2017-06-26","","36.07916667"
"P_2. ERA OBRERO","2017-06-25","","32.25"
"P_2. ERA OBRERO","2017-06-24","","50.89583333"
"P_2. ERA OBRERO","2017-06-23","","42.77083333"
"P_2. ERA OBRERO","2017-06-22","","48.40416667"
"P_2. ERA OBRERO","2017-06-21","","42.24166667"
"P_2. ERA OBRERO","2017-06-20","","42.6875"
"P_2. ERA OBRERO","2017-06-19","","21.8"
"P_2. ERA OBRERO","2017-06-18","","42.70833333"
"P_2. ERA OBRERO","2017-06-17","","56.655"
"P_2. ERA OBRERO","2017-06-16","","47.24583333"
"P_2. ERA OBRERO","2017-06-15","","58.85416667"
"P_2. ERA OBRERO","2017-06-14","","49.05416667"
"P_2. ERA OBRERO","2017-06-13","","49.2125"
"P_2. ERA OBRERO","2017-06-12","","36.49166667"
"P_2. ERA OBRERO","2017-06-11","","22.50833333"
"P_2. ERA OBRERO","2017-06-10","","59.93333333"
"P_2. ERA OBRERO","2017-06-09","","47.7"
"P_2. ERA OBRERO","2017-06-08","","37.59090909"
"P_2. ERA OBRERO","2017-06-07","","46.175"
"P_2. ERA OBRERO","2017-06-06","","55.76521739"
"P_2. ERA OBRERO","2017-06-05","","58.52083333"
"P_2. ERA OBRERO","2017-06-04","","48.00833333"
"P_2. ERA OBRERO","2017-06-03","","58.69166667"
"P_2. ERA OBRERO","2017-06-02","","56.15833333"
"P_2. ERA OBRERO","2017-06-01","","54.6"
"P_2. ERA OBRERO","2017-05-31","","51.89166667"
"P_2. ERA OBRERO","2017-05-30","","44.80416667"
"P_2. ERA OBRERO","2017-05-29","","40.26666667"
"P_2. ERA OBRERO","2017-05-28","","39.02083333"
"P_2. ERA OBRERO","2017-05-27","","47.06666667"
"P_2. ERA OBRERO","2017-05-26","","51.96666667"
"P_2. ERA OBRERO","2017-05-25","","44.0625"
"P_2. ERA OBRERO","2017-05-24","","54.5375"
"P_2. ERA OBRERO","2017-05-23","","51.7125"
"P_2. ERA OBRERO","2017-05-22","","38.33333333"
"P_2. ERA OBRERO","2017-05-21","","31.82727273"
"P_2. ERA OBRERO","2017-05-20","","56.41363636"
"P_2. ERA OBRERO","2017-05-19","","51.6125"
"P_2. ERA OBRERO","2017-05-18","","48.73333333"
"P_2. ERA OBRERO","2017-05-17","","46.3375"
"P_2. ERA OBRERO","2017-05-16","","39.56363636"
"P_2. ERA OBRERO","2017-05-15","","40.11666667"
"P_2. ERA OBRERO","2017-05-14","","32.12916667"
"P_2. ERA OBRERO","2017-05-13","","32.97083333"
"P_2. ERA OBRERO","2017-05-12","","37.1826087"
"P_2. ERA OBRERO","2017-05-11","","36.59090909"
"P_2. ERA OBRERO","2017-05-10","","29.99130435"
"P_2. ERA OBRERO","2017-05-09","","40.69166667"
"P_2. ERA OBRERO","2017-05-08","","40.2625"
"P_2. ERA OBRERO","2017-05-07","","29.44583333"
"P_2. ERA OBRERO","2017-05-06","","39.25454545"
"P_2. ERA OBRERO","2017-05-05","","50.00833333"
"P_2. ERA OBRERO","2017-05-04","","65.8125"
"P_2. ERA OBRERO","2017-05-03","","56.25416667"
"P_2. ERA OBRERO","2017-05-02","","35.54583333"
"P_2. ERA OBRERO","2017-05-01","","36.5875"
"P_2. ERA OBRERO","2017-04-30","","32.95833333"
"P_2. ERA OBRERO","2017-04-29","","45.05416667"
"P_2. ERA OBRERO","2017-04-28","","61.12083333"
"P_2. ERA OBRERO","2017-04-27","","57.775"
"P_2. ERA OBRERO","2017-04-26","","37.89583333"
"P_2. ERA OBRERO","2017-04-25","","46.23478261"
"P_2. ERA OBRERO","2017-04-24","","47.02083333"
"P_2. ERA OBRERO","2017-04-23","","49.1"
"P_2. ERA OBRERO","2017-04-22","","64.18333333"
"P_2. ERA OBRERO","2017-04-21","","61.8375"
"P_2. ERA OBRERO","2017-04-20","","39.8625"
"P_2. ERA OBRERO","2017-04-19","","36.55416667"
"P_2. ERA OBRERO","2017-04-18","","41.92916667"
"P_2. ERA OBRERO","2017-04-17","","30.27083333"
"P_2. ERA OBRERO","2017-04-16","","34.7875"
"P_2. ERA OBRERO","2017-04-15","","40.77272727"
"P_2. ERA OBRERO","2017-04-14","","18.90416667"
"P_2. ERA OBRERO","2017-04-13","","39.36666667"
"P_2. ERA OBRERO","2017-04-12","","51.59166667"
"P_2. ERA OBRERO","2017-04-11","","48.91666667"
"P_2. ERA OBRERO","2017-04-10","","53.25833333"
"P_2. ERA OBRERO","2017-04-09","","31.19583333"
"P_2. ERA OBRERO","2017-04-08","","59.37083333"
"P_2. ERA OBRERO","2017-04-07","","76.40416667"
"P_2. ERA OBRERO","2017-04-06","","91.40416667"
"P_2. ERA OBRERO","2017-04-05","","67.9375"
"P_2. ERA OBRERO","2017-04-04","","73.02916667"
"P_2. ERA OBRERO","2017-04-03","","62.59583333"
"P_2. ERA OBRERO","2017-04-02","","71.04782609"
"P_2. ERA OBRERO","2017-04-01","","74.5375"
"P_2. ERA OBRERO","2017-03-31","","48.46"
"P_2. ERA OBRERO","2017-03-30","","72.2125"
"P_2. ERA OBRERO","2017-03-29","","77.42083333"
"P_2. ERA OBRERO","2017-03-28","","82.225"
"P_2. ERA OBRERO","2017-03-27","","60.25"
"P_2. ERA OBRERO","2017-03-26","","32.50833333"
"P_2. ERA OBRERO","2017-03-25","","55.13333333"
"P_2. ERA OBRERO","2017-03-24","","40.60833333"
"P_2. ERA OBRERO","2017-03-23","","51.075"
"P_2. ERA OBRERO","2017-03-22","","47.1375"
"P_2. ERA OBRERO","2017-03-21","","57.2"
"P_2. ERA OBRERO","2017-03-20","","40.4125"
"P_2. ERA OBRERO","2017-03-19","","42.5625"
"P_2. ERA OBRERO","2017-03-18","","51.0375"
"P_2. ERA OBRERO","2017-03-17","","38.32083333"
"P_2. ERA OBRERO","2017-03-16","","51.12916667"
"P_2. ERA OBRERO","2017-03-15","","52.9875"
"P_2. ERA OBRERO","2017-03-14","","47.5"
"P_2. ERA OBRERO","2017-03-13","","49.95416667"
"P_2. ERA OBRERO","2017-03-12","","23.25833333"
"P_2. ERA OBRERO","2017-03-11","","41.86666667"
"P_2. ERA OBRERO","2017-03-10","","42.4125"
"P_2. ERA OBRERO","2017-03-09","","56.1875"
"P_2. ERA OBRERO","2017-03-08","","46.325"
"P_2. ERA OBRERO","2017-03-07","","48.40833333"
"P_2. ERA OBRERO","2017-03-06","","52.50833333"
"P_2. ERA OBRERO","2017-03-05","","43.87083333"
"P_2. ERA OBRERO","2017-03-04","","53.79166667"
"P_2. ERA OBRERO","2017-03-03","","37.1125"
"P_2. ERA OBRERO","2017-03-02","","49.38333333"
"P_2. ERA OBRERO","2017-03-01","","57.67916667"
"P_2. ERA OBRERO","2017-02-28","","42.79166667"
"P_2. ERA OBRERO","2017-02-27","","40.8875"
"P_2. ERA OBRERO","2017-02-26","","47.65833333"
"P_2. ERA OBRERO","2017-02-25","","67.1"
"P_2. ERA OBRERO","2017-02-24","","73.25416667"
"P_2. ERA OBRERO","2017-02-23","","65.31304348"
"P_2. ERA OBRERO","2017-02-22","","55.2375"
"P_2. ERA OBRERO","2017-02-21","","53.86521739"
"P_2. ERA OBRERO","2017-02-20","","54.03333333"
"P_2. ERA OBRERO","2017-02-19","","53.27083333"
"P_2. ERA OBRERO","2017-02-18","","56.5625"
"P_2. ERA OBRERO","2017-02-17","","43.37916667"
"P_2. ERA OBRERO","2017-02-16","","53.03043478"
"P_2. ERA OBRERO","2017-02-15","","58.25652174"
"P_2. ERA OBRERO","2017-02-14","","51.67619048"
"P_2. ERA OBRERO","2017-02-13","","37.4125"
"P_2. ERA OBRERO","2017-02-12","","33.625"
"P_2. ERA OBRERO","2017-02-11","","44.0125"
"P_2. ERA OBRERO","2017-02-10","","44.77083333"
"P_2. ERA OBRERO","2017-02-09","","51.37083333"
"P_2. ERA OBRERO","2017-02-08","","61.57083333"
"P_2. ERA OBRERO","2017-02-07","","60.325"
"P_2. ERA OBRERO","2017-02-06","","56.44166667"
"P_2. ERA OBRERO","2017-02-05","","50.32916667"
"P_2. ERA OBRERO","2017-02-04","","54.99166667"
"P_2. ERA OBRERO","2017-02-03","","51.78333333"
"P_2. ERA OBRERO","2017-02-02","","54.87083333"
"P_2. ERA OBRERO","2017-02-01","","52.9875"
"P_2. ERA OBRERO","2017-01-31","","58.75"
"P_2. ERA OBRERO","2017-01-30","","60.40833333"
"P_2. ERA OBRERO","2017-01-29","","46.20833333"
"P_2. ERA OBRERO","2017-01-28","","52.89583333"
"P_2. ERA OBRERO","2017-01-27","","65.64166667"
"P_2. ERA OBRERO","2017-01-26","","67.7875"
"P_2. ERA OBRERO","2017-01-25","","60.1875"
"P_2. ERA OBRERO","2017-01-24","","56.85416667"
"P_2. ERA OBRERO","2017-01-23","","59.50833333"
"P_2. ERA OBRERO","2017-01-22","","44.29545455"
"P_2. ERA OBRERO","2017-01-21","","41.82173913"
"P_2. ERA OBRERO","2017-01-20","","34.225"
"P_2. ERA OBRERO","2017-01-19","","55.00416667"
"P_2. ERA OBRERO","2017-01-18","","29.52916667"
"P_2. ERA OBRERO","2017-01-17","","38.675"
"P_2. ERA OBRERO","2017-01-16","","29.4"
"P_2. ERA OBRERO","2017-01-15","","33.39166667"
"P_2. ERA OBRERO","2017-01-14","","42.86666667"
"P_2. ERA OBRERO","2017-01-13","","46.65833333"
"P_2. ERA OBRERO","2017-01-12","","39.2625"
"P_2. ERA OBRERO","2017-01-11","","40.30833333"
"P_2. ERA OBRERO","2017-01-10","","41.94166667"
"P_2. ERA OBRERO","2017-01-09","","40.20869565"
"P_2. ERA OBRERO","2017-01-08","","31.75"
"P_2. ERA OBRERO","2017-01-07","","47.72083333"
"P_2. ERA OBRERO","2017-01-06","","51.45"
"P_2. ERA OBRERO","2017-01-05","","54.17083333"
"P_2. ERA OBRERO","2017-01-04","","38.73913043"
"P_2. ERA OBRERO","2017-01-03","","41.31666667"
"P_2. ERA OBRERO","2017-01-02","","31.26666667"
"P_2. ERA OBRERO","2017-01-01","","73.11818182"
"P_2. ERA OBRERO","2016-12-31","","56.375"
"P_2. ERA OBRERO","2016-12-30","","40.69166667"
"P_2. ERA OBRERO","2016-12-29","","45.675"
"P_2. ERA OBRERO","2016-12-28","","62.87083333"
"P_2. ERA OBRERO","2016-12-27","","45.64583333"
"P_2. ERA OBRERO","2016-12-26","","56.25833333"
"P_2. ERA OBRERO","2016-12-25","","71.74761905"
"P_2. ERA OBRERO","2016-12-24","","42.26956522"
"P_2. ERA OBRERO","2016-12-23","","58.54583333"
"P_2. ERA OBRERO","2016-12-22","","55.06818182"
"P_2. ERA OBRERO","2016-12-21","","31.8875"
"P_2. ERA OBRERO","2016-12-20","","63.39166667"
"P_2. ERA OBRERO","2016-12-19","","66.75454545"
"P_2. ERA OBRERO","2016-12-18","","61.4826087"
"P_2. ERA OBRERO","2016-12-17","","58.81428571"
"P_2. ERA OBRERO","2016-12-16","","66.2173913"
"P_2. ERA OBRERO","2016-12-15","","85.70952381"
"P_2. ERA OBRERO","2016-12-14","","71.05"
"P_2. ERA OBRERO","2016-12-13","","72.27142857"
"P_2. ERA OBRERO","2016-12-12","","59.22272727"
"P_2. ERA OBRERO","2016-12-11","","48.33809524"
"P_2. ERA OBRERO","2016-12-10","","68.88888889"
"P_2. ERA OBRERO","2016-12-09","","56.35"
"P_2. ERA OBRERO","2016-12-08","","59.97826087"
"P_2. ERA OBRERO","2016-12-07","","47.01818182"
"P_2. ERA OBRERO","2016-12-06","","68.15833333"
"P_2. ERA OBRERO","2016-12-05","","45.33684211"
"P_2. ERA OBRERO","2016-12-04","","57.85416667"
"P_2. ERA OBRERO","2016-12-03","","48.26666667"
"P_2. ERA OBRERO","2016-12-02","","58.05833333"
"P_2. ERA OBRERO","2016-12-01","","63.82916667"
"P_2. ERA OBRERO","2016-11-30","","53.84210526"
"P_2. ERA OBRERO","2016-11-29","","62.39583333"
"P_2. ERA OBRERO","2016-11-28","","47.87916667"
"P_2. ERA OBRERO","2016-11-27","","47.7625"
"P_2. ERA OBRERO","2016-11-26","","38.03333333"
"P_2. ERA OBRERO","2016-11-25","","44.54583333"
"P_2. ERA OBRERO","2016-11-24","","65.35416667"
"P_2. ERA OBRERO","2016-11-23","","64.13333333"
"P_2. ERA OBRERO","2016-11-22","","58.43157895"
"P_2. ERA OBRERO","2016-11-21","","53.39583333"
"P_2. ERA OBRERO","2016-11-20","","33.8"
"P_2. ERA OBRERO","2016-11-19","","28.39583333"
"P_2. ERA OBRERO","2016-11-18","","49.63333333"
"P_2. ERA OBRERO","2016-11-17","","55.9"
"P_2. ERA OBRERO","2016-11-16","","78.25"
"P_2. ERA OBRERO","2016-11-09","","13.16666667"
"P_2. ERA OBRERO","2016-11-08","","48.14583333"
"P_2. ERA OBRERO","2016-11-07","","45.1"
"P_2. ERA OBRERO","2016-11-06","","38.9375"
"P_2. ERA OBRERO","2016-11-05","","50.89166667"
"P_2. ERA OBRERO","2016-11-04","","49.15833333"
"P_2. ERA OBRERO","2016-11-03","","41.07083333"
"P_2. ERA OBRERO","2016-11-02","","50.9"
"P_2. ERA OBRERO","2016-11-01","","57.35833333"
"P_2. ERA OBRERO","2016-10-31","","52.64285714"
"P_2. ERA OBRERO","2016-10-30","","42.475"
"P_2. ERA OBRERO","2016-10-29","","44.29565217"
"P_2. ERA OBRERO","2016-10-28","","47.72916667"
"P_2. ERA OBRERO","2016-10-27","","46.26363636"
"P_2. ERA OBRERO","2016-10-26","","43.84166667"
"P_2. ERA OBRERO","2016-10-25","","36.9875"
"P_2. ERA OBRERO","2016-10-24","","51.0125"
"P_2. ERA OBRERO","2016-10-23","","24.99166667"
"P_2. ERA OBRERO","2016-10-22","","46.57083333"
"P_2. ERA OBRERO","2016-10-21","","53.34583333"
"P_2. ERA OBRERO","2016-10-20","","55.925"
"P_2. ERA OBRERO","2016-10-19","","58.39166667"
"P_2. ERA OBRERO","2016-10-18","","43.89545455"
"P_2. ERA OBRERO","2016-10-17","","36.025"
"P_2. ERA OBRERO","2016-10-16","","46.67916667"
"P_2. ERA OBRERO","2016-10-15","","52.66666667"
"P_2. ERA OBRERO","2016-10-14","","52.99583333"
"P_2. ERA OBRERO","2016-10-13","","59.40833333"
"P_2. ERA OBRERO","2016-10-12","","62.0"
"P_2. ERA OBRERO","2016-10-11","","64.3875"
"P_2. ERA OBRERO","2016-10-10","","56.3625"
"P_2. ERA OBRERO","2016-10-09","","32.65217391"
"P_2. ERA OBRERO","2016-10-08","","61.69166667"
"P_2. ERA OBRERO","2016-10-07","","60.475"
"P_2. ERA OBRERO","2016-10-06","","46.25"
"P_2. ERA OBRERO","2016-10-05","","54.14166667"
"P_2. ERA OBRERO","2016-10-04","","31.19166667"
"P_2. ERA OBRERO","2016-10-03","","33.96666667"
"P_2. ERA OBRERO","2016-10-02","","34.79565217"
"P_2. ERA OBRERO","2016-10-01","","39.97391304"
"P_2. ERA OBRERO","2016-09-30","","62.5173913"
"P_2. ERA OBRERO","2016-09-29","","66.23333333"
"P_2. ERA OBRERO","2016-09-28","","58.55"
"P_2. ERA OBRERO","2016-09-27","","60.70416667"
"P_2. ERA OBRERO","2016-09-26","","53.74583333"
"P_2. ERA OBRERO","2016-09-25","","40.60416667"
"P_2. ERA OBRERO","2016-09-24","","62.85"
"P_2. ERA OBRERO","2016-09-23","","45.05217391"
"P_2. ERA OBRERO","2016-09-22","","46.47826087"
"P_2. ERA OBRERO","2016-09-21","","51.35833333"
"P_2. ERA OBRERO","2016-09-20","","64.71818182"
"P_2. ERA OBRERO","2016-09-19","","65.01666667"
"P_2. ERA OBRERO","2016-09-18","","41.25217391"
"P_2. ERA OBRERO","2016-09-17","","56.69166667"
"P_2. ERA OBRERO","2016-09-16","","62.4125"
"P_2. ERA OBRERO","2016-09-15","","45.78333333"
"P_2. ERA OBRERO","2016-09-14","","49.97826087"
"P_2. ERA OBRERO","2016-09-13","","58.45416667"
"P_2. ERA OBRERO","2016-09-12","","60.91666667"
"P_2. ERA OBRERO","2016-09-11","","54.66"
"P_2. ERA OBRERO","2016-09-10","","46.3"
"P_2. ERA OBRERO","2016-09-09","","42.775"
"P_2. ERA OBRERO","2016-09-08","","60.57083333"
"P_2. ERA OBRERO","2016-09-07","","65.70869565"
"P_2. ERA OBRERO","2016-09-06","","39.21666667"
"P_2. ERA OBRERO","2016-09-05","","40.625"
"P_2. ERA OBRERO","2016-09-04","","39.40454545"
"P_2. ERA OBRERO","2016-09-03","","41.89166667"
"P_2. ERA OBRERO","2016-09-02","","39.15"
"P_2. ERA OBRERO","2016-09-01","","27.86666667"
"P_2. ERA OBRERO","2016-08-31","","49.1375"
"P_2. ERA OBRERO","2016-08-30","","41.6"
"P_2. ERA OBRERO","2016-08-29","","36.92083333"
"P_2. ERA OBRERO","2016-08-28","","39.28333333"
"P_2. ERA OBRERO","2016-08-27","","41.35833333"
"P_2. ERA OBRERO","2016-08-26","","46.075"
"P_2. ERA OBRERO","2016-08-25","","45.46666667"
"P_2. ERA OBRERO","2016-08-24","","51.77083333"
"P_2. ERA OBRERO","2016-08-23","","62.76363636"
"P_2. ERA OBRERO","2016-08-22","","65.81052632"
"P_2. ERA OBRERO","2016-08-21","","40.46363636"
"P_2. ERA OBRERO","2016-08-20","","47.9"
"P_2. ERA OBRERO","2016-08-19","","37.52916667"
"P_2. ERA OBRERO","2016-08-18","","46.4"
"P_2. ERA OBRERO","2016-08-17","","41.87083333"
"P_2. ERA OBRERO","2016-08-16","","46.9"
"P_2. ERA OBRERO","2016-08-15","","34.66666667"
"P_2. ERA OBRERO","2016-08-14","","41.3125"
"P_2. ERA OBRERO","2016-08-13","","54.31666667"
"P_2. ERA OBRERO","2016-08-12","","46.90833333"
"P_2. ERA OBRERO","2016-08-11","","58.04615385"
"P_2. ERA OBRERO","2016-08-10","","63.07142857"
"P_2. ERA OBRERO","2016-08-09","","53.74583333"
"P_2. ERA OBRERO","2016-08-08","","42.75416667"
"P_2. ERA OBRERO","2016-08-07","","37.4625"
"P_2. ERA OBRERO","2016-08-06","","53.50416667"
"P_2. ERA OBRERO","2016-08-05","","56.72083333"
"P_2. ERA OBRERO","2016-08-04","","56.49565217"
"P_2. ERA OBRERO","2016-08-03","","62.04583333"
"P_2. ERA OBRERO","2016-08-02","","62.90416667"
"P_2. ERA OBRERO","2016-08-01","","56.7"
"P_2. ERA OBRERO","2016-07-31","","47.02916667"
"P_2. ERA OBRERO","2016-07-30","","51.25833333"
"P_2. ERA OBRERO","2016-07-29","","51.995"
"P_2. ERA OBRERO","2016-07-28","","48.5875"
"P_2. ERA OBRERO","2016-07-27","","51.9625"
"P_2. ERA OBRERO","2016-07-26","","83.71363636"
"P_2. ERA OBRERO","2016-07-25","","48.03913043"
"P_2. ERA OBRERO","2016-07-24","","28.81666667"
"P_2. ERA OBRERO","2016-07-23","","56.89166667"
"P_2. ERA OBRERO","2016-07-22","","58.11666667"
"P_2. ERA OBRERO","2016-07-21","","52.31666667"
"P_2. ERA OBRERO","2016-07-20","","44.37916667"
"P_2. ERA OBRERO","2016-07-19","","51.4"
"P_2. ERA OBRERO","2016-07-18","","44.3"
"P_2. ERA OBRERO","2016-07-17","","45.40833333"
"P_2. ERA OBRERO","2016-07-16","","47.25833333"
"P_2. ERA OBRERO","2016-07-15","","43.65833333"
"P_2. ERA OBRERO","2016-07-14","","59.69545455"
"P_2. ERA OBRERO","2016-07-13","","50.03333333"
"P_2. ERA OBRERO","2016-07-12","","51.87083333"
"P_2. ERA OBRERO","2016-07-11","","49.96363636"
"P_2. ERA OBRERO","2016-07-10","","39.96818182"
"P_2. ERA OBRERO","2016-07-09","","51.65416667"
"P_2. ERA OBRERO","2016-07-08","","50.85833333"
"P_2. ERA OBRERO","2016-07-07","","62.22608696"
"P_2. ERA OBRERO","2016-07-06","","50.6375"
"P_2. ERA OBRERO","2016-07-05","","50.38333333"
"P_2. ERA OBRERO","2016-07-04","","31.55416667"
"P_2. ERA OBRERO","2016-07-03","","30.83333333"
"P_2. ERA OBRERO","2016-07-02","","36.17083333"
"P_2. ERA OBRERO","2016-07-01","","41.5"
"P_2. ERA OBRERO","2016-06-30","","45.37916667"
"P_2. ERA OBRERO","2016-06-29","","54.93333333"
"P_2. ERA OBRERO","2016-06-28","","61.2375"
"P_2. ERA OBRERO","2016-06-27","","56.57083333"
"P_2. ERA OBRERO","2016-06-26","","32.70833333"
"P_2. ERA OBRERO","2016-06-25","","33.79583333"
"P_2. ERA OBRERO","2016-06-24","","54.86666667"
"P_2. ERA OBRERO","2016-06-23","","54.40833333"
"P_2. ERA OBRERO","2016-06-22","","57.56666667"
"P_2. ERA OBRERO","2016-06-21","","50.09166667"
"P_2. ERA OBRERO","2016-06-20","","42.50454545"
"P_2. ERA OBRERO","2016-06-19","","33.35"
"P_2. ERA OBRERO","2016-06-18","","60.46818182"
"P_2. ERA OBRERO","2016-06-17","","69.0125"
"P_2. ERA OBRERO","2016-06-16","","66.69166667"
"P_2. ERA OBRERO","2016-06-15","","53.18181818"
"P_2. ERA OBRERO","2016-06-14","","33.83333333"
"P_2. ERA OBRERO","2016-06-13","","52.6375"
"P_2. ERA OBRERO","2016-06-12","","42.76666667"
"P_2. ERA OBRERO","2016-06-11","","50.82777778"
"P_2. ERA OBRERO","2016-06-10","","56.4"
"P_2. ERA OBRERO","2016-06-09","","45.98181818"
"P_2. ERA OBRERO","2016-06-08","","43.87916667"
"P_2. ERA OBRERO","2016-06-07","","47.45833333"
"P_2. ERA OBRERO","2016-06-06","","34.96521739"
"P_2. ERA OBRERO","2016-06-05","","49.575"
"P_2. ERA OBRERO","2016-06-04","","44.59130435"
"P_2. ERA OBRERO","2016-06-03","","57.68695652"
"P_2. ERA OBRERO","2016-06-02","","50.62608696"
"P_2. ERA OBRERO","2016-06-01","","69.065"
"P_2. ERA OBRERO","2016-05-31","","43.00833333"
"P_2. ERA OBRERO","2016-05-30","","35.13333333"
"P_2. ERA OBRERO","2016-05-29","","49.02857143"
"P_2. ERA OBRERO","2016-05-28","","66.40416667"
"P_2. ERA OBRERO","2016-05-27","","65.03181818"
"P_2. ERA OBRERO","2016-05-26","","44.45416667"
"P_2. ERA OBRERO","2016-05-25","","46.65"
"P_2. ERA OBRERO","2016-05-24","","48.74583333"
"P_2. ERA OBRERO","2016-05-23","","49.07916667"
"P_2. ERA OBRERO","2016-05-22","","33.66956522"
"P_2. ERA OBRERO","2016-05-21","","50.04166667"
"P_2. ERA OBRERO","2016-05-20","","49.47391304"
"P_2. ERA OBRERO","2016-05-19","","50.02083333"
"P_2. ERA OBRERO","2016-05-18","","45.46666667"
"P_2. ERA OBRERO","2016-05-17","","37.85833333"
"P_2. ERA OBRERO","2016-05-16","","48.02916667"
"P_2. ERA OBRERO","2016-05-15","","30.63333333"
"P_2. ERA OBRERO","2016-05-14","","53.12083333"
"P_2. ERA OBRERO","2016-05-13","","57.44583333"
"P_2. ERA OBRERO","2016-05-12","","56.5173913"
"P_2. ERA OBRERO","2016-05-11","","47.51666667"
"P_2. ERA OBRERO","2016-05-10","","41.82777778"
"P_2. ERA OBRERO","2016-05-09","","26.5625"
"P_2. ERA OBRERO","2016-05-08","","34.59583333"
"P_2. ERA OBRERO","2016-05-07","","36.53636364"
"P_2. ERA OBRERO","2016-05-06","","51.9125"
"P_2. ERA OBRERO","2016-05-05","","47.6625"
"P_2. ERA OBRERO","2016-05-04","","45.71304348"
"P_2. ERA OBRERO","2016-05-03","","48.63913043"
"P_2. ERA OBRERO","2016-05-02","","42.0625"
"P_2. ERA OBRERO","2016-05-01","","50.325"
"P_2. ERA OBRERO","2016-04-30","","43.0625"
"P_2. ERA OBRERO","2016-04-29","","47.4375"
"P_2. ERA OBRERO","2016-04-28","","30.7125"
"P_2. ERA OBRERO","2016-04-27","","29.22916667"
"P_2. ERA OBRERO","2016-04-26","","30.44090909"
"P_2. ERA OBRERO","2016-04-25","","40.98181818"
"P_2. ERA OBRERO","2016-04-24","","35.42916667"
"P_2. ERA OBRERO","2016-04-23","","41.96666667"
"P_2. ERA OBRERO","2016-04-22","","53.07916667"
"P_2. ERA OBRERO","2016-04-21","","44.76666667"
"P_2. ERA OBRERO","2016-04-20","","57.27916667"
"P_2. ERA OBRERO","2016-04-19","","56.44583333"
"P_2. ERA OBRERO","2016-04-18","","49.30416667"
"P_2. ERA OBRERO","2016-04-17","","42.38333333"
"P_2. ERA OBRERO","2016-04-16","","40.82380952"
"P_2. ERA OBRERO","2016-04-15","","54.9375"
"P_2. ERA OBRERO","2016-04-14","","50.65416667"
"P_2. ERA OBRERO","2016-04-13","","39.7125"
"P_2. ERA OBRERO","2016-04-12","","34.61666667"
"P_2. ERA OBRERO","2016-04-11","","39.30416667"
"P_2. ERA OBRERO","2016-04-10","","39.43333333"
"P_2. ERA OBRERO","2016-04-09","","44.35833333"
"P_2. ERA OBRERO","2016-04-08","","55.55833333"
"P_2. ERA OBRERO","2016-04-07","","55.8"
"P_2. ERA OBRERO","2016-04-06","","58.75416667"
"P_2. ERA OBRERO","2016-04-05","","59.025"
"P_2. ERA OBRERO","2016-04-04","","55.72083333"
"P_2. ERA OBRERO","2016-04-03","","50.25"
"P_2. ERA OBRERO","2016-04-02","","30.90416667"
"P_2. ERA OBRERO","2016-04-01","","44.21666667"
"P_2. ERA OBRERO","2016-03-31","","46.15416667"
"P_2. ERA OBRERO","2016-03-30","","38.7875"
"P_2. ERA OBRERO","2016-03-29","","55.0875"
"P_2. ERA OBRERO","2016-03-28","","45.1875"
"P_2. ERA OBRERO","2016-03-27","","28.74583333"
"P_2. ERA OBRERO","2016-03-26","","37.43333333"
"P_2. ERA OBRERO","2016-03-25","","35.55833333"
"P_2. ERA OBRERO","2016-03-24","","42.6375"
"P_2. ERA OBRERO","2016-03-23","","39.73333333"
"P_2. ERA OBRERO","2016-03-22","","49.06666667"
"P_2. ERA OBRERO","2016-03-21","","34.89166667"
"P_2. ERA OBRERO","2016-03-20","","30.8875"
"P_2. ERA OBRERO","2016-03-19","","53.09583333"
"P_2. ERA OBRERO","2016-03-18","","44.09166667"
"P_2. ERA OBRERO","2016-03-17","","32.34583333"
"P_2. ERA OBRERO","2016-03-16","","57.16666667"
"P_2. ERA OBRERO","2016-03-15","","49.80416667"
"P_2. ERA OBRERO","2016-03-14","","57.45"
"P_2. ERA OBRERO","2016-03-13","","54.35"
"P_2. ERA OBRERO","2016-03-12","","41.74583333"
"P_2. ERA OBRERO","2016-03-11","","46.5875"
"P_2. ERA OBRERO","2016-03-10","","65.0875"
"P_2. ERA OBRERO","2016-03-09","","41.62142857"
"P_2. ERA OBRERO","2016-03-06","","44.08333333"
"P_2. ERA OBRERO","2016-03-05","","22.47142857"
"P_2. ERA OBRERO","2016-03-02","","41.18235294"
"P_2. ERA OBRERO","2016-03-01","","40.84166667"
"P_2. ERA OBRERO","2016-02-29","","35.52727273"
"P_2. ERA OBRERO","2016-02-27","","87.0"
"P_2. ERA OBRERO","2016-02-26","","49.36363636"
"P_2. ERA OBRERO","2016-02-25","","57.87083333"
"P_2. ERA OBRERO","2016-02-24","","62.57916667"
"P_2. ERA OBRERO","2016-02-23","","61.395"
"P_2. ERA OBRERO","2016-02-22","","32.05833333"
"P_2. ERA OBRERO","2016-02-21","","31.54583333"
"P_2. ERA OBRERO","2016-02-20","","52.64583333"
"P_2. ERA OBRERO","2016-02-19","","58.54583333"
"P_2. ERA OBRERO","2016-02-18","","62.71304348"
"P_2. ERA OBRERO","2016-02-17","","57.79565217"
"P_2. ERA OBRERO","2016-02-16","","81.13478261"
"P_2. ERA OBRERO","2016-02-15","","61.02173913"
"P_2. ERA OBRERO","2016-02-14","","38.175"
"P_2. ERA OBRERO","2016-02-13","","53.02083333"
"P_2. ERA OBRERO","2016-02-12","","55.275"
"P_2. ERA OBRERO","2016-02-11","","45.53043478"
"P_2. ERA OBRERO","2016-02-10","","63.99166667"
"P_2. ERA OBRERO","2016-02-09","","58.32916667"
"P_2. ERA OBRERO","2016-02-08","","62.19583333"
"P_2. ERA OBRERO","2016-02-07","","45.1875"
"P_2. ERA OBRERO","2016-02-06","","62.73333333"
"P_2. ERA OBRERO","2016-02-05","","37.95"
"P_2. ERA OBRERO","2016-02-04","","50.29583333"
"P_2. ERA OBRERO","2016-02-03","","52.325"
"P_2. ERA OBRERO","2016-02-02","","62.57916667"
"P_2. ERA OBRERO","2016-02-01","","52.2"
"P_2. ERA OBRERO","2016-01-31","","48.23043478"
"P_2. ERA OBRERO","2016-01-30","","46.01666667"
"P_2. ERA OBRERO","2016-01-29","","67.60416667"
"P_2. ERA OBRERO","2016-01-28","","71.9952381"
"P_2. ERA OBRERO","2016-01-27","","52.97916667"
"P_2. ERA OBRERO","2016-01-26","","49.97083333"
"P_2. ERA OBRERO","2016-01-25","","50.14347826"
"P_2. ERA OBRERO","2016-01-24","","44.775"
"P_2. ERA OBRERO","2016-01-23","","39.10416667"
"P_2. ERA OBRERO","2016-01-22","","60.29583333"
"P_2. ERA OBRERO","2016-01-21","","63.36521739"
"P_2. ERA OBRERO","2016-01-20","","71.45"
"P_2. ERA OBRERO","2016-01-19","","56.30952381"
"P_2. ERA OBRERO","2016-01-18","","53.33478261"
"P_2. ERA OBRERO","2016-01-17","","50.06190476"
"P_2. ERA OBRERO","2016-01-16","","57.39565217"
"P_2. ERA OBRERO","2016-01-15","","59.0125"
"P_2. ERA OBRERO","2016-01-14","","55.275"
"P_2. ERA OBRERO","2016-01-13","","60.87727273"
"P_2. ERA OBRERO","2016-01-12","","32.43181818"
"P_2. ERA OBRERO","2016-01-11","","31.88095238"
"P_2. ERA OBRERO","2016-01-10","","35.22916667"
"P_2. ERA OBRERO","2016-01-09","","46.28636364"
"P_2. ERA OBRERO","2016-01-08","","51.39047619"
"P_2. ERA OBRERO","2016-01-07","","43.18181818"
"P_2. ERA OBRERO","2016-01-06","","37.20869565"
"P_2. ERA OBRERO","2016-01-05","","58.2826087"
"P_2. ERA OBRERO","2016-01-04","","37.92272727"
"P_2. ERA OBRERO","2016-01-03","","46.73181818"
"P_2. ERA OBRERO","2016-01-02","","39.18636364"
"P_2. ERA OBRERO","2016-01-01","","46.8125"
"P_2. ERA OBRERO","2015-12-31","","49.45"
"P_2. ERA OBRERO","2015-12-30","","65.48636364"
"P_2. ERA OBRERO","2015-12-29","","60.52083333"
"P_2. ERA OBRERO","2015-12-28","","60.25"
"P_2. ERA OBRERO","2015-12-27","","54.84583333"
"P_2. ERA OBRERO","2015-12-26","","56.575"
"P_2. ERA OBRERO","2015-12-25","","55.8"
"P_2. ERA OBRERO","2015-12-24","","61.375"
"P_2. ERA OBRERO","2015-12-23","","61.07916667"
"P_2. ERA OBRERO","2015-12-22","","67.57391304"
"P_2. ERA OBRERO","2015-12-21","","53.975"
"P_2. ERA OBRERO","2015-12-20","","59.32916667"
"P_2. ERA OBRERO","2015-12-19","","76.19583333"
"P_2. ERA OBRERO","2015-12-18","","54.53157895"
"P_2. ERA OBRERO","2015-12-17","","55.10416667"
"P_2. ERA OBRERO","2015-12-16","","54.8375"
"P_2. ERA OBRERO","2015-12-15","","53.75"
"P_2. ERA OBRERO","2015-12-14","","55.49583333"
"P_2. ERA OBRERO","2015-12-13","","59.52857143"
"P_2. ERA OBRERO","2015-12-12","","55.4"
"P_2. ERA OBRERO","2015-12-11","","62.9625"
"P_2. ERA OBRERO","2015-12-10","","158.7"
"P_2. ERA OBRERO","2015-12-09","","58.51"
"P_2. ERA OBRERO","2015-12-08","","54.2826087"
"P_2. ERA OBRERO","2015-12-07","","50.5875"
"P_2. ERA OBRERO","2015-12-06","","43.6125"
"P_2. ERA OBRERO","2015-12-05","","53.8"
"P_2. ERA OBRERO","2015-12-04","","69.42916667"
"P_2. ERA OBRERO","2015-12-03","","76.34090909"
"P_2. ERA OBRERO","2015-12-02","","64.4826087"
"P_2. ERA OBRERO","2015-12-01","","48.6625"
"P_2. ERA OBRERO","2015-11-30","","52.40833333"
"P_2. ERA OBRERO","2015-11-29","","39.08333333"
"P_2. ERA OBRERO","2015-11-28","","63.455"
"P_2. ERA OBRERO","2015-11-27","","61.15909091"
"P_2. ERA OBRERO","2015-11-26","","55.3"
"P_2. ERA OBRERO","2015-11-25","","51.15"
"P_2. ERA OBRERO","2015-11-24","","63.01904762"
"P_2. ERA OBRERO","2015-11-23","","54.19545455"
"P_2. ERA OBRERO","2015-11-22","","41.08095238"
"P_2. ERA OBRERO","2015-11-21","","42.19166667"
"P_2. ERA OBRERO","2015-11-20","","40.53333333"
"P_2. ERA OBRERO","2015-11-19","","42.9"
"P_2. ERA OBRERO","2015-11-18","","41.52173913"
"P_2. ERA OBRERO","2015-11-17","","38.975"
"P_2. ERA OBRERO","2015-11-16","","43.46521739"
"P_2. ERA OBRERO","2015-11-15","","49.7"
"P_2. ERA OBRERO","2015-11-14","","49.15217391"
"P_2. ERA OBRERO","2015-11-13","","57.61666667"
"P_2. ERA OBRERO","2015-11-12","","52.65217391"
"P_2. ERA OBRERO","2015-11-11","","53.39565217"
"P_2. ERA OBRERO","2015-11-10","","59.98695652"
"P_2. ERA OBRERO","2015-11-09","","59.37142857"
"P_2. ERA OBRERO","2015-11-07","","35.45714286"
"P_2. ERA OBRERO","2015-11-06","","36.06666667"
"P_2. ERA OBRERO","2015-11-05","","46.59565217"
"P_2. ERA OBRERO","2015-11-04","","47.1125"
"P_2. ERA OBRERO","2015-11-03","","42.52173913"
"P_2. ERA OBRERO","2015-11-02","","19.33333333"
"P_2. ERA OBRERO","2015-11-01","","29.08333333"
"P_2. ERA OBRERO","2015-10-31","","54.44"
"P_2. ERA OBRERO","2015-10-30","","45.30454545"
"P_2. ERA OBRERO","2015-10-29","","41.50416667"
"P_2. ERA OBRERO","2015-10-28","","68.48"
"P_2. ERA OBRERO","2015-10-27","","43.1375"
"P_2. ERA OBRERO","2015-10-26","","37.30454545"
"P_2. ERA OBRERO","2015-10-25","","25.64090909"
"P_2. ERA OBRERO","2015-10-24","","44.92"
"P_2. ERA OBRERO","2015-10-23","","47.76842105"
"P_2. ERA OBRERO","2015-10-22","","51.09565217"
"P_2. ERA OBRERO","2015-10-21","","47.3875"
"P_2. ERA OBRERO","2015-10-20","","43.33043478"
"P_2. ERA OBRERO","2015-10-19","","47.14583333"
"P_2. ERA OBRERO","2015-10-18","","35.09583333"
"P_2. ERA OBRERO","2015-10-17","","50.46666667"
"P_2. ERA OBRERO","2015-10-16","","33.7875"
"P_2. ERA OBRERO","2015-10-15","","32.8826087"
"P_2. ERA OBRERO","2015-10-14","","38.7125"
"P_2. ERA OBRERO","2015-10-13","","37.77391304"
"P_2. ERA OBRERO","2015-10-12","","38.21304348"
"P_2. ERA OBRERO","2015-10-11","","25.24761905"
"P_2. ERA OBRERO","2015-10-10","","43.69130435"
"P_2. ERA OBRERO","2015-10-09","","50.08333333"
"P_2. ERA OBRERO","2015-10-08","","48.5625"
"P_2. ERA OBRERO","2015-10-07","","53.39545455"
"P_2. ERA OBRERO","2015-10-06","","38.625"
"P_2. ERA OBRERO","2015-10-05","","41.95416667"
"P_2. ERA OBRERO","2015-10-04","","34.33478261"
"P_2. ERA OBRERO","2015-10-03","","42.68333333"
"P_2. ERA OBRERO","2015-10-02","","45.20869565"
"P_2. ERA OBRERO","2015-10-01","","30.34166667"
"P_2. ERA OBRERO","2015-09-30","","32.59583333"
"P_2. ERA OBRERO","2015-09-29","","43.775"
"P_2. ERA OBRERO","2015-09-28","","52.0"
"P_2. ERA OBRERO","2015-09-27","","45.675"
"P_2. ERA OBRERO","2015-09-26","","53.7"
"P_2. ERA OBRERO","2015-09-25","","52.65"
"P_2. ERA OBRERO","2015-09-24","","54.45"
"P_2. ERA OBRERO","2015-09-23","","46.76666667"
"P_2. ERA OBRERO","2015-09-22","","47.99583333"
"P_2. ERA OBRERO","2015-09-21","","47.4125"
"P_2. ERA OBRERO","2015-09-20","","39.2"
"P_2. ERA OBRERO","2015-09-19","","35.60416667"
"P_2. ERA OBRERO","2015-09-18","","34.89166667"
"P_2. ERA OBRERO","2015-09-17","","48.49166667"
"P_2. ERA OBRERO","2015-09-16","","60.77916667"
"P_2. ERA OBRERO","2015-09-15","","61.9875"
"P_2. ERA OBRERO","2015-09-14","","60.35833333"
"P_2. ERA OBRERO","2015-09-13","","48.79166667"
"P_2. ERA OBRERO","2015-09-12","","52.05833333"
"P_2. ERA OBRERO","2015-09-11","","51.075"
"P_2. ERA OBRERO","2015-09-10","","40.85416667"
"P_2. ERA OBRERO","2015-09-09","","44.99583333"
"P_2. ERA OBRERO","2015-09-08","","49.94583333"
"P_2. ERA OBRERO","2015-09-07","","49.1"
"P_2. ERA OBRERO","2015-09-06","","43.40416667"
"P_2. ERA OBRERO","2015-09-05","","60.175"
"P_2. ERA OBRERO","2015-09-04","","50.0875"
"P_2. ERA OBRERO","2015-09-03","","43.575"
"P_2. ERA OBRERO","2015-09-02","","73.45"
"P_2. ERA OBRERO","2015-09-01","","60.43478261"
"P_2. ERA OBRERO","2015-08-31","","71.0"
"P_2. ERA OBRERO","2015-08-30","","58.8125"
"P_2. ERA OBRERO","2015-08-29","","58.77826087"
"P_2. ERA OBRERO","2015-08-28","","55.76666667"
"P_2. ERA OBRERO","2015-08-27","","58.97916667"
"P_2. ERA OBRERO","2015-08-26","","48.25833333"
"P_2. ERA OBRERO","2015-08-25","","46.33333333"
"P_2. ERA OBRERO","2015-08-24","","39.4125"
"P_2. ERA OBRERO","2015-08-23","","47.7875"
"P_2. ERA OBRERO","2015-08-22","","51.875"
"P_2. ERA OBRERO","2015-08-21","","52.5875"
"P_2. ERA OBRERO","2015-08-20","","44.4625"
"P_2. ERA OBRERO","2015-08-19","","45.98333333"
"P_2. ERA OBRERO","2015-08-18","","38.875"
"P_2. ERA OBRERO","2015-08-17","","30.5"
"P_2. ERA OBRERO","2015-08-16","","31.06666667"
"P_2. ERA OBRERO","2015-08-15","","38.63333333"
"P_2. ERA OBRERO","2015-08-14","","37.72083333"
"P_2. ERA OBRERO","2015-08-13","","49.76666667"
"P_2. ERA OBRERO","2015-08-12","","42.84583333"
"P_2. ERA OBRERO","2015-08-11","","46.325"
"P_2. ERA OBRERO","2015-08-10","","40.62083333"
"P_2. ERA OBRERO","2015-08-09","","36.1"
"P_2. ERA OBRERO","2015-08-08","","57.7625"
"P_2. ERA OBRERO","2015-08-07","","49.27826087"
"P_2. ERA OBRERO","2015-08-06","","47.4875"
"P_2. ERA OBRERO","2015-08-05","","50.3375"
"P_2. ERA OBRERO","2015-08-04","","48.74166667"
"P_2. ERA OBRERO","2015-08-03","","48.69166667"
"P_2. ERA OBRERO","2015-08-02","","47.94583333"
"P_2. ERA OBRERO","2015-08-01","","50.70833333"
"P_2. ERA OBRERO","2015-07-31","","45.5125"
"P_2. ERA OBRERO","2015-07-30","","39.41666667"
"P_2. ERA OBRERO","2015-07-29","","33.76666667"
"P_2. ERA OBRERO","2015-07-28","","46.30416667"
"P_2. ERA OBRERO","2015-07-27","","49.875"
"P_2. ERA OBRERO","2015-07-26","","40.38333333"
"P_2. ERA OBRERO","2015-07-25","","55.375"
"P_2. ERA OBRERO","2015-07-24","","54.85416667"
"P_2. ERA OBRERO","2015-07-23","","38.875"
"P_2. ERA OBRERO","2015-07-22","","34.9125"
"P_2. ERA OBRERO","2015-07-21","","33.55416667"
"P_2. ERA OBRERO","2015-07-20","","17.91666667"
"P_2. ERA OBRERO","2015-07-19","","30.12916667"
"P_2. ERA OBRERO","2015-07-18","","51.44583333"
"P_2. ERA OBRERO","2015-07-17","","42.5625"
"P_2. ERA OBRERO","2015-07-16","","43.1625"
"P_2. ERA OBRERO","2015-07-15","","57.46666667"
"P_2. ERA OBRERO","2015-07-14","","51.92083333"
"P_2. ERA OBRERO","2015-07-13","","33.32916667"
"P_2. ERA OBRERO","2015-07-12","","30.22916667"
"P_2. ERA OBRERO","2015-07-11","","38.7"
"P_2. ERA OBRERO","2015-07-10","","56.52916667"
"P_2. ERA OBRERO","2015-07-09","","46.9125"
"P_2. ERA OBRERO","2015-07-08","","39.52083333"
"P_2. ERA OBRERO","2015-07-07","","42.22083333"
"P_2. ERA OBRERO","2015-07-06","","43.825"
"P_2. ERA OBRERO","2015-07-05","","50.6625"
"P_2. ERA OBRERO","2015-07-04","","61.75"
"P_2. ERA OBRERO","2015-07-03","","62.67916667"
"P_2. ERA OBRERO","2015-07-02","","55.05833333"
"P_2. ERA OBRERO","2015-07-01","","59.07916667"
"P_2. ERA OBRERO","2015-06-30","","56.51666667"
"P_2. ERA OBRERO","2015-06-29","","31.81666667"
"P_2. ERA OBRERO","2015-06-28","","33.07083333"
"P_2. ERA OBRERO","2015-06-27","","40.17083333"
"P_2. ERA OBRERO","2015-06-26","","48.64583333"
"P_2. ERA OBRERO","2015-06-25","","49.73333333"
"P_2. ERA OBRERO","2015-06-24","","42.3"
"P_2. ERA OBRERO","2015-06-23","","41.26153846"
"P_2. ERA OBRERO","2015-06-18","","63.4625"
"P_2. ERA OBRERO","2015-06-17","","47.37083333"
"P_2. ERA OBRERO","2015-06-16","","45.75416667"
"P_2. ERA OBRERO","2015-06-15","","41.22083333"
"P_2. ERA OBRERO","2015-06-14","","44.725"
"P_2. ERA OBRERO","2015-06-13","","63.84583333"
"P_2. ERA OBRERO","2015-06-12","","47.72083333"
"P_2. ERA OBRERO","2015-06-11","","39.70833333"
"P_2. ERA OBRERO","2015-06-10","","35.18333333"
"P_2. ERA OBRERO","2015-06-09","","37.34583333"
"P_2. ERA OBRERO","2015-06-08","","19.7875"
"P_2. ERA OBRERO","2015-06-07","","30.7875"
"P_2. ERA OBRERO","2015-06-06","","32.5"
"P_2. ERA OBRERO","2015-06-05","","40.95416667"
"P_2. ERA OBRERO","2015-06-04","","41.67916667"
"P_2. ERA OBRERO","2015-06-03","","47.20833333"
"P_2. ERA OBRERO","2015-06-02","","48.1125"
"P_2. ERA OBRERO","2015-06-01","","49.625"
"P_2. ERA OBRERO","2015-05-31","","31.5125"
"P_2. ERA OBRERO","2015-05-30","","47.725"
"P_2. ERA OBRERO","2015-05-29","","48.42916667"
"P_2. ERA OBRERO","2015-05-28","","29.92083333"
"P_2. ERA OBRERO","2015-05-27","","37.10416667"
"P_2. ERA OBRERO","2015-05-26","","46.16666667"
"P_2. ERA OBRERO","2015-05-25","","29.24166667"
"P_2. ERA OBRERO","2015-05-24","","28.69166667"
"P_2. ERA OBRERO","2015-05-23","","59.70833333"
"P_2. ERA OBRERO","2015-05-22","","47.775"
"P_2. ERA OBRERO","2015-05-21","","38.13333333"
"P_2. ERA OBRERO","2015-05-20","","35.50833333"
"P_2. ERA OBRERO","2015-05-19","","43.15416667"
"P_2. ERA OBRERO","2015-05-18","","36.0375"
"P_2. ERA OBRERO","2015-05-17","","26.4"
"P_2. ERA OBRERO","2015-05-16","","46.1625"
"P_2. ERA OBRERO","2015-05-15","","44.90833333"
"P_2. ERA OBRERO","2015-05-14","","47.15384615"
"P_2. ERA OBRERO","2014-08-31","","20.5625"
"P_2. ERA OBRERO","2014-08-30","","34.35416667"
"P_2. ERA OBRERO","2014-08-29","","34.11666667"
"P_2. ERA OBRERO","2014-08-28","","36.52916667"
"P_2. ERA OBRERO","2014-08-27","","3.325"
"P_2. ERA OBRERO","2014-08-26","","14.29090909"
"P_2. ERA OBRERO","2014-08-25","","26.20416667"
"P_2. ERA OBRERO","2014-08-24","","24.09565217"
"P_2. ERA OBRERO","2014-08-23","","30.54210526"
"P_2. ERA OBRERO","2014-08-22","","54.66666667"
"P_2. ERA OBRERO","2014-08-21","","25.30416667"
"P_2. ERA OBRERO","2014-08-20","","19.24583333"
"P_2. ERA OBRERO","2014-08-19","","11.79"
"P_2. ERA OBRERO","2014-08-16","","59.54117647"
"P_2. ERA OBRERO","2014-08-15","","41.4625"
"P_2. ERA OBRERO","2014-08-14","","15.81666667"
"P_2. ERA OBRERO","2014-08-13","","34.625"
"P_2. ERA OBRERO","2014-08-12","","19.69166667"
"P_2. ERA OBRERO","2014-08-11","","4.69333333"
"P_2. ERA OBRERO","2014-08-07","","7.56666667"
"P_2. ERA OBRERO","2014-08-06","","31.80416667"
"P_2. ERA OBRERO","2014-08-05","","28.7875"
"P_2. ERA OBRERO","2014-08-04","","28.40833333"
"P_2. ERA OBRERO","2014-08-03","","21.98333333"
"P_2. ERA OBRERO","2014-08-02","","50.025"
"P_2. ERA OBRERO","2014-08-01","","55.65333333"
"P_2. ERA OBRERO","2014-07-22","","21.44583333"
"P_2. ERA OBRERO","2014-07-21","","22.50416667"
"P_2. ERA OBRERO","2014-07-20","","15.925"
"P_2. ERA OBRERO","2014-07-19","","29.5"
"P_2. ERA OBRERO","2014-07-18","","26.80833333"
"P_2. ERA OBRERO","2014-07-17","","31.3625"
"P_2. ERA OBRERO","2014-07-16","","29.97916667"
"P_2. ERA OBRERO","2014-07-15","","24.675"
"P_2. ERA OBRERO","2014-07-14","","27.75"
"P_2. ERA OBRERO","2014-07-13","","13.8875"
"P_2. ERA OBRERO","2014-07-12","","21.4375"
"P_2. ERA OBRERO","2014-07-11","","40.11666667"
"P_2. ERA OBRERO","2014-07-10","","43.475"
"P_2. ERA OBRERO","2014-07-09","","29.34583333"
"P_2. ERA OBRERO","2014-07-08","","25.125"
"P_2. ERA OBRERO","2014-07-07","","21.87916667"
"P_2. ERA OBRERO","2014-07-06","","10.76086957"
"P_2. ERA OBRERO","2014-07-05","","30.51764706"
"P_2. ERA OBRERO","2014-07-04","","20.85"
"P_2. ERA OBRERO","2014-07-02","","8.39090909"
"P_2. ERA OBRERO","2014-07-01","","6.84666667"
"P_2. ERA OBRERO","2014-06-23","","4.4"
"P_2. ERA OBRERO","2014-06-22","","41.52666667"
"P_2. ERA OBRERO","2014-06-21","","35.66666667"
"P_2. ERA OBRERO","2014-06-20","","41.80909091"
"P_2. ERA OBRERO","2014-06-19","","57.04761905"
"P_2. ERA OBRERO","2014-06-18","","50.31428571"
"P_2. ERA OBRERO","2014-06-17","","35.30833333"
"P_2. ERA OBRERO","2014-06-16","","25.05"
"P_2. ERA OBRERO","2014-06-15","","10.41666667"
"P_2. ERA OBRERO","2014-06-14","","31.95"
"P_2. ERA OBRERO","2014-06-13","","29.97222222"
"P_2. ERA OBRERO","2014-06-12","","23.53333333"
"P_2. ERA OBRERO","2014-06-11","","37.62105263"
"P_2. ERA OBRERO","2014-06-10","","24.07142857"
"P_2. ERA OBRERO","2014-06-09","","15.89583333"
"P_2. ERA OBRERO","2014-06-08","","41.53571429"
"P_2. ERA OBRERO","2014-06-07","","20.18823529"
"P_2. ERA OBRERO","2014-06-06","","60.21052632"
"P_2. ERA OBRERO","2014-06-05","","74.225"
"P_2. ERA OBRERO","2014-06-04","","26.36818182"
"P_2. ERA OBRERO","2014-06-03","","20.59166667"
"P_2. ERA OBRERO","2014-06-02","","8.92916667"
"P_2. ERA OBRERO","2014-06-01","","15.2"
"P_2. ERA OBRERO","2014-05-31","","42.34210526"
"P_2. ERA OBRERO","2014-05-30","","34.63333333"
"P_2. ERA OBRERO","2014-05-29","","10.96666667"
"P_2. ERA OBRERO","2014-05-28","","34.3375"
"P_2. ERA OBRERO","2014-05-27","","48.80833333"
"P_2. ERA OBRERO","2014-05-26","","33.17916667"
"P_2. ERA OBRERO","2014-05-25","","16.99166667"
"P_2. ERA OBRERO","2014-05-24","","31.81111111"
"P_2. ERA OBRERO","2014-05-23","","42.82777778"
"P_2. ERA OBRERO","2014-05-22","","38.94375"
"P_2. ERA OBRERO","2014-05-21","","26.96521739"
"P_2. ERA OBRERO","2014-05-20","","26.47083333"
"P_2. ERA OBRERO","2014-05-19","","39.91764706"
"P_2. ERA OBRERO","2014-05-18","","18.35416667"
"P_2. ERA OBRERO","2014-05-17","","32.15625"
"P_2. ERA OBRERO","2014-05-16","","31.19545455"
"P_2. ERA OBRERO","2014-05-15","","24.12105263"
"P_2. ERA OBRERO","2014-05-14","","31.15833333"
"P_2. ERA OBRERO","2014-05-13","","79.35"
"P_2. ERA OBRERO","2014-05-12","","16.175"
"P_2. ERA OBRERO","2014-05-11","","3.43846154"
"P_2. ERA OBRERO","2014-05-10","","19.58947368"
"P_2. ERA OBRERO","2014-05-09","","12.64761905"
"P_2. ERA OBRERO","2014-05-08","","31.075"
"P_2. ERA OBRERO","2014-05-07","","24.71666667"
"P_2. ERA OBRERO","2014-05-06","","53.47083333"
"P_2. ERA OBRERO","2014-05-05","","34.75882353"
"P_2. ERA OBRERO","2014-05-04","","49.67142857"
"P_2. ERA OBRERO","2014-05-03","","14.2875"
"P_2. ERA OBRERO","2014-05-02","","20.62083333"
"P_2. ERA OBRERO","2014-05-01","","48.74"
"P_2. ERA OBRERO","2014-04-30","","28.27916667"
"P_2. ERA OBRERO","2014-04-29","","7.61578947"
"P_2. ERA OBRERO","2014-04-28","","18.17"
"P_2. ERA OBRERO","2014-04-27","","4.68181818"
"P_2. ERA OBRERO","2014-04-26","","11.83478261"
"P_2. ERA OBRERO","2014-04-25","","33.98636364"
"P_2. ERA OBRERO","2014-04-24","","28.6625"
"P_2. ERA OBRERO","2014-04-23","","16.25416667"
"P_2. ERA OBRERO","2014-04-22","","17.39565217"
"P_2. ERA OBRERO","2014-04-21","","21.8"
"P_2. ERA OBRERO","2014-04-20","","18.8625"
"P_2. ERA OBRERO","2014-04-19","","23.22916667"
"P_2. ERA OBRERO","2014-04-18","","15.075"
"P_2. ERA OBRERO","2014-04-17","","16.82916667"
"P_2. ERA OBRERO","2014-04-16","","21.3"
"P_2. ERA OBRERO","2014-04-15","","17.21666667"
"P_2. ERA OBRERO","2014-04-14","","29.81666667"
"P_2. ERA OBRERO","2014-04-13","","24.52083333"
"P_2. ERA OBRERO","2014-04-12","","36.575"
"P_2. ERA OBRERO","2014-04-11","","31.82083333"
"P_2. ERA OBRERO","2014-04-10","","20.40416667"
"P_2. ERA OBRERO","2014-04-09","","39.35833333"
"P_2. ERA OBRERO","2014-04-08","","49.70909091"
"P_2. ERA OBRERO","2014-04-07","","15.1"
"P_2. ERA OBRERO","2014-04-06","","17.7375"
"P_2. ERA OBRERO","2014-04-05","","44.58181818"
"P_2. ERA OBRERO","2014-04-04","","39.84"
"P_2. ERA OBRERO","2014-04-03","","59.39166667"
"P_2. ERA OBRERO","2014-04-02","","65.18461538"
"P_2. ERA OBRERO","2014-04-01","","46.20416667"
