"Estacion","Fecha inicial","Fecha final","PM10"
"GUAYMARAL","2021-02-15","","37.11111111"
"GUAYMARAL","2021-02-14","","29.56521739"
"GUAYMARAL","2021-02-13","","26.45833333"
"GUAYMARAL","2021-02-12","","39.29166667"
"GUAYMARAL","2021-02-11","","37.26086957"
"GUAYMARAL","2021-02-10","","26.54166667"
"GUAYMARAL","2021-02-09","","33.45833333"
"GUAYMARAL","2021-02-08","","33.5"
"GUAYMARAL","2021-02-07","","23.95833333"
"GUAYMARAL","2021-02-06","","29.41666667"
"GUAYMARAL","2021-02-05","","24.83333333"
"GUAYMARAL","2021-02-04","","36.0"
"GUAYMARAL","2021-02-03","","31.91666667"
"GUAYMARAL","2021-02-02","","24.625"
"GUAYMARAL","2021-02-01","","18.7826087"
"GUAYMARAL","2021-01-31","","22.91304348"
"GUAYMARAL","2021-01-30","","31.95833333"
"GUAYMARAL","2021-01-29","","43.625"
"GUAYMARAL","2021-01-28","","46.54166667"
"GUAYMARAL","2021-01-27","","30.54166667"
"GUAYMARAL","2021-01-26","","24.375"
"GUAYMARAL","2021-01-25","","23.375"
"GUAYMARAL","2021-01-24","","17.375"
"GUAYMARAL","2021-01-23","","17.54166667"
"GUAYMARAL","2021-01-22","","27.79166667"
"GUAYMARAL","2021-01-21","","43.41666667"
"GUAYMARAL","2021-01-20","","33.5"
"GUAYMARAL","2021-01-19","","46.95833333"
"GUAYMARAL","2021-01-18","","30.75"
"GUAYMARAL","2021-01-17","","26.54166667"
"GUAYMARAL","2021-01-16","","37.375"
"GUAYMARAL","2021-01-15","","41.60869565"
"GUAYMARAL","2021-01-14","","38.65217391"
"GUAYMARAL","2021-01-13","","29.5"
"GUAYMARAL","2021-01-12","","18.79166667"
"GUAYMARAL","2021-01-11","","12.0"
"GUAYMARAL","2021-01-10","","11.66666667"
"GUAYMARAL","2021-01-09","","12.29166667"
"GUAYMARAL","2021-01-08","","20.17391304"
"GUAYMARAL","2021-01-07","","21.41666667"
"GUAYMARAL","2021-01-06","","27.58333333"
"GUAYMARAL","2021-01-05","","27.70833333"
"GUAYMARAL","2021-01-04","","29.54166667"
"GUAYMARAL","2021-01-03","","14.79166667"
"GUAYMARAL","2021-01-02","","13.83333333"
"GUAYMARAL","2021-01-01","","15.75"
"GUAYMARAL","2020-12-31","","29.73913043"
"GUAYMARAL","2020-12-30","","37.86956522"
"GUAYMARAL","2020-12-29","","29.83333333"
"GUAYMARAL","2020-12-28","","30.875"
"GUAYMARAL","2020-12-27","","22.16666667"
"GUAYMARAL","2020-12-26","","26.45833333"
"GUAYMARAL","2020-12-25","","20.16666667"
"GUAYMARAL","2020-12-24","","26.7826087"
"GUAYMARAL","2020-12-23","","42.73333333"
"GUAYMARAL","2020-12-22","","23.92857143"
"GUAYMARAL","2020-12-21","","38.45833333"
"GUAYMARAL","2020-12-20","","17.83333333"
"GUAYMARAL","2020-12-19","","25.625"
"GUAYMARAL","2020-12-18","","30.125"
"GUAYMARAL","2020-12-17","","22.125"
"GUAYMARAL","2020-12-16","","29.56521739"
"GUAYMARAL","2020-12-15","","34.26086957"
"GUAYMARAL","2020-12-14","","30.08333333"
"GUAYMARAL","2020-12-13","","23.16666667"
"GUAYMARAL","2020-12-12","","36.625"
"GUAYMARAL","2020-12-11","","46.25"
"GUAYMARAL","2020-12-10","","36.82608696"
"GUAYMARAL","2020-12-09","","43.625"
"GUAYMARAL","2020-12-08","","31.75"
"GUAYMARAL","2020-12-07","","31.04166667"
"GUAYMARAL","2020-12-06","","23.29166667"
"GUAYMARAL","2020-12-05","","27.69565217"
"GUAYMARAL","2020-12-04","","27.625"
"GUAYMARAL","2020-12-03","","21.91666667"
"GUAYMARAL","2020-12-02","","20.75"
"GUAYMARAL","2020-12-01","","26.0"
"GUAYMARAL","2020-11-30","","23.0"
"GUAYMARAL","2020-11-29","","12.375"
"GUAYMARAL","2020-11-28","","18.5"
"GUAYMARAL","2020-11-27","","26.16666667"
"GUAYMARAL","2020-11-26","","38.25"
"GUAYMARAL","2020-11-25","","31.0"
"GUAYMARAL","2020-11-24","","38.04347826"
"GUAYMARAL","2020-11-23","","36.54166667"
"GUAYMARAL","2020-11-22","","35.375"
"GUAYMARAL","2020-11-21","","30.79166667"
"GUAYMARAL","2020-11-20","","29.0"
"GUAYMARAL","2020-11-19","","35.86956522"
"GUAYMARAL","2020-11-18","","37.75"
"GUAYMARAL","2020-11-17","","28.28"
"GUAYMARAL","2020-11-16","","25.20833333"
"GUAYMARAL","2020-11-15","","28.7826087"
"GUAYMARAL","2020-11-14","","32.16666667"
"GUAYMARAL","2020-11-13","","22.875"
"GUAYMARAL","2020-11-12","","27.66666667"
"GUAYMARAL","2020-11-11","","20.47826087"
"GUAYMARAL","2020-11-10","","41.625"
"GUAYMARAL","2020-11-09","","42.08333333"
"GUAYMARAL","2020-11-08","","31.66666667"
"GUAYMARAL","2020-11-07","","42.95833333"
"GUAYMARAL","2020-11-06","","54.45833333"
"GUAYMARAL","2020-11-05","","42.60869565"
"GUAYMARAL","2020-11-04","","44.45833333"
"GUAYMARAL","2020-11-03","","45.08333333"
"GUAYMARAL","2020-11-02","","35.0"
"GUAYMARAL","2020-11-01","","24.72"
"GUAYMARAL","2020-10-31","","31.13043478"
"GUAYMARAL","2020-10-30","","45.375"
"GUAYMARAL","2020-10-29","","30.58333333"
"GUAYMARAL","2020-10-28","","39.2"
"GUAYMARAL","2020-10-27","","42.71428571"
"GUAYMARAL","2020-10-26","","43.25"
"GUAYMARAL","2020-10-25","","29.08333333"
"GUAYMARAL","2020-10-24","","22.58333333"
"GUAYMARAL","2020-10-23","","20.45833333"
"GUAYMARAL","2020-10-22","","20.69565217"
"GUAYMARAL","2020-10-21","","20.66666667"
"GUAYMARAL","2020-10-20","","33.83333333"
"GUAYMARAL","2020-10-19","","33.45833333"
"GUAYMARAL","2020-10-18","","16.375"
"GUAYMARAL","2020-10-17","","21.04166667"
"GUAYMARAL","2020-10-16","","18.625"
"GUAYMARAL","2020-10-15","","27.17391304"
"GUAYMARAL","2020-10-14","","26.0"
"GUAYMARAL","2020-10-13","","19.86956522"
"GUAYMARAL","2020-10-12","","15.83333333"
"GUAYMARAL","2020-10-11","","19.875"
"GUAYMARAL","2020-10-10","","23.5"
"GUAYMARAL","2020-10-09","","22.25"
"GUAYMARAL","2020-10-08","","22.70833333"
"GUAYMARAL","2020-10-07","","30.52173913"
"GUAYMARAL","2020-10-06","","38.625"
"GUAYMARAL","2020-10-05","","26.04166667"
"GUAYMARAL","2020-10-04","","12.83333333"
"GUAYMARAL","2020-10-03","","24.33333333"
"GUAYMARAL","2020-10-02","","31.75"
"GUAYMARAL","2020-10-01","","29.16666667"
"GUAYMARAL","2020-09-30","","22.60869565"
"GUAYMARAL","2020-09-29","","22.47826087"
"GUAYMARAL","2020-09-28","","28.54166667"
"GUAYMARAL","2020-09-27","","26.61111111"
"GUAYMARAL","2020-09-26","","35.875"
"GUAYMARAL","2020-09-25","","24.20833333"
"GUAYMARAL","2020-09-24","","19.875"
"GUAYMARAL","2020-09-23","","22.73913043"
"GUAYMARAL","2020-09-22","","33.125"
"GUAYMARAL","2020-09-21","","28.125"
"GUAYMARAL","2020-09-20","","12.79166667"
"GUAYMARAL","2020-09-19","","43.58333333"
"GUAYMARAL","2020-09-18","","41.95833333"
"GUAYMARAL","2020-09-17","","38.13043478"
"GUAYMARAL","2020-09-16","","31.33333333"
"GUAYMARAL","2020-09-15","","31.5"
"GUAYMARAL","2020-09-14","","30.91304348"
"GUAYMARAL","2020-09-13","","17.2173913"
"GUAYMARAL","2020-09-12","","31.20833333"
"GUAYMARAL","2020-09-11","","35.54166667"
"GUAYMARAL","2020-09-10","","32.91666667"
"GUAYMARAL","2020-09-09","","33.91666667"
"GUAYMARAL","2020-09-08","","27.25"
"GUAYMARAL","2020-09-07","","25.17391304"
"GUAYMARAL","2020-09-06","","16.25"
"GUAYMARAL","2020-09-05","","19.20833333"
"GUAYMARAL","2020-09-04","","17.16666667"
"GUAYMARAL","2020-09-03","","23.5"
"GUAYMARAL","2020-09-02","","29.26086957"
"GUAYMARAL","2020-09-01","","33.04166667"
"GUAYMARAL","2020-08-31","","33.34782609"
"GUAYMARAL","2020-08-30","","24.95833333"
"GUAYMARAL","2020-08-29","","36.91666667"
"GUAYMARAL","2020-08-28","","26.625"
"GUAYMARAL","2020-08-27","","23.69565217"
"GUAYMARAL","2020-08-26","","30.375"
"GUAYMARAL","2020-08-25","","32.33333333"
"GUAYMARAL","2020-08-24","","27.29166667"
"GUAYMARAL","2020-08-23","","20.30434783"
"GUAYMARAL","2020-08-22","","21.20833333"
"GUAYMARAL","2020-08-21","","24.33333333"
"GUAYMARAL","2020-08-20","","25.60869565"
"GUAYMARAL","2020-08-19","","29.95833333"
"GUAYMARAL","2020-08-18","","33.79166667"
"GUAYMARAL","2020-08-17","","27.54166667"
"GUAYMARAL","2020-08-16","","20.45833333"
"GUAYMARAL","2020-08-15","","26.30434783"
"GUAYMARAL","2020-08-14","","15.95652174"
"GUAYMARAL","2020-08-13","","15.66666667"
"GUAYMARAL","2020-08-12","","25.69565217"
"GUAYMARAL","2020-08-11","","22.95833333"
"GUAYMARAL","2020-08-10","","19.70833333"
"GUAYMARAL","2020-08-09","","15.20833333"
"GUAYMARAL","2020-08-08","","13.20833333"
"GUAYMARAL","2020-08-07","","15.69565217"
"GUAYMARAL","2020-08-06","","21.18181818"
"GUAYMARAL","2020-08-05","","19.20833333"
"GUAYMARAL","2020-08-04","","18.30434783"
"GUAYMARAL","2020-08-03","","20.5"
"GUAYMARAL","2020-08-02","","21.39130435"
"GUAYMARAL","2020-08-01","","24.90909091"
"GUAYMARAL","2020-07-31","","18.72727273"
"GUAYMARAL","2020-07-30","","19.91666667"
"GUAYMARAL","2020-07-29","","25.90909091"
"GUAYMARAL","2020-07-28","","14.28571429"
"GUAYMARAL","2020-07-25","","18.52631579"
"GUAYMARAL","2020-07-24","","18.0"
"GUAYMARAL","2020-07-23","","22.83333333"
"GUAYMARAL","2020-07-22","","24.08333333"
"GUAYMARAL","2020-07-21","","19.34782609"
"GUAYMARAL","2020-07-20","","9.0"
"GUAYMARAL","2020-07-19","","13.33333333"
"GUAYMARAL","2020-07-18","","18.16666667"
"GUAYMARAL","2020-07-17","","17.33333333"
"GUAYMARAL","2020-07-16","","16.04166667"
"GUAYMARAL","2020-07-15","","20.63636364"
"GUAYMARAL","2020-07-14","","14.08333333"
"GUAYMARAL","2020-07-13","","16.04347826"
"GUAYMARAL","2020-07-12","","19.83333333"
"GUAYMARAL","2020-07-11","","18.69565217"
"GUAYMARAL","2020-07-10","","22.16666667"
"GUAYMARAL","2020-07-09","","20.9047619"
"GUAYMARAL","2020-07-08","","9.73913043"
"GUAYMARAL","2020-07-07","","12.59090909"
"GUAYMARAL","2020-07-06","","22.76190476"
"GUAYMARAL","2020-07-05","","18.54545455"
"GUAYMARAL","2020-07-04","","8.38095238"
"GUAYMARAL","2020-07-03","","18.59090909"
"GUAYMARAL","2020-07-02","","11.57142857"
"GUAYMARAL","2020-07-01","","24.375"
"GUAYMARAL","2020-06-30","","28.90909091"
"GUAYMARAL","2020-06-29","","5.94444444"
"GUAYMARAL","2020-06-28","","10.52380952"
"GUAYMARAL","2020-06-27","","19.0"
"GUAYMARAL","2020-06-26","","17.04347826"
"GUAYMARAL","2020-06-25","","67.95652174"
"GUAYMARAL","2020-06-24","","93.08333333"
"GUAYMARAL","2020-06-23","","22.81818182"
"GUAYMARAL","2020-06-22","","7.75"
"GUAYMARAL","2020-06-21","","4.5"
"GUAYMARAL","2020-06-20","","10.0"
"GUAYMARAL","2020-06-19","","12.54545455"
"GUAYMARAL","2020-06-18","","18.86363636"
"GUAYMARAL","2020-06-17","","13.42857143"
"GUAYMARAL","2020-06-16","","11.83333333"
"GUAYMARAL","2020-06-15","","2.56521739"
"GUAYMARAL","2020-06-14","","5.17647059"
"GUAYMARAL","2020-06-13","","8.86666667"
"GUAYMARAL","2020-06-12","","12.25"
"GUAYMARAL","2020-06-11","","11.07142857"
"GUAYMARAL","2020-06-10","","17.2"
"GUAYMARAL","2020-06-09","","10.25"
"GUAYMARAL","2020-06-08","","10.26086957"
"GUAYMARAL","2020-06-07","","12.18181818"
"GUAYMARAL","2020-06-06","","18.70833333"
"GUAYMARAL","2020-06-05","","14.66666667"
"GUAYMARAL","2020-06-04","","17.95652174"
"GUAYMARAL","2020-06-03","","22.42857143"
"GUAYMARAL","2020-06-02","","15.04166667"
"GUAYMARAL","2020-06-01","","12.55"
"GUAYMARAL","2020-05-31","","18.0"
"GUAYMARAL","2020-05-30","","13.34782609"
"GUAYMARAL","2020-05-29","","18.09090909"
"GUAYMARAL","2020-05-28","","18.73913043"
"GUAYMARAL","2020-05-27","","8.05"
"GUAYMARAL","2020-05-26","","4.79166667"
"GUAYMARAL","2020-05-25","","6.94444444"
"GUAYMARAL","2020-05-24","","6.59090909"
"GUAYMARAL","2020-05-23","","7.66666667"
"GUAYMARAL","2020-05-22","","6.72727273"
"GUAYMARAL","2020-05-21","","10.17391304"
"GUAYMARAL","2020-05-20","","12.70833333"
"GUAYMARAL","2020-05-19","","9.7826087"
"GUAYMARAL","2020-05-18","","6.61904762"
"GUAYMARAL","2020-05-17","","3.52631579"
"GUAYMARAL","2020-05-16","","5.19047619"
"GUAYMARAL","2020-05-15","","11.9047619"
"GUAYMARAL","2020-05-14","","17.73684211"
"GUAYMARAL","2020-05-13","","21.0"
"GUAYMARAL","2020-05-12","","18.0952381"
"GUAYMARAL","2020-05-11","","13.95652174"
"GUAYMARAL","2020-05-10","","4.65217391"
"GUAYMARAL","2020-05-09","","4.35294118"
"GUAYMARAL","2020-05-08","","9.43478261"
"GUAYMARAL","2020-05-07","","6.23076923"
"GUAYMARAL","2020-05-06","","13.7826087"
"GUAYMARAL","2020-05-05","","11.13636364"
"GUAYMARAL","2020-05-04","","10.05263158"
"GUAYMARAL","2020-05-03","","11.375"
"GUAYMARAL","2020-05-02","","14.09090909"
"GUAYMARAL","2020-05-01","","11.1"
"GUAYMARAL","2020-04-30","","17.2173913"
"GUAYMARAL","2020-04-29","","26.9047619"
"GUAYMARAL","2020-04-28","","24.45"
"GUAYMARAL","2020-04-27","","21.52380952"
"GUAYMARAL","2020-04-26","","18.17391304"
"GUAYMARAL","2020-04-25","","26.66666667"
"GUAYMARAL","2020-04-24","","17.80952381"
"GUAYMARAL","2020-04-23","","10.52173913"
"GUAYMARAL","2020-04-22","","13.45833333"
"GUAYMARAL","2020-04-21","","9.56521739"
"GUAYMARAL","2020-04-20","","13.73913043"
"GUAYMARAL","2020-04-19","","26.57894737"
"GUAYMARAL","2020-04-18","","34.58333333"
"GUAYMARAL","2020-04-17","","34.3"
"GUAYMARAL","2020-04-16","","34.52173913"
"GUAYMARAL","2020-04-15","","24.66666667"
"GUAYMARAL","2020-04-14","","22.08695652"
"GUAYMARAL","2020-04-13","","25.60869565"
"GUAYMARAL","2020-04-12","","16.75"
"GUAYMARAL","2020-04-11","","11.41666667"
"GUAYMARAL","2020-04-10","","14.70833333"
"GUAYMARAL","2020-04-09","","10.91666667"
"GUAYMARAL","2020-04-08","","13.86956522"
"GUAYMARAL","2020-04-07","","7.91666667"
"GUAYMARAL","2020-04-06","","9.54166667"
"GUAYMARAL","2020-04-05","","7.875"
"GUAYMARAL","2020-04-04","","8.95652174"
"GUAYMARAL","2020-04-03","","20.25"
"GUAYMARAL","2020-04-02","","10.54166667"
"GUAYMARAL","2020-04-01","","16.27272727"
"GUAYMARAL","2020-03-31","","19.57142857"
"GUAYMARAL","2020-03-30","","50.88235294"
"GUAYMARAL","2020-03-29","","47.60869565"
"GUAYMARAL","2020-03-28","","40.04166667"
"GUAYMARAL","2020-03-27","","32.04166667"
"GUAYMARAL","2020-03-26","","26.5"
"GUAYMARAL","2020-03-25","","31.0"
"GUAYMARAL","2020-03-24","","42.0"
"GUAYMARAL","2020-03-23","","43.25"
"GUAYMARAL","2020-03-22","","22.73913043"
"GUAYMARAL","2020-03-21","","26.04166667"
"GUAYMARAL","2020-03-20","","37.45833333"
"GUAYMARAL","2020-03-19","","56.2173913"
"GUAYMARAL","2020-03-18","","54.08333333"
"GUAYMARAL","2020-03-17","","45.75"
"GUAYMARAL","2020-03-16","","30.875"
"GUAYMARAL","2020-03-15","","19.56521739"
"GUAYMARAL","2020-03-14","","23.08333333"
"GUAYMARAL","2020-03-13","","33.54166667"
"GUAYMARAL","2020-03-12","","36.30434783"
"GUAYMARAL","2020-03-11","","37.625"
"GUAYMARAL","2020-03-10","","34.54166667"
"GUAYMARAL","2020-03-09","","33.16666667"
"GUAYMARAL","2020-03-08","","38.125"
"GUAYMARAL","2020-03-07","","55.375"
"GUAYMARAL","2020-03-06","","58.29166667"
"GUAYMARAL","2020-03-05","","49.54166667"
"GUAYMARAL","2020-03-04","","36.70833333"
"GUAYMARAL","2020-03-03","","38.0"
"GUAYMARAL","2020-03-02","","36.33333333"
"GUAYMARAL","2020-03-01","","31.5"
"GUAYMARAL","2020-02-29","","38.43478261"
"GUAYMARAL","2020-02-28","","44.08333333"
"GUAYMARAL","2020-02-27","","31.91666667"
"GUAYMARAL","2020-02-26","","31.13043478"
"GUAYMARAL","2020-02-25","","32.25"
"GUAYMARAL","2020-02-24","","31.125"
"GUAYMARAL","2020-02-23","","22.39130435"
"GUAYMARAL","2020-02-22","","35.04166667"
"GUAYMARAL","2020-02-21","","49.0"
"GUAYMARAL","2020-02-20","","43.30434783"
"GUAYMARAL","2020-02-19","","28.25"
"GUAYMARAL","2020-02-18","","34.75"
"GUAYMARAL","2020-02-17","","24.95833333"
"GUAYMARAL","2020-02-16","","20.375"
"GUAYMARAL","2020-02-15","","23.08695652"
"GUAYMARAL","2020-02-14","","34.7826087"
"GUAYMARAL","2020-02-13","","48.91666667"
"GUAYMARAL","2020-02-12","","49.41666667"
"GUAYMARAL","2020-02-11","","36.20833333"
"GUAYMARAL","2020-02-10","","35.91666667"
"GUAYMARAL","2020-02-09","","32.625"
"GUAYMARAL","2020-02-08","","43.875"
"GUAYMARAL","2020-02-07","","61.54166667"
"GUAYMARAL","2020-02-06","","43.91666667"
"GUAYMARAL","2020-02-05","","43.91304348"
"GUAYMARAL","2020-02-04","","34.16666667"
"GUAYMARAL","2020-02-03","","38.41666667"
"GUAYMARAL","2020-02-02","","23.375"
"GUAYMARAL","2020-02-01","","23.54166667"
"GUAYMARAL","2020-01-31","","27.82608696"
"GUAYMARAL","2020-01-30","","25.45833333"
"GUAYMARAL","2020-01-29","","28.45833333"
"GUAYMARAL","2020-01-28","","35.04347826"
"GUAYMARAL","2020-01-27","","28.33333333"
"GUAYMARAL","2020-01-26","","15.43478261"
"GUAYMARAL","2020-01-25","","39.11764706"
"GUAYMARAL","2020-01-24","","33.875"
"GUAYMARAL","2020-01-23","","31.41666667"
"GUAYMARAL","2020-01-22","","33.95833333"
"GUAYMARAL","2020-01-21","","33.29166667"
"GUAYMARAL","2020-01-20","","23.81818182"
"GUAYMARAL","2020-01-19","","10.58333333"
"GUAYMARAL","2020-01-18","","9.125"
"GUAYMARAL","2020-01-17","","7.5"
"GUAYMARAL","2020-01-16","","25.29166667"
"GUAYMARAL","2020-01-15","","30.2173913"
"GUAYMARAL","2020-01-14","","23.95833333"
"GUAYMARAL","2020-01-13","","20.72727273"
"GUAYMARAL","2020-01-12","","14.70588235"
"GUAYMARAL","2020-01-11","","25.58333333"
"GUAYMARAL","2020-01-10","","34.25"
"GUAYMARAL","2020-01-09","","31.91666667"
"GUAYMARAL","2020-01-08","","30.83333333"
"GUAYMARAL","2020-01-07","","33.65217391"
"GUAYMARAL","2020-01-06","","26.58333333"
"GUAYMARAL","2020-01-05","","26.875"
"GUAYMARAL","2020-01-04","","32.375"
"GUAYMARAL","2020-01-03","","30.26086957"
"GUAYMARAL","2020-01-02","","20.04166667"
"GUAYMARAL","2020-01-01","","19.27272727"
"GUAYMARAL","2019-12-31","","19.52173913"
"GUAYMARAL","2019-12-30","","22.04166667"
"GUAYMARAL","2019-12-29","","21.0"
"GUAYMARAL","2019-12-28","","27.79166667"
"GUAYMARAL","2019-12-27","","13.875"
"GUAYMARAL","2019-12-26","","12.5"
"GUAYMARAL","2019-12-25","","19.2173913"
"GUAYMARAL","2019-12-24","","13.16666667"
"GUAYMARAL","2019-12-23","","11.18181818"
"GUAYMARAL","2019-12-22","","13.125"
"GUAYMARAL","2019-12-21","","14.875"
"GUAYMARAL","2019-12-20","","25.5"
"GUAYMARAL","2019-12-19","","24.75"
"GUAYMARAL","2019-12-18","","32.75"
"GUAYMARAL","2019-12-17","","26.0"
"GUAYMARAL","2019-12-16","","20.29166667"
"GUAYMARAL","2019-12-15","","22.83333333"
"GUAYMARAL","2019-12-14","","30.91666667"
"GUAYMARAL","2019-12-13","","40.43478261"
"GUAYMARAL","2019-12-12","","30.70833333"
"GUAYMARAL","2019-12-11","","36.25"
"GUAYMARAL","2019-12-10","","33.5"
"GUAYMARAL","2019-12-09","","26.125"
"GUAYMARAL","2019-12-08","","23.91666667"
"GUAYMARAL","2019-12-07","","37.25"
"GUAYMARAL","2019-12-06","","36.41666667"
"GUAYMARAL","2019-12-05","","28.25"
"GUAYMARAL","2019-12-04","","37.45833333"
"GUAYMARAL","2019-12-03","","33.54166667"
"GUAYMARAL","2019-12-02","","22.41666667"
"GUAYMARAL","2019-12-01","","10.0"
"GUAYMARAL","2019-11-30","","34.45833333"
"GUAYMARAL","2019-11-29","","48.33333333"
"GUAYMARAL","2019-11-28","","26.95833333"
"GUAYMARAL","2019-11-27","","15.36363636"
"GUAYMARAL","2019-11-26","","10.91666667"
"GUAYMARAL","2019-11-25","","25.34782609"
"GUAYMARAL","2019-11-24","","22.75"
"GUAYMARAL","2019-11-23","","24.70833333"
"GUAYMARAL","2019-11-22","","30.875"
"GUAYMARAL","2019-11-21","","23.83333333"
"GUAYMARAL","2019-11-20","","31.83333333"
"GUAYMARAL","2019-11-19","","30.875"
"GUAYMARAL","2019-11-18","","37.33333333"
"GUAYMARAL","2019-11-17","","28.79166667"
"GUAYMARAL","2019-11-16","","33.83333333"
"GUAYMARAL","2019-11-15","","34.66666667"
"GUAYMARAL","2019-11-14","","23.45833333"
"GUAYMARAL","2019-11-13","","23.04347826"
"GUAYMARAL","2019-11-12","","17.91666667"
"GUAYMARAL","2019-11-11","","10.75"
"GUAYMARAL","2019-11-10","","23.5"
"GUAYMARAL","2019-11-09","","23.875"
"GUAYMARAL","2019-11-08","","16.91666667"
"GUAYMARAL","2019-11-07","","18.54166667"
"GUAYMARAL","2019-11-06","","26.5"
"GUAYMARAL","2019-11-05","","21.33333333"
"GUAYMARAL","2019-11-04","","14.25"
"GUAYMARAL","2019-11-03","","17.29166667"
"GUAYMARAL","2019-11-02","","27.375"
"GUAYMARAL","2019-11-01","","42.33333333"
"GUAYMARAL","2019-10-31","","34.91666667"
"GUAYMARAL","2019-10-30","","36.375"
"GUAYMARAL","2019-10-29","","29.79166667"
"GUAYMARAL","2019-10-28","","18.75"
"GUAYMARAL","2019-10-27","","15.95833333"
"GUAYMARAL","2019-10-26","","13.70833333"
"GUAYMARAL","2019-10-25","","13.33333333"
"GUAYMARAL","2019-10-24","","20.58333333"
"GUAYMARAL","2019-10-23","","26.43478261"
"GUAYMARAL","2019-10-22","","29.33333333"
"GUAYMARAL","2019-10-21","","30.33333333"
"GUAYMARAL","2019-10-20","","19.91666667"
"GUAYMARAL","2019-10-19","","13.83333333"
"GUAYMARAL","2019-10-18","","28.5"
"GUAYMARAL","2019-10-17","","22.58333333"
"GUAYMARAL","2019-10-16","","24.625"
"GUAYMARAL","2019-10-15","","32.54166667"
"GUAYMARAL","2019-10-14","","13.95833333"
"GUAYMARAL","2019-10-13","","10.875"
"GUAYMARAL","2019-10-12","","17.0"
"GUAYMARAL","2019-10-11","","23.66666667"
"GUAYMARAL","2019-10-10","","40.2173913"
"GUAYMARAL","2019-10-09","","28.5"
"GUAYMARAL","2019-10-08","","21.125"
"GUAYMARAL","2019-10-07","","27.75"
"GUAYMARAL","2019-10-06","","20.5"
"GUAYMARAL","2019-10-05","","26.54166667"
"GUAYMARAL","2019-10-04","","26.08333333"
"GUAYMARAL","2019-10-03","","21.54166667"
"GUAYMARAL","2019-10-02","","28.25"
"GUAYMARAL","2019-10-01","","26.54166667"
"GUAYMARAL","2019-09-30","","24.29166667"
"GUAYMARAL","2019-09-29","","17.58333333"
"GUAYMARAL","2019-09-28","","29.0"
"GUAYMARAL","2019-09-27","","26.875"
"GUAYMARAL","2019-09-26","","17.33333333"
"GUAYMARAL","2019-09-25","","18.625"
"GUAYMARAL","2019-09-24","","27.875"
"GUAYMARAL","2019-09-23","","19.47826087"
"GUAYMARAL","2019-09-22","","23.77272727"
"GUAYMARAL","2019-09-21","","17.875"
"GUAYMARAL","2019-09-20","","33.39130435"
"GUAYMARAL","2019-09-19","","28.625"
"GUAYMARAL","2019-09-18","","35.04347826"
"GUAYMARAL","2019-09-17","","46.29166667"
"GUAYMARAL","2019-09-16","","25.29166667"
"GUAYMARAL","2019-09-15","","17.0"
"GUAYMARAL","2019-09-14","","15.66666667"
"GUAYMARAL","2019-09-13","","18.54166667"
"GUAYMARAL","2019-09-12","","17.20833333"
"GUAYMARAL","2019-09-11","","15.75"
"GUAYMARAL","2019-09-10","","25.0"
"GUAYMARAL","2019-09-09","","18.16666667"
"GUAYMARAL","2019-09-08","","14.83333333"
"GUAYMARAL","2019-09-07","","16.375"
"GUAYMARAL","2019-09-06","","20.70833333"
"GUAYMARAL","2019-09-05","","13.33333333"
"GUAYMARAL","2019-09-04","","21.16666667"
"GUAYMARAL","2019-09-03","","26.7826087"
"GUAYMARAL","2019-09-02","","16.79166667"
"GUAYMARAL","2019-09-01","","13.30434783"
"GUAYMARAL","2019-08-31","","28.29166667"
"GUAYMARAL","2019-08-30","","43.68181818"
"GUAYMARAL","2019-08-29","","24.625"
"GUAYMARAL","2019-08-28","","21.04166667"
"GUAYMARAL","2019-08-27","","21.875"
"GUAYMARAL","2019-08-26","","21.5"
"GUAYMARAL","2019-08-25","","15.25"
"GUAYMARAL","2019-08-24","","15.91666667"
"GUAYMARAL","2019-08-23","","27.16666667"
"GUAYMARAL","2019-08-22","","31.5"
"GUAYMARAL","2019-08-21","","16.33333333"
"GUAYMARAL","2019-08-20","","20.66666667"
"GUAYMARAL","2019-08-19","","9.95833333"
"GUAYMARAL","2019-08-18","","19.16666667"
"GUAYMARAL","2019-08-17","","38.0"
"GUAYMARAL","2019-08-16","","58.41666667"
"GUAYMARAL","2019-08-15","","37.5"
"GUAYMARAL","2019-08-14","","18.875"
"GUAYMARAL","2019-08-13","","12.08695652"
"GUAYMARAL","2019-08-12","","13.04166667"
"GUAYMARAL","2019-08-11","","10.5"
"GUAYMARAL","2019-08-10","","27.54166667"
"GUAYMARAL","2019-08-09","","13.54545455"
"GUAYMARAL","2019-08-08","","16.58333333"
"GUAYMARAL","2019-08-07","","14.25"
"GUAYMARAL","2019-08-06","","23.125"
"GUAYMARAL","2019-08-05","","22.86363636"
"GUAYMARAL","2019-08-04","","11.79166667"
"GUAYMARAL","2019-08-03","","14.375"
"GUAYMARAL","2019-08-02","","18.70833333"
"GUAYMARAL","2019-08-01","","20.66666667"
"GUAYMARAL","2019-07-31","","13.75"
"GUAYMARAL","2019-07-30","","19.625"
"GUAYMARAL","2019-07-29","","16.66666667"
"GUAYMARAL","2019-07-28","","16.20833333"
"GUAYMARAL","2019-07-27","","24.20833333"
"GUAYMARAL","2019-07-26","","21.375"
"GUAYMARAL","2019-07-25","","34.83333333"
"GUAYMARAL","2019-07-24","","21.04166667"
"GUAYMARAL","2019-07-23","","10.5"
"GUAYMARAL","2019-07-22","","12.29166667"
"GUAYMARAL","2019-07-21","","11.20833333"
"GUAYMARAL","2019-07-20","","7.91666667"
"GUAYMARAL","2019-07-19","","12.95833333"
"GUAYMARAL","2019-07-18","","13.95652174"
"GUAYMARAL","2019-07-17","","22.0"
"GUAYMARAL","2019-07-16","","22.75"
"GUAYMARAL","2019-07-15","","19.04166667"
"GUAYMARAL","2019-07-14","","6.0"
"GUAYMARAL","2019-07-13","","14.125"
"GUAYMARAL","2019-07-12","","22.29166667"
"GUAYMARAL","2019-07-11","","14.45833333"
"GUAYMARAL","2019-07-10","","12.25"
"GUAYMARAL","2019-07-09","","17.625"
"GUAYMARAL","2019-07-08","","16.33333333"
"GUAYMARAL","2019-07-07","","10.27272727"
"GUAYMARAL","2019-07-06","","14.66666667"
"GUAYMARAL","2019-07-05","","34.29166667"
"GUAYMARAL","2019-07-04","","44.59090909"
"GUAYMARAL","2019-07-03","","22.75"
"GUAYMARAL","2019-07-02","","20.41666667"
"GUAYMARAL","2019-07-01","","9.58333333"
"GUAYMARAL","2019-06-30","","11.0"
"GUAYMARAL","2019-06-29","","14.375"
"GUAYMARAL","2019-06-28","","16.83333333"
"GUAYMARAL","2019-06-27","","34.75"
"GUAYMARAL","2019-06-26","","28.70833333"
"GUAYMARAL","2019-06-25","","20.70833333"
"GUAYMARAL","2019-06-24","","10.41666667"
"GUAYMARAL","2019-06-23","","10.33333333"
"GUAYMARAL","2019-06-22","","11.20833333"
"GUAYMARAL","2019-06-21","","11.625"
"GUAYMARAL","2019-06-20","","13.29166667"
"GUAYMARAL","2019-06-19","","16.58333333"
"GUAYMARAL","2019-06-18","","12.16666667"
"GUAYMARAL","2019-06-17","","12.25"
"GUAYMARAL","2019-06-16","","7.75"
"GUAYMARAL","2019-06-15","","23.625"
"GUAYMARAL","2019-06-14","","19.95833333"
"GUAYMARAL","2019-06-13","","24.04166667"
"GUAYMARAL","2019-06-12","","16.04166667"
"GUAYMARAL","2019-06-11","","15.45833333"
"GUAYMARAL","2019-06-10","","10.70833333"
"GUAYMARAL","2019-06-09","","9.5"
"GUAYMARAL","2019-06-08","","14.66666667"
"GUAYMARAL","2019-06-07","","18.0"
"GUAYMARAL","2019-06-06","","14.58333333"
"GUAYMARAL","2019-06-05","","10.95238095"
"GUAYMARAL","2019-06-04","","15.91666667"
"GUAYMARAL","2019-06-03","","9.25"
"GUAYMARAL","2019-06-02","","16.16666667"
"GUAYMARAL","2019-06-01","","17.75"
"GUAYMARAL","2019-05-31","","18.08695652"
"GUAYMARAL","2019-05-30","","24.29166667"
"GUAYMARAL","2019-05-29","","28.2173913"
"GUAYMARAL","2019-05-28","","29.91666667"
"GUAYMARAL","2019-05-27","","26.41666667"
"GUAYMARAL","2019-05-26","","20.54166667"
"GUAYMARAL","2019-05-25","","28.83333333"
"GUAYMARAL","2019-05-24","","15.33333333"
"GUAYMARAL","2019-05-23","","22.83333333"
"GUAYMARAL","2019-05-22","","16.58333333"
"GUAYMARAL","2019-05-21","","24.30434783"
"GUAYMARAL","2019-05-20","","23.04166667"
"GUAYMARAL","2019-05-19","","14.29166667"
"GUAYMARAL","2019-05-18","","20.41666667"
"GUAYMARAL","2019-05-17","","15.04166667"
"GUAYMARAL","2019-05-16","","21.04166667"
"GUAYMARAL","2019-05-15","","16.95833333"
"GUAYMARAL","2019-05-14","","14.16666667"
"GUAYMARAL","2019-05-13","","10.70833333"
"GUAYMARAL","2019-05-12","","12.79166667"
"GUAYMARAL","2019-05-11","","27.0"
"GUAYMARAL","2019-05-10","","29.86956522"
"GUAYMARAL","2019-05-09","","17.09090909"
"GUAYMARAL","2019-05-08","","20.625"
"GUAYMARAL","2019-05-07","","14.125"
"GUAYMARAL","2019-05-06","","10.66666667"
"GUAYMARAL","2019-05-05","","11.83333333"
"GUAYMARAL","2019-05-04","","18.04166667"
"GUAYMARAL","2019-05-03","","32.29166667"
"GUAYMARAL","2019-05-02","","37.375"
"GUAYMARAL","2019-05-01","","32.375"
"GUAYMARAL","2019-04-30","","24.08333333"
"GUAYMARAL","2019-04-29","","21.58333333"
"GUAYMARAL","2019-04-28","","10.86956522"
"GUAYMARAL","2019-04-27","","14.75"
"GUAYMARAL","2019-04-26","","21.25"
"GUAYMARAL","2019-04-25","","20.66666667"
"GUAYMARAL","2019-04-24","","20.39130435"
"GUAYMARAL","2019-04-23","","27.04166667"
"GUAYMARAL","2019-04-22","","15.95833333"
"GUAYMARAL","2019-04-21","","13.45833333"
"GUAYMARAL","2019-04-20","","11.25"
"GUAYMARAL","2019-04-19","","14.08333333"
"GUAYMARAL","2019-04-18","","23.26086957"
"GUAYMARAL","2019-04-17","","25.125"
"GUAYMARAL","2019-04-16","","29.54166667"
"GUAYMARAL","2019-04-15","","19.41666667"
"GUAYMARAL","2019-04-14","","30.83333333"
"GUAYMARAL","2019-04-13","","33.20833333"
"GUAYMARAL","2019-04-12","","33.56521739"
"GUAYMARAL","2019-04-11","","38.08333333"
"GUAYMARAL","2019-04-10","","36.09090909"
"GUAYMARAL","2019-04-09","","46.95833333"
"GUAYMARAL","2019-04-08","","44.95833333"
"GUAYMARAL","2019-04-07","","32.72727273"
"GUAYMARAL","2019-04-06","","27.29166667"
"GUAYMARAL","2019-04-05","","28.83333333"
"GUAYMARAL","2019-04-04","","20.41666667"
"GUAYMARAL","2019-04-03","","24.95238095"
"GUAYMARAL","2019-04-02","","29.16666667"
"GUAYMARAL","2019-04-01","","24.85"
"GUAYMARAL","2019-03-31","","15.04166667"
"GUAYMARAL","2019-03-30","","26.33333333"
"GUAYMARAL","2019-03-29","","35.70833333"
"GUAYMARAL","2019-03-28","","70.25"
"GUAYMARAL","2019-03-27","","58.17391304"
"GUAYMARAL","2019-03-26","","55.25"
"GUAYMARAL","2019-03-25","","37.91666667"
"GUAYMARAL","2019-03-24","","37.95833333"
"GUAYMARAL","2019-03-23","","36.125"
"GUAYMARAL","2019-03-22","","26.29166667"
"GUAYMARAL","2019-03-21","","36.0"
"GUAYMARAL","2019-03-20","","38.95652174"
"GUAYMARAL","2019-03-19","","34.77272727"
"GUAYMARAL","2019-03-18","","37.54166667"
"GUAYMARAL","2019-03-17","","26.875"
"GUAYMARAL","2019-03-16","","25.33333333"
"GUAYMARAL","2019-03-15","","33.45833333"
"GUAYMARAL","2019-03-14","","34.25"
"GUAYMARAL","2019-03-13","","31.625"
"GUAYMARAL","2019-03-12","","34.41666667"
"GUAYMARAL","2019-03-11","","23.45833333"
"GUAYMARAL","2019-03-10","","16.75"
"GUAYMARAL","2019-03-09","","31.5"
"GUAYMARAL","2019-03-08","","52.79166667"
"GUAYMARAL","2019-03-07","","50.91666667"
"GUAYMARAL","2019-03-06","","53.83333333"
"GUAYMARAL","2019-03-05","","38.34782609"
"GUAYMARAL","2019-03-04","","40.08695652"
"GUAYMARAL","2019-03-03","","24.79166667"
"GUAYMARAL","2019-03-02","","41.29166667"
"GUAYMARAL","2019-03-01","","39.875"
"GUAYMARAL","2019-02-28","","37.75"
"GUAYMARAL","2019-02-27","","38.83333333"
"GUAYMARAL","2019-02-26","","48.16666667"
"GUAYMARAL","2019-02-25","","31.60869565"
"GUAYMARAL","2019-02-24","","24.90909091"
"GUAYMARAL","2019-02-23","","36.45833333"
"GUAYMARAL","2019-02-22","","40.65217391"
"GUAYMARAL","2019-02-21","","31.79166667"
"GUAYMARAL","2019-02-20","","31.08333333"
"GUAYMARAL","2019-02-19","","29.16666667"
"GUAYMARAL","2019-02-18","","42.91666667"
"GUAYMARAL","2019-02-17","","30.08333333"
"GUAYMARAL","2019-02-16","","37.125"
"GUAYMARAL","2019-02-15","","49.58333333"
"GUAYMARAL","2019-02-14","","53.25"
"GUAYMARAL","2019-02-13","","45.0"
"GUAYMARAL","2019-02-12","","52.75"
"GUAYMARAL","2019-02-11","","37.41666667"
"GUAYMARAL","2019-02-10","","28.91666667"
"GUAYMARAL","2019-02-09","","28.58333333"
"GUAYMARAL","2019-02-08","","30.0"
"GUAYMARAL","2019-02-07","","34.33333333"
"GUAYMARAL","2019-02-06","","34.25"
"GUAYMARAL","2019-02-05","","33.75"
"GUAYMARAL","2019-02-04","","40.45454545"
"GUAYMARAL","2019-02-03","","25.375"
"GUAYMARAL","2019-02-02","","35.15"
"GUAYMARAL","2019-02-01","","36.5"
"GUAYMARAL","2019-01-31","","39.56521739"
"GUAYMARAL","2019-01-30","","44.45833333"
"GUAYMARAL","2019-01-29","","30.0"
"GUAYMARAL","2019-01-28","","33.45833333"
"GUAYMARAL","2019-01-27","","24.45833333"
"GUAYMARAL","2019-01-26","","19.875"
"GUAYMARAL","2019-01-25","","27.91666667"
"GUAYMARAL","2019-01-24","","19.08333333"
"GUAYMARAL","2019-01-23","","19.58333333"
"GUAYMARAL","2019-01-22","","17.70833333"
"GUAYMARAL","2019-01-21","","20.5"
"GUAYMARAL","2019-01-20","","9.95833333"
"GUAYMARAL","2019-01-19","","16.72727273"
"GUAYMARAL","2019-01-18","","23.66666667"
"GUAYMARAL","2019-01-17","","28.20833333"
"GUAYMARAL","2019-01-16","","25.04166667"
"GUAYMARAL","2019-01-15","","21.75"
"GUAYMARAL","2019-01-14","","18.625"
"GUAYMARAL","2019-01-13","","26.6"
"GUAYMARAL","2019-01-12","","40.55555556"
"GUAYMARAL","2019-01-11","","27.57894737"
"GUAYMARAL","2019-01-10","","27.65217391"
"GUAYMARAL","2019-01-09","","29.875"
"GUAYMARAL","2019-01-08","","24.41666667"
"GUAYMARAL","2019-01-07","","22.54166667"
"GUAYMARAL","2019-01-06","","25.83333333"
"GUAYMARAL","2019-01-05","","24.33333333"
"GUAYMARAL","2019-01-04","","19.91304348"
"GUAYMARAL","2019-01-03","","17.79166667"
"GUAYMARAL","2019-01-02","","15.60869565"
"GUAYMARAL","2019-01-01","","12.7826087"
"GUAYMARAL","2018-12-31","","21.29166667"
"GUAYMARAL","2018-12-30","","25.5"
"GUAYMARAL","2018-12-29","","20.95833333"
"GUAYMARAL","2018-12-28","","29.5"
"GUAYMARAL","2018-12-27","","26.33333333"
"GUAYMARAL","2018-12-26","","27.95833333"
"GUAYMARAL","2018-12-25","","26.625"
"GUAYMARAL","2018-12-24","","22.33333333"
"GUAYMARAL","2018-12-23","","21.16666667"
"GUAYMARAL","2018-12-22","","17.91666667"
"GUAYMARAL","2018-12-21","","25.58333333"
"GUAYMARAL","2018-12-20","","40.45833333"
"GUAYMARAL","2018-12-19","","30.95833333"
"GUAYMARAL","2018-12-18","","30.83333333"
"GUAYMARAL","2018-12-17","","29.5"
"GUAYMARAL","2018-12-16","","20.58333333"
"GUAYMARAL","2018-12-15","","24.625"
"GUAYMARAL","2018-12-14","","33.20833333"
"GUAYMARAL","2018-12-13","","21.5"
"GUAYMARAL","2018-12-12","","24.95833333"
"GUAYMARAL","2018-12-11","","29.0"
"GUAYMARAL","2018-12-10","","35.08333333"
"GUAYMARAL","2018-12-09","","22.79166667"
"GUAYMARAL","2018-12-08","","31.79166667"
"GUAYMARAL","2018-12-07","","26.91666667"
"GUAYMARAL","2018-12-06","","34.875"
"GUAYMARAL","2018-12-05","","44.56521739"
"GUAYMARAL","2018-12-04","","41.29166667"
"GUAYMARAL","2018-12-03","","32.16666667"
"GUAYMARAL","2018-12-02","","22.16666667"
"GUAYMARAL","2018-12-01","","30.66666667"
"GUAYMARAL","2018-11-30","","40.33333333"
"GUAYMARAL","2018-11-29","","42.33333333"
"GUAYMARAL","2018-11-28","","26.79166667"
"GUAYMARAL","2018-11-27","","35.20833333"
"GUAYMARAL","2018-11-26","","30.18181818"
"GUAYMARAL","2018-11-25","","19.83333333"
"GUAYMARAL","2018-11-24","","35.08333333"
"GUAYMARAL","2018-11-23","","26.79166667"
"GUAYMARAL","2018-11-22","","37.79166667"
"GUAYMARAL","2018-11-21","","32.41666667"
"GUAYMARAL","2018-11-20","","26.76923077"
"GUAYMARAL","2018-11-12","","8.64705882"
"GUAYMARAL","2018-11-11","","17.91666667"
"GUAYMARAL","2018-11-10","","13.95833333"
"GUAYMARAL","2018-11-09","","25.04166667"
"GUAYMARAL","2018-11-08","","29.56521739"
"GUAYMARAL","2018-11-07","","27.91666667"
"GUAYMARAL","2018-11-06","","25.91666667"
"GUAYMARAL","2018-11-05","","15.0"
"GUAYMARAL","2018-11-04","","23.58333333"
"GUAYMARAL","2018-11-03","","28.33333333"
"GUAYMARAL","2018-11-02","","21.16666667"
"GUAYMARAL","2018-11-01","","18.375"
"GUAYMARAL","2018-10-31","","27.125"
"GUAYMARAL","2018-10-30","","30.70833333"
"GUAYMARAL","2018-10-29","","23.08333333"
"GUAYMARAL","2018-10-28","","16.83333333"
"GUAYMARAL","2018-10-27","","15.20833333"
"GUAYMARAL","2018-10-26","","17.625"
"GUAYMARAL","2018-10-25","","29.58333333"
"GUAYMARAL","2018-10-24","","25.625"
"GUAYMARAL","2018-10-21","","18.125"
"GUAYMARAL","2018-10-20","","29.45833333"
"GUAYMARAL","2018-10-19","","34.15384615"
"GUAYMARAL","2018-10-18","","38.41176471"
"GUAYMARAL","2018-10-17","","49.66666667"
"GUAYMARAL","2018-10-16","","26.58333333"
"GUAYMARAL","2018-10-15","","17.16666667"
"GUAYMARAL","2018-10-14","","26.25"
"GUAYMARAL","2018-10-13","","39.16666667"
"GUAYMARAL","2018-10-12","","44.83333333"
"GUAYMARAL","2018-10-11","","37.0"
"GUAYMARAL","2018-10-10","","31.0"
"GUAYMARAL","2018-10-09","","25.25"
"GUAYMARAL","2018-10-08","","29.375"
"GUAYMARAL","2018-10-07","","24.41666667"
"GUAYMARAL","2018-10-06","","23.79166667"
"GUAYMARAL","2018-10-05","","42.41666667"
"GUAYMARAL","2018-10-04","","28.45833333"
"GUAYMARAL","2018-10-03","","35.25"
"GUAYMARAL","2018-10-02","","21.875"
"GUAYMARAL","2018-10-01","","29.70833333"
"GUAYMARAL","2018-09-30","","20.45833333"
"GUAYMARAL","2018-09-29","","22.375"
"GUAYMARAL","2018-09-28","","30.33333333"
"GUAYMARAL","2018-09-27","","22.83333333"
"GUAYMARAL","2018-09-26","","25.625"
"GUAYMARAL","2018-09-25","","29.83333333"
"GUAYMARAL","2018-09-24","","28.33333333"
"GUAYMARAL","2018-09-23","","20.08333333"
"GUAYMARAL","2018-09-22","","20.16666667"
"GUAYMARAL","2018-09-21","","37.79166667"
"GUAYMARAL","2018-09-20","","25.125"
"GUAYMARAL","2018-09-19","","34.91666667"
"GUAYMARAL","2018-09-18","","30.375"
"GUAYMARAL","2018-09-17","","32.33333333"
"GUAYMARAL","2018-09-16","","19.75"
"GUAYMARAL","2018-09-15","","39.125"
"GUAYMARAL","2018-09-14","","36.54166667"
"GUAYMARAL","2018-09-13","","39.625"
"GUAYMARAL","2018-09-12","","62.17391304"
"GUAYMARAL","2018-09-11","","43.41666667"
"GUAYMARAL","2018-09-10","","34.29166667"
"GUAYMARAL","2018-09-09","","20.69565217"
"GUAYMARAL","2018-09-08","","22.83333333"
"GUAYMARAL","2018-09-07","","36.25"
"GUAYMARAL","2018-09-06","","42.33333333"
"GUAYMARAL","2018-09-05","","30.95652174"
"GUAYMARAL","2018-09-04","","27.04166667"
"GUAYMARAL","2018-09-03","","33.83333333"
"GUAYMARAL","2018-09-02","","27.95833333"
"GUAYMARAL","2018-09-01","","37.70833333"
"GUAYMARAL","2018-08-31","","45.47826087"
"GUAYMARAL","2018-08-30","","32.29166667"
"GUAYMARAL","2018-08-29","","28.54166667"
"GUAYMARAL","2018-08-28","","30.58333333"
"GUAYMARAL","2018-08-27","","22.0"
"GUAYMARAL","2018-08-26","","13.29166667"
"GUAYMARAL","2018-08-25","","26.29166667"
"GUAYMARAL","2018-08-24","","29.91666667"
"GUAYMARAL","2018-08-23","","37.125"
"GUAYMARAL","2018-08-22","","25.0"
"GUAYMARAL","2018-08-21","","28.54166667"
"GUAYMARAL","2018-08-20","","19.41666667"
"GUAYMARAL","2018-08-19","","21.75"
"GUAYMARAL","2018-08-18","","24.5"
"GUAYMARAL","2018-08-17","","30.875"
"GUAYMARAL","2018-08-16","","48.54166667"
"GUAYMARAL","2018-08-15","","30.75"
"GUAYMARAL","2018-08-14","","29.04166667"
"GUAYMARAL","2018-08-13","","24.04166667"
"GUAYMARAL","2018-08-12","","22.29166667"
"GUAYMARAL","2018-08-11","","30.0"
"GUAYMARAL","2018-08-10","","31.75"
"GUAYMARAL","2018-08-09","","26.70833333"
"GUAYMARAL","2018-08-08","","27.16666667"
"GUAYMARAL","2018-08-07","","13.75"
"GUAYMARAL","2018-08-06","","24.125"
"GUAYMARAL","2018-08-05","","12.625"
"GUAYMARAL","2018-08-04","","21.08333333"
"GUAYMARAL","2018-08-03","","30.54166667"
"GUAYMARAL","2018-08-02","","30.08333333"
"GUAYMARAL","2018-08-01","","29.33333333"
"GUAYMARAL","2018-07-31","","39.625"
"GUAYMARAL","2018-07-30","","20.69565217"
"GUAYMARAL","2018-07-29","","18.82608696"
"GUAYMARAL","2018-07-28","","21.79166667"
"GUAYMARAL","2018-07-27","","19.29166667"
"GUAYMARAL","2018-07-26","","17.77272727"
"GUAYMARAL","2018-07-25","","27.29166667"
"GUAYMARAL","2018-07-24","","23.04166667"
"GUAYMARAL","2018-07-23","","23.81818182"
"GUAYMARAL","2018-07-21","","24.0"
"GUAYMARAL","2018-07-20","","25.45833333"
"GUAYMARAL","2018-07-19","","26.875"
"GUAYMARAL","2018-07-18","","30.08333333"
"GUAYMARAL","2018-07-17","","21.29166667"
"GUAYMARAL","2018-07-16","","21.91666667"
"GUAYMARAL","2018-07-15","","19.95833333"
"GUAYMARAL","2018-07-14","","21.875"
"GUAYMARAL","2018-07-13","","23.16666667"
"GUAYMARAL","2018-07-12","","25.0"
"GUAYMARAL","2018-07-11","","21.0"
"GUAYMARAL","2018-07-10","","26.83333333"
"GUAYMARAL","2018-07-09","","22.52173913"
"GUAYMARAL","2018-07-08","","16.125"
"GUAYMARAL","2018-07-07","","16.375"
"GUAYMARAL","2018-07-06","","22.41666667"
"GUAYMARAL","2018-07-05","","14.75"
"GUAYMARAL","2018-07-04","","12.125"
"GUAYMARAL","2018-07-03","","22.41666667"
"GUAYMARAL","2018-07-02","","14.5"
"GUAYMARAL","2018-07-01","","15.52173913"
"GUAYMARAL","2018-06-30","","29.66666667"
"GUAYMARAL","2018-06-29","","24.16666667"
"GUAYMARAL","2018-06-28","","17.09090909"
"GUAYMARAL","2018-06-27","","18.375"
"GUAYMARAL","2018-06-26","","17.70833333"
"GUAYMARAL","2018-06-25","","13.66666667"
"GUAYMARAL","2018-06-24","","12.125"
"GUAYMARAL","2018-06-23","","18.75"
"GUAYMARAL","2018-06-22","","22.29166667"
"GUAYMARAL","2018-06-21","","21.04347826"
"GUAYMARAL","2018-06-20","","15.0"
"GUAYMARAL","2018-06-19","","14.41666667"
"GUAYMARAL","2018-06-18","","13.625"
"GUAYMARAL","2018-06-17","","11.125"
"GUAYMARAL","2018-06-16","","13.45833333"
"GUAYMARAL","2018-06-15","","17.08333333"
"GUAYMARAL","2018-06-14","","16.58333333"
"GUAYMARAL","2018-06-13","","18.0"
"GUAYMARAL","2018-06-12","","21.13043478"
"GUAYMARAL","2018-06-11","","12.91666667"
"GUAYMARAL","2018-06-10","","14.08333333"
"GUAYMARAL","2018-06-09","","15.95833333"
"GUAYMARAL","2018-06-08","","21.625"
"GUAYMARAL","2018-06-07","","28.5"
"GUAYMARAL","2018-06-06","","19.79166667"
"GUAYMARAL","2018-06-05","","18.45833333"
"GUAYMARAL","2018-06-04","","10.41666667"
"GUAYMARAL","2018-06-03","","11.91666667"
"GUAYMARAL","2018-06-02","","21.95833333"
"GUAYMARAL","2018-06-01","","27.36363636"
"GUAYMARAL","2018-05-31","","17.75"
"GUAYMARAL","2018-05-30","","28.625"
"GUAYMARAL","2018-05-29","","26.20833333"
"GUAYMARAL","2018-05-28","","24.0"
"GUAYMARAL","2018-05-27","","17.375"
"GUAYMARAL","2018-05-26","","18.04166667"
"GUAYMARAL","2018-05-25","","29.54166667"
"GUAYMARAL","2018-05-24","","19.95833333"
"GUAYMARAL","2018-05-23","","23.0"
"GUAYMARAL","2018-05-22","","31.91666667"
"GUAYMARAL","2018-05-21","","24.875"
"GUAYMARAL","2018-05-20","","15.375"
"GUAYMARAL","2018-05-19","","31.20833333"
"GUAYMARAL","2018-05-18","","35.34782609"
"GUAYMARAL","2018-05-17","","27.04166667"
"GUAYMARAL","2018-05-16","","21.66666667"
"GUAYMARAL","2018-05-15","","20.25"
"GUAYMARAL","2018-05-14","","13.5"
"GUAYMARAL","2018-05-13","","10.08333333"
"GUAYMARAL","2018-05-12","","16.83333333"
"GUAYMARAL","2018-05-11","","23.35714286"
"GUAYMARAL","2018-05-10","","16.28571429"
"GUAYMARAL","2018-05-08","","9.27272727"
"GUAYMARAL","2018-05-07","","22.71428571"
"GUAYMARAL","2018-05-06","","13.54166667"
"GUAYMARAL","2018-05-05","","20.39130435"
"GUAYMARAL","2018-05-04","","22.84210526"
"GUAYMARAL","2018-05-03","","30.83333333"
"GUAYMARAL","2018-05-02","","17.22222222"
"GUAYMARAL","2018-05-01","","23.21052632"
"GUAYMARAL","2018-04-30","","22.69565217"
"GUAYMARAL","2018-04-29","","26.04166667"
"GUAYMARAL","2018-04-28","","22.58333333"
"GUAYMARAL","2018-04-27","","26.0"
"GUAYMARAL","2018-04-26","","14.73913043"
"GUAYMARAL","2018-04-25","","20.08333333"
"GUAYMARAL","2018-04-24","","21.5"
"GUAYMARAL","2018-04-23","","20.65217391"
"GUAYMARAL","2018-04-22","","17.0"
"GUAYMARAL","2018-04-21","","22.34782609"
"GUAYMARAL","2018-04-20","","24.0"
"GUAYMARAL","2018-04-19","","16.66666667"
"GUAYMARAL","2018-04-18","","20.0"
"GUAYMARAL","2018-04-17","","28.5"
"GUAYMARAL","2018-04-16","","34.875"
"GUAYMARAL","2018-04-15","","20.95833333"
"GUAYMARAL","2018-04-14","","19.08333333"
"GUAYMARAL","2018-04-13","","34.04166667"
"GUAYMARAL","2018-04-12","","29.0"
"GUAYMARAL","2018-04-11","","31.45833333"
"GUAYMARAL","2018-04-10","","31.125"
"GUAYMARAL","2018-04-09","","33.59090909"
"GUAYMARAL","2018-04-08","","30.875"
"GUAYMARAL","2018-04-07","","30.29166667"
"GUAYMARAL","2018-04-06","","25.45833333"
"GUAYMARAL","2018-04-05","","37.04347826"
"GUAYMARAL","2018-04-04","","26.66666667"
"GUAYMARAL","2018-04-03","","30.04166667"
"GUAYMARAL","2018-04-02","","28.20833333"
"GUAYMARAL","2018-04-01","","17.08695652"
"GUAYMARAL","2018-03-31","","18.45833333"
"GUAYMARAL","2018-03-30","","21.34782609"
"GUAYMARAL","2018-03-29","","13.125"
"GUAYMARAL","2018-03-28","","32.54166667"
"GUAYMARAL","2018-03-27","","39.29166667"
"GUAYMARAL","2018-03-26","","39.75"
"GUAYMARAL","2018-03-25","","30.45833333"
"GUAYMARAL","2018-03-24","","28.91666667"
"GUAYMARAL","2018-03-23","","50.76190476"
"GUAYMARAL","2018-03-22","","47.375"
"GUAYMARAL","2018-03-21","","56.66666667"
"GUAYMARAL","2018-03-20","","43.95833333"
"GUAYMARAL","2018-03-19","","28.20833333"
"GUAYMARAL","2018-03-18","","41.21052632"
"GUAYMARAL","2018-03-17","","44.0"
"GUAYMARAL","2018-03-16","","45.29166667"
"GUAYMARAL","2018-03-15","","52.26086957"
"GUAYMARAL","2018-03-14","","48.34782609"
"GUAYMARAL","2018-03-13","","49.91666667"
"GUAYMARAL","2018-03-12","","44.66666667"
"GUAYMARAL","2018-03-11","","23.41666667"
"GUAYMARAL","2018-03-10","","30.25"
"GUAYMARAL","2018-03-09","","30.08333333"
"GUAYMARAL","2018-03-08","","20.0"
"GUAYMARAL","2018-03-07","","20.0"
"GUAYMARAL","2018-03-06","","22.25"
"GUAYMARAL","2018-03-05","","28.66666667"
"GUAYMARAL","2018-03-04","","33.23809524"
"GUAYMARAL","2018-03-03","","34.16666667"
"GUAYMARAL","2018-03-02","","34.79166667"
"GUAYMARAL","2018-03-01","","45.58333333"
"GUAYMARAL","2018-02-28","","45.66666667"
"GUAYMARAL","2018-02-27","","47.91666667"
"GUAYMARAL","2018-02-26","","46.25"
"GUAYMARAL","2018-02-25","","36.125"
"GUAYMARAL","2018-02-24","","34.58333333"
"GUAYMARAL","2018-02-23","","44.04166667"
"GUAYMARAL","2018-02-22","","42.79166667"
"GUAYMARAL","2018-02-21","","50.41666667"
"GUAYMARAL","2018-02-20","","35.25"
"GUAYMARAL","2018-02-19","","34.625"
"GUAYMARAL","2018-02-18","","26.91666667"
"GUAYMARAL","2018-02-17","","30.33333333"
"GUAYMARAL","2018-02-16","","35.04166667"
"GUAYMARAL","2018-02-15","","32.29166667"
"GUAYMARAL","2018-02-14","","44.26086957"
"GUAYMARAL","2018-02-13","","63.29166667"
"GUAYMARAL","2018-02-12","","45.16666667"
"GUAYMARAL","2018-02-11","","30.0"
"GUAYMARAL","2018-02-10","","27.95833333"
"GUAYMARAL","2018-02-09","","35.875"
"GUAYMARAL","2018-02-08","","51.13043478"
"GUAYMARAL","2018-02-07","","43.33333333"
"GUAYMARAL","2018-02-06","","56.125"
"GUAYMARAL","2018-02-05","","45.95833333"
"GUAYMARAL","2018-02-04","","37.16666667"
"GUAYMARAL","2018-02-03","","45.04166667"
"GUAYMARAL","2018-02-02","","62.625"
"GUAYMARAL","2018-02-01","","44.54166667"
"GUAYMARAL","2018-01-31","","48.91666667"
"GUAYMARAL","2018-01-30","","46.95833333"
"GUAYMARAL","2018-01-29","","42.91666667"
"GUAYMARAL","2018-01-28","","25.20833333"
"GUAYMARAL","2018-01-27","","43.45833333"
"GUAYMARAL","2018-01-26","","50.08695652"
"GUAYMARAL","2018-01-25","","40.04166667"
"GUAYMARAL","2018-01-24","","45.375"
"GUAYMARAL","2018-01-23","","35.41666667"
"GUAYMARAL","2018-01-22","","32.54166667"
"GUAYMARAL","2018-01-21","","20.0"
"GUAYMARAL","2018-01-20","","18.5"
"GUAYMARAL","2018-01-19","","19.91666667"
"GUAYMARAL","2018-01-18","","22.43478261"
"GUAYMARAL","2018-01-17","","26.33333333"
"GUAYMARAL","2018-01-16","","29.875"
"GUAYMARAL","2018-01-15","","30.20833333"
"GUAYMARAL","2018-01-14","","30.56521739"
"GUAYMARAL","2018-01-13","","44.04166667"
"GUAYMARAL","2018-01-12","","31.125"
"GUAYMARAL","2018-01-11","","34.29166667"
"GUAYMARAL","2018-01-10","","35.40909091"
"GUAYMARAL","2018-01-09","","29.65217391"
"GUAYMARAL","2018-01-08","","27.63636364"
"GUAYMARAL","2018-01-07","","25.86363636"
"GUAYMARAL","2018-01-06","","23.0"
"GUAYMARAL","2018-01-05","","37.375"
"GUAYMARAL","2018-01-04","","32.69565217"
"GUAYMARAL","2018-01-03","","20.26086957"
"GUAYMARAL","2018-01-02","","21.30434783"
"GUAYMARAL","2018-01-01","","14.55555556"
"GUAYMARAL","2017-12-31","","23.40909091"
"GUAYMARAL","2017-12-30","","28.47826087"
"GUAYMARAL","2017-12-29","","29.68181818"
"GUAYMARAL","2017-12-28","","22.0"
"GUAYMARAL","2017-12-27","","23.20833333"
"GUAYMARAL","2017-12-26","","29.79166667"
"GUAYMARAL","2017-12-25","","31.56521739"
"GUAYMARAL","2017-12-24","","24.91666667"
"GUAYMARAL","2017-12-23","","33.75"
"GUAYMARAL","2017-12-22","","35.625"
"GUAYMARAL","2017-12-21","","60.25"
"GUAYMARAL","2017-12-20","","54.625"
"GUAYMARAL","2017-12-19","","46.375"
"GUAYMARAL","2017-12-18","","42.0"
"GUAYMARAL","2017-12-17","","37.29166667"
"GUAYMARAL","2017-12-16","","44.875"
"GUAYMARAL","2017-12-15","","49.25"
"GUAYMARAL","2017-12-14","","34.66666667"
"GUAYMARAL","2017-12-13","","41.22727273"
"GUAYMARAL","2017-12-12","","30.70833333"
"GUAYMARAL","2017-12-11","","18.70833333"
"GUAYMARAL","2017-12-10","","33.20833333"
"GUAYMARAL","2017-12-09","","42.70833333"
"GUAYMARAL","2017-12-08","","43.375"
"GUAYMARAL","2017-12-07","","36.27272727"
"GUAYMARAL","2017-12-02","","46.08333333"
"GUAYMARAL","2017-12-01","","41.33333333"
"GUAYMARAL","2017-11-30","","34.41666667"
"GUAYMARAL","2017-11-29","","30.08333333"
"GUAYMARAL","2017-11-28","","21.29166667"
"GUAYMARAL","2017-11-27","","25.16666667"
"GUAYMARAL","2017-11-26","","21.83333333"
"GUAYMARAL","2017-11-25","","19.58333333"
"GUAYMARAL","2017-11-24","","33.375"
"GUAYMARAL","2017-11-23","","40.25"
"GUAYMARAL","2017-11-22","","49.66666667"
"GUAYMARAL","2017-11-21","","37.79166667"
"GUAYMARAL","2017-11-20","","20.45833333"
"GUAYMARAL","2017-11-19","","28.95833333"
"GUAYMARAL","2017-11-18","","35.16666667"
"GUAYMARAL","2017-11-17","","35.33333333"
"GUAYMARAL","2017-11-16","","32.33333333"
"GUAYMARAL","2017-11-15","","30.625"
"GUAYMARAL","2017-11-14","","37.54166667"
"GUAYMARAL","2017-11-13","","24.45833333"
"GUAYMARAL","2017-11-12","","25.91666667"
"GUAYMARAL","2017-11-11","","22.54166667"
"GUAYMARAL","2017-11-10","","34.75"
"GUAYMARAL","2017-11-09","","38.75"
"GUAYMARAL","2017-11-08","","30.86956522"
"GUAYMARAL","2017-11-07","","36.45833333"
"GUAYMARAL","2017-11-06","","29.45833333"
"GUAYMARAL","2017-11-05","","28.79166667"
"GUAYMARAL","2017-11-04","","40.70833333"
"GUAYMARAL","2017-11-03","","38.66666667"
"GUAYMARAL","2017-11-02","","35.25"
"GUAYMARAL","2017-11-01","","32.0"
"GUAYMARAL","2017-10-31","","36.25"
"GUAYMARAL","2017-10-30","","29.91666667"
"GUAYMARAL","2017-10-29","","14.66666667"
"GUAYMARAL","2017-10-28","","29.125"
"GUAYMARAL","2017-10-27","","41.45833333"
"GUAYMARAL","2017-10-26","","49.0"
"GUAYMARAL","2017-10-25","","31.91666667"
"GUAYMARAL","2017-10-24","","31.95833333"
"GUAYMARAL","2017-10-23","","27.45833333"
"GUAYMARAL","2017-10-22","","10.26086957"
"GUAYMARAL","2017-10-21","","20.75"
"GUAYMARAL","2017-10-20","","40.66666667"
"GUAYMARAL","2017-10-19","","31.125"
"GUAYMARAL","2017-10-18","","21.95652174"
"GUAYMARAL","2017-10-17","","19.20833333"
"GUAYMARAL","2017-10-16","","9.79166667"
"GUAYMARAL","2017-10-15","","14.29166667"
"GUAYMARAL","2017-10-14","","19.55"
"GUAYMARAL","2017-10-13","","21.17391304"
"GUAYMARAL","2017-10-12","","35.875"
"GUAYMARAL","2017-10-11","","21.69565217"
"GUAYMARAL","2017-10-10","","27.33333333"
"GUAYMARAL","2017-10-09","","31.30434783"
"GUAYMARAL","2017-10-08","","22.33333333"
"GUAYMARAL","2017-10-07","","20.25"
"GUAYMARAL","2017-10-06","","28.125"
"GUAYMARAL","2017-10-05","","17.58333333"
"GUAYMARAL","2017-10-04","","31.25"
"GUAYMARAL","2017-10-03","","35.43478261"
"GUAYMARAL","2017-10-02","","32.875"
"GUAYMARAL","2017-10-01","","19.91666667"
"GUAYMARAL","2017-09-30","","18.625"
"GUAYMARAL","2017-09-29","","21.375"
"GUAYMARAL","2017-09-28","","28.625"
"GUAYMARAL","2017-09-27","","39.25"
"GUAYMARAL","2017-09-26","","37.79166667"
"GUAYMARAL","2017-09-25","","23.33333333"
"GUAYMARAL","2017-09-24","","13.625"
"GUAYMARAL","2017-09-23","","20.95833333"
"GUAYMARAL","2017-09-22","","42.58333333"
"GUAYMARAL","2017-09-21","","48.04545455"
"GUAYMARAL","2017-09-20","","38.5"
"GUAYMARAL","2017-09-19","","38.70833333"
"GUAYMARAL","2017-09-18","","15.0"
"GUAYMARAL","2017-09-17","","10.79166667"
"GUAYMARAL","2017-09-16","","24.20833333"
"GUAYMARAL","2017-09-15","","19.95833333"
"GUAYMARAL","2017-09-14","","20.58333333"
"GUAYMARAL","2017-09-13","","17.625"
"GUAYMARAL","2017-09-12","","34.16666667"
"GUAYMARAL","2017-09-11","","20.29166667"
"GUAYMARAL","2017-09-10","","16.125"
"GUAYMARAL","2017-09-09","","21.79166667"
"GUAYMARAL","2017-09-08","","34.73913043"
"GUAYMARAL","2017-09-07","","32.33333333"
"GUAYMARAL","2017-09-06","","33.47826087"
"GUAYMARAL","2017-09-05","","30.95833333"
"GUAYMARAL","2017-09-04","","27.95652174"
"GUAYMARAL","2017-09-03","","18.70833333"
"GUAYMARAL","2017-09-02","","21.52173913"
"GUAYMARAL","2017-09-01","","29.91666667"
"GUAYMARAL","2017-08-31","","24.08333333"
"GUAYMARAL","2017-08-30","","17.91304348"
"GUAYMARAL","2017-08-29","","24.375"
"GUAYMARAL","2017-08-28","","28.54166667"
"GUAYMARAL","2017-08-27","","28.33333333"
"GUAYMARAL","2017-08-26","","25.95833333"
"GUAYMARAL","2017-08-25","","26.5"
"GUAYMARAL","2017-08-24","","37.08695652"
"GUAYMARAL","2017-08-23","","28.29166667"
"GUAYMARAL","2017-08-22","","21.79166667"
"GUAYMARAL","2017-08-21","","17.69565217"
"GUAYMARAL","2017-08-20","","21.41666667"
"GUAYMARAL","2017-08-19","","21.83333333"
"GUAYMARAL","2017-08-18","","41.13043478"
"GUAYMARAL","2017-08-17","","31.20833333"
"GUAYMARAL","2017-08-16","","24.08333333"
"GUAYMARAL","2017-08-15","","48.95833333"
"GUAYMARAL","2017-08-14","","36.95833333"
"GUAYMARAL","2017-08-13","","16.25"
"GUAYMARAL","2017-08-12","","18.20833333"
"GUAYMARAL","2017-08-11","","28.25"
"GUAYMARAL","2017-08-10","","29.34782609"
"GUAYMARAL","2017-08-09","","23.54166667"
"GUAYMARAL","2017-08-08","","19.58333333"
"GUAYMARAL","2017-08-07","","15.95652174"
"GUAYMARAL","2017-08-06","","17.20833333"
"GUAYMARAL","2017-08-05","","13.91666667"
"GUAYMARAL","2017-08-04","","13.08333333"
"GUAYMARAL","2017-08-03","","34.0"
"GUAYMARAL","2017-08-02","","46.08333333"
"GUAYMARAL","2017-08-01","","27.41666667"
"GUAYMARAL","2017-07-31","","14.625"
"GUAYMARAL","2017-07-30","","9.5"
"GUAYMARAL","2017-07-29","","13.16666667"
"GUAYMARAL","2017-07-28","","14.04166667"
"GUAYMARAL","2017-07-27","","19.91304348"
"GUAYMARAL","2017-07-26","","11.76190476"
"GUAYMARAL","2017-07-25","","10.45833333"
"GUAYMARAL","2017-07-24","","12.20833333"
"GUAYMARAL","2017-07-23","","4.69565217"
"GUAYMARAL","2017-07-22","","10.875"
"GUAYMARAL","2017-07-21","","21.20833333"
"GUAYMARAL","2017-07-20","","10.70833333"
"GUAYMARAL","2017-07-19","","10.33333333"
"GUAYMARAL","2017-07-18","","15.43478261"
"GUAYMARAL","2017-07-17","","19.625"
"GUAYMARAL","2017-07-16","","27.58333333"
"GUAYMARAL","2017-07-15","","30.375"
"GUAYMARAL","2017-07-14","","27.4"
"GUAYMARAL","2017-07-13","","19.04347826"
"GUAYMARAL","2017-07-12","","14.33333333"
"GUAYMARAL","2017-07-11","","17.0"
"GUAYMARAL","2017-07-10","","17.29166667"
"GUAYMARAL","2017-07-09","","9.04166667"
"GUAYMARAL","2017-07-08","","21.04166667"
"GUAYMARAL","2017-07-07","","20.25"
"GUAYMARAL","2017-07-06","","13.65217391"
"GUAYMARAL","2017-07-05","","22.58333333"
"GUAYMARAL","2017-07-04","","13.95833333"
"GUAYMARAL","2017-07-03","","6.43478261"
"GUAYMARAL","2017-07-02","","4.77272727"
"GUAYMARAL","2017-07-01","","7.72727273"
"GUAYMARAL","2017-06-30","","14.47826087"
"GUAYMARAL","2017-06-29","","24.26086957"
"GUAYMARAL","2017-06-28","","29.0"
"GUAYMARAL","2017-06-27","","17.73913043"
"GUAYMARAL","2017-06-26","","15.52173913"
"GUAYMARAL","2017-06-25","","9.95454545"
"GUAYMARAL","2017-06-24","","21.125"
"GUAYMARAL","2017-06-23","","34.04166667"
"GUAYMARAL","2017-06-22","","46.45833333"
"GUAYMARAL","2017-06-21","","14.52173913"
"GUAYMARAL","2017-06-20","","10.66666667"
"GUAYMARAL","2017-06-19","","15.29166667"
"GUAYMARAL","2017-06-18","","34.66666667"
"GUAYMARAL","2017-06-17","","41.41666667"
"GUAYMARAL","2017-06-16","","27.33333333"
"GUAYMARAL","2017-06-15","","22.625"
"GUAYMARAL","2017-06-14","","20.0"
"GUAYMARAL","2017-06-13","","17.29166667"
"GUAYMARAL","2017-06-12","","20.58333333"
"GUAYMARAL","2017-06-11","","11.79166667"
"GUAYMARAL","2017-06-10","","15.20833333"
"GUAYMARAL","2017-06-09","","34.875"
"GUAYMARAL","2017-06-08","","37.52173913"
"GUAYMARAL","2017-06-07","","27.125"
"GUAYMARAL","2017-06-06","","21.125"
"GUAYMARAL","2017-06-05","","11.0"
"GUAYMARAL","2017-06-04","","5.0"
"GUAYMARAL","2017-06-03","","15.41666667"
"GUAYMARAL","2017-06-02","","18.33333333"
"GUAYMARAL","2017-06-01","","18.70833333"
"GUAYMARAL","2017-05-31","","20.0"
"GUAYMARAL","2017-05-30","","21.04347826"
"GUAYMARAL","2017-05-29","","13.26086957"
"GUAYMARAL","2017-05-28","","10.91666667"
"GUAYMARAL","2017-05-27","","23.58333333"
"GUAYMARAL","2017-05-26","","24.45833333"
"GUAYMARAL","2017-05-25","","18.81818182"
"GUAYMARAL","2017-05-24","","15.625"
"GUAYMARAL","2017-05-23","","25.69565217"
"GUAYMARAL","2017-05-22","","26.23809524"
"GUAYMARAL","2017-05-21","","26.85714286"
"GUAYMARAL","2017-05-20","","22.29166667"
"GUAYMARAL","2017-05-19","","34.04166667"
"GUAYMARAL","2017-05-18","","30.59090909"
"GUAYMARAL","2017-05-17","","33.25"
"GUAYMARAL","2017-05-16","","18.7826087"
"GUAYMARAL","2017-05-15","","20.83333333"
"GUAYMARAL","2017-05-14","","11.63636364"
"GUAYMARAL","2017-05-13","","22.13043478"
"GUAYMARAL","2017-05-12","","22.66666667"
"GUAYMARAL","2017-05-11","","25.60869565"
"GUAYMARAL","2017-05-10","","22.43478261"
"GUAYMARAL","2017-05-09","","25.54545455"
"GUAYMARAL","2017-05-08","","18.5"
"GUAYMARAL","2017-05-07","","26.43478261"
"GUAYMARAL","2017-05-06","","18.54166667"
"GUAYMARAL","2017-05-05","","23.26086957"
"GUAYMARAL","2017-05-04","","23.375"
"GUAYMARAL","2017-05-03","","22.66666667"
"GUAYMARAL","2017-05-02","","34.55555556"
"GUAYMARAL","2017-04-30","","9.82352941"
"GUAYMARAL","2017-04-29","","23.95833333"
"GUAYMARAL","2017-04-28","","30.20833333"
"GUAYMARAL","2017-04-27","","46.45833333"
"GUAYMARAL","2017-04-26","","27.59090909"
"GUAYMARAL","2017-04-25","","33.17391304"
"GUAYMARAL","2017-04-24","","16.53333333"
"GUAYMARAL","2017-04-23","","16.66666667"
"GUAYMARAL","2017-04-22","","23.5"
"GUAYMARAL","2017-04-21","","25.95833333"
"GUAYMARAL","2017-04-20","","45.52173913"
"GUAYMARAL","2017-04-19","","34.625"
"GUAYMARAL","2017-04-18","","27.375"
"GUAYMARAL","2017-04-17","","13.76190476"
"GUAYMARAL","2017-04-16","","12.69565217"
"GUAYMARAL","2017-04-15","","10.20833333"
"GUAYMARAL","2017-04-14","","8.66666667"
"GUAYMARAL","2017-04-13","","14.70833333"
"GUAYMARAL","2017-04-12","","27.13636364"
"GUAYMARAL","2017-04-11","","36.95833333"
"GUAYMARAL","2017-04-10","","34.52941176"
"GUAYMARAL","2017-04-09","","30.70833333"
"GUAYMARAL","2017-04-08","","47.83333333"
"GUAYMARAL","2017-04-07","","54.29166667"
"GUAYMARAL","2017-04-06","","62.125"
"GUAYMARAL","2017-04-05","","60.0"
"GUAYMARAL","2017-04-04","","52.29166667"
"GUAYMARAL","2017-04-03","","34.91666667"
"GUAYMARAL","2017-04-02","","17.20833333"
"GUAYMARAL","2017-04-01","","24.95833333"
"GUAYMARAL","2017-03-31","","26.33333333"
"GUAYMARAL","2017-03-30","","29.41666667"
"GUAYMARAL","2017-03-29","","24.5"
"GUAYMARAL","2017-03-28","","25.43478261"
"GUAYMARAL","2017-03-27","","24.52173913"
"GUAYMARAL","2017-03-26","","15.625"
"GUAYMARAL","2017-03-25","","41.75"
"GUAYMARAL","2017-03-24","","41.0"
"GUAYMARAL","2017-03-23","","39.56521739"
"GUAYMARAL","2017-03-22","","27.82608696"
"GUAYMARAL","2017-03-21","","39.45833333"
"GUAYMARAL","2017-03-20","","37.41666667"
"GUAYMARAL","2017-03-19","","33.95833333"
"GUAYMARAL","2017-03-18","","46.54166667"
"GUAYMARAL","2017-03-17","","49.04166667"
"GUAYMARAL","2017-03-16","","33.82608696"
"GUAYMARAL","2017-03-15","","25.79166667"
"GUAYMARAL","2017-03-14","","34.95833333"
"GUAYMARAL","2017-03-13","","22.7826087"
"GUAYMARAL","2017-03-12","","17.56521739"
"GUAYMARAL","2017-03-11","","25.375"
"GUAYMARAL","2017-03-10","","24.83333333"
"GUAYMARAL","2017-03-09","","19.08333333"
"GUAYMARAL","2017-03-08","","25.83333333"
"GUAYMARAL","2017-03-07","","26.33333333"
"GUAYMARAL","2017-03-06","","22.83333333"
"GUAYMARAL","2017-03-05","","24.45454545"
"GUAYMARAL","2017-03-04","","36.66666667"
"GUAYMARAL","2017-03-03","","39.47826087"
"GUAYMARAL","2017-03-02","","30.58333333"
"GUAYMARAL","2017-03-01","","30.625"
"GUAYMARAL","2017-02-28","","41.04166667"
"GUAYMARAL","2017-02-27","","32.875"
"GUAYMARAL","2017-02-26","","23.75"
"GUAYMARAL","2017-02-25","","26.54166667"
"GUAYMARAL","2017-02-24","","42.625"
"GUAYMARAL","2017-02-23","","48.20833333"
"GUAYMARAL","2017-02-22","","51.79166667"
"GUAYMARAL","2017-02-21","","50.375"
"GUAYMARAL","2017-02-20","","58.45833333"
"GUAYMARAL","2017-02-19","","48.79166667"
"GUAYMARAL","2017-02-18","","41.25"
"GUAYMARAL","2017-02-17","","44.60869565"
"GUAYMARAL","2017-02-16","","54.29166667"
"GUAYMARAL","2017-02-15","","74.34782609"
"GUAYMARAL","2017-02-14","","49.36363636"
"GUAYMARAL","2017-02-13","","44.83333333"
"GUAYMARAL","2017-02-12","","31.91666667"
"GUAYMARAL","2017-02-11","","49.29166667"
"GUAYMARAL","2017-02-10","","40.33333333"
"GUAYMARAL","2017-02-09","","67.29166667"
"GUAYMARAL","2017-02-08","","53.04166667"
"GUAYMARAL","2017-02-07","","46.45833333"
"GUAYMARAL","2017-02-06","","46.95833333"
"GUAYMARAL","2017-02-05","","32.41666667"
"GUAYMARAL","2017-02-04","","45.29166667"
"GUAYMARAL","2017-02-03","","42.70833333"
"GUAYMARAL","2017-02-02","","48.5"
"GUAYMARAL","2017-02-01","","38.41666667"
"GUAYMARAL","2017-01-31","","34.625"
"GUAYMARAL","2017-01-30","","37.58333333"
"GUAYMARAL","2017-01-29","","17.91666667"
"GUAYMARAL","2017-01-28","","26.16666667"
"GUAYMARAL","2017-01-27","","22.5"
"GUAYMARAL","2017-01-26","","17.5"
"GUAYMARAL","2017-01-25","","32.47826087"
"GUAYMARAL","2017-01-24","","49.34782609"
"GUAYMARAL","2017-01-23","","43.41666667"
"GUAYMARAL","2017-01-22","","36.25"
"GUAYMARAL","2017-01-21","","38.08333333"
"GUAYMARAL","2017-01-20","","37.375"
"GUAYMARAL","2017-01-19","","39.70833333"
"GUAYMARAL","2017-01-18","","31.29166667"
"GUAYMARAL","2017-01-17","","34.58333333"
"GUAYMARAL","2017-01-16","","24.33333333"
"GUAYMARAL","2017-01-15","","19.0"
"GUAYMARAL","2017-01-14","","24.0"
"GUAYMARAL","2017-01-13","","32.83333333"
"GUAYMARAL","2017-01-12","","27.0"
"GUAYMARAL","2017-01-11","","25.15"
"GUAYMARAL","2017-01-10","","25.2"
"GUAYMARAL","2017-01-09","","20.04166667"
"GUAYMARAL","2017-01-08","","13.20833333"
"GUAYMARAL","2017-01-07","","17.83333333"
"GUAYMARAL","2017-01-06","","14.73913043"
"GUAYMARAL","2017-01-05","","28.41666667"
"GUAYMARAL","2017-01-04","","28.95652174"
"GUAYMARAL","2017-01-03","","30.25"
"GUAYMARAL","2017-01-02","","13.0"
"GUAYMARAL","2017-01-01","","10.0"
"GUAYMARAL","2016-12-31","","11.54166667"
"GUAYMARAL","2016-12-30","","17.20833333"
"GUAYMARAL","2016-12-29","","26.25"
"GUAYMARAL","2016-12-28","","22.0"
"GUAYMARAL","2016-12-27","","30.04166667"
"GUAYMARAL","2016-12-26","","24.625"
"GUAYMARAL","2016-12-25","","26.58333333"
"GUAYMARAL","2016-12-24","","23.875"
"GUAYMARAL","2016-12-23","","33.65217391"
"GUAYMARAL","2016-12-22","","35.375"
"GUAYMARAL","2016-12-21","","29.57142857"
"GUAYMARAL","2016-12-19","","43.76923077"
"GUAYMARAL","2016-12-18","","33.08333333"
"GUAYMARAL","2016-12-17","","38.83333333"
"GUAYMARAL","2016-12-16","","57.875"
"GUAYMARAL","2016-12-15","","50.5"
"GUAYMARAL","2016-12-14","","51.875"
"GUAYMARAL","2016-12-13","","36.28571429"
"GUAYMARAL","2016-12-07","","30.57894737"
"GUAYMARAL","2016-12-06","","35.66666667"
"GUAYMARAL","2016-12-05","","42.41666667"
"GUAYMARAL","2016-12-04","","23.54166667"
"GUAYMARAL","2016-12-03","","20.16666667"
"GUAYMARAL","2016-12-02","","23.75"
"GUAYMARAL","2016-12-01","","31.875"
"GUAYMARAL","2016-11-30","","23.5"
"GUAYMARAL","2016-11-29","","42.25"
"GUAYMARAL","2016-11-28","","28.20833333"
"GUAYMARAL","2016-11-27","","28.56521739"
"GUAYMARAL","2016-11-26","","26.79166667"
"GUAYMARAL","2016-11-25","","28.66666667"
"GUAYMARAL","2016-11-24","","45.0"
"GUAYMARAL","2016-11-23","","34.68181818"
"GUAYMARAL","2016-11-22","","37.125"
"GUAYMARAL","2016-11-21","","29.79166667"
"GUAYMARAL","2016-11-20","","39.83333333"
"GUAYMARAL","2016-11-19","","31.2173913"
"GUAYMARAL","2016-11-18","","27.5"
"GUAYMARAL","2016-11-17","","21.25"
"GUAYMARAL","2016-11-16","","15.95833333"
"GUAYMARAL","2016-11-15","","24.18181818"
"GUAYMARAL","2016-11-14","","16.79166667"
"GUAYMARAL","2016-11-13","","27.95833333"
"GUAYMARAL","2016-11-12","","34.58333333"
"GUAYMARAL","2016-11-11","","22.0"
"GUAYMARAL","2016-11-10","","27.45833333"
"GUAYMARAL","2016-11-09","","35.625"
"GUAYMARAL","2016-11-08","","29.47826087"
"GUAYMARAL","2016-11-07","","21.04166667"
"GUAYMARAL","2016-11-06","","16.125"
"GUAYMARAL","2016-11-05","","12.875"
"GUAYMARAL","2016-11-04","","16.83333333"
"GUAYMARAL","2016-11-03","","48.79166667"
"GUAYMARAL","2016-11-02","","37.79166667"
"GUAYMARAL","2016-11-01","","34.91304348"
"GUAYMARAL","2016-10-31","","29.61904762"
"GUAYMARAL","2016-10-30","","26.08333333"
"GUAYMARAL","2016-10-29","","21.95652174"
"GUAYMARAL","2016-10-28","","47.60869565"
"GUAYMARAL","2016-10-27","","59.90909091"
"GUAYMARAL","2016-10-26","","52.04166667"
"GUAYMARAL","2016-10-25","","43.16666667"
"GUAYMARAL","2016-10-24","","46.875"
"GUAYMARAL","2016-10-23","","28.29166667"
"GUAYMARAL","2016-10-22","","35.58333333"
"GUAYMARAL","2016-10-21","","30.30769231"
"GUAYMARAL","2016-10-14","","24.04761905"
"GUAYMARAL","2016-10-13","","24.70833333"
"GUAYMARAL","2016-10-12","","28.875"
"GUAYMARAL","2016-10-11","","37.375"
"GUAYMARAL","2016-10-10","","26.25"
"GUAYMARAL","2016-10-09","","20.16666667"
"GUAYMARAL","2016-10-08","","28.58333333"
"GUAYMARAL","2016-10-07","","42.625"
"GUAYMARAL","2016-10-06","","27.16666667"
"GUAYMARAL","2016-10-05","","35.375"
"GUAYMARAL","2016-10-04","","38.54166667"
"GUAYMARAL","2016-10-03","","40.79166667"
"GUAYMARAL","2016-10-02","","21.70833333"
"GUAYMARAL","2016-10-01","","33.86956522"
"GUAYMARAL","2016-09-30","","50.83333333"
"GUAYMARAL","2016-09-29","","51.54166667"
"GUAYMARAL","2016-09-28","","35.25"
"GUAYMARAL","2016-09-27","","36.16666667"
"GUAYMARAL","2016-09-26","","31.25"
"GUAYMARAL","2016-09-25","","16.16666667"
"GUAYMARAL","2016-09-24","","22.95833333"
"GUAYMARAL","2016-09-23","","41.75"
"GUAYMARAL","2016-09-22","","42.66666667"
"GUAYMARAL","2016-09-21","","24.29166667"
"GUAYMARAL","2016-09-20","","28.70833333"
"GUAYMARAL","2016-09-19","","22.04166667"
"GUAYMARAL","2016-09-18","","20.29166667"
"GUAYMARAL","2016-09-17","","29.70833333"
"GUAYMARAL","2016-09-16","","29.08333333"
"GUAYMARAL","2016-09-15","","28.16666667"
"GUAYMARAL","2016-09-14","","28.33333333"
"GUAYMARAL","2016-09-13","","45.08333333"
"GUAYMARAL","2016-09-12","","32.33333333"
"GUAYMARAL","2016-09-11","","14.0"
"GUAYMARAL","2016-09-10","","22.25"
"GUAYMARAL","2016-09-09","","23.41666667"
"GUAYMARAL","2016-09-08","","32.25"
"GUAYMARAL","2016-09-07","","24.08333333"
"GUAYMARAL","2016-09-06","","18.69565217"
"GUAYMARAL","2016-09-05","","17.625"
"GUAYMARAL","2016-09-04","","21.60869565"
"GUAYMARAL","2016-09-03","","29.29166667"
"GUAYMARAL","2016-09-02","","30.5"
"GUAYMARAL","2016-09-01","","22.95833333"
"GUAYMARAL","2016-08-31","","28.375"
"GUAYMARAL","2016-08-30","","27.58333333"
"GUAYMARAL","2016-08-29","","37.875"
"GUAYMARAL","2016-08-28","","23.375"
"GUAYMARAL","2016-08-27","","27.39130435"
"GUAYMARAL","2016-08-26","","22.45833333"
"GUAYMARAL","2016-08-25","","24.66666667"
"GUAYMARAL","2016-08-24","","35.125"
"GUAYMARAL","2016-08-23","","31.08333333"
"GUAYMARAL","2016-08-22","","21.79166667"
"GUAYMARAL","2016-08-21","","29.04166667"
"GUAYMARAL","2016-08-20","","31.70833333"
"GUAYMARAL","2016-08-19","","38.25"
"GUAYMARAL","2016-08-18","","25.41666667"
"GUAYMARAL","2016-08-17","","26.75"
"GUAYMARAL","2016-08-16","","26.08333333"
"GUAYMARAL","2016-08-15","","20.0"
"GUAYMARAL","2016-08-14","","19.91666667"
"GUAYMARAL","2016-08-13","","21.41666667"
"GUAYMARAL","2016-08-12","","31.29166667"
"GUAYMARAL","2016-08-11","","24.83333333"
"GUAYMARAL","2016-08-10","","22.625"
"GUAYMARAL","2016-08-09","","19.54166667"
"GUAYMARAL","2016-08-08","","24.625"
"GUAYMARAL","2016-08-07","","19.54166667"
"GUAYMARAL","2016-08-06","","27.08333333"
"GUAYMARAL","2016-08-05","","29.08333333"
"GUAYMARAL","2016-08-04","","23.91666667"
"GUAYMARAL","2016-08-03","","19.0"
"GUAYMARAL","2016-08-02","","17.58333333"
"GUAYMARAL","2016-08-01","","23.33333333"
"GUAYMARAL","2016-07-31","","18.83333333"
"GUAYMARAL","2016-07-30","","27.875"
"GUAYMARAL","2016-07-29","","23.58333333"
"GUAYMARAL","2016-07-28","","19.875"
"GUAYMARAL","2016-07-27","","24.16666667"
"GUAYMARAL","2016-07-26","","27.625"
"GUAYMARAL","2016-07-25","","23.41666667"
"GUAYMARAL","2016-07-24","","22.29166667"
"GUAYMARAL","2016-07-23","","23.41666667"
"GUAYMARAL","2016-07-22","","21.70833333"
"GUAYMARAL","2016-07-21","","19.95833333"
"GUAYMARAL","2016-07-20","","18.625"
"GUAYMARAL","2016-07-19","","23.08333333"
"GUAYMARAL","2016-07-18","","20.125"
"GUAYMARAL","2016-07-17","","17.95833333"
"GUAYMARAL","2016-07-16","","24.66666667"
"GUAYMARAL","2016-07-15","","27.29166667"
"GUAYMARAL","2016-07-14","","27.54166667"
"GUAYMARAL","2016-07-13","","23.79166667"
"GUAYMARAL","2016-07-12","","32.29166667"
"GUAYMARAL","2016-07-11","","22.41666667"
"GUAYMARAL","2016-07-10","","18.54166667"
"GUAYMARAL","2016-07-09","","18.41666667"
"GUAYMARAL","2016-07-08","","17.08333333"
"GUAYMARAL","2016-07-07","","19.25"
"GUAYMARAL","2016-07-06","","19.41666667"
"GUAYMARAL","2016-07-05","","19.08333333"
"GUAYMARAL","2016-07-04","","13.5"
"GUAYMARAL","2016-07-03","","17.91666667"
"GUAYMARAL","2016-07-02","","16.16666667"
"GUAYMARAL","2016-07-01","","18.58333333"
"GUAYMARAL","2016-06-30","","16.41666667"
"GUAYMARAL","2016-06-29","","19.58333333"
"GUAYMARAL","2016-06-28","","23.5"
"GUAYMARAL","2016-06-27","","23.29166667"
"GUAYMARAL","2016-06-26","","16.36363636"
"GUAYMARAL","2016-06-25","","19.75"
"GUAYMARAL","2016-06-24","","19.75"
"GUAYMARAL","2016-06-23","","21.83333333"
"GUAYMARAL","2016-06-22","","21.08333333"
"GUAYMARAL","2016-06-21","","14.58333333"
"GUAYMARAL","2016-06-20","","13.82608696"
"GUAYMARAL","2016-06-19","","11.08333333"
"GUAYMARAL","2016-06-18","","14.20833333"
"GUAYMARAL","2016-06-17","","20.16666667"
"GUAYMARAL","2016-06-16","","19.95833333"
"GUAYMARAL","2016-06-15","","13.25"
"GUAYMARAL","2016-06-14","","12.5"
"GUAYMARAL","2016-06-13","","14.08333333"
"GUAYMARAL","2016-06-12","","14.20833333"
"GUAYMARAL","2016-06-11","","18.65217391"
"GUAYMARAL","2016-06-10","","16.17391304"
"GUAYMARAL","2016-06-09","","16.625"
"GUAYMARAL","2016-06-08","","17.29166667"
"GUAYMARAL","2016-06-07","","26.625"
"GUAYMARAL","2016-06-06","","28.70833333"
"GUAYMARAL","2016-06-05","","39.875"
"GUAYMARAL","2016-06-04","","52.91666667"
"GUAYMARAL","2016-06-03","","31.5"
"GUAYMARAL","2016-06-02","","27.33333333"
"GUAYMARAL","2016-06-01","","28.625"
"GUAYMARAL","2016-05-31","","23.13043478"
"GUAYMARAL","2016-05-30","","17.13043478"
"GUAYMARAL","2016-05-29","","14.375"
"GUAYMARAL","2016-05-28","","13.625"
"GUAYMARAL","2016-05-27","","23.125"
"GUAYMARAL","2016-05-26","","20.8125"
"GUAYMARAL","2016-05-25","","23.56521739"
"GUAYMARAL","2016-05-24","","20.59090909"
"GUAYMARAL","2016-05-23","","17.33333333"
"GUAYMARAL","2016-05-22","","13.45833333"
"GUAYMARAL","2016-05-21","","23.70833333"
"GUAYMARAL","2016-05-20","","32.0"
"GUAYMARAL","2016-05-19","","18.08333333"
"GUAYMARAL","2016-05-18","","19.82608696"
"GUAYMARAL","2016-05-17","","15.79166667"
"GUAYMARAL","2016-05-16","","15.25"
"GUAYMARAL","2016-05-15","","13.25"
"GUAYMARAL","2016-05-14","","19.33333333"
"GUAYMARAL","2016-05-13","","38.95833333"
"GUAYMARAL","2016-05-12","","34.04347826"
"GUAYMARAL","2016-05-11","","34.79166667"
"GUAYMARAL","2016-05-10","","21.375"
"GUAYMARAL","2016-05-09","","14.33333333"
"GUAYMARAL","2016-05-08","","25.22727273"
"GUAYMARAL","2016-05-07","","27.79166667"
"GUAYMARAL","2016-05-06","","25.29166667"
"GUAYMARAL","2016-05-05","","29.86956522"
"GUAYMARAL","2016-05-04","","37.47826087"
"GUAYMARAL","2016-05-03","","30.95833333"
"GUAYMARAL","2016-05-02","","26.70833333"
"GUAYMARAL","2016-05-01","","8.66666667"
"GUAYMARAL","2016-04-30","","13.95833333"
"GUAYMARAL","2016-04-29","","23.08695652"
"GUAYMARAL","2016-04-28","","24.375"
"GUAYMARAL","2016-04-27","","37.25"
"GUAYMARAL","2016-04-26","","39.58333333"
"GUAYMARAL","2016-04-25","","40.125"
"GUAYMARAL","2016-04-24","","20.39130435"
"GUAYMARAL","2016-04-23","","26.375"
"GUAYMARAL","2016-04-22","","19.47826087"
"GUAYMARAL","2016-04-21","","29.54166667"
"GUAYMARAL","2016-04-20","","27.875"
"GUAYMARAL","2016-04-03","","54.0"
"GUAYMARAL","2016-04-02","","42.83333333"
"GUAYMARAL","2016-04-01","","45.39130435"
"GUAYMARAL","2016-03-31","","34.20833333"
"GUAYMARAL","2016-03-30","","46.83333333"
"GUAYMARAL","2016-03-29","","58.16666667"
"GUAYMARAL","2016-03-28","","59.70833333"
"GUAYMARAL","2016-03-27","","41.66666667"
"GUAYMARAL","2016-03-26","","36.17391304"
"GUAYMARAL","2016-03-25","","36.33333333"
"GUAYMARAL","2016-03-24","","38.625"
"GUAYMARAL","2016-03-23","","34.79166667"
"GUAYMARAL","2016-03-22","","36.04166667"
"GUAYMARAL","2016-03-21","","25.54166667"
"GUAYMARAL","2016-03-20","","25.875"
"GUAYMARAL","2016-03-19","","28.20833333"
"GUAYMARAL","2016-03-18","","27.375"
"GUAYMARAL","2016-03-17","","30.16666667"
"GUAYMARAL","2016-03-16","","46.04347826"
"GUAYMARAL","2016-03-15","","48.79166667"
"GUAYMARAL","2016-03-14","","60.41666667"
"GUAYMARAL","2016-03-13","","53.75"
"GUAYMARAL","2016-03-12","","56.28571429"
"GUAYMARAL","2016-03-11","","67.82608696"
"GUAYMARAL","2016-03-10","","68.91666667"
"GUAYMARAL","2016-03-09","","65.70833333"
"GUAYMARAL","2016-03-08","","75.16666667"
"GUAYMARAL","2016-03-07","","69.45833333"
"GUAYMARAL","2016-03-06","","64.54166667"
"GUAYMARAL","2016-03-05","","75.0"
"GUAYMARAL","2016-03-04","","59.95833333"
"GUAYMARAL","2016-03-03","","37.77272727"
"GUAYMARAL","2016-03-02","","41.47619048"
"GUAYMARAL","2016-03-01","","44.83333333"
"GUAYMARAL","2016-02-29","","46.25"
"GUAYMARAL","2016-02-28","","29.41666667"
"GUAYMARAL","2016-02-27","","30.75"
"GUAYMARAL","2016-02-26","","35.125"
"GUAYMARAL","2016-02-25","","37.70833333"
"GUAYMARAL","2016-02-24","","36.13043478"
"GUAYMARAL","2016-02-23","","33.65217391"
"GUAYMARAL","2016-02-22","","35.375"
"GUAYMARAL","2016-02-21","","26.29166667"
"GUAYMARAL","2016-02-20","","39.04166667"
"GUAYMARAL","2016-02-19","","43.54166667"
"GUAYMARAL","2016-02-18","","49.33333333"
"GUAYMARAL","2016-02-17","","42.20833333"
"GUAYMARAL","2016-02-16","","33.75"
"GUAYMARAL","2016-02-15","","38.04166667"
"GUAYMARAL","2016-02-14","","31.04166667"
"GUAYMARAL","2016-02-13","","30.83333333"
"GUAYMARAL","2016-02-12","","33.08333333"
"GUAYMARAL","2016-02-11","","36.33333333"
"GUAYMARAL","2016-02-10","","34.91666667"
"GUAYMARAL","2016-02-09","","32.125"
"GUAYMARAL","2016-02-08","","32.0"
"GUAYMARAL","2016-02-07","","33.45833333"
"GUAYMARAL","2016-02-06","","45.25"
"GUAYMARAL","2016-02-05","","57.70833333"
"GUAYMARAL","2016-02-04","","60.0"
"GUAYMARAL","2016-02-03","","69.875"
"GUAYMARAL","2016-02-02","","70.56521739"
"GUAYMARAL","2016-02-01","","62.08333333"
"GUAYMARAL","2016-01-31","","54.45833333"
"GUAYMARAL","2016-01-30","","64.33333333"
"GUAYMARAL","2016-01-29","","65.58333333"
"GUAYMARAL","2016-01-28","","71.90909091"
"GUAYMARAL","2016-01-27","","51.75"
"GUAYMARAL","2016-01-26","","57.08333333"
"GUAYMARAL","2016-01-25","","55.04166667"
"GUAYMARAL","2016-01-24","","47.875"
"GUAYMARAL","2016-01-23","","57.08333333"
"GUAYMARAL","2016-01-22","","60.79166667"
"GUAYMARAL","2016-01-21","","70.29166667"
"GUAYMARAL","2016-01-20","","73.66666667"
"GUAYMARAL","2016-01-19","","68.375"
"GUAYMARAL","2016-01-18","","65.69565217"
"GUAYMARAL","2016-01-17","","42.33333333"
"GUAYMARAL","2016-01-16","","55.70833333"
"GUAYMARAL","2016-01-15","","64.0"
"GUAYMARAL","2016-01-14","","67.79166667"
"GUAYMARAL","2016-01-13","","64.54166667"
"GUAYMARAL","2016-01-12","","50.54166667"
"GUAYMARAL","2016-01-11","","35.79166667"
"GUAYMARAL","2016-01-10","","31.125"
"GUAYMARAL","2016-01-09","","35.16666667"
"GUAYMARAL","2016-01-08","","40.41666667"
"GUAYMARAL","2016-01-07","","40.95833333"
"GUAYMARAL","2016-01-06","","30.54166667"
"GUAYMARAL","2016-01-05","","37.0"
"GUAYMARAL","2016-01-04","","35.41666667"
"GUAYMARAL","2016-01-03","","21.375"
"GUAYMARAL","2016-01-02","","15.16666667"
"GUAYMARAL","2016-01-01","","14.17391304"
"GUAYMARAL","2015-12-31","","12.17391304"
"GUAYMARAL","2015-12-30","","22.375"
"GUAYMARAL","2015-12-29","","27.0"
"GUAYMARAL","2015-12-28","","26.25"
"GUAYMARAL","2015-12-27","","28.75"
"GUAYMARAL","2015-12-26","","24.04166667"
"GUAYMARAL","2015-12-25","","21.16666667"
"GUAYMARAL","2015-12-24","","32.66666667"
"GUAYMARAL","2015-12-23","","37.95833333"
"GUAYMARAL","2015-12-22","","35.33333333"
"GUAYMARAL","2015-12-21","","26.0"
"GUAYMARAL","2015-12-20","","18.16666667"
"GUAYMARAL","2015-12-19","","23.04166667"
"GUAYMARAL","2015-12-18","","28.0"
"GUAYMARAL","2015-12-17","","27.33333333"
"GUAYMARAL","2015-12-16","","27.08333333"
"GUAYMARAL","2015-12-15","","41.58333333"
"GUAYMARAL","2015-12-14","","40.0"
"GUAYMARAL","2015-12-13","","32.16666667"
"GUAYMARAL","2015-12-12","","41.75"
"GUAYMARAL","2015-12-11","","50.125"
"GUAYMARAL","2015-12-10","","39.95833333"
"GUAYMARAL","2015-12-09","","40.625"
"GUAYMARAL","2015-12-08","","34.83333333"
"GUAYMARAL","2015-12-07","","35.41666667"
"GUAYMARAL","2015-12-06","","24.70833333"
"GUAYMARAL","2015-12-05","","29.125"
"GUAYMARAL","2015-12-04","","31.54166667"
"GUAYMARAL","2015-12-03","","22.875"
"GUAYMARAL","2015-12-02","","26.125"
"GUAYMARAL","2015-12-01","","26.66666667"
"GUAYMARAL","2015-11-30","","25.04166667"
"GUAYMARAL","2015-11-29","","27.125"
"GUAYMARAL","2015-11-28","","43.04166667"
"GUAYMARAL","2015-11-27","","39.66666667"
"GUAYMARAL","2015-11-26","","45.08333333"
"GUAYMARAL","2015-11-25","","41.08695652"
"GUAYMARAL","2015-11-24","","35.375"
"GUAYMARAL","2015-11-23","","49.20833333"
"GUAYMARAL","2015-11-22","","25.25"
"GUAYMARAL","2015-11-21","","38.70833333"
"GUAYMARAL","2015-11-20","","52.79166667"
"GUAYMARAL","2015-11-19","","61.5"
"GUAYMARAL","2015-11-18","","37.04166667"
"GUAYMARAL","2015-11-17","","26.83333333"
"GUAYMARAL","2015-11-16","","17.58333333"
"GUAYMARAL","2015-11-15","","16.79166667"
"GUAYMARAL","2015-11-14","","20.83333333"
"GUAYMARAL","2015-11-13","","33.625"
"GUAYMARAL","2015-11-12","","43.04166667"
"GUAYMARAL","2015-11-11","","38.0"
"GUAYMARAL","2015-11-10","","30.54166667"
"GUAYMARAL","2015-11-09","","38.95833333"
"GUAYMARAL","2015-11-08","","21.16666667"
"GUAYMARAL","2015-11-07","","26.5"
"GUAYMARAL","2015-11-06","","46.66666667"
"GUAYMARAL","2015-11-05","","55.95833333"
"GUAYMARAL","2015-11-04","","47.41666667"
"GUAYMARAL","2015-11-03","","44.0"
"GUAYMARAL","2015-11-02","","23.04166667"
"GUAYMARAL","2015-11-01","","27.42857143"
"GUAYMARAL","2015-10-31","","49.0"
"GUAYMARAL","2015-10-30","","71.625"
"GUAYMARAL","2015-10-29","","42.70833333"
"GUAYMARAL","2015-10-28","","35.375"
"GUAYMARAL","2015-10-27","","38.16666667"
"GUAYMARAL","2015-10-26","","24.95833333"
"GUAYMARAL","2015-10-25","","16.83333333"
"GUAYMARAL","2015-10-24","","35.5"
"GUAYMARAL","2015-10-23","","38.45833333"
"GUAYMARAL","2015-10-22","","47.375"
"GUAYMARAL","2015-10-21","","43.33333333"
"GUAYMARAL","2015-10-20","","31.54166667"
"GUAYMARAL","2015-10-19","","33.375"
"GUAYMARAL","2015-10-18","","20.0"
"GUAYMARAL","2015-10-17","","19.70833333"
"GUAYMARAL","2015-10-16","","15.75"
"GUAYMARAL","2015-10-15","","21.95652174"
"GUAYMARAL","2015-10-14","","25.16666667"
"GUAYMARAL","2015-10-13","","34.83333333"
"GUAYMARAL","2015-10-12","","28.08333333"
"GUAYMARAL","2015-10-11","","25.95833333"
"GUAYMARAL","2015-10-10","","31.83333333"
"GUAYMARAL","2015-10-09","","32.86956522"
"GUAYMARAL","2015-10-08","","23.91666667"
"GUAYMARAL","2015-10-07","","35.66666667"
"GUAYMARAL","2015-10-06","","35.29166667"
"GUAYMARAL","2015-10-05","","28.33333333"
"GUAYMARAL","2015-10-04","","15.75"
"GUAYMARAL","2015-10-03","","20.20833333"
"GUAYMARAL","2015-10-02","","40.125"
"GUAYMARAL","2015-10-01","","36.25"
"GUAYMARAL","2015-09-30","","44.33333333"
"GUAYMARAL","2015-09-29","","33.75"
"GUAYMARAL","2015-09-28","","43.5"
"GUAYMARAL","2015-09-27","","36.25"
"GUAYMARAL","2015-09-26","","35.5"
"GUAYMARAL","2015-09-25","","48.20833333"
"GUAYMARAL","2015-09-24","","35.79166667"
"GUAYMARAL","2015-09-23","","29.33333333"
"GUAYMARAL","2015-09-22","","27.83333333"
"GUAYMARAL","2015-09-21","","20.52173913"
"GUAYMARAL","2015-09-20","","13.16666667"
"GUAYMARAL","2015-09-19","","27.5"
"GUAYMARAL","2015-09-18","","31.125"
"GUAYMARAL","2015-09-17","","54.54166667"
"GUAYMARAL","2015-09-16","","47.91666667"
"GUAYMARAL","2015-09-15","","41.83333333"
"GUAYMARAL","2015-09-14","","28.75"
"GUAYMARAL","2015-09-13","","24.63636364"
"GUAYMARAL","2015-09-12","","27.04166667"
"GUAYMARAL","2015-09-11","","24.41666667"
"GUAYMARAL","2015-09-10","","23.83333333"
"GUAYMARAL","2015-09-09","","27.04166667"
"GUAYMARAL","2015-09-08","","27.75"
"GUAYMARAL","2015-09-07","","21.875"
"GUAYMARAL","2015-09-06","","17.45833333"
"GUAYMARAL","2015-09-05","","26.45833333"
"GUAYMARAL","2015-09-04","","38.20833333"
"GUAYMARAL","2015-09-03","","33.09090909"
"GUAYMARAL","2015-09-02","","31.79166667"
"GUAYMARAL","2015-09-01","","32.04166667"
"GUAYMARAL","2015-08-31","","20.16666667"
"GUAYMARAL","2015-08-30","","17.375"
"GUAYMARAL","2015-08-29","","19.45833333"
"GUAYMARAL","2015-08-28","","21.5"
"GUAYMARAL","2015-08-27","","32.95652174"
"GUAYMARAL","2015-08-26","","33.66666667"
"GUAYMARAL","2015-08-25","","24.33333333"
"GUAYMARAL","2015-08-24","","27.5"
"GUAYMARAL","2015-08-23","","27.91666667"
"GUAYMARAL","2015-08-22","","38.45833333"
"GUAYMARAL","2015-08-21","","34.20833333"
"GUAYMARAL","2015-08-20","","20.17391304"
"GUAYMARAL","2015-08-19","","26.625"
"GUAYMARAL","2015-08-18","","21.95833333"
"GUAYMARAL","2015-08-17","","20.04166667"
"GUAYMARAL","2015-08-16","","19.75"
"GUAYMARAL","2015-08-15","","22.75"
"GUAYMARAL","2015-08-14","","29.66666667"
"GUAYMARAL","2015-08-13","","26.83333333"
"GUAYMARAL","2015-08-12","","24.41666667"
"GUAYMARAL","2015-08-11","","23.625"
"GUAYMARAL","2015-08-10","","29.91304348"
"GUAYMARAL","2015-08-09","","16.54166667"
"GUAYMARAL","2015-08-08","","18.29166667"
"GUAYMARAL","2015-08-07","","20.73913043"
"GUAYMARAL","2015-08-06","","27.20833333"
"GUAYMARAL","2015-08-05","","19.5"
"GUAYMARAL","2015-08-04","","17.95833333"
"GUAYMARAL","2015-08-03","","14.84615385"
"GUAYMARAL","2015-08-02","","12.25"
"GUAYMARAL","2015-08-01","","21.0"
"GUAYMARAL","2015-07-31","","21.20833333"
"GUAYMARAL","2015-07-30","","16.125"
"GUAYMARAL","2015-07-29","","15.94736842"
"GUAYMARAL","2015-07-28","","20.875"
"GUAYMARAL","2015-07-27","","16.79166667"
"GUAYMARAL","2015-07-26","","16.83333333"
"GUAYMARAL","2015-07-25","","28.0"
"GUAYMARAL","2015-07-24","","31.45833333"
"GUAYMARAL","2015-07-23","","27.16666667"
"GUAYMARAL","2015-07-22","","18.125"
"GUAYMARAL","2015-07-21","","23.70833333"
"GUAYMARAL","2015-07-20","","16.04166667"
"GUAYMARAL","2015-07-19","","19.08333333"
"GUAYMARAL","2015-07-18","","18.75"
"GUAYMARAL","2015-07-17","","14.57142857"
"GUAYMARAL","2015-07-16","","13.625"
"GUAYMARAL","2015-07-15","","12.52173913"
"GUAYMARAL","2015-07-14","","23.0"
"GUAYMARAL","2015-07-13","","22.29166667"
"GUAYMARAL","2015-07-12","","11.95833333"
"GUAYMARAL","2015-07-11","","15.83333333"
"GUAYMARAL","2015-07-10","","19.45833333"
"GUAYMARAL","2015-07-09","","32.86363636"
"GUAYMARAL","2015-07-08","","43.60869565"
"GUAYMARAL","2015-07-07","","24.0"
"GUAYMARAL","2015-07-06","","19.0"
"GUAYMARAL","2015-07-05","","14.5"
"GUAYMARAL","2015-07-04","","12.125"
"GUAYMARAL","2015-07-03","","46.91666667"
"GUAYMARAL","2015-07-02","","20.66666667"
"GUAYMARAL","2015-07-01","","27.69565217"
"GUAYMARAL","2015-06-30","","41.375"
"GUAYMARAL","2015-06-29","","22.58333333"
"GUAYMARAL","2015-06-28","","10.33333333"
"GUAYMARAL","2015-06-27","","12.54166667"
"GUAYMARAL","2015-06-26","","17.08333333"
"GUAYMARAL","2015-06-25","","18.91666667"
"GUAYMARAL","2015-06-24","","16.75"
"GUAYMARAL","2015-06-23","","16.08333333"
"GUAYMARAL","2015-06-22","","14.70833333"
"GUAYMARAL","2015-06-21","","14.16666667"
"GUAYMARAL","2015-06-20","","24.70833333"
"GUAYMARAL","2015-06-19","","19.58333333"
"GUAYMARAL","2015-06-18","","19.29166667"
"GUAYMARAL","2015-06-17","","12.875"
"GUAYMARAL","2015-06-16","","18.45833333"
"GUAYMARAL","2015-06-15","","16.2173913"
"GUAYMARAL","2015-06-14","","19.83333333"
"GUAYMARAL","2015-06-13","","21.16666667"
"GUAYMARAL","2015-06-12","","23.04166667"
"GUAYMARAL","2015-06-11","","29.58333333"
"GUAYMARAL","2015-06-10","","27.39130435"
"GUAYMARAL","2015-06-09","","21.0"
"GUAYMARAL","2015-06-08","","15.5"
"GUAYMARAL","2015-06-07","","27.58333333"
"GUAYMARAL","2015-06-06","","22.5"
"GUAYMARAL","2015-06-05","","25.20833333"
"GUAYMARAL","2015-06-04","","20.41666667"
"GUAYMARAL","2015-06-03","","19.30434783"
"GUAYMARAL","2015-06-02","","18.54166667"
"GUAYMARAL","2015-06-01","","16.29166667"
"GUAYMARAL","2015-05-31","","19.54166667"
"GUAYMARAL","2015-05-30","","27.33333333"
"GUAYMARAL","2015-05-29","","22.95833333"
"GUAYMARAL","2015-05-28","","31.95833333"
"GUAYMARAL","2015-05-27","","35.72727273"
"GUAYMARAL","2015-05-26","","28.33333333"
"GUAYMARAL","2015-05-25","","25.08333333"
"GUAYMARAL","2015-05-24","","22.16666667"
"GUAYMARAL","2015-05-23","","24.75"
"GUAYMARAL","2015-05-22","","31.875"
"GUAYMARAL","2015-05-21","","24.20833333"
"GUAYMARAL","2015-05-20","","24.0"
"GUAYMARAL","2015-05-19","","20.70833333"
"GUAYMARAL","2015-05-18","","14.79166667"
"GUAYMARAL","2015-05-17","","16.58333333"
"GUAYMARAL","2015-05-16","","22.5"
"GUAYMARAL","2015-05-15","","21.83333333"
"GUAYMARAL","2015-05-14","","55.91666667"
"GUAYMARAL","2015-05-13","","30.0"
"GUAYMARAL","2015-05-12","","36.875"
"GUAYMARAL","2015-05-11","","38.58333333"
"GUAYMARAL","2015-05-10","","28.875"
"GUAYMARAL","2015-05-09","","23.5"
"GUAYMARAL","2015-05-08","","33.5"
"GUAYMARAL","2015-05-07","","54.04166667"
"GUAYMARAL","2015-05-06","","57.47826087"
"GUAYMARAL","2015-05-05","","56.20833333"
"GUAYMARAL","2015-05-04","","51.70833333"
"GUAYMARAL","2015-05-03","","43.08333333"
"GUAYMARAL","2015-05-02","","59.66666667"
"GUAYMARAL","2015-05-01","","55.16666667"
"GUAYMARAL","2015-04-30","","47.29166667"
"GUAYMARAL","2015-04-29","","37.25"
"GUAYMARAL","2015-04-28","","22.75"
"GUAYMARAL","2015-04-27","","22.95833333"
"GUAYMARAL","2015-04-26","","14.33333333"
"GUAYMARAL","2015-04-25","","31.58333333"
"GUAYMARAL","2015-04-24","","43.41666667"
"GUAYMARAL","2015-04-23","","43.875"
"GUAYMARAL","2015-04-22","","36.90909091"
"GUAYMARAL","2015-04-21","","21.15"
"GUAYMARAL","2015-04-20","","27.05882353"
"GUAYMARAL","2015-04-19","","19.54166667"
"GUAYMARAL","2015-04-18","","26.91666667"
"GUAYMARAL","2015-04-17","","36.13636364"
"GUAYMARAL","2015-04-16","","30.08695652"
"GUAYMARAL","2015-04-15","","29.83333333"
"GUAYMARAL","2015-04-14","","29.375"
"GUAYMARAL","2015-04-13","","23.26086957"
"GUAYMARAL","2015-04-12","","18.375"
"GUAYMARAL","2015-04-11","","26.20833333"
"GUAYMARAL","2015-04-10","","29.20833333"
"GUAYMARAL","2015-04-09","","30.5"
"GUAYMARAL","2015-04-08","","37.13636364"
"GUAYMARAL","2015-04-07","","39.75"
"GUAYMARAL","2015-04-06","","33.20833333"
"GUAYMARAL","2015-04-05","","23.0"
"GUAYMARAL","2015-04-04","","17.73913043"
"GUAYMARAL","2015-04-03","","17.375"
"GUAYMARAL","2015-04-02","","32.54166667"
"GUAYMARAL","2015-04-01","","33.875"
"GUAYMARAL","2015-03-31","","53.08333333"
"GUAYMARAL","2015-03-30","","43.81818182"
"GUAYMARAL","2015-03-29","","37.5"
"GUAYMARAL","2015-03-28","","54.83333333"
"GUAYMARAL","2015-03-27","","47.56521739"
"GUAYMARAL","2015-03-26","","51.0"
"GUAYMARAL","2015-03-25","","56.33333333"
"GUAYMARAL","2015-03-24","","51.83333333"
"GUAYMARAL","2015-03-23","","37.375"
"GUAYMARAL","2015-03-22","","30.875"
"GUAYMARAL","2015-03-21","","35.79166667"
"GUAYMARAL","2015-03-20","","31.45833333"
"GUAYMARAL","2015-03-19","","44.16666667"
"GUAYMARAL","2015-03-18","","35.95833333"
"GUAYMARAL","2015-03-17","","42.13043478"
"GUAYMARAL","2015-03-16","","37.79166667"
"GUAYMARAL","2015-03-15","","47.58333333"
"GUAYMARAL","2015-03-14","","40.83333333"
"GUAYMARAL","2015-03-13","","45.29166667"
"GUAYMARAL","2015-03-12","","43.41666667"
"GUAYMARAL","2015-03-11","","31.28571429"
"GUAYMARAL","2015-03-10","","32.41666667"
"GUAYMARAL","2015-03-09","","28.75"
"GUAYMARAL","2015-03-08","","17.79166667"
"GUAYMARAL","2015-03-07","","23.29166667"
"GUAYMARAL","2015-03-06","","33.75"
"GUAYMARAL","2015-03-05","","40.70833333"
"GUAYMARAL","2015-03-04","","35.79166667"
"GUAYMARAL","2015-03-03","","34.70833333"
"GUAYMARAL","2015-03-02","","42.43478261"
"GUAYMARAL","2015-03-01","","28.79166667"
"GUAYMARAL","2015-02-28","","29.66666667"
"GUAYMARAL","2015-02-27","","39.45833333"
"GUAYMARAL","2015-02-26","","44.25"
"GUAYMARAL","2015-02-25","","42.04166667"
"GUAYMARAL","2015-02-24","","55.54166667"
"GUAYMARAL","2015-02-23","","42.20833333"
"GUAYMARAL","2015-02-22","","30.58333333"
"GUAYMARAL","2015-02-21","","47.875"
"GUAYMARAL","2015-02-20","","41.95833333"
"GUAYMARAL","2015-02-19","","45.18181818"
"GUAYMARAL","2015-02-16","","37.3"
"GUAYMARAL","2015-02-15","","18.75"
"GUAYMARAL","2015-02-14","","26.75"
"GUAYMARAL","2015-02-13","","35.41666667"
"GUAYMARAL","2015-02-12","","38.91666667"
"GUAYMARAL","2015-02-11","","45.0"
"GUAYMARAL","2015-02-10","","54.43478261"
"GUAYMARAL","2015-02-09","","40.375"
"GUAYMARAL","2015-02-08","","30.45833333"
"GUAYMARAL","2015-02-07","","50.79166667"
"GUAYMARAL","2015-02-06","","56.19047619"
"GUAYMARAL","2015-02-05","","27.5"
"GUAYMARAL","2015-02-04","","24.91666667"
"GUAYMARAL","2015-02-03","","21.08333333"
"GUAYMARAL","2015-02-02","","15.86956522"
"GUAYMARAL","2015-02-01","","10.52173913"
"GUAYMARAL","2015-01-31","","17.70833333"
"GUAYMARAL","2015-01-30","","43.29166667"
"GUAYMARAL","2015-01-29","","38.39130435"
"GUAYMARAL","2015-01-28","","36.83333333"
"GUAYMARAL","2015-01-27","","47.41666667"
"GUAYMARAL","2015-01-26","","46.75"
"GUAYMARAL","2015-01-25","","29.83333333"
"GUAYMARAL","2015-01-24","","41.45833333"
"GUAYMARAL","2015-01-23","","49.16666667"
"GUAYMARAL","2015-01-22","","43.95833333"
"GUAYMARAL","2015-01-21","","33.95833333"
"GUAYMARAL","2015-01-20","","44.04166667"
"GUAYMARAL","2015-01-19","","44.47826087"
"GUAYMARAL","2015-01-18","","29.29166667"
"GUAYMARAL","2015-01-17","","55.58333333"
"GUAYMARAL","2015-01-16","","71.5"
"GUAYMARAL","2015-01-15","","42.5"
"GUAYMARAL","2015-01-14","","31.41666667"
"GUAYMARAL","2015-01-13","","41.41666667"
"GUAYMARAL","2015-01-12","","17.79166667"
"GUAYMARAL","2015-01-11","","22.08333333"
"GUAYMARAL","2015-01-10","","38.29166667"
"GUAYMARAL","2015-01-09","","24.45833333"
"GUAYMARAL","2015-01-08","","31.86956522"
"GUAYMARAL","2015-01-07","","39.75"
"GUAYMARAL","2015-01-06","","37.0"
"GUAYMARAL","2015-01-05","","31.25"
"GUAYMARAL","2015-01-04","","20.125"
"GUAYMARAL","2015-01-03","","25.95833333"
"GUAYMARAL","2015-01-02","","26.45833333"
"GUAYMARAL","2015-01-01","","37.66666667"
"GUAYMARAL","2014-12-31","","22.83333333"
"GUAYMARAL","2014-12-30","","34.79166667"
"GUAYMARAL","2014-12-29","","35.45833333"
"GUAYMARAL","2014-12-28","","31.16666667"
"GUAYMARAL","2014-12-27","","36.4375"
"GUAYMARAL","2014-12-26","","29.06944445"
"GUAYMARAL","2014-12-25","","30.84027778"
"GUAYMARAL","2014-12-24","","40.24305555"
"GUAYMARAL","2014-12-23","","46.71527778"
"GUAYMARAL","2014-12-22","","42.70138889"
"GUAYMARAL","2014-12-21","","43.79861112"
"GUAYMARAL","2014-12-20","","53.82638889"
"GUAYMARAL","2014-12-19","","73.46527778"
"GUAYMARAL","2014-12-18","","52.61805555"
"GUAYMARAL","2014-12-17","","50.41666666"
"GUAYMARAL","2014-12-16","","50.68194444"
"GUAYMARAL","2014-12-15","","42.70833334"
"GUAYMARAL","2014-12-14","","28.76388889"
"GUAYMARAL","2014-12-13","","59.96212121"
"GUAYMARAL","2014-12-12","","39.02777779"
"GUAYMARAL","2014-12-11","","32.16666667"
"GUAYMARAL","2014-12-10","","38.16666667"
"GUAYMARAL","2014-12-09","","42.0"
"GUAYMARAL","2014-12-08","","60.11111111"
"GUAYMARAL","2014-12-07","","51.20833333"
"GUAYMARAL","2014-12-06","","46.20833333"
"GUAYMARAL","2014-12-05","","65.16666667"
"GUAYMARAL","2014-12-04","","58.36111111"
"GUAYMARAL","2014-12-03","","32.06944444"
"GUAYMARAL","2014-12-02","","34.66666667"
"GUAYMARAL","2014-12-01","","28.08333333"
"GUAYMARAL","2014-11-30","","22.0"
"GUAYMARAL","2014-11-29","","41.95833333"
"GUAYMARAL","2014-11-28","","51.125"
"GUAYMARAL","2014-11-27","","67.56521739"
"GUAYMARAL","2014-11-26","","55.375"
"GUAYMARAL","2014-11-25","","60.14583334"
"GUAYMARAL","2014-11-24","","49.7361111"
"GUAYMARAL","2014-11-23","","26.99305556"
"GUAYMARAL","2014-11-22","","50.79166667"
"GUAYMARAL","2014-11-21","","65.25"
"GUAYMARAL","2014-11-20","","72.71969697"
"GUAYMARAL","2014-11-19","","43.54166667"
"GUAYMARAL","2014-11-18","","44.125"
"GUAYMARAL","2014-11-17","","19.08333333"
"GUAYMARAL","2014-11-16","","29.25"
"GUAYMARAL","2014-11-15","","54.95833333"
"GUAYMARAL","2014-11-14","","52.08333333"
"GUAYMARAL","2014-11-13","","48.125"
"GUAYMARAL","2014-11-12","","33.54166667"
"GUAYMARAL","2014-11-11","","22.91666667"
"GUAYMARAL","2014-11-10","","50.8"
"GUAYMARAL","2014-11-08","","56.88235294"
"GUAYMARAL","2014-11-07","","52.91666667"
"GUAYMARAL","2014-11-06","","58.29166667"
"GUAYMARAL","2014-11-05","","43.90909091"
"GUAYMARAL","2014-11-04","","56.0"
"GUAYMARAL","2014-11-03","","29.33333333"
"GUAYMARAL","2014-11-02","","40.5"
"GUAYMARAL","2014-11-01","","44.33333333"
"GUAYMARAL","2014-10-31","","50.20833333"
"GUAYMARAL","2014-10-30","","44.04166667"
"GUAYMARAL","2014-10-29","","43.75"
"GUAYMARAL","2014-10-28","","68.54166667"
"GUAYMARAL","2014-10-27","","53.5"
"GUAYMARAL","2014-10-26","","27.20833333"
"GUAYMARAL","2014-10-25","","61.04166667"
"GUAYMARAL","2014-10-24","","73.41666667"
"GUAYMARAL","2014-10-23","","43.83333333"
"GUAYMARAL","2014-10-22","","28.47222222"
"GUAYMARAL","2014-10-21","","24.3888889"
"GUAYMARAL","2014-10-20","","28.6736111"
"GUAYMARAL","2014-10-19","","22.88194444"
"GUAYMARAL","2014-10-18","","23.6388889"
"GUAYMARAL","2014-10-17","","30.66666666"
"GUAYMARAL","2014-10-16","","31.86111111"
"GUAYMARAL","2014-10-15","","19.43478261"
"GUAYMARAL","2014-10-14","","23.08333333"
"GUAYMARAL","2014-10-13","","12.2173913"
"GUAYMARAL","2014-10-12","","12.16666667"
"GUAYMARAL","2014-10-11","","27.45454545"
"GUAYMARAL","2014-10-10","","59.16666667"
"GUAYMARAL","2014-10-09","","32.29166667"
"GUAYMARAL","2014-10-08","","44.79166667"
"GUAYMARAL","2014-10-07","","27.54166667"
"GUAYMARAL","2014-10-06","","24.54166667"
"GUAYMARAL","2014-10-05","","28.58333333"
"GUAYMARAL","2014-10-04","","34.625"
"GUAYMARAL","2014-10-03","","29.79166667"
"GUAYMARAL","2014-10-02","","32.08333333"
"GUAYMARAL","2014-10-01","","31.03030302"
"GUAYMARAL","2014-09-30","","63.20833333"
"GUAYMARAL","2014-09-29","","29.68055556"
"GUAYMARAL","2014-09-28","","25.89583333"
"GUAYMARAL","2014-09-27","","57.97916668"
"GUAYMARAL","2014-09-26","","53.84722223"
"GUAYMARAL","2014-09-25","","46.46969697"
"GUAYMARAL","2014-09-24","","32.71527778"
"GUAYMARAL","2014-09-23","","39.60416667"
"GUAYMARAL","2014-09-22","","24.70833334"
"GUAYMARAL","2014-09-21","","25.69444444"
"GUAYMARAL","2014-09-20","","29.43055555"
"GUAYMARAL","2014-09-19","","41.32638889"
"GUAYMARAL","2014-09-18","","47.91666666"
"GUAYMARAL","2014-09-13","","28.33333333"
"GUAYMARAL","2014-09-12","","19.83333333"
"GUAYMARAL","2014-09-11","","26.29166667"
"GUAYMARAL","2014-09-10","","36.45454546"
"GUAYMARAL","2014-09-09","","27.51515152"
"GUAYMARAL","2014-09-08","","24.28472222"
"GUAYMARAL","2014-09-07","","15.29861112"
"GUAYMARAL","2014-09-06","","22.1736111"
"GUAYMARAL","2014-09-05","","26.53472223"
"GUAYMARAL","2014-09-04","","25.67361111"
"GUAYMARAL","2014-09-03","","23.95454545"
"GUAYMARAL","2014-09-02","","25.67857144"
"GUAYMARAL","2014-09-01","","27.11805555"
"GUAYMARAL","2014-08-31","","25.22916667"
"GUAYMARAL","2014-08-30","","35.77777778"
"GUAYMARAL","2014-08-29","","21.97222222"
"GUAYMARAL","2014-08-28","","33.27777778"
"GUAYMARAL","2014-08-27","","23.05072464"
"GUAYMARAL","2014-08-26","","20.79545454"
"GUAYMARAL","2014-08-25","","23.97222222"
"GUAYMARAL","2014-08-24","","22.52083333"
"GUAYMARAL","2014-08-23","","33.82638889"
"GUAYMARAL","2014-08-22","","41.6111111"
"GUAYMARAL","2014-08-21","","42.84722222"
"GUAYMARAL","2014-08-20","","31.17361113"
"GUAYMARAL","2014-08-19","","20.61805556"
"GUAYMARAL","2014-08-18","","9.33333334"
"GUAYMARAL","2014-08-17","","11.10416666"
"GUAYMARAL","2014-08-16","","19.27083333"
"GUAYMARAL","2014-08-15","","20.04166667"
"GUAYMARAL","2014-08-14","","17.45833333"
"GUAYMARAL","2014-08-13","","16.16666667"
"GUAYMARAL","2014-08-12","","21.0289855"
"GUAYMARAL","2014-08-11","","18.20833334"
"GUAYMARAL","2014-08-10","","14.18055555"
"GUAYMARAL","2014-08-09","","12.25"
"GUAYMARAL","2014-08-08","","21.625"
"GUAYMARAL","2014-08-07","","16.08333333"
"GUAYMARAL","2014-08-06","","20.45454545"
"GUAYMARAL","2014-08-05","","27.9375"
"GUAYMARAL","2014-08-04","","22.6"
"GUAYMARAL","2014-08-02","","11.66666667"
"GUAYMARAL","2014-08-01","","19.0"
"GUAYMARAL","2014-07-31","","20.375"
"GUAYMARAL","2014-07-30","","12.91304348"
"GUAYMARAL","2014-07-29","","18.04166667"
"GUAYMARAL","2014-07-28","","11.0"
"GUAYMARAL","2014-07-27","","7.95652174"
"GUAYMARAL","2014-07-26","","26.5"
"GUAYMARAL","2014-07-25","","19.45833333"
"GUAYMARAL","2014-07-24","","19.875"
"GUAYMARAL","2014-07-23","","22.08333333"
"GUAYMARAL","2014-07-22","","19.79166667"
"GUAYMARAL","2014-07-21","","21.54166667"
"GUAYMARAL","2014-07-20","","10.86956522"
"GUAYMARAL","2014-07-19","","17.04166667"
"GUAYMARAL","2014-07-18","","14.74305556"
"GUAYMARAL","2014-07-17","","17.61805556"
"GUAYMARAL","2014-07-16","","18.37121211"
"GUAYMARAL","2014-07-15","","19.92361111"
"GUAYMARAL","2014-07-14","","20.58333334"
"GUAYMARAL","2014-07-13","","12.04166666"
"GUAYMARAL","2014-07-12","","14.58333333"
"GUAYMARAL","2014-07-11","","19.28571429"
"GUAYMARAL","2014-07-10","","23.79629629"
"GUAYMARAL","2014-07-09","","15.93939395"
"GUAYMARAL","2014-07-08","","15.81944444"
"GUAYMARAL","2014-07-07","","13.22916667"
"GUAYMARAL","2014-07-06","","18.69444445"
"GUAYMARAL","2014-07-05","","13.625"
"GUAYMARAL","2014-07-04","","35.06944444"
"GUAYMARAL","2014-07-03","","43.54166666"
"GUAYMARAL","2014-07-02","","22.22222223"
"GUAYMARAL","2014-06-29","","18.03333333"
"GUAYMARAL","2014-06-28","","49.41666666"
"GUAYMARAL","2014-06-27","","134.17361111"
"GUAYMARAL","2014-06-26","","57.31249999"
"GUAYMARAL","2014-06-25","","20.5486111"
"GUAYMARAL","2014-06-24","","17.68253969"
"GUAYMARAL","2014-06-23","","12.875"
"GUAYMARAL","2014-06-22","","13.79166667"
"GUAYMARAL","2014-06-21","","21.79027778"
"GUAYMARAL","2014-06-20","","16.11805555"
"GUAYMARAL","2014-06-19","","15.65972223"
"GUAYMARAL","2014-06-18","","42.52083334"
"GUAYMARAL","2014-06-17","","20.53333334"
"GUAYMARAL","2014-06-16","","8.85964912"
"GUAYMARAL","2014-06-15","","5.22222222"
"GUAYMARAL","2014-06-14","","9.40350878"
"GUAYMARAL","2014-06-13","","19.1439394"
"GUAYMARAL","2014-06-12","","17.60416665"
"GUAYMARAL","2014-06-11","","16.93055555"
"GUAYMARAL","2014-06-10","","13.15972222"
"GUAYMARAL","2014-06-09","","22.54166666"
"GUAYMARAL","2014-06-08","","7.12121212"
"GUAYMARAL","2014-06-07","","8.07575757"
"GUAYMARAL","2014-06-06","","20.58771929"
"GUAYMARAL","2014-06-05","","16.85714286"
"GUAYMARAL","2014-06-04","","23.2536232"
"GUAYMARAL","2014-06-03","","20.39166666"
"GUAYMARAL","2014-06-02","","8.02777778"
"GUAYMARAL","2014-06-01","","10.58333333"
"GUAYMARAL","2014-05-31","","15.4513889"
"GUAYMARAL","2014-05-30","","30.1969697"
"GUAYMARAL","2014-05-29","","26.63888889"
"GUAYMARAL","2014-05-28","","23.05303032"
"GUAYMARAL","2014-05-27","","21.84722222"
"GUAYMARAL","2014-05-26","","35.11111111"
"GUAYMARAL","2014-05-25","","21.33333334"
"GUAYMARAL","2014-05-24","","24.36111111"
"GUAYMARAL","2014-05-23","","30.92361111"
"GUAYMARAL","2014-05-22","","22.14583333"
"GUAYMARAL","2014-05-21","","36.26388889"
"GUAYMARAL","2014-05-20","","19.57575757"
"GUAYMARAL","2014-05-19","","20.31944445"
"GUAYMARAL","2014-05-18","","17.33333332"
"GUAYMARAL","2014-05-17","","35.00694445"
"GUAYMARAL","2014-05-16","","28.97222222"
"GUAYMARAL","2014-05-15","","28.86111111"
"GUAYMARAL","2014-05-14","","21.00694445"
"GUAYMARAL","2014-05-13","","18.28571429"
"GUAYMARAL","2014-05-12","","32.18730158"
"GUAYMARAL","2014-05-11","","15.55555555"
"GUAYMARAL","2014-05-10","","15.58333334"
"GUAYMARAL","2014-05-09","","16.48611113"
"GUAYMARAL","2014-05-08","","30.53030303"
"GUAYMARAL","2014-05-07","","31.77083333"
"GUAYMARAL","2014-05-06","","35.00694444"
"GUAYMARAL","2014-05-05","","30.15694443"
"GUAYMARAL","2014-05-04","","30.02777778"
"GUAYMARAL","2014-05-03","","31.02083333"
"GUAYMARAL","2014-05-02","","22.66666667"
"GUAYMARAL","2014-05-01","","19.60416666"
"GUAYMARAL","2014-04-30","","23.34722223"
"GUAYMARAL","2014-04-29","","15.75"
"GUAYMARAL","2014-04-28","","19.0625"
"GUAYMARAL","2014-04-27","","23.43055555"
"GUAYMARAL","2014-04-26","","24.31250001"
"GUAYMARAL","2014-04-25","","21.51515151"
"GUAYMARAL","2014-04-24","","14.31818181"
"GUAYMARAL","2014-04-23","","22.73484849"
"GUAYMARAL","2014-04-22","","22.30555555"
"GUAYMARAL","2014-04-21","","19.63194445"
"GUAYMARAL","2014-04-20","","7.48039216"
"GUAYMARAL","2014-04-19","","8.46376811"
"GUAYMARAL","2014-04-18","","9.82456141"
"GUAYMARAL","2014-04-17","","7.25555556"
"GUAYMARAL","2014-04-16","","20.52898551"
"GUAYMARAL","2014-04-15","","27.65217391"
"GUAYMARAL","2014-01-01","","54.1666667"
"GUAYMARAL","2013-12-31","","40.85555555"
"GUAYMARAL","2013-12-30","","33.29861111"
"GUAYMARAL","2013-12-29","","29.84027778"
"GUAYMARAL","2013-12-28","","37.77083334"
"GUAYMARAL","2013-12-27","","34.76388889"
"GUAYMARAL","2013-12-26","","48.09206348"
"GUAYMARAL","2013-12-25","","46.22916666"
"GUAYMARAL","2013-12-24","","53.4861111"
"GUAYMARAL","2013-12-23","","40.77777777"
"GUAYMARAL","2013-12-22","","42.46527778"
"GUAYMARAL","2013-12-21","","52.80555555"
"GUAYMARAL","2013-12-20","","51.38194445"
"GUAYMARAL","2013-12-19","","56.50694444"
"GUAYMARAL","2013-12-18","","70.00694445"
"GUAYMARAL","2013-12-17","","61.49305555"
"GUAYMARAL","2013-12-16","","46.8125"
"GUAYMARAL","2013-12-15","","49.11805556"
"GUAYMARAL","2013-12-14","","57.33333333"
"GUAYMARAL","2013-12-13","","47.28472223"
"GUAYMARAL","2013-12-12","","44.84722222"
"GUAYMARAL","2013-12-11","","61.60416666"
"GUAYMARAL","2013-12-10","","51.66666667"
"GUAYMARAL","2013-12-09","","45.49305556"
"GUAYMARAL","2013-12-08","","44.80555555"
"GUAYMARAL","2013-12-07","","73.42499999"
"GUAYMARAL","2013-12-06","","48.45138889"
"GUAYMARAL","2013-12-05","","43.5530303"
"GUAYMARAL","2013-12-04","","49.91666667"
"GUAYMARAL","2013-12-03","","59.93181817"
"GUAYMARAL","2013-12-02","","45.76388889"
"GUAYMARAL","2013-12-01","","52.51388889"
"GUAYMARAL","2013-11-30","","80.35606061"
"GUAYMARAL","2013-11-29","","94.52272729"
"GUAYMARAL","2013-11-28","","52.88194444"
"GUAYMARAL","2013-11-27","","49.06944443"
"GUAYMARAL","2013-11-26","","82.30694444"
"GUAYMARAL","2013-11-25","","68.9848485"
"GUAYMARAL","2013-11-24","","51.2638889"
"GUAYMARAL","2013-11-23","","68.40277778"
"GUAYMARAL","2013-11-22","","53.80555555"
"GUAYMARAL","2013-11-21","","69.64583333"
"GUAYMARAL","2013-11-20","","83.60416667"
"GUAYMARAL","2013-11-19","","80.34722222"
"GUAYMARAL","2013-11-18","","63.43939394"
"GUAYMARAL","2013-11-17","","50.99305555"
"GUAYMARAL","2013-11-16","","50.9236111"
"GUAYMARAL","2013-11-15","","41.31944444"
"GUAYMARAL","2013-11-14","","65.40972223"
"GUAYMARAL","2013-11-13","","67.3030303"
"GUAYMARAL","2013-11-12","","49.86805555"
"GUAYMARAL","2013-11-11","","38.68055555"
"GUAYMARAL","2013-11-10","","44.09722221"
"GUAYMARAL","2013-11-09","","84.18055556"
"GUAYMARAL","2013-11-08","","75.82575759"
"GUAYMARAL","2013-11-07","","39.87500001"
"GUAYMARAL","2013-11-06","","67.65277778"
"GUAYMARAL","2013-11-05","","55.97222223"
"GUAYMARAL","2013-11-04","","33.20833334"
"GUAYMARAL","2013-11-03","","54.69444445"
"GUAYMARAL","2013-11-02","","56.99999999"
"GUAYMARAL","2013-11-01","","54.125"
"GUAYMARAL","2013-10-31","","54.09722223"
"GUAYMARAL","2013-10-30","","63.25000001"
"GUAYMARAL","2013-10-29","","76.11111111"
"GUAYMARAL","2013-10-28","","80.70138889"
"GUAYMARAL","2013-10-27","","52.25"
"GUAYMARAL","2013-10-26","","62.88888889"
"GUAYMARAL","2013-10-25","","41.61805555"
"GUAYMARAL","2013-10-24","","49.82638888"
"GUAYMARAL","2013-10-23","","58.63333333"
"GUAYMARAL","2013-10-19","","61.15555556"
"GUAYMARAL","2013-10-18","","81.52083334"
"GUAYMARAL","2013-10-17","","41.59722222"
"GUAYMARAL","2013-10-16","","68.24305555"
"GUAYMARAL","2013-10-15","","63.24305555"
"GUAYMARAL","2013-10-14","","35.12499999"
"GUAYMARAL","2013-10-13","","33.24305555"
"GUAYMARAL","2013-10-12","","51.14583333"
"GUAYMARAL","2013-10-11","","67.02083334"
"GUAYMARAL","2013-10-10","","60.38888888"
"GUAYMARAL","2013-10-09","","67.625"
"GUAYMARAL","2013-10-08","","40.64393939"
"GUAYMARAL","2013-10-07","","53.1875"
"GUAYMARAL","2013-10-06","","43.875"
"GUAYMARAL","2013-10-05","","44.63888888"
"GUAYMARAL","2013-10-04","","31.1060606"
"GUAYMARAL","2013-10-03","","45.97916666"
"GUAYMARAL","2013-10-02","","37.96825396"
"GUAYMARAL","2013-10-01","","78.94444445"
"GUAYMARAL","2013-09-30","","45.8768116"
"GUAYMARAL","2013-09-29","","36.57894737"
"GUAYMARAL","2013-09-28","","44.90740741"
"GUAYMARAL","2013-09-27","","41.5625"
"GUAYMARAL","2013-09-26","","45.8125"
"GUAYMARAL","2013-09-25","","43.6875"
"GUAYMARAL","2013-09-24","","49.80555555"
"GUAYMARAL","2013-09-23","","43.91666666"
"GUAYMARAL","2013-09-22","","43.11111111"
"GUAYMARAL","2013-09-21","","62.16666666"
"GUAYMARAL","2013-09-20","","45.98611113"
"GUAYMARAL","2013-09-19","","38.72222223"
"GUAYMARAL","2013-09-18","","44.22916666"
"GUAYMARAL","2013-09-17","","52.85416666"
"GUAYMARAL","2013-09-16","","40.3125"
"GUAYMARAL","2013-09-15","","32.65972223"
"GUAYMARAL","2013-09-14","","47.67361111"
"GUAYMARAL","2013-09-13","","115.35416667"
"GUAYMARAL","2013-09-12","","85.63194445"
"GUAYMARAL","2013-09-11","","43.56250001"
"GUAYMARAL","2013-09-10","","48.96527778"
"GUAYMARAL","2013-09-09","","40.66666667"
"GUAYMARAL","2013-09-08","","39.11805555"
"GUAYMARAL","2013-09-07","","36.22222223"
"GUAYMARAL","2013-09-06","","39.26388888"
"GUAYMARAL","2013-09-05","","56.04166666"
"GUAYMARAL","2013-09-04","","71.27777778"
"GUAYMARAL","2013-09-03","","86.52777778"
"GUAYMARAL","2013-09-02","","80.8888889"
"GUAYMARAL","2013-09-01","","29.54166666"
"GUAYMARAL","2013-08-31","","36.10416666"
"GUAYMARAL","2013-08-30","","34.79545453"
"GUAYMARAL","2013-08-29","","27.36363636"
"GUAYMARAL","2013-08-28","","31.83333334"
"GUAYMARAL","2013-08-27","","32.34027779"
"GUAYMARAL","2013-08-26","","28.45833334"
"GUAYMARAL","2013-08-25","","42.77083334"
"GUAYMARAL","2013-08-24","","52.58333334"
"GUAYMARAL","2013-08-23","","60.50694445"
"GUAYMARAL","2013-08-22","","42.11805555"
"GUAYMARAL","2013-08-21","","39.00694444"
"GUAYMARAL","2013-08-20","","34.8125"
"GUAYMARAL","2013-08-19","","28.125"
"GUAYMARAL","2013-08-18","","32.24305555"
"GUAYMARAL","2013-08-17","","45.375"
"GUAYMARAL","2013-08-16","","36.02083334"
"GUAYMARAL","2013-08-15","","43.20833334"
"GUAYMARAL","2013-08-14","","37.42500001"
"GUAYMARAL","2013-08-13","","47.97916666"
"GUAYMARAL","2013-08-12","","62.2"
"GUAYMARAL","2013-08-06","","106.64166667"
"GUAYMARAL","2013-08-05","","51.24305556"
"GUAYMARAL","2013-08-04","","41.56818182"
"GUAYMARAL","2013-08-03","","42.25694445"
"GUAYMARAL","2013-08-02","","31.75694444"
"GUAYMARAL","2013-08-01","","38.34722223"
"GUAYMARAL","2013-07-31","","37.09166667"
"GUAYMARAL","2013-07-30","","42.38194444"
"GUAYMARAL","2013-07-29","","30.80555555"
"GUAYMARAL","2013-07-28","","24.73611111"
"GUAYMARAL","2013-07-27","","28.375"
"GUAYMARAL","2013-07-26","","29.1388889"
"GUAYMARAL","2013-07-25","","27.43750001"
"GUAYMARAL","2013-07-24","","44.71527778"
"GUAYMARAL","2013-07-23","","46.08333333"
"GUAYMARAL","2013-07-22","","31.92361112"
"GUAYMARAL","2013-07-21","","22.20833333"
"GUAYMARAL","2013-07-20","","45.44444445"
"GUAYMARAL","2013-07-19","","50.45138889"
"GUAYMARAL","2013-07-18","","33.66666666"
"GUAYMARAL","2013-07-17","","29.37500001"
"GUAYMARAL","2013-07-16","","31.41666667"
"GUAYMARAL","2013-07-15","","36.36805555"
"GUAYMARAL","2013-07-14","","52.70833333"
"GUAYMARAL","2013-07-13","","70.66666667"
"GUAYMARAL","2013-07-12","","61.88194445"
"GUAYMARAL","2013-07-11","","47.79861111"
"GUAYMARAL","2013-07-10","","30.2962963"
"GUAYMARAL","2013-07-09","","39.33333333"
"GUAYMARAL","2013-07-08","","41.67361111"
"GUAYMARAL","2013-07-07","","34.54166667"
"GUAYMARAL","2013-07-06","","35.25"
"GUAYMARAL","2013-07-05","","45.77083333"
"GUAYMARAL","2013-07-04","","79.41666667"
"GUAYMARAL","2013-07-03","","68.68055556"
"GUAYMARAL","2013-07-02","","39.42361111"
"GUAYMARAL","2013-07-01","","27.25694444"
"GUAYMARAL","2013-06-30","","50.72916668"
"GUAYMARAL","2013-06-29","","61.47916667"
"GUAYMARAL","2013-06-28","","42.79861111"
"GUAYMARAL","2013-06-27","","52.5625"
"GUAYMARAL","2013-06-26","","47.02777778"
"GUAYMARAL","2013-06-25","","60.06944445"
"GUAYMARAL","2013-06-24","","31.97222222"
"GUAYMARAL","2013-06-23","","48.20833333"
"GUAYMARAL","2013-06-22","","55.40909091"
"GUAYMARAL","2013-06-21","","42.27272727"
"GUAYMARAL","2013-06-20","","35.73611111"
"GUAYMARAL","2013-06-19","","33.63636364"
"GUAYMARAL","2013-06-18","","51.40277778"
"GUAYMARAL","2013-06-17","","40.8888889"
"GUAYMARAL","2013-06-16","","28.18055555"
"GUAYMARAL","2013-06-15","","35.8888889"
"GUAYMARAL","2013-06-14","","43.93055556"
"GUAYMARAL","2013-06-13","","40.93055556"
"GUAYMARAL","2013-06-12","","33.7826087"
"GUAYMARAL","2013-06-11","","37.84374999"
"GUAYMARAL","2013-06-10","","28.47222222"
"GUAYMARAL","2013-06-09","","29.79166667"
"GUAYMARAL","2013-06-08","","38.04166667"
"GUAYMARAL","2013-06-07","","39.375"
"GUAYMARAL","2013-06-06","","57.54545455"
"GUAYMARAL","2013-06-05","","50.28947368"
"GUAYMARAL","2013-06-04","","41.61805556"
"GUAYMARAL","2013-06-03","","31.03472223"
"GUAYMARAL","2013-06-02","","37.91666667"
"GUAYMARAL","2013-06-01","","61.30434783"
"GUAYMARAL","2013-05-31","","41.95833333"
"GUAYMARAL","2013-05-30","","61.7826087"
"GUAYMARAL","2013-05-29","","69.125"
"GUAYMARAL","2013-05-28","","53.25"
"GUAYMARAL","2013-05-27","","50.70833333"
"GUAYMARAL","2013-05-26","","43.66666667"
"GUAYMARAL","2013-05-25","","59.16666667"
"GUAYMARAL","2013-05-24","","44.45833333"
"GUAYMARAL","2013-05-23","","51.04166667"
"GUAYMARAL","2013-05-22","","36.66666667"
"GUAYMARAL","2013-05-21","","44.375"
"GUAYMARAL","2013-05-20","","37.875"
"GUAYMARAL","2013-05-19","","33.16666667"
"GUAYMARAL","2013-05-18","","43.56521739"
"GUAYMARAL","2013-05-17","","40.10869565"
"GUAYMARAL","2013-05-16","","43.40277778"
"GUAYMARAL","2013-05-15","","51.67424243"
"GUAYMARAL","2013-05-14","","45.82539682"
"GUAYMARAL","2013-05-13","","41.81944444"
"GUAYMARAL","2013-05-12","","48.75"
"GUAYMARAL","2013-05-11","","57.97916667"
"GUAYMARAL","2013-05-10","","52.15277778"
"GUAYMARAL","2013-05-09","","38.15277777"
"GUAYMARAL","2013-05-08","","44.875"
"GUAYMARAL","2013-05-07","","66.61904762"
"GUAYMARAL","2013-05-06","","75.25"
"GUAYMARAL","2013-05-05","","46.89855073"
"GUAYMARAL","2013-05-04","","73.49305555"
"GUAYMARAL","2013-05-03","","57.125"
"GUAYMARAL","2013-05-02","","54.83333332"
"GUAYMARAL","2013-05-01","","43.09027778"
"GUAYMARAL","2013-04-30","","52.29166667"
"GUAYMARAL","2013-04-29","","43.61805556"
"GUAYMARAL","2013-04-28","","55.96376812"
"GUAYMARAL","2013-04-27","","47.94444445"
"GUAYMARAL","2013-04-26","","56.5"
"GUAYMARAL","2013-04-25","","48.0"
"GUAYMARAL","2013-04-24","","61.5"
"GUAYMARAL","2013-04-23","","68.0"
"GUAYMARAL","2013-04-22","","69.0"
"GUAYMARAL","2013-04-21","","45.375"
"GUAYMARAL","2013-04-20","","49.5"
"GUAYMARAL","2013-04-19","","44.33333333"
"GUAYMARAL","2013-04-18","","54.0"
"GUAYMARAL","2013-04-17","","40.125"
"GUAYMARAL","2013-04-16","","44.75"
"GUAYMARAL","2013-04-15","","41.0"
"GUAYMARAL","2013-04-14","","43.91666667"
"GUAYMARAL","2013-04-13","","63.79166667"
"GUAYMARAL","2013-04-12","","88.60869565"
"GUAYMARAL","2013-04-11","","82.00694445"
"GUAYMARAL","2013-04-10","","79.58333333"
"GUAYMARAL","2013-04-09","","70.06944444"
"GUAYMARAL","2013-04-08","","74.92424243"
"GUAYMARAL","2013-04-07","","58.09027779"
"GUAYMARAL","2013-04-06","","75.35416667"
"GUAYMARAL","2013-04-05","","72.07575757"
"GUAYMARAL","2013-04-04","","80.58730159"
"GUAYMARAL","2013-04-03","","79.83333332"
"GUAYMARAL","2013-04-02","","56.73333334"
"GUAYMARAL","2013-04-01","","36.93181818"
"GUAYMARAL","2013-03-31","","19.20512822"
"GUAYMARAL","2013-03-30","","18.97619047"
"GUAYMARAL","2013-03-29","","34.80701754"
"GUAYMARAL","2013-03-28","","45.92028985"
"GUAYMARAL","2013-03-27","","50.60185184"
"GUAYMARAL","2013-03-26","","46.4537037"
"GUAYMARAL","2013-03-25","","35.44202898"
"GUAYMARAL","2013-03-24","","38.37878788"
"GUAYMARAL","2013-03-23","","61.63636363"
"GUAYMARAL","2013-03-22","","43.84090908"
"GUAYMARAL","2013-03-21","","57.93859649"
"GUAYMARAL","2013-03-20","","62.33333333"
"GUAYMARAL","2013-03-19","","57.72222223"
"GUAYMARAL","2013-03-18","","49.68750001"
"GUAYMARAL","2013-03-17","","47.33333333"
"GUAYMARAL","2013-03-16","","69.02083333"
"GUAYMARAL","2013-03-15","","57.13768116"
"GUAYMARAL","2013-03-14","","73.08333333"
"GUAYMARAL","2013-03-13","","50.48611111"
"GUAYMARAL","2013-03-12","","73.03472221"
"GUAYMARAL","2013-03-11","","64.43181818"
"GUAYMARAL","2013-03-10","","43.83333333"
"GUAYMARAL","2013-03-09","","61.79166667"
"GUAYMARAL","2013-03-08","","67.45833333"
"GUAYMARAL","2013-03-07","","76.07638889"
"GUAYMARAL","2013-03-06","","74.71212121"
"GUAYMARAL","2013-03-05","","57.25"
"GUAYMARAL","2013-03-04","","56.91666667"
"GUAYMARAL","2013-03-03","","56.79166667"
"GUAYMARAL","2013-03-02","","43.875"
"GUAYMARAL","2013-03-01","","36.58333333"
"GUAYMARAL","2013-02-28","","42.1875"
"GUAYMARAL","2013-02-27","","52.23611111"
"GUAYMARAL","2013-02-26","","63.19444444"
"GUAYMARAL","2013-02-25","","57.45138889"
"GUAYMARAL","2013-02-24","","43.27777777"
"GUAYMARAL","2013-02-23","","57.375"
"GUAYMARAL","2013-02-22","","51.375"
"GUAYMARAL","2013-02-21","","54.07291666"
"GUAYMARAL","2013-02-20","","51.13194445"
"GUAYMARAL","2013-02-19","","57.95138888"
"GUAYMARAL","2013-02-18","","55.0"
"GUAYMARAL","2013-02-17","","50.21527778"
"GUAYMARAL","2013-02-16","","62.57638889"
"GUAYMARAL","2013-02-15","","76.31944445"
"GUAYMARAL","2013-02-14","","71.63636363"
"GUAYMARAL","2013-02-05","","48.43333334"
"GUAYMARAL","2013-02-04","","38.07936508"
"GUAYMARAL","2013-02-03","","39.5"
"GUAYMARAL","2013-02-02","","35.70833334"
"GUAYMARAL","2013-02-01","","49.00694445"
"GUAYMARAL","2013-01-31","","54.1969697"
"GUAYMARAL","2013-01-30","","46.30555555"
"GUAYMARAL","2013-01-29","","48.95833333"
"GUAYMARAL","2013-01-28","","41.18055555"
"GUAYMARAL","2013-01-27","","40.04861112"
"GUAYMARAL","2013-01-26","","45.30555556"
"GUAYMARAL","2013-01-25","","49.90972223"
"GUAYMARAL","2013-01-24","","54.31944444"
"GUAYMARAL","2013-01-23","","50.86111112"
"GUAYMARAL","2013-01-22","","37.75"
"GUAYMARAL","2013-01-21","","35.89583334"
"GUAYMARAL","2013-01-20","","35.63194445"
"GUAYMARAL","2013-01-19","","38.95833333"
"GUAYMARAL","2013-01-18","","46.40972222"
"GUAYMARAL","2013-01-17","","73.35416667"
"GUAYMARAL","2013-01-16","","60.63888889"
"GUAYMARAL","2013-01-15","","56.8409091"
"GUAYMARAL","2013-01-14","","52.09722223"
"GUAYMARAL","2013-01-13","","53.50694445"
"GUAYMARAL","2013-01-12","","48.80555557"
"GUAYMARAL","2013-01-11","","42.06944444"
"GUAYMARAL","2013-01-10","","31.38095238"
"GUAYMARAL","2013-01-09","","26.22916666"
"GUAYMARAL","2013-01-08","","29.03787878"
"GUAYMARAL","2013-01-07","","21.73611111"
"GUAYMARAL","2013-01-06","","24.97916666"
"GUAYMARAL","2013-01-05","","28.45833334"
"GUAYMARAL","2013-01-04","","29.46527778"
"GUAYMARAL","2013-01-03","","30.93750001"
"GUAYMARAL","2013-01-02","","22.34027777"
"GUAYMARAL","2013-01-01","","30.86805556"
"GUAYMARAL","2012-12-31","","25.54166667"
"GUAYMARAL","2012-12-30","","25.54861112"
"GUAYMARAL","2012-12-29","","31.74242424"
"GUAYMARAL","2012-12-28","","27.66666668"
"GUAYMARAL","2012-12-27","","16.625"
"GUAYMARAL","2012-12-26","","22.3015873"
"GUAYMARAL","2012-12-25","","36.21527778"
"GUAYMARAL","2012-12-24","","21.70833334"
"GUAYMARAL","2012-12-23","","25.57777778"
"GUAYMARAL","2012-12-22","","38.25925926"
"GUAYMARAL","2012-12-21","","48.0952381"
"GUAYMARAL","2012-12-20","","35.40277778"
"GUAYMARAL","2012-12-19","","44.65740741"
"GUAYMARAL","2012-12-18","","42.94444445"
"GUAYMARAL","2012-12-17","","37.32638889"
"GUAYMARAL","2012-12-16","","31.10317461"
"GUAYMARAL","2012-12-14","","37.88888888"
"GUAYMARAL","2012-12-13","","49.84259259"
"GUAYMARAL","2012-12-12","","58.6736111"
"GUAYMARAL","2012-12-11","","51.70454546"
"GUAYMARAL","2012-12-10","","37.11805556"
"GUAYMARAL","2012-12-09","","22.93750001"
"GUAYMARAL","2012-12-08","","39.22916666"
"GUAYMARAL","2012-12-07","","62.04861111"
"GUAYMARAL","2012-12-06","","47.16666666"
"GUAYMARAL","2012-12-05","","37.51388889"
"GUAYMARAL","2012-12-04","","42.84848484"
"GUAYMARAL","2012-12-03","","29.05555556"
"GUAYMARAL","2012-11-29","","53.48611111"
"GUAYMARAL","2012-11-28","","45.73611113"
"GUAYMARAL","2012-11-27","","39.41666666"
"GUAYMARAL","2012-11-26","","23.8939394"
"GUAYMARAL","2012-11-25","","38.29166667"
"GUAYMARAL","2012-11-24","","47.31060606"
"GUAYMARAL","2012-11-23","","50.5625"
"GUAYMARAL","2012-11-22","","63.86805556"
"GUAYMARAL","2012-11-21","","54.60416667"
"GUAYMARAL","2012-11-20","","46.72916666"
"GUAYMARAL","2012-11-19","","51.81818182"
"GUAYMARAL","2012-11-18","","30.56944445"
"GUAYMARAL","2012-11-17","","38.77777777"
"GUAYMARAL","2012-11-16","","43.9375"
"GUAYMARAL","2012-11-15","","44.31249999"
"GUAYMARAL","2012-11-14","","45.29166667"
"GUAYMARAL","2012-11-13","","49.53968252"
"GUAYMARAL","2012-11-12","","39.64583333"
"GUAYMARAL","2012-11-11","","34.45833333"
"GUAYMARAL","2012-11-10","","42.66666667"
"GUAYMARAL","2012-11-09","","40.86805555"
"GUAYMARAL","2012-11-08","","33.80555555"
"GUAYMARAL","2012-11-07","","43.58333333"
"GUAYMARAL","2012-11-06","","31.36805557"
"GUAYMARAL","2012-11-05","","18.77777778"
"GUAYMARAL","2012-11-04","","29.49305555"
"GUAYMARAL","2012-11-03","","37.01388889"
"GUAYMARAL","2012-11-02","","49.63888889"
"GUAYMARAL","2012-11-01","","37.67424243"
"GUAYMARAL","2012-10-31","","39.60526316"
"GUAYMARAL","2012-10-30","","37.28030302"
"GUAYMARAL","2012-10-29","","42.88888888"
"GUAYMARAL","2012-10-28","","32.69444445"
"GUAYMARAL","2012-10-27","","34.22222223"
"GUAYMARAL","2012-10-26","","42.43055556"
"GUAYMARAL","2012-10-25","","38.61363638"
"GUAYMARAL","2012-10-24","","24.06250001"
"GUAYMARAL","2012-10-23","","34.30555555"
"GUAYMARAL","2012-10-22","","44.47222223"
"GUAYMARAL","2012-10-21","","42.00694444"
"GUAYMARAL","2012-10-20","","45.53472222"
"GUAYMARAL","2012-10-19","","30.9513889"
"GUAYMARAL","2012-10-18","","25.62499999"
"GUAYMARAL","2012-10-17","","37.01388889"
"GUAYMARAL","2012-10-16","","34.38636364"
"GUAYMARAL","2012-10-15","","44.45833333"
"GUAYMARAL","2012-10-14","","55.83333334"
"GUAYMARAL","2012-10-13","","36.47916667"
"GUAYMARAL","2012-10-12","","41.125"
"GUAYMARAL","2012-10-11","","48.58333333"
"GUAYMARAL","2012-10-10","","48.57575758"
"GUAYMARAL","2012-10-09","","31.93055555"
"GUAYMARAL","2012-10-08","","19.81944445"
"GUAYMARAL","2012-10-07","","18.34722222"
"GUAYMARAL","2012-10-06","","32.84027778"
"GUAYMARAL","2012-10-05","","43.83333333"
"GUAYMARAL","2012-10-04","","32.27777778"
"GUAYMARAL","2012-10-03","","34.79545455"
"GUAYMARAL","2012-10-02","","33.10416668"
"GUAYMARAL","2012-10-01","","22.77777778"
"GUAYMARAL","2012-09-30","","17.54166666"
"GUAYMARAL","2012-09-29","","20.89583333"
"GUAYMARAL","2012-09-28","","30.95454546"
"GUAYMARAL","2012-09-27","","26.20833333"
"GUAYMARAL","2012-09-26","","25.59027778"
"GUAYMARAL","2012-09-25","","20.1904762"
"GUAYMARAL","2012-09-24","","36.40972222"
"GUAYMARAL","2012-09-23","","30.01388889"
"GUAYMARAL","2012-09-22","","24.30555556"
"GUAYMARAL","2012-09-21","","30.05555555"
"GUAYMARAL","2012-09-20","","33.825"
"GUAYMARAL","2012-09-19","","42.8015873"
"GUAYMARAL","2012-09-18","","39.22916666"
"GUAYMARAL","2012-09-17","","34.45454546"
"GUAYMARAL","2012-09-16","","26.92361111"
"GUAYMARAL","2012-09-15","","36.95833334"
"GUAYMARAL","2012-09-14","","49.40277779"
"GUAYMARAL","2012-09-13","","59.32051281"
"GUAYMARAL","2012-09-12","","36.43333333"
"GUAYMARAL","2012-09-11","","25.43333333"
"GUAYMARAL","2012-09-10","","25.73076922"
"GUAYMARAL","2012-09-09","","18.36363635"
"GUAYMARAL","2012-09-08","","32.18939395"
"GUAYMARAL","2012-09-07","","36.93939393"
"GUAYMARAL","2012-09-06","","23.85416667"
"GUAYMARAL","2012-09-05","","25.58333333"
"GUAYMARAL","2012-09-04","","23.67500001"
"GUAYMARAL","2012-09-03","","22.31944443"
"GUAYMARAL","2012-09-02","","19.98484848"
"GUAYMARAL","2012-09-01","","28.79166667"
"GUAYMARAL","2012-08-31","","28.30158729"
"GUAYMARAL","2012-08-30","","24.74305556"
"GUAYMARAL","2012-08-29","","25.75"
"GUAYMARAL","2012-08-28","","31.7962963"
"GUAYMARAL","2012-08-13","","19.16666665"
"GUAYMARAL","2012-08-12","","23.725"
"GUAYMARAL","2012-08-11","","24.51388888"
"GUAYMARAL","2012-08-10","","19.4375"
"GUAYMARAL","2012-08-09","","21.56060608"
"GUAYMARAL","2012-08-08","","22.15789473"
"GUAYMARAL","2012-08-07","","23.77083333"
"GUAYMARAL","2012-08-06","","22.65079366"
"GUAYMARAL","2012-08-05","","15.00757575"
"GUAYMARAL","2012-08-04","","29.40909091"
"GUAYMARAL","2012-08-03","","54.08333333"
"GUAYMARAL","2012-08-02","","30.625"
"GUAYMARAL","2012-08-01","","20.6590909"
"GUAYMARAL","2012-07-31","","22.64492754"
"GUAYMARAL","2012-07-30","","26.05555556"
"GUAYMARAL","2012-07-29","","18.59848485"
"GUAYMARAL","2012-07-28","","17.62500001"
"GUAYMARAL","2012-07-27","","23.15277778"
"GUAYMARAL","2012-07-26","","29.09090909"
"GUAYMARAL","2012-07-25","","23.98484848"
"GUAYMARAL","2012-07-24","","20.80952382"
"GUAYMARAL","2012-07-23","","16.80555556"
"GUAYMARAL","2012-07-22","","13.80208332"
"GUAYMARAL","2012-07-21","","17.75694445"
"GUAYMARAL","2012-07-20","","15.25694445"
"GUAYMARAL","2012-07-19","","21.43939393"
"GUAYMARAL","2012-07-18","","19.64583333"
"GUAYMARAL","2012-07-17","","25.02083334"
"GUAYMARAL","2012-07-16","","31.20833333"
"GUAYMARAL","2012-07-15","","17.78472223"
"GUAYMARAL","2012-07-14","","19.26388889"
"GUAYMARAL","2012-07-13","","35.20833333"
"GUAYMARAL","2012-07-12","","35.83333334"
"GUAYMARAL","2012-07-11","","22.71875"
"GUAYMARAL","2012-07-10","","23.3263889"
"GUAYMARAL","2012-07-09","","22.42063492"
"GUAYMARAL","2012-07-08","","19.625"
"GUAYMARAL","2012-07-07","","20.59027779"
"GUAYMARAL","2012-07-06","","29.96969697"
"GUAYMARAL","2012-07-05","","23.97222222"
"GUAYMARAL","2012-07-04","","21.38194445"
"GUAYMARAL","2012-07-03","","26.0138889"
"GUAYMARAL","2012-07-02","","17.50833334"
"GUAYMARAL","2012-07-01","","15.62878788"
"GUAYMARAL","2012-06-30","","22.0"
"GUAYMARAL","2012-06-29","","46.20833333"
"GUAYMARAL","2012-06-28","","18.54545454"
"GUAYMARAL","2012-06-27","","17.88888889"
"GUAYMARAL","2012-06-26","","15.8125"
"GUAYMARAL","2012-06-25","","22.85714287"
"GUAYMARAL","2012-06-23","","35.3333333"
"GUAYMARAL","2012-06-22","","32.15686275"
"GUAYMARAL","2012-06-21","","23.47222223"
"GUAYMARAL","2012-06-20","","27.76515152"
"GUAYMARAL","2012-06-19","","36.99305555"
"GUAYMARAL","2012-06-18","","18.45833333"
"GUAYMARAL","2012-06-17","","25.68055555"
"GUAYMARAL","2012-06-16","","19.71428572"
"GUAYMARAL","2012-06-15","","27.18055556"
"GUAYMARAL","2012-06-14","","21.13194444"
"GUAYMARAL","2012-06-13","","24.97222222"
"GUAYMARAL","2012-06-12","","16.88888888"
"GUAYMARAL","2012-06-11","","15.34057971"
"GUAYMARAL","2012-06-10","","14.45138889"
"GUAYMARAL","2012-06-09","","14.0"
"GUAYMARAL","2012-06-08","","20.53030302"
"GUAYMARAL","2012-06-07","","20.84027777"
"GUAYMARAL","2012-06-06","","36.78472222"
"GUAYMARAL","2012-06-05","","32.43055555"
"GUAYMARAL","2012-06-04","","28.58333333"
"GUAYMARAL","2012-06-03","","20.375"
"GUAYMARAL","2012-06-02","","18.6875"
"GUAYMARAL","2012-06-01","","21.87500001"
"GUAYMARAL","2012-05-31","","25.15277778"
"GUAYMARAL","2012-05-30","","25.22222222"
"GUAYMARAL","2012-05-29","","19.63888889"
"GUAYMARAL","2012-05-28","","20.91666667"
"GUAYMARAL","2012-05-27","","19.54861111"
"GUAYMARAL","2012-05-26","","34.86111111"
"GUAYMARAL","2012-05-25","","29.70138888"
"GUAYMARAL","2012-05-24","","21.38888889"
"GUAYMARAL","2012-05-23","","42.33333334"
"GUAYMARAL","2012-05-22","","20.75694446"
"GUAYMARAL","2012-05-21","","20.30555555"
"GUAYMARAL","2012-05-20","","23.02083335"
"GUAYMARAL","2012-05-19","","21.77083334"
"GUAYMARAL","2012-05-18","","30.97222223"
"GUAYMARAL","2012-05-17","","26.2013889"
"GUAYMARAL","2012-05-16","","33.88194445"
"GUAYMARAL","2012-05-15","","43.20138889"
"GUAYMARAL","2012-05-14","","36.25694444"
"GUAYMARAL","2012-05-13","","18.79411764"
"GUAYMARAL","2012-05-12","","19.70138889"
"GUAYMARAL","2012-05-11","","45.90972223"
"GUAYMARAL","2012-05-10","","41.5"
"GUAYMARAL","2012-05-09","","35.01388889"
"GUAYMARAL","2012-05-08","","31.72916667"
"GUAYMARAL","2012-05-07","","38.40972221"
"GUAYMARAL","2012-05-06","","30.56944445"
"GUAYMARAL","2012-05-05","","32.16666667"
"GUAYMARAL","2012-05-04","","30.29166667"
"GUAYMARAL","2012-05-03","","21.5"
"GUAYMARAL","2012-05-02","","21.65277777"
"GUAYMARAL","2012-05-01","","16.4469697"
"GUAYMARAL","2012-04-30","","29.90972222"
"GUAYMARAL","2012-04-29","","25.27777778"
"GUAYMARAL","2012-04-28","","30.15277778"
"GUAYMARAL","2012-04-27","","28.10416667"
"GUAYMARAL","2012-04-26","","42.36805555"
"GUAYMARAL","2012-04-25","","37.22222222"
"GUAYMARAL","2012-04-24","","33.3125"
"GUAYMARAL","2012-04-23","","28.65972222"
"GUAYMARAL","2012-04-22","","22.04166667"
"GUAYMARAL","2012-04-21","","35.56944443"
"GUAYMARAL","2012-04-20","","56.20833333"
"GUAYMARAL","2012-04-19","","57.2361111"
"GUAYMARAL","2012-04-18","","55.01388889"
"GUAYMARAL","2012-04-17","","54.5"
"GUAYMARAL","2012-04-16","","41.75694443"
"GUAYMARAL","2012-04-15","","33.30555556"
"GUAYMARAL","2012-04-14","","47.09027777"
"GUAYMARAL","2012-04-13","","38.73015873"
"GUAYMARAL","2012-04-12","","20.17361112"
"GUAYMARAL","2012-04-11","","28.0"
"GUAYMARAL","2012-04-10","","46.99305555"
"GUAYMARAL","2012-04-09","","30.46527778"
"GUAYMARAL","2012-04-08","","26.65277779"
"GUAYMARAL","2012-04-07","","17.78472222"
"GUAYMARAL","2012-04-06","","21.14583333"
"GUAYMARAL","2012-04-05","","29.34027778"
"GUAYMARAL","2012-04-04","","31.77272726"
"GUAYMARAL","2012-04-03","","39.76515151"
"GUAYMARAL","2012-04-02","","29.47826087"
"GUAYMARAL","2012-04-01","","19.80434782"
"GUAYMARAL","2012-03-31","","18.0952381"
"GUAYMARAL","2012-03-30","","28.40909091"
"GUAYMARAL","2012-03-29","","30.61363636"
"GUAYMARAL","2012-03-28","","47.05555555"
"GUAYMARAL","2012-03-27","","54.99305556"
"GUAYMARAL","2012-03-26","","41.2878788"
"GUAYMARAL","2012-03-25","","28.70833334"
"GUAYMARAL","2012-03-24","","50.85416668"
"GUAYMARAL","2012-03-23","","49.27777778"
"GUAYMARAL","2012-03-22","","45.01388889"
"GUAYMARAL","2012-03-21","","46.86805555"
"GUAYMARAL","2012-03-20","","50.70833333"
"GUAYMARAL","2012-03-17","","24.58333334"
"GUAYMARAL","2012-03-16","","34.77083333"
"GUAYMARAL","2012-03-15","","37.81944444"
"GUAYMARAL","2012-03-14","","34.83333333"
"GUAYMARAL","2012-03-13","","32.28030303"
"GUAYMARAL","2012-03-12","","30.15873016"
"GUAYMARAL","2012-03-11","","24.53472223"
"GUAYMARAL","2012-03-10","","33.77083333"
"GUAYMARAL","2012-03-09","","74.05555557"
"GUAYMARAL","2012-03-08","","38.63636363"
"GUAYMARAL","2012-03-07","","37.16666666"
"GUAYMARAL","2012-03-06","","41.20138889"
"GUAYMARAL","2012-03-05","","38.86805556"
"GUAYMARAL","2012-03-04","","23.34722221"
"GUAYMARAL","2012-03-03","","25.30555555"
"GUAYMARAL","2012-03-02","","35.65972223"
"GUAYMARAL","2012-03-01","","43.22916666"
"GUAYMARAL","2012-02-29","","44.90277778"
"GUAYMARAL","2012-02-28","","58.45454545"
"GUAYMARAL","2012-02-27","","40.13888889"
"GUAYMARAL","2012-02-26","","44.49305555"
"GUAYMARAL","2012-02-25","","49.66666667"
"GUAYMARAL","2012-02-24","","54.52083333"
"GUAYMARAL","2012-02-23","","58.0"
"GUAYMARAL","2012-02-22","","63.99242425"
"GUAYMARAL","2012-02-21","","61.39999998"
"GUAYMARAL","2012-02-20","","55.83333334"
"GUAYMARAL","2012-02-19","","38.30555555"
"GUAYMARAL","2012-02-18","","70.59090909"
"GUAYMARAL","2012-02-17","","77.73611111"
"GUAYMARAL","2012-02-16","","60.03333334"
"GUAYMARAL","2012-02-15","","50.51388889"
"GUAYMARAL","2012-02-14","","40.05555555"
"GUAYMARAL","2012-02-13","","54.75694445"
"GUAYMARAL","2012-02-12","","34.91666667"
"GUAYMARAL","2012-02-11","","38.04861112"
"GUAYMARAL","2012-02-10","","58.06250001"
"GUAYMARAL","2012-02-09","","51.43055555"
"GUAYMARAL","2012-02-08","","32.46666667"
"GUAYMARAL","2012-02-07","","27.02777778"
"GUAYMARAL","2012-02-06","","20.41666666"
"GUAYMARAL","2012-02-05","","30.50694445"
"GUAYMARAL","2012-02-04","","37.32575758"
"GUAYMARAL","2012-02-03","","45.75"
"GUAYMARAL","2012-02-02","","43.125"
"GUAYMARAL","2012-02-01","","49.32575759"
"GUAYMARAL","2012-01-31","","44.56250001"
"GUAYMARAL","2012-01-30","","50.20138889"
"GUAYMARAL","2012-01-29","","37.68055555"
"GUAYMARAL","2012-01-28","","35.29166666"
"GUAYMARAL","2012-01-27","","40.84722223"
"GUAYMARAL","2012-01-26","","57.0625"
"GUAYMARAL","2012-01-25","","46.68181817"
"GUAYMARAL","2012-01-24","","47.78333333"
"GUAYMARAL","2012-01-23","","40.36111111"
"GUAYMARAL","2012-01-22","","31.22222222"
"GUAYMARAL","2012-01-21","","35.55555555"
"GUAYMARAL","2012-01-20","","40.75925926"
"GUAYMARAL","2012-01-19","","36.72916666"
"GUAYMARAL","2012-01-18","","49.30555554"
"GUAYMARAL","2012-01-17","","36.27083334"
"GUAYMARAL","2012-01-16","","37.7986111"
"GUAYMARAL","2012-01-15","","27.02083333"
"GUAYMARAL","2012-01-14","","26.02083333"
"GUAYMARAL","2012-01-13","","29.27083334"
"GUAYMARAL","2012-01-12","","37.44444445"
"GUAYMARAL","2012-01-11","","47.59027777"
"GUAYMARAL","2012-01-10","","54.21527778"
"GUAYMARAL","2012-01-09","","24.95454545"
"GUAYMARAL","2012-01-08","","38.88888889"
"GUAYMARAL","2012-01-07","","33.87499999"
"GUAYMARAL","2012-01-06","","47.11805555"
"GUAYMARAL","2012-01-05","","43.45138889"
"GUAYMARAL","2012-01-04","","36.36805556"
"GUAYMARAL","2012-01-03","","44.75"
"GUAYMARAL","2012-01-02","","37.47222221"
"GUAYMARAL","2012-01-01","","44.89583335"
"GUAYMARAL","2011-12-31","","21.5763889"
"GUAYMARAL","2011-12-30","","25.13194445"
"GUAYMARAL","2011-12-29","","35.06944445"
"GUAYMARAL","2011-12-28","","25.53472222"
"GUAYMARAL","2011-12-27","","27.05797101"
"GUAYMARAL","2011-12-26","","28.13194445"
"GUAYMARAL","2011-12-25","","36.01666667"
"GUAYMARAL","2011-12-24","","30.5"
"GUAYMARAL","2011-12-23","","35.24999999"
"GUAYMARAL","2011-12-22","","34.95833334"
"GUAYMARAL","2011-12-21","","22.03472222"
"GUAYMARAL","2011-12-20","","31.24305555"
"GUAYMARAL","2011-12-19","","38.50694443"
"GUAYMARAL","2011-12-18","","36.05555556"
"GUAYMARAL","2011-12-17","","44.84027778"
"GUAYMARAL","2011-12-16","","33.89583333"
"GUAYMARAL","2011-12-15","","39.56250001"
"GUAYMARAL","2011-12-14","","43.26388889"
"GUAYMARAL","2011-12-13","","44.9861111"
"GUAYMARAL","2011-12-12","","44.63194445"
"GUAYMARAL","2011-12-11","","42.0625"
"GUAYMARAL","2011-12-10","","52.56944445"
"GUAYMARAL","2011-12-09","","39.86111112"
"GUAYMARAL","2011-12-08","","38.26388889"
"GUAYMARAL","2011-12-07","","33.92361111"
"GUAYMARAL","2011-12-06","","47.32638888"
"GUAYMARAL","2011-12-05","","40.64393939"
"GUAYMARAL","2011-12-04","","39.82638889"
"GUAYMARAL","2011-12-03","","41.65972223"
"GUAYMARAL","2011-12-02","","30.82638889"
"GUAYMARAL","2011-12-01","","26.92361111"
"GUAYMARAL","2011-11-30","","40.00694444"
"GUAYMARAL","2011-11-29","","28.59722222"
"GUAYMARAL","2011-11-28","","33.83333331"
"GUAYMARAL","2011-11-26","","32.77083334"
"GUAYMARAL","2011-11-25","","41.93055555"
"GUAYMARAL","2011-11-24","","32.62878789"
"GUAYMARAL","2011-11-23","","32.37500001"
"GUAYMARAL","2011-11-22","","40.14583333"
"GUAYMARAL","2011-11-21","","34.62878788"
"GUAYMARAL","2011-11-20","","27.38194444"
"GUAYMARAL","2011-11-19","","30.7986111"
"GUAYMARAL","2011-11-18","","30.52083333"
"GUAYMARAL","2011-11-17","","35.375"
"GUAYMARAL","2011-11-16","","41.1439394"
"GUAYMARAL","2011-11-15","","37.55555555"
"GUAYMARAL","2011-11-14","","29.34027778"
"GUAYMARAL","2011-11-13","","34.08333333"
"GUAYMARAL","2011-11-12","","27.2986111"
"GUAYMARAL","2011-11-11","","42.68840579"
"GUAYMARAL","2011-11-10","","39.45833334"
"GUAYMARAL","2011-11-09","","35.46527778"
"GUAYMARAL","2011-11-08","","37.0763889"
"GUAYMARAL","2011-11-07","","25.0"
"GUAYMARAL","2011-11-06","","38.80555557"
"GUAYMARAL","2011-11-05","","51.35416665"
"GUAYMARAL","2011-11-04","","60.47916667"
"GUAYMARAL","2011-11-03","","52.41666667"
"GUAYMARAL","2011-11-02","","47.16666667"
"GUAYMARAL","2011-11-01","","43.69444444"
"GUAYMARAL","2011-10-31","","41.40151514"
"GUAYMARAL","2011-10-30","","26.49242425"
"GUAYMARAL","2011-10-29","","29.89583333"
"GUAYMARAL","2011-10-28","","34.61805554"
"GUAYMARAL","2011-10-27","","44.95833333"
"GUAYMARAL","2011-10-26","","49.68181819"
"GUAYMARAL","2011-10-25","","30.51388889"
"GUAYMARAL","2011-10-24","","31.15972223"
"GUAYMARAL","2011-10-23","","40.43055556"
"GUAYMARAL","2011-10-22","","39.63194445"
"GUAYMARAL","2011-10-21","","40.52083334"
"GUAYMARAL","2011-10-20","","25.50000001"
"GUAYMARAL","2011-10-19","","34.77777778"
"GUAYMARAL","2011-10-18","","35.65277778"
"GUAYMARAL","2011-10-14","","44.09848486"
"GUAYMARAL","2011-10-13","","32.26388889"
"GUAYMARAL","2011-10-12","","31.34027778"
"GUAYMARAL","2011-10-11","","35.36666668"
"GUAYMARAL","2011-10-10","","38.8125"
"GUAYMARAL","2011-10-09","","30.30555556"
"GUAYMARAL","2011-10-08","","35.13888889"
"GUAYMARAL","2011-10-07","","33.70833333"
"GUAYMARAL","2011-10-06","","46.18749999"
"GUAYMARAL","2011-10-05","","49.78787879"
"GUAYMARAL","2011-10-04","","41.02083333"
"GUAYMARAL","2011-10-03","","44.58333333"
"GUAYMARAL","2011-10-02","","30.68055556"
"GUAYMARAL","2011-10-01","","36.92361112"
"GUAYMARAL","2011-09-30","","53.04861111"
"GUAYMARAL","2011-09-29","","36.62499999"
"GUAYMARAL","2011-09-28","","35.8888889"
"GUAYMARAL","2011-09-27","","39.58333334"
"GUAYMARAL","2011-09-26","","20.33333333"
"GUAYMARAL","2011-09-25","","15.20833333"
"GUAYMARAL","2011-09-24","","28.05072463"
"GUAYMARAL","2011-09-23","","44.16666667"
"GUAYMARAL","2011-09-22","","35.83333333"
"GUAYMARAL","2011-09-21","","44.45138889"
"GUAYMARAL","2011-09-20","","48.40972223"
"GUAYMARAL","2011-09-19","","28.14583333"
"GUAYMARAL","2011-09-18","","26.29861111"
"GUAYMARAL","2011-09-17","","31.44444444"
"GUAYMARAL","2011-09-16","","53.29166666"
"GUAYMARAL","2011-09-15","","31.50694444"
"GUAYMARAL","2011-09-14","","39.80555555"
"GUAYMARAL","2011-09-13","","39.89583333"
"GUAYMARAL","2011-09-12","","24.75757575"
"GUAYMARAL","2011-09-11","","19.89473684"
"GUAYMARAL","2011-09-10","","46.85416667"
"GUAYMARAL","2011-09-09","","39.84027778"
"GUAYMARAL","2011-09-08","","47.20138889"
"GUAYMARAL","2011-09-07","","29.81944445"
"GUAYMARAL","2011-09-06","","33.22916667"
"GUAYMARAL","2011-09-05","","35.01666667"
"GUAYMARAL","2011-09-04","","20.16666667"
"GUAYMARAL","2011-09-03","","37.875"
"GUAYMARAL","2011-09-02","","34.41666666"
"GUAYMARAL","2011-09-01","","28.85416667"
"GUAYMARAL","2011-08-31","","27.03472222"
"GUAYMARAL","2011-08-30","","30.88888889"
"GUAYMARAL","2011-08-29","","20.55833334"
"GUAYMARAL","2011-08-28","","19.61403509"
"GUAYMARAL","2011-08-27","","35.65972222"
"GUAYMARAL","2011-08-26","","27.15972223"
"GUAYMARAL","2011-08-25","","40.28787878"
"GUAYMARAL","2011-08-24","","30.125"
"GUAYMARAL","2011-08-23","","36.62878788"
"GUAYMARAL","2011-08-22","","38.625"
"GUAYMARAL","2011-08-21","","31.07575758"
"GUAYMARAL","2011-08-20","","37.63888888"
"GUAYMARAL","2011-08-19","","53.17460318"
"GUAYMARAL","2011-08-18","","32.66666667"
"GUAYMARAL","2011-08-17","","35.92361111"
"GUAYMARAL","2011-08-16","","24.06818183"
"GUAYMARAL","2011-08-15","","19.9469697"
"GUAYMARAL","2011-08-14","","28.60526317"
"GUAYMARAL","2011-08-13","","32.74305555"
"GUAYMARAL","2011-08-12","","25.84027778"
"GUAYMARAL","2011-08-11","","26.51515151"
"GUAYMARAL","2011-08-10","","30.55"
"GUAYMARAL","2011-08-09","","41.46296297"
"GUAYMARAL","2011-08-08","","30.13194444"
"GUAYMARAL","2011-08-07","","19.25"
"GUAYMARAL","2011-08-06","","37.82638889"
"GUAYMARAL","2011-08-05","","29.69696969"
"GUAYMARAL","2011-08-04","","33.25000001"
"GUAYMARAL","2011-08-03","","37.21052632"
"GUAYMARAL","2011-08-02","","49.01666665"
"GUAYMARAL","2011-07-31","","26.76190476"
"GUAYMARAL","2011-07-30","","27.8125"
"GUAYMARAL","2011-07-29","","42.83333333"
"GUAYMARAL","2011-07-28","","30.23333334"
"GUAYMARAL","2011-07-27","","27.36805555"
"GUAYMARAL","2011-07-26","","22.93181819"
"GUAYMARAL","2011-07-25","","21.8148148"
"GUAYMARAL","2011-07-24","","16.12878788"
"GUAYMARAL","2011-07-23","","19.89215686"
"GUAYMARAL","2011-07-22","","29.79861112"
"GUAYMARAL","2011-07-21","","28.99999999"
"GUAYMARAL","2011-07-20","","29.50000001"
"GUAYMARAL","2011-07-19","","27.40909091"
"GUAYMARAL","2011-07-18","","27.90151515"
"GUAYMARAL","2011-07-17","","28.51388889"
"GUAYMARAL","2011-07-16","","37.94444444"
"GUAYMARAL","2011-07-15","","60.35416666"
"GUAYMARAL","2011-07-14","","46.07142857"
"GUAYMARAL","2011-07-13","","32.80555556"
"GUAYMARAL","2011-07-12","","34.21969697"
"GUAYMARAL","2011-07-11","","18.65151515"
"GUAYMARAL","2011-07-10","","15.86363636"
"GUAYMARAL","2011-07-09","","19.97916667"
"GUAYMARAL","2011-07-08","","31.28787879"
"GUAYMARAL","2011-07-07","","27.37878788"
"GUAYMARAL","2011-07-06","","30.44736843"
"GUAYMARAL","2011-07-05","","34.67424242"
"GUAYMARAL","2011-07-04","","20.24242424"
"GUAYMARAL","2011-07-03","","29.49305556"
"GUAYMARAL","2011-07-02","","42.56060606"
"GUAYMARAL","2011-07-01","","33.67361111"
"GUAYMARAL","2011-06-30","","35.65277778"
"GUAYMARAL","2011-06-29","","40.51388888"
"GUAYMARAL","2011-06-28","","36.95833333"
"GUAYMARAL","2011-06-27","","13.85833334"
"GUAYMARAL","2011-06-26","","17.44927536"
"GUAYMARAL","2011-06-25","","18.63043477"
"GUAYMARAL","2011-06-24","","30.27083333"
"GUAYMARAL","2011-06-23","","25.40972222"
"GUAYMARAL","2011-06-22","","23.40972222"
"GUAYMARAL","2011-06-21","","35.87499999"
"GUAYMARAL","2011-06-20","","32.36805555"
"GUAYMARAL","2011-06-19","","17.4375"
"GUAYMARAL","2011-06-18","","31.52777778"
"GUAYMARAL","2011-06-17","","28.59722223"
"GUAYMARAL","2011-06-16","","33.18055555"
"GUAYMARAL","2011-06-15","","39.10416667"
"GUAYMARAL","2011-06-14","","21.75362319"
"GUAYMARAL","2011-06-13","","21.06944445"
"GUAYMARAL","2011-06-12","","13.61111111"
"GUAYMARAL","2011-06-11","","18.79166667"
"GUAYMARAL","2011-06-10","","31.78472223"
"GUAYMARAL","2011-06-09","","32.20138889"
"GUAYMARAL","2011-06-08","","42.76984128"
"GUAYMARAL","2011-06-07","","49.33333333"
"GUAYMARAL","2011-06-06","","28.01388888"
"GUAYMARAL","2011-06-05","","25.26388888"
"GUAYMARAL","2011-06-04","","41.93055557"
"GUAYMARAL","2011-06-03","","46.5625"
"GUAYMARAL","2011-06-02","","40.68055556"
"GUAYMARAL","2011-06-01","","43.5378788"
"GUAYMARAL","2011-05-31","","27.96527777"
"GUAYMARAL","2011-05-30","","28.74305557"
"GUAYMARAL","2011-05-29","","26.84722221"
"GUAYMARAL","2011-05-28","","32.83333333"
"GUAYMARAL","2011-05-27","","33.8611111"
"GUAYMARAL","2011-05-26","","39.57638888"
"GUAYMARAL","2011-05-25","","38.28472223"
"GUAYMARAL","2011-05-24","","58.74305555"
"GUAYMARAL","2011-05-23","","43.4236111"
"GUAYMARAL","2011-05-22","","26.6875"
"GUAYMARAL","2011-05-21","","55.70833333"
"GUAYMARAL","2011-05-20","","72.40972223"
"GUAYMARAL","2011-05-19","","47.29166666"
"GUAYMARAL","2011-05-18","","42.63888888"
"GUAYMARAL","2011-05-17","","46.5486111"
"GUAYMARAL","2011-05-16","","47.84722223"
"GUAYMARAL","2011-05-15","","40.12499999"
"GUAYMARAL","2011-05-14","","33.06944444"
"GUAYMARAL","2011-05-13","","43.72916667"
"GUAYMARAL","2011-05-12","","48.375"
"GUAYMARAL","2011-05-11","","46.08333333"
"GUAYMARAL","2011-05-10","","48.0"
"GUAYMARAL","2011-05-09","","39.06666666"
"GUAYMARAL","2011-05-08","","24.65972223"
"GUAYMARAL","2011-05-07","","29.6111111"
"GUAYMARAL","2011-05-06","","44.63768116"
"GUAYMARAL","2011-05-05","","43.89583334"
"GUAYMARAL","2011-05-04","","34.84782608"
"GUAYMARAL","2011-05-03","","27.93055557"
"GUAYMARAL","2011-05-02","","26.9057971"
"GUAYMARAL","2011-05-01","","28.80158731"
"GUAYMARAL","2011-04-30","","55.22222222"
"GUAYMARAL","2011-04-29","","61.72916668"
"GUAYMARAL","2011-04-28","","61.09027777"
"GUAYMARAL","2011-04-27","","46.26515152"
"GUAYMARAL","2011-04-26","","32.96527779"
"GUAYMARAL","2011-04-25","","22.34027778"
"GUAYMARAL","2011-04-24","","26.12500001"
"GUAYMARAL","2011-04-23","","16.54166666"
"GUAYMARAL","2011-04-22","","18.29861111"
"GUAYMARAL","2011-04-21","","21.90972222"
"GUAYMARAL","2011-04-20","","21.56944444"
"GUAYMARAL","2011-04-19","","29.54166667"
"GUAYMARAL","2011-04-18","","32.3030303"
"GUAYMARAL","2011-04-17","","15.30555555"
"GUAYMARAL","2011-04-16","","30.39583335"
"GUAYMARAL","2011-04-15","","24.35416666"
"GUAYMARAL","2011-04-14","","35.52777779"
"GUAYMARAL","2011-04-13","","30.75"
"GUAYMARAL","2011-04-12","","27.58333334"
"GUAYMARAL","2011-04-11","","28.81944444"
"GUAYMARAL","2011-04-10","","18.05555556"
"GUAYMARAL","2011-04-09","","33.98611111"
"GUAYMARAL","2011-04-08","","53.49999999"
"GUAYMARAL","2011-04-07","","57.31944444"
"GUAYMARAL","2011-04-06","","38.46527778"
"GUAYMARAL","2011-04-05","","33.0625"
"GUAYMARAL","2011-04-04","","43.60416667"
"GUAYMARAL","2011-04-03","","45.90972223"
"GUAYMARAL","2011-04-02","","42.34027778"
"GUAYMARAL","2011-04-01","","51.43939394"
"GUAYMARAL","2011-03-31","","44.36805555"
"GUAYMARAL","2011-03-30","","47.61805555"
"GUAYMARAL","2011-03-29","","44.15277778"
"GUAYMARAL","2011-03-28","","34.78260869"
"GUAYMARAL","2011-03-27","","21.47916666"
"GUAYMARAL","2011-03-26","","24.17361111"
"GUAYMARAL","2011-03-25","","26.79861112"
"GUAYMARAL","2011-03-24","","41.70138889"
"GUAYMARAL","2011-03-23","","34.1031746"
"GUAYMARAL","2011-03-22","","37.64285714"
"GUAYMARAL","2011-03-20","","39.41666665"
"GUAYMARAL","2011-03-19","","25.54166666"
"GUAYMARAL","2011-03-18","","33.09027778"
"GUAYMARAL","2011-03-17","","50.33333333"
"GUAYMARAL","2011-03-16","","61.69444445"
"GUAYMARAL","2011-03-15","","51.77777777"
"GUAYMARAL","2011-03-14","","31.5"
"GUAYMARAL","2011-03-13","","37.50694445"
"GUAYMARAL","2011-03-12","","57.21527777"
"GUAYMARAL","2011-03-11","","44.02083333"
"GUAYMARAL","2011-03-10","","25.3125"
"GUAYMARAL","2011-03-09","","44.11111111"
"GUAYMARAL","2011-03-08","","36.125"
"GUAYMARAL","2011-03-07","","49.23611111"
"GUAYMARAL","2011-03-06","","31.70833334"
"GUAYMARAL","2011-03-05","","47.00000001"
"GUAYMARAL","2011-03-04","","40.40972221"
"GUAYMARAL","2011-03-03","","18.34027777"
"GUAYMARAL","2011-03-02","","24.18750001"
"GUAYMARAL","2011-03-01","","30.15277778"
"GUAYMARAL","2011-02-28","","37.77272727"
"GUAYMARAL","2011-02-27","","30.81944445"
"GUAYMARAL","2011-02-26","","37.54861112"
"GUAYMARAL","2011-02-25","","44.44444444"
"GUAYMARAL","2011-02-24","","38.56818181"
"GUAYMARAL","2011-02-23","","39.06944444"
"GUAYMARAL","2011-02-22","","46.91666667"
"GUAYMARAL","2011-02-21","","52.10416667"
"GUAYMARAL","2011-02-20","","36.55555556"
"GUAYMARAL","2011-02-19","","45.25694445"
"GUAYMARAL","2011-02-18","","43.57638888"
"GUAYMARAL","2011-02-17","","37.47916667"
"GUAYMARAL","2011-02-16","","38.6875"
"GUAYMARAL","2011-02-15","","48.87499999"
"GUAYMARAL","2011-02-14","","51.96527778"
"GUAYMARAL","2011-02-13","","27.72916667"
"GUAYMARAL","2011-02-12","","37.74305555"
"GUAYMARAL","2011-02-11","","47.72916666"
"GUAYMARAL","2011-02-10","","34.29861111"
"GUAYMARAL","2011-02-09","","30.08333333"
"GUAYMARAL","2011-02-08","","30.29166665"
"GUAYMARAL","2011-02-07","","41.94444444"
"GUAYMARAL","2011-02-06","","30.70833334"
"GUAYMARAL","2011-02-05","","40.52083334"
"GUAYMARAL","2011-02-04","","70.625"
"GUAYMARAL","2011-02-03","","50.72222223"
"GUAYMARAL","2011-02-02","","38.99305556"
"GUAYMARAL","2011-02-01","","37.99305555"
"GUAYMARAL","2011-01-31","","41.77777779"
"GUAYMARAL","2011-01-30","","31.46527777"
"GUAYMARAL","2011-01-29","","54.33333334"
"GUAYMARAL","2011-01-28","","55.89583333"
"GUAYMARAL","2011-01-27","","58.27777779"
"GUAYMARAL","2011-01-26","","65.52083334"
"GUAYMARAL","2011-01-25","","64.375"
"GUAYMARAL","2011-01-24","","41.63888888"
"GUAYMARAL","2011-01-23","","39.84722223"
"GUAYMARAL","2011-01-22","","45.35416667"
"GUAYMARAL","2011-01-21","","54.66666667"
"GUAYMARAL","2011-01-20","","68.15972222"
"GUAYMARAL","2011-01-19","","46.66666666"
"GUAYMARAL","2011-01-13","","59.92857144"
"GUAYMARAL","2011-01-12","","47.53472222"
"GUAYMARAL","2011-01-11","","43.46527778"
"GUAYMARAL","2011-01-10","","22.72916667"
"GUAYMARAL","2011-01-09","","25.88636365"
"GUAYMARAL","2011-01-08","","38.87878788"
"GUAYMARAL","2011-01-07","","63.93055555"
"GUAYMARAL","2011-01-06","","51.07638888"
"GUAYMARAL","2011-01-05","","41.11111111"
"GUAYMARAL","2011-01-04","","45.61363636"
"GUAYMARAL","2011-01-03","","36.23611111"
"GUAYMARAL","2011-01-02","","25.11805557"
"GUAYMARAL","2011-01-01","","38.10416666"
"GUAYMARAL","2010-12-31","","41.23611111"
"GUAYMARAL","2010-12-30","","44.74999999"
"GUAYMARAL","2010-12-29","","32.13888889"
"GUAYMARAL","2010-12-28","","40.14583333"
"GUAYMARAL","2010-12-27","","30.23611111"
"GUAYMARAL","2010-12-26","","14.20138889"
"GUAYMARAL","2010-12-25","","31.08333333"
"GUAYMARAL","2010-12-24","","27.45138889"
"GUAYMARAL","2010-12-23","","50.15277778"
"GUAYMARAL","2010-12-22","","57.90277777"
"GUAYMARAL","2010-12-21","","46.24305556"
"GUAYMARAL","2010-12-20","","30.85416666"
"GUAYMARAL","2010-12-19","","35.20833333"
"GUAYMARAL","2010-12-18","","41.01388888"
"GUAYMARAL","2010-12-17","","45.79861112"
"GUAYMARAL","2010-12-16","","37.34722223"
"GUAYMARAL","2010-12-15","","45.84722222"
"GUAYMARAL","2010-12-14","","34.72916667"
"GUAYMARAL","2010-12-13","","34.97916668"
"GUAYMARAL","2010-12-12","","37.92361112"
"GUAYMARAL","2010-12-11","","53.02083333"
"GUAYMARAL","2010-12-10","","67.79166666"
"GUAYMARAL","2010-12-09","","41.88888888"
"GUAYMARAL","2010-12-08","","47.90972222"
"GUAYMARAL","2010-12-07","","36.29166666"
"GUAYMARAL","2010-12-06","","34.97916667"
"GUAYMARAL","2010-12-05","","19.35416667"
"GUAYMARAL","2010-12-04","","40.34027778"
"GUAYMARAL","2010-12-03","","46.80555556"
"GUAYMARAL","2010-12-02","","37.86956522"
"GUAYMARAL","2010-12-01","","43.35416668"
"GUAYMARAL","2010-11-30","","44.68055555"
"GUAYMARAL","2010-11-29","","40.52777778"
"GUAYMARAL","2010-11-28","","28.41666667"
"GUAYMARAL","2010-11-27","","28.61805555"
"GUAYMARAL","2010-11-26","","37.76388888"
"GUAYMARAL","2010-11-25","","51.86111111"
"GUAYMARAL","2010-11-24","","35.35416667"
"GUAYMARAL","2010-11-23","","59.59722223"
"GUAYMARAL","2010-11-22","","45.20833333"
"GUAYMARAL","2010-11-21","","37.21527778"
"GUAYMARAL","2010-11-20","","31.78472223"
"GUAYMARAL","2010-11-19","","59.53472222"
"GUAYMARAL","2010-11-18","","48.26515152"
"GUAYMARAL","2010-11-17","","30.68055556"
"GUAYMARAL","2010-11-16","","34.7348485"
"GUAYMARAL","2010-11-15","","24.8888889"
"GUAYMARAL","2010-11-14","","16.84722222"
"GUAYMARAL","2010-11-13","","38.1875"
"GUAYMARAL","2010-11-12","","39.70138889"
"GUAYMARAL","2010-11-11","","37.02083333"
"GUAYMARAL","2010-11-10","","25.2986111"
"GUAYMARAL","2010-11-09","","38.0486111"
"GUAYMARAL","2010-11-08","","21.0"
"GUAYMARAL","2010-11-07","","26.79166667"
"GUAYMARAL","2010-11-06","","41.61111111"
"GUAYMARAL","2010-11-05","","59.03472221"
"GUAYMARAL","2010-11-04","","51.81944444"
"GUAYMARAL","2010-11-03","","44.29545454"
"GUAYMARAL","2010-11-02","","45.09027778"
"GUAYMARAL","2010-11-01","","25.34722222"
"GUAYMARAL","2010-10-31","","23.26388889"
"GUAYMARAL","2010-10-30","","32.11111112"
"GUAYMARAL","2010-10-29","","36.875"
"GUAYMARAL","2010-10-28","","34.23611111"
"GUAYMARAL","2010-10-27","","45.45138889"
"GUAYMARAL","2010-10-26","","52.26388889"
"GUAYMARAL","2010-10-25","","34.63492063"
"GUAYMARAL","2010-10-24","","36.94444445"
"GUAYMARAL","2010-10-23","","56.6875"
"GUAYMARAL","2010-10-22","","45.9513889"
"GUAYMARAL","2010-10-21","","50.0"
"GUAYMARAL","2010-10-20","","43.02777778"
"GUAYMARAL","2010-10-19","","20.57638889"
"GUAYMARAL","2010-10-18","","32.15972223"
"GUAYMARAL","2010-10-17","","18.22916667"
"GUAYMARAL","2010-10-16","","31.27083333"
"GUAYMARAL","2010-10-15","","45.2936508"
"GUAYMARAL","2010-10-14","","36.52380953"
"GUAYMARAL","2010-10-13","","29.27777778"
"GUAYMARAL","2010-10-12","","41.58333333"
"GUAYMARAL","2010-10-11","","21.79166667"
"GUAYMARAL","2010-10-10","","25.76811594"
"GUAYMARAL","2010-10-09","","20.32575758"
"GUAYMARAL","2010-10-08","","28.175"
"GUAYMARAL","2010-10-07","","29.48611111"
"GUAYMARAL","2010-10-06","","44.72916667"
"GUAYMARAL","2010-10-05","","23.40277778"
"GUAYMARAL","2010-10-04","","38.76388889"
"GUAYMARAL","2010-10-03","","39.06944445"
"GUAYMARAL","2010-10-02","","42.07638889"
"GUAYMARAL","2010-10-01","","53.72916667"
"GUAYMARAL","2010-09-30","","60.58695651"
"GUAYMARAL","2010-09-29","","53.24305556"
"GUAYMARAL","2010-09-28","","39.46527777"
"GUAYMARAL","2010-09-27","","38.91666667"
"GUAYMARAL","2010-09-26","","29.83333333"
"GUAYMARAL","2010-09-25","","52.72222223"
"GUAYMARAL","2010-09-24","","46.91666666"
"GUAYMARAL","2010-09-23","","43.6875"
"GUAYMARAL","2010-09-22","","39.28472222"
"GUAYMARAL","2010-09-21","","51.44444445"
"GUAYMARAL","2010-09-20","","35.40277778"
"GUAYMARAL","2010-09-19","","29.08333334"
"GUAYMARAL","2010-09-18","","51.69444444"
"GUAYMARAL","2010-09-17","","53.77083333"
"GUAYMARAL","2010-09-16","","42.43181819"
"GUAYMARAL","2010-09-15","","40.84722222"
"GUAYMARAL","2010-09-14","","39.24358975"
"GUAYMARAL","2010-09-08","","30.88333333"
"GUAYMARAL","2010-09-07","","29.10416668"
"GUAYMARAL","2010-09-06","","30.31249999"
"GUAYMARAL","2010-09-05","","23.23611111"
"GUAYMARAL","2010-09-04","","32.53968253"
"GUAYMARAL","2010-09-03","","31.95238095"
"GUAYMARAL","2010-09-02","","38.53472221"
"GUAYMARAL","2010-09-01","","41.86666666"
"GUAYMARAL","2010-08-31","","38.27272727"
"GUAYMARAL","2010-08-30","","32.91666667"
"GUAYMARAL","2010-08-29","","25.25"
"GUAYMARAL","2010-08-28","","28.6111111"
"GUAYMARAL","2010-08-27","","57.12222222"
"GUAYMARAL","2010-08-26","","43.76388889"
"GUAYMARAL","2010-08-25","","53.77083334"
"GUAYMARAL","2010-08-24","","61.40277776"
"GUAYMARAL","2010-08-23","","71.01388889"
"GUAYMARAL","2010-08-22","","58.45833334"
"GUAYMARAL","2010-08-21","","48.71527777"
"GUAYMARAL","2010-08-20","","38.54166667"
"GUAYMARAL","2010-08-19","","40.84027778"
"GUAYMARAL","2010-08-18","","53.57246377"
"GUAYMARAL","2010-08-17","","55.64583333"
"GUAYMARAL","2010-08-16","","24.47222222"
"GUAYMARAL","2010-08-15","","16.90972222"
"GUAYMARAL","2010-08-14","","29.80555556"
"GUAYMARAL","2010-08-13","","36.02083333"
"GUAYMARAL","2010-08-12","","36.20833332"
"GUAYMARAL","2010-08-11","","32.77083334"
"GUAYMARAL","2010-08-10","","34.74999999"
"GUAYMARAL","2010-08-09","","33.31746032"
"GUAYMARAL","2010-08-08","","20.95833333"
"GUAYMARAL","2010-08-07","","31.04861112"
"GUAYMARAL","2010-08-06","","33.00793651"
"GUAYMARAL","2010-08-05","","30.55303031"
"GUAYMARAL","2010-08-04","","30.50980392"
"GUAYMARAL","2010-08-03","","28.70138888"
"GUAYMARAL","2010-08-02","","35.87719298"
"GUAYMARAL","2010-08-01","","24.3888889"
"GUAYMARAL","2010-07-31","","48.90740741"
"GUAYMARAL","2010-07-30","","55.62280702"
"GUAYMARAL","2010-07-29","","42.90277778"
"GUAYMARAL","2010-07-28","","31.19444444"
"GUAYMARAL","2010-07-27","","17.75"
"GUAYMARAL","2010-07-26","","23.74305555"
"GUAYMARAL","2010-07-25","","24.55555556"
"GUAYMARAL","2010-07-24","","22.9513889"
"GUAYMARAL","2010-07-23","","32.97916666"
"GUAYMARAL","2010-07-22","","40.3125"
"GUAYMARAL","2010-07-21","","35.90277778"
"GUAYMARAL","2010-07-20","","24.35416666"
"GUAYMARAL","2010-07-19","","31.29166667"
"GUAYMARAL","2010-07-18","","20.59027778"
"GUAYMARAL","2010-07-17","","22.68055556"
"GUAYMARAL","2010-07-16","","22.06944444"
"GUAYMARAL","2010-07-15","","35.4513889"
"GUAYMARAL","2010-07-14","","34.8611111"
"GUAYMARAL","2010-07-13","","41.63888889"
"GUAYMARAL","2010-07-12","","40.38194445"
"GUAYMARAL","2010-07-11","","12.97916667"
"GUAYMARAL","2010-07-10","","20.52083334"
"GUAYMARAL","2010-07-09","","22.15277778"
"GUAYMARAL","2010-07-08","","35.82638888"
"GUAYMARAL","2010-07-07","","29.07638888"
"GUAYMARAL","2010-07-06","","20.10416668"
"GUAYMARAL","2010-07-05","","28.97222221"
"GUAYMARAL","2010-07-04","","21.79166667"
"GUAYMARAL","2010-07-03","","29.56944445"
"GUAYMARAL","2010-07-02","","33.98611111"
"GUAYMARAL","2010-07-01","","33.71666666"
"GUAYMARAL","2010-06-30","","34.84027778"
"GUAYMARAL","2010-06-29","","18.16666668"
"GUAYMARAL","2010-06-28","","26.8125"
"GUAYMARAL","2010-06-27","","12.36111112"
"GUAYMARAL","2010-06-26","","20.1736111"
"GUAYMARAL","2010-06-25","","20.70833333"
"GUAYMARAL","2010-06-24","","29.67361111"
"GUAYMARAL","2010-06-23","","41.78787879"
"GUAYMARAL","2010-06-22","","40.34027778"
"GUAYMARAL","2010-06-21","","33.77083333"
"GUAYMARAL","2010-06-20","","20.84722222"
"GUAYMARAL","2010-06-19","","30.63888889"
"GUAYMARAL","2010-06-18","","26.79861111"
"GUAYMARAL","2010-06-17","","30.11111111"
"GUAYMARAL","2010-06-16","","31.79166668"
"GUAYMARAL","2010-06-15","","27.22222222"
"GUAYMARAL","2010-06-14","","22.05555555"
"GUAYMARAL","2010-06-13","","18.29166665"
"GUAYMARAL","2010-06-12","","17.88194444"
"GUAYMARAL","2010-06-11","","34.20454545"
"GUAYMARAL","2010-06-10","","29.68055555"
"GUAYMARAL","2010-06-09","","23.04861112"
"GUAYMARAL","2010-06-08","","36.34027778"
"GUAYMARAL","2010-06-07","","12.97222223"
"GUAYMARAL","2010-06-06","","18.75694444"
"GUAYMARAL","2010-06-05","","23.72222222"
"GUAYMARAL","2010-06-04","","30.08333333"
"GUAYMARAL","2010-06-03","","28.73611111"
"GUAYMARAL","2010-06-02","","26.09027778"
"GUAYMARAL","2010-06-01","","22.08333333"
"GUAYMARAL","2010-05-31","","19.9621212"
"GUAYMARAL","2010-05-30","","25.0138889"
"GUAYMARAL","2010-05-29","","40.03472221"
"GUAYMARAL","2010-05-28","","44.43055555"
"GUAYMARAL","2010-05-27","","28.34027778"
"GUAYMARAL","2010-05-26","","45.0625"
"GUAYMARAL","2010-05-25","","41.0763889"
"GUAYMARAL","2010-05-24","","42.27083333"
"GUAYMARAL","2010-05-23","","35.95652174"
"GUAYMARAL","2010-05-22","","54.95138888"
"GUAYMARAL","2010-05-21","","38.38194444"
"GUAYMARAL","2010-05-20","","28.66666667"
"GUAYMARAL","2010-05-19","","25.90277778"
"GUAYMARAL","2010-05-18","","28.40972222"
"GUAYMARAL","2010-05-17","","23.49305556"
"GUAYMARAL","2010-05-16","","15.625"
"GUAYMARAL","2010-05-15","","20.64583333"
"GUAYMARAL","2010-05-14","","25.51388888"
"GUAYMARAL","2010-05-13","","29.0138889"
"GUAYMARAL","2010-05-12","","25.76388889"
"GUAYMARAL","2010-05-11","","27.43055555"
"GUAYMARAL","2010-05-10","","28.36111111"
"GUAYMARAL","2010-05-09","","17.55555555"
"GUAYMARAL","2010-05-08","","27.29166666"
"GUAYMARAL","2010-05-07","","47.32638889"
"GUAYMARAL","2010-05-06","","33.49305555"
"GUAYMARAL","2010-05-05","","37.54166667"
"GUAYMARAL","2010-05-04","","29.1875"
"GUAYMARAL","2010-05-03","","28.29166666"
"GUAYMARAL","2010-05-02","","39.65972222"
"GUAYMARAL","2010-05-01","","49.94444445"
"GUAYMARAL","2010-04-30","","52.57638889"
"GUAYMARAL","2010-04-29","","35.1875"
"GUAYMARAL","2010-04-28","","36.3939394"
"GUAYMARAL","2010-04-27","","35.77777778"
"GUAYMARAL","2010-04-26","","32.19444445"
"GUAYMARAL","2010-04-25","","27.34722222"
"GUAYMARAL","2010-04-24","","26.1875"
"GUAYMARAL","2010-04-23","","44.52083333"
"GUAYMARAL","2010-04-22","","33.79166666"
"GUAYMARAL","2010-04-21","","66.9375"
"GUAYMARAL","2010-04-20","","48.03472223"
"GUAYMARAL","2010-04-19","","23.24305555"
"GUAYMARAL","2010-04-18","","39.0486111"
"GUAYMARAL","2010-04-17","","57.0625"
"GUAYMARAL","2010-04-16","","48.24305556"
"GUAYMARAL","2010-04-15","","47.86111112"
"GUAYMARAL","2010-04-14","","41.55555556"
"GUAYMARAL","2010-04-13","","46.25"
"GUAYMARAL","2010-04-12","","30.52083333"
"GUAYMARAL","2010-04-11","","16.6388889"
"GUAYMARAL","2010-04-10","","33.11805556"
"GUAYMARAL","2010-04-09","","21.79166667"
"GUAYMARAL","2010-04-08","","48.54166667"
"GUAYMARAL","2010-04-07","","32.77777777"
"GUAYMARAL","2010-04-06","","32.42361112"
"GUAYMARAL","2010-04-05","","46.73611111"
"GUAYMARAL","2010-04-04","","36.25694444"
"GUAYMARAL","2010-04-03","","42.05555556"
"GUAYMARAL","2010-04-02","","47.47222223"
"GUAYMARAL","2010-04-01","","58.4375"
"GUAYMARAL","2010-03-31","","46.45833334"
"GUAYMARAL","2010-03-30","","43.74305555"
"GUAYMARAL","2010-03-29","","39.88194444"
"GUAYMARAL","2010-03-28","","40.3125"
"GUAYMARAL","2010-03-27","","70.71527778"
"GUAYMARAL","2010-03-26","","82.34027778"
"GUAYMARAL","2010-03-25","","73.29861111"
"GUAYMARAL","2010-03-24","","53.44444445"
"GUAYMARAL","2010-03-23","","64.39583332"
"GUAYMARAL","2010-03-22","","36.65277778"
"GUAYMARAL","2010-03-21","","17.65277778"
"GUAYMARAL","2010-03-20","","23.23684211"
"GUAYMARAL","2010-03-19","","25.13888889"
"GUAYMARAL","2010-03-18","","34.70833334"
"GUAYMARAL","2010-03-17","","49.80555556"
"GUAYMARAL","2010-03-16","","72.72222222"
"GUAYMARAL","2010-03-15","","77.88888888"
"GUAYMARAL","2010-03-14","","43.86805555"
"GUAYMARAL","2010-03-13","","65.72916667"
"GUAYMARAL","2010-03-12","","56.75694445"
"GUAYMARAL","2010-03-11","","28.36111111"
"GUAYMARAL","2010-03-10","","36.78472223"
"GUAYMARAL","2010-03-09","","42.10606061"
"GUAYMARAL","2010-03-08","","38.74242425"
"GUAYMARAL","2010-03-07","","30.45833333"
"GUAYMARAL","2010-03-06","","33.35416667"
"GUAYMARAL","2010-03-05","","38.92361111"
"GUAYMARAL","2010-03-04","","38.47222223"
"GUAYMARAL","2010-03-03","","50.27777778"
"GUAYMARAL","2010-03-02","","51.49242425"
"GUAYMARAL","2010-03-01","","45.94444444"
"GUAYMARAL","2010-02-28","","41.21052632"
"GUAYMARAL","2010-02-27","","48.49242425"
"GUAYMARAL","2010-02-26","","37.46666666"
"GUAYMARAL","2010-02-23","","47.45833335"
"GUAYMARAL","2010-02-21","","19.56944444"
"GUAYMARAL","2010-02-20","","21.33333333"
"GUAYMARAL","2010-02-19","","50.95833334"
"GUAYMARAL","2010-02-18","","78.80555556"
"GUAYMARAL","2010-02-17","","75.07638888"
"GUAYMARAL","2010-02-16","","86.52777778"
"GUAYMARAL","2010-02-15","","80.87179488"
"GUAYMARAL","2010-02-14","","60.96666666"
"GUAYMARAL","2010-02-13","","79.69444445"
"GUAYMARAL","2010-02-12","","66.60416668"
"GUAYMARAL","2010-02-11","","62.69444444"
"GUAYMARAL","2010-02-10","","47.58333334"
"GUAYMARAL","2010-02-09","","51.81666667"
"GUAYMARAL","2010-02-06","","47.07017543"
"GUAYMARAL","2010-02-05","","53.91666666"
"GUAYMARAL","2010-02-04","","34.84722222"
"GUAYMARAL","2010-02-03","","46.43055556"
"GUAYMARAL","2010-02-02","","39.42361111"
"GUAYMARAL","2010-02-01","","47.68055556"
"GUAYMARAL","2010-01-31","","30.5"
"GUAYMARAL","2010-01-30","","35.66666668"
"GUAYMARAL","2010-01-29","","49.97727272"
"GUAYMARAL","2010-01-28","","48.72916667"
"GUAYMARAL","2010-01-27","","40.64814814"
"GUAYMARAL","2010-01-26","","56.45238094"
"GUAYMARAL","2010-01-25","","47.89583334"
"GUAYMARAL","2010-01-24","","40.5"
"GUAYMARAL","2010-01-23","","73.63333332"
"GUAYMARAL","2010-01-21","","54.79166665"
"GUAYMARAL","2010-01-20","","40.8333333"
"GUAYMARAL","2010-01-17","","31.91666665"
"GUAYMARAL","2010-01-16","","28.04166668"
"GUAYMARAL","2010-01-15","","43.93333332"
"GUAYMARAL","2010-01-14","","51.76190476"
"GUAYMARAL","2010-01-13","","65.56666666"
"GUAYMARAL","2010-01-12","","51.19444442"
"GUAYMARAL","2010-01-11","","36.08333332"
"GUAYMARAL","2010-01-10","","44.76190476"
"GUAYMARAL","2010-01-09","","46.56666666"
"GUAYMARAL","2010-01-08","","21.88888887"
"GUAYMARAL","2010-01-07","","76.33333337"
"GUAYMARAL","2010-01-06","","93.5"
"GUAYMARAL","2010-01-05","","81.6666667"
"GUAYMARAL","2010-01-03","","35.25"
"GUAYMARAL","2010-01-02","","43.06666666"
"GUAYMARAL","2010-01-01","","35.55555557"
