"Estacion","Fecha inicial","Fecha final","PM10"
"KENNEDY","2021-02-28","","29.33043478"
"KENNEDY","2021-02-27","","40.82083333"
"KENNEDY","2021-02-26","","49.03333333"
"KENNEDY","2021-02-25","","31.27083333"
"KENNEDY","2021-02-24","","53.27916667"
"KENNEDY","2021-02-23","","49.30416667"
"KENNEDY","2021-02-22","","32.50833333"
"KENNEDY","2021-02-21","","35.65217391"
"KENNEDY","2021-02-20","","41.9625"
"KENNEDY","2021-02-19","","39.85652174"
"KENNEDY","2021-02-18","","48.74166667"
"KENNEDY","2021-02-17","","54.26666667"
"KENNEDY","2021-02-16","","60.35833333"
"KENNEDY","2021-02-15","","49.39130435"
"KENNEDY","2021-02-14","","54.22916667"
"KENNEDY","2021-02-13","","42.69583333"
"KENNEDY","2021-02-12","","57.37083333"
"KENNEDY","2021-02-11","","43.94347826"
"KENNEDY","2021-02-10","","34.53809524"
"KENNEDY","2021-02-09","","48.13181818"
"KENNEDY","2021-02-08","","48.1875"
"KENNEDY","2021-02-07","","48.00833333"
"KENNEDY","2021-02-06","","47.92083333"
"KENNEDY","2021-02-05","","39.31304348"
"KENNEDY","2021-02-04","","58.01875"
"KENNEDY","2021-02-03","","49.74285714"
"KENNEDY","2021-02-02","","39.90833333"
"KENNEDY","2021-02-01","","34.4875"
"KENNEDY","2021-01-31","","35.60869565"
"KENNEDY","2021-01-30","","55.57083333"
"KENNEDY","2021-01-29","","70.6375"
"KENNEDY","2021-01-28","","71.24166667"
"KENNEDY","2021-01-27","","56.6625"
"KENNEDY","2021-01-26","","46.1875"
"KENNEDY","2021-01-25","","36.675"
"KENNEDY","2021-01-24","","25.6375"
"KENNEDY","2021-01-23","","34.04166667"
"KENNEDY","2021-01-22","","64.8375"
"KENNEDY","2021-01-21","","59.35416667"
"KENNEDY","2021-01-20","","58.95416667"
"KENNEDY","2021-01-19","","76.46666667"
"KENNEDY","2021-01-18","","59.07083333"
"KENNEDY","2021-01-17","","43.25"
"KENNEDY","2021-01-16","","59.73333333"
"KENNEDY","2021-01-15","","67.44782609"
"KENNEDY","2021-01-14","","67.4375"
"KENNEDY","2021-01-13","","52.63913043"
"KENNEDY","2021-01-12","","23.78095238"
"KENNEDY","2021-01-11","","13.99166667"
"KENNEDY","2021-01-10","","13.50869565"
"KENNEDY","2021-01-09","","18.66363636"
"KENNEDY","2021-01-08","","47.3"
"KENNEDY","2021-01-07","","37.3875"
"KENNEDY","2021-01-06","","39.33043478"
"KENNEDY","2021-01-05","","50.91363636"
"KENNEDY","2021-01-04","","37.22083333"
"KENNEDY","2021-01-03","","20.95416667"
"KENNEDY","2021-01-02","","23.42083333"
"KENNEDY","2021-01-01","","42.68"
"KENNEDY","2020-12-31","","58.66"
"KENNEDY","2020-12-30","","49.46666667"
"KENNEDY","2020-12-29","","46.00833333"
"KENNEDY","2020-12-28","","51.60833333"
"KENNEDY","2020-12-27","","28.62916667"
"KENNEDY","2020-12-26","","26.18333333"
"KENNEDY","2020-12-25","","33.87"
"KENNEDY","2020-12-24","","37.61363636"
"KENNEDY","2020-12-23","","84.70833333"
"KENNEDY","2020-12-22","","55.74166667"
"KENNEDY","2020-12-21","","53.9047619"
"KENNEDY","2020-12-20","","24.55416667"
"KENNEDY","2020-12-19","","48.29166667"
"KENNEDY","2020-12-18","","54.95833333"
"KENNEDY","2020-12-17","","41.35"
"KENNEDY","2020-12-16","","49.1875"
"KENNEDY","2020-12-15","","65.6"
"KENNEDY","2020-12-14","","49.17083333"
"KENNEDY","2020-12-13","","40.25416667"
"KENNEDY","2020-12-12","","65.73333333"
"KENNEDY","2020-12-11","","63.08333333"
"KENNEDY","2020-12-10","","78.34583333"
"KENNEDY","2020-12-09","","59.9173913"
"KENNEDY","2020-12-08","","60.35217391"
"KENNEDY","2020-12-07","","68.86086957"
"KENNEDY","2020-12-06","","34.42916667"
"KENNEDY","2020-12-05","","60.13333333"
"KENNEDY","2020-12-04","","58.28333333"
"KENNEDY","2020-12-03","","48.39090909"
"KENNEDY","2020-12-02","","40.20416667"
"KENNEDY","2020-12-01","","42.30416667"
"KENNEDY","2020-11-30","","44.56086957"
"KENNEDY","2020-11-29","","22.6375"
"KENNEDY","2020-11-28","","28.77222222"
"KENNEDY","2020-11-27","","41.125"
"KENNEDY","2020-11-26","","71.70416667"
"KENNEDY","2020-11-25","","45.1375"
"KENNEDY","2020-11-24","","59.67083333"
"KENNEDY","2020-11-23","","61.0125"
"KENNEDY","2020-11-22","","57.37916667"
"KENNEDY","2020-11-21","","60.11666667"
"KENNEDY","2020-11-20","","44.71428571"
"KENNEDY","2020-11-19","","42.36666667"
"KENNEDY","2020-11-18","","38.75416667"
"KENNEDY","2020-11-17","","30.6826087"
"KENNEDY","2020-11-16","","23.99166667"
"KENNEDY","2020-11-15","","45.16956522"
"KENNEDY","2020-11-14","","51.7125"
"KENNEDY","2020-11-13","","32.3125"
"KENNEDY","2020-11-12","","45.375"
"KENNEDY","2020-11-11","","23.53478261"
"KENNEDY","2020-11-10","","53.65833333"
"KENNEDY","2020-11-09","","38.82083333"
"KENNEDY","2020-11-08","","49.425"
"KENNEDY","2020-11-07","","64.34583333"
"KENNEDY","2020-11-06","","84.125"
"KENNEDY","2020-11-05","","42.54782609"
"KENNEDY","2020-11-04","","56.10833333"
"KENNEDY","2020-11-03","","58.64583333"
"KENNEDY","2020-11-02","","38.88333333"
"KENNEDY","2020-11-01","","26.88"
"KENNEDY","2020-10-31","","40.82608696"
"KENNEDY","2020-10-30","","41.06666667"
"KENNEDY","2020-10-29","","50.4125"
"KENNEDY","2020-10-28","","43.00416667"
"KENNEDY","2020-10-27","","47.6"
"KENNEDY","2020-10-26","","68.70833333"
"KENNEDY","2020-10-25","","60.6625"
"KENNEDY","2020-10-24","","36.0826087"
"KENNEDY","2020-10-23","","35.7125"
"KENNEDY","2020-10-22","","28.49583333"
"KENNEDY","2020-10-21","","30.34583333"
"KENNEDY","2020-10-20","","51.33333333"
"KENNEDY","2020-10-19","","43.42916667"
"KENNEDY","2020-10-18","","32.80833333"
"KENNEDY","2020-10-17","","36.87083333"
"KENNEDY","2020-10-16","","34.79583333"
"KENNEDY","2020-10-15","","44.5826087"
"KENNEDY","2020-10-14","","60.90416667"
"KENNEDY","2020-10-13","","31.7125"
"KENNEDY","2020-10-12","","32.54583333"
"KENNEDY","2020-10-11","","33.11666667"
"KENNEDY","2020-10-10","","45.1375"
"KENNEDY","2020-10-09","","27.775"
"KENNEDY","2020-10-08","","36.34166667"
"KENNEDY","2020-10-07","","52.06666667"
"KENNEDY","2020-10-06","","54.8875"
"KENNEDY","2020-10-05","","34.85833333"
"KENNEDY","2020-10-04","","21.00833333"
"KENNEDY","2020-10-03","","48.70416667"
"KENNEDY","2020-10-02","","66.4375"
"KENNEDY","2020-10-01","","40.44583333"
"KENNEDY","2020-09-30","","29.29565217"
"KENNEDY","2020-09-29","","38.95833333"
"KENNEDY","2020-09-28","","50.27916667"
"KENNEDY","2020-09-27","","40.2875"
"KENNEDY","2020-09-26","","58.87083333"
"KENNEDY","2020-09-25","","33.87916667"
"KENNEDY","2020-09-24","","27.40833333"
"KENNEDY","2020-09-23","","34.11666667"
"KENNEDY","2020-09-22","","58.82916667"
"KENNEDY","2020-09-21","","34.15416667"
"KENNEDY","2020-09-20","","21.96086957"
"KENNEDY","2020-09-19","","36.3"
"KENNEDY","2020-09-18","","56.19583333"
"KENNEDY","2020-09-17","","54.90833333"
"KENNEDY","2020-09-16","","44.61666667"
"KENNEDY","2020-09-15","","66.19047619"
"KENNEDY","2020-09-14","","47.97391304"
"KENNEDY","2020-09-13","","29.25416667"
"KENNEDY","2020-09-12","","56.95833333"
"KENNEDY","2020-09-11","","52.44583333"
"KENNEDY","2020-09-10","","51.18333333"
"KENNEDY","2020-09-09","","65.07916667"
"KENNEDY","2020-09-08","","38.70833333"
"KENNEDY","2020-09-07","","57.89583333"
"KENNEDY","2020-09-06","","22.9375"
"KENNEDY","2020-09-05","","34.95833333"
"KENNEDY","2020-09-04","","29.25416667"
"KENNEDY","2020-09-03","","37.50416667"
"KENNEDY","2020-09-02","","31.32916667"
"KENNEDY","2020-09-01","","39.80416667"
"KENNEDY","2020-08-31","","55.55217391"
"KENNEDY","2020-08-30","","30.94166667"
"KENNEDY","2020-08-29","","69.97083333"
"KENNEDY","2020-08-28","","36.0875"
"KENNEDY","2020-08-27","","35.7625"
"KENNEDY","2020-08-26","","59.84166667"
"KENNEDY","2020-08-25","","57.02916667"
"KENNEDY","2020-08-24","","39.27916667"
"KENNEDY","2020-08-23","","39.45"
"KENNEDY","2020-08-22","","27.75416667"
"KENNEDY","2020-08-21","","33.52916667"
"KENNEDY","2020-08-20","","51.53333333"
"KENNEDY","2020-08-19","","50.37916667"
"KENNEDY","2020-08-18","","53.86666667"
"KENNEDY","2020-08-17","","37.74782609"
"KENNEDY","2020-08-16","","32.71666667"
"KENNEDY","2020-08-15","","40.26521739"
"KENNEDY","2020-08-14","","33.65"
"KENNEDY","2020-08-13","","34.27083333"
"KENNEDY","2020-08-12","","45.95"
"KENNEDY","2020-08-11","","49.65217391"
"KENNEDY","2020-08-10","","25.67916667"
"KENNEDY","2020-08-09","","18.15833333"
"KENNEDY","2020-08-08","","19.4"
"KENNEDY","2020-08-07","","18.82083333"
"KENNEDY","2020-08-06","","26.14583333"
"KENNEDY","2020-08-05","","25.30833333"
"KENNEDY","2020-08-04","","26.32083333"
"KENNEDY","2020-08-03","","25.89130435"
"KENNEDY","2020-08-02","","26.8173913"
"KENNEDY","2020-08-01","","34.62083333"
"KENNEDY","2020-07-31","","35.62727273"
"KENNEDY","2020-07-30","","31.95833333"
"KENNEDY","2020-07-29","","40.55217391"
"KENNEDY","2020-07-28","","38.68333333"
"KENNEDY","2020-07-27","","26.75652174"
"KENNEDY","2020-07-26","","24.7375"
"KENNEDY","2020-07-25","","27.69166667"
"KENNEDY","2020-07-24","","34.69583333"
"KENNEDY","2020-07-23","","45.12083333"
"KENNEDY","2020-07-22","","50.00833333"
"KENNEDY","2020-07-21","","32.2625"
"KENNEDY","2020-07-20","","15.12083333"
"KENNEDY","2020-07-19","","17.80454545"
"KENNEDY","2020-07-18","","30.97083333"
"KENNEDY","2020-07-17","","30.65833333"
"KENNEDY","2020-07-16","","33.85217391"
"KENNEDY","2020-07-15","","32.26956522"
"KENNEDY","2020-07-14","","24.72083333"
"KENNEDY","2020-07-13","","25.12083333"
"KENNEDY","2020-07-12","","26.03181818"
"KENNEDY","2020-07-11","","34.22272727"
"KENNEDY","2020-07-10","","33.45416667"
"KENNEDY","2020-07-09","","27.75217391"
"KENNEDY","2020-07-08","","36.61666667"
"KENNEDY","2020-07-07","","33.72916667"
"KENNEDY","2020-07-06","","29.83043478"
"KENNEDY","2020-07-05","","30.75416667"
"KENNEDY","2020-07-04","","18.70952381"
"KENNEDY","2020-07-03","","42.66666667"
"KENNEDY","2020-07-02","","27.96818182"
"KENNEDY","2020-07-01","","54.10833333"
"KENNEDY","2020-06-30","","50.44782609"
"KENNEDY","2020-06-29","","19.4"
"KENNEDY","2020-06-28","","22.7826087"
"KENNEDY","2020-06-27","","33.89166667"
"KENNEDY","2020-06-26","","28.27083333"
"KENNEDY","2020-06-25","","84.49166667"
"KENNEDY","2020-06-24","","104.74166667"
"KENNEDY","2020-06-23","","35.42083333"
"KENNEDY","2020-06-22","","18.21666667"
"KENNEDY","2020-06-21","","13.2375"
"KENNEDY","2020-06-20","","35.62083333"
"KENNEDY","2020-06-19","","39.275"
"KENNEDY","2020-06-18","","66.17083333"
"KENNEDY","2020-06-17","","30.69166667"
"KENNEDY","2020-06-16","","37.02916667"
"KENNEDY","2020-06-15","","13.95652174"
"KENNEDY","2020-06-14","","16.52083333"
"KENNEDY","2020-06-13","","40.54583333"
"KENNEDY","2020-06-12","","27.2"
"KENNEDY","2020-06-11","","31.77826087"
"KENNEDY","2020-06-10","","36.6625"
"KENNEDY","2020-06-09","","40.52083333"
"KENNEDY","2020-06-08","","31.6375"
"KENNEDY","2020-06-07","","18.87916667"
"KENNEDY","2020-06-06","","25.27916667"
"KENNEDY","2020-06-05","","25.32916667"
"KENNEDY","2020-06-04","","29.275"
"KENNEDY","2020-06-03","","38.25"
"KENNEDY","2020-06-02","","46.54166667"
"KENNEDY","2020-06-01","","22.40833333"
"KENNEDY","2020-05-31","","25.855"
"KENNEDY","2020-05-30","","43.2"
"KENNEDY","2020-05-29","","32.53333333"
"KENNEDY","2020-05-28","","34.72916667"
"KENNEDY","2020-05-27","","23.27916667"
"KENNEDY","2020-05-26","","22.79166667"
"KENNEDY","2020-05-25","","18.85416667"
"KENNEDY","2020-05-24","","20.475"
"KENNEDY","2020-05-23","","22.09130435"
"KENNEDY","2020-05-22","","26.87916667"
"KENNEDY","2020-05-21","","29.29166667"
"KENNEDY","2020-05-20","","44.19166667"
"KENNEDY","2020-05-19","","26.59130435"
"KENNEDY","2020-05-18","","20.90416667"
"KENNEDY","2020-05-17","","14.2875"
"KENNEDY","2020-05-16","","18.275"
"KENNEDY","2020-05-15","","39.0826087"
"KENNEDY","2020-05-14","","54.04583333"
"KENNEDY","2020-05-13","","44.5"
"KENNEDY","2020-05-12","","36.00434783"
"KENNEDY","2020-05-11","","35.17083333"
"KENNEDY","2020-05-10","","19.175"
"KENNEDY","2020-05-09","","18.88333333"
"KENNEDY","2020-05-08","","30.95416667"
"KENNEDY","2020-05-07","","22.65833333"
"KENNEDY","2020-05-06","","30.76521739"
"KENNEDY","2020-05-05","","21.94583333"
"KENNEDY","2020-05-04","","33.67916667"
"KENNEDY","2020-05-03","","24.775"
"KENNEDY","2020-05-02","","31.79166667"
"KENNEDY","2020-05-01","","21.00833333"
"KENNEDY","2020-04-30","","48.36086957"
"KENNEDY","2020-04-29","","50.64583333"
"KENNEDY","2020-04-28","","45.0375"
"KENNEDY","2020-04-27","","34.04166667"
"KENNEDY","2020-04-26","","31.225"
"KENNEDY","2020-04-25","","34.79166667"
"KENNEDY","2020-04-24","","36.57916667"
"KENNEDY","2020-04-23","","18.525"
"KENNEDY","2020-04-22","","27.64166667"
"KENNEDY","2020-04-21","","29.1375"
"KENNEDY","2020-04-20","","29.89565217"
"KENNEDY","2020-04-19","","38.62083333"
"KENNEDY","2020-04-18","","48.40833333"
"KENNEDY","2020-04-17","","52.34090909"
"KENNEDY","2020-04-16","","57.95416667"
"KENNEDY","2020-04-15","","46.13478261"
"KENNEDY","2020-04-14","","35.6"
"KENNEDY","2020-04-13","","39.91666667"
"KENNEDY","2020-04-12","","23.07916667"
"KENNEDY","2020-04-11","","20.3375"
"KENNEDY","2020-04-10","","19.23333333"
"KENNEDY","2020-04-09","","23.22916667"
"KENNEDY","2020-04-08","","29.1"
"KENNEDY","2020-04-07","","18.01304348"
"KENNEDY","2020-04-06","","24.89166667"
"KENNEDY","2020-04-05","","21.10416667"
"KENNEDY","2020-04-04","","19.9875"
"KENNEDY","2020-04-03","","29.84166667"
"KENNEDY","2020-04-02","","19.4173913"
"KENNEDY","2020-04-01","","31.41666667"
"KENNEDY","2020-03-31","","37.75909091"
"KENNEDY","2020-03-30","","63.25"
"KENNEDY","2020-03-29","","68.72083333"
"KENNEDY","2020-03-28","","51.77826087"
"KENNEDY","2020-03-27","","59.39583333"
"KENNEDY","2020-03-26","","43.9"
"KENNEDY","2020-03-25","","46.45238095"
"KENNEDY","2020-03-24","","51.94545455"
"KENNEDY","2020-03-23","","48.52380952"
"KENNEDY","2020-03-22","","38.47391304"
"KENNEDY","2020-03-21","","35.09473684"
"KENNEDY","2020-03-20","","52.2"
"KENNEDY","2020-03-19","","78.66956522"
"KENNEDY","2020-03-18","","74.8375"
"KENNEDY","2020-03-17","","67.8"
"KENNEDY","2020-03-16","","49.97368421"
"KENNEDY","2020-03-15","","27.82727273"
"KENNEDY","2020-03-14","","30.425"
"KENNEDY","2020-03-13","","50.47083333"
"KENNEDY","2020-03-12","","50.76666667"
"KENNEDY","2020-03-11","","38.65416667"
"KENNEDY","2020-03-10","","57.84583333"
"KENNEDY","2020-03-09","","50.12916667"
"KENNEDY","2020-03-08","","49.59130435"
"KENNEDY","2020-03-07","","72.99583333"
"KENNEDY","2020-03-06","","76.99166667"
"KENNEDY","2020-03-05","","60.04583333"
"KENNEDY","2020-03-04","","57.02083333"
"KENNEDY","2020-03-03","","51.94583333"
"KENNEDY","2020-03-02","","43.71363636"
"KENNEDY","2020-03-01","","47.68181818"
"KENNEDY","2020-02-29","","51.95909091"
"KENNEDY","2020-02-28","","56.4875"
"KENNEDY","2020-02-27","","47.03181818"
"KENNEDY","2020-02-26","","35.06315789"
"KENNEDY","2020-02-25","","46.65833333"
"KENNEDY","2020-02-24","","30.15882353"
"KENNEDY","2020-02-23","","31.20909091"
"KENNEDY","2020-02-22","","52.88333333"
"KENNEDY","2020-02-21","","60.55416667"
"KENNEDY","2020-02-20","","48.97083333"
"KENNEDY","2020-02-19","","39.07916667"
"KENNEDY","2020-02-18","","43.0875"
"KENNEDY","2020-02-17","","33.83333333"
"KENNEDY","2020-02-16","","32.69166667"
"KENNEDY","2020-02-15","","40.24347826"
"KENNEDY","2020-02-14","","50.65416667"
"KENNEDY","2020-02-13","","70.18333333"
"KENNEDY","2020-02-12","","64.5375"
"KENNEDY","2020-02-11","","45.58333333"
"KENNEDY","2020-02-10","","35.59583333"
"KENNEDY","2020-02-09","","54.9375"
"KENNEDY","2020-02-08","","68.92916667"
"KENNEDY","2020-02-07","","90.89166667"
"KENNEDY","2020-02-06","","70.3"
"KENNEDY","2020-02-05","","85.40416667"
"KENNEDY","2020-02-04","","71.17916667"
"KENNEDY","2020-02-03","","51.55833333"
"KENNEDY","2020-02-02","","48.05"
"KENNEDY","2020-02-01","","45.33333333"
"KENNEDY","2020-01-31","","43.78695652"
"KENNEDY","2020-01-30","","59.0"
"KENNEDY","2020-01-29","","61.69583333"
"KENNEDY","2020-01-28","","54.32083333"
"KENNEDY","2020-01-27","","36.815"
"KENNEDY","2020-01-26","","23.36842105"
"KENNEDY","2020-01-25","","54.35"
"KENNEDY","2020-01-24","","56.55833333"
"KENNEDY","2020-01-23","","50.83333333"
"KENNEDY","2020-01-22","","57.12083333"
"KENNEDY","2020-01-21","","64.44583333"
"KENNEDY","2020-01-20","","44.81666667"
"KENNEDY","2020-01-19","","25.66086957"
"KENNEDY","2020-01-18","","24.50454545"
"KENNEDY","2020-01-17","","22.8625"
"KENNEDY","2020-01-16","","38.30833333"
"KENNEDY","2020-01-15","","31.69130435"
"KENNEDY","2020-01-14","","31.6125"
"KENNEDY","2020-01-13","","32.91538462"
"KENNEDY","2020-01-12","","19.59444444"
"KENNEDY","2020-01-11","","33.49"
"KENNEDY","2020-01-10","","30.61666667"
"KENNEDY","2020-01-09","","45.80416667"
"KENNEDY","2020-01-08","","44.08695652"
"KENNEDY","2020-01-07","","37.04736842"
"KENNEDY","2020-01-06","","28.58181818"
"KENNEDY","2020-01-05","","26.06"
"KENNEDY","2020-01-04","","44.55833333"
"KENNEDY","2020-01-03","","37.3"
"KENNEDY","2020-01-02","","22.79545455"
"KENNEDY","2020-01-01","","32.58461538"
"KENNEDY","2019-12-31","","31.03684211"
"KENNEDY","2019-12-30","","35.87916667"
"KENNEDY","2019-12-29","","40.925"
"KENNEDY","2019-12-28","","54.17391304"
"KENNEDY","2019-12-27","","25.78571429"
"KENNEDY","2019-12-26","","17.825"
"KENNEDY","2019-12-25","","35.06842105"
"KENNEDY","2019-12-24","","20.87083333"
"KENNEDY","2019-12-23","","17.725"
"KENNEDY","2019-12-22","","15.35416667"
"KENNEDY","2019-12-21","","23.20833333"
"KENNEDY","2019-12-20","","39.85416667"
"KENNEDY","2019-12-19","","38.01363636"
"KENNEDY","2019-12-18","","39.07916667"
"KENNEDY","2019-12-17","","42.09583333"
"KENNEDY","2019-12-16","","32.73913043"
"KENNEDY","2019-12-15","","26.86875"
"KENNEDY","2019-12-14","","34.54583333"
"KENNEDY","2019-12-13","","49.82916667"
"KENNEDY","2019-12-12","","42.08095238"
"KENNEDY","2019-12-11","","54.2875"
"KENNEDY","2019-12-10","","43.62272727"
"KENNEDY","2019-12-09","","39.83333333"
"KENNEDY","2019-12-08","","36.26818182"
"KENNEDY","2019-12-07","","56.55833333"
"KENNEDY","2019-12-06","","64.89166667"
"KENNEDY","2019-12-05","","43.27916667"
"KENNEDY","2019-12-04","","46.40833333"
"KENNEDY","2019-12-03","","40.20833333"
"KENNEDY","2019-12-02","","31.10416667"
"KENNEDY","2019-12-01","","14.8875"
"KENNEDY","2019-11-30","","38.22083333"
"KENNEDY","2019-11-29","","69.33333333"
"KENNEDY","2019-11-28","","39.9875"
"KENNEDY","2019-11-27","","23.20833333"
"KENNEDY","2019-11-26","","26.05217391"
"KENNEDY","2019-11-25","","40.7875"
"KENNEDY","2019-11-24","","34.18333333"
"KENNEDY","2019-11-23","","37.225"
"KENNEDY","2019-11-22","","35.64615385"
"KENNEDY","2019-11-20","","61.3"
"KENNEDY","2019-11-19","","65.48333333"
"KENNEDY","2019-11-18","","59.59583333"
"KENNEDY","2019-11-17","","51.84545455"
"KENNEDY","2019-11-16","","56.49130435"
"KENNEDY","2019-11-15","","61.56666667"
"KENNEDY","2019-11-14","","50.56666667"
"KENNEDY","2019-11-13","","46.85"
"KENNEDY","2019-11-12","","47.55416667"
"KENNEDY","2019-11-11","","30.65833333"
"KENNEDY","2019-11-10","","47.96521739"
"KENNEDY","2019-11-09","","50.08333333"
"KENNEDY","2019-11-08","","45.10833333"
"KENNEDY","2019-11-07","","55.28333333"
"KENNEDY","2019-11-06","","55.6375"
"KENNEDY","2019-11-05","","44.475"
"KENNEDY","2019-11-04","","35.88333333"
"KENNEDY","2019-11-03","","45.57727273"
"KENNEDY","2019-11-02","","60.5"
"KENNEDY","2019-11-01","","80.97083333"
"KENNEDY","2019-10-31","","78.04583333"
"KENNEDY","2019-10-30","","81.20416667"
"KENNEDY","2019-10-29","","61.325"
"KENNEDY","2019-10-28","","47.6125"
"KENNEDY","2019-10-27","","41.5375"
"KENNEDY","2019-10-26","","41.90833333"
"KENNEDY","2019-10-25","","42.4"
"KENNEDY","2019-10-24","","53.90416667"
"KENNEDY","2019-10-23","","69.92916667"
"KENNEDY","2019-10-22","","56.49583333"
"KENNEDY","2019-10-21","","57.5375"
"KENNEDY","2019-10-20","","43.97916667"
"KENNEDY","2019-10-19","","36.64583333"
"KENNEDY","2019-10-18","","56.02083333"
"KENNEDY","2019-10-17","","71.24166667"
"KENNEDY","2019-10-16","","59.29583333"
"KENNEDY","2019-10-15","","74.09583333"
"KENNEDY","2019-10-14","","34.23333333"
"KENNEDY","2019-10-13","","28.025"
"KENNEDY","2019-10-12","","40.47916667"
"KENNEDY","2019-10-11","","53.74583333"
"KENNEDY","2019-10-10","","68.98333333"
"KENNEDY","2019-10-09","","64.63333333"
"KENNEDY","2019-10-08","","71.34166667"
"KENNEDY","2019-10-07","","65.375"
"KENNEDY","2019-10-06","","54.90416667"
"KENNEDY","2019-10-05","","73.525"
"KENNEDY","2019-10-04","","62.20833333"
"KENNEDY","2019-10-03","","42.45833333"
"KENNEDY","2019-10-02","","54.39444444"
"KENNEDY","2019-10-01","","52.2"
"KENNEDY","2019-09-30","","50.3875"
"KENNEDY","2019-09-29","","33.40833333"
"KENNEDY","2019-09-28","","51.91666667"
"KENNEDY","2019-09-27","","52.61304348"
"KENNEDY","2019-09-26","","29.92083333"
"KENNEDY","2019-09-25","","37.07083333"
"KENNEDY","2019-09-24","","45.445"
"KENNEDY","2019-09-23","","35.70434783"
"KENNEDY","2019-09-22","","38.69166667"
"KENNEDY","2019-09-21","","31.76521739"
"KENNEDY","2019-09-20","","68.3625"
"KENNEDY","2019-09-19","","47.4"
"KENNEDY","2019-09-18","","48.875"
"KENNEDY","2019-09-17","","65.6375"
"KENNEDY","2019-09-16","","50.65"
"KENNEDY","2019-09-15","","27.64583333"
"KENNEDY","2019-09-14","","26.825"
"KENNEDY","2019-09-13","","27.54166667"
"KENNEDY","2019-09-12","","36.125"
"KENNEDY","2019-09-11","","34.575"
"KENNEDY","2019-09-10","","49.1125"
"KENNEDY","2019-09-09","","30.225"
"KENNEDY","2019-09-08","","22.3875"
"KENNEDY","2019-09-07","","29.875"
"KENNEDY","2019-09-06","","35.45416667"
"KENNEDY","2019-09-05","","31.70833333"
"KENNEDY","2019-09-04","","32.89583333"
"KENNEDY","2019-09-03","","44.81666667"
"KENNEDY","2019-09-02","","31.04166667"
"KENNEDY","2019-09-01","","28.24166667"
"KENNEDY","2019-08-31","","40.24583333"
"KENNEDY","2019-08-30","","47.75652174"
"KENNEDY","2019-08-29","","27.07083333"
"KENNEDY","2019-08-28","","27.23181818"
"KENNEDY","2019-08-27","","39.81666667"
"KENNEDY","2019-08-26","","29.73333333"
"KENNEDY","2019-08-25","","27.38333333"
"KENNEDY","2019-08-24","","26.3375"
"KENNEDY","2019-08-23","","34.81666667"
"KENNEDY","2019-08-22","","48.87083333"
"KENNEDY","2019-08-21","","33.1173913"
"KENNEDY","2019-08-20","","45.8"
"KENNEDY","2019-08-19","","17.47916667"
"KENNEDY","2019-08-18","","32.19583333"
"KENNEDY","2019-08-17","","46.88333333"
"KENNEDY","2019-08-16","","62.64166667"
"KENNEDY","2019-08-15","","41.99565217"
"KENNEDY","2019-08-14","","27.35833333"
"KENNEDY","2019-08-13","","21.78333333"
"KENNEDY","2019-08-12","","25.02380952"
"KENNEDY","2019-08-11","","18.17916667"
"KENNEDY","2019-08-10","","33.2875"
"KENNEDY","2019-08-09","","26.125"
"KENNEDY","2019-08-08","","26.9625"
"KENNEDY","2019-08-07","","25.725"
"KENNEDY","2019-08-06","","29.85"
"KENNEDY","2019-08-05","","33.40416667"
"KENNEDY","2019-08-04","","20.6125"
"KENNEDY","2019-08-03","","34.6625"
"KENNEDY","2019-08-02","","44.19166667"
"KENNEDY","2019-08-01","","46.3"
"KENNEDY","2019-07-31","","26.39166667"
"KENNEDY","2019-07-30","","34.24166667"
"KENNEDY","2019-07-29","","29.31666667"
"KENNEDY","2019-07-28","","25.47916667"
"KENNEDY","2019-07-27","","32.82916667"
"KENNEDY","2019-07-26","","28.2375"
"KENNEDY","2019-07-25","","45.5125"
"KENNEDY","2019-07-24","","34.35"
"KENNEDY","2019-07-23","","25.46666667"
"KENNEDY","2019-07-22","","26.20416667"
"KENNEDY","2019-07-21","","18.6875"
"KENNEDY","2019-07-20","","19.60416667"
"KENNEDY","2019-07-19","","21.0625"
"KENNEDY","2019-07-18","","28.61428571"
"KENNEDY","2019-07-17","","39.54583333"
"KENNEDY","2019-07-16","","40.2625"
"KENNEDY","2019-07-15","","29.25833333"
"KENNEDY","2019-07-14","","15.37916667"
"KENNEDY","2019-07-13","","26.18333333"
"KENNEDY","2019-07-12","","35.94583333"
"KENNEDY","2019-07-11","","38.57916667"
"KENNEDY","2019-07-10","","27.47083333"
"KENNEDY","2019-07-09","","40.85217391"
"KENNEDY","2019-07-08","","28.24583333"
"KENNEDY","2019-07-07","","18.68636364"
"KENNEDY","2019-07-06","","35.79583333"
"KENNEDY","2019-07-05","","54.41666667"
"KENNEDY","2019-07-04","","54.64166667"
"KENNEDY","2019-07-03","","41.03333333"
"KENNEDY","2019-07-02","","41.9125"
"KENNEDY","2019-07-01","","19.62083333"
"KENNEDY","2019-06-30","","20.68333333"
"KENNEDY","2019-06-29","","26.8625"
"KENNEDY","2019-06-28","","29.51666667"
"KENNEDY","2019-06-27","","42.75"
"KENNEDY","2019-06-26","","34.8"
"KENNEDY","2019-06-25","","34.97916667"
"KENNEDY","2019-06-24","","18.55416667"
"KENNEDY","2019-06-23","","17.45833333"
"KENNEDY","2019-06-22","","24.575"
"KENNEDY","2019-06-21","","20.13333333"
"KENNEDY","2019-06-20","","20.50416667"
"KENNEDY","2019-06-19","","23.98333333"
"KENNEDY","2019-06-18","","23.45"
"KENNEDY","2019-06-17","","24.10833333"
"KENNEDY","2019-06-16","","18.92916667"
"KENNEDY","2019-06-15","","35.875"
"KENNEDY","2019-06-14","","37.58333333"
"KENNEDY","2019-06-13","","40.3125"
"KENNEDY","2019-06-12","","32.60416667"
"KENNEDY","2019-06-11","","32.2125"
"KENNEDY","2019-06-10","","23.93333333"
"KENNEDY","2019-06-09","","22.4875"
"KENNEDY","2019-06-08","","37.475"
"KENNEDY","2019-06-07","","39.27916667"
"KENNEDY","2019-06-06","","42.8375"
"KENNEDY","2019-06-05","","29.37"
"KENNEDY","2019-06-04","","43.98695652"
"KENNEDY","2019-06-03","","25.12727273"
"KENNEDY","2019-06-02","","36.1125"
"KENNEDY","2019-06-01","","34.59565217"
"KENNEDY","2019-05-31","","41.99166667"
"KENNEDY","2019-05-30","","54.65652174"
"KENNEDY","2019-05-29","","62.2"
"KENNEDY","2019-05-28","","48.55"
"KENNEDY","2019-05-27","","54.17916667"
"KENNEDY","2019-05-26","","37.41666667"
"KENNEDY","2019-05-25","","62.3875"
"KENNEDY","2019-05-24","","39.8"
"KENNEDY","2019-05-23","","50.38333333"
"KENNEDY","2019-05-22","","42.05416667"
"KENNEDY","2019-05-21","","55.63333333"
"KENNEDY","2019-05-20","","30.3625"
"KENNEDY","2019-05-19","","30.62083333"
"KENNEDY","2019-05-18","","52.575"
"KENNEDY","2019-05-17","","42.54166667"
"KENNEDY","2019-05-16","","43.99565217"
"KENNEDY","2019-05-15","","28.56666667"
"KENNEDY","2019-05-14","","28.30833333"
"KENNEDY","2019-05-13","","30.77916667"
"KENNEDY","2019-05-12","","28.3375"
"KENNEDY","2019-05-11","","46.45"
"KENNEDY","2019-05-10","","38.67916667"
"KENNEDY","2019-05-09","","35.25"
"KENNEDY","2019-05-08","","36.625"
"KENNEDY","2019-05-07","","35.35833333"
"KENNEDY","2019-05-06","","29.2625"
"KENNEDY","2019-05-05","","21.5625"
"KENNEDY","2019-05-04","","41.61666667"
"KENNEDY","2019-05-03","","48.02916667"
"KENNEDY","2019-05-02","","57.37272727"
"KENNEDY","2019-05-01","","45.34090909"
"KENNEDY","2019-04-30","","42.4625"
"KENNEDY","2019-04-29","","27.00833333"
"KENNEDY","2019-04-28","","22.36666667"
"KENNEDY","2019-04-27","","33.88333333"
"KENNEDY","2019-04-26","","39.7125"
"KENNEDY","2019-04-25","","46.79166667"
"KENNEDY","2019-04-24","","40.6125"
"KENNEDY","2019-04-23","","54.50833333"
"KENNEDY","2019-04-22","","33.41666667"
"KENNEDY","2019-04-21","","24.9"
"KENNEDY","2019-04-20","","21.85"
"KENNEDY","2019-04-19","","28.12916667"
"KENNEDY","2019-04-18","","39.4125"
"KENNEDY","2019-04-17","","67.11818182"
"KENNEDY","2019-04-16","","59.35833333"
"KENNEDY","2019-04-15","","32.66666667"
"KENNEDY","2019-04-14","","49.3"
"KENNEDY","2019-04-13","","53.14166667"
"KENNEDY","2019-04-12","","48.625"
"KENNEDY","2019-04-11","","60.9"
"KENNEDY","2019-04-10","","54.825"
"KENNEDY","2019-04-09","","68.18695652"
"KENNEDY","2019-04-08","","61.0375"
"KENNEDY","2019-04-07","","49.04166667"
"KENNEDY","2019-04-06","","39.85416667"
"KENNEDY","2019-04-05","","49.7875"
"KENNEDY","2019-04-04","","39.53333333"
"KENNEDY","2019-04-03","","65.61363636"
"KENNEDY","2019-04-02","","40.67916667"
"KENNEDY","2019-04-01","","42.60833333"
"KENNEDY","2019-03-31","","36.90416667"
"KENNEDY","2019-03-30","","41.32083333"
"KENNEDY","2019-03-29","","64.00416667"
"KENNEDY","2019-03-28","","97.71666667"
"KENNEDY","2019-03-27","","77.0875"
"KENNEDY","2019-03-26","","75.3625"
"KENNEDY","2019-03-25","","60.03333333"
"KENNEDY","2019-03-24","","53.19583333"
"KENNEDY","2019-03-23","","49.3625"
"KENNEDY","2019-03-22","","42.90416667"
"KENNEDY","2019-03-21","","58.48333333"
"KENNEDY","2019-03-20","","53.25833333"
"KENNEDY","2019-03-19","","46.77083333"
"KENNEDY","2019-03-18","","55.325"
"KENNEDY","2019-03-17","","42.97083333"
"KENNEDY","2019-03-16","","58.54166667"
"KENNEDY","2019-03-15","","60.32916667"
"KENNEDY","2019-03-14","","60.96666667"
"KENNEDY","2019-03-13","","62.91666667"
"KENNEDY","2019-03-12","","60.4875"
"KENNEDY","2019-03-11","","40.30454545"
"KENNEDY","2019-03-10","","31.4625"
"KENNEDY","2019-03-09","","49.575"
"KENNEDY","2019-03-08","","67.96666667"
"KENNEDY","2019-03-07","","75.82083333"
"KENNEDY","2019-03-06","","68.36666667"
"KENNEDY","2019-03-05","","63.90833333"
"KENNEDY","2019-03-04","","70.875"
"KENNEDY","2019-03-03","","50.52083333"
"KENNEDY","2019-03-02","","66.42916667"
"KENNEDY","2019-03-01","","72.47916667"
"KENNEDY","2019-02-28","","61.64583333"
"KENNEDY","2019-02-27","","60.2375"
"KENNEDY","2019-02-26","","73.33333333"
"KENNEDY","2019-02-25","","47.12173913"
"KENNEDY","2019-02-24","","36.2"
"KENNEDY","2019-02-23","","64.15833333"
"KENNEDY","2019-02-22","","71.3625"
"KENNEDY","2019-02-21","","57.92083333"
"KENNEDY","2019-02-20","","50.9"
"KENNEDY","2019-02-19","","49.95416667"
"KENNEDY","2019-02-18","","50.8625"
"KENNEDY","2019-02-17","","51.97083333"
"KENNEDY","2019-02-16","","51.32916667"
"KENNEDY","2019-02-15","","77.1625"
"KENNEDY","2019-02-14","","77.4625"
"KENNEDY","2019-02-13","","65.56666667"
"KENNEDY","2019-02-12","","71.1625"
"KENNEDY","2019-02-11","","65.35"
"KENNEDY","2019-02-10","","65.2875"
"KENNEDY","2019-02-09","","53.72083333"
"KENNEDY","2019-02-08","","58.7625"
"KENNEDY","2019-02-07","","59.27916667"
"KENNEDY","2019-02-06","","69.27857143"
"KENNEDY","2019-02-05","","75.34583333"
"KENNEDY","2019-02-04","","63.525"
"KENNEDY","2019-02-03","","41.83333333"
"KENNEDY","2019-02-02","","65.49583333"
"KENNEDY","2019-02-01","","51.10833333"
"KENNEDY","2019-01-31","","83.0625"
"KENNEDY","2019-01-30","","79.83333333"
"KENNEDY","2019-01-29","","55.83333333"
"KENNEDY","2019-01-28","","57.6375"
"KENNEDY","2019-01-27","","47.7625"
"KENNEDY","2019-01-26","","48.32916667"
"KENNEDY","2019-01-25","","43.60833333"
"KENNEDY","2019-01-24","","37.42083333"
"KENNEDY","2019-01-23","","30.50833333"
"KENNEDY","2019-01-22","","40.6"
"KENNEDY","2019-01-21","","45.59583333"
"KENNEDY","2019-01-20","","26.79166667"
"KENNEDY","2019-01-19","","42.24583333"
"KENNEDY","2019-01-18","","35.24166667"
"KENNEDY","2019-01-17","","44.61666667"
"KENNEDY","2019-01-16","","39.02083333"
"KENNEDY","2019-01-15","","40.38333333"
"KENNEDY","2019-01-14","","42.00833333"
"KENNEDY","2019-01-13","","45.70416667"
"KENNEDY","2019-01-12","","64.35416667"
"KENNEDY","2019-01-11","","46.29583333"
"KENNEDY","2019-01-10","","34.12916667"
"KENNEDY","2019-01-09","","43.14761905"
"KENNEDY","2019-01-08","","47.04583333"
"KENNEDY","2019-01-07","","45.1125"
"KENNEDY","2019-01-06","","34.60833333"
"KENNEDY","2019-01-05","","50.53333333"
"KENNEDY","2019-01-04","","37.90416667"
"KENNEDY","2019-01-03","","27.40833333"
"KENNEDY","2019-01-02","","21.09166667"
"KENNEDY","2019-01-01","","29.40434783"
"KENNEDY","2018-12-31","","35.48333333"
"KENNEDY","2018-12-30","","39.27083333"
"KENNEDY","2018-12-29","","35.62916667"
"KENNEDY","2018-12-28","","50.32916667"
"KENNEDY","2018-12-27","","43.98333333"
"KENNEDY","2018-12-26","","45.15416667"
"KENNEDY","2018-12-25","","54.73333333"
"KENNEDY","2018-12-24","","53.1875"
"KENNEDY","2018-12-23","","42.55"
"KENNEDY","2018-12-22","","36.425"
"KENNEDY","2018-12-21","","53.69166667"
"KENNEDY","2018-12-20","","56.95"
"KENNEDY","2018-12-19","","49.09583333"
"KENNEDY","2018-12-18","","74.78333333"
"KENNEDY","2018-12-17","","51.54166667"
"KENNEDY","2018-12-16","","41.42916667"
"KENNEDY","2018-12-15","","52.725"
"KENNEDY","2018-12-14","","64.025"
"KENNEDY","2018-12-13","","44.96666667"
"KENNEDY","2018-12-12","","43.41666667"
"KENNEDY","2018-12-11","","54.43333333"
"KENNEDY","2018-12-10","","51.31666667"
"KENNEDY","2018-12-09","","48.80416667"
"KENNEDY","2018-12-08","","60.16956522"
"KENNEDY","2018-12-07","","59.125"
"KENNEDY","2018-12-05","","55.46153846"
"KENNEDY","2018-12-04","","62.48333333"
"KENNEDY","2018-12-03","","57.125"
"KENNEDY","2018-12-02","","44.75833333"
"KENNEDY","2018-12-01","","38.8375"
"KENNEDY","2018-11-30","","49.49583333"
"KENNEDY","2018-11-29","","58.16956522"
"KENNEDY","2018-11-28","","42.42173913"
"KENNEDY","2018-11-27","","62.0875"
"KENNEDY","2018-11-26","","52.3125"
"KENNEDY","2018-11-25","","45.03913043"
"KENNEDY","2018-11-24","","65.95833333"
"KENNEDY","2018-11-23","","45.80416667"
"KENNEDY","2018-11-22","","63.04583333"
"KENNEDY","2018-11-21","","58.46666667"
"KENNEDY","2018-11-20","","49.87916667"
"KENNEDY","2018-11-19","","51.95833333"
"KENNEDY","2018-11-18","","34.13333333"
"KENNEDY","2018-11-17","","44.24166667"
"KENNEDY","2018-11-16","","56.81666667"
"KENNEDY","2018-11-15","","71.72380952"
"KENNEDY","2018-11-14","","71.69166667"
"KENNEDY","2018-11-13","","69.34545455"
"KENNEDY","2018-11-12","","29.79583333"
"KENNEDY","2018-11-11","","39.64166667"
"KENNEDY","2018-11-10","","36.09166667"
"KENNEDY","2018-11-09","","43.11666667"
"KENNEDY","2018-11-08","","54.0"
"KENNEDY","2018-11-07","","47.9875"
"KENNEDY","2018-11-06","","45.16666667"
"KENNEDY","2018-11-05","","23.20833333"
"KENNEDY","2018-11-04","","46.38333333"
"KENNEDY","2018-11-03","","42.1"
"KENNEDY","2018-11-02","","46.99166667"
"KENNEDY","2018-11-01","","40.9875"
"KENNEDY","2018-10-31","","52.18333333"
"KENNEDY","2018-10-30","","58.55416667"
"KENNEDY","2018-10-29","","52.22916667"
"KENNEDY","2018-10-28","","36.025"
"KENNEDY","2018-10-27","","32.54166667"
"KENNEDY","2018-10-26","","42.42916667"
"KENNEDY","2018-10-25","","42.80833333"
"KENNEDY","2018-10-24","","30.3375"
"KENNEDY","2018-10-23","","26.50833333"
"KENNEDY","2018-10-22","","48.37083333"
"KENNEDY","2018-10-21","","22.39565217"
"KENNEDY","2018-10-20","","42.18636364"
"KENNEDY","2018-10-19","","55.68333333"
"KENNEDY","2018-10-18","","68.2625"
"KENNEDY","2018-10-17","","61.31666667"
"KENNEDY","2018-10-16","","41.12916667"
"KENNEDY","2018-10-15","","28.10416667"
"KENNEDY","2018-10-14","","46.64583333"
"KENNEDY","2018-10-13","","63.75416667"
"KENNEDY","2018-10-12","","66.25833333"
"KENNEDY","2018-10-11","","50.54583333"
"KENNEDY","2018-10-10","","37.69166667"
"KENNEDY","2018-10-09","","42.45416667"
"KENNEDY","2018-10-08","","41.47083333"
"KENNEDY","2018-10-07","","39.37083333"
"KENNEDY","2018-10-06","","36.5875"
"KENNEDY","2018-10-05","","51.1375"
"KENNEDY","2018-10-04","","43.6"
"KENNEDY","2018-10-03","","64.22083333"
"KENNEDY","2018-10-02","","44.37368421"
"KENNEDY","2018-10-01","","43.875"
"KENNEDY","2018-09-30","","39.27916667"
"KENNEDY","2018-09-29","","41.86666667"
"KENNEDY","2018-09-28","","53.37916667"
"KENNEDY","2018-09-27","","41.74166667"
"KENNEDY","2018-09-26","","50.36086957"
"KENNEDY","2018-09-25","","54.37083333"
"KENNEDY","2018-09-24","","29.7"
"KENNEDY","2018-09-23","","33.26956522"
"KENNEDY","2018-09-22","","36.5125"
"KENNEDY","2018-09-21","","45.37083333"
"KENNEDY","2018-09-20","","38.1375"
"KENNEDY","2018-09-19","","34.84666667"
"KENNEDY","2018-09-18","","54.85833333"
"KENNEDY","2018-09-17","","57.60416667"
"KENNEDY","2018-09-16","","38.47083333"
"KENNEDY","2018-09-15","","53.64166667"
"KENNEDY","2018-09-14","","72.74583333"
"KENNEDY","2018-09-13","","78.775"
"KENNEDY","2018-09-12","","70.5826087"
"KENNEDY","2018-09-11","","65.91666667"
"KENNEDY","2018-09-10","","62.32916667"
"KENNEDY","2018-09-09","","35.85833333"
"KENNEDY","2018-09-08","","40.69583333"
"KENNEDY","2018-09-07","","53.48333333"
"KENNEDY","2018-09-06","","64.26956522"
"KENNEDY","2018-09-05","","56.59166667"
"KENNEDY","2018-09-04","","52.275"
"KENNEDY","2018-09-03","","54.35416667"
"KENNEDY","2018-09-02","","55.82608696"
"KENNEDY","2018-09-01","","65.08333333"
"KENNEDY","2018-08-31","","71.92083333"
"KENNEDY","2018-08-30","","60.77916667"
"KENNEDY","2018-08-29","","54.74583333"
"KENNEDY","2018-08-28","","54.42083333"
"KENNEDY","2018-08-27","","40.16521739"
"KENNEDY","2018-08-26","","34.29166667"
"KENNEDY","2018-08-25","","39.73333333"
"KENNEDY","2018-08-24","","45.53333333"
"KENNEDY","2018-08-23","","56.67916667"
"KENNEDY","2018-08-22","","40.09166667"
"KENNEDY","2018-08-21","","42.175"
"KENNEDY","2018-08-20","","31.02083333"
"KENNEDY","2018-08-19","","33.375"
"KENNEDY","2018-08-18","","47.62083333"
"KENNEDY","2018-08-17","","45.70833333"
"KENNEDY","2018-08-16","","59.51666667"
"KENNEDY","2018-08-15","","48.35"
"KENNEDY","2018-08-14","","47.42916667"
"KENNEDY","2018-08-13","","48.275"
"KENNEDY","2018-08-12","","37.175"
"KENNEDY","2018-08-11","","60.65416667"
"KENNEDY","2018-08-10","","43.01666667"
"KENNEDY","2018-08-09","","39.78333333"
"KENNEDY","2018-08-08","","44.7125"
"KENNEDY","2018-08-07","","43.49583333"
"KENNEDY","2018-08-06","","41.50833333"
"KENNEDY","2018-08-05","","34.15416667"
"KENNEDY","2018-08-04","","42.24782609"
"KENNEDY","2018-08-03","","67.675"
"KENNEDY","2018-08-02","","56.12916667"
"KENNEDY","2018-08-01","","58.475"
"KENNEDY","2018-07-31","","57.18333333"
"KENNEDY","2018-07-30","","41.67083333"
"KENNEDY","2018-07-29","","73.45"
"KENNEDY","2018-07-28","","38.50869565"
"KENNEDY","2018-07-27","","36.72083333"
"KENNEDY","2018-07-26","","41.92083333"
"KENNEDY","2018-07-25","","48.11666667"
"KENNEDY","2018-07-24","","43.49166667"
"KENNEDY","2018-07-23","","58.64583333"
"KENNEDY","2018-07-22","","53.8125"
"KENNEDY","2018-07-21","","48.10833333"
"KENNEDY","2018-07-20","","36.59166667"
"KENNEDY","2018-07-19","","44.64166667"
"KENNEDY","2018-07-18","","40.89130435"
"KENNEDY","2018-07-17","","36.71666667"
"KENNEDY","2018-07-16","","32.22083333"
"KENNEDY","2018-07-15","","24.91666667"
"KENNEDY","2018-07-14","","28.39583333"
"KENNEDY","2018-07-13","","32.46666667"
"KENNEDY","2018-07-12","","34.46521739"
"KENNEDY","2018-07-11","","30.70416667"
"KENNEDY","2018-07-10","","34.65"
"KENNEDY","2018-07-09","","35.73043478"
"KENNEDY","2018-07-08","","30.375"
"KENNEDY","2018-07-07","","36.74583333"
"KENNEDY","2018-07-06","","47.0625"
"KENNEDY","2018-07-05","","34.16666667"
"KENNEDY","2018-07-04","","48.05833333"
"KENNEDY","2018-07-03","","52.19583333"
"KENNEDY","2018-07-02","","39.025"
"KENNEDY","2018-07-01","","38.275"
"KENNEDY","2018-06-30","","51.72916667"
"KENNEDY","2018-06-29","","60.35"
"KENNEDY","2018-06-28","","39.56956522"
"KENNEDY","2018-06-27","","44.15416667"
"KENNEDY","2018-06-26","","48.15416667"
"KENNEDY","2018-06-25","","32.0625"
"KENNEDY","2018-06-24","","27.22083333"
"KENNEDY","2018-06-23","","36.88333333"
"KENNEDY","2018-06-22","","57.52083333"
"KENNEDY","2018-06-21","","41.13333333"
"KENNEDY","2018-06-20","","34.0125"
"KENNEDY","2018-06-19","","32.43333333"
"KENNEDY","2018-06-18","","31.16666667"
"KENNEDY","2018-06-17","","31.79166667"
"KENNEDY","2018-06-16","","38.92083333"
"KENNEDY","2018-06-15","","39.9375"
"KENNEDY","2018-06-14","","38.69583333"
"KENNEDY","2018-06-13","","46.34583333"
"KENNEDY","2018-06-12","","56.0"
"KENNEDY","2018-06-11","","29.0"
"KENNEDY","2018-06-10","","27.5"
"KENNEDY","2018-06-09","","32.25"
"KENNEDY","2018-06-08","","45.625"
"KENNEDY","2018-06-07","","60.16666667"
"KENNEDY","2018-06-06","","38.33333333"
"KENNEDY","2018-06-05","","38.04166667"
"KENNEDY","2018-06-04","","24.83333333"
"KENNEDY","2018-06-03","","27.25"
"KENNEDY","2018-06-02","","58.16666667"
"KENNEDY","2018-06-01","","65.375"
"KENNEDY","2018-05-31","","48.625"
"KENNEDY","2018-05-30","","53.29166667"
"KENNEDY","2018-05-29","","51.58333333"
"KENNEDY","2018-05-28","","48.875"
"KENNEDY","2018-05-27","","39.91666667"
"KENNEDY","2018-05-26","","34.83333333"
"KENNEDY","2018-05-25","","49.33333333"
"KENNEDY","2018-05-24","","46.875"
"KENNEDY","2018-05-23","","43.375"
"KENNEDY","2018-05-22","","67.34782609"
"KENNEDY","2018-05-21","","65.18181818"
"KENNEDY","2018-05-19","","49.33333333"
"KENNEDY","2018-05-18","","82.25"
"KENNEDY","2018-05-17","","57.0"
"KENNEDY","2018-05-16","","64.0"
"KENNEDY","2018-05-15","","37.36363636"
"KENNEDY","2018-05-14","","33.41666667"
"KENNEDY","2018-05-13","","39.25"
"KENNEDY","2018-05-12","","48.29166667"
"KENNEDY","2018-05-11","","56.0"
"KENNEDY","2018-05-10","","55.125"
"KENNEDY","2018-05-09","","43.29166667"
"KENNEDY","2018-05-08","","36.33333333"
"KENNEDY","2018-05-07","","45.66666667"
"KENNEDY","2018-05-06","","44.41666667"
"KENNEDY","2018-05-05","","56.04166667"
"KENNEDY","2018-05-04","","55.16666667"
"KENNEDY","2018-05-03","","50.82608696"
"KENNEDY","2018-05-02","","39.16666667"
"KENNEDY","2018-05-01","","66.16666667"
"KENNEDY","2018-04-30","","57.41666667"
"KENNEDY","2018-04-29","","44.63636364"
"KENNEDY","2018-04-28","","57.125"
"KENNEDY","2018-04-27","","56.95833333"
"KENNEDY","2018-04-26","","39.08333333"
"KENNEDY","2018-04-25","","61.625"
"KENNEDY","2018-04-24","","59.04166667"
"KENNEDY","2018-04-23","","47.75833333"
"KENNEDY","2018-04-22","","39.2625"
"KENNEDY","2018-04-21","","56.02083333"
"KENNEDY","2018-04-20","","45.52083333"
"KENNEDY","2018-04-19","","41.77083333"
"KENNEDY","2018-04-18","","63.17083333"
"KENNEDY","2018-04-17","","80.95"
"KENNEDY","2018-04-16","","77.22272727"
"KENNEDY","2018-04-15","","45.66666667"
"KENNEDY","2018-04-14","","43.08695652"
"KENNEDY","2018-04-13","","65.24583333"
"KENNEDY","2018-04-12","","45.975"
"KENNEDY","2018-04-11","","53.44583333"
"KENNEDY","2018-04-10","","41.925"
"KENNEDY","2018-04-09","","62.57391304"
"KENNEDY","2018-04-08","","61.47083333"
"KENNEDY","2018-04-07","","52.90416667"
"KENNEDY","2018-04-06","","34.4125"
"KENNEDY","2018-04-05","","49.68333333"
"KENNEDY","2018-04-04","","50.45"
"KENNEDY","2018-04-03","","44.16666667"
"KENNEDY","2018-04-02","","42.86666667"
"KENNEDY","2018-04-01","","24.65833333"
"KENNEDY","2018-03-31","","30.1125"
"KENNEDY","2018-03-30","","38.46666667"
"KENNEDY","2018-03-29","","27.15"
"KENNEDY","2018-03-28","","59.30833333"
"KENNEDY","2018-03-27","","65.99166667"
"KENNEDY","2018-03-26","","55.3625"
"KENNEDY","2018-03-25","","43.60833333"
"KENNEDY","2018-03-24","","47.825"
"KENNEDY","2018-03-23","","89.675"
"KENNEDY","2018-03-22","","75.1"
"KENNEDY","2018-03-21","","66.04583333"
"KENNEDY","2018-03-20","","59.45833333"
"KENNEDY","2018-03-19","","46.4"
"KENNEDY","2018-03-18","","62.125"
"KENNEDY","2018-03-17","","61.99166667"
"KENNEDY","2018-03-16","","64.7625"
"KENNEDY","2018-03-15","","88.44166667"
"KENNEDY","2018-03-14","","69.88333333"
"KENNEDY","2018-03-13","","74.15"
"KENNEDY","2018-03-12","","65.275"
"KENNEDY","2018-03-11","","37.65263158"
"KENNEDY","2018-03-10","","60.16086957"
"KENNEDY","2018-03-09","","41.5875"
"KENNEDY","2018-03-08","","39.81428571"
"KENNEDY","2018-03-07","","49.21818182"
"KENNEDY","2018-03-06","","52.42916667"
"KENNEDY","2018-03-05","","66.475"
"KENNEDY","2018-03-04","","60.81818182"
"KENNEDY","2018-03-03","","73.04583333"
"KENNEDY","2018-03-02","","67.46818182"
"KENNEDY","2018-03-01","","74.02857143"
"KENNEDY","2018-02-28","","75.72105263"
"KENNEDY","2018-02-27","","80.725"
"KENNEDY","2018-02-26","","65.10526316"
"KENNEDY","2018-02-25","","46.65416667"
"KENNEDY","2018-02-24","","43.44583333"
"KENNEDY","2018-02-23","","63.45833333"
"KENNEDY","2018-02-22","","63.30416667"
"KENNEDY","2018-02-21","","76.89583333"
"KENNEDY","2018-02-20","","72.44583333"
"KENNEDY","2018-02-19","","60.56086957"
"KENNEDY","2018-02-18","","39.69565217"
"KENNEDY","2018-02-17","","50.94782609"
"KENNEDY","2018-02-16","","50.875"
"KENNEDY","2018-02-15","","51.575"
"KENNEDY","2018-02-14","","63.19583333"
"KENNEDY","2018-02-13","","84.50952381"
"KENNEDY","2018-02-12","","64.15833333"
"KENNEDY","2018-02-11","","51.6625"
"KENNEDY","2018-02-10","","58.20869565"
"KENNEDY","2018-02-09","","67.96666667"
"KENNEDY","2018-02-08","","78.99583333"
"KENNEDY","2018-02-07","","65.45416667"
"KENNEDY","2018-02-06","","92.59166667"
"KENNEDY","2018-02-05","","66.96666667"
"KENNEDY","2018-02-04","","52.85833333"
"KENNEDY","2018-02-03","","74.87083333"
"KENNEDY","2018-02-02","","73.07727273"
"KENNEDY","2018-02-01","","82.64761905"
"KENNEDY","2018-01-31","","67.51363636"
"KENNEDY","2018-01-30","","81.12083333"
"KENNEDY","2018-01-29","","60.49166667"
"KENNEDY","2018-01-28","","51.03333333"
"KENNEDY","2018-01-27","","68.01666667"
"KENNEDY","2018-01-26","","70.74583333"
"KENNEDY","2018-01-25","","58.34166667"
"KENNEDY","2018-01-24","","63.50833333"
"KENNEDY","2018-01-23","","50.49166667"
"KENNEDY","2018-01-22","","42.64347826"
"KENNEDY","2018-01-21","","34.6"
"KENNEDY","2018-01-20","","33.1173913"
"KENNEDY","2018-01-19","","44.6625"
"KENNEDY","2018-01-18","","42.45"
"KENNEDY","2018-01-17","","49.175"
"KENNEDY","2018-01-16","","59.29166667"
"KENNEDY","2018-01-15","","65.7375"
"KENNEDY","2018-01-14","","50.95652174"
"KENNEDY","2018-01-13","","47.45294118"
"KENNEDY","2018-01-12","","47.48"
"KENNEDY","2018-01-11","","50.6875"
"KENNEDY","2018-01-10","","47.41904762"
"KENNEDY","2018-01-09","","47.96666667"
"KENNEDY","2018-01-08","","43.81666667"
"KENNEDY","2018-01-07","","49.26666667"
"KENNEDY","2018-01-06","","36.02666667"
"KENNEDY","2018-01-05","","54.5173913"
"KENNEDY","2018-01-04","","66.06521739"
"KENNEDY","2018-01-03","","57.80454545"
"KENNEDY","2018-01-02","","43.26315789"
"KENNEDY","2018-01-01","","58.35714286"
"KENNEDY","2017-12-31","","42.10869565"
"KENNEDY","2017-12-30","","49.13333333"
"KENNEDY","2017-12-29","","54.75555556"
"KENNEDY","2017-12-28","","41.82727273"
"KENNEDY","2017-12-27","","44.2"
"KENNEDY","2017-12-26","","50.3"
"KENNEDY","2017-12-25","","53.1"
"KENNEDY","2017-12-24","","51.67333333"
"KENNEDY","2017-12-23","","64.5625"
"KENNEDY","2017-12-22","","55.82173913"
"KENNEDY","2017-12-21","","87.22916667"
"KENNEDY","2017-12-20","","90.8125"
"KENNEDY","2017-12-19","","83.94166667"
"KENNEDY","2017-12-18","","63.74583333"
"KENNEDY","2017-12-17","","54.4375"
"KENNEDY","2017-12-16","","72.06666667"
"KENNEDY","2017-12-15","","67.94285714"
"KENNEDY","2017-12-14","","53.635"
"KENNEDY","2017-12-13","","37.525"
"KENNEDY","2017-12-12","","43.2047619"
"KENNEDY","2017-12-11","","36.9"
"KENNEDY","2017-12-10","","41.09047619"
"KENNEDY","2017-12-09","","60.39583333"
"KENNEDY","2017-12-08","","62.39130435"
"KENNEDY","2017-12-07","","65.37894737"
"KENNEDY","2017-12-06","","53.525"
"KENNEDY","2017-12-05","","37.24166667"
"KENNEDY","2017-12-04","","53.23181818"
"KENNEDY","2017-12-03","","44.26666667"
"KENNEDY","2017-12-02","","60.69583333"
"KENNEDY","2017-12-01","","50.92"
"KENNEDY","2017-11-30","","72.8875"
"KENNEDY","2017-11-29","","56.02083333"
"KENNEDY","2017-11-28","","57.7875"
"KENNEDY","2017-11-27","","56.00833333"
"KENNEDY","2017-11-26","","47.92083333"
"KENNEDY","2017-11-25","","52.14166667"
"KENNEDY","2017-11-24","","66.84166667"
"KENNEDY","2017-11-23","","83.8"
"KENNEDY","2017-11-22","","74.17083333"
"KENNEDY","2017-11-21","","75.425"
"KENNEDY","2017-11-20","","45.75416667"
"KENNEDY","2017-11-19","","36.52083333"
"KENNEDY","2017-11-18","","53.54583333"
"KENNEDY","2017-11-17","","46.40416667"
"KENNEDY","2017-11-16","","53.975"
"KENNEDY","2017-11-15","","50.80869565"
"KENNEDY","2017-11-14","","73.85416667"
"KENNEDY","2017-11-13","","59.225"
"KENNEDY","2017-11-12","","59.37916667"
"KENNEDY","2017-11-11","","57.81666667"
"KENNEDY","2017-11-10","","76.47826087"
"KENNEDY","2017-11-09","","78.56666667"
"KENNEDY","2017-11-08","","73.60416667"
"KENNEDY","2017-11-07","","72.99166667"
"KENNEDY","2017-11-06","","71.62083333"
"KENNEDY","2017-11-05","","66.2826087"
"KENNEDY","2017-11-04","","58.84583333"
"KENNEDY","2017-11-03","","71.625"
"KENNEDY","2017-11-02","","67.96666667"
"KENNEDY","2017-11-01","","75.1125"
"KENNEDY","2017-10-31","","57.725"
"KENNEDY","2017-10-30","","54.725"
"KENNEDY","2017-10-29","","30.0625"
"KENNEDY","2017-10-28","","49.97916667"
"KENNEDY","2017-10-27","","90.64166667"
"KENNEDY","2017-10-26","","88.05416667"
"KENNEDY","2017-10-25","","72.39166667"
"KENNEDY","2017-10-24","","59.77916667"
"KENNEDY","2017-10-23","","46.26666667"
"KENNEDY","2017-10-22","","35.07916667"
"KENNEDY","2017-10-21","","62.84583333"
"KENNEDY","2017-10-20","","75.55909091"
"KENNEDY","2017-10-19","","72.10416667"
"KENNEDY","2017-10-18","","46.2875"
"KENNEDY","2017-10-17","","47.325"
"KENNEDY","2017-10-16","","28.1625"
"KENNEDY","2017-10-15","","39.66666667"
"KENNEDY","2017-10-14","","47.53333333"
"KENNEDY","2017-10-13","","40.98181818"
"KENNEDY","2017-10-12","","72.05833333"
"KENNEDY","2017-10-11","","55.0"
"KENNEDY","2017-10-10","","74.0875"
"KENNEDY","2017-10-09","","72.22083333"
"KENNEDY","2017-10-08","","60.51052632"
"KENNEDY","2017-10-07","","46.4625"
"KENNEDY","2017-10-06","","48.87916667"
"KENNEDY","2017-10-05","","44.66666667"
"KENNEDY","2017-10-04","","47.25833333"
"KENNEDY","2017-10-03","","61.1125"
"KENNEDY","2017-10-02","","56.04583333"
"KENNEDY","2017-10-01","","50.1375"
"KENNEDY","2017-09-30","","39.95833333"
"KENNEDY","2017-09-29","","45.39166667"
"KENNEDY","2017-09-28","","69.5625"
"KENNEDY","2017-09-27","","99.42173913"
"KENNEDY","2017-09-26","","89.97727273"
"KENNEDY","2017-09-25","","44.20434783"
"KENNEDY","2017-09-24","","41.48636364"
"KENNEDY","2017-09-23","","64.64782609"
"KENNEDY","2017-09-22","","87.42857143"
"KENNEDY","2017-09-21","","78.79166667"
"KENNEDY","2017-09-20","","72.54166667"
"KENNEDY","2017-09-19","","65.54166667"
"KENNEDY","2017-09-18","","41.62916667"
"KENNEDY","2017-09-17","","39.67083333"
"KENNEDY","2017-09-16","","49.82173913"
"KENNEDY","2017-09-15","","50.69583333"
"KENNEDY","2017-09-14","","58.18333333"
"KENNEDY","2017-09-13","","49.36521739"
"KENNEDY","2017-09-12","","59.65"
"KENNEDY","2017-09-11","","47.04583333"
"KENNEDY","2017-09-10","","48.6625"
"KENNEDY","2017-09-09","","53.575"
"KENNEDY","2017-09-08","","77.05833333"
"KENNEDY","2017-09-07","","61.27083333"
"KENNEDY","2017-09-06","","79.90416667"
"KENNEDY","2017-09-05","","70.6375"
"KENNEDY","2017-09-04","","83.26666667"
"KENNEDY","2017-09-03","","35.36666667"
"KENNEDY","2017-09-02","","40.11666667"
"KENNEDY","2017-09-01","","50.37916667"
"KENNEDY","2017-08-31","","48.4375"
"KENNEDY","2017-08-30","","43.82727273"
"KENNEDY","2017-08-29","","58.77826087"
"KENNEDY","2017-08-28","","54.89166667"
"KENNEDY","2017-08-27","","63.9875"
"KENNEDY","2017-08-26","","56.9375"
"KENNEDY","2017-08-25","","45.5875"
"KENNEDY","2017-08-24","","49.97083333"
"KENNEDY","2017-08-23","","60.77916667"
"KENNEDY","2017-08-22","","43.52916667"
"KENNEDY","2017-08-21","","40.6375"
"KENNEDY","2017-08-20","","42.68333333"
"KENNEDY","2017-08-19","","47.45"
"KENNEDY","2017-08-18","","58.59166667"
"KENNEDY","2017-08-17","","76.36666667"
"KENNEDY","2017-08-16","","64.52083333"
"KENNEDY","2017-08-15","","75.8375"
"KENNEDY","2017-08-14","","68.32083333"
"KENNEDY","2017-08-13","","42.15"
"KENNEDY","2017-08-12","","46.9125"
"KENNEDY","2017-08-11","","60.26666667"
"KENNEDY","2017-08-10","","61.875"
"KENNEDY","2017-08-09","","37.24166667"
"KENNEDY","2017-08-08","","49.4"
"KENNEDY","2017-08-07","","41.46666667"
"KENNEDY","2017-08-06","","37.67916667"
"KENNEDY","2017-08-05","","37.66666667"
"KENNEDY","2017-08-04","","36.54166667"
"KENNEDY","2017-08-03","","79.25"
"KENNEDY","2017-08-02","","84.52083333"
"KENNEDY","2017-08-01","","66.0375"
"KENNEDY","2017-07-31","","40.60833333"
"KENNEDY","2017-07-30","","28.95833333"
"KENNEDY","2017-07-29","","36.78333333"
"KENNEDY","2017-07-28","","39.93333333"
"KENNEDY","2017-07-27","","55.425"
"KENNEDY","2017-07-26","","34.875"
"KENNEDY","2017-07-25","","39.63333333"
"KENNEDY","2017-07-24","","33.5625"
"KENNEDY","2017-07-23","","26.6125"
"KENNEDY","2017-07-22","","31.025"
"KENNEDY","2017-07-21","","47.33333333"
"KENNEDY","2017-07-20","","38.075"
"KENNEDY","2017-07-19","","38.25833333"
"KENNEDY","2017-07-18","","39.5625"
"KENNEDY","2017-07-17","","55.83333333"
"KENNEDY","2017-07-16","","67.02916667"
"KENNEDY","2017-07-15","","70.97916667"
"KENNEDY","2017-07-14","","64.15833333"
"KENNEDY","2017-07-13","","48.06666667"
"KENNEDY","2017-07-12","","41.30869565"
"KENNEDY","2017-07-11","","34.35416667"
"KENNEDY","2017-07-10","","36.625"
"KENNEDY","2017-07-09","","29.775"
"KENNEDY","2017-07-08","","42.71666667"
"KENNEDY","2017-07-07","","34.09583333"
"KENNEDY","2017-07-06","","37.57916667"
"KENNEDY","2017-07-05","","51.175"
"KENNEDY","2017-07-04","","35.75"
"KENNEDY","2017-07-03","","22.4625"
"KENNEDY","2017-07-02","","24.1"
"KENNEDY","2017-07-01","","28.00416667"
"KENNEDY","2017-06-30","","34.7625"
"KENNEDY","2017-06-29","","62.44583333"
"KENNEDY","2017-06-28","","59.5"
"KENNEDY","2017-06-27","","49.70869565"
"KENNEDY","2017-06-26","","35.34166667"
"KENNEDY","2017-06-25","","29.64583333"
"KENNEDY","2017-06-24","","51.65833333"
"KENNEDY","2017-06-23","","45.95833333"
"KENNEDY","2017-06-22","","46.8"
"KENNEDY","2017-06-21","","36.02916667"
"KENNEDY","2017-06-20","","38.48333333"
"KENNEDY","2017-06-19","","36.575"
"KENNEDY","2017-06-18","","52.8"
"KENNEDY","2017-06-17","","85.04166667"
"KENNEDY","2017-06-16","","64.52916667"
"KENNEDY","2017-06-15","","59.98333333"
"KENNEDY","2017-06-14","","44.08333333"
"KENNEDY","2017-06-13","","48.47391304"
"KENNEDY","2017-06-12","","29.6173913"
"KENNEDY","2017-06-11","","29.15"
"KENNEDY","2017-06-10","","45.925"
"KENNEDY","2017-06-09","","76.59583333"
"KENNEDY","2017-06-08","","71.58333333"
"KENNEDY","2017-06-07","","48.78333333"
"KENNEDY","2017-06-06","","55.8375"
"KENNEDY","2017-06-05","","32.525"
"KENNEDY","2017-06-04","","27.70416667"
"KENNEDY","2017-06-03","","42.4"
"KENNEDY","2017-06-02","","46.7125"
"KENNEDY","2017-06-01","","44.37083333"
"KENNEDY","2017-05-31","","53.975"
"KENNEDY","2017-05-30","","50.3625"
"KENNEDY","2017-05-29","","44.87083333"
"KENNEDY","2017-05-28","","47.01666667"
"KENNEDY","2017-05-27","","55.175"
"KENNEDY","2017-05-26","","48.97916667"
"KENNEDY","2017-05-25","","36.9875"
"KENNEDY","2017-05-24","","39.04166667"
"KENNEDY","2017-05-23","","58.1173913"
"KENNEDY","2017-05-22","","45.575"
"KENNEDY","2017-05-21","","53.55"
"KENNEDY","2017-05-20","","42.02083333"
"KENNEDY","2017-05-19","","64.525"
"KENNEDY","2017-05-18","","54.04583333"
"KENNEDY","2017-05-17","","76.475"
"KENNEDY","2017-05-16","","45.6875"
"KENNEDY","2017-05-15","","52.13333333"
"KENNEDY","2017-05-14","","30.89583333"
"KENNEDY","2017-05-13","","39.99583333"
"KENNEDY","2017-05-12","","41.54583333"
"KENNEDY","2017-05-11","","61.92916667"
"KENNEDY","2017-05-10","","39.29583333"
"KENNEDY","2017-05-09","","36.59166667"
"KENNEDY","2017-05-08","","48.325"
"KENNEDY","2017-05-07","","51.53157895"
"KENNEDY","2017-05-06","","36.4"
"KENNEDY","2017-05-05","","61.66956522"
"KENNEDY","2017-05-04","","48.05833333"
"KENNEDY","2017-05-03","","67.67916667"
"KENNEDY","2017-05-02","","43.28333333"
"KENNEDY","2017-05-01","","44.1625"
"KENNEDY","2017-04-30","","30.92916667"
"KENNEDY","2017-04-29","","40.55"
"KENNEDY","2017-04-28","","48.675"
"KENNEDY","2017-04-27","","65.63333333"
"KENNEDY","2017-04-26","","43.15"
"KENNEDY","2017-04-25","","71.70833333"
"KENNEDY","2017-04-24","","56.49130435"
"KENNEDY","2017-04-23","","35.3"
"KENNEDY","2017-04-22","","63.11666667"
"KENNEDY","2017-04-21","","41.0375"
"KENNEDY","2017-04-20","","68.35416667"
"KENNEDY","2017-04-19","","59.58333333"
"KENNEDY","2017-04-18","","57.725"
"KENNEDY","2017-04-17","","55.32916667"
"KENNEDY","2017-04-16","","29.16666667"
"KENNEDY","2017-04-15","","27.575"
"KENNEDY","2017-04-14","","23.23333333"
"KENNEDY","2017-04-13","","42.08333333"
"KENNEDY","2017-04-12","","65.16956522"
"KENNEDY","2017-04-11","","73.74166667"
"KENNEDY","2017-04-10","","69.22916667"
"KENNEDY","2017-04-09","","37.6375"
"KENNEDY","2017-04-08","","81.25416667"
"KENNEDY","2017-04-07","","105.825"
"KENNEDY","2017-04-06","","94.82083333"
"KENNEDY","2017-04-05","","83.24583333"
"KENNEDY","2017-04-04","","75.6625"
"KENNEDY","2017-04-03","","58.07083333"
"KENNEDY","2017-04-02","","32.625"
"KENNEDY","2017-04-01","","41.2"
"KENNEDY","2017-03-31","","50.35833333"
"KENNEDY","2017-03-30","","57.96666667"
"KENNEDY","2017-03-29","","42.75416667"
"KENNEDY","2017-03-28","","52.4125"
"KENNEDY","2017-03-27","","50.08333333"
"KENNEDY","2017-03-26","","25.075"
"KENNEDY","2017-03-25","","60.3125"
"KENNEDY","2017-03-24","","54.60454545"
"KENNEDY","2017-03-23","","58.4047619"
"KENNEDY","2017-03-22","","63.38181818"
"KENNEDY","2017-03-21","","54.12083333"
"KENNEDY","2017-03-20","","62.5625"
"KENNEDY","2017-03-19","","56.06666667"
"KENNEDY","2017-03-18","","71.15416667"
"KENNEDY","2017-03-17","","68.49166667"
"KENNEDY","2017-03-16","","53.275"
"KENNEDY","2017-03-15","","42.16956522"
"KENNEDY","2017-03-14","","49.6"
"KENNEDY","2017-03-13","","41.26086957"
"KENNEDY","2017-03-12","","23.64736842"
"KENNEDY","2017-03-11","","57.51818182"
"KENNEDY","2017-03-10","","43.7875"
"KENNEDY","2017-03-09","","45.36666667"
"KENNEDY","2017-03-08","","48.53913043"
"KENNEDY","2017-03-07","","52.96666667"
"KENNEDY","2017-03-06","","46.30833333"
"KENNEDY","2017-03-05","","47.70416667"
"KENNEDY","2017-03-04","","67.98333333"
"KENNEDY","2017-03-03","","49.89"
"KENNEDY","2017-03-02","","33.45"
"KENNEDY","2017-03-01","","59.16666667"
"KENNEDY","2017-02-28","","71.72916667"
"KENNEDY","2017-02-27","","53.15"
"KENNEDY","2017-02-26","","33.00416667"
"KENNEDY","2017-02-25","","45.6875"
"KENNEDY","2017-02-24","","75.36521739"
"KENNEDY","2017-02-23","","93.10416667"
"KENNEDY","2017-02-22","","87.52916667"
"KENNEDY","2017-02-21","","84.625"
"KENNEDY","2017-02-20","","70.35416667"
"KENNEDY","2017-02-19","","89.62083333"
"KENNEDY","2017-02-18","","74.775"
"KENNEDY","2017-02-17","","44.8875"
"KENNEDY","2017-02-16","","73.79583333"
"KENNEDY","2017-02-15","","104.09583333"
"KENNEDY","2017-02-14","","65.71666667"
"KENNEDY","2017-02-13","","49.16666667"
"KENNEDY","2017-02-12","","45.70869565"
"KENNEDY","2017-02-11","","81.06666667"
"KENNEDY","2017-02-10","","75.40416667"
"KENNEDY","2017-02-09","","110.3375"
"KENNEDY","2017-02-08","","87.29166667"
"KENNEDY","2017-02-07","","42.15833333"
"KENNEDY","2017-02-06","","65.5375"
"KENNEDY","2017-02-05","","44.27083333"
"KENNEDY","2017-02-04","","71.6625"
"KENNEDY","2017-02-03","","71.3875"
"KENNEDY","2017-02-02","","71.87083333"
"KENNEDY","2017-02-01","","85.65416667"
"KENNEDY","2017-01-31","","71.12916667"
"KENNEDY","2017-01-30","","82.59166667"
"KENNEDY","2017-01-29","","47.07083333"
"KENNEDY","2017-01-28","","60.06666667"
"KENNEDY","2017-01-27","","51.19583333"
"KENNEDY","2017-01-26","","39.70952381"
"KENNEDY","2017-01-25","","49.6375"
"KENNEDY","2017-01-24","","79.9173913"
"KENNEDY","2017-01-23","","82.8375"
"KENNEDY","2017-01-22","","72.42173913"
"KENNEDY","2017-01-21","","61.7125"
"KENNEDY","2017-01-20","","59.8625"
"KENNEDY","2017-01-19","","47.8625"
"KENNEDY","2017-01-18","","39.61304348"
"KENNEDY","2017-01-17","","53.9125"
"KENNEDY","2017-01-16","","35.3826087"
"KENNEDY","2017-01-15","","44.38333333"
"KENNEDY","2017-01-14","","48.55416667"
"KENNEDY","2017-01-13","","72.65416667"
"KENNEDY","2017-01-12","","56.17083333"
"KENNEDY","2017-01-11","","48.3875"
"KENNEDY","2017-01-10","","41.21666667"
"KENNEDY","2017-01-09","","35.90833333"
"KENNEDY","2017-01-08","","33.00833333"
"KENNEDY","2017-01-07","","39.6"
"KENNEDY","2017-01-06","","33.4875"
"KENNEDY","2017-01-05","","55.6375"
"KENNEDY","2017-01-04","","58.0625"
"KENNEDY","2017-01-03","","45.175"
"KENNEDY","2016-12-25","","125.73333333"
"KENNEDY","2016-12-24","","58.51363636"
"KENNEDY","2016-12-23","","58.6826087"
"KENNEDY","2016-12-22","","39.29090909"
"KENNEDY","2016-12-21","","35.63181818"
"KENNEDY","2016-12-20","","66.4875"
"KENNEDY","2016-12-19","","81.65416667"
"KENNEDY","2016-12-18","","44.85416667"
"KENNEDY","2016-12-17","","73.99166667"
"KENNEDY","2016-12-16","","89.01666667"
"KENNEDY","2016-12-15","","74.9375"
"KENNEDY","2016-12-14","","71.88695652"
"KENNEDY","2016-12-13","","84.83333333"
"KENNEDY","2016-12-12","","54.6125"
"KENNEDY","2016-12-11","","42.74166667"
"KENNEDY","2016-12-10","","46.36818182"
"KENNEDY","2016-12-09","","51.07916667"
"KENNEDY","2016-12-08","","73.97826087"
"KENNEDY","2016-12-07","","89.89166667"
"KENNEDY","2016-12-06","","75.75833333"
"KENNEDY","2016-12-05","","60.6625"
"KENNEDY","2016-12-04","","41.9"
"KENNEDY","2016-12-03","","42.99130435"
"KENNEDY","2016-12-02","","52.30833333"
"KENNEDY","2016-12-01","","66.29166667"
"KENNEDY","2016-11-30","","49.14583333"
"KENNEDY","2016-11-29","","53.45833333"
"KENNEDY","2016-11-28","","53.13181818"
"KENNEDY","2016-11-27","","53.58095238"
"KENNEDY","2016-11-26","","55.66363636"
"KENNEDY","2016-11-25","","64.55"
"KENNEDY","2016-11-24","","92.22083333"
"KENNEDY","2016-11-23","","71.28636364"
"KENNEDY","2016-11-22","","83.0125"
"KENNEDY","2016-11-21","","58.95652174"
"KENNEDY","2016-11-20","","34.68181818"
"KENNEDY","2016-11-19","","40.22941176"
"KENNEDY","2016-11-18","","36.815"
"KENNEDY","2016-11-17","","33.19565217"
"KENNEDY","2016-11-16","","32.95263158"
"KENNEDY","2016-11-15","","29.50909091"
"KENNEDY","2016-11-14","","31.78695652"
"KENNEDY","2016-11-13","","43.39047619"
"KENNEDY","2016-11-12","","52.0"
"KENNEDY","2016-11-11","","45.06666667"
"KENNEDY","2016-11-10","","45.52727273"
"KENNEDY","2016-11-06","","39.28181818"
"KENNEDY","2016-11-05","","41.6173913"
"KENNEDY","2016-11-04","","45.42083333"
"KENNEDY","2016-11-03","","71.16666667"
"KENNEDY","2016-11-02","","55.33478261"
"KENNEDY","2016-11-01","","66.4047619"
"KENNEDY","2016-10-31","","66.9173913"
"KENNEDY","2016-10-30","","48.24583333"
"KENNEDY","2016-10-29","","39.46521739"
"KENNEDY","2016-10-28","","62.13636364"
"KENNEDY","2016-10-27","","81.22727273"
"KENNEDY","2016-10-26","","61.15"
"KENNEDY","2016-10-25","","52.14166667"
"KENNEDY","2016-10-24","","61.07142857"
"KENNEDY","2016-10-23","","49.38636364"
"KENNEDY","2016-10-22","","71.52608696"
"KENNEDY","2016-10-21","","90.13333333"
"KENNEDY","2016-10-20","","49.65416667"
"KENNEDY","2016-10-19","","62.73043478"
"KENNEDY","2016-10-18","","50.06363636"
"KENNEDY","2016-10-17","","42.43333333"
"KENNEDY","2016-10-16","","36.5"
"KENNEDY","2016-10-15","","28.93636364"
"KENNEDY","2016-10-14","","48.7047619"
"KENNEDY","2016-10-13","","58.44"
"KENNEDY","2016-10-12","","61.13"
"KENNEDY","2016-10-11","","56.70833333"
"KENNEDY","2016-10-10","","49.63913043"
"KENNEDY","2016-10-09","","34.88695652"
"KENNEDY","2016-10-08","","53.14285714"
"KENNEDY","2016-10-07","","63.72083333"
"KENNEDY","2016-10-06","","51.11363636"
"KENNEDY","2016-10-05","","56.8125"
"KENNEDY","2016-10-02","","22.0"
"KENNEDY","2016-10-01","","39.055"
"KENNEDY","2016-09-30","","69.52857143"
"KENNEDY","2016-09-29","","66.74761905"
"KENNEDY","2016-09-28","","71.93478261"
"KENNEDY","2016-09-27","","48.79130435"
"KENNEDY","2016-09-26","","55.65217391"
"KENNEDY","2016-09-25","","25.96315789"
"KENNEDY","2016-09-24","","42.04782609"
"KENNEDY","2016-09-23","","54.1173913"
"KENNEDY","2016-09-22","","66.11304348"
"KENNEDY","2016-09-21","","41.45"
"KENNEDY","2016-09-20","","46.64347826"
"KENNEDY","2016-09-19","","40.26666667"
"KENNEDY","2016-09-18","","47.65909091"
"KENNEDY","2016-09-17","","52.90416667"
"KENNEDY","2016-09-16","","68.82916667"
"KENNEDY","2016-09-15","","52.4826087"
"KENNEDY","2016-09-14","","54.60416667"
"KENNEDY","2016-09-13","","75.34347826"
"KENNEDY","2016-09-12","","50.1"
"KENNEDY","2016-09-11","","38.10869565"
"KENNEDY","2016-09-10","","52.02916667"
"KENNEDY","2016-09-09","","49.58333333"
"KENNEDY","2016-09-08","","90.54583333"
"KENNEDY","2016-09-07","","54.05416667"
"KENNEDY","2016-09-06","","48.33333333"
"KENNEDY","2016-09-05","","41.82083333"
"KENNEDY","2016-09-04","","46.3875"
"KENNEDY","2016-09-03","","63.12916667"
"KENNEDY","2016-09-02","","62.13043478"
"KENNEDY","2016-09-01","","41.40909091"
"KENNEDY","2016-08-31","","69.15416667"
"KENNEDY","2016-08-30","","47.26666667"
"KENNEDY","2016-08-29","","63.725"
"KENNEDY","2016-08-28","","37.36521739"
"KENNEDY","2016-08-27","","59.14166667"
"KENNEDY","2016-08-26","","52.92083333"
"KENNEDY","2016-08-25","","56.05238095"
"KENNEDY","2016-08-24","","59.2"
"KENNEDY","2016-08-23","","64.65833333"
"KENNEDY","2016-08-22","","39.67826087"
"KENNEDY","2016-08-21","","42.27391304"
"KENNEDY","2016-08-20","","67.45833333"
"KENNEDY","2016-08-19","","72.51666667"
"KENNEDY","2016-08-18","","50.12916667"
"KENNEDY","2016-08-17","","55.5625"
"KENNEDY","2016-08-16","","48.23043478"
"KENNEDY","2016-08-15","","35.07083333"
"KENNEDY","2016-08-14","","52.29166667"
"KENNEDY","2016-08-13","","50.75833333"
"KENNEDY","2016-08-12","","70.125"
"KENNEDY","2016-08-11","","48.325"
"KENNEDY","2016-08-10","","42.50833333"
"KENNEDY","2016-08-09","","47.14347826"
"KENNEDY","2016-08-08","","56.82083333"
"KENNEDY","2016-08-07","","47.25416667"
"KENNEDY","2016-08-06","","62.52083333"
"KENNEDY","2016-08-05","","72.13913043"
"KENNEDY","2016-08-04","","46.57083333"
"KENNEDY","2016-08-03","","45.50416667"
"KENNEDY","2016-08-02","","42.92916667"
"KENNEDY","2016-08-01","","55.9"
"KENNEDY","2016-07-31","","52.2875"
"KENNEDY","2016-07-30","","62.42916667"
"KENNEDY","2016-07-29","","47.87083333"
"KENNEDY","2016-07-28","","42.56666667"
"KENNEDY","2016-07-27","","52.57391304"
"KENNEDY","2016-07-26","","61.68333333"
"KENNEDY","2016-07-25","","50.34166667"
"KENNEDY","2016-07-24","","61.975"
"KENNEDY","2016-07-23","","51.4375"
"KENNEDY","2016-07-22","","52.825"
"KENNEDY","2016-07-21","","50.81363636"
"KENNEDY","2016-07-20","","30.55652174"
"KENNEDY","2016-07-19","","50.35416667"
"KENNEDY","2016-07-18","","43.43913043"
"KENNEDY","2016-07-17","","39.90833333"
"KENNEDY","2016-07-16","","58.51666667"
"KENNEDY","2016-07-15","","52.86956522"
"KENNEDY","2016-07-14","","66.35833333"
"KENNEDY","2016-07-13","","52.20416667"
"KENNEDY","2016-07-12","","57.6"
"KENNEDY","2016-07-11","","50.30416667"
"KENNEDY","2016-07-10","","28.10434783"
"KENNEDY","2016-07-09","","32.63333333"
"KENNEDY","2016-07-08","","35.13636364"
"KENNEDY","2016-07-07","","33.9625"
"KENNEDY","2016-07-06","","32.97083333"
"KENNEDY","2016-07-05","","34.62916667"
"KENNEDY","2016-07-04","","28.00833333"
"KENNEDY","2016-07-03","","30.31363636"
"KENNEDY","2016-07-02","","35.77083333"
"KENNEDY","2016-07-01","","29.82916667"
"KENNEDY","2016-06-30","","32.71666667"
"KENNEDY","2016-06-29","","27.54782609"
"KENNEDY","2016-06-28","","42.00416667"
"KENNEDY","2016-06-27","","43.98636364"
"KENNEDY","2016-06-26","","32.85833333"
"KENNEDY","2016-06-25","","46.77391304"
"KENNEDY","2016-06-24","","39.17272727"
"KENNEDY","2016-06-23","","42.5"
"KENNEDY","2016-06-22","","42.56521739"
"KENNEDY","2016-06-21","","37.26521739"
"KENNEDY","2016-06-20","","33.27826087"
"KENNEDY","2016-06-19","","33.56956522"
"KENNEDY","2016-06-18","","43.575"
"KENNEDY","2016-06-17","","44.61304348"
"KENNEDY","2016-06-16","","40.14166667"
"KENNEDY","2016-06-15","","41.77083333"
"KENNEDY","2016-06-14","","43.3125"
"KENNEDY","2016-06-13","","40.46086957"
"KENNEDY","2016-06-12","","43.59583333"
"KENNEDY","2016-06-11","","46.65416667"
"KENNEDY","2016-06-10","","48.54583333"
"KENNEDY","2016-06-09","","42.35"
"KENNEDY","2016-06-08","","52.47083333"
"KENNEDY","2016-06-07","","67.52916667"
"KENNEDY","2016-06-06","","54.39166667"
"KENNEDY","2016-06-05","","70.84583333"
"KENNEDY","2016-06-04","","83.65833333"
"KENNEDY","2016-06-03","","66.2375"
"KENNEDY","2016-06-02","","49.95416667"
"KENNEDY","2016-06-01","","56.4125"
"KENNEDY","2016-05-31","","55.76086957"
"KENNEDY","2016-05-30","","56.05"
"KENNEDY","2016-05-29","","37.09166667"
"KENNEDY","2016-05-28","","43.45"
"KENNEDY","2016-05-27","","69.325"
"KENNEDY","2016-05-26","","59.19047619"
"KENNEDY","2016-05-25","","57.7"
"KENNEDY","2016-05-24","","40.94166667"
"KENNEDY","2016-05-23","","38.46086957"
"KENNEDY","2016-05-22","","36.0"
"KENNEDY","2016-05-21","","54.39047619"
"KENNEDY","2016-05-20","","45.62380952"
"KENNEDY","2016-05-19","","45.92916667"
"KENNEDY","2016-05-18","","51.2125"
"KENNEDY","2016-05-17","","41.5173913"
"KENNEDY","2016-05-16","","46.1"
"KENNEDY","2016-05-15","","37.01666667"
"KENNEDY","2016-05-14","","59.29583333"
"KENNEDY","2016-05-13","","73.14166667"
"KENNEDY","2016-05-12","","66.34166667"
"KENNEDY","2016-05-11","","77.92916667"
"KENNEDY","2016-05-10","","55.9625"
"KENNEDY","2016-05-09","","35.84583333"
"KENNEDY","2016-05-08","","56.2875"
"KENNEDY","2016-05-07","","54.54166667"
"KENNEDY","2016-05-06","","69.06666667"
"KENNEDY","2016-05-05","","71.17916667"
"KENNEDY","2016-05-04","","72.13333333"
"KENNEDY","2016-05-03","","74.35"
"KENNEDY","2016-05-02","","58.70833333"
"KENNEDY","2016-05-01","","43.5375"
"KENNEDY","2016-04-30","","51.39583333"
"KENNEDY","2016-04-29","","59.32173913"
"KENNEDY","2016-04-28","","55.7125"
"KENNEDY","2016-04-27","","75.02916667"
"KENNEDY","2016-04-26","","81.2"
"KENNEDY","2016-04-25","","71.52916667"
"KENNEDY","2016-04-24","","45.12608696"
"KENNEDY","2016-04-23","","63.96666667"
"KENNEDY","2016-04-22","","55.70416667"
"KENNEDY","2016-04-21","","73.35"
"KENNEDY","2016-04-20","","85.65"
"KENNEDY","2016-04-19","","73.09545455"
"KENNEDY","2016-04-18","","50.24166667"
"KENNEDY","2016-04-17","","41.16666667"
"KENNEDY","2016-04-16","","66.5875"
"KENNEDY","2016-04-15","","72.55"
"KENNEDY","2016-04-14","","81.1"
"KENNEDY","2016-04-13","","64.60434783"
"KENNEDY","2016-04-12","","57.39130435"
"KENNEDY","2016-04-11","","62.47083333"
"KENNEDY","2016-04-10","","51.40416667"
"KENNEDY","2016-04-09","","59.3375"
"KENNEDY","2016-04-08","","74.32083333"
"KENNEDY","2016-04-07","","79.1625"
"KENNEDY","2016-04-06","","62.12083333"
"KENNEDY","2016-04-05","","70.40416667"
"KENNEDY","2016-04-04","","56.24782609"
"KENNEDY","2016-04-03","","60.5125"
"KENNEDY","2016-04-02","","55.07391304"
"KENNEDY","2016-04-01","","79.33913043"
"KENNEDY","2016-03-31","","66.10434783"
"KENNEDY","2016-03-30","","82.69166667"
"KENNEDY","2016-03-29","","89.85833333"
"KENNEDY","2016-03-28","","87.3"
"KENNEDY","2016-03-27","","67.87083333"
"KENNEDY","2016-03-26","","59.64347826"
"KENNEDY","2016-03-25","","51.17083333"
"KENNEDY","2016-03-24","","61.66666667"
"KENNEDY","2016-03-23","","62.01666667"
"KENNEDY","2016-03-22","","82.17777778"
"KENNEDY","2016-03-21","","45.38695652"
"KENNEDY","2016-03-20","","47.43636364"
"KENNEDY","2016-03-19","","51.3125"
"KENNEDY","2016-03-18","","60.11666667"
"KENNEDY","2016-03-17","","55.87916667"
"KENNEDY","2016-03-16","","64.925"
"KENNEDY","2016-03-15","","67.7952381"
"KENNEDY","2016-03-14","","70.1"
"KENNEDY","2016-02-18","","99.35384615"
"KENNEDY","2016-02-17","","96.88333333"
"KENNEDY","2016-02-16","","65.99583333"
"KENNEDY","2016-02-15","","57.80833333"
"KENNEDY","2016-02-14","","59.72916667"
"KENNEDY","2016-02-13","","65.53333333"
"KENNEDY","2016-02-12","","62.7625"
"KENNEDY","2016-02-11","","60.6375"
"KENNEDY","2016-02-10","","54.95"
"KENNEDY","2016-02-09","","55.05"
"KENNEDY","2016-02-08","","48.33333333"
"KENNEDY","2016-02-07","","63.975"
"KENNEDY","2016-02-06","","79.475"
"KENNEDY","2016-02-05","","90.33333333"
"KENNEDY","2016-02-04","","92.82083333"
"KENNEDY","2016-02-03","","114.4"
"KENNEDY","2016-02-02","","109.70833333"
"KENNEDY","2016-02-01","","91.425"
"KENNEDY","2016-01-31","","90.21666667"
"KENNEDY","2016-01-30","","102.30416667"
"KENNEDY","2016-01-29","","107.9875"
"KENNEDY","2016-01-28","","108.57916667"
"KENNEDY","2016-01-27","","78.4625"
"KENNEDY","2016-01-26","","108.69166667"
"KENNEDY","2016-01-25","","87.3"
"KENNEDY","2016-01-24","","82.45"
"KENNEDY","2016-01-23","","105.47083333"
"KENNEDY","2016-01-22","","108.17916667"
"KENNEDY","2016-01-21","","111.4875"
"KENNEDY","2016-01-20","","110.83043478"
"KENNEDY","2016-01-19","","98.8625"
"KENNEDY","2016-01-18","","96.2375"
"KENNEDY","2016-01-17","","86.925"
"KENNEDY","2016-01-16","","89.3125"
"KENNEDY","2016-01-15","","102.6"
"KENNEDY","2016-01-14","","101.48333333"
"KENNEDY","2016-01-13","","84.17916667"
"KENNEDY","2016-01-12","","73.98571429"
"KENNEDY","2016-01-09","","75.69473684"
"KENNEDY","2016-01-08","","60.73478261"
"KENNEDY","2016-01-07","","76.3375"
"KENNEDY","2016-01-06","","64.8625"
"KENNEDY","2016-01-05","","77.4125"
"KENNEDY","2016-01-04","","59.50833333"
"KENNEDY","2016-01-03","","41.05217391"
"KENNEDY","2016-01-02","","29.93043478"
"KENNEDY","2016-01-01","","32.92608696"
"KENNEDY","2015-12-31","","31.47826087"
"KENNEDY","2015-12-30","","44.29166667"
"KENNEDY","2015-12-29","","43.54166667"
"KENNEDY","2015-12-28","","49.875"
"KENNEDY","2015-12-27","","52.25"
"KENNEDY","2015-12-26","","34.04166667"
"KENNEDY","2015-12-25","","46.625"
"KENNEDY","2015-12-24","","51.29166667"
"KENNEDY","2015-12-23","","54.54166667"
"KENNEDY","2015-12-22","","46.0"
"KENNEDY","2015-12-21","","45.04166667"
"KENNEDY","2015-12-20","","35.70833333"
"KENNEDY","2015-12-19","","42.29166667"
"KENNEDY","2015-12-18","","57.33333333"
"KENNEDY","2015-12-17","","65.66666667"
"KENNEDY","2015-12-16","","67.58333333"
"KENNEDY","2015-12-15","","78.5"
"KENNEDY","2015-12-14","","72.29166667"
"KENNEDY","2015-12-13","","62.79166667"
"KENNEDY","2015-12-12","","71.66666667"
"KENNEDY","2015-12-11","","62.91666667"
"KENNEDY","2015-12-10","","62.125"
"KENNEDY","2015-12-09","","72.08333333"
"KENNEDY","2015-12-08","","71.875"
"KENNEDY","2015-12-07","","78.66666667"
"KENNEDY","2015-12-06","","55.75"
"KENNEDY","2015-12-05","","66.0"
"KENNEDY","2015-12-04","","53.66666667"
"KENNEDY","2015-12-03","","60.25"
"KENNEDY","2015-12-02","","46.875"
"KENNEDY","2015-12-01","","46.33333333"
"KENNEDY","2015-11-30","","48.33333333"
"KENNEDY","2015-11-29","","53.04166667"
"KENNEDY","2015-11-28","","83.83333333"
"KENNEDY","2015-11-27","","77.125"
"KENNEDY","2015-11-26","","70.625"
"KENNEDY","2015-11-25","","69.5"
"KENNEDY","2015-11-24","","70.125"
"KENNEDY","2015-11-23","","68.125"
"KENNEDY","2015-11-22","","50.08333333"
"KENNEDY","2015-11-21","","62.625"
"KENNEDY","2015-11-20","","86.79166667"
"KENNEDY","2015-11-19","","67.125"
"KENNEDY","2015-11-18","","57.30434783"
"KENNEDY","2015-11-17","","50.375"
"KENNEDY","2015-11-16","","36.125"
"KENNEDY","2015-11-15","","32.95833333"
"KENNEDY","2015-11-14","","41.375"
"KENNEDY","2015-11-13","","64.33333333"
"KENNEDY","2015-11-12","","77.04166667"
"KENNEDY","2015-11-11","","61.0"
"KENNEDY","2015-11-10","","60.7826087"
"KENNEDY","2015-11-09","","61.83333333"
"KENNEDY","2015-11-08","","41.45833333"
"KENNEDY","2015-11-07","","38.08333333"
"KENNEDY","2015-11-06","","63.625"
"KENNEDY","2015-11-05","","63.125"
"KENNEDY","2015-11-04","","83.45833333"
"KENNEDY","2015-11-03","","75.29166667"
"KENNEDY","2015-11-02","","46.125"
"KENNEDY","2015-11-01","","36.58333333"
"KENNEDY","2015-10-31","","100.5"
"KENNEDY","2015-10-30","","98.375"
"KENNEDY","2015-10-29","","88.17391304"
"KENNEDY","2015-10-28","","76.83333333"
"KENNEDY","2015-10-27","","57.08333333"
"KENNEDY","2015-10-26","","50.95833333"
"KENNEDY","2015-10-25","","41.41666667"
"KENNEDY","2015-10-24","","81.375"
"KENNEDY","2015-10-23","","75.29166667"
"KENNEDY","2015-10-22","","100.0"
"KENNEDY","2015-10-21","","80.79166667"
"KENNEDY","2015-10-20","","79.29166667"
"KENNEDY","2015-10-19","","87.625"
"KENNEDY","2015-10-18","","54.375"
"KENNEDY","2015-10-17","","67.29166667"
"KENNEDY","2015-10-16","","64.25"
"KENNEDY","2015-10-15","","64.54166667"
"KENNEDY","2015-10-14","","67.95833333"
"KENNEDY","2015-10-13","","77.25"
"KENNEDY","2015-10-12","","67.25"
"KENNEDY","2015-10-11","","80.16666667"
"KENNEDY","2015-10-10","","101.08333333"
"KENNEDY","2015-10-09","","87.20833333"
"KENNEDY","2015-10-08","","77.0"
"KENNEDY","2015-10-07","","86.29166667"
"KENNEDY","2015-10-06","","75.66666667"
"KENNEDY","2015-10-05","","56.04166667"
"KENNEDY","2015-10-04","","47.54166667"
"KENNEDY","2015-10-03","","55.83333333"
"KENNEDY","2015-10-02","","80.56521739"
"KENNEDY","2015-10-01","","77.79166667"
"KENNEDY","2015-09-30","","99.375"
"KENNEDY","2015-09-29","","84.08333333"
"KENNEDY","2015-09-28","","80.95833333"
"KENNEDY","2015-09-27","","65.83333333"
"KENNEDY","2015-09-26","","86.625"
"KENNEDY","2015-09-25","","88.04166667"
"KENNEDY","2015-09-24","","93.625"
"KENNEDY","2015-09-23","","69.75"
"KENNEDY","2015-09-22","","70.125"
"KENNEDY","2015-09-21","","58.54166667"
"KENNEDY","2015-09-20","","42.25"
"KENNEDY","2015-09-19","","79.625"
"KENNEDY","2015-09-18","","79.75"
"KENNEDY","2015-09-17","","125.20833333"
"KENNEDY","2015-09-16","","102.91666667"
"KENNEDY","2015-09-15","","79.04347826"
"KENNEDY","2015-09-14","","54.33333333"
"KENNEDY","2015-09-13","","48.875"
"KENNEDY","2015-09-12","","62.83333333"
"KENNEDY","2015-09-11","","48.66666667"
"KENNEDY","2015-09-10","","53.0"
"KENNEDY","2015-09-09","","51.83333333"
"KENNEDY","2015-09-08","","64.54166667"
"KENNEDY","2015-09-07","","51.08333333"
"KENNEDY","2015-09-06","","39.91666667"
"KENNEDY","2015-09-05","","69.875"
"KENNEDY","2015-09-04","","91.0"
"KENNEDY","2015-09-03","","81.58333333"
"KENNEDY","2015-09-02","","86.08695652"
"KENNEDY","2015-09-01","","57.66666667"
"KENNEDY","2015-08-31","","45.70833333"
"KENNEDY","2015-08-30","","46.625"
"KENNEDY","2015-08-29","","52.33333333"
"KENNEDY","2015-08-28","","54.08333333"
"KENNEDY","2015-08-27","","90.2"
"KENNEDY","2015-08-26","","76.125"
"KENNEDY","2015-08-25","","58.54166667"
"KENNEDY","2015-08-24","","51.83333333"
"KENNEDY","2015-08-23","","67.0"
"KENNEDY","2015-08-22","","74.5"
"KENNEDY","2015-08-21","","65.75"
"KENNEDY","2015-08-20","","52.25"
"KENNEDY","2015-08-19","","63.95833333"
"KENNEDY","2015-08-18","","48.83333333"
"KENNEDY","2015-08-17","","38.20833333"
"KENNEDY","2015-08-16","","34.91666667"
"KENNEDY","2015-08-15","","40.125"
"KENNEDY","2015-08-14","","55.04166667"
"KENNEDY","2015-08-13","","66.41666667"
"KENNEDY","2015-08-12","","56.625"
"KENNEDY","2015-08-11","","53.08333333"
"KENNEDY","2015-08-10","","65.16666667"
"KENNEDY","2015-08-09","","44.0"
"KENNEDY","2015-08-08","","47.91666667"
"KENNEDY","2015-08-07","","49.125"
"KENNEDY","2015-08-06","","52.0"
"KENNEDY","2015-08-05","","51.25"
"KENNEDY","2015-08-04","","48.29166667"
"KENNEDY","2015-08-03","","52.95833333"
"KENNEDY","2015-08-02","","37.25"
"KENNEDY","2015-08-01","","68.20833333"
"KENNEDY","2015-07-31","","49.45833333"
"KENNEDY","2015-07-30","","44.63636364"
"KENNEDY","2015-07-29","","43.41666667"
"KENNEDY","2015-07-28","","48.66666667"
"KENNEDY","2015-07-27","","40.70833333"
"KENNEDY","2015-07-26","","39.91666667"
"KENNEDY","2015-07-25","","48.70833333"
"KENNEDY","2015-07-24","","63.04166667"
"KENNEDY","2015-07-23","","50.625"
"KENNEDY","2015-07-22","","49.83333333"
"KENNEDY","2015-07-21","","52.08333333"
"KENNEDY","2015-07-20","","39.25"
"KENNEDY","2015-07-19","","43.20833333"
"KENNEDY","2015-07-18","","49.25"
"KENNEDY","2015-07-17","","47.33333333"
"KENNEDY","2015-07-16","","66.08333333"
"KENNEDY","2015-07-15","","48.375"
"KENNEDY","2015-07-14","","72.0"
"KENNEDY","2015-07-13","","76.04166667"
"KENNEDY","2015-07-12","","34.41666667"
"KENNEDY","2015-07-11","","46.0"
"KENNEDY","2015-07-10","","55.58333333"
"KENNEDY","2015-07-09","","79.95833333"
"KENNEDY","2015-07-08","","64.625"
"KENNEDY","2015-07-07","","76.5"
"KENNEDY","2015-07-06","","56.29166667"
"KENNEDY","2015-07-05","","34.0"
"KENNEDY","2015-07-04","","41.41666667"
"KENNEDY","2015-07-03","","63.5"
"KENNEDY","2015-07-02","","54.83333333"
"KENNEDY","2015-07-01","","57.45833333"
"KENNEDY","2015-06-30","","83.9375"
"KENNEDY","2015-06-29","","43.54166667"
"KENNEDY","2015-06-28","","28.79166667"
"KENNEDY","2015-06-27","","32.54166667"
"KENNEDY","2015-06-26","","34.39130435"
"KENNEDY","2015-06-25","","38.29166667"
"KENNEDY","2015-06-24","","39.20833333"
"KENNEDY","2015-06-23","","35.625"
"KENNEDY","2015-06-22","","39.79166667"
"KENNEDY","2015-06-21","","43.08333333"
"KENNEDY","2015-06-20","","49.70833333"
"KENNEDY","2015-06-19","","42.54166667"
"KENNEDY","2015-06-18","","46.16666667"
"KENNEDY","2015-06-17","","45.25"
"KENNEDY","2015-06-16","","54.04545455"
"KENNEDY","2015-06-15","","40.79166667"
"KENNEDY","2015-06-14","","49.66666667"
"KENNEDY","2015-06-13","","53.20833333"
"KENNEDY","2015-06-12","","65.16666667"
"KENNEDY","2015-06-11","","55.0"
"KENNEDY","2015-06-10","","59.66666667"
"KENNEDY","2015-06-09","","62.86363636"
"KENNEDY","2015-06-08","","38.5"
"KENNEDY","2015-06-07","","60.91666667"
"KENNEDY","2015-06-06","","49.20833333"
"KENNEDY","2015-06-05","","55.0"
"KENNEDY","2015-06-04","","53.20833333"
"KENNEDY","2015-06-03","","57.58333333"
"KENNEDY","2015-06-02","","57.5"
"KENNEDY","2015-06-01","","46.54166667"
"KENNEDY","2015-05-31","","48.0"
"KENNEDY","2015-05-30","","74.0"
"KENNEDY","2015-05-29","","63.625"
"KENNEDY","2015-05-28","","61.125"
"KENNEDY","2015-05-27","","72.375"
"KENNEDY","2015-05-26","","56.20833333"
"KENNEDY","2015-05-25","","54.83333333"
"KENNEDY","2015-05-24","","51.58333333"
"KENNEDY","2015-05-23","","53.13043478"
"KENNEDY","2015-05-22","","64.66666667"
"KENNEDY","2015-05-21","","65.31818182"
"KENNEDY","2015-05-20","","55.66666667"
"KENNEDY","2015-05-19","","52.41666667"
"KENNEDY","2015-05-18","","36.41666667"
"KENNEDY","2015-05-17","","43.0"
"KENNEDY","2015-05-16","","53.58333333"
"KENNEDY","2015-05-15","","56.58333333"
"KENNEDY","2015-05-14","","61.75"
"KENNEDY","2015-05-13","","68.66666667"
"KENNEDY","2015-05-12","","74.5"
"KENNEDY","2015-05-11","","68.56521739"
"KENNEDY","2015-05-10","","57.79166667"
"KENNEDY","2015-05-09","","56.16666667"
"KENNEDY","2015-05-08","","66.375"
"KENNEDY","2015-05-07","","89.91666667"
"KENNEDY","2015-05-06","","105.79166667"
"KENNEDY","2015-05-05","","121.29166667"
"KENNEDY","2015-05-04","","103.125"
"KENNEDY","2015-05-03","","90.08333333"
"KENNEDY","2015-05-02","","136.33333333"
"KENNEDY","2015-05-01","","102.20833333"
"KENNEDY","2015-04-30","","91.04166667"
"KENNEDY","2015-04-29","","75.79166667"
"KENNEDY","2015-04-28","","54.70833333"
"KENNEDY","2015-04-27","","57.125"
"KENNEDY","2015-04-26","","46.16666667"
"KENNEDY","2015-04-25","","65.29166667"
"KENNEDY","2015-04-24","","83.18181818"
"KENNEDY","2015-04-23","","80.5"
"KENNEDY","2015-04-22","","85.91666667"
"KENNEDY","2015-04-21","","67.5"
"KENNEDY","2015-04-20","","69.16666667"
"KENNEDY","2015-04-19","","56.91666667"
"KENNEDY","2015-04-18","","63.375"
"KENNEDY","2015-04-17","","56.58333333"
"KENNEDY","2015-04-16","","63.33333333"
"KENNEDY","2015-04-15","","66.41666667"
"KENNEDY","2015-04-14","","69.83333333"
"KENNEDY","2015-04-13","","55.95833333"
"KENNEDY","2015-04-12","","46.0"
"KENNEDY","2015-04-11","","69.625"
"KENNEDY","2015-04-10","","89.04166667"
"KENNEDY","2015-04-09","","70.375"
"KENNEDY","2015-04-08","","80.41666667"
"KENNEDY","2015-04-07","","84.58333333"
"KENNEDY","2015-04-06","","79.29166667"
"KENNEDY","2015-04-05","","57.79166667"
"KENNEDY","2015-04-04","","45.04166667"
"KENNEDY","2015-04-03","","39.25"
"KENNEDY","2015-04-02","","73.29166667"
"KENNEDY","2015-04-01","","82.0"
"KENNEDY","2015-03-31","","98.375"
"KENNEDY","2015-03-30","","78.45833333"
"KENNEDY","2015-03-29","","62.79166667"
"KENNEDY","2015-03-28","","122.16666667"
"KENNEDY","2015-03-27","","105.29166667"
"KENNEDY","2015-03-26","","102.04166667"
"KENNEDY","2015-03-25","","110.66666667"
"KENNEDY","2015-03-24","","100.95833333"
"KENNEDY","2015-03-23","","71.95833333"
"KENNEDY","2015-03-22","","84.33333333"
"KENNEDY","2015-03-21","","54.5"
"KENNEDY","2015-03-20","","61.95833333"
"KENNEDY","2015-03-19","","87.5"
"KENNEDY","2015-03-18","","78.41666667"
"KENNEDY","2015-03-17","","103.5"
"KENNEDY","2015-03-16","","83.375"
"KENNEDY","2015-03-15","","85.75"
"KENNEDY","2015-03-14","","76.75"
"KENNEDY","2015-03-13","","84.91666667"
"KENNEDY","2015-03-12","","101.0"
"KENNEDY","2015-03-11","","75.79166667"
"KENNEDY","2015-03-10","","64.33333333"
"KENNEDY","2015-03-09","","71.43478261"
"KENNEDY","2015-03-08","","60.91666667"
"KENNEDY","2015-03-07","","61.70833333"
"KENNEDY","2015-03-06","","83.95833333"
"KENNEDY","2015-03-05","","89.0"
"KENNEDY","2015-03-04","","78.40909091"
"KENNEDY","2015-03-03","","78.41666667"
"KENNEDY","2015-03-02","","82.95833333"
"KENNEDY","2015-03-01","","75.625"
"KENNEDY","2015-02-28","","65.91666667"
"KENNEDY","2015-02-27","","92.79166667"
"KENNEDY","2015-02-26","","109.29166667"
"KENNEDY","2015-02-25","","94.70833333"
"KENNEDY","2015-02-24","","151.91666667"
"KENNEDY","2015-02-23","","114.58333333"
"KENNEDY","2015-02-22","","88.0"
"KENNEDY","2015-02-21","","133.75"
"KENNEDY","2015-02-20","","116.04166667"
"KENNEDY","2015-02-19","","107.5"
"KENNEDY","2015-02-18","","144.29166667"
"KENNEDY","2015-02-17","","119.16666667"
"KENNEDY","2015-02-16","","107.66666667"
"KENNEDY","2015-02-15","","69.41666667"
"KENNEDY","2015-02-14","","73.66666667"
"KENNEDY","2015-02-13","","79.23809524"
"KENNEDY","2015-02-12","","97.08333333"
"KENNEDY","2015-02-11","","101.875"
"KENNEDY","2015-02-10","","111.54166667"
"KENNEDY","2015-02-09","","67.45833333"
"KENNEDY","2015-02-08","","60.95833333"
"KENNEDY","2015-02-07","","108.54166667"
"KENNEDY","2015-02-06","","116.41666667"
"KENNEDY","2015-02-05","","77.33333333"
"KENNEDY","2015-02-04","","66.5"
"KENNEDY","2015-02-03","","56.83333333"
"KENNEDY","2015-02-02","","53.625"
"KENNEDY","2015-02-01","","40.66666667"
"KENNEDY","2015-01-31","","56.75"
"KENNEDY","2015-01-30","","111.0"
"KENNEDY","2015-01-29","","92.875"
"KENNEDY","2015-01-28","","88.95833333"
"KENNEDY","2015-01-27","","96.16666667"
"KENNEDY","2015-01-26","","92.20833333"
"KENNEDY","2015-01-25","","71.29166667"
"KENNEDY","2015-01-24","","89.08333333"
"KENNEDY","2015-01-23","","95.16666667"
"KENNEDY","2015-01-22","","90.5"
"KENNEDY","2015-01-21","","73.08333333"
"KENNEDY","2015-01-20","","65.0"
"KENNEDY","2015-01-19","","61.25"
"KENNEDY","2015-01-18","","50.33333333"
"KENNEDY","2015-01-17","","81.16666667"
"KENNEDY","2015-01-16","","79.95833333"
"KENNEDY","2015-01-15","","75.83333333"
"KENNEDY","2015-01-14","","71.25"
"KENNEDY","2015-01-13","","68.79166667"
"KENNEDY","2015-01-12","","33.20833333"
"KENNEDY","2015-01-11","","36.91666667"
"KENNEDY","2015-01-10","","54.5"
"KENNEDY","2015-01-09","","41.16666667"
"KENNEDY","2015-01-08","","53.70833333"
"KENNEDY","2015-01-07","","43.79166667"
"KENNEDY","2015-01-06","","61.25"
"KENNEDY","2015-01-05","","35.54166667"
"KENNEDY","2015-01-04","","28.79166667"
"KENNEDY","2015-01-03","","42.91666667"
"KENNEDY","2015-01-02","","34.5"
"KENNEDY","2015-01-01","","41.33333333"
"KENNEDY","2014-12-31","","44.19444445"
"KENNEDY","2014-12-30","","58.86111112"
"KENNEDY","2014-12-29","","60.62121213"
"KENNEDY","2014-12-28","","44.82638889"
"KENNEDY","2014-12-27","","59.5625"
"KENNEDY","2014-12-26","","46.65277778"
"KENNEDY","2014-12-25","","74.58333333"
"KENNEDY","2014-12-24","","79.05555556"
"KENNEDY","2014-12-23","","75.31944445"
"KENNEDY","2014-12-22","","64.95833333"
"KENNEDY","2014-12-21","","71.64583333"
"KENNEDY","2014-12-20","","73.2986111"
"KENNEDY","2014-12-19","","102.73611111"
"KENNEDY","2014-12-18","","109.52777777"
"KENNEDY","2014-12-17","","105.67361111"
"KENNEDY","2014-12-16","","83.64583333"
"KENNEDY","2014-12-15","","84.34027778"
"KENNEDY","2014-12-14","","46.69444444"
"KENNEDY","2014-12-13","","102.28472222"
"KENNEDY","2014-12-12","","61.67361112"
"KENNEDY","2014-12-11","","52.26388889"
"KENNEDY","2014-12-10","","55.72916667"
"KENNEDY","2014-12-09","","53.77083333"
"KENNEDY","2014-12-08","","77.76388889"
"KENNEDY","2014-12-07","","85.63888888"
"KENNEDY","2014-12-06","","73.61805555"
"KENNEDY","2014-12-05","","85.61805555"
"KENNEDY","2014-12-04","","99.63194445"
"KENNEDY","2014-12-03","","59.13194444"
"KENNEDY","2014-12-02","","55.3125"
"KENNEDY","2014-12-01","","52.50694445"
"KENNEDY","2014-11-30","","41.03472223"
"KENNEDY","2014-11-29","","56.16666666"
"KENNEDY","2014-11-28","","68.63194445"
"KENNEDY","2014-11-27","","89.8125"
"KENNEDY","2014-11-26","","78.70833333"
"KENNEDY","2014-11-25","","62.51388889"
"KENNEDY","2014-11-24","","52.58333333"
"KENNEDY","2014-11-23","","43.76388888"
"KENNEDY","2014-11-22","","76.27777779"
"KENNEDY","2014-11-21","","55.93750001"
"KENNEDY","2014-11-20","","63.96527777"
"KENNEDY","2014-11-19","","56.42361112"
"KENNEDY","2014-11-18","","74.22222222"
"KENNEDY","2014-11-17","","31.65277778"
"KENNEDY","2014-11-16","","42.11805555"
"KENNEDY","2014-11-15","","76.0486111"
"KENNEDY","2014-11-14","","45.91666666"
"KENNEDY","2014-11-13","","67.31944445"
"KENNEDY","2014-11-12","","54.98611111"
"KENNEDY","2014-11-11","","41.02777776"
"KENNEDY","2014-11-10","","46.80757576"
"KENNEDY","2014-11-09","","42.47222222"
"KENNEDY","2014-11-08","","75.40277778"
"KENNEDY","2014-11-07","","77.91304348"
"KENNEDY","2014-11-06","","110.2936508"
"KENNEDY","2014-11-05","","61.41666667"
"KENNEDY","2014-11-04","","91.81250001"
"KENNEDY","2014-11-03","","52.80555555"
"KENNEDY","2014-11-02","","58.11111112"
"KENNEDY","2014-11-01","","65.04166666"
"KENNEDY","2014-10-31","","73.48611111"
"KENNEDY","2014-10-30","","93.81250001"
"KENNEDY","2014-10-29","","102.5763889"
"KENNEDY","2014-10-28","","95.70138889"
"KENNEDY","2014-10-27","","54.45138888"
"KENNEDY","2014-10-26","","35.71527778"
"KENNEDY","2014-10-25","","73.91014493"
"KENNEDY","2014-10-24","","100.63492064"
"KENNEDY","2014-10-23","","68.54861112"
"KENNEDY","2014-10-22","","46.85714286"
"KENNEDY","2014-10-21","","59.375"
"KENNEDY","2014-10-20","","66.08333334"
"KENNEDY","2014-10-19","","36.09722223"
"KENNEDY","2014-10-18","","65.13888889"
"KENNEDY","2014-10-17","","49.03055556"
"KENNEDY","2014-10-16","","62.71527778"
"KENNEDY","2014-10-15","","47.25"
"KENNEDY","2014-10-14","","47.35606061"
"KENNEDY","2014-10-13","","28.08333333"
"KENNEDY","2014-10-12","","35.94444445"
"KENNEDY","2014-10-11","","50.29861111"
"KENNEDY","2014-10-10","","85.02083333"
"KENNEDY","2014-10-09","","56.22916667"
"KENNEDY","2014-10-08","","78.2638889"
"KENNEDY","2014-10-07","","67.19444445"
"KENNEDY","2014-10-06","","51.54861111"
"KENNEDY","2014-10-05","","54.14583333"
"KENNEDY","2014-10-04","","65.3263889"
"KENNEDY","2014-10-03","","50.30555556"
"KENNEDY","2014-10-02","","43.57638889"
"KENNEDY","2014-10-01","","42.9513889"
"KENNEDY","2014-09-30","","65.63194445"
"KENNEDY","2014-09-29","","48.98611112"
"KENNEDY","2014-09-28","","36.34722223"
"KENNEDY","2014-09-27","","56.91666667"
"KENNEDY","2014-09-26","","78.10416667"
"KENNEDY","2014-09-25","","77.91304349"
"KENNEDY","2014-09-24","","63.45138888"
"KENNEDY","2014-09-23","","52.42361112"
"KENNEDY","2014-09-22","","54.86944445"
"KENNEDY","2014-09-21","","34.47916668"
"KENNEDY","2014-09-20","","45.0625"
"KENNEDY","2014-09-19","","58.01388889"
"KENNEDY","2014-09-18","","56.81250001"
"KENNEDY","2014-09-17","","75.5625"
"KENNEDY","2014-09-16","","61.13194445"
"KENNEDY","2014-09-15","","51.40972222"
"KENNEDY","2014-09-14","","29.67361111"
"KENNEDY","2014-09-13","","42.84027778"
"KENNEDY","2014-09-12","","57.33333333"
"KENNEDY","2014-09-11","","61.60416667"
"KENNEDY","2014-09-10","","82.41805556"
"KENNEDY","2014-09-09","","63.71527778"
"KENNEDY","2014-09-08","","49.36805556"
"KENNEDY","2014-09-07","","38.75694445"
"KENNEDY","2014-09-06","","56.44444444"
"KENNEDY","2014-09-05","","66.23611111"
"KENNEDY","2014-09-04","","49.20833333"
"KENNEDY","2014-09-03","","92.35000001"
"KENNEDY","2014-09-02","","90.09027778"
"KENNEDY","2014-09-01","","47.375"
"KENNEDY","2014-08-31","","45.90000001"
"KENNEDY","2014-08-30","","74.56944445"
"KENNEDY","2014-08-29","","58.13333333"
"KENNEDY","2014-08-28","","70.87121212"
"KENNEDY","2014-08-27","","57.9236111"
"KENNEDY","2014-08-26","","50.64583334"
"KENNEDY","2014-08-25","","52.18055556"
"KENNEDY","2014-08-24","","62.52631579"
"KENNEDY","2014-08-23","","81.04861112"
"KENNEDY","2014-08-22","","84.58333334"
"KENNEDY","2014-08-21","","84.15277778"
"KENNEDY","2014-08-20","","77.83333334"
"KENNEDY","2014-08-19","","56.63194445"
"KENNEDY","2014-08-18","","29.13636362"
"KENNEDY","2014-08-17","","35.86805556"
"KENNEDY","2014-08-16","","44.75694445"
"KENNEDY","2014-08-15","","44.47222223"
"KENNEDY","2014-08-14","","44.82638889"
"KENNEDY","2014-08-13","","48.91666666"
"KENNEDY","2014-08-12","","56.4375"
"KENNEDY","2014-08-11","","54.97916667"
"KENNEDY","2014-08-10","","45.61805555"
"KENNEDY","2014-08-09","","48.74999999"
"KENNEDY","2014-08-08","","53.66944444"
"KENNEDY","2014-08-07","","40.28472223"
"KENNEDY","2014-08-06","","45.95833333"
"KENNEDY","2014-08-05","","74.02083333"
"KENNEDY","2014-08-04","","78.18055555"
"KENNEDY","2014-08-03","","52.10416666"
"KENNEDY","2014-08-02","","48.21527778"
"KENNEDY","2014-08-01","","55.12878788"
"KENNEDY","2014-07-31","","58.84027777"
"KENNEDY","2014-07-30","","46.53174603"
"KENNEDY","2014-07-29","","49.16666667"
"KENNEDY","2014-07-28","","45.07142857"
"KENNEDY","2014-07-19","","34.66666667"
"KENNEDY","2014-07-18","","36.20833333"
"KENNEDY","2014-07-17","","43.57638889"
"KENNEDY","2014-07-16","","38.78472222"
"KENNEDY","2014-07-15","","42.83333333"
"KENNEDY","2014-07-14","","38.08333333"
"KENNEDY","2014-07-08","","40.38235294"
"KENNEDY","2014-07-07","","39.33333334"
"KENNEDY","2014-07-04","","82.83333333"
"KENNEDY","2014-07-03","","55.29166667"
"KENNEDY","2014-07-02","","38.83333333"
"KENNEDY","2014-07-01","","43.54166667"
"KENNEDY","2014-06-30","","35.05555555"
"KENNEDY","2014-06-29","","28.44444445"
"KENNEDY","2014-06-28","","78.15277778"
"KENNEDY","2014-06-27","","162.25000001"
"KENNEDY","2014-06-26","","79.20138888"
"KENNEDY","2014-06-25","","45.22916668"
"KENNEDY","2014-06-24","","40.52272728"
"KENNEDY","2014-06-23","","29.76190476"
"KENNEDY","2014-06-22","","29.42361111"
"KENNEDY","2014-06-21","","45.09722221"
"KENNEDY","2014-06-20","","38.59722223"
"KENNEDY","2014-06-19","","33.43181818"
"KENNEDY","2014-06-18","","46.47916666"
"KENNEDY","2014-06-17","","39.14583333"
"KENNEDY","2014-06-16","","32.57638889"
"KENNEDY","2014-06-15","","27.10416666"
"KENNEDY","2014-06-14","","37.24305556"
"KENNEDY","2014-06-13","","52.625"
"KENNEDY","2014-06-12","","54.43055556"
"KENNEDY","2014-06-11","","59.71527777"
"KENNEDY","2014-06-10","","53.04861111"
"KENNEDY","2014-06-09","","53.87878786"
"KENNEDY","2014-06-08","","38.97222223"
"KENNEDY","2014-06-07","","35.95138889"
"KENNEDY","2014-06-06","","51.68181819"
"KENNEDY","2014-06-05","","52.67424243"
"KENNEDY","2014-06-04","","56.40972222"
"KENNEDY","2014-06-03","","65.33333334"
"KENNEDY","2014-06-02","","31.97222221"
"KENNEDY","2014-06-01","","31.86805554"
"KENNEDY","2014-05-31","","42.8888889"
"KENNEDY","2014-05-30","","81.44444445"
"KENNEDY","2014-05-29","","63.15277778"
"KENNEDY","2014-05-28","","77.19444445"
"KENNEDY","2014-05-27","","77.6875"
"KENNEDY","2014-05-26","","105.91666668"
"KENNEDY","2014-05-25","","67.875"
"KENNEDY","2014-05-24","","84.75"
"KENNEDY","2014-05-23","","77.21052632"
"KENNEDY","2014-05-22","","67.6590909"
"KENNEDY","2014-05-21","","129.0"
"KENNEDY","2014-05-20","","70.625"
"KENNEDY","2014-05-19","","74.86111112"
"KENNEDY","2014-05-18","","56.71527778"
"KENNEDY","2014-05-17","","116.79166667"
"KENNEDY","2014-05-16","","94.43055556"
"KENNEDY","2014-05-15","","105.53472222"
"KENNEDY","2014-05-14","","68.15972222"
"KENNEDY","2014-05-13","","83.76388889"
"KENNEDY","2014-05-12","","97.68181818"
"KENNEDY","2014-05-11","","45.95833333"
"KENNEDY","2014-05-10","","59.25694445"
"KENNEDY","2014-05-09","","47.83333334"
"KENNEDY","2014-05-08","","65.56249999"
"KENNEDY","2014-05-07","","81.02777777"
"KENNEDY","2014-05-06","","99.59027778"
"KENNEDY","2014-05-05","","112.5486111"
"KENNEDY","2014-05-04","","94.53472223"
"KENNEDY","2014-05-03","","80.36805555"
"KENNEDY","2014-05-02","","74.79166666"
"KENNEDY","2014-05-01","","64.71527778"
"KENNEDY","2014-04-30","","78.54166667"
"KENNEDY","2014-04-29","","60.87121212"
"KENNEDY","2014-04-28","","70.65277778"
"KENNEDY","2014-04-27","","62.125"
"KENNEDY","2014-04-26","","73.59722222"
"KENNEDY","2014-04-25","","89.90277778"
"KENNEDY","2014-04-24","","59.99305555"
"KENNEDY","2014-04-23","","84.97727272"
"KENNEDY","2014-04-22","","77.61805556"
"KENNEDY","2014-04-21","","77.79166667"
"KENNEDY","2014-04-20","","39.71527778"
"KENNEDY","2014-04-19","","42.13194444"
"KENNEDY","2014-04-18","","39.74305555"
"KENNEDY","2014-04-17","","39.09027777"
"KENNEDY","2014-04-16","","65.01388889"
"KENNEDY","2014-04-15","","84.24305555"
"KENNEDY","2014-04-14","","117.68939395"
"KENNEDY","2014-04-13","","81.95833334"
"KENNEDY","2014-04-12","","86.60416667"
"KENNEDY","2014-04-11","","91.31944445"
"KENNEDY","2014-04-10","","90.96527777"
"KENNEDY","2014-04-09","","74.49305556"
"KENNEDY","2014-04-08","","60.38888889"
"KENNEDY","2014-04-07","","53.37777779"
"KENNEDY","2014-04-06","","44.61111112"
"KENNEDY","2014-04-05","","74.67361112"
"KENNEDY","2014-04-04","","88.06944444"
"KENNEDY","2014-04-03","","94.13194445"
"KENNEDY","2014-04-02","","92.63194445"
"KENNEDY","2014-04-01","","108.38405797"
"KENNEDY","2014-03-31","","121.99305555"
"KENNEDY","2014-03-30","","113.26388888"
"KENNEDY","2014-03-29","","138.78472222"
"KENNEDY","2014-03-28","","118.09722223"
"KENNEDY","2014-03-27","","98.6875"
"KENNEDY","2014-03-26","","73.49999998"
"KENNEDY","2014-03-25","","66.95098039"
"KENNEDY","2014-03-24","","75.4375"
"KENNEDY","2014-03-23","","78.87500001"
"KENNEDY","2014-03-22","","98.94444444"
"KENNEDY","2014-03-21","","96.83333335"
"KENNEDY","2014-03-20","","73.875"
"KENNEDY","2014-03-19","","100.45277777"
"KENNEDY","2014-03-18","","106.74305555"
"KENNEDY","2014-03-17","","92.3611111"
"KENNEDY","2014-03-16","","93.25694444"
"KENNEDY","2014-03-15","","94.15277777"
"KENNEDY","2014-03-14","","95.82638889"
"KENNEDY","2014-03-13","","89.73148149"
"KENNEDY","2014-03-12","","105.52777778"
"KENNEDY","2014-03-11","","106.57407407"
"KENNEDY","2014-03-09","","56.6111111"
"KENNEDY","2014-03-08","","76.58333333"
"KENNEDY","2014-03-07","","130.59027778"
"KENNEDY","2014-03-06","","95.875"
"KENNEDY","2014-03-05","","98.13888889"
"KENNEDY","2014-03-04","","68.75694445"
"KENNEDY","2014-03-03","","77.60416667"
"KENNEDY","2014-03-02","","49.5625"
"KENNEDY","2014-03-01","","52.54166667"
"KENNEDY","2014-02-28","","69.81944445"
"KENNEDY","2014-02-27","","102.21212121"
"KENNEDY","2014-02-26","","106.83333333"
"KENNEDY","2014-02-25","","124.22916667"
"KENNEDY","2014-02-24","","98.87301587"
"KENNEDY","2014-02-23","","104.43055555"
"KENNEDY","2014-02-22","","98.6875"
"KENNEDY","2014-02-21","","87.77083333"
"KENNEDY","2014-02-20","","96.65972222"
"KENNEDY","2014-02-19","","87.41666667"
"KENNEDY","2014-02-18","","87.0375"
"KENNEDY","2014-02-17","","101.79861111"
"KENNEDY","2014-02-16","","103.30555555"
"KENNEDY","2014-02-15","","98.05555556"
"KENNEDY","2014-02-14","","118.55555555"
"KENNEDY","2014-02-13","","111.9861111"
"KENNEDY","2014-02-12","","95.29166666"
"KENNEDY","2014-02-11","","84.51388889"
"KENNEDY","2014-02-10","","81.01388889"
"KENNEDY","2014-02-09","","76.70833334"
"KENNEDY","2014-02-08","","73.9375"
"KENNEDY","2014-02-07","","125.64285714"
"KENNEDY","2014-02-06","","134.04166667"
"KENNEDY","2014-02-05","","117.53472222"
"KENNEDY","2014-02-04","","146.63888888"
"KENNEDY","2014-02-03","","116.38888889"
"KENNEDY","2014-02-02","","103.5486111"
"KENNEDY","2014-02-01","","124.375"
"KENNEDY","2014-01-31","","110.09848485"
"KENNEDY","2014-01-30","","126.72916667"
"KENNEDY","2014-01-29","","106.875"
"KENNEDY","2014-01-28","","109.46527778"
"KENNEDY","2014-01-27","","99.29166667"
"KENNEDY","2014-01-26","","71.43749999"
"KENNEDY","2014-01-25","","96.34722223"
"KENNEDY","2014-01-24","","141.5"
"KENNEDY","2014-01-23","","103.06944445"
"KENNEDY","2014-01-22","","110.81250001"
"KENNEDY","2014-01-21","","111.42361111"
"KENNEDY","2014-01-20","","74.56944445"
"KENNEDY","2014-01-19","","42.97916666"
"KENNEDY","2014-01-18","","65.88888889"
"KENNEDY","2014-01-17","","85.61111111"
"KENNEDY","2014-01-16","","116.81944444"
"KENNEDY","2014-01-15","","111.32638889"
"KENNEDY","2014-01-14","","104.52083334"
"KENNEDY","2014-01-13","","106.67361112"
"KENNEDY","2014-01-12","","102.67361111"
"KENNEDY","2014-01-11","","111.8986111"
"KENNEDY","2014-01-10","","102.30555555"
"KENNEDY","2014-01-09","","80.15277778"
"KENNEDY","2014-01-08","","58.80555556"
"KENNEDY","2014-01-07","","76.85641025"
"KENNEDY","2014-01-05","","63.75"
"KENNEDY","2014-01-04","","64.99305556"
"KENNEDY","2014-01-03","","62.33333334"
"KENNEDY","2014-01-02","","61.2"
"KENNEDY","2014-01-01","","57.42361111"
"KENNEDY","2013-12-31","","94.3"
"KENNEDY","2013-12-30","","72.58333333"
"KENNEDY","2013-12-29","","48.90277778"
"KENNEDY","2013-12-28","","64.81944444"
"KENNEDY","2013-12-27","","96.11805556"
"KENNEDY","2013-12-26","","86.78472223"
"KENNEDY","2013-12-25","","66.65972223"
"KENNEDY","2013-12-24","","84.72222223"
"KENNEDY","2013-12-23","","51.47916667"
"KENNEDY","2013-12-22","","69.84722222"
"KENNEDY","2013-12-21","","77.02777777"
"KENNEDY","2013-12-20","","85.375"
"KENNEDY","2013-12-19","","60.46969696"
"KENNEDY","2013-12-18","","83.85416667"
"KENNEDY","2013-12-17","","103.10416667"
"KENNEDY","2013-12-16","","93.88888889"
"KENNEDY","2013-12-15","","89.42361111"
"KENNEDY","2013-12-14","","91.72222223"
"KENNEDY","2013-12-13","","89.43749999"
"KENNEDY","2013-12-12","","90.625"
"KENNEDY","2013-12-11","","108.0625"
"KENNEDY","2013-12-10","","80.24305556"
"KENNEDY","2013-12-09","","64.64583334"
"KENNEDY","2013-12-08","","66.54861112"
"KENNEDY","2013-12-07","","97.69444445"
"KENNEDY","2013-12-06","","86.6875"
"KENNEDY","2013-12-05","","78.09027778"
"KENNEDY","2013-12-04","","87.99305556"
"KENNEDY","2013-12-03","","83.5"
"KENNEDY","2013-12-02","","57.17361112"
"KENNEDY","2013-12-01","","51.60416668"
"KENNEDY","2013-11-30","","89.33333334"
"KENNEDY","2013-11-29","","93.04861111"
"KENNEDY","2013-11-28","","82.27083334"
"KENNEDY","2013-11-27","","78.71527778"
"KENNEDY","2013-11-26","","86.2463768"
"KENNEDY","2013-11-25","","55.60416667"
"KENNEDY","2013-11-24","","71.50694445"
"KENNEDY","2013-11-23","","103.76388889"
"KENNEDY","2013-11-22","","103.625"
"KENNEDY","2013-11-21","","92.52083333"
"KENNEDY","2013-11-20","","87.68055555"
"KENNEDY","2013-11-19","","96.1875"
"KENNEDY","2013-11-18","","117.06249999"
"KENNEDY","2013-11-17","","120.08333333"
"KENNEDY","2013-11-16","","87.75"
"KENNEDY","2013-11-15","","59.82638889"
"KENNEDY","2013-11-14","","105.66666668"
"KENNEDY","2013-11-13","","107.34722222"
"KENNEDY","2013-11-12","","86.66666667"
"KENNEDY","2013-11-11","","62.6875"
"KENNEDY","2013-11-10","","62.08333333"
"KENNEDY","2013-11-09","","106.625"
"KENNEDY","2013-11-08","","75.39583333"
"KENNEDY","2013-11-07","","68.95138889"
"KENNEDY","2013-11-06","","88.45833333"
"KENNEDY","2013-11-05","","66.50694444"
"KENNEDY","2013-11-04","","38.3125"
"KENNEDY","2013-11-03","","70.0486111"
"KENNEDY","2013-11-02","","93.77083334"
"KENNEDY","2013-11-01","","60.09722222"
"KENNEDY","2013-10-31","","55.81944445"
"KENNEDY","2013-10-30","","85.34722222"
"KENNEDY","2013-10-29","","91.09027778"
"KENNEDY","2013-10-28","","83.36111113"
"KENNEDY","2013-10-25","","71.96666666"
"KENNEDY","2013-10-24","","81.22916667"
"KENNEDY","2013-10-23","","112.0625"
"KENNEDY","2013-10-22","","82.45833333"
"KENNEDY","2013-10-21","","79.88888889"
"KENNEDY","2013-10-20","","98.02777778"
"KENNEDY","2013-10-19","","89.98611111"
"KENNEDY","2013-10-18","","116.44444444"
"KENNEDY","2013-10-17","","58.40972221"
"KENNEDY","2013-10-16","","90.41666667"
"KENNEDY","2013-10-15","","104.12500001"
"KENNEDY","2013-10-14","","62.1875"
"KENNEDY","2013-10-13","","59.29166667"
"KENNEDY","2013-10-12","","95.1875"
"KENNEDY","2013-10-11","","97.45833334"
"KENNEDY","2013-10-10","","105.49999999"
"KENNEDY","2013-10-09","","83.68750001"
"KENNEDY","2013-10-08","","58.22222223"
"KENNEDY","2013-10-07","","79.34722222"
"KENNEDY","2013-10-06","","64.04861111"
"KENNEDY","2013-10-05","","72.63888889"
"KENNEDY","2013-10-04","","62.38194445"
"KENNEDY","2013-10-03","","80.77083334"
"KENNEDY","2013-10-02","","70.04861111"
"KENNEDY","2013-10-01","","126.13194444"
"KENNEDY","2013-09-30","","65.0"
"KENNEDY","2013-09-29","","54.15972223"
"KENNEDY","2013-09-28","","72.68749999"
"KENNEDY","2013-09-27","","67.6388889"
"KENNEDY","2013-09-26","","77.99305555"
"KENNEDY","2013-09-25","","58.13194445"
"KENNEDY","2013-09-24","","61.91666665"
"KENNEDY","2013-09-23","","54.34027778"
"KENNEDY","2013-09-22","","56.40277778"
"KENNEDY","2013-09-21","","99.47916666"
"KENNEDY","2013-09-20","","67.17424242"
"KENNEDY","2013-09-19","","51.66666667"
"KENNEDY","2013-09-18","","67.35416667"
"KENNEDY","2013-09-17","","84.72916668"
"KENNEDY","2013-09-16","","56.90277778"
"KENNEDY","2013-09-15","","51.52777777"
"KENNEDY","2013-09-14","","75.11805555"
"KENNEDY","2013-09-13","","106.03472223"
"KENNEDY","2013-09-12","","115.41666667"
"KENNEDY","2013-09-11","","93.21527777"
"KENNEDY","2013-09-10","","78.16666668"
"KENNEDY","2013-09-09","","63.4513889"
"KENNEDY","2013-09-08","","51.01388889"
"KENNEDY","2013-09-07","","81.0"
"KENNEDY","2013-09-06","","65.38888889"
"KENNEDY","2013-09-05","","91.16666667"
"KENNEDY","2013-09-04","","130.69444445"
"KENNEDY","2013-09-03","","130.8125"
"KENNEDY","2013-09-02","","113.40972223"
"KENNEDY","2013-09-01","","53.875"
"KENNEDY","2013-08-31","","57.625"
"KENNEDY","2013-08-30","","62.68181818"
"KENNEDY","2013-08-29","","43.125"
"KENNEDY","2013-08-28","","49.30701754"
"KENNEDY","2013-08-27","","56.01587301"
"KENNEDY","2013-08-26","","51.6969697"
"KENNEDY","2013-08-25","","51.75694444"
"KENNEDY","2013-08-24","","84.05555555"
"KENNEDY","2013-08-23","","79.38888889"
"KENNEDY","2013-08-22","","55.20833333"
"KENNEDY","2013-08-21","","50.33333333"
"KENNEDY","2013-08-20","","44.34722222"
"KENNEDY","2013-08-19","","35.86111111"
"KENNEDY","2013-08-18","","34.875"
"KENNEDY","2013-08-17","","50.26388889"
"KENNEDY","2013-08-16","","46.29166667"
"KENNEDY","2013-08-15","","41.61805555"
"KENNEDY","2013-08-14","","52.46212121"
"KENNEDY","2013-08-13","","64.22222222"
"KENNEDY","2013-08-12","","63.34027778"
"KENNEDY","2013-08-11","","51.6736111"
"KENNEDY","2013-08-10","","84.97222222"
"KENNEDY","2013-08-09","","91.56944445"
"KENNEDY","2013-08-08","","72.79545455"
"KENNEDY","2013-08-07","","74.61805555"
"KENNEDY","2013-08-06","","85.52083332"
"KENNEDY","2013-08-05","","59.51388889"
"KENNEDY","2013-08-04","","52.04166667"
"KENNEDY","2013-08-03","","47.36805555"
"KENNEDY","2013-08-02","","44.3611111"
"KENNEDY","2013-08-01","","58.83333333"
"KENNEDY","2013-07-31","","48.81944445"
"KENNEDY","2013-07-30","","54.3888889"
"KENNEDY","2013-07-29","","34.70833332"
"KENNEDY","2013-07-28","","27.09722222"
"KENNEDY","2013-07-27","","39.71527778"
"KENNEDY","2013-07-26","","39.78571429"
"KENNEDY","2013-07-25","","44.84027778"
"KENNEDY","2013-07-24","","47.98484849"
"KENNEDY","2013-07-23","","52.78787879"
"KENNEDY","2013-07-22","","46.42361111"
"KENNEDY","2013-07-21","","29.93055555"
"KENNEDY","2013-07-20","","59.02083333"
"KENNEDY","2013-07-19","","54.04166666"
"KENNEDY","2013-07-18","","40.80555555"
"KENNEDY","2013-07-17","","38.97222223"
"KENNEDY","2013-07-16","","37.69444445"
"KENNEDY","2013-07-15","","41.52083334"
"KENNEDY","2013-07-14","","63.90277777"
"KENNEDY","2013-07-13","","67.45833333"
"KENNEDY","2013-07-12","","64.40972223"
"KENNEDY","2013-07-11","","55.45833333"
"KENNEDY","2013-07-10","","41.65151515"
"KENNEDY","2013-07-09","","48.88194445"
"KENNEDY","2013-07-08","","45.11805555"
"KENNEDY","2013-07-07","","38.125"
"KENNEDY","2013-07-06","","42.26811594"
"KENNEDY","2013-07-05","","68.68055556"
"KENNEDY","2013-07-04","","97.9236111"
"KENNEDY","2013-07-03","","92.86111111"
"KENNEDY","2013-07-02","","59.47916666"
"KENNEDY","2013-07-01","","38.90972223"
"KENNEDY","2013-06-30","","66.52777778"
"KENNEDY","2013-06-29","","110.00694445"
"KENNEDY","2013-06-28","","58.95833334"
"KENNEDY","2013-06-27","","94.09722222"
"KENNEDY","2013-06-26","","68.93055555"
"KENNEDY","2013-06-25","","75.38888888"
"KENNEDY","2013-06-24","","42.4861111"
"KENNEDY","2013-06-23","","51.95138889"
"KENNEDY","2013-06-22","","61.15972222"
"KENNEDY","2013-06-21","","60.45833333"
"KENNEDY","2013-06-20","","43.32638888"
"KENNEDY","2013-06-19","","42.84027777"
"KENNEDY","2013-06-18","","57.84027778"
"KENNEDY","2013-06-17","","64.24305555"
"KENNEDY","2013-06-16","","41.43055555"
"KENNEDY","2013-06-15","","59.63888889"
"KENNEDY","2013-06-14","","63.39583333"
"KENNEDY","2013-06-13","","68.86805555"
"KENNEDY","2013-06-12","","47.95833333"
"KENNEDY","2013-06-11","","50.61111111"
"KENNEDY","2013-06-10","","35.38888889"
"KENNEDY","2013-06-09","","35.30555555"
"KENNEDY","2013-06-08","","39.5"
"KENNEDY","2013-06-07","","48.16666667"
"KENNEDY","2013-06-06","","68.20833333"
"KENNEDY","2013-06-05","","54.35416667"
"KENNEDY","2013-06-04","","44.72916667"
"KENNEDY","2013-06-03","","32.61904761"
"KENNEDY","2013-06-02","","50.73611111"
"KENNEDY","2013-06-01","","84.05072463"
"KENNEDY","2013-05-31","","52.97826088"
"KENNEDY","2013-05-30","","112.09027778"
"KENNEDY","2013-05-29","","108.87878788"
"KENNEDY","2013-05-28","","71.36805557"
"KENNEDY","2013-05-27","","82.10416666"
"KENNEDY","2013-05-26","","56.97916667"
"KENNEDY","2013-05-25","","71.63888889"
"KENNEDY","2013-05-24","","52.49305555"
"KENNEDY","2013-05-23","","59.38194445"
"KENNEDY","2013-05-22","","50.57638889"
"KENNEDY","2013-05-21","","41.70833333"
"KENNEDY","2013-05-20","","49.00694445"
"KENNEDY","2013-05-19","","38.40277777"
"KENNEDY","2013-05-18","","62.84722223"
"KENNEDY","2013-05-17","","50.94444445"
"KENNEDY","2013-05-16","","73.11111111"
"KENNEDY","2013-05-15","","62.68055555"
"KENNEDY","2013-05-14","","51.28472222"
"KENNEDY","2013-05-13","","53.76984127"
"KENNEDY","2013-05-12","","65.46875"
"KENNEDY","2013-05-11","","78.65277778"
"KENNEDY","2013-05-10","","61.28472223"
"KENNEDY","2013-05-09","","52.70833333"
"KENNEDY","2013-05-08","","58.15277778"
"KENNEDY","2013-05-07","","71.88194445"
"KENNEDY","2013-05-06","","54.48611111"
"KENNEDY","2013-05-05","","46.90277778"
"KENNEDY","2013-05-04","","86.49305555"
"KENNEDY","2013-05-03","","58.90972223"
"KENNEDY","2013-05-02","","57.36111112"
"KENNEDY","2013-05-01","","54.52083333"
"KENNEDY","2013-04-30","","60.64583333"
"KENNEDY","2013-04-29","","57.0"
"KENNEDY","2013-04-28","","66.39583334"
"KENNEDY","2013-04-27","","81.97916667"
"KENNEDY","2013-04-26","","75.02777778"
"KENNEDY","2013-04-25","","63.63888889"
"KENNEDY","2013-04-24","","62.35833333"
"KENNEDY","2013-04-20","","58.46666667"
"KENNEDY","2013-04-19","","53.97916667"
"KENNEDY","2013-04-18","","64.11805556"
"KENNEDY","2013-04-17","","65.38194445"
"KENNEDY","2013-04-16","","51.93055555"
"KENNEDY","2013-04-15","","46.78947368"
"KENNEDY","2013-04-14","","48.61904763"
"KENNEDY","2013-04-13","","72.02222223"
"KENNEDY","2013-04-12","","91.49305555"
"KENNEDY","2013-04-11","","104.36805555"
"KENNEDY","2013-04-10","","94.90277778"
"KENNEDY","2013-04-09","","80.65277777"
"KENNEDY","2013-04-08","","83.5625"
"KENNEDY","2013-04-07","","74.99305555"
"KENNEDY","2013-04-06","","106.20138888"
"KENNEDY","2013-04-05","","109.28472223"
"KENNEDY","2013-04-04","","104.375"
"KENNEDY","2013-04-03","","108.86805555"
"KENNEDY","2013-04-02","","77.27083333"
"KENNEDY","2013-04-01","","60.00694445"
"KENNEDY","2013-03-31","","34.13888889"
"KENNEDY","2013-03-30","","38.73611111"
"KENNEDY","2013-03-29","","48.42361112"
"KENNEDY","2013-03-28","","64.6875"
"KENNEDY","2013-03-27","","79.27777778"
"KENNEDY","2013-03-26","","74.26388889"
"KENNEDY","2013-03-25","","67.97222223"
"KENNEDY","2013-03-24","","72.10416667"
"KENNEDY","2013-03-23","","94.40972222"
"KENNEDY","2013-03-22","","56.75"
"KENNEDY","2013-03-21","","62.55555555"
"KENNEDY","2013-03-20","","91.77777778"
"KENNEDY","2013-03-19","","65.79861112"
"KENNEDY","2013-03-18","","86.0"
"KENNEDY","2013-03-17","","61.79861112"
"KENNEDY","2013-03-16","","105.45833334"
"KENNEDY","2013-03-15","","79.66666667"
"KENNEDY","2013-03-14","","102.01388889"
"KENNEDY","2013-03-13","","85.83333334"
"KENNEDY","2013-03-12","","92.0625"
"KENNEDY","2013-03-11","","93.73611111"
"KENNEDY","2013-03-10","","68.0138889"
"KENNEDY","2013-03-09","","64.22222222"
"KENNEDY","2013-03-08","","82.84722222"
"KENNEDY","2013-03-07","","87.74305556"
"KENNEDY","2013-03-06","","72.0625"
"KENNEDY","2013-03-05","","58.45138889"
"KENNEDY","2013-03-04","","77.875"
"KENNEDY","2013-03-03","","74.16666667"
"KENNEDY","2013-03-02","","58.84027778"
"KENNEDY","2013-03-01","","49.70833333"
"KENNEDY","2013-02-28","","56.88888889"
"KENNEDY","2013-02-27","","62.17361111"
"KENNEDY","2013-02-26","","71.72222222"
"KENNEDY","2013-02-25","","74.1875"
"KENNEDY","2013-02-24","","58.14583333"
"KENNEDY","2013-02-23","","81.33333334"
"KENNEDY","2013-02-22","","67.04861111"
"KENNEDY","2013-02-21","","58.84722221"
"KENNEDY","2013-02-20","","77.30434783"
"KENNEDY","2013-02-19","","74.10416667"
"KENNEDY","2013-02-18","","64.5625"
"KENNEDY","2013-02-17","","78.36805556"
"KENNEDY","2013-02-16","","93.29861112"
"KENNEDY","2013-02-15","","90.51388888"
"KENNEDY","2013-02-14","","88.23611111"
"KENNEDY","2013-02-13","","72.49305555"
"KENNEDY","2013-02-12","","74.34722223"
"KENNEDY","2013-02-11","","75.61805557"
"KENNEDY","2013-02-10","","52.11111111"
"KENNEDY","2013-02-09","","44.40277778"
"KENNEDY","2013-02-08","","70.48611112"
"KENNEDY","2013-02-07","","90.70138888"
"KENNEDY","2013-02-06","","78.47222222"
"KENNEDY","2013-02-05","","74.2986111"
"KENNEDY","2013-02-04","","87.09027778"
"KENNEDY","2013-02-03","","97.89583333"
"KENNEDY","2013-02-02","","76.23611112"
"KENNEDY","2013-02-01","","83.51388889"
"KENNEDY","2013-01-31","","82.32638888"
"KENNEDY","2013-01-30","","104.625"
"KENNEDY","2013-01-29","","102.40972223"
"KENNEDY","2013-01-28","","74.92361112"
"KENNEDY","2013-01-27","","89.36805555"
"KENNEDY","2013-01-26","","87.21527778"
"KENNEDY","2013-01-25","","87.79166668"
"KENNEDY","2013-01-24","","108.0"
"KENNEDY","2013-01-23","","95.60416666"
"KENNEDY","2013-01-22","","92.85416667"
"KENNEDY","2013-01-21","","66.5"
"KENNEDY","2013-01-20","","72.49999999"
"KENNEDY","2013-01-19","","80.74305556"
"KENNEDY","2013-01-18","","70.61111111"
"KENNEDY","2013-01-17","","105.03174602"
"KENNEDY","2013-01-16","","115.86111111"
"KENNEDY","2013-01-15","","93.42361112"
"KENNEDY","2013-01-14","","86.22222223"
"KENNEDY","2013-01-13","","101.33333333"
"KENNEDY","2013-01-12","","92.05555556"
"KENNEDY","2013-01-11","","106.97916666"
"KENNEDY","2013-01-10","","66.0763889"
"KENNEDY","2013-01-09","","66.22916667"
"KENNEDY","2013-01-08","","59.47916666"
"KENNEDY","2013-01-07","","44.68055555"
"KENNEDY","2013-01-06","","49.73611112"
"KENNEDY","2013-01-05","","55.29861111"
"KENNEDY","2013-01-04","","62.80555555"
"KENNEDY","2013-01-03","","65.46527778"
"KENNEDY","2013-01-02","","45.74999998"
"KENNEDY","2013-01-01","","57.0763889"
"KENNEDY","2012-12-31","","45.5"
"KENNEDY","2012-12-30","","39.05555556"
"KENNEDY","2012-12-29","","64.45833333"
"KENNEDY","2012-12-28","","63.6111111"
"KENNEDY","2012-12-27","","37.0942029"
"KENNEDY","2012-12-26","","56.41666666"
"KENNEDY","2012-12-25","","93.84027778"
"KENNEDY","2012-12-24","","68.94444444"
"KENNEDY","2012-12-23","","49.34027779"
"KENNEDY","2012-12-22","","97.55555555"
"KENNEDY","2012-12-21","","99.58333333"
"KENNEDY","2012-12-20","","84.11111111"
"KENNEDY","2012-12-19","","87.45138889"
"KENNEDY","2012-12-18","","75.15873015"
"KENNEDY","2012-12-17","","77.07638889"
"KENNEDY","2012-12-16","","80.35416666"
"KENNEDY","2012-12-15","","64.38888889"
"KENNEDY","2012-12-14","","62.28571429"
"KENNEDY","2012-12-13","","75.9375"
"KENNEDY","2012-12-12","","104.60606061"
"KENNEDY","2012-12-11","","96.81944445"
"KENNEDY","2012-12-10","","84.02777778"
"KENNEDY","2012-12-09","","55.95138889"
"KENNEDY","2012-12-08","","99.06944445"
"KENNEDY","2012-12-07","","109.7638889"
"KENNEDY","2012-12-06","","82.15972222"
"KENNEDY","2012-12-05","","82.88194445"
"KENNEDY","2012-12-04","","90.95138889"
"KENNEDY","2012-12-03","","66.78985508"
"KENNEDY","2012-12-02","","62.86111112"
"KENNEDY","2012-12-01","","79.88194444"
"KENNEDY","2012-11-30","","60.61666666"
"KENNEDY","2012-11-28","","150.1111111"
"KENNEDY","2012-11-27","","96.86805556"
"KENNEDY","2012-11-26","","60.1111111"
"KENNEDY","2012-11-25","","87.09027778"
"KENNEDY","2012-11-24","","129.93181819"
"KENNEDY","2012-11-23","","101.38194445"
"KENNEDY","2012-11-22","","149.34027778"
"KENNEDY","2012-11-21","","121.44444444"
"KENNEDY","2012-11-20","","116.61805555"
"KENNEDY","2012-11-19","","100.25"
"KENNEDY","2012-11-18","","74.50000001"
"KENNEDY","2012-11-17","","60.80555556"
"KENNEDY","2012-11-16","","108.38194444"
"KENNEDY","2012-11-15","","98.90972222"
"KENNEDY","2012-11-14","","107.53472221"
"KENNEDY","2012-11-13","","87.70138889"
"KENNEDY","2012-11-12","","75.05555556"
"KENNEDY","2012-11-11","","80.16666666"
"KENNEDY","2012-11-10","","107.75"
"KENNEDY","2012-11-09","","90.86111112"
"KENNEDY","2012-11-08","","79.4375"
"KENNEDY","2012-11-07","","101.70833333"
"KENNEDY","2012-11-06","","79.66666667"
"KENNEDY","2012-11-05","","46.68055555"
"KENNEDY","2012-11-04","","81.03472222"
"KENNEDY","2012-11-03","","96.30555555"
"KENNEDY","2012-11-02","","111.34027778"
"KENNEDY","2012-11-01","","86.15972223"
"KENNEDY","2012-10-31","","101.27083333"
"KENNEDY","2012-10-30","","92.7361111"
"KENNEDY","2012-10-29","","91.97916666"
"KENNEDY","2012-10-28","","60.75694445"
"KENNEDY","2012-10-27","","74.66666667"
"KENNEDY","2012-10-26","","110.09027777"
"KENNEDY","2012-10-25","","84.15972222"
"KENNEDY","2012-10-24","","68.64583335"
"KENNEDY","2012-10-23","","65.71212122"
"KENNEDY","2012-10-20","","44.03030303"
"KENNEDY","2012-10-19","","54.18055556"
"KENNEDY","2012-10-18","","44.52083333"
"KENNEDY","2012-10-17","","51.4375"
"KENNEDY","2012-10-16","","68.86111111"
"KENNEDY","2012-10-15","","82.38888889"
"KENNEDY","2012-10-14","","95.13888888"
"KENNEDY","2012-10-13","","73.93055555"
"KENNEDY","2012-10-12","","102.08333333"
"KENNEDY","2012-10-11","","117.16666667"
"KENNEDY","2012-10-10","","109.71527778"
"KENNEDY","2012-10-09","","78.69444444"
"KENNEDY","2012-10-08","","44.61805555"
"KENNEDY","2012-10-07","","45.13888889"
"KENNEDY","2012-10-06","","52.35416667"
"KENNEDY","2012-10-05","","70.19444444"
"KENNEDY","2012-10-04","","77.61111111"
"KENNEDY","2012-10-03","","88.38194445"
"KENNEDY","2012-10-02","","72.94444445"
"KENNEDY","2012-10-01","","57.71527778"
"KENNEDY","2012-09-30","","37.40277778"
"KENNEDY","2012-09-29","","61.52777778"
"KENNEDY","2012-09-28","","81.31944445"
"KENNEDY","2012-09-27","","59.31249999"
"KENNEDY","2012-09-26","","50.0"
"KENNEDY","2012-09-25","","63.98611111"
"KENNEDY","2012-09-24","","95.47916668"
"KENNEDY","2012-09-23","","69.82638888"
"KENNEDY","2012-09-22","","55.72916668"
"KENNEDY","2012-09-21","","66.4375"
"KENNEDY","2012-09-20","","80.08333333"
"KENNEDY","2012-09-19","","100.97222223"
"KENNEDY","2012-09-18","","91.46212121"
"KENNEDY","2012-09-17","","56.40277777"
"KENNEDY","2012-09-16","","66.10416667"
"KENNEDY","2012-09-15","","77.4861111"
"KENNEDY","2012-09-14","","88.84722222"
"KENNEDY","2012-09-13","","66.38194443"
"KENNEDY","2012-09-12","","79.13194445"
"KENNEDY","2012-09-11","","49.47916666"
"KENNEDY","2012-09-10","","42.18055554"
"KENNEDY","2012-09-09","","32.31944445"
"KENNEDY","2012-09-08","","53.74305555"
"KENNEDY","2012-09-07","","60.82638888"
"KENNEDY","2012-09-06","","50.69444443"
"KENNEDY","2012-09-05","","50.3125"
"KENNEDY","2012-09-04","","59.4513889"
"KENNEDY","2012-09-03","","44.04545455"
"KENNEDY","2012-08-29","","41.13636364"
"KENNEDY","2012-08-28","","58.52777778"
"KENNEDY","2012-08-27","","59.73809523"
"KENNEDY","2012-08-13","","64.0"
"KENNEDY","2012-08-12","","59.65277778"
"KENNEDY","2012-08-11","","55.27083334"
"KENNEDY","2012-08-10","","44.79861111"
"KENNEDY","2012-08-09","","44.70833332"
"KENNEDY","2012-08-08","","49.64814814"
"KENNEDY","2012-08-04","","56.30833333"
"KENNEDY","2012-08-03","","61.31481481"
"KENNEDY","2012-08-02","","55.94871794"
"KENNEDY","2012-08-01","","43.28472222"
"KENNEDY","2012-07-31","","41.47916667"
"KENNEDY","2012-07-30","","45.79710145"
"KENNEDY","2012-07-29","","38.31060605"
"KENNEDY","2012-07-28","","37.69444444"
"KENNEDY","2012-07-27","","40.55555555"
"KENNEDY","2012-07-26","","51.13888888"
"KENNEDY","2012-07-25","","57.64583334"
"KENNEDY","2012-07-24","","42.50694444"
"KENNEDY","2012-07-23","","45.49242425"
"KENNEDY","2012-07-22","","32.40972222"
"KENNEDY","2012-07-21","","36.38194445"
"KENNEDY","2012-07-20","","35.38194445"
"KENNEDY","2012-07-19","","44.18055555"
"KENNEDY","2012-07-18","","41.29166668"
"KENNEDY","2012-07-17","","47.51388889"
"KENNEDY","2012-07-16","","64.2013889"
"KENNEDY","2012-07-15","","43.85416666"
"KENNEDY","2012-07-14","","46.65277778"
"KENNEDY","2012-07-13","","61.52083334"
"KENNEDY","2012-07-12","","58.57638888"
"KENNEDY","2012-07-11","","50.22916667"
"KENNEDY","2012-07-10","","45.69444445"
"KENNEDY","2012-07-09","","37.44444444"
"KENNEDY","2012-07-08","","29.68181819"
"KENNEDY","2012-07-07","","38.47222223"
"KENNEDY","2012-07-06","","69.81060605"
"KENNEDY","2012-07-05","","54.20454546"
"KENNEDY","2012-07-04","","57.67361111"
"KENNEDY","2012-07-03","","48.14583333"
"KENNEDY","2012-07-02","","30.7777778"
"KENNEDY","2012-07-01","","32.12878788"
"KENNEDY","2012-06-30","","44.28472223"
"KENNEDY","2012-06-29","","65.75"
"KENNEDY","2012-06-28","","36.41666666"
"KENNEDY","2012-06-27","","38.47222222"
"KENNEDY","2012-06-26","","37.34722223"
"KENNEDY","2012-06-25","","44.82575759"
"KENNEDY","2012-06-24","","52.225"
"KENNEDY","2012-06-23","","84.36111111"
"KENNEDY","2012-06-22","","61.8560606"
"KENNEDY","2012-06-21","","45.50694444"
"KENNEDY","2012-06-20","","64.1111111"
"KENNEDY","2012-06-19","","64.0486111"
"KENNEDY","2012-06-18","","42.34027778"
"KENNEDY","2012-06-17","","65.93055555"
"KENNEDY","2012-06-16","","49.86805555"
"KENNEDY","2012-06-15","","48.65277778"
"KENNEDY","2012-06-14","","55.01515151"
"KENNEDY","2012-06-13","","52.20833333"
"KENNEDY","2012-06-12","","37.7986111"
"KENNEDY","2012-06-11","","27.28787878"
"KENNEDY","2012-06-10","","32.97916666"
"KENNEDY","2012-06-09","","43.31249999"
"KENNEDY","2012-06-08","","48.4"
"KENNEDY","2012-06-07","","32.08333335"
"KENNEDY","2012-06-06","","89.78472223"
"KENNEDY","2012-06-05","","64.6875"
"KENNEDY","2012-06-04","","93.77777779"
"KENNEDY","2012-06-03","","51.51388889"
"KENNEDY","2012-06-02","","47.01388888"
"KENNEDY","2012-06-01","","50.1388889"
"KENNEDY","2012-05-31","","60.56944443"
"KENNEDY","2012-05-30","","61.66666666"
"KENNEDY","2012-05-29","","48.20833333"
"KENNEDY","2012-05-28","","58.16666667"
"KENNEDY","2012-05-27","","50.7063492"
"KENNEDY","2012-05-26","","45.90740741"
"KENNEDY","2012-05-25","","50.04545454"
"KENNEDY","2012-05-24","","50.26388889"
"KENNEDY","2012-05-23","","58.13194445"
"KENNEDY","2012-05-22","","42.94444444"
"KENNEDY","2012-05-21","","42.59803922"
"KENNEDY","2012-05-20","","66.0"
"KENNEDY","2012-05-19","","47.97368422"
"KENNEDY","2012-05-18","","83.38194444"
"KENNEDY","2012-05-17","","58.03472222"
"KENNEDY","2012-05-16","","76.08333333"
"KENNEDY","2012-05-15","","91.98333333"
"KENNEDY","2012-05-14","","66.15151515"
"KENNEDY","2012-05-13","","39.36111111"
"KENNEDY","2012-05-12","","48.65277778"
"KENNEDY","2012-05-11","","96.96527777"
"KENNEDY","2012-05-10","","91.25694443"
"KENNEDY","2012-05-09","","95.98611111"
"KENNEDY","2012-05-08","","86.63888888"
"KENNEDY","2012-05-07","","59.35416668"
"KENNEDY","2012-05-06","","57.92361112"
"KENNEDY","2012-05-05","","62.88194445"
"KENNEDY","2012-05-04","","73.56249999"
"KENNEDY","2012-05-03","","65.40277778"
"KENNEDY","2012-05-02","","53.45138889"
"KENNEDY","2012-05-01","","40.16666666"
"KENNEDY","2012-04-30","","64.54166667"
"KENNEDY","2012-04-29","","58.45138889"
"KENNEDY","2012-04-28","","59.63194445"
"KENNEDY","2012-04-27","","67.70833333"
"KENNEDY","2012-04-26","","89.77777777"
"KENNEDY","2012-04-25","","68.15277778"
"KENNEDY","2012-04-24","","83.13888889"
"KENNEDY","2012-04-23","","89.4375"
"KENNEDY","2012-04-22","","47.31944445"
"KENNEDY","2012-04-21","","54.31944444"
"KENNEDY","2012-04-20","","101.44444445"
"KENNEDY","2012-04-19","","79.83333334"
"KENNEDY","2012-04-18","","98.99999999"
"KENNEDY","2012-04-17","","86.70138889"
"KENNEDY","2012-04-16","","61.90277778"
"KENNEDY","2012-04-15","","82.28472221"
"KENNEDY","2012-04-14","","88.21527778"
"KENNEDY","2012-04-13","","73.77777778"
"KENNEDY","2012-04-12","","41.29861111"
"KENNEDY","2012-04-11","","45.25"
"KENNEDY","2012-04-10","","53.11111111"
"KENNEDY","2012-04-09","","49.17361112"
"KENNEDY","2012-04-08","","34.84722223"
"KENNEDY","2012-04-07","","35.79861111"
"KENNEDY","2012-04-06","","54.85416667"
"KENNEDY","2012-04-05","","73.10416667"
"KENNEDY","2012-04-04","","77.72916665"
"KENNEDY","2012-04-03","","84.25"
"KENNEDY","2012-04-02","","66.95833333"
"KENNEDY","2012-04-01","","39.78472222"
"KENNEDY","2012-03-31","","46.5"
"KENNEDY","2012-03-30","","63.14814814"
"KENNEDY","2012-03-29","","74.08888889"
"KENNEDY","2012-03-28","","81.74305556"
"KENNEDY","2012-03-27","","109.42361112"
"KENNEDY","2012-03-26","","59.92361111"
"KENNEDY","2012-03-25","","51.81249999"
"KENNEDY","2012-03-24","","99.84027777"
"KENNEDY","2012-03-23","","93.09027777"
"KENNEDY","2012-03-22","","73.42361111"
"KENNEDY","2012-03-21","","95.17361112"
"KENNEDY","2012-03-20","","94.24305556"
"KENNEDY","2012-03-19","","51.11805556"
"KENNEDY","2012-03-18","","60.13194443"
"KENNEDY","2012-03-17","","49.39583334"
"KENNEDY","2012-03-16","","66.57638889"
"KENNEDY","2012-03-15","","79.95138889"
"KENNEDY","2012-03-14","","68.19696969"
"KENNEDY","2012-03-13","","67.2361111"
"KENNEDY","2012-03-12","","59.65972223"
"KENNEDY","2012-03-11","","46.02083333"
"KENNEDY","2012-03-10","","61.61111111"
"KENNEDY","2012-03-09","","72.32638889"
"KENNEDY","2012-03-08","","68.77380952"
"KENNEDY","2012-03-07","","73.56060606"
"KENNEDY","2012-03-06","","71.04444444"
"KENNEDY","2012-03-05","","61.875"
"KENNEDY","2012-03-04","","46.18055556"
"KENNEDY","2012-03-03","","54.10416668"
"KENNEDY","2012-03-02","","71.67361112"
"KENNEDY","2012-03-01","","72.50833334"
"KENNEDY","2012-02-29","","86.30555555"
"KENNEDY","2012-02-28","","79.64166667"
"KENNEDY","2012-02-27","","78.40151515"
"KENNEDY","2012-02-26","","102.77083334"
"KENNEDY","2012-02-25","","122.0"
"KENNEDY","2012-02-24","","88.3245614"
"KENNEDY","2012-02-23","","114.13888889"
"KENNEDY","2012-02-22","","100.73611111"
"KENNEDY","2012-02-21","","122.65"
"KENNEDY","2012-02-20","","102.25"
"KENNEDY","2012-02-19","","82.36363637"
"KENNEDY","2012-02-18","","133.66666667"
"KENNEDY","2012-02-17","","151.84722222"
"KENNEDY","2012-02-16","","82.63636363"
"KENNEDY","2012-02-15","","104.20833332"
"KENNEDY","2012-02-14","","88.42424242"
"KENNEDY","2012-02-13","","94.02777778"
"KENNEDY","2012-02-12","","65.69444444"
"KENNEDY","2012-02-11","","98.75694445"
"KENNEDY","2012-02-10","","115.91269841"
"KENNEDY","2012-02-09","","131.58333333"
"KENNEDY","2012-02-08","","95.92361111"
"KENNEDY","2012-02-07","","72.88888889"
"KENNEDY","2012-02-06","","54.15277779"
"KENNEDY","2012-02-05","","67.11111112"
"KENNEDY","2012-02-04","","73.59722222"
"KENNEDY","2012-02-03","","97.64999999"
"KENNEDY","2012-02-02","","130.22916666"
"KENNEDY","2012-02-01","","110.21527778"
"KENNEDY","2012-01-31","","107.5"
"KENNEDY","2012-01-30","","96.21527778"
"KENNEDY","2012-01-29","","79.63888889"
"KENNEDY","2012-01-28","","83.29166666"
"KENNEDY","2012-01-27","","68.88888888"
"KENNEDY","2012-01-24","","90.60526315"
"KENNEDY","2012-01-23","","61.47916667"
"KENNEDY","2012-01-22","","62.10416667"
"KENNEDY","2012-01-21","","83.66666666"
"KENNEDY","2012-01-20","","70.85416667"
"KENNEDY","2012-01-19","","68.625"
"KENNEDY","2012-01-18","","83.77777778"
"KENNEDY","2012-01-17","","79.68055555"
"KENNEDY","2012-01-16","","91.24305557"
"KENNEDY","2012-01-15","","65.31249999"
"KENNEDY","2012-01-14","","68.4236111"
"KENNEDY","2012-01-13","","50.04166668"
"KENNEDY","2012-01-12","","72.44444445"
"KENNEDY","2012-01-11","","104.96527777"
"KENNEDY","2012-01-10","","101.84027778"
"KENNEDY","2012-01-09","","59.10416667"
"KENNEDY","2012-01-08","","56.13194445"
"KENNEDY","2012-01-07","","79.13888889"
"KENNEDY","2012-01-06","","67.09027779"
"KENNEDY","2012-01-05","","87.13194445"
"KENNEDY","2012-01-04","","63.82638889"
"KENNEDY","2012-01-03","","89.13888889"
"KENNEDY","2012-01-02","","79.66666667"
"KENNEDY","2012-01-01","","102.97222222"
"KENNEDY","2011-12-31","","46.25694444"
"KENNEDY","2011-12-30","","61.8125"
"KENNEDY","2011-12-29","","88.24999999"
"KENNEDY","2011-12-28","","66.11805555"
"KENNEDY","2011-12-27","","63.81818182"
"KENNEDY","2011-12-26","","67.04761904"
"KENNEDY","2011-12-25","","79.20833333"
"KENNEDY","2011-12-24","","70.49305555"
"KENNEDY","2011-12-23","","85.29166667"
"KENNEDY","2011-12-22","","66.06521739"
"KENNEDY","2011-12-21","","52.8125"
"KENNEDY","2011-12-20","","75.02777778"
"KENNEDY","2011-12-19","","76.59722223"
"KENNEDY","2011-12-18","","79.16666667"
"KENNEDY","2011-12-17","","61.0138889"
"KENNEDY","2011-12-16","","68.51388888"
"KENNEDY","2011-12-15","","66.4375"
"KENNEDY","2011-12-14","","90.20138889"
"KENNEDY","2011-12-13","","91.69444444"
"KENNEDY","2011-12-12","","109.29166668"
"KENNEDY","2011-12-11","","114.0486111"
"KENNEDY","2011-12-10","","129.82638889"
"KENNEDY","2011-12-09","","109.14583333"
"KENNEDY","2011-12-08","","90.70138889"
"KENNEDY","2011-12-07","","95.05555555"
"KENNEDY","2011-12-06","","75.97916668"
"KENNEDY","2011-12-05","","67.24305555"
"KENNEDY","2011-12-04","","78.36111111"
"KENNEDY","2011-12-03","","106.15972222"
"KENNEDY","2011-12-02","","88.55555555"
"KENNEDY","2011-12-01","","59.22222222"
"KENNEDY","2011-11-30","","59.66666667"
"KENNEDY","2011-11-29","","62.06349207"
"KENNEDY","2011-11-28","","86.83333333"
"KENNEDY","2011-11-27","","90.1111111"
"KENNEDY","2011-11-26","","104.75694444"
"KENNEDY","2011-11-25","","107.58333333"
"KENNEDY","2011-11-24","","85.81944445"
"KENNEDY","2011-11-23","","74.1875"
"KENNEDY","2011-11-22","","83.5486111"
"KENNEDY","2011-11-21","","60.23611111"
"KENNEDY","2011-11-20","","47.47222223"
"KENNEDY","2011-11-19","","41.83333334"
"KENNEDY","2011-11-18","","56.31250001"
"KENNEDY","2011-11-17","","62.92753623"
"KENNEDY","2011-11-16","","81.58333333"
"KENNEDY","2011-11-15","","81.34027778"
"KENNEDY","2011-11-14","","75.97916666"
"KENNEDY","2011-11-13","","76.60416667"
"KENNEDY","2011-11-12","","64.29861111"
"KENNEDY","2011-11-11","","94.0625"
"KENNEDY","2011-11-10","","97.73611111"
"KENNEDY","2011-11-09","","68.30555555"
"KENNEDY","2011-11-08","","70.90277778"
"KENNEDY","2011-11-07","","86.96527778"
"KENNEDY","2011-11-06","","92.8888889"
"KENNEDY","2011-11-05","","127.96527778"
"KENNEDY","2011-11-04","","129.39583335"
"KENNEDY","2011-11-03","","112.77083334"
"KENNEDY","2011-11-02","","125.56944446"
"KENNEDY","2011-11-01","","131.85416666"
"KENNEDY","2011-10-31","","92.7361111"
"KENNEDY","2011-10-30","","68.13194444"
"KENNEDY","2011-10-29","","66.34722221"
"KENNEDY","2011-10-28","","83.75"
"KENNEDY","2011-10-27","","105.6875"
"KENNEDY","2011-10-26","","99.7777778"
"KENNEDY","2011-10-25","","63.84027778"
"KENNEDY","2011-10-24","","53.69444444"
"KENNEDY","2011-10-23","","87.42361111"
"KENNEDY","2011-10-22","","56.85416668"
"KENNEDY","2011-10-21","","72.90277778"
"KENNEDY","2011-10-20","","43.22916667"
"KENNEDY","2011-10-19","","46.76388889"
"KENNEDY","2011-10-18","","46.63888888"
"KENNEDY","2011-10-17","","33.38194445"
"KENNEDY","2011-10-16","","48.00694444"
"KENNEDY","2011-10-15","","43.17361111"
"KENNEDY","2011-10-14","","71.11805555"
"KENNEDY","2011-10-13","","55.58333333"
"KENNEDY","2011-10-12","","48.09027778"
"KENNEDY","2011-10-11","","66.88888889"
"KENNEDY","2011-10-10","","70.48611111"
"KENNEDY","2011-10-09","","75.77777777"
"KENNEDY","2011-10-08","","80.80555555"
"KENNEDY","2011-10-07","","86.89583333"
"KENNEDY","2011-10-06","","91.20833334"
"KENNEDY","2011-10-05","","85.3125"
"KENNEDY","2011-10-04","","78.73611111"
"KENNEDY","2011-10-03","","85.15151515"
"KENNEDY","2011-10-02","","90.59027778"
"KENNEDY","2011-10-01","","87.27083333"
"KENNEDY","2011-09-30","","80.71527777"
"KENNEDY","2011-09-29","","79.59027778"
"KENNEDY","2011-09-28","","72.88888889"
"KENNEDY","2011-09-27","","56.03703702"
"KENNEDY","2011-09-26","","23.6666667"
"KENNEDY","2011-09-25","","32.97222223"
"KENNEDY","2011-09-24","","77.26388889"
"KENNEDY","2011-09-23","","100.50694445"
"KENNEDY","2011-09-22","","68.7638889"
"KENNEDY","2011-09-21","","89.75694445"
"KENNEDY","2011-09-20","","82.95138889"
"KENNEDY","2011-09-19","","56.59722222"
"KENNEDY","2011-09-18","","57.42361111"
"KENNEDY","2011-09-17","","75.13194445"
"KENNEDY","2011-09-16","","107.0625"
"KENNEDY","2011-09-15","","51.61111111"
"KENNEDY","2011-09-14","","91.02777778"
"KENNEDY","2011-09-13","","69.22463769"
"KENNEDY","2011-09-12","","40.61805556"
"KENNEDY","2011-09-11","","40.60416666"
"KENNEDY","2011-09-10","","112.38194444"
"KENNEDY","2011-09-09","","67.24305555"
"KENNEDY","2011-09-08","","104.4236111"
"KENNEDY","2011-09-07","","83.1666667"
"KENNEDY","2011-07-25","","34.22727272"
"KENNEDY","2011-07-24","","38.85416666"
"KENNEDY","2011-07-23","","43.22916666"
"KENNEDY","2011-07-22","","56.48484848"
"KENNEDY","2011-07-21","","51.52222223"
"KENNEDY","2011-07-20","","53.86805556"
"KENNEDY","2011-07-19","","77.21014493"
"KENNEDY","2011-07-18","","62.33333333"
"KENNEDY","2011-07-17","","67.22916668"
"KENNEDY","2011-07-16","","90.72916667"
"KENNEDY","2011-07-15","","91.92857143"
"KENNEDY","2011-07-14","","110.89166668"
"KENNEDY","2011-07-13","","72.2361111"
"KENNEDY","2011-07-12","","62.20138888"
"KENNEDY","2011-07-11","","46.01388889"
"KENNEDY","2011-07-10","","40.18055555"
"KENNEDY","2011-07-09","","56.75694445"
"KENNEDY","2011-07-08","","57.6875"
"KENNEDY","2011-07-07","","48.0625"
"KENNEDY","2011-07-06","","77.86666666"
"KENNEDY","2011-07-05","","84.42424243"
"KENNEDY","2011-07-04","","41.93055557"
"KENNEDY","2011-07-03","","82.93055556"
"KENNEDY","2011-07-02","","82.20833334"
"KENNEDY","2011-07-01","","80.38888889"
"KENNEDY","2011-06-30","","89.0"
"KENNEDY","2011-06-29","","106.92361111"
"KENNEDY","2011-06-28","","78.1875"
"KENNEDY","2011-06-27","","35.84027779"
"KENNEDY","2011-06-26","","40.69444445"
"KENNEDY","2011-06-25","","62.91666667"
"KENNEDY","2011-06-24","","58.16666666"
"KENNEDY","2011-06-23","","73.76388889"
"KENNEDY","2011-06-22","","75.1736111"
"KENNEDY","2011-06-21","","85.3125"
"KENNEDY","2011-06-20","","87.13888888"
"KENNEDY","2011-06-19","","48.20138889"
"KENNEDY","2011-06-18","","60.45138889"
"KENNEDY","2011-06-17","","66.63888889"
"KENNEDY","2011-06-16","","77.45138888"
"KENNEDY","2011-06-15","","71.31944444"
"KENNEDY","2011-06-14","","49.72222223"
"KENNEDY","2011-06-13","","46.15972223"
"KENNEDY","2011-06-12","","43.95833333"
"KENNEDY","2011-06-11","","55.86805555"
"KENNEDY","2011-06-10","","96.65942029"
"KENNEDY","2011-06-09","","94.83333333"
"KENNEDY","2011-06-08","","104.63194444"
"KENNEDY","2011-06-07","","97.88194445"
"KENNEDY","2011-06-06","","72.63043477"
"KENNEDY","2011-06-05","","82.04166668"
"KENNEDY","2011-06-04","","83.95833334"
"KENNEDY","2011-06-03","","64.29166667"
"KENNEDY","2011-06-02","","87.58333333"
"KENNEDY","2011-06-01","","80.0625"
"KENNEDY","2011-05-31","","79.11111111"
"KENNEDY","2011-05-30","","67.38194445"
"KENNEDY","2011-05-29","","70.79166667"
"KENNEDY","2011-05-28","","73.34782608"
"KENNEDY","2011-05-27","","78.09722223"
"KENNEDY","2011-05-26","","84.66666667"
"KENNEDY","2011-05-25","","73.88888889"
"KENNEDY","2011-05-24","","90.34722222"
"KENNEDY","2011-05-23","","84.56521739"
"KENNEDY","2011-05-22","","89.02173913"
"KENNEDY","2011-05-21","","113.8125"
"KENNEDY","2011-05-20","","121.33333334"
"KENNEDY","2011-05-19","","65.77083334"
"KENNEDY","2011-05-18","","56.49275363"
"KENNEDY","2011-05-17","","53.90277778"
"KENNEDY","2011-05-16","","53.7361111"
"KENNEDY","2011-05-15","","70.52173912"
"KENNEDY","2011-05-14","","65.02777778"
"KENNEDY","2011-05-13","","67.48611112"
"KENNEDY","2011-05-12","","91.79861111"
"KENNEDY","2011-05-11","","85.86111111"
"KENNEDY","2011-05-10","","93.02083333"
"KENNEDY","2011-05-09","","72.95138889"
"KENNEDY","2011-05-08","","62.14393939"
"KENNEDY","2011-05-07","","83.02083335"
"KENNEDY","2011-05-06","","93.76086957"
"KENNEDY","2011-05-05","","101.13888888"
"KENNEDY","2011-05-04","","81.67460317"
"KENNEDY","2011-05-03","","66.54166667"
"KENNEDY","2011-05-02","","61.14583333"
"KENNEDY","2011-05-01","","61.0625"
"KENNEDY","2011-04-30","","115.02777778"
"KENNEDY","2011-04-29","","97.75694445"
"KENNEDY","2011-04-28","","70.59722222"
"KENNEDY","2011-04-27","","91.47101448"
"KENNEDY","2011-04-26","","84.97222222"
"KENNEDY","2011-04-25","","63.17361111"
"KENNEDY","2011-04-24","","63.53472222"
"KENNEDY","2011-04-23","","40.24305556"
"KENNEDY","2011-04-22","","27.17361112"
"KENNEDY","2011-04-21","","46.29861112"
"KENNEDY","2011-04-20","","39.54861111"
"KENNEDY","2011-04-19","","46.24166668"
"KENNEDY","2011-04-18","","79.51388889"
"KENNEDY","2011-04-17","","59.36805556"
"KENNEDY","2011-04-16","","94.57638889"
"KENNEDY","2011-04-15","","65.65972222"
"KENNEDY","2011-04-14","","98.2986111"
"KENNEDY","2011-04-13","","55.10416667"
"KENNEDY","2011-04-12","","47.48611111"
"KENNEDY","2011-04-11","","54.88888889"
"KENNEDY","2011-04-10","","45.3263889"
"KENNEDY","2011-04-09","","72.59722222"
"KENNEDY","2011-04-08","","108.70833333"
"KENNEDY","2011-04-07","","117.53472223"
"KENNEDY","2011-04-06","","90.81944445"
"KENNEDY","2011-04-05","","82.65277778"
"KENNEDY","2011-04-04","","88.31944444"
"KENNEDY","2011-04-03","","98.85507247"
"KENNEDY","2011-04-02","","100.22916666"
"KENNEDY","2011-04-01","","100.31944445"
"KENNEDY","2011-03-31","","103.90972223"
"KENNEDY","2011-03-30","","103.77272727"
"KENNEDY","2011-03-29","","108.27777778"
"KENNEDY","2011-03-28","","70.38194445"
"KENNEDY","2011-03-27","","63.03472222"
"KENNEDY","2011-03-26","","61.8125"
"KENNEDY","2011-03-25","","64.99999999"
"KENNEDY","2011-03-24","","90.26388888"
"KENNEDY","2011-03-23","","68.61805555"
"KENNEDY","2011-03-22","","66.13194445"
"KENNEDY","2011-03-21","","53.38888889"
"KENNEDY","2011-03-20","","84.45138889"
"KENNEDY","2011-03-19","","89.86111111"
"KENNEDY","2011-03-18","","115.65277778"
"KENNEDY","2011-03-17","","143.00694445"
"KENNEDY","2011-03-16","","114.20833334"
"KENNEDY","2011-03-15","","91.43750001"
"KENNEDY","2011-03-14","","72.44202898"
"KENNEDY","2011-03-13","","67.68055556"
"KENNEDY","2011-03-12","","66.1231884"
"KENNEDY","2011-03-11","","65.23611111"
"KENNEDY","2011-03-10","","49.47222221"
"KENNEDY","2011-03-09","","67.06249999"
"KENNEDY","2011-03-08","","101.24305555"
"KENNEDY","2011-03-07","","99.56944444"
"KENNEDY","2011-03-06","","55.74305556"
"KENNEDY","2011-03-05","","113.20833333"
"KENNEDY","2011-03-04","","68.26388889"
"KENNEDY","2011-03-03","","47.18055555"
"KENNEDY","2011-03-02","","48.43478261"
"KENNEDY","2011-03-01","","58.15277778"
"KENNEDY","2011-02-28","","79.70138889"
"KENNEDY","2011-02-27","","91.13888889"
"KENNEDY","2011-02-26","","121.45138889"
"KENNEDY","2011-02-25","","111.86805555"
"KENNEDY","2011-02-24","","70.53472223"
"KENNEDY","2011-02-23","","85.04166667"
"KENNEDY","2011-02-22","","98.52083334"
"KENNEDY","2011-02-21","","113.33333334"
"KENNEDY","2011-02-20","","92.03623189"
"KENNEDY","2011-02-19","","82.65972222"
"KENNEDY","2011-02-18","","64.18518519"
"KENNEDY","2011-02-17","","92.13541668"
"KENNEDY","2011-02-16","","91.03472223"
"KENNEDY","2011-02-15","","111.76388888"
"KENNEDY","2011-02-14","","74.90579711"
"KENNEDY","2011-02-13","","55.36111111"
"KENNEDY","2011-02-12","","84.26388889"
"KENNEDY","2011-02-11","","120.94444445"
"KENNEDY","2011-02-10","","90.30555555"
"KENNEDY","2011-02-09","","62.51388888"
"KENNEDY","2011-02-08","","72.47916667"
"KENNEDY","2011-02-07","","85.58333333"
"KENNEDY","2011-02-06","","88.04861111"
"KENNEDY","2011-02-05","","117.68749999"
"KENNEDY","2011-02-04","","129.50694444"
"KENNEDY","2011-02-03","","132.28125001"
"KENNEDY","2011-02-02","","57.91111111"
"KENNEDY","2011-02-01","","74.68749999"
"KENNEDY","2011-01-31","","82.20138888"
"KENNEDY","2011-01-30","","85.54861111"
"KENNEDY","2011-01-29","","104.47916666"
"KENNEDY","2011-01-28","","109.90277778"
"KENNEDY","2011-01-27","","104.875"
"KENNEDY","2011-01-26","","121.87878789"
"KENNEDY","2011-01-24","","66.41228071"
"KENNEDY","2011-01-23","","62.97826087"
"KENNEDY","2011-01-22","","82.1388889"
"KENNEDY","2011-01-21","","70.3611111"
"KENNEDY","2011-01-20","","90.92753623"
"KENNEDY","2011-01-19","","98.60416668"
"KENNEDY","2011-01-18","","105.90277777"
"KENNEDY","2011-01-17","","98.80555556"
"KENNEDY","2011-01-16","","100.59722222"
"KENNEDY","2011-01-15","","110.61805554"
"KENNEDY","2011-01-14","","103.35416667"
"KENNEDY","2011-01-13","","113.74305555"
"KENNEDY","2011-01-12","","104.0763889"
"KENNEDY","2011-01-11","","71.79861112"
"KENNEDY","2011-01-10","","41.94202899"
"KENNEDY","2011-01-09","","48.5"
"KENNEDY","2011-01-08","","81.25694445"
"KENNEDY","2011-01-07","","95.1875"
"KENNEDY","2011-01-06","","80.65972222"
"KENNEDY","2011-01-05","","80.65942029"
"KENNEDY","2011-01-04","","93.74305556"
"KENNEDY","2011-01-03","","82.38888888"
"KENNEDY","2011-01-02","","58.05555556"
"KENNEDY","2011-01-01","","99.66666667"
"KENNEDY","2010-12-31","","107.875"
"KENNEDY","2010-12-30","","80.45238096"
"KENNEDY","2010-12-29","","99.88888889"
"KENNEDY","2010-12-28","","125.89855072"
"KENNEDY","2010-12-27","","92.30555555"
"KENNEDY","2010-12-26","","48.84027778"
"KENNEDY","2010-12-25","","111.45138889"
"KENNEDY","2010-12-24","","93.40277778"
"KENNEDY","2010-12-23","","120.6875"
"KENNEDY","2010-12-22","","149.79710145"
"KENNEDY","2010-12-21","","83.65972223"
"KENNEDY","2010-12-20","","51.06944444"
"KENNEDY","2010-12-19","","90.50694445"
"KENNEDY","2010-12-18","","75.65277778"
"KENNEDY","2010-12-17","","115.04861111"
"KENNEDY","2010-12-16","","85.69444444"
"KENNEDY","2010-12-15","","82.78472222"
"KENNEDY","2010-12-14","","87.32638889"
"KENNEDY","2010-12-13","","71.55555555"
"KENNEDY","2010-12-12","","109.1875"
"KENNEDY","2010-12-11","","127.1388889"
"KENNEDY","2010-12-10","","122.61805555"
"KENNEDY","2010-12-09","","114.10714286"
"KENNEDY","2010-12-08","","140.66666667"
"KENNEDY","2010-12-07","","116.81944444"
"KENNEDY","2010-12-06","","101.11111112"
"KENNEDY","2010-12-05","","85.15909091"
"KENNEDY","2010-12-04","","78.46527778"
"KENNEDY","2010-12-03","","75.89393939"
"KENNEDY","2010-12-02","","50.71428573"
"KENNEDY","2010-12-01","","82.99242424"
"KENNEDY","2010-11-30","","84.95138888"
"KENNEDY","2010-11-29","","84.65972222"
"KENNEDY","2010-11-28","","85.20833333"
"KENNEDY","2010-11-27","","63.02083334"
"KENNEDY","2010-11-26","","102.06250001"
"KENNEDY","2010-11-25","","80.52777778"
"KENNEDY","2010-11-24","","70.89583333"
"KENNEDY","2010-11-23","","100.11805556"
"KENNEDY","2010-11-22","","74.71527778"
"KENNEDY","2010-11-21","","50.97222222"
"KENNEDY","2010-11-20","","55.81944444"
"KENNEDY","2010-11-19","","60.70833334"
"KENNEDY","2010-11-18","","86.05555556"
"KENNEDY","2010-11-17","","82.74305555"
"KENNEDY","2010-11-16","","60.86805557"
"KENNEDY","2010-11-15","","61.5625"
"KENNEDY","2010-11-14","","46.02083333"
"KENNEDY","2010-11-13","","96.28472221"
"KENNEDY","2010-11-12","","107.16666667"
"KENNEDY","2010-11-11","","102.6875"
"KENNEDY","2010-11-10","","78.31250001"
"KENNEDY","2010-11-09","","77.46376813"
"KENNEDY","2010-11-08","","49.90277777"
"KENNEDY","2010-11-07","","45.82638889"
"KENNEDY","2010-11-06","","63.73611111"
"KENNEDY","2010-11-05","","114.01449274"
"KENNEDY","2010-11-04","","85.63043479"
"KENNEDY","2010-11-03","","54.65972222"
"KENNEDY","2010-11-02","","74.65972222"
"KENNEDY","2010-11-01","","58.20833334"
"KENNEDY","2010-10-31","","43.38888889"
"KENNEDY","2010-10-30","","56.86805555"
"KENNEDY","2010-10-29","","83.42361111"
"KENNEDY","2010-10-28","","66.72916667"
"KENNEDY","2010-10-27","","87.39583333"
"KENNEDY","2010-10-26","","76.34027778"
"KENNEDY","2010-10-25","","92.55555556"
"KENNEDY","2010-10-24","","67.24305556"
"KENNEDY","2010-10-23","","130.2013889"
"KENNEDY","2010-10-22","","129.78472222"
"KENNEDY","2010-10-21","","123.8888889"
"KENNEDY","2010-10-20","","79.38194445"
"KENNEDY","2010-10-19","","53.41666667"
"KENNEDY","2010-10-18","","86.1875"
"KENNEDY","2010-10-17","","83.6875"
"KENNEDY","2010-10-16","","105.75"
"KENNEDY","2010-10-15","","137.14583333"
"KENNEDY","2010-10-14","","90.61805556"
"KENNEDY","2010-10-13","","64.84027778"
"KENNEDY","2010-10-12","","81.65972222"
"KENNEDY","2010-10-11","","58.63194445"
"KENNEDY","2010-10-10","","75.51388888"
"KENNEDY","2010-10-09","","77.59722222"
"KENNEDY","2010-10-08","","96.44444445"
"KENNEDY","2010-10-07","","96.5"
"KENNEDY","2010-10-06","","108.39583333"
"KENNEDY","2010-10-05","","78.85416667"
"KENNEDY","2010-10-04","","53.8888889"
"KENNEDY","2010-10-03","","76.93055555"
"KENNEDY","2010-10-02","","78.16666666"
"KENNEDY","2010-10-01","","123.26388888"
"KENNEDY","2010-09-30","","111.29166667"
"KENNEDY","2010-09-29","","107.25"
"KENNEDY","2010-09-28","","81.06666666"
"KENNEDY","2010-09-25","","113.7"
"KENNEDY","2010-09-24","","95.65972221"
"KENNEDY","2010-09-23","","102.80555555"
"KENNEDY","2010-09-22","","90.79861112"
"KENNEDY","2010-09-21","","104.1875"
"KENNEDY","2010-09-20","","74.04166668"
"KENNEDY","2010-09-19","","84.71527778"
"KENNEDY","2010-09-18","","115.47916666"
"KENNEDY","2010-09-17","","119.45833334"
"KENNEDY","2010-09-16","","119.67361112"
"KENNEDY","2010-09-15","","88.94444444"
"KENNEDY","2010-09-14","","107.28787879"
"KENNEDY","2010-09-13","","110.81944445"
"KENNEDY","2010-09-12","","107.36805555"
"KENNEDY","2010-09-11","","139.69444444"
"KENNEDY","2010-09-10","","127.06944444"
"KENNEDY","2010-09-09","","91.81944444"
"KENNEDY","2010-09-08","","53.65277778"
"KENNEDY","2010-09-07","","56.51388889"
"KENNEDY","2010-09-06","","68.45833333"
"KENNEDY","2010-09-05","","79.0"
"KENNEDY","2010-09-04","","98.04861111"
"KENNEDY","2010-09-03","","73.5530303"
"KENNEDY","2010-09-02","","67.6875"
"KENNEDY","2010-09-01","","69.28787879"
"KENNEDY","2010-08-31","","74.75"
"KENNEDY","2010-08-30","","61.69444444"
"KENNEDY","2010-08-29","","58.97916667"
"KENNEDY","2010-08-28","","60.90972223"
"KENNEDY","2010-08-27","","130.15972223"
"KENNEDY","2010-08-26","","80.09722223"
"KENNEDY","2010-08-25","","115.38888888"
"KENNEDY","2010-08-24","","131.50694445"
"KENNEDY","2010-08-23","","155.35416666"
"KENNEDY","2010-08-22","","101.12121211"
"KENNEDY","2010-08-21","","111.22222222"
"KENNEDY","2010-08-20","","121.11111111"
"KENNEDY","2010-08-19","","81.95138889"
"KENNEDY","2010-08-18","","96.34027777"
"KENNEDY","2010-08-17","","130.1875"
"KENNEDY","2010-08-16","","57.13194444"
"KENNEDY","2010-08-15","","56.4375"
"KENNEDY","2010-08-14","","61.20833333"
"KENNEDY","2010-08-13","","66.92361111"
"KENNEDY","2010-08-12","","77.4375"
"KENNEDY","2010-08-11","","77.38888889"
"KENNEDY","2010-08-10","","63.40972223"
"KENNEDY","2010-08-09","","55.46527778"
"KENNEDY","2010-08-08","","46.60416667"
"KENNEDY","2010-08-07","","84.17361112"
"KENNEDY","2010-08-06","","57.65972222"
"KENNEDY","2010-08-05","","66.07638889"
"KENNEDY","2010-08-04","","69.23611112"
"KENNEDY","2010-08-03","","104.45652173"
"KENNEDY","2010-08-02","","85.14814816"
"KENNEDY","2010-07-31","","97.30000001"
"KENNEDY","2010-07-30","","119.21527779"
"KENNEDY","2010-07-29","","122.53472222"
"KENNEDY","2010-07-28","","68.34027778"
"KENNEDY","2010-07-27","","58.21527778"
"KENNEDY","2010-07-26","","57.5625"
"KENNEDY","2010-07-25","","50.5"
"KENNEDY","2010-07-24","","63.83333334"
"KENNEDY","2010-07-23","","80.10416666"
"KENNEDY","2010-07-22","","114.28472223"
"KENNEDY","2010-07-21","","87.54861111"
"KENNEDY","2010-07-20","","60.95833333"
"KENNEDY","2010-07-19","","59.58333334"
"KENNEDY","2010-07-18","","52.88194445"
"KENNEDY","2010-07-17","","60.76190477"
"KENNEDY","2010-07-16","","61.66666667"
"KENNEDY","2010-07-15","","71.28472221"
"KENNEDY","2010-07-14","","72.45138888"
"KENNEDY","2010-07-13","","100.08333334"
"KENNEDY","2010-07-12","","96.625"
"KENNEDY","2010-07-11","","47.73611111"
"KENNEDY","2010-07-10","","66.40972222"
"KENNEDY","2010-07-09","","59.2986111"
"KENNEDY","2010-07-08","","63.42361111"
"KENNEDY","2010-07-07","","55.69444444"
"KENNEDY","2010-07-06","","48.92361111"
"KENNEDY","2010-07-05","","54.02777778"
"KENNEDY","2010-07-04","","55.30555554"
"KENNEDY","2010-07-03","","101.82638888"
"KENNEDY","2010-07-02","","87.1388889"
"KENNEDY","2010-07-01","","92.70138888"
"KENNEDY","2010-06-30","","91.73611111"
"KENNEDY","2010-06-29","","55.39583334"
"KENNEDY","2010-06-28","","66.38194444"
"KENNEDY","2010-06-27","","47.61111112"
"KENNEDY","2010-06-26","","52.66666667"
"KENNEDY","2010-06-25","","73.69444445"
"KENNEDY","2010-06-24","","78.2638889"
"KENNEDY","2010-06-23","","98.97916666"
"KENNEDY","2010-06-22","","86.53472223"
"KENNEDY","2010-06-21","","66.77083333"
"KENNEDY","2010-06-20","","49.50694445"
"KENNEDY","2010-06-19","","66.85416667"
"KENNEDY","2010-06-18","","67.4513889"
"KENNEDY","2010-06-17","","62.70138888"
"KENNEDY","2010-06-16","","83.58333333"
"KENNEDY","2010-06-15","","61.84027779"
"KENNEDY","2010-06-14","","67.47916666"
"KENNEDY","2010-06-13","","57.5"
"KENNEDY","2010-06-12","","73.25"
"KENNEDY","2010-06-11","","79.45138888"
"KENNEDY","2010-06-10","","65.45138889"
"KENNEDY","2010-06-09","","68.83333333"
"KENNEDY","2010-06-08","","67.41666666"
"KENNEDY","2010-06-02","","89.35714286"
"KENNEDY","2010-06-01","","82.0625"
"KENNEDY","2010-05-31","","55.40277778"
"KENNEDY","2010-05-30","","63.16666666"
"KENNEDY","2010-05-29","","86.63194445"
"KENNEDY","2010-05-28","","88.33333334"
"KENNEDY","2010-05-27","","44.82407408"
"KENNEDY","2010-05-26","","64.52777778"
"KENNEDY","2010-05-25","","78.1875"
"KENNEDY","2010-05-24","","96.61111111"
"KENNEDY","2010-05-23","","67.06250001"
"KENNEDY","2010-05-22","","91.65277777"
"KENNEDY","2010-05-21","","62.23611111"
"KENNEDY","2010-05-20","","86.0625"
"KENNEDY","2010-05-19","","66.10416667"
"KENNEDY","2010-05-18","","83.52083333"
"KENNEDY","2010-05-17","","56.84027778"
"KENNEDY","2010-05-16","","52.31944445"
"KENNEDY","2010-05-15","","66.0625"
"KENNEDY","2010-05-14","","64.13194445"
"KENNEDY","2010-05-13","","63.22916667"
"KENNEDY","2010-05-12","","60.40277778"
"KENNEDY","2010-05-11","","65.79166666"
"KENNEDY","2010-05-10","","156.0"
"KENNEDY","2010-05-09","","46.63888892"
"KENNEDY","2010-05-08","","54.03333334"
"KENNEDY","2010-05-07","","99.25555555"
"KENNEDY","2010-05-06","","68.02777778"
"KENNEDY","2010-05-05","","68.0909091"
"KENNEDY","2010-05-04","","59.14583333"
"KENNEDY","2010-05-03","","58.45138889"
"KENNEDY","2010-05-02","","85.56944444"
"KENNEDY","2010-05-01","","111.59027778"
"KENNEDY","2010-04-30","","78.6984127"
"KENNEDY","2010-04-29","","75.99305554"
"KENNEDY","2010-04-28","","82.05555556"
"KENNEDY","2010-04-27","","75.79861111"
"KENNEDY","2010-04-26","","70.82638889"
"KENNEDY","2010-04-25","","62.08333334"
"KENNEDY","2010-04-24","","63.50694444"
"KENNEDY","2010-04-23","","93.875"
"KENNEDY","2010-04-22","","106.13194445"
"KENNEDY","2010-04-21","","130.32575757"
"KENNEDY","2010-04-20","","99.64583333"
"KENNEDY","2010-04-19","","51.64583333"
"KENNEDY","2010-04-18","","77.0625"
"KENNEDY","2010-04-17","","89.81249999"
"KENNEDY","2010-04-16","","87.47916667"
"KENNEDY","2010-04-15","","69.04166667"
"KENNEDY","2010-04-14","","63.3125"
"KENNEDY","2010-04-13","","88.04166667"
"KENNEDY","2010-04-12","","99.03968255"
"KENNEDY","2010-04-11","","62.31944444"
"KENNEDY","2010-04-10","","83.88888889"
"KENNEDY","2010-04-09","","68.91666666"
"KENNEDY","2010-04-08","","79.05555556"
"KENNEDY","2010-04-07","","98.14285716"
"KENNEDY","2010-04-06","","54.61403509"
"KENNEDY","2010-04-05","","97.68055556"
"KENNEDY","2010-04-04","","101.02083333"
"KENNEDY","2010-04-03","","80.90277778"
"KENNEDY","2010-04-02","","88.66666666"
"KENNEDY","2010-04-01","","132.75694443"
"KENNEDY","2010-03-31","","95.95833334"
"KENNEDY","2010-03-30","","86.59027778"
"KENNEDY","2010-03-29","","94.78472222"
"KENNEDY","2010-03-28","","76.1388889"
"KENNEDY","2010-03-27","","114.71527779"
"KENNEDY","2010-03-26","","129.57638889"
"KENNEDY","2010-03-25","","120.86111112"
"KENNEDY","2010-03-24","","94.52083333"
"KENNEDY","2010-03-23","","103.875"
"KENNEDY","2010-03-22","","79.25"
"KENNEDY","2010-03-21","","64.09027777"
"KENNEDY","2010-03-20","","72.0625"
"KENNEDY","2010-03-19","","77.18055555"
"KENNEDY","2010-03-18","","108.84027778"
"KENNEDY","2010-03-17","","109.18750001"
"KENNEDY","2010-03-16","","134.88888888"
"KENNEDY","2010-03-15","","151.96527778"
"KENNEDY","2010-03-14","","108.13194444"
"KENNEDY","2010-03-13","","143.05555555"
"KENNEDY","2010-03-12","","118.52777778"
"KENNEDY","2010-03-11","","78.88888888"
"KENNEDY","2010-03-10","","95.97222223"
"KENNEDY","2010-03-09","","100.375"
"KENNEDY","2010-03-08","","107.09027778"
"KENNEDY","2010-03-07","","95.60416668"
"KENNEDY","2010-03-06","","101.77777778"
"KENNEDY","2010-03-05","","111.15151515"
"KENNEDY","2010-03-04","","123.68055556"
"KENNEDY","2010-03-03","","104.0625"
"KENNEDY","2010-03-02","","102.65972223"
"KENNEDY","2010-03-01","","91.69444446"
"KENNEDY","2010-02-28","","99.6736111"
"KENNEDY","2010-02-27","","109.69444444"
"KENNEDY","2010-02-26","","105.76388888"
"KENNEDY","2010-02-25","","131.56944445"
"KENNEDY","2010-02-24","","105.41666667"
"KENNEDY","2010-02-23","","111.00000001"
"KENNEDY","2010-02-22","","118.00000001"
"KENNEDY","2010-02-21","","67.59027778"
"KENNEDY","2010-02-20","","74.99305556"
"KENNEDY","2010-02-19","","105.86111111"
"KENNEDY","2010-02-18","","122.45833335"
"KENNEDY","2010-02-17","","122.75694444"
"KENNEDY","2010-02-16","","148.10416667"
"KENNEDY","2010-02-15","","155.90277778"
"KENNEDY","2010-02-14","","109.0486111"
"KENNEDY","2010-02-13","","141.75"
"KENNEDY","2010-02-12","","111.29545455"
"KENNEDY","2010-02-11","","115.55072463"
"KENNEDY","2010-02-10","","98.5138889"
"KENNEDY","2010-02-09","","90.02083333"
"KENNEDY","2010-02-08","","121.75"
"KENNEDY","2010-02-07","","100.77083334"
"KENNEDY","2010-02-06","","100.18749999"
"KENNEDY","2010-02-05","","124.49305556"
"KENNEDY","2010-02-04","","107.70138889"
"KENNEDY","2010-02-03","","97.06944444"
"KENNEDY","2010-02-02","","88.92361111"
"KENNEDY","2010-02-01","","107.77083334"
"KENNEDY","2010-01-31","","74.38194445"
"KENNEDY","2010-01-30","","86.91666666"
"KENNEDY","2010-01-29","","98.96527777"
"KENNEDY","2010-01-28","","114.68055555"
"KENNEDY","2010-01-27","","121.76388889"
"KENNEDY","2010-01-26","","126.59027778"
"KENNEDY","2010-01-25","","101.09722222"
"KENNEDY","2010-01-24","","98.89583333"
"KENNEDY","2010-01-23","","140.95833333"
"KENNEDY","2010-01-22","","146.28472221"
"KENNEDY","2010-01-21","","91.15972221"
"KENNEDY","2010-01-20","","87.125"
"KENNEDY","2010-01-19","","111.32638889"
"KENNEDY","2010-01-18","","92.9375"
"KENNEDY","2010-01-17","","79.51388889"
"KENNEDY","2010-01-16","","91.78472222"
"KENNEDY","2010-01-15","","119.49305556"
"KENNEDY","2010-01-14","","124.17361112"
"KENNEDY","2010-01-13","","139.11805555"
"KENNEDY","2010-01-12","","128.83333334"
"KENNEDY","2010-01-11","","99.55555556"
"KENNEDY","2010-01-10","","109.56249999"
"KENNEDY","2010-01-09","","123.52083333"
"KENNEDY","2010-01-08","","71.6875"
"KENNEDY","2010-01-07","","112.8263889"
"KENNEDY","2010-01-06","","132.48611111"
"KENNEDY","2010-01-05","","140.10416666"
"KENNEDY","2010-01-04","","132.77083333"
"KENNEDY","2010-01-03","","89.21527778"
"KENNEDY","2010-01-02","","103.09722221"
"KENNEDY","2010-01-01","","111.53703703"
