"Estacion","Fecha inicial","Fecha final","PM10"
"LA FLORA","2021-07-07","","52.48571429"
"LA FLORA","2021-07-06","","59.74347826"
"LA FLORA","2021-07-05","","56.05416667"
"LA FLORA","2021-07-04","","62.3173913"
"LA FLORA","2021-07-03","","47.29130435"
"LA FLORA","2021-07-02","","42.83913043"
"LA FLORA","2021-07-01","","46.27391304"
"LA FLORA","2021-06-30","","58.435"
"LA FLORA","2021-06-29","","53.02105263"
"LA FLORA","2021-06-28","","53.5"
"LA FLORA","2021-06-27","","42.2375"
"LA FLORA","2021-06-26","","47.55652174"
"LA FLORA","2021-06-25","","50.40454545"
"LA FLORA","2021-06-24","","53.21363636"
"LA FLORA","2021-06-23","","41.60952381"
"LA FLORA","2021-06-22","","48.43333333"
"LA FLORA","2021-06-21","","42.38333333"
"LA FLORA","2021-06-20","","41.6625"
"LA FLORA","2021-06-19","","33.70833333"
"LA FLORA","2021-06-18","","36.49130435"
"LA FLORA","2021-06-17","","50.23"
"LA FLORA","2021-06-16","","40.6"
"LA FLORA","2021-06-15","","52.175"
"LA FLORA","2021-06-14","","32.40833333"
"LA FLORA","2021-06-13","","31.95416667"
"LA FLORA","2021-06-12","","37.9"
"LA FLORA","2021-06-11","","42.26315789"
"LA FLORA","2021-06-10","","39.975"
"LA FLORA","2021-06-09","","49.3375"
"LA FLORA","2021-06-08","","27.575"
"LA FLORA","2021-06-07","","47.3375"
"LA FLORA","2021-06-06","","39.20833333"
"LA FLORA","2021-06-05","","36.975"
"LA FLORA","2021-06-04","","35.05416667"
"LA FLORA","2021-06-03","","26.56666667"
"LA FLORA","2021-06-02","","36.04583333"
"LA FLORA","2021-06-01","","29.35416667"
"LA FLORA","2021-05-31","","38.32083333"
"LA FLORA","2021-05-30","","22.475"
"LA FLORA","2021-05-29","","25.17916667"
"LA FLORA","2021-05-28","","27.67083333"
"LA FLORA","2021-05-27","","45.0875"
"LA FLORA","2021-05-26","","23.93333333"
"LA FLORA","2021-05-25","","37.40416667"
"LA FLORA","2021-05-24","","39.05416667"
"LA FLORA","2021-05-23","","30.29583333"
"LA FLORA","2021-05-22","","40.9625"
"LA FLORA","2021-05-21","","31.4125"
"LA FLORA","2021-05-20","","17.48333333"
"LA FLORA","2021-05-19","","19.5875"
"LA FLORA","2021-05-18","","22.675"
"LA FLORA","2021-05-17","","21.4875"
"LA FLORA","2021-05-16","","17.72727273"
"LA FLORA","2021-05-15","","25.65384615"
"LA FLORA","2021-05-14","","23.89444444"
"LA FLORA","2021-05-13","","24.34210526"
"LA FLORA","2021-05-12","","26.93684211"
"LA FLORA","2021-05-11","","17.6"
"LA FLORA","2021-05-10","","16.93076923"
"LA FLORA","2021-05-09","","14.89166667"
"LA FLORA","2021-05-08","","27.0"
"LA FLORA","2021-05-07","","21.23571429"
"LA FLORA","2021-05-06","","26.94545455"
"LA FLORA","2021-05-05","","36.87777778"
"LA FLORA","2021-05-04","","24.03636364"
"LA FLORA","2021-05-03","","40.77"
"LA FLORA","2021-05-02","","24.36666667"
"LA FLORA","2021-05-01","","30.14285714"
"LA FLORA","2021-04-29","","24.65714286"
"LA FLORA","2021-04-28","","29.98333333"
"LA FLORA","2021-04-27","","34.08"
"LA FLORA","2021-04-26","","28.67"
"LA FLORA","2021-04-25","","33.86666667"
"LA FLORA","2021-04-24","","28.975"
"LA FLORA","2021-04-23","","21.2"
"LA FLORA","2021-04-22","","41.15"
"LA FLORA","2021-04-21","","43.27"
"LA FLORA","2021-04-05","","48.1"
"LA FLORA","2021-04-04","","39.34347826"
"LA FLORA","2021-04-03","","21.7125"
"LA FLORA","2021-04-02","","23.825"
"LA FLORA","2021-04-01","","23.7125"
"LA FLORA","2021-03-31","","34.92916667"
"LA FLORA","2021-03-30","","38.14583333"
"LA FLORA","2021-03-29","","46.25416667"
"LA FLORA","2021-03-28","","39.8625"
"LA FLORA","2021-03-27","","40.3625"
"LA FLORA","2021-03-26","","38.54347826"
"LA FLORA","2021-03-25","","38.30416667"
"LA FLORA","2021-03-24","","31.64583333"
"LA FLORA","2021-03-23","","31.35833333"
"LA FLORA","2021-03-22","","12.77916667"
"LA FLORA","2021-03-21","","37.84166667"
"LA FLORA","2021-03-20","","27.97916667"
"LA FLORA","2021-03-19","","35.00833333"
"LA FLORA","2021-03-18","","26.35"
"LA FLORA","2021-03-17","","50.94583333"
"LA FLORA","2021-03-16","","46.60833333"
"LA FLORA","2021-03-15","","29.22916667"
"LA FLORA","2021-03-14","","34.61666667"
"LA FLORA","2021-03-13","","34.87916667"
"LA FLORA","2021-03-12","","24.5125"
"LA FLORA","2021-03-11","","18.88333333"
"LA FLORA","2021-03-10","","31.375"
"LA FLORA","2021-03-09","","29.0375"
"LA FLORA","2021-03-08","","30.02916667"
"LA FLORA","2021-03-07","","42.90833333"
"LA FLORA","2021-03-06","","33.75416667"
"LA FLORA","2021-03-05","","34.17083333"
"LA FLORA","2021-03-04","","33.95833333"
"LA FLORA","2021-03-03","","26.34166667"
"LA FLORA","2021-03-02","","30.09166667"
"LA FLORA","2021-03-01","","19.325"
"LA FLORA","2021-02-28","","31.15416667"
"LA FLORA","2021-02-27","","28.35416667"
"LA FLORA","2021-02-26","","47.54583333"
"LA FLORA","2021-02-25","","43.55"
"LA FLORA","2021-02-24","","45.49545455"
"LA FLORA","2021-02-23","","35.8375"
"LA FLORA","2021-02-22","","28.25416667"
"LA FLORA","2021-02-21","","23.1625"
"LA FLORA","2021-02-20","","27.57083333"
"LA FLORA","2021-02-19","","25.96666667"
"LA FLORA","2021-02-18","","24.69583333"
"LA FLORA","2021-02-17","","33.6173913"
"LA FLORA","2021-02-16","","33.9375"
"LA FLORA","2021-02-15","","20.50833333"
"LA FLORA","2021-02-14","","27.85833333"
"LA FLORA","2021-02-13","","25.15833333"
"LA FLORA","2021-02-12","","22.85"
"LA FLORA","2021-02-11","","31.3375"
"LA FLORA","2021-02-10","","19.17916667"
"LA FLORA","2021-02-09","","24.60416667"
"LA FLORA","2021-02-08","","33.95"
"LA FLORA","2021-02-07","","37.52916667"
"LA FLORA","2021-02-06","","28.0875"
"LA FLORA","2021-02-05","","28.45833333"
"LA FLORA","2021-02-04","","38.33333333"
"LA FLORA","2021-02-03","","34.50833333"
"LA FLORA","2021-02-02","","48.44583333"
"LA FLORA","2021-02-01","","33.3375"
"LA FLORA","2021-01-31","","39.67916667"
"LA FLORA","2021-01-30","","38.65416667"
"LA FLORA","2021-01-29","","42.525"
"LA FLORA","2021-01-28","","33.5375"
"LA FLORA","2021-01-27","","36.77916667"
"LA FLORA","2021-01-26","","28.68333333"
"LA FLORA","2021-01-25","","39.24166667"
"LA FLORA","2021-01-24","","40.175"
"LA FLORA","2021-01-23","","29.1125"
"LA FLORA","2021-01-22","","41.19166667"
"LA FLORA","2021-01-21","","42.97916667"
"LA FLORA","2021-01-20","","52.67083333"
"LA FLORA","2021-01-19","","55.73333333"
"LA FLORA","2021-01-18","","38.6"
"LA FLORA","2021-01-17","","27.5125"
"LA FLORA","2021-01-16","","37.0375"
"LA FLORA","2021-01-15","","38.75416667"
"LA FLORA","2021-01-14","","44.7"
"LA FLORA","2021-01-13","","44.0"
"LA FLORA","2021-01-12","","52.91304348"
"LA FLORA","2021-01-11","","27.04583333"
"LA FLORA","2021-01-10","","25.05"
"LA FLORA","2021-01-09","","24.90416667"
"LA FLORA","2021-01-08","","27.8375"
"LA FLORA","2021-01-07","","33.84166667"
"LA FLORA","2021-01-06","","24.67916667"
"LA FLORA","2021-01-05","","22.17083333"
"LA FLORA","2021-01-04","","31.2125"
"LA FLORA","2021-01-03","","27.0875"
"LA FLORA","2021-01-02","","26.00416667"
"LA FLORA","2021-01-01","","24.40833333"
"LA FLORA","2020-12-31","","41.1375"
"LA FLORA","2020-12-30","","27.96666667"
"LA FLORA","2020-12-29","","52.12083333"
"LA FLORA","2020-12-28","","34.24583333"
"LA FLORA","2020-12-27","","22.17083333"
"LA FLORA","2020-12-26","","24.39583333"
"LA FLORA","2020-12-25","","17.23333333"
"LA FLORA","2020-12-24","","40.38333333"
"LA FLORA","2020-12-23","","51.29166667"
"LA FLORA","2020-12-22","","40.58333333"
"LA FLORA","2020-12-21","","44.33333333"
"LA FLORA","2020-12-20","","31.79166667"
"LA FLORA","2020-12-19","","36.76521739"
"LA FLORA","2020-12-18","","42.56666667"
"LA FLORA","2020-12-17","","50.14782609"
"LA FLORA","2020-12-16","","45.21666667"
"LA FLORA","2020-12-15","","33.47916667"
"LA FLORA","2020-12-14","","49.72173913"
"LA FLORA","2020-12-13","","44.34782609"
"LA FLORA","2020-12-12","","56.17826087"
"LA FLORA","2020-12-11","","43.14166667"
"LA FLORA","2020-12-10","","40.14782609"
"LA FLORA","2020-12-09","","37.62083333"
"LA FLORA","2020-12-08","","43.78571429"
"LA FLORA","2020-12-07","","47.9173913"
"LA FLORA","2020-12-06","","41.9625"
"LA FLORA","2020-12-05","","51.65"
"LA FLORA","2020-12-04","","44.93043478"
"LA FLORA","2020-12-03","","34.27826087"
"LA FLORA","2020-12-02","","16.63913043"
"LA FLORA","2020-12-01","","46.12173913"
"LA FLORA","2020-11-30","","27.63478261"
"LA FLORA","2020-11-29","","41.7173913"
"LA FLORA","2020-11-28","","36.175"
"LA FLORA","2020-11-27","","30.5875"
"LA FLORA","2020-11-26","","37.16818182"
"LA FLORA","2020-11-25","","49.33636364"
"LA FLORA","2020-11-24","","67.86"
"LA FLORA","2020-11-23","","35.93076923"
"LA FLORA","2020-11-22","","34.64782609"
"LA FLORA","2020-11-21","","21.0125"
"LA FLORA","2020-11-20","","30.1625"
"LA FLORA","2020-11-19","","31.29166667"
"LA FLORA","2020-11-18","","45.8"
"LA FLORA","2020-11-17","","34.64166667"
"LA FLORA","2020-11-16","","35.86521739"
"LA FLORA","2020-11-15","","34.54782609"
"LA FLORA","2020-11-14","","18.525"
"LA FLORA","2020-11-13","","39.96956522"
"LA FLORA","2020-11-12","","49.80454545"
"LA FLORA","2020-11-11","","43.75652174"
"LA FLORA","2020-11-10","","42.26956522"
"LA FLORA","2020-11-09","","34.80434783"
"LA FLORA","2020-11-08","","42.05652174"
"LA FLORA","2020-11-07","","57.55217391"
"LA FLORA","2020-11-06","","41.4375"
"LA FLORA","2020-11-05","","36.20416667"
"LA FLORA","2020-11-04","","50.36363636"
"LA FLORA","2020-11-03","","49.07916667"
"LA FLORA","2020-11-02","","30.02173913"
"LA FLORA","2020-11-01","","15.03043478"
"LA FLORA","2020-10-31","","30.13478261"
"LA FLORA","2020-10-30","","41.39583333"
"LA FLORA","2020-10-29","","44.71666667"
"LA FLORA","2020-10-28","","35.83846154"
"LA FLORA","2020-10-27","","53.48"
"LA FLORA","2020-10-26","","27.80833333"
"LA FLORA","2020-10-25","","24.2125"
"LA FLORA","2020-10-24","","34.9"
"LA FLORA","2020-10-23","","35.84166667"
"LA FLORA","2020-10-22","","40.42083333"
"LA FLORA","2020-10-21","","23.30833333"
"LA FLORA","2020-10-20","","40.00416667"
"LA FLORA","2020-10-19","","25.12916667"
"LA FLORA","2020-10-18","","36.45416667"
"LA FLORA","2020-10-17","","37.77083333"
"LA FLORA","2020-10-16","","44.0375"
"LA FLORA","2020-10-15","","48.36521739"
"LA FLORA","2020-10-14","","46.57619048"
"LA FLORA","2020-10-13","","36.82608696"
"LA FLORA","2020-10-12","","34.14545455"
"LA FLORA","2020-10-11","","42.8"
"LA FLORA","2020-10-10","","66.78095238"
"LA FLORA","2020-10-09","","60.52857143"
"LA FLORA","2020-10-08","","58.59090909"
"LA FLORA","2020-10-07","","56.72"
"LA FLORA","2020-10-06","","50.66086957"
"LA FLORA","2020-10-05","","31.8625"
"LA FLORA","2020-10-04","","26.55217391"
"LA FLORA","2020-10-03","","22.99583333"
"LA FLORA","2020-10-02","","47.475"
"LA FLORA","2020-10-01","","54.82272727"
"LA FLORA","2020-09-30","","61.38421053"
"LA FLORA","2020-09-29","","64.93181818"
"LA FLORA","2020-09-28","","55.21666667"
"LA FLORA","2020-09-27","","41.65416667"
"LA FLORA","2020-09-26","","43.87083333"
"LA FLORA","2020-09-25","","44.47083333"
"LA FLORA","2020-09-24","","45.1375"
"LA FLORA","2020-09-23","","43.35833333"
"LA FLORA","2020-09-22","","50.05652174"
"LA FLORA","2020-09-21","","41.66666667"
"LA FLORA","2020-09-20","","34.98333333"
"LA FLORA","2020-09-19","","54.3375"
"LA FLORA","2020-09-18","","40.12083333"
"LA FLORA","2020-09-17","","31.49583333"
"LA FLORA","2020-09-16","","34.84166667"
"LA FLORA","2020-09-15","","52.46956522"
"LA FLORA","2020-09-14","","51.19166667"
"LA FLORA","2020-09-13","","34.35833333"
"LA FLORA","2020-09-12","","41.75416667"
"LA FLORA","2020-09-11","","46.5"
"LA FLORA","2020-09-10","","53.1125"
"LA FLORA","2020-09-09","","55.27826087"
"LA FLORA","2020-09-08","","29.57916667"
"LA FLORA","2020-09-07","","40.7625"
"LA FLORA","2020-09-06","","28.575"
"LA FLORA","2020-09-05","","45.3"
"LA FLORA","2020-09-04","","36.04583333"
"LA FLORA","2020-09-03","","57.48333333"
"LA FLORA","2020-09-02","","41.75"
"LA FLORA","2020-09-01","","52.55"
"LA FLORA","2020-08-31","","64.80909091"
"LA FLORA","2020-08-30","","44.16956522"
"LA FLORA","2020-08-29","","33.95833333"
"LA FLORA","2020-08-28","","55.63478261"
"LA FLORA","2020-08-27","","32.31666667"
"LA FLORA","2020-08-26","","32.2875"
"LA FLORA","2020-08-25","","29.45454545"
"LA FLORA","2020-08-24","","31.07916667"
"LA FLORA","2020-08-23","","34.07083333"
"LA FLORA","2020-08-22","","30.50434783"
"LA FLORA","2020-08-21","","41.31666667"
"LA FLORA","2020-08-20","","28.56086957"
"LA FLORA","2020-08-19","","27.425"
"LA FLORA","2020-08-18","","33.57826087"
"LA FLORA","2020-08-17","","24.5375"
"LA FLORA","2020-08-16","","41.23478261"
"LA FLORA","2020-08-15","","44.76363636"
"LA FLORA","2020-08-14","","26.425"
"LA FLORA","2020-08-13","","51.69565217"
"LA FLORA","2020-08-12","","39.72380952"
"LA FLORA","2020-08-11","","55.55652174"
"LA FLORA","2020-08-10","","65.25416667"
"LA FLORA","2020-08-09","","40.55652174"
"LA FLORA","2020-08-08","","54.21666667"
"LA FLORA","2020-08-07","","51.23333333"
"LA FLORA","2020-08-06","","67.30416667"
"LA FLORA","2020-08-05","","68.41818182"
"LA FLORA","2020-08-04","","57.52916667"
"LA FLORA","2020-08-03","","53.73181818"
"LA FLORA","2020-08-02","","43.25416667"
"LA FLORA","2020-08-01","","56.4875"
"LA FLORA","2020-06-18","","63.03571429"
"LA FLORA","2020-06-17","","46.15714286"
"LA FLORA","2020-06-16","","64.46818182"
"LA FLORA","2020-05-15","","36.82272727"
"LA FLORA","2020-05-14","","45.26818182"
"LA FLORA","2020-05-13","","38.05652174"
"LA FLORA","2020-05-12","","29.18695652"
"LA FLORA","2020-05-11","","27.68695652"
"LA FLORA","2020-05-10","","26.8125"
"LA FLORA","2020-05-09","","40.66086957"
"LA FLORA","2020-05-08","","44.24583333"
"LA FLORA","2020-05-07","","46.83333333"
"LA FLORA","2020-05-06","","41.45217391"
"LA FLORA","2020-05-05","","36.20434783"
"LA FLORA","2020-05-04","","33.8826087"
"LA FLORA","2020-05-03","","37.51818182"
"LA FLORA","2020-05-02","","33.08636364"
"LA FLORA","2020-05-01","","22.69545455"
"LA FLORA","2020-04-30","","32.51"
"LA FLORA","2020-04-29","","31.54761905"
"LA FLORA","2020-04-28","","28.55652174"
"LA FLORA","2020-04-27","","37.18095238"
"LA FLORA","2020-04-26","","22.50869565"
"LA FLORA","2020-04-25","","23.51904762"
"LA FLORA","2020-04-24","","33.825"
"LA FLORA","2020-04-23","","21.0"
"LA FLORA","2020-04-14","","17.2875"
"LA FLORA","2020-04-13","","18.03809524"
"LA FLORA","2020-04-12","","15.9"
"LA FLORA","2020-04-11","","17.8"
"LA FLORA","2020-04-10","","20.815"
"LA FLORA","2020-04-09","","23.3"
"LA FLORA","2020-04-08","","21.56315789"
"LA FLORA","2020-04-07","","20.40434783"
"LA FLORA","2020-04-06","","21.2375"
"LA FLORA","2020-04-05","","18.24090909"
"LA FLORA","2020-04-04","","27.12272727"
"LA FLORA","2020-04-03","","32.13"
"LA FLORA","2020-04-02","","37.4"
"LA FLORA","2020-04-01","","21.74545455"
"LA FLORA","2020-03-25","","35.91"
"LA FLORA","2020-03-24","","29.97619048"
"LA FLORA","2020-03-23","","27.90454545"
"LA FLORA","2020-03-22","","28.71363636"
"LA FLORA","2020-03-21","","25.3"
"LA FLORA","2020-03-20","","28.39473684"
"LA FLORA","2020-03-19","","42.03809524"
"LA FLORA","2020-03-18","","58.84210526"
"LA FLORA","2020-03-17","","36.12857143"
"LA FLORA","2020-03-16","","31.9"
"LA FLORA","2020-03-15","","24.17142857"
"LA FLORA","2020-03-14","","30.01818182"
"LA FLORA","2020-03-13","","27.515"
"LA FLORA","2020-03-12","","30.23"
"LA FLORA","2020-03-11","","41.9"
"LA FLORA","2020-03-10","","38.50555556"
"LA FLORA","2020-03-09","","39.98636364"
"LA FLORA","2020-03-08","","30.18181818"
"LA FLORA","2020-03-07","","39.23478261"
"LA FLORA","2020-03-06","","39.76086957"
"LA FLORA","2020-03-05","","53.35909091"
"LA FLORA","2020-03-04","","46.95416667"
"LA FLORA","2020-03-03","","52.05454545"
"LA FLORA","2020-03-02","","39.50909091"
"LA FLORA","2020-03-01","","35.49090909"
"LA FLORA","2020-02-29","","54.01428571"
"LA FLORA","2020-02-28","","33.6625"
"LA FLORA","2020-02-27","","40.42916667"
"LA FLORA","2020-02-26","","30.56666667"
"LA FLORA","2020-02-25","","35.04583333"
"LA FLORA","2020-02-24","","45.07619048"
"LA FLORA","2020-02-23","","34.33181818"
"LA FLORA","2020-02-22","","30.73333333"
"LA FLORA","2020-02-21","","41.41818182"
"LA FLORA","2020-02-20","","47.51818182"
"LA FLORA","2020-02-19","","55.17272727"
"LA FLORA","2020-02-18","","65.32727273"
"LA FLORA","2020-02-17","","50.5"
"LA FLORA","2020-02-16","","39.6173913"
"LA FLORA","2020-02-15","","47.86818182"
"LA FLORA","2020-02-14","","42.0375"
"LA FLORA","2020-02-13","","45.37391304"
"LA FLORA","2020-02-12","","41.255"
"LA FLORA","2020-02-11","","39.72916667"
"LA FLORA","2020-02-10","","37.03478261"
"LA FLORA","2020-02-09","","38.99047619"
"LA FLORA","2020-02-08","","43.99"
"LA FLORA","2020-02-07","","52.31818182"
"LA FLORA","2020-02-06","","43.05833333"
"LA FLORA","2020-02-05","","47.155"
"LA FLORA","2020-02-04","","38.38571429"
"LA FLORA","2020-02-03","","42.57894737"
"LA FLORA","2020-02-02","","24.36315789"
"LA FLORA","2020-02-01","","36.3173913"
"LA FLORA","2020-01-31","","47.43684211"
"LA FLORA","2020-01-30","","44.55714286"
"LA FLORA","2020-01-29","","38.4"
"LA FLORA","2020-01-28","","23.62608696"
"LA FLORA","2020-01-27","","23.1826087"
"LA FLORA","2020-01-26","","29.37777778"
"LA FLORA","2020-01-25","","36.94166667"
"LA FLORA","2020-01-24","","42.24583333"
"LA FLORA","2020-01-23","","42.225"
"LA FLORA","2020-01-22","","24.58181818"
"LA FLORA","2020-01-21","","23.0875"
"LA FLORA","2020-01-20","","29.40909091"
"LA FLORA","2020-01-19","","31.875"
"LA FLORA","2020-01-18","","39.99565217"
"LA FLORA","2020-01-17","","42.11363636"
"LA FLORA","2020-01-16","","39.01666667"
"LA FLORA","2020-01-15","","40.88333333"
"LA FLORA","2020-01-14","","36.85217391"
"LA FLORA","2020-01-13","","37.53809524"
"LA FLORA","2020-01-12","","35.68636364"
"LA FLORA","2020-01-11","","34.30869565"
"LA FLORA","2020-01-10","","47.51666667"
"LA FLORA","2020-01-09","","47.55652174"
"LA FLORA","2020-01-08","","45.48695652"
"LA FLORA","2020-01-07","","34.79565217"
"LA FLORA","2020-01-06","","27.42352941"
"LA FLORA","2020-01-05","","24.56818182"
"LA FLORA","2020-01-04","","31.86818182"
"LA FLORA","2020-01-03","","24.41666667"
"LA FLORA","2019-11-30","","35.675"
"LA FLORA","2019-11-29","","61.0625"
"LA FLORA","2019-11-28","","34.55"
"LA FLORA","2019-11-26","","47.17083333"
"LA FLORA","2019-11-25","","44.05833333"
"LA FLORA","2019-11-24","","36.1875"
"LA FLORA","2019-11-23","","37.29090909"
"LA FLORA","2019-11-22","","26.95"
"LA FLORA","2019-11-21","","29.17272727"
"LA FLORA","2019-11-20","","39.0125"
"LA FLORA","2019-11-19","","37.88636364"
"LA FLORA","2019-11-18","","29.12272727"
"LA FLORA","2019-11-17","","27.54782609"
"LA FLORA","2019-11-16","","26.92727273"
"LA FLORA","2019-11-15","","28.0"
"LA FLORA","2019-11-14","","30.6"
"LA FLORA","2019-11-13","","20.07"
"LA FLORA","2019-11-12","","19.83333333"
"LA FLORA","2019-11-11","","21.475"
"LA FLORA","2019-11-10","","18.42727273"
"LA FLORA","2019-11-09","","29.45"
"LA FLORA","2019-11-08","","38.55555556"
"LA FLORA","2019-11-07","","43.96666667"
"LA FLORA","2019-11-06","","39.2"
"LA FLORA","2019-11-05","","38.29166667"
"LA FLORA","2019-11-04","","30.34166667"
"LA FLORA","2019-11-03","","23.35833333"
"LA FLORA","2019-11-02","","36.725"
"LA FLORA","2019-11-01","","37.66666667"
"LA FLORA","2019-10-31","","33.13333333"
"LA FLORA","2019-10-30","","38.55"
"LA FLORA","2019-10-29","","35.25833333"
"LA FLORA","2019-10-28","","34.35"
"LA FLORA","2019-10-27","","26.65"
"LA FLORA","2019-10-26","","38.1"
"LA FLORA","2019-10-25","","45.9125"
"LA FLORA","2019-10-24","","28.41428571"
"LA FLORA","2019-10-23","","8.4"
"LA FLORA","2019-10-22","","30.48421053"
"LA FLORA","2019-10-21","","32.79130435"
"LA FLORA","2019-10-20","","21.07916667"
"LA FLORA","2019-10-19","","17.74090909"
"LA FLORA","2019-10-18","","21.53809524"
"LA FLORA","2019-10-17","","58.81818182"
"LA FLORA","2019-10-16","","36.93809524"
"LA FLORA","2019-10-15","","31.39565217"
"LA FLORA","2019-10-14","","28.54782609"
"LA FLORA","2019-10-13","","21.18636364"
"LA FLORA","2019-10-12","","30.395"
"LA FLORA","2019-10-11","","27.59090909"
"LA FLORA","2019-10-10","","34.96956522"
"LA FLORA","2019-10-09","","41.57826087"
"LA FLORA","2019-10-08","","41.9"
"LA FLORA","2019-10-07","","36.33043478"
"LA FLORA","2019-10-06","","25.595"
"LA FLORA","2019-10-05","","54.19047619"
"LA FLORA","2019-10-04","","48.58695652"
"LA FLORA","2019-10-03","","48.06"
"LA FLORA","2019-10-02","","35.1625"
"LA FLORA","2019-10-01","","42.54615385"
"LA FLORA","2019-09-28","","36.0"
"LA FLORA","2019-09-27","","31.67727273"
"LA FLORA","2019-09-26","","24.41666667"
"LA FLORA","2019-09-25","","38.06666667"
"LA FLORA","2019-09-24","","42.4375"
"LA FLORA","2019-09-23","","28.21304348"
"LA FLORA","2019-09-22","","28.52916667"
"LA FLORA","2019-09-21","","46.45416667"
"LA FLORA","2019-09-20","","42.50454545"
"LA FLORA","2019-09-19","","19.84583333"
"LA FLORA","2019-09-18","","18.7625"
"LA FLORA","2019-09-17","","37.92608696"
"LA FLORA","2019-09-16","","33.425"
"LA FLORA","2019-09-15","","32.19583333"
"LA FLORA","2019-09-14","","29.0125"
"LA FLORA","2019-09-13","","32.74166667"
"LA FLORA","2019-09-12","","24.94166667"
"LA FLORA","2019-09-11","","35.82083333"
"LA FLORA","2019-09-10","","35.20416667"
"LA FLORA","2019-09-09","","40.61666667"
"LA FLORA","2019-09-08","","38.8"
"LA FLORA","2019-09-07","","37.42916667"
"LA FLORA","2019-09-06","","39.90416667"
"LA FLORA","2019-09-05","","41.22083333"
"LA FLORA","2019-09-04","","38.65"
"LA FLORA","2019-09-03","","48.19583333"
"LA FLORA","2019-09-02","","34.64583333"
"LA FLORA","2019-09-01","","32.64583333"
"LA FLORA","2019-08-31","","40.72916667"
"LA FLORA","2019-08-30","","53.9875"
"LA FLORA","2019-08-29","","43.06666667"
"LA FLORA","2019-08-28","","66.60833333"
"LA FLORA","2019-08-27","","50.95833333"
"LA FLORA","2019-08-26","","42.7375"
"LA FLORA","2019-08-25","","35.1375"
"LA FLORA","2019-08-24","","48.4"
"LA FLORA","2019-08-23","","47.57083333"
"LA FLORA","2019-08-22","","71.35833333"
"LA FLORA","2019-08-21","","51.2"
"LA FLORA","2019-08-20","","36.00833333"
"LA FLORA","2019-08-19","","40.6"
"LA FLORA","2019-08-18","","45.57916667"
"LA FLORA","2019-08-17","","36.94583333"
"LA FLORA","2019-08-16","","56.26666667"
"LA FLORA","2019-08-15","","70.25"
"LA FLORA","2019-08-14","","51.3"
"LA FLORA","2019-08-13","","42.78333333"
"LA FLORA","2019-08-12","","37.04166667"
"LA FLORA","2019-08-11","","45.65"
"LA FLORA","2019-08-10","","36.1375"
"LA FLORA","2019-08-09","","45.4625"
"LA FLORA","2019-08-08","","37.90416667"
"LA FLORA","2019-08-07","","29.38333333"
"LA FLORA","2019-08-06","","41.70416667"
"LA FLORA","2019-08-05","","33.61304348"
"LA FLORA","2019-08-04","","28.725"
"LA FLORA","2019-08-03","","35.50833333"
"LA FLORA","2019-08-02","","37.16666667"
"LA FLORA","2019-08-01","","45.8"
"LA FLORA","2019-07-31","","42.00416667"
"LA FLORA","2019-07-30","","40.59166667"
"LA FLORA","2019-07-29","","36.9875"
"LA FLORA","2019-07-28","","27.54166667"
"LA FLORA","2019-07-27","","29.9625"
"LA FLORA","2019-07-26","","28.32916667"
"LA FLORA","2019-07-25","","34.14782609"
"LA FLORA","2019-07-24","","38.42916667"
"LA FLORA","2019-07-23","","24.15"
"LA FLORA","2019-07-22","","28.975"
"LA FLORA","2019-07-21","","21.97391304"
"LA FLORA","2019-07-20","","43.16666667"
"LA FLORA","2019-07-19","","43.89166667"
"LA FLORA","2019-07-18","","39.33333333"
"LA FLORA","2019-07-17","","46.84166667"
"LA FLORA","2019-07-16","","40.3625"
"LA FLORA","2019-07-15","","22.71666667"
"LA FLORA","2019-07-14","","26.87916667"
"LA FLORA","2019-07-13","","37.24166667"
"LA FLORA","2019-07-12","","29.225"
"LA FLORA","2019-07-11","","33.89166667"
"LA FLORA","2019-07-10","","36.84166667"
"LA FLORA","2019-07-09","","41.94583333"
"LA FLORA","2019-07-08","","31.29583333"
"LA FLORA","2019-07-07","","32.0625"
"LA FLORA","2019-07-06","","28.16363636"
"LA FLORA","2019-07-05","","43.28695652"
"LA FLORA","2019-07-04","","36.37916667"
"LA FLORA","2019-07-03","","40.66666667"
"LA FLORA","2019-07-02","","30.79583333"
"LA FLORA","2019-07-01","","24.06666667"
"LA FLORA","2019-06-30","","20.86818182"
"LA FLORA","2019-06-29","","39.9125"
"LA FLORA","2019-06-28","","42.575"
"LA FLORA","2019-06-27","","35.33333333"
"LA FLORA","2019-06-26","","38.22916667"
"LA FLORA","2019-06-25","","29.48666667"
"LA FLORA","2019-06-22","","53.3"
"LA FLORA","2019-06-21","","48.1375"
"LA FLORA","2019-06-20","","49.83333333"
"LA FLORA","2019-06-19","","58.22083333"
"LA FLORA","2019-06-18","","43.74347826"
"LA FLORA","2019-06-17","","45.8375"
"LA FLORA","2019-06-16","","25.17083333"
"LA FLORA","2019-06-15","","41.9826087"
"LA FLORA","2019-06-14","","29.9125"
"LA FLORA","2019-06-13","","30.57916667"
"LA FLORA","2019-06-12","","38.69047619"
"LA FLORA","2019-06-11","","20.80909091"
"LA FLORA","2019-06-10","","39.47619048"
"LA FLORA","2019-06-09","","33.75833333"
"LA FLORA","2019-06-08","","38.15416667"
"LA FLORA","2019-06-07","","16.22173913"
"LA FLORA","2019-06-06","","25.13043478"
"LA FLORA","2019-06-05","","42.17391304"
"LA FLORA","2019-06-04","","34.05"
"LA FLORA","2019-06-03","","37.71363636"
"LA FLORA","2019-06-02","","30.77916667"
"LA FLORA","2019-06-01","","28.48333333"
"LA FLORA","2019-05-31","","21.3"
"LA FLORA","2019-05-30","","30.33913043"
"LA FLORA","2019-05-29","","32.07916667"
"LA FLORA","2019-05-28","","18.84347826"
"LA FLORA","2019-05-27","","36.19583333"
"LA FLORA","2019-05-26","","30.2173913"
"LA FLORA","2019-05-25","","19.3173913"
"LA FLORA","2019-05-24","","37.325"
"LA FLORA","2019-05-23","","25.03333333"
"LA FLORA","2019-05-22","","26.37083333"
"LA FLORA","2019-05-21","","32.50416667"
"LA FLORA","2019-05-20","","30.78695652"
"LA FLORA","2019-05-19","","12.74"
"LA FLORA","2019-05-18","","31.61304348"
"LA FLORA","2019-05-17","","28.97083333"
"LA FLORA","2019-05-16","","38.74090909"
"LA FLORA","2019-05-15","","32.70434783"
"LA FLORA","2019-05-14","","32.53913043"
"LA FLORA","2019-05-13","","37.93913043"
"LA FLORA","2019-05-12","","21.82608696"
"LA FLORA","2019-05-11","","30.0625"
"LA FLORA","2019-05-10","","39.9826087"
"LA FLORA","2019-05-09","","17.33333333"
"LA FLORA","2019-05-08","","37.32916667"
"LA FLORA","2019-05-07","","40.4375"
"LA FLORA","2019-05-06","","33.67083333"
"LA FLORA","2019-05-05","","33.29565217"
"LA FLORA","2019-05-04","","37.01666667"
"LA FLORA","2019-05-03","","50.275"
"LA FLORA","2019-05-02","","59.895"
"LA FLORA","2019-05-01","","40.04782609"
"LA FLORA","2019-04-30","","46.95416667"
"LA FLORA","2019-04-29","","40.87083333"
"LA FLORA","2019-04-28","","34.16666667"
"LA FLORA","2019-04-27","","35.12173913"
"LA FLORA","2019-04-26","","39.22916667"
"LA FLORA","2019-04-25","","36.83043478"
"LA FLORA","2019-04-24","","33.53913043"
"LA FLORA","2019-04-23","","26.51363636"
"LA FLORA","2019-04-22","","25.3875"
"LA FLORA","2019-04-21","","13.07142857"
"LA FLORA","2019-04-20","","21.95"
"LA FLORA","2019-04-19","","22.44782609"
"LA FLORA","2019-04-18","","28.02608696"
"LA FLORA","2019-04-17","","31.03181818"
"LA FLORA","2019-04-16","","47.02608696"
"LA FLORA","2019-04-15","","29.57083333"
"LA FLORA","2019-04-14","","28.29"
"LA FLORA","2019-04-13","","40.10416667"
"LA FLORA","2019-04-12","","36.97272727"
"LA FLORA","2019-04-11","","32.63333333"
"LA FLORA","2019-04-10","","39.4"
"LA FLORA","2019-04-09","","28.97083333"
"LA FLORA","2019-04-08","","41.55"
"LA FLORA","2019-04-07","","35.79130435"
"LA FLORA","2019-04-06","","36.51428571"
"LA FLORA","2019-04-05","","26.68333333"
"LA FLORA","2019-04-04","","32.22173913"
"LA FLORA","2019-04-03","","43.13333333"
"LA FLORA","2019-04-02","","35.26470588"
"LA FLORA","2019-04-01","","15.9826087"
"LA FLORA","2019-03-31","","35.8125"
"LA FLORA","2019-03-30","","47.8375"
"LA FLORA","2019-03-29","","37.21428571"
"LA FLORA","2019-03-28","","33.35909091"
"LA FLORA","2019-03-27","","32.54583333"
"LA FLORA","2019-03-26","","34.26086957"
"LA FLORA","2019-03-25","","35.5625"
"LA FLORA","2019-03-24","","32.79166667"
"LA FLORA","2019-03-23","","35.4625"
"LA FLORA","2019-03-22","","34.74347826"
"LA FLORA","2019-03-21","","33.41304348"
"LA FLORA","2019-03-20","","36.24583333"
"LA FLORA","2019-03-19","","14.79166667"
"LA FLORA","2019-03-18","","28.84583333"
"LA FLORA","2019-03-17","","24.89583333"
"LA FLORA","2019-03-16","","34.79130435"
"LA FLORA","2019-03-15","","42.30434783"
"LA FLORA","2019-03-14","","21.92916667"
"LA FLORA","2019-03-13","","43.70869565"
"LA FLORA","2019-03-12","","29.36086957"
"LA FLORA","2019-03-11","","29.78333333"
"LA FLORA","2019-03-10","","28.16363636"
"LA FLORA","2019-03-09","","39.27916667"
"LA FLORA","2019-03-08","","35.67083333"
"LA FLORA","2019-03-07","","34.32916667"
"LA FLORA","2019-03-06","","41.29583333"
"LA FLORA","2019-03-05","","32.15416667"
"LA FLORA","2019-03-04","","34.275"
"LA FLORA","2019-03-03","","27.8173913"
"LA FLORA","2019-03-02","","40.52083333"
"LA FLORA","2019-03-01","","32.12083333"
"LA FLORA","2019-02-28","","31.53478261"
"LA FLORA","2019-02-27","","39.48333333"
"LA FLORA","2019-02-26","","47.76"
"LA FLORA","2019-02-18","","20.45555556"
"LA FLORA","2019-02-17","","24.49583333"
"LA FLORA","2019-02-16","","36.5625"
"LA FLORA","2019-02-15","","36.97083333"
"LA FLORA","2019-02-14","","41.72083333"
"LA FLORA","2019-02-13","","40.77083333"
"LA FLORA","2019-02-12","","29.29565217"
"LA FLORA","2019-02-11","","22.70434783"
"LA FLORA","2019-02-10","","24.45833333"
"LA FLORA","2019-02-09","","33.99565217"
"LA FLORA","2019-02-08","","25.43"
"LA FLORA","2019-02-07","","30.69166667"
"LA FLORA","2019-02-06","","29.75416667"
"LA FLORA","2019-02-05","","40.99583333"
"LA FLORA","2019-02-04","","38.42083333"
"LA FLORA","2019-02-03","","32.54782609"
"LA FLORA","2019-02-02","","35.075"
"LA FLORA","2019-02-01","","43.75652174"
"LA FLORA","2019-01-31","","36.32727273"
"LA FLORA","2019-01-30","","26.91363636"
"LA FLORA","2019-01-29","","38.075"
"LA FLORA","2019-01-28","","22.2"
"LA FLORA","2019-01-27","","24.81666667"
"LA FLORA","2019-01-26","","36.65652174"
"LA FLORA","2019-01-25","","38.44166667"
"LA FLORA","2019-01-24","","45.175"
"LA FLORA","2019-01-23","","46.74583333"
"LA FLORA","2019-01-22","","36.67916667"
"LA FLORA","2019-01-21","","28.025"
"LA FLORA","2019-01-20","","20.14166667"
"LA FLORA","2019-01-19","","42.9125"
"LA FLORA","2019-01-18","","43.77916667"
"LA FLORA","2019-01-17","","43.5"
"LA FLORA","2019-01-16","","36.4375"
"LA FLORA","2019-01-15","","37.60416667"
"LA FLORA","2019-01-14","","24.075"
"LA FLORA","2019-01-13","","25.63636364"
"LA FLORA","2019-01-12","","39.03478261"
"LA FLORA","2019-01-11","","36.75833333"
"LA FLORA","2019-01-10","","36.07916667"
"LA FLORA","2019-01-09","","19.0875"
"LA FLORA","2019-01-08","","22.75333333"
"LA FLORA","2019-01-07","","30.9375"
"LA FLORA","2019-01-06","","30.75416667"
"LA FLORA","2019-01-05","","37.3"
"LA FLORA","2019-01-04","","37.54583333"
"LA FLORA","2019-01-03","","42.5625"
"LA FLORA","2019-01-02","","31.86666667"
"LA FLORA","2019-01-01","","39.59166667"
"LA FLORA","2018-12-31","","36.17391304"
"LA FLORA","2018-12-30","","41.19583333"
"LA FLORA","2018-12-29","","43.05"
"LA FLORA","2018-12-28","","46.34583333"
"LA FLORA","2018-12-27","","48.19583333"
"LA FLORA","2018-12-26","","40.84583333"
"LA FLORA","2018-12-25","","30.69166667"
"LA FLORA","2018-12-24","","47.1375"
"LA FLORA","2018-12-23","","43.0"
"LA FLORA","2018-12-22","","56.69166667"
"LA FLORA","2018-12-21","","35.57083333"
"LA FLORA","2018-12-20","","59.87368421"
"LA FLORA","2018-12-19","","54.775"
"LA FLORA","2018-12-18","","46.42173913"
"LA FLORA","2018-12-17","","46.72173913"
"LA FLORA","2018-12-16","","41.6625"
"LA FLORA","2018-12-15","","54.75833333"
"LA FLORA","2018-12-14","","63.65454545"
"LA FLORA","2018-10-26","","9.75"
"LA FLORA","2018-10-25","","14.65"
"LA FLORA","2018-10-24","","15.04583333"
"LA FLORA","2018-10-23","","18.43913043"
"LA FLORA","2018-10-22","","13.66521739"
"LA FLORA","2018-10-21","","12.7125"
"LA FLORA","2018-10-20","","14.19583333"
"LA FLORA","2018-10-19","","17.35416667"
"LA FLORA","2018-10-18","","17.09583333"
"LA FLORA","2018-10-17","","17.41666667"
"LA FLORA","2018-10-16","","19.8"
"LA FLORA","2018-10-15","","14.60416667"
"LA FLORA","2018-10-14","","18.60833333"
"LA FLORA","2018-10-13","","20.75"
"LA FLORA","2018-10-12","","21.73043478"
"LA FLORA","2018-10-11","","18.10714286"
"LA FLORA","2018-10-02","","33.55882353"
"LA FLORA","2018-10-01","","26.45"
"LA FLORA","2018-09-30","","29.38333333"
"LA FLORA","2018-09-29","","33.74166667"
"LA FLORA","2018-09-28","","34.98333333"
"LA FLORA","2018-09-27","","26.35416667"
"LA FLORA","2018-09-26","","43.17083333"
"LA FLORA","2018-09-25","","42.97083333"
"LA FLORA","2018-09-24","","36.91666667"
"LA FLORA","2018-09-23","","35.80833333"
"LA FLORA","2018-09-22","","37.30833333"
"LA FLORA","2018-09-21","","44.69166667"
"LA FLORA","2018-09-20","","46.40416667"
"LA FLORA","2018-09-19","","38.7625"
"LA FLORA","2018-09-18","","39.83333333"
"LA FLORA","2018-09-17","","36.91666667"
"LA FLORA","2018-09-16","","21.90416667"
"LA FLORA","2018-09-15","","23.23333333"
"LA FLORA","2018-09-14","","18.60416667"
"LA FLORA","2018-09-13","","54.44545455"
"LA FLORA","2018-09-10","","34.59473684"
"LA FLORA","2018-09-09","","34.7"
"LA FLORA","2018-09-08","","34.72916667"
"LA FLORA","2018-09-07","","29.69130435"
"LA FLORA","2018-09-06","","33.69565217"
"LA FLORA","2018-09-05","","23.72083333"
"LA FLORA","2018-09-04","","34.01666667"
"LA FLORA","2018-09-03","","27.79583333"
"LA FLORA","2018-09-02","","32.25217391"
"LA FLORA","2018-09-01","","31.47916667"
"LA FLORA","2018-08-31","","31.26666667"
"LA FLORA","2018-08-30","","34.26666667"
"LA FLORA","2018-08-29","","31.35"
"LA FLORA","2018-08-28","","37.37391304"
"LA FLORA","2018-08-27","","28.025"
"LA FLORA","2018-08-26","","28.02916667"
"LA FLORA","2018-08-25","","32.11666667"
"LA FLORA","2018-08-24","","35.62916667"
"LA FLORA","2018-08-23","","38.325"
"LA FLORA","2018-08-22","","37.24583333"
"LA FLORA","2018-08-21","","35.45"
"LA FLORA","2018-08-20","","33.575"
"LA FLORA","2018-08-19","","25.94583333"
"LA FLORA","2018-08-18","","38.69583333"
"LA FLORA","2018-08-17","","49.43333333"
"LA FLORA","2018-08-16","","48.72916667"
"LA FLORA","2018-08-15","","36.14583333"
"LA FLORA","2018-08-14","","29.075"
"LA FLORA","2018-08-13","","34.4"
"LA FLORA","2018-08-12","","31.1"
"LA FLORA","2018-08-11","","55.35833333"
"LA FLORA","2018-08-10","","44.35416667"
"LA FLORA","2018-08-09","","41.1125"
"LA FLORA","2018-08-08","","36.7"
"LA FLORA","2018-08-07","","34.76666667"
"LA FLORA","2018-08-06","","39.075"
"LA FLORA","2018-08-05","","24.11666667"
"LA FLORA","2018-08-04","","23.55833333"
"LA FLORA","2018-08-03","","31.375"
"LA FLORA","2018-08-02","","34.00833333"
"LA FLORA","2018-08-01","","29.66363636"
"LA FLORA","2018-07-31","","25.265"
"LA FLORA","2018-07-30","","28.72608696"
"LA FLORA","2018-07-29","","27.15"
"LA FLORA","2018-07-28","","27.02916667"
"LA FLORA","2018-07-27","","55.9375"
"LA FLORA","2018-07-26","","37.61666667"
"LA FLORA","2018-07-25","","43.1"
"LA FLORA","2018-07-24","","39.17916667"
"LA FLORA","2018-07-23","","51.73333333"
"LA FLORA","2018-07-22","","32.0125"
"LA FLORA","2018-07-21","","35.39166667"
"LA FLORA","2018-07-20","","35.31666667"
"LA FLORA","2018-07-19","","45.69130435"
"LA FLORA","2018-07-18","","47.96521739"
"LA FLORA","2018-07-17","","44.58333333"
"LA FLORA","2018-07-16","","41.91666667"
"LA FLORA","2018-07-15","","29.06666667"
"LA FLORA","2018-07-14","","41.39583333"
"LA FLORA","2018-07-13","","47.35"
"LA FLORA","2018-07-12","","51.27826087"
"LA FLORA","2018-07-11","","39.60833333"
"LA FLORA","2018-07-10","","47.3625"
"LA FLORA","2018-07-09","","46.40833333"
"LA FLORA","2018-07-08","","46.44583333"
"LA FLORA","2018-07-07","","47.75833333"
"LA FLORA","2018-07-06","","47.39583333"
"LA FLORA","2018-07-05","","47.87826087"
"LA FLORA","2018-07-04","","47.32083333"
"LA FLORA","2018-07-03","","40.18333333"
"LA FLORA","2018-07-02","","28.9"
"LA FLORA","2018-07-01","","31.15833333"
"LA FLORA","2018-06-30","","29.7875"
"LA FLORA","2018-06-29","","33.7625"
"LA FLORA","2018-06-28","","29.41818182"
"LA FLORA","2018-06-27","","34.69166667"
"LA FLORA","2018-06-26","","53.625"
"LA FLORA","2018-06-25","","41.90416667"
"LA FLORA","2018-06-24","","29.575"
"LA FLORA","2018-06-23","","35.02083333"
"LA FLORA","2018-06-22","","50.39285714"
"LA FLORA","2018-06-21","","39.8125"
"LA FLORA","2018-06-20","","40.09583333"
"LA FLORA","2018-06-19","","42.31578947"
"LA FLORA","2018-06-18","","46.45"
"LA FLORA","2018-06-17","","40.05"
"LA FLORA","2018-06-16","","43.78333333"
"LA FLORA","2018-06-15","","44.86666667"
"LA FLORA","2018-06-14","","38.99166667"
"LA FLORA","2018-06-13","","48.36086957"
"LA FLORA","2018-06-12","","29.75217391"
"LA FLORA","2018-06-11","","30.59545455"
"LA FLORA","2018-06-10","","28.18695652"
"LA FLORA","2018-06-09","","44.24583333"
"LA FLORA","2018-06-08","","43.14583333"
"LA FLORA","2018-06-07","","38.8875"
"LA FLORA","2018-06-06","","35.98695652"
"LA FLORA","2018-06-05","","37.1875"
"LA FLORA","2018-06-04","","38.43043478"
"LA FLORA","2018-06-03","","34.50833333"
"LA FLORA","2018-06-02","","43.05833333"
"LA FLORA","2018-06-01","","40.7"
"LA FLORA","2018-05-31","","55.53333333"
"LA FLORA","2018-05-30","","31.98636364"
"LA FLORA","2018-05-29","","62.77692308"
"LA FLORA","2018-05-25","","46.79090909"
"LA FLORA","2018-05-24","","35.52307692"
"LA FLORA","2018-04-26","","48.8"
"LA FLORA","2018-04-24","","34.96666667"
"LA FLORA","2018-04-21","","77.1"
"LA FLORA","2018-04-20","","44.9"
"LA FLORA","2018-04-19","","52.4875"
"LA FLORA","2018-04-18","","52.17916667"
"LA FLORA","2018-04-17","","43.1125"
"LA FLORA","2018-04-16","","41.68333333"
"LA FLORA","2018-04-15","","39.05416667"
"LA FLORA","2018-04-14","","39.32083333"
"LA FLORA","2018-04-13","","43.28695652"
"LA FLORA","2018-04-12","","49.15833333"
"LA FLORA","2018-04-11","","36.05454545"
"LA FLORA","2018-04-10","","46.30416667"
"LA FLORA","2018-04-09","","42.60909091"
"LA FLORA","2018-04-08","","33.19166667"
"LA FLORA","2018-04-07","","46.06666667"
"LA FLORA","2018-04-06","","24.81363636"
"LA FLORA","2018-04-05","","39.92608696"
"LA FLORA","2018-04-04","","33.35833333"
"LA FLORA","2018-04-03","","38.04583333"
"LA FLORA","2018-04-02","","30.48181818"
"LA FLORA","2018-04-01","","23.35833333"
"LA FLORA","2018-03-31","","5.0"
"LA FLORA","2018-03-30","","36.40833333"
"LA FLORA","2018-03-29","","33.85416667"
"LA FLORA","2018-03-28","","41.79166667"
"LA FLORA","2018-03-27","","40.30909091"
"LA FLORA","2018-03-22","","51.76666667"
"LA FLORA","2018-03-21","","57.75"
"LA FLORA","2018-03-20","","46.87391304"
"LA FLORA","2018-03-19","","61.84761905"
"LA FLORA","2018-03-18","","54.92916667"
"LA FLORA","2018-03-17","","47.35"
"LA FLORA","2018-03-16","","57.25"
"LA FLORA","2018-03-15","","56.45416667"
"LA FLORA","2018-03-14","","57.39130435"
"LA FLORA","2018-03-13","","55.725"
"LA FLORA","2018-03-12","","53.30833333"
"LA FLORA","2018-03-11","","41.03478261"
"LA FLORA","2018-03-10","","49.37083333"
"LA FLORA","2018-03-09","","45.88333333"
"LA FLORA","2018-03-08","","51.42608696"
"LA FLORA","2018-03-07","","54.94782609"
"LA FLORA","2018-03-06","","49.95238095"
"LA FLORA","2018-03-05","","42.29545455"
"LA FLORA","2018-03-04","","39.25"
"LA FLORA","2018-03-03","","48.9375"
"LA FLORA","2018-03-02","","50.7125"
"LA FLORA","2018-03-01","","48.85416667"
"LA FLORA","2018-02-28","","49.825"
"LA FLORA","2018-02-27","","47.825"
"LA FLORA","2018-02-26","","49.87727273"
"LA FLORA","2018-02-25","","24.4"
"LA FLORA","2018-02-24","","20.96363636"
"LA FLORA","2018-02-23","","32.97083333"
"LA FLORA","2018-02-22","","36.15"
"LA FLORA","2018-02-21","","38.22916667"
"LA FLORA","2018-02-20","","30.63478261"
"LA FLORA","2018-02-19","","36.53181818"
"LA FLORA","2018-02-18","","24.87727273"
"LA FLORA","2018-02-17","","36.96666667"
"LA FLORA","2018-02-16","","33.79130435"
"LA FLORA","2018-02-15","","30.43913043"
"LA FLORA","2018-02-14","","44.8625"
"LA FLORA","2018-02-13","","43.14166667"
"LA FLORA","2018-02-12","","33.9826087"
"LA FLORA","2018-02-11","","22.21818182"
"LA FLORA","2018-02-10","","33.04761905"
"LA FLORA","2018-02-09","","38.21904762"
"LA FLORA","2018-02-08","","34.42173913"
"LA FLORA","2018-02-07","","39.55833333"
"LA FLORA","2018-02-06","","42.8375"
"LA FLORA","2018-02-05","","27.12916667"
"LA FLORA","2018-02-04","","32.07083333"
"LA FLORA","2018-02-03","","41.97391304"
"LA FLORA","2018-02-02","","36.425"
"LA FLORA","2018-02-01","","45.73333333"
"LA FLORA","2018-01-31","","54.27083333"
"LA FLORA","2018-01-30","","49.80416667"
"LA FLORA","2018-01-29","","47.56521739"
"LA FLORA","2018-01-28","","52.1625"
"LA FLORA","2018-01-27","","56.72083333"
"LA FLORA","2018-01-26","","51.6625"
"LA FLORA","2018-01-25","","53.625"
"LA FLORA","2018-01-24","","52.64166667"
"LA FLORA","2018-01-23","","36.5625"
"LA FLORA","2018-01-22","","36.9826087"
"LA FLORA","2018-01-21","","39.50833333"
"LA FLORA","2018-01-20","","55.325"
"LA FLORA","2018-01-19","","49.74583333"
"LA FLORA","2018-01-18","","80.695"
"LA FLORA","2018-01-17","","73.12272727"
"LA FLORA","2018-01-16","","23.025"
"LA FLORA","2018-01-15","","64.05"
"LA FLORA","2018-01-14","","35.4"
"LA FLORA","2018-01-13","","38.39583333"
"LA FLORA","2018-01-12","","59.42083333"
"LA FLORA","2018-01-11","","51.44545455"
"LA FLORA","2018-01-10","","32.37916667"
"LA FLORA","2018-01-09","","28.97142857"
"LA FLORA","2018-01-08","","30.35238095"
"LA FLORA","2018-01-07","","31.69090909"
"LA FLORA","2018-01-06","","46.49130435"
"LA FLORA","2018-01-05","","38.62222222"
"LA FLORA","2018-01-04","","41.65"
"LA FLORA","2018-01-03","","37.34090909"
"LA FLORA","2018-01-02","","22.51304348"
"LA FLORA","2018-01-01","","34.77272727"
"LA FLORA","2017-12-31","","23.65833333"
"LA FLORA","2017-12-30","","28.7173913"
"LA FLORA","2017-12-29","","29.78181818"
"LA FLORA","2017-12-28","","26.69047619"
"LA FLORA","2017-12-27","","41.0625"
"LA FLORA","2017-12-26","","24.65217391"
"LA FLORA","2017-12-25","","19.91904762"
"LA FLORA","2017-12-24","","30.39583333"
"LA FLORA","2017-12-23","","37.33478261"
"LA FLORA","2017-12-22","","38.2875"
"LA FLORA","2017-12-21","","44.54782609"
"LA FLORA","2017-12-20","","47.23333333"
"LA FLORA","2017-12-19","","48.15416667"
"LA FLORA","2017-12-18","","49.72083333"
"LA FLORA","2017-12-17","","44.32173913"
"LA FLORA","2017-12-16","","56.27826087"
"LA FLORA","2017-12-15","","58.525"
"LA FLORA","2017-12-14","","53.94166667"
"LA FLORA","2017-12-13","","61.34782609"
"LA FLORA","2017-12-12","","30.54583333"
"LA FLORA","2017-12-11","","32.60833333"
"LA FLORA","2017-12-10","","25.285"
"LA FLORA","2017-12-09","","34.07727273"
"LA FLORA","2017-12-08","","67.39047619"
"LA FLORA","2017-12-07","","42.66315789"
"LA FLORA","2017-12-06","","38.47916667"
"LA FLORA","2017-12-05","","41.1375"
"LA FLORA","2017-12-04","","33.13043478"
"LA FLORA","2017-12-03","","27.48695652"
"LA FLORA","2017-12-02","","21.46956522"
"LA FLORA","2017-12-01","","28.73043478"
"LA FLORA","2017-11-30","","32.41363636"
"LA FLORA","2017-11-29","","34.93478261"
"LA FLORA","2017-11-28","","29.10416667"
"LA FLORA","2017-11-27","","29.825"
"LA FLORA","2017-11-26","","27.23181818"
"LA FLORA","2017-11-25","","38.95416667"
"LA FLORA","2017-11-24","","37.56956522"
"LA FLORA","2017-11-23","","29.075"
"LA FLORA","2017-11-01","","70.3125"
"LA FLORA","2017-10-31","","57.66086957"
"LA FLORA","2017-10-30","","37.8625"
"LA FLORA","2017-10-29","","35.325"
"LA FLORA","2017-10-28","","62.17826087"
"LA FLORA","2017-10-27","","42.81666667"
"LA FLORA","2017-10-26","","70.84285714"
"LA FLORA","2017-10-25","","59.87826087"
"LA FLORA","2017-10-24","","34.75416667"
"LA FLORA","2017-10-23","","43.25652174"
"LA FLORA","2017-10-22","","20.34761905"
"LA FLORA","2017-10-21","","32.67272727"
"LA FLORA","2017-10-20","","36.08571429"
"LA FLORA","2017-10-19","","39.28421053"
"LA FLORA","2017-10-18","","54.78666667"
"LA FLORA","2017-10-17","","62.54285714"
"LA FLORA","2017-10-16","","33.46086957"
"LA FLORA","2017-10-15","","38.50416667"
"LA FLORA","2017-10-14","","42.19166667"
"LA FLORA","2017-10-13","","68.26086957"
"LA FLORA","2017-10-12","","56.67727273"
"LA FLORA","2017-10-11","","42.27083333"
"LA FLORA","2017-10-10","","41.5"
"LA FLORA","2017-10-09","","54.27333333"
"LA FLORA","2017-10-08","","30.40588235"
"LA FLORA","2017-10-07","","42.22173913"
"LA FLORA","2017-10-06","","38.79545455"
"LA FLORA","2017-10-05","","27.60714286"
"LA FLORA","2017-09-28","","47.89090909"
"LA FLORA","2017-09-27","","48.86666667"
"LA FLORA","2017-09-26","","62.8"
"LA FLORA","2017-09-25","","45.55555556"
"LA FLORA","2017-09-24","","17.25416667"
"LA FLORA","2017-09-23","","49.12222222"
"LA FLORA","2017-09-22","","42.5375"
"LA FLORA","2017-09-21","","58.07777778"
"LA FLORA","2017-09-20","","42.83913043"
"LA FLORA","2017-09-19","","27.75217391"
"LA FLORA","2017-09-18","","50.40952381"
"LA FLORA","2017-09-17","","33.1826087"
"LA FLORA","2017-09-16","","28.74090909"
"LA FLORA","2017-09-15","","22.74166667"
"LA FLORA","2017-09-14","","41.74583333"
"LA FLORA","2017-09-13","","30.1125"
"LA FLORA","2017-09-12","","47.94"
"LA FLORA","2017-09-11","","42.86363636"
"LA FLORA","2017-09-10","","20.65416667"
"LA FLORA","2017-09-09","","32.4826087"
"LA FLORA","2017-09-08","","29.87083333"
"LA FLORA","2017-09-07","","27.34285714"
"LA FLORA","2017-09-06","","38.725"
"LA FLORA","2017-09-05","","47.625"
"LA FLORA","2017-09-04","","40.89166667"
"LA FLORA","2017-09-03","","34.80833333"
"LA FLORA","2017-09-02","","53.09583333"
"LA FLORA","2017-09-01","","55.475"
"LA FLORA","2017-08-31","","44.8"
"LA FLORA","2017-08-30","","32.91666667"
"LA FLORA","2017-08-29","","32.2826087"
"LA FLORA","2017-08-28","","27.93043478"
"LA FLORA","2017-08-27","","30.12727273"
"LA FLORA","2017-08-26","","41.55714286"
"LA FLORA","2017-08-25","","31.27083333"
"LA FLORA","2017-08-24","","41.23333333"
"LA FLORA","2017-08-23","","41.06666667"
"LA FLORA","2017-08-22","","36.89130435"
"LA FLORA","2017-08-21","","30.50416667"
"LA FLORA","2017-08-20","","24.19047619"
"LA FLORA","2017-08-19","","24.62916667"
"LA FLORA","2017-08-18","","57.14"
"LA FLORA","2017-08-17","","73.49230769"
"LA FLORA","2017-08-14","","32.96363636"
"LA FLORA","2017-08-13","","49.58"
"LA FLORA","2017-08-12","","47.25217391"
"LA FLORA","2017-08-11","","29.55217391"
"LA FLORA","2017-08-10","","47.04090909"
"LA FLORA","2017-08-09","","35.6125"
"LA FLORA","2017-08-08","","44.18695652"
"LA FLORA","2017-08-07","","46.2"
"LA FLORA","2017-08-06","","40.4826087"
"LA FLORA","2017-08-05","","47.67083333"
"LA FLORA","2017-08-04","","43.195"
"LA FLORA","2017-08-03","","46.4375"
"LA FLORA","2017-08-02","","65.97272727"
"LA FLORA","2017-08-01","","50.73478261"
"LA FLORA","2017-07-31","","37.57142857"
"LA FLORA","2017-07-30","","57.1"
"LA FLORA","2017-07-29","","47.86086957"
"LA FLORA","2017-07-28","","63.31578947"
"LA FLORA","2017-07-27","","39.60416667"
"LA FLORA","2017-07-26","","34.0826087"
"LA FLORA","2017-07-25","","36.12916667"
"LA FLORA","2017-07-24","","36.79166667"
"LA FLORA","2017-07-23","","25.85416667"
"LA FLORA","2017-07-22","","43.04583333"
"LA FLORA","2017-07-21","","41.30833333"
"LA FLORA","2017-07-20","","30.12173913"
"LA FLORA","2017-07-19","","28.10416667"
"LA FLORA","2017-07-18","","37.7875"
"LA FLORA","2017-07-17","","35.40434783"
"LA FLORA","2017-07-16","","22.93636364"
"LA FLORA","2017-07-15","","34.99565217"
"LA FLORA","2017-07-14","","32.99130435"
"LA FLORA","2017-07-13","","46.02083333"
"LA FLORA","2017-07-12","","54.15217391"
"LA FLORA","2017-07-11","","62.11111111"
"LA FLORA","2017-07-10","","34.78333333"
"LA FLORA","2017-07-09","","38.88333333"
"LA FLORA","2017-07-08","","41.42083333"
"LA FLORA","2017-07-07","","41.28333333"
"LA FLORA","2017-07-06","","53.48333333"
"LA FLORA","2017-07-05","","57.53043478"
"LA FLORA","2017-07-04","","53.27777778"
"LA FLORA","2017-07-03","","31.19565217"
"LA FLORA","2017-07-02","","33.13043478"
"LA FLORA","2017-07-01","","74.97142857"
"LA FLORA","2017-06-30","","38.24166667"
"LA FLORA","2017-06-29","","38.75833333"
"LA FLORA","2017-06-28","","44.45833333"
"LA FLORA","2017-06-27","","32.09130435"
"LA FLORA","2017-06-26","","55.46956522"
"LA FLORA","2017-06-25","","28.76666667"
"LA FLORA","2017-06-24","","49.71818182"
"LA FLORA","2017-06-23","","46.3"
"LA FLORA","2017-06-22","","53.7"
"LA FLORA","2017-06-21","","29.87916667"
"LA FLORA","2017-06-20","","57.18095238"
"LA FLORA","2017-06-19","","23.13043478"
"LA FLORA","2017-06-18","","35.54090909"
"LA FLORA","2017-06-17","","33.22105263"
"LA FLORA","2017-06-16","","42.14782609"
"LA FLORA","2017-06-15","","48.2375"
"LA FLORA","2017-06-14","","55.71304348"
"LA FLORA","2017-06-13","","37.49130435"
"LA FLORA","2017-06-12","","28.14166667"
"LA FLORA","2017-06-11","","21.25416667"
"LA FLORA","2017-06-10","","57.775"
"LA FLORA","2017-06-09","","42.525"
"LA FLORA","2017-06-08","","27.3"
"LA FLORA","2017-06-07","","52.72105263"
"LA FLORA","2017-06-06","","45.55909091"
"LA FLORA","2017-06-05","","48.95416667"
"LA FLORA","2017-06-04","","44.35833333"
"LA FLORA","2017-06-03","","45.03913043"
"LA FLORA","2017-06-02","","49.15833333"
"LA FLORA","2017-06-01","","47.04583333"
"LA FLORA","2017-05-31","","37.92083333"
"LA FLORA","2017-05-30","","18.10416667"
"LA FLORA","2017-05-29","","17.6"
"LA FLORA","2017-05-28","","16.92083333"
"LA FLORA","2017-05-27","","33.77894737"
"LA FLORA","2017-05-26","","28.35454545"
"LA FLORA","2017-05-25","","26.34545455"
"LA FLORA","2017-05-24","","31.95217391"
"LA FLORA","2017-05-23","","19.22272727"
"LA FLORA","2017-05-22","","11.77083333"
"LA FLORA","2017-05-21","","12.96190476"
"LA FLORA","2017-05-20","","18.90454545"
"LA FLORA","2017-05-19","","18.75"
"LA FLORA","2017-05-18","","21.46818182"
"LA FLORA","2017-05-17","","21.23913043"
"LA FLORA","2017-05-16","","11.295"
"LA FLORA","2017-05-15","","15.35454545"
"LA FLORA","2017-05-14","","10.92173913"
"LA FLORA","2017-05-13","","11.55"
"LA FLORA","2017-05-12","","11.65652174"
"LA FLORA","2017-05-11","","21.43684211"
"LA FLORA","2017-05-10","","8.67083333"
"LA FLORA","2017-05-09","","14.56818182"
"LA FLORA","2017-05-08","","12.18636364"
"LA FLORA","2017-05-07","","11.57826087"
"LA FLORA","2017-05-06","","12.98"
"LA FLORA","2017-05-05","","14.94347826"
"LA FLORA","2017-05-04","","20.07083333"
"LA FLORA","2017-05-03","","19.37727273"
"LA FLORA","2017-05-02","","9.80434783"
"LA FLORA","2017-05-01","","11.45217391"
"LA FLORA","2017-04-30","","10.075"
"LA FLORA","2017-04-29","","15.53333333"
"LA FLORA","2017-04-28","","23.31111111"
"LA FLORA","2017-04-27","","21.02727273"
"LA FLORA","2017-04-26","","12.85833333"
"LA FLORA","2017-04-25","","25.90952381"
"LA FLORA","2017-04-24","","22.02173913"
"LA FLORA","2017-04-23","","16.39090909"
"LA FLORA","2017-04-22","","19.09166667"
"LA FLORA","2017-04-21","","20.75"
"LA FLORA","2017-04-20","","14.6"
"LA FLORA","2017-04-19","","14.3"
"LA FLORA","2017-04-18","","14.2173913"
"LA FLORA","2017-04-17","","9.58181818"
"LA FLORA","2017-04-16","","14.76"
"LA FLORA","2017-04-15","","14.59565217"
"LA FLORA","2017-04-14","","10.10555556"
"LA FLORA","2017-04-13","","16.92857143"
"LA FLORA","2017-04-12","","17.2625"
"LA FLORA","2017-04-11","","15.35652174"
"LA FLORA","2017-04-10","","19.41904762"
"LA FLORA","2017-04-09","","8.5"
"LA FLORA","2017-04-08","","21.13043478"
"LA FLORA","2017-04-07","","22.10833333"
"LA FLORA","2017-04-06","","26.9173913"
"LA FLORA","2017-04-05","","22.65833333"
"LA FLORA","2017-04-04","","22.51904762"
"LA FLORA","2017-04-03","","15.47391304"
"LA FLORA","2017-04-02","","19.19545455"
"LA FLORA","2017-04-01","","20.275"
"LA FLORA","2017-03-31","","11.15"
"LA FLORA","2017-03-30","","17.42105263"
"LA FLORA","2017-03-29","","17.98695652"
"LA FLORA","2017-03-28","","17.26666667"
"LA FLORA","2017-03-27","","16.52916667"
"LA FLORA","2017-03-26","","11.89047619"
"LA FLORA","2017-03-25","","18.97391304"
"LA FLORA","2017-03-24","","10.87"
"LA FLORA","2017-03-23","","17.27619048"
"LA FLORA","2017-03-22","","18.16"
"LA FLORA","2017-03-21","","21.15217391"
"LA FLORA","2017-03-20","","17.63157895"
"LA FLORA","2017-03-19","","14.64782609"
"LA FLORA","2017-03-18","","15.62608696"
"LA FLORA","2017-03-17","","15.59545455"
"LA FLORA","2017-03-16","","21.12608696"
"LA FLORA","2017-03-15","","19.97727273"
"LA FLORA","2017-03-14","","20.78"
"LA FLORA","2017-03-13","","16.51666667"
"LA FLORA","2017-03-12","","9.80952381"
"LA FLORA","2017-03-11","","15.38636364"
"LA FLORA","2017-03-10","","17.82380952"
"LA FLORA","2017-03-09","","18.07826087"
"LA FLORA","2017-03-08","","12.32083333"
"LA FLORA","2017-03-07","","13.10833333"
"LA FLORA","2017-03-06","","16.82083333"
"LA FLORA","2017-03-05","","14.50833333"
"LA FLORA","2017-03-04","","22.08333333"
"LA FLORA","2017-03-03","","21.10526316"
"LA FLORA","2017-03-02","","17.3"
"LA FLORA","2017-03-01","","20.87619048"
"LA FLORA","2017-02-28","","16.15"
"LA FLORA","2017-02-27","","16.14090909"
"LA FLORA","2017-02-26","","18.42608696"
"LA FLORA","2017-02-25","","19.95217391"
"LA FLORA","2017-02-24","","25.27391304"
"LA FLORA","2017-02-23","","24.36086957"
"LA FLORA","2017-02-22","","21.66666667"
"LA FLORA","2017-02-21","","21.82631579"
"LA FLORA","2017-02-20","","20.07916667"
"LA FLORA","2017-02-19","","17.31304348"
"LA FLORA","2017-02-18","","24.3173913"
"LA FLORA","2017-02-17","","23.05238095"
"LA FLORA","2017-02-16","","19.09545455"
"LA FLORA","2017-02-15","","26.02272727"
"LA FLORA","2017-02-14","","19.8"
"LA FLORA","2017-02-13","","16.90909091"
"LA FLORA","2017-02-12","","16.52222222"
"LA FLORA","2017-02-11","","23.68181818"
"LA FLORA","2017-02-10","","17.02916667"
"LA FLORA","2017-02-09","","18.27142857"
"LA FLORA","2017-02-08","","20.2125"
"LA FLORA","2017-02-07","","21.4125"
"LA FLORA","2017-02-06","","19.5875"
"LA FLORA","2017-02-05","","18.64583333"
"LA FLORA","2017-02-04","","20.04166667"
"LA FLORA","2017-02-03","","19.48181818"
"LA FLORA","2017-02-02","","22.88181818"
"LA FLORA","2017-02-01","","22.54090909"
"LA FLORA","2017-01-31","","18.43636364"
"LA FLORA","2017-01-30","","17.86086957"
"LA FLORA","2017-01-29","","15.85652174"
"LA FLORA","2017-01-28","","21.3"
"LA FLORA","2017-01-27","","26.24782609"
"LA FLORA","2017-01-26","","28.3625"
"LA FLORA","2017-01-25","","25.55416667"
"LA FLORA","2017-01-24","","23.73636364"
"LA FLORA","2017-01-23","","29.21"
"LA FLORA","2017-01-22","","22.18421053"
"LA FLORA","2017-01-21","","14.87727273"
"LA FLORA","2017-01-20","","17.28095238"
"LA FLORA","2017-01-19","","17.04285714"
"LA FLORA","2017-01-18","","13.83333333"
"LA FLORA","2017-01-17","","17.39"
"LA FLORA","2017-01-16","","13.1"
"LA FLORA","2017-01-15","","12.91"
"LA FLORA","2017-01-14","","15.45454545"
"LA FLORA","2017-01-13","","17.36666667"
"LA FLORA","2017-01-12","","15.70869565"
"LA FLORA","2017-01-11","","12.7625"
"LA FLORA","2017-01-10","","18.36818182"
"LA FLORA","2017-01-09","","21.63684211"
"LA FLORA","2017-01-08","","10.37272727"
"LA FLORA","2017-01-07","","17.11304348"
"LA FLORA","2017-01-06","","19.56190476"
"LA FLORA","2017-01-05","","17.825"
"LA FLORA","2017-01-04","","15.16666667"
"LA FLORA","2017-01-03","","16.25454545"
"LA FLORA","2017-01-02","","15.55"
"LA FLORA","2017-01-01","","17.95263158"
"LA FLORA","2016-12-31","","11.575"
"LA FLORA","2016-12-30","","15.79090909"
"LA FLORA","2016-12-29","","16.61904762"
"LA FLORA","2016-12-28","","20.37391304"
"LA FLORA","2016-12-27","","18.08181818"
"LA FLORA","2016-12-26","","22.42727273"
"LA FLORA","2016-12-25","","13.08636364"
"LA FLORA","2016-12-24","","14.13333333"
"LA FLORA","2016-12-23","","23.4"
"LA FLORA","2016-12-22","","19.53043478"
"LA FLORA","2016-12-21","","10.12272727"
"LA FLORA","2016-12-20","","18.93333333"
"LA FLORA","2016-12-19","","19.7826087"
"LA FLORA","2016-12-18","","20.7"
"LA FLORA","2016-12-17","","21.8"
"LA FLORA","2016-12-16","","22.88695652"
"LA FLORA","2016-12-15","","24.12727273"
"LA FLORA","2016-12-14","","25.015"
"LA FLORA","2016-12-13","","21.22631579"
"LA FLORA","2016-12-12","","20.73043478"
"LA FLORA","2016-12-11","","15.55714286"
"LA FLORA","2016-12-10","","20.61363636"
"LA FLORA","2016-12-09","","20.23"
"LA FLORA","2016-12-08","","19.7"
"LA FLORA","2016-12-07","","23.44090909"
"LA FLORA","2016-12-06","","22.21904762"
"LA FLORA","2016-12-05","","21.19130435"
"LA FLORA","2016-12-04","","23.795"
"LA FLORA","2016-12-03","","16.60434783"
"LA FLORA","2016-12-02","","21.95909091"
"LA FLORA","2016-12-01","","24.39545455"
"LA FLORA","2016-11-30","","27.57391304"
"LA FLORA","2016-11-29","","21.07647059"
"LA FLORA","2016-11-28","","19.73181818"
"LA FLORA","2016-11-27","","20.94210526"
"LA FLORA","2016-11-26","","13.825"
"LA FLORA","2016-11-25","","17.355"
"LA FLORA","2016-11-24","","22.56818182"
"LA FLORA","2016-11-23","","29.85217391"
"LA FLORA","2016-11-22","","49.59473684"
"LA FLORA","2016-11-21","","28.58571429"
"LA FLORA","2016-11-20","","18.18"
"LA FLORA","2016-11-19","","10.91363636"
"LA FLORA","2016-11-18","","19.85909091"
"LA FLORA","2016-11-17","","18.75"
"LA FLORA","2016-11-16","","20.1826087"
"LA FLORA","2016-11-15","","13.8625"
"LA FLORA","2016-11-14","","11.66666667"
"LA FLORA","2016-11-13","","13.97619048"
"LA FLORA","2016-11-12","","21.47727273"
"LA FLORA","2016-11-11","","11.41666667"
"LA FLORA","2016-11-10","","19.00909091"
"LA FLORA","2016-11-09","","17.14090909"
"LA FLORA","2016-11-08","","17.17619048"
"LA FLORA","2016-11-07","","18.12608696"
"LA FLORA","2016-11-06","","13.38095238"
"LA FLORA","2016-11-05","","18.87083333"
"LA FLORA","2016-11-04","","22.04166667"
"LA FLORA","2016-11-03","","18.5"
"LA FLORA","2016-11-02","","19.34545455"
"LA FLORA","2016-11-01","","18.86521739"
"LA FLORA","2016-10-31","","17.10909091"
"LA FLORA","2016-10-30","","17.66190476"
"LA FLORA","2016-10-29","","14.09130435"
"LA FLORA","2016-10-28","","17.45652174"
"LA FLORA","2016-10-27","","20.20952381"
"LA FLORA","2016-10-26","","23.33684211"
"LA FLORA","2016-10-25","","11.50909091"
"LA FLORA","2016-10-24","","18.34"
"LA FLORA","2016-10-23","","11.98888889"
"LA FLORA","2016-10-22","","23.64347826"
"LA FLORA","2016-10-21","","25.56"
"LA FLORA","2016-10-20","","19.26190476"
"LA FLORA","2016-10-19","","22.75909091"
"LA FLORA","2016-10-18","","14.84347826"
"LA FLORA","2016-10-17","","12.44545455"
"LA FLORA","2016-10-16","","14.89545455"
"LA FLORA","2016-10-15","","23.8"
"LA FLORA","2016-10-14","","28.08636364"
"LA FLORA","2016-10-13","","19.5"
"LA FLORA","2016-10-12","","26.4"
"LA FLORA","2016-10-11","","20.89166667"
"LA FLORA","2016-10-10","","17.59583333"
"LA FLORA","2016-10-09","","9.475"
"LA FLORA","2016-10-08","","17.55"
"LA FLORA","2016-10-07","","15.60869565"
"LA FLORA","2016-10-06","","17.30952381"
"LA FLORA","2016-10-05","","20.07272727"
"LA FLORA","2016-10-04","","19.27647059"
"LA FLORA","2016-10-03","","13.55238095"
"LA FLORA","2016-10-02","","10.52083333"
"LA FLORA","2016-10-01","","15.61176471"
"LA FLORA","2016-09-30","","37.92"
"LA FLORA","2016-09-29","","19.6875"
"LA FLORA","2016-09-28","","24.105"
"LA FLORA","2016-09-27","","24.10526316"
"LA FLORA","2016-09-26","","18.23913043"
"LA FLORA","2016-09-25","","17.44761905"
"LA FLORA","2016-09-24","","18.91304348"
"LA FLORA","2016-09-23","","18.325"
"LA FLORA","2016-09-22","","20.99473684"
"LA FLORA","2016-09-21","","23.45909091"
"LA FLORA","2016-09-20","","25.27391304"
"LA FLORA","2016-09-19","","27.93333333"
"LA FLORA","2016-09-18","","18.07894737"
"LA FLORA","2016-09-17","","21.15714286"
"LA FLORA","2016-09-16","","22.2"
"LA FLORA","2016-09-13","","17.11818182"
"LA FLORA","2016-09-12","","16.20454545"
"LA FLORA","2016-09-11","","21.04444444"
"LA FLORA","2016-09-10","","16.7875"
"LA FLORA","2016-09-09","","18.45238095"
"LA FLORA","2016-09-08","","35.38695652"
"LA FLORA","2016-09-07","","42.62608696"
"LA FLORA","2016-09-06","","31.25"
"LA FLORA","2016-09-05","","35.11666667"
"LA FLORA","2016-09-04","","27.64583333"
"LA FLORA","2016-09-03","","38.51666667"
"LA FLORA","2016-09-02","","39.17826087"
"LA FLORA","2016-09-01","","23.01363636"
"LA FLORA","2016-08-31","","36.13333333"
"LA FLORA","2016-08-30","","34.38333333"
"LA FLORA","2016-08-29","","29.3625"
"LA FLORA","2016-08-28","","35.45833333"
"LA FLORA","2016-08-27","","32.82916667"
"LA FLORA","2016-08-26","","37.0875"
"LA FLORA","2016-08-25","","40.6875"
"LA FLORA","2016-08-24","","53.09130435"
"LA FLORA","2016-08-23","","56.10869565"
"LA FLORA","2016-08-22","","46.51818182"
"LA FLORA","2016-08-21","","38.85714286"
"LA FLORA","2016-08-20","","45.24782609"
"LA FLORA","2016-08-19","","30.575"
"LA FLORA","2016-08-18","","42.15"
"LA FLORA","2016-08-17","","41.41304348"
"LA FLORA","2016-08-16","","43.05"
"LA FLORA","2016-08-15","","44.98"
"LA FLORA","2016-08-14","","43.81904762"
"LA FLORA","2016-08-13","","45.175"
"LA FLORA","2016-08-12","","40.14166667"
"LA FLORA","2016-08-11","","42.19166667"
"LA FLORA","2016-08-10","","45.5"
"LA FLORA","2016-08-09","","47.8"
"LA FLORA","2016-08-08","","37.575"
"LA FLORA","2016-08-07","","34.52083333"
"LA FLORA","2016-08-06","","49.99565217"
"LA FLORA","2016-08-05","","52.70416667"
"LA FLORA","2016-08-04","","48.04166667"
"LA FLORA","2016-08-03","","45.42083333"
"LA FLORA","2016-08-02","","47.50416667"
"LA FLORA","2016-08-01","","37.27083333"
"LA FLORA","2016-07-31","","38.02916667"
"LA FLORA","2016-07-30","","47.10833333"
"LA FLORA","2016-07-29","","43.75"
"LA FLORA","2016-07-28","","41.27916667"
"LA FLORA","2016-07-27","","34.275"
"LA FLORA","2016-07-26","","48.92916667"
"LA FLORA","2016-07-25","","39.84166667"
"LA FLORA","2016-07-24","","26.17391304"
"LA FLORA","2016-07-23","","30.85"
"LA FLORA","2016-07-22","","43.4375"
"LA FLORA","2016-07-21","","44.36086957"
"LA FLORA","2016-07-20","","40.31304348"
"LA FLORA","2016-07-19","","36.74090909"
"LA FLORA","2016-07-18","","29.83333333"
"LA FLORA","2016-07-17","","35.23043478"
"LA FLORA","2016-07-16","","31.19166667"
"LA FLORA","2016-07-15","","33.20416667"
"LA FLORA","2016-07-14","","38.09166667"
"LA FLORA","2016-07-13","","34.58181818"
"LA FLORA","2016-07-12","","30.09583333"
"LA FLORA","2016-07-11","","32.4875"
"LA FLORA","2016-07-10","","28.00909091"
"LA FLORA","2016-07-09","","35.74166667"
"LA FLORA","2016-07-08","","33.75833333"
"LA FLORA","2016-07-07","","46.65"
"LA FLORA","2016-07-06","","38.79583333"
"LA FLORA","2016-07-05","","42.26666667"
"LA FLORA","2016-07-04","","28.49090909"
"LA FLORA","2016-07-03","","20.4"
"LA FLORA","2016-07-02","","26.97916667"
"LA FLORA","2016-07-01","","41.32083333"
"LA FLORA","2016-06-30","","38.87272727"
"LA FLORA","2016-06-29","","42.6625"
"LA FLORA","2016-06-28","","47.82916667"
"LA FLORA","2016-06-27","","42.825"
"LA FLORA","2016-06-26","","30.75833333"
"LA FLORA","2016-06-25","","35.77083333"
"LA FLORA","2016-06-24","","37.46666667"
"LA FLORA","2016-06-23","","43.68333333"
"LA FLORA","2016-06-22","","41.07083333"
"LA FLORA","2016-06-21","","34.04166667"
"LA FLORA","2016-06-20","","16.8375"
"LA FLORA","2016-06-19","","30.62083333"
"LA FLORA","2016-06-18","","46.95833333"
"LA FLORA","2016-06-17","","50.6625"
"LA FLORA","2016-06-16","","54.04583333"
"LA FLORA","2016-06-15","","45.69583333"
"LA FLORA","2016-06-14","","44.79583333"
"LA FLORA","2016-06-13","","35.2125"
"LA FLORA","2016-06-12","","36.325"
"LA FLORA","2016-06-11","","39.9375"
"LA FLORA","2016-06-10","","33.62916667"
"LA FLORA","2016-06-09","","36.95416667"
"LA FLORA","2016-06-08","","24.87916667"
"LA FLORA","2016-06-07","","36.08333333"
"LA FLORA","2016-06-06","","23.59090909"
"LA FLORA","2016-06-05","","38.85909091"
"LA FLORA","2016-06-04","","30.24166667"
"LA FLORA","2016-06-03","","38.82916667"
"LA FLORA","2016-06-02","","37.72916667"
"LA FLORA","2016-06-01","","35.82916667"
"LA FLORA","2016-05-31","","19.99583333"
"LA FLORA","2016-05-30","","25.775"
"LA FLORA","2016-05-29","","29.05238095"
"LA FLORA","2016-05-28","","35.625"
"LA FLORA","2016-05-27","","50.60416667"
"LA FLORA","2016-05-26","","29.93333333"
"LA FLORA","2016-05-25","","36.5375"
"LA FLORA","2016-05-24","","40.65833333"
"LA FLORA","2016-05-23","","35.20833333"
"LA FLORA","2016-05-22","","27.84782609"
"LA FLORA","2016-05-21","","38.9625"
"LA FLORA","2016-05-20","","43.94583333"
"LA FLORA","2016-05-19","","40.04285714"
"LA FLORA","2016-05-17","","47.83333333"
"LA FLORA","2016-05-16","","37.82083333"
"LA FLORA","2016-05-15","","23.75416667"
"LA FLORA","2016-05-14","","43.19166667"
"LA FLORA","2016-05-13","","48.96363636"
"LA FLORA","2016-05-12","","53.88333333"
"LA FLORA","2016-05-11","","33.70454545"
"LA FLORA","2016-05-10","","37.29047619"
"LA FLORA","2016-05-09","","36.5"
"LA FLORA","2016-05-08","","29.0"
"LA FLORA","2016-05-07","","19.375"
"LA FLORA","2016-05-06","","39.00833333"
"LA FLORA","2016-05-05","","41.47391304"
"LA FLORA","2016-05-04","","34.17083333"
"LA FLORA","2016-05-03","","37.65"
"LA FLORA","2016-05-02","","33.77142857"
"LA FLORA","2016-05-01","","35.87916667"
"LA FLORA","2016-04-30","","29.2625"
"LA FLORA","2016-04-29","","40.175"
"LA FLORA","2016-04-28","","27.14166667"
"LA FLORA","2016-04-27","","43.39047619"
"LA FLORA","2016-04-26","","44.78"
"LA FLORA","2016-04-25","","34.29166667"
"LA FLORA","2016-04-24","","25.97083333"
"LA FLORA","2016-04-23","","36.53333333"
"LA FLORA","2016-04-22","","42.4875"
"LA FLORA","2016-04-21","","41.2125"
"LA FLORA","2016-04-20","","51.56666667"
"LA FLORA","2016-04-19","","53.2125"
"LA FLORA","2016-04-18","","31.02916667"
"LA FLORA","2016-04-17","","37.32083333"
"LA FLORA","2016-04-16","","34.66818182"
"LA FLORA","2016-04-15","","50.80416667"
"LA FLORA","2016-04-14","","47.13636364"
"LA FLORA","2016-04-13","","35.6625"
"LA FLORA","2016-04-12","","20.7"
"LA FLORA","2016-04-11","","32.29545455"
"LA FLORA","2016-04-10","","41.0173913"
"LA FLORA","2016-04-09","","34.05416667"
"LA FLORA","2016-04-08","","44.01666667"
"LA FLORA","2016-04-07","","42.57916667"
"LA FLORA","2016-04-06","","44.84166667"
"LA FLORA","2016-04-05","","44.66666667"
"LA FLORA","2016-04-04","","40.86956522"
"LA FLORA","2016-04-03","","37.09130435"
"LA FLORA","2016-04-02","","20.18333333"
"LA FLORA","2016-04-01","","35.31818182"
"LA FLORA","2016-03-31","","38.1173913"
"LA FLORA","2016-03-30","","27.77083333"
"LA FLORA","2016-03-29","","49.23333333"
"LA FLORA","2016-03-28","","42.8"
"LA FLORA","2016-03-27","","27.00434783"
"LA FLORA","2016-03-26","","26.8125"
"LA FLORA","2016-03-25","","27.83043478"
"LA FLORA","2016-03-24","","36.69130435"
"LA FLORA","2016-03-23","","35.22083333"
"LA FLORA","2016-03-22","","36.04166667"
"LA FLORA","2016-03-21","","27.18695652"
"LA FLORA","2016-03-20","","29.79545455"
"LA FLORA","2016-03-19","","46.70434783"
"LA FLORA","2016-03-18","","35.5"
"LA FLORA","2016-03-17","","34.15"
"LA FLORA","2016-03-16","","48.26666667"
"LA FLORA","2016-03-15","","62.03333333"
"LA FLORA","2016-03-14","","57.4625"
"LA FLORA","2016-03-13","","43.3375"
"LA FLORA","2016-03-12","","35.10833333"
"LA FLORA","2016-03-11","","36.4125"
"LA FLORA","2016-03-10","","48.725"
"LA FLORA","2016-03-09","","61.36818182"
"LA FLORA","2016-03-08","","54.17727273"
"LA FLORA","2016-03-07","","50.31904762"
"LA FLORA","2016-03-06","","24.66363636"
"LA FLORA","2016-03-05","","44.25909091"
"LA FLORA","2016-03-04","","23.05909091"
"LA FLORA","2016-03-03","","66.66315789"
"LA FLORA","2016-03-02","","24.96111111"
"LA FLORA","2016-03-01","","31.32916667"
"LA FLORA","2016-02-29","","34.14166667"
"LA FLORA","2016-02-28","","38.86666667"
"LA FLORA","2016-02-27","","35.8"
"LA FLORA","2016-02-26","","33.78333333"
"LA FLORA","2016-02-25","","45.24583333"
"LA FLORA","2016-02-24","","54.41363636"
"LA FLORA","2016-02-23","","43.71304348"
"LA FLORA","2016-02-22","","23.34166667"
"LA FLORA","2016-02-21","","17.02916667"
"LA FLORA","2016-02-20","","40.0125"
"LA FLORA","2016-02-19","","48.25416667"
"LA FLORA","2016-02-18","","39.51666667"
"LA FLORA","2016-02-17","","47.99565217"
"LA FLORA","2016-02-16","","59.58333333"
"LA FLORA","2016-02-15","","44.41666667"
"LA FLORA","2016-02-14","","34.75833333"
"LA FLORA","2016-02-13","","48.98695652"
"LA FLORA","2016-02-12","","41.25217391"
"LA FLORA","2016-02-11","","36.87083333"
"LA FLORA","2016-02-10","","48.27916667"
"LA FLORA","2016-02-09","","48.06521739"
"LA FLORA","2016-02-08","","43.85416667"
"LA FLORA","2016-02-07","","34.29565217"
"LA FLORA","2016-02-06","","53.83478261"
"LA FLORA","2016-02-05","","28.05833333"
"LA FLORA","2016-02-04","","32.49166667"
"LA FLORA","2016-02-03","","45.0173913"
"LA FLORA","2016-02-02","","56.06956522"
"LA FLORA","2016-02-01","","52.23636364"
"LA FLORA","2016-01-31","","36.74347826"
"LA FLORA","2016-01-30","","43.67619048"
"LA FLORA","2016-01-29","","50.37391304"
"LA FLORA","2016-01-28","","45.45"
"LA FLORA","2016-01-27","","52.8"
"LA FLORA","2016-01-26","","41.2875"
"LA FLORA","2016-01-25","","33.78333333"
"LA FLORA","2016-01-24","","35.33181818"
"LA FLORA","2016-01-23","","37.48571429"
"LA FLORA","2016-01-22","","49.92083333"
"LA FLORA","2016-01-21","","58.99090909"
"LA FLORA","2016-01-20","","58.91363636"
"LA FLORA","2016-01-19","","68.9047619"
"LA FLORA","2016-01-18","","50.62727273"
"LA FLORA","2016-01-17","","42.98095238"
"LA FLORA","2016-01-16","","55.185"
"LA FLORA","2016-01-15","","53.74090909"
"LA FLORA","2016-01-14","","47.65"
"LA FLORA","2016-01-13","","50.48571429"
"LA FLORA","2016-01-12","","40.79545455"
"LA FLORA","2016-01-11","","34.475"
"LA FLORA","2016-01-10","","28.39130435"
"LA FLORA","2016-01-09","","34.07391304"
"LA FLORA","2016-01-08","","37.28571429"
"LA FLORA","2016-01-07","","35.71818182"
"LA FLORA","2016-01-06","","33.19545455"
"LA FLORA","2016-01-05","","51.97272727"
"LA FLORA","2016-01-04","","37.14210526"
"LA FLORA","2016-01-03","","43.05"
"LA FLORA","2016-01-02","","39.365"
"LA FLORA","2016-01-01","","40.10454545"
"LA FLORA","2015-12-31","","47.16086957"
"LA FLORA","2015-12-30","","47.97142857"
"LA FLORA","2015-12-29","","57.83181818"
"LA FLORA","2015-12-28","","52.78333333"
"LA FLORA","2015-12-27","","42.93478261"
"LA FLORA","2015-12-26","","47.7"
"LA FLORA","2015-12-25","","34.1375"
"LA FLORA","2015-12-24","","57.19047619"
"LA FLORA","2015-12-23","","60.34545455"
"LA FLORA","2015-12-22","","53.64166667"
"LA FLORA","2015-12-21","","47.6125"
"LA FLORA","2015-12-20","","43.21666667"
"LA FLORA","2015-12-19","","58.67916667"
"LA FLORA","2015-12-18","","50.50833333"
"LA FLORA","2015-12-17","","43.525"
"LA FLORA","2015-12-16","","39.71666667"
"LA FLORA","2015-12-15","","36.625"
"LA FLORA","2015-12-14","","48.9375"
"LA FLORA","2015-12-13","","38.16666667"
"LA FLORA","2015-12-12","","51.2826087"
"LA FLORA","2015-12-11","","54.84166667"
"LA FLORA","2015-12-10","","56.95833333"
"LA FLORA","2015-12-09","","46.6125"
"LA FLORA","2015-12-08","","40.00833333"
"LA FLORA","2015-12-07","","47.81666667"
"LA FLORA","2015-12-06","","42.55833333"
"LA FLORA","2015-12-05","","52.18333333"
"LA FLORA","2015-12-04","","59.03333333"
"LA FLORA","2015-12-03","","61.47916667"
"LA FLORA","2015-12-02","","48.29583333"
"LA FLORA","2015-12-01","","39.15416667"
"LA FLORA","2015-11-30","","36.66666667"
"LA FLORA","2015-11-29","","32.5875"
"LA FLORA","2015-11-28","","42.5125"
"LA FLORA","2015-11-27","","50.39166667"
"LA FLORA","2015-11-26","","48.95833333"
"LA FLORA","2015-11-25","","41.02083333"
"LA FLORA","2015-11-24","","35.46666667"
"LA FLORA","2015-11-23","","41.78695652"
"LA FLORA","2015-11-22","","26.38333333"
"LA FLORA","2015-11-21","","36.03333333"
"LA FLORA","2015-11-20","","34.87916667"
"LA FLORA","2015-11-19","","33.64583333"
"LA FLORA","2015-11-18","","32.53913043"
"LA FLORA","2015-11-17","","19.90909091"
"LA FLORA","2015-11-16","","28.28333333"
"LA FLORA","2015-11-15","","32.9625"
"LA FLORA","2015-11-14","","44.99166667"
"LA FLORA","2015-11-13","","47.39583333"
"LA FLORA","2015-11-12","","44.69583333"
"LA FLORA","2015-11-11","","37.04166667"
"LA FLORA","2015-11-10","","44.3125"
"LA FLORA","2015-11-09","","39.37916667"
"LA FLORA","2015-11-08","","35.94166667"
"LA FLORA","2015-11-07","","22.925"
"LA FLORA","2015-11-06","","25.7875"
"LA FLORA","2015-11-05","","32.73333333"
"LA FLORA","2015-11-04","","38.22083333"
"LA FLORA","2015-11-03","","30.62083333"
"LA FLORA","2015-11-02","","15.71666667"
"LA FLORA","2015-11-01","","19.05"
"LA FLORA","2015-10-31","","36.5"
"LA FLORA","2015-10-30","","27.43333333"
"LA FLORA","2015-10-29","","36.56521739"
"LA FLORA","2015-10-28","","45.49583333"
"LA FLORA","2015-10-27","","35.20416667"
"LA FLORA","2015-10-26","","31.41666667"
"LA FLORA","2015-10-25","","15.42083333"
"LA FLORA","2015-10-24","","27.86666667"
"LA FLORA","2015-10-23","","41.05454545"
"LA FLORA","2015-10-22","","41.77083333"
"LA FLORA","2015-10-21","","46.2875"
"LA FLORA","2015-10-20","","36.90416667"
"LA FLORA","2015-10-19","","41.73333333"
"LA FLORA","2015-10-18","","28.01666667"
"LA FLORA","2015-10-17","","39.82916667"
"LA FLORA","2015-10-16","","26.75"
"LA FLORA","2015-10-15","","26.5875"
"LA FLORA","2015-10-14","","30.52916667"
"LA FLORA","2015-10-13","","39.24583333"
"LA FLORA","2015-10-12","","37.19583333"
"LA FLORA","2015-10-11","","21.875"
"LA FLORA","2015-10-10","","35.89583333"
"LA FLORA","2015-10-09","","40.55833333"
"LA FLORA","2015-10-08","","40.95"
"LA FLORA","2015-10-07","","43.6"
"LA FLORA","2015-10-06","","42.87083333"
"LA FLORA","2015-10-05","","30.78"
"LA FLORA","2015-08-29","","58.87142857"
"LA FLORA","2015-08-28","","49.83333333"
"LA FLORA","2015-08-27","","47.7875"
"LA FLORA","2015-08-26","","43.3375"
"LA FLORA","2015-08-25","","56.0125"
"LA FLORA","2015-08-24","","40.17826087"
"LA FLORA","2015-08-23","","39.1125"
"LA FLORA","2015-08-22","","50.66666667"
"LA FLORA","2015-08-21","","50.77916667"
"LA FLORA","2015-08-20","","45.29583333"
"LA FLORA","2015-08-19","","46.525"
"LA FLORA","2015-08-18","","40.82916667"
"LA FLORA","2015-08-17","","24.72083333"
"LA FLORA","2015-08-16","","30.425"
"LA FLORA","2015-08-15","","33.01666667"
"LA FLORA","2015-08-14","","34.90416667"
"LA FLORA","2015-08-13","","43.86666667"
"LA FLORA","2015-08-12","","44.05"
"LA FLORA","2015-08-11","","41.49583333"
"LA FLORA","2015-08-10","","33.9375"
"LA FLORA","2015-08-09","","31.01666667"
"LA FLORA","2015-08-08","","43.86666667"
"LA FLORA","2015-08-07","","41.74583333"
"LA FLORA","2015-08-06","","46.87916667"
"LA FLORA","2015-08-05","","44.34166667"
"LA FLORA","2015-08-04","","44.16666667"
"LA FLORA","2015-08-03","","51.2375"
"LA FLORA","2015-08-02","","41.75833333"
"LA FLORA","2015-08-01","","47.775"
"LA FLORA","2015-07-31","","46.59583333"
"LA FLORA","2015-07-30","","44.78333333"
"LA FLORA","2015-07-29","","41.83333333"
"LA FLORA","2015-07-28","","38.99166667"
"LA FLORA","2015-07-27","","42.95"
"LA FLORA","2015-07-26","","41.3125"
"LA FLORA","2015-07-25","","53.90416667"
"LA FLORA","2015-07-24","","52.50833333"
"LA FLORA","2015-07-23","","36.85"
"LA FLORA","2015-07-22","","25.1"
"LA FLORA","2015-07-21","","33.10416667"
"LA FLORA","2015-07-20","","13.32083333"
"LA FLORA","2015-07-19","","23.87083333"
"LA FLORA","2015-07-18","","45.4125"
"LA FLORA","2015-07-17","","42.65652174"
"LA FLORA","2015-07-16","","44.97826087"
"LA FLORA","2015-07-15","","55.4"
"LA FLORA","2015-07-14","","55.475"
"LA FLORA","2015-07-13","","34.47916667"
"LA FLORA","2015-07-12","","27.74166667"
"LA FLORA","2015-07-11","","36.975"
"LA FLORA","2015-07-10","","61.825"
"LA FLORA","2015-07-09","","38.72083333"
"LA FLORA","2015-07-08","","35.91666667"
"LA FLORA","2015-07-07","","37.00833333"
"LA FLORA","2015-07-06","","35.80833333"
"LA FLORA","2015-07-05","","48.525"
"LA FLORA","2015-07-04","","60.27916667"
"LA FLORA","2015-07-03","","50.8625"
"LA FLORA","2015-06-25","","57.10416667"
"LA FLORA","2015-06-24","","45.1375"
"LA FLORA","2015-06-23","","45.59166667"
"LA FLORA","2015-06-22","","38.5625"
"LA FLORA","2015-06-21","","29.3375"
"LA FLORA","2015-06-20","","49.125"
"LA FLORA","2015-06-19","","55.78333333"
"LA FLORA","2015-06-18","","46.275"
"LA FLORA","2015-06-17","","47.72083333"
"LA FLORA","2015-06-16","","43.72083333"
"LA FLORA","2015-06-15","","29.74166667"
"LA FLORA","2015-06-14","","37.62916667"
"LA FLORA","2015-06-13","","53.07916667"
"LA FLORA","2015-06-12","","46.59583333"
"LA FLORA","2015-06-11","","44.54583333"
"LA FLORA","2015-06-10","","32.46666667"
"LA FLORA","2015-06-09","","30.16666667"
"LA FLORA","2015-06-08","","21.99583333"
"LA FLORA","2015-06-07","","25.59583333"
"LA FLORA","2015-06-06","","27.83333333"
"LA FLORA","2015-06-05","","34.64583333"
"LA FLORA","2015-06-04","","36.55416667"
"LA FLORA","2015-06-03","","42.00416667"
"LA FLORA","2015-06-02","","45.37916667"
"LA FLORA","2015-06-01","","35.39166667"
"LA FLORA","2015-05-31","","27.9625"
"LA FLORA","2015-05-30","","44.18333333"
"LA FLORA","2015-05-29","","38.40666667"
"LA FLORA","2015-05-22","","40.3875"
"LA FLORA","2015-05-21","","27.06153846"
"LA FLORA","2015-05-15","","41.55555556"
"LA FLORA","2015-05-14","","60.54166667"
"LA FLORA","2015-05-13","","62.19047619"
"LA FLORA","2015-05-12","","61.90909091"
"LA FLORA","2015-05-11","","48.75"
"LA FLORA","2015-05-10","","33.54166667"
"LA FLORA","2015-05-09","","56.47826087"
"LA FLORA","2015-05-08","","70.91666667"
"LA FLORA","2015-05-07","","54.0"
"LA FLORA","2015-05-06","","43.30434783"
"LA FLORA","2015-05-05","","54.04166667"
"LA FLORA","2015-05-04","","43.375"
"LA FLORA","2015-05-03","","24.0"
"LA FLORA","2015-05-02","","47.875"
"LA FLORA","2015-05-01","","39.75"
"LA FLORA","2015-04-30","","63.95833333"
"LA FLORA","2015-04-29","","66.95833333"
"LA FLORA","2015-04-28","","61.25"
"LA FLORA","2015-04-27","","60.83333333"
"LA FLORA","2015-04-26","","46.625"
"LA FLORA","2015-04-25","","56.5"
"LA FLORA","2015-04-24","","53.0"
"LA FLORA","2015-04-23","","64.125"
"LA FLORA","2015-04-22","","50.20833333"
"LA FLORA","2015-04-21","","43.5"
"LA FLORA","2015-04-20","","36.58333333"
"LA FLORA","2015-04-19","","18.79166667"
"LA FLORA","2015-04-18","","49.75"
"LA FLORA","2015-04-17","","30.23809524"
"LA FLORA","2015-04-16","","21.8"
"LA FLORA","2015-04-15","","26.0"
"LA FLORA","2015-04-14","","34.5"
"LA FLORA","2015-04-13","","42.04166667"
"LA FLORA","2015-04-12","","36.16666667"
"LA FLORA","2015-04-11","","42.72727273"
"LA FLORA","2015-04-10","","56.17391304"
"LA FLORA","2015-04-09","","51.43478261"
"LA FLORA","2015-04-08","","37.65217391"
"LA FLORA","2015-04-07","","36.75"
"LA FLORA","2015-04-06","","46.16666667"
"LA FLORA","2015-04-05","","27.08333333"
"LA FLORA","2015-04-04","","28.58333333"
"LA FLORA","2015-04-03","","22.625"
"LA FLORA","2015-04-02","","28.58333333"
"LA FLORA","2015-04-01","","37.39130435"
"LA FLORA","2015-03-31","","51.79166667"
"LA FLORA","2015-03-30","","39.79166667"
"LA FLORA","2015-03-29","","21.86956522"
"LA FLORA","2015-03-28","","36.41666667"
"LA FLORA","2015-03-27","","54.75"
"LA FLORA","2015-03-26","","36.25"
"LA FLORA","2015-03-25","","40.625"
"LA FLORA","2015-03-24","","44.83333333"
"LA FLORA","2015-03-23","","34.08333333"
"LA FLORA","2015-03-22","","41.16666667"
"LA FLORA","2015-03-21","","34.58333333"
"LA FLORA","2015-03-20","","34.70833333"
"LA FLORA","2015-03-19","","48.54166667"
"LA FLORA","2015-03-18","","25.875"
"LA FLORA","2015-03-17","","38.0"
"LA FLORA","2015-03-16","","26.34782609"
"LA FLORA","2015-03-15","","39.95833333"
"LA FLORA","2015-03-14","","28.08333333"
"LA FLORA","2015-03-13","","47.75"
"LA FLORA","2015-03-12","","36.25"
"LA FLORA","2015-03-11","","38.58333333"
"LA FLORA","2015-03-10","","46.16666667"
"LA FLORA","2015-03-09","","44.95833333"
"LA FLORA","2015-03-08","","49.83333333"
"LA FLORA","2015-03-07","","44.47826087"
"LA FLORA","2015-03-06","","45.38095238"
"LA FLORA","2015-03-05","","46.20833333"
"LA FLORA","2015-03-04","","20.875"
"LA FLORA","2015-03-03","","34.91666667"
"LA FLORA","2015-03-02","","44.33333333"
"LA FLORA","2015-03-01","","23.08333333"
"LA FLORA","2015-02-28","","58.70833333"
"LA FLORA","2015-02-27","","43.30434783"
"LA FLORA","2015-02-26","","66.8"
"LA FLORA","2015-02-25","","51.20833333"
"LA FLORA","2015-02-24","","48.83333333"
"LA FLORA","2015-02-23","","60.2173913"
"LA FLORA","2015-02-22","","48.875"
"LA FLORA","2015-02-21","","56.66666667"
"LA FLORA","2015-02-20","","40.25"
"LA FLORA","2015-02-19","","42.81818182"
"LA FLORA","2015-02-18","","32.23076923"
"LA FLORA","2015-02-17","","41.28571429"
"LA FLORA","2015-02-16","","47.52173913"
"LA FLORA","2015-02-15","","39.20833333"
"LA FLORA","2015-02-14","","61.81818182"
"LA FLORA","2015-02-13","","57.05"
"LA FLORA","2015-02-12","","50.17391304"
"LA FLORA","2015-02-11","","49.91666667"
"LA FLORA","2015-02-10","","26.25"
"LA FLORA","2015-02-09","","24.0"
"LA FLORA","2015-02-08","","8.25"
"LA FLORA","2015-02-07","","28.0"
"LA FLORA","2015-02-06","","47.0"
"LA FLORA","2015-02-05","","51.5"
"LA FLORA","2015-02-04","","49.70833333"
"LA FLORA","2015-02-03","","42.45833333"
"LA FLORA","2015-02-02","","42.25"
"LA FLORA","2015-02-01","","29.20833333"
"LA FLORA","2015-01-31","","38.58333333"
"LA FLORA","2015-01-30","","39.41666667"
"LA FLORA","2015-01-29","","56.625"
"LA FLORA","2015-01-28","","73.91666667"
"LA FLORA","2015-01-27","","49.25"
"LA FLORA","2015-01-26","","49.0"
"LA FLORA","2015-01-25","","47.08333333"
"LA FLORA","2015-01-24","","49.29166667"
"LA FLORA","2015-01-23","","45.04166667"
"LA FLORA","2015-01-22","","20.95833333"
"LA FLORA","2015-01-21","","40.29166667"
"LA FLORA","2015-01-20","","43.83333333"
"LA FLORA","2015-01-19","","56.7826087"
"LA FLORA","2015-01-18","","20.18181818"
"LA FLORA","2015-01-17","","38.20833333"
"LA FLORA","2015-01-16","","56.45833333"
"LA FLORA","2015-01-15","","29.29166667"
"LA FLORA","2015-01-14","","28.93333333"
"LA FLORA","2015-01-06","","65.91666667"
"LA FLORA","2015-01-05","","42.5"
"LA FLORA","2015-01-04","","35.16666667"
"LA FLORA","2015-01-03","","39.75"
"LA FLORA","2015-01-02","","37.70833333"
"LA FLORA","2015-01-01","","41.0"
"LA FLORA","2014-12-31","","50.875"
"LA FLORA","2014-12-30","","44.83333333"
"LA FLORA","2014-12-29","","54.08333333"
"LA FLORA","2014-12-28","","42.41666667"
"LA FLORA","2014-12-27","","52.16666667"
"LA FLORA","2014-12-26","","49.41666667"
"LA FLORA","2014-12-25","","34.16666667"
"LA FLORA","2014-12-24","","47.33333333"
"LA FLORA","2014-12-23","","65.33333333"
"LA FLORA","2014-12-22","","72.70833333"
"LA FLORA","2014-12-21","","49.20833333"
"LA FLORA","2014-12-20","","56.625"
"LA FLORA","2014-12-19","","53.83333333"
"LA FLORA","2014-12-18","","45.66666667"
"LA FLORA","2014-12-17","","42.75"
"LA FLORA","2014-12-16","","77.58333333"
"LA FLORA","2014-12-15","","57.58333333"
"LA FLORA","2014-12-14","","30.0"
"LA FLORA","2014-12-13","","24.08695652"
"LA FLORA","2014-12-12","","55.08333333"
"LA FLORA","2014-12-11","","43.16666667"
"LA FLORA","2014-12-10","","48.0"
"LA FLORA","2014-12-09","","33.91666667"
"LA FLORA","2014-12-08","","37.16666667"
"LA FLORA","2014-12-07","","45.66666667"
"LA FLORA","2014-12-06","","47.54166667"
"LA FLORA","2014-12-05","","39.70833333"
"LA FLORA","2014-12-04","","51.66666667"
"LA FLORA","2014-12-03","","58.58333333"
"LA FLORA","2014-12-02","","54.875"
"LA FLORA","2014-12-01","","57.79166667"
"LA FLORA","2014-11-30","","51.70833333"
"LA FLORA","2014-11-29","","62.75"
"LA FLORA","2014-11-28","","62.95833333"
"LA FLORA","2014-11-27","","45.54166667"
"LA FLORA","2014-11-26","","25.91666667"
"LA FLORA","2014-11-25","","63.375"
"LA FLORA","2014-11-24","","58.25"
"LA FLORA","2014-11-23","","43.58333333"
"LA FLORA","2014-11-22","","34.04166667"
"LA FLORA","2014-11-21","","60.04166667"
"LA FLORA","2014-11-20","","75.125"
"LA FLORA","2014-11-19","","38.95652174"
"LA FLORA","2014-11-18","","27.25"
"LA FLORA","2014-11-15","","50.125"
"LA FLORA","2014-11-14","","56.58333333"
"LA FLORA","2014-11-13","","53.45833333"
"LA FLORA","2014-11-12","","29.0"
"LA FLORA","2014-11-11","","32.33333333"
"LA FLORA","2014-11-10","","31.375"
"LA FLORA","2014-11-09","","34.58333333"
"LA FLORA","2014-11-08","","39.04166667"
"LA FLORA","2014-11-07","","50.04166667"
"LA FLORA","2014-11-06","","41.73913043"
"LA FLORA","2014-11-05","","32.20833333"
"LA FLORA","2014-11-04","","30.625"
"LA FLORA","2014-11-03","","51.0"
"LA FLORA","2014-11-02","","39.125"
"LA FLORA","2014-11-01","","51.91666667"
"LA FLORA","2014-10-31","","40.83333333"
"LA FLORA","2014-10-30","","38.33333333"
"LA FLORA","2014-10-29","","50.0"
"LA FLORA","2014-10-28","","54.83333333"
"LA FLORA","2014-10-27","","47.91304348"
"LA FLORA","2014-10-26","","23.17391304"
"LA FLORA","2014-10-25","","44.05882353"
"LA FLORA","2014-10-24","","60.5"
"LA FLORA","2014-10-23","","53.0"
"LA FLORA","2014-10-22","","54.29166667"
"LA FLORA","2014-10-21","","63.5"
"LA FLORA","2014-10-20","","44.5"
"LA FLORA","2014-10-19","","22.125"
"LA FLORA","2014-10-18","","29.08333333"
"LA FLORA","2014-10-17","","52.0"
"LA FLORA","2014-10-16","","55.5"
"LA FLORA","2014-10-15","","55.36363636"
"LA FLORA","2014-10-14","","52.5"
"LA FLORA","2014-10-13","","38.125"
"LA FLORA","2014-10-12","","53.0"
"LA FLORA","2014-10-11","","46.04347826"
"LA FLORA","2014-10-10","","43.20833333"
"LA FLORA","2014-10-09","","39.16666667"
"LA FLORA","2014-10-08","","31.75"
"LA FLORA","2014-10-07","","30.86956522"
"LA FLORA","2014-10-06","","31.25"
"LA FLORA","2014-10-05","","28.83333333"
"LA FLORA","2014-10-04","","39.75"
"LA FLORA","2014-10-03","","64.66666667"
"LA FLORA","2014-10-02","","76.29166667"
"LA FLORA","2014-10-01","","74.75"
"LA FLORA","2014-09-30","","58.04347826"
"LA FLORA","2014-09-29","","48.25"
"LA FLORA","2014-09-28","","34.33333333"
"LA FLORA","2014-09-27","","59.45833333"
"LA FLORA","2014-09-26","","64.95833333"
"LA FLORA","2014-09-25","","45.29166667"
"LA FLORA","2014-09-24","","44.375"
"LA FLORA","2014-09-23","","52.16666667"
"LA FLORA","2014-09-22","","27.25"
"LA FLORA","2014-09-21","","45.33333333"
"LA FLORA","2014-09-20","","44.625"
"LA FLORA","2014-09-19","","51.54166667"
"LA FLORA","2014-09-18","","41.125"
"LA FLORA","2014-09-17","","47.0"
"LA FLORA","2014-09-16","","48.13043478"
"LA FLORA","2014-09-15","","36.42857143"
"LA FLORA","2014-09-12","","37.875"
"LA FLORA","2014-09-11","","45.125"
"LA FLORA","2014-09-10","","57.125"
"LA FLORA","2014-09-09","","57.83333333"
"LA FLORA","2014-09-08","","53.375"
"LA FLORA","2014-09-07","","51.95833333"
"LA FLORA","2014-09-06","","62.875"
"LA FLORA","2014-09-05","","66.13043478"
"LA FLORA","2014-09-04","","51.375"
"LA FLORA","2014-09-03","","58.79166667"
"LA FLORA","2014-09-02","","47.0952381"
"LA FLORA","2014-09-01","","56.125"
"LA FLORA","2014-08-31","","49.91666667"
"LA FLORA","2014-08-30","","57.91666667"
"LA FLORA","2014-08-29","","64.66666667"
"LA FLORA","2014-08-28","","56.04347826"
"LA FLORA","2014-08-27","","48.45833333"
"LA FLORA","2014-08-26","","54.0"
"LA FLORA","2014-08-25","","54.83333333"
"LA FLORA","2014-08-24","","45.29166667"
"LA FLORA","2014-08-23","","47.0"
"LA FLORA","2014-08-22","","71.16666667"
"LA FLORA","2014-08-21","","60.875"
"LA FLORA","2014-08-20","","61.58333333"
"LA FLORA","2014-08-19","","49.1"
"LA FLORA","2014-08-18","","48.625"
"LA FLORA","2014-08-17","","52.71428571"
"LA FLORA","2014-08-16","","76.0"
"LA FLORA","2014-08-15","","61.75"
"LA FLORA","2014-08-14","","58.29166667"
"LA FLORA","2014-08-13","","48.20833333"
"LA FLORA","2014-08-12","","48.41666667"
"LA FLORA","2014-08-11","","44.33333333"
"LA FLORA","2014-08-10","","42.875"
"LA FLORA","2014-08-09","","39.16666667"
"LA FLORA","2014-08-08","","52.66666667"
"LA FLORA","2014-08-07","","41.125"
"LA FLORA","2014-08-06","","71.0"
"LA FLORA","2014-08-05","","65.91666667"
"LA FLORA","2014-08-04","","63.0"
"LA FLORA","2014-08-03","","48.13043478"
"LA FLORA","2014-08-02","","80.08333333"
"LA FLORA","2014-08-01","","90.75"
"LA FLORA","2014-07-22","","61.66666667"
"LA FLORA","2014-07-21","","49.91666667"
"LA FLORA","2014-07-20","","45.375"
"LA FLORA","2014-07-19","","59.95652174"
"LA FLORA","2014-07-18","","55.83333333"
"LA FLORA","2014-07-17","","65.45833333"
"LA FLORA","2014-07-16","","75.875"
"LA FLORA","2014-07-15","","58.08333333"
"LA FLORA","2014-07-14","","50.125"
"LA FLORA","2014-07-13","","47.20833333"
"LA FLORA","2014-07-12","","66.125"
"LA FLORA","2014-07-11","","71.54166667"
"LA FLORA","2014-07-10","","82.29166667"
"LA FLORA","2014-07-09","","71.66666667"
"LA FLORA","2014-07-08","","50.08333333"
"LA FLORA","2014-07-07","","57.95833333"
"LA FLORA","2014-07-06","","38.20833333"
"LA FLORA","2014-07-05","","42.95833333"
"LA FLORA","2014-07-04","","49.125"
"LA FLORA","2014-07-03","","50.91666667"
"LA FLORA","2014-07-02","","34.66666667"
"LA FLORA","2014-07-01","","46.4"
"LA FLORA","2014-06-30","","32.68181818"
"LA FLORA","2014-06-29","","44.0"
"LA FLORA","2014-06-28","","58.20833333"
"LA FLORA","2014-06-27","","61.875"
"LA FLORA","2014-06-26","","48.33333333"
"LA FLORA","2014-06-25","","35.125"
"LA FLORA","2014-06-13","","57.92307692"
"LA FLORA","2014-06-12","","52.33333333"
"LA FLORA","2014-06-11","","50.95833333"
"LA FLORA","2014-06-10","","58.0"
"LA FLORA","2014-06-09","","42.47826087"
"LA FLORA","2014-06-08","","29.66666667"
"LA FLORA","2014-06-07","","43.17391304"
"LA FLORA","2014-06-06","","54.20833333"
"LA FLORA","2014-06-05","","52.08333333"
"LA FLORA","2014-06-04","","59.34782609"
"LA FLORA","2014-06-03","","40.95454545"
"LA FLORA","2014-06-02","","22.33333333"
"LA FLORA","2014-06-01","","31.45833333"
"LA FLORA","2014-05-31","","40.0"
"LA FLORA","2014-05-30","","57.83333333"
"LA FLORA","2014-05-29","","30.15384615"
"LA FLORA","2014-05-28","","74.0"
"LA FLORA","2014-05-27","","81.29166667"
"LA FLORA","2014-05-26","","67.08333333"
"LA FLORA","2014-05-25","","46.25"
"LA FLORA","2014-05-24","","46.66666667"
"LA FLORA","2014-05-23","","58.16666667"
"LA FLORA","2014-05-22","","64.79166667"
"LA FLORA","2014-05-21","","54.5"
"LA FLORA","2014-05-20","","44.95833333"
"LA FLORA","2014-05-19","","52.45833333"
"LA FLORA","2014-05-18","","39.29166667"
"LA FLORA","2014-05-17","","48.20833333"
"LA FLORA","2014-05-16","","59.5"
"LA FLORA","2014-05-15","","51.125"
"LA FLORA","2014-05-14","","50.95833333"
"LA FLORA","2014-05-13","","61.29166667"
"LA FLORA","2014-05-12","","46.04166667"
"LA FLORA","2014-05-11","","25.79166667"
"LA FLORA","2014-05-10","","41.91666667"
"LA FLORA","2014-05-09","","20.33333333"
"LA FLORA","2014-05-08","","37.45833333"
"LA FLORA","2014-05-07","","46.25"
"LA FLORA","2014-05-06","","65.58333333"
"LA FLORA","2014-05-05","","53.45833333"
"LA FLORA","2014-05-04","","34.41666667"
"LA FLORA","2014-05-03","","44.08333333"
"LA FLORA","2014-05-02","","44.41666667"
"LA FLORA","2014-05-01","","50.125"
"LA FLORA","2014-04-30","","59.34782609"
"LA FLORA","2014-04-29","","36.08333333"
"LA FLORA","2014-04-28","","40.45833333"
"LA FLORA","2014-04-27","","29.45833333"
"LA FLORA","2014-04-26","","30.75"
"LA FLORA","2014-04-25","","52.45833333"
"LA FLORA","2014-04-24","","49.875"
"LA FLORA","2014-04-23","","32.43478261"
"LA FLORA","2014-04-22","","47.625"
"LA FLORA","2014-04-21","","35.28571429"
"LA FLORA","2014-04-17","","38.88888889"
"LA FLORA","2014-04-16","","46.75"
"LA FLORA","2014-04-15","","38.45833333"
"LA FLORA","2014-04-14","","51.41666667"
"LA FLORA","2014-04-13","","50.95833333"
"LA FLORA","2014-04-12","","72.625"
"LA FLORA","2014-04-11","","67.7826087"
"LA FLORA","2014-04-10","","56.70833333"
"LA FLORA","2014-04-09","","57.75"
"LA FLORA","2014-04-08","","49.8"
"LA FLORA","2014-04-07","","36.41666667"
"LA FLORA","2014-04-06","","41.81818182"
"LA FLORA","2014-04-05","","53.58333333"
"LA FLORA","2014-04-04","","58.375"
"LA FLORA","2014-04-03","","64.58333333"
"LA FLORA","2014-04-02","","65.08333333"
"LA FLORA","2014-04-01","","71.20833333"
"LA FLORA","2014-03-31","","53.33333333"
"LA FLORA","2014-03-30","","40.79166667"
"LA FLORA","2014-03-29","","46.75"
"LA FLORA","2014-03-28","","67.30434783"
"LA FLORA","2014-03-27","","67.66666667"
"LA FLORA","2014-03-26","","60.70833333"
"LA FLORA","2014-03-25","","54.375"
"LA FLORA","2014-03-24","","37.33333333"
"LA FLORA","2014-03-23","","39.5"
"LA FLORA","2014-03-22","","59.83333333"
"LA FLORA","2014-03-21","","52.625"
"LA FLORA","2014-03-20","","54.29166667"
"LA FLORA","2014-03-19","","62.54166667"
"LA FLORA","2014-03-18","","38.91666667"
"LA FLORA","2014-03-17","","33.54166667"
"LA FLORA","2014-03-16","","45.08333333"
"LA FLORA","2014-03-15","","53.54166667"
"LA FLORA","2014-03-14","","59.20833333"
"LA FLORA","2014-03-13","","67.5"
"LA FLORA","2014-03-12","","54.72727273"
"LA FLORA","2014-03-11","","60.86363636"
"LA FLORA","2014-03-10","","38.05"
"LA FLORA","2014-03-09","","27.54545455"
"LA FLORA","2014-03-08","","36.09090909"
"LA FLORA","2014-03-07","","45.70833333"
"LA FLORA","2014-03-06","","47.375"
"LA FLORA","2014-03-05","","55.46153846"
"LA FLORA","2014-02-28","","56.1875"
"LA FLORA","2014-02-27","","39.08333333"
"LA FLORA","2014-02-26","","43.91666667"
"LA FLORA","2014-02-25","","39.75"
"LA FLORA","2014-02-24","","44.95833333"
"LA FLORA","2014-02-23","","35.41666667"
"LA FLORA","2014-02-22","","50.09090909"
"LA FLORA","2014-02-21","","42.90909091"
"LA FLORA","2014-02-20","","41.5"
"LA FLORA","2014-02-19","","49.5"
"LA FLORA","2014-02-18","","54.95833333"
"LA FLORA","2014-02-17","","51.33333333"
"LA FLORA","2014-02-16","","45.91666667"
"LA FLORA","2014-02-15","","56.58333333"
"LA FLORA","2014-02-14","","50.16666667"
"LA FLORA","2014-02-13","","30.16666667"
"LA FLORA","2014-02-12","","33.79166667"
"LA FLORA","2014-02-11","","65.5"
"LA FLORA","2014-02-10","","45.625"
"LA FLORA","2014-02-09","","47.04166667"
"LA FLORA","2014-02-08","","61.20833333"
"LA FLORA","2014-02-07","","82.95833333"
"LA FLORA","2014-02-06","","76.3"
"LA FLORA","2014-02-05","","37.125"
"LA FLORA","2014-02-04","","57.375"
"LA FLORA","2014-02-03","","55.29166667"
"LA FLORA","2014-02-02","","32.79166667"
"LA FLORA","2014-02-01","","53.20833333"
"LA FLORA","2014-01-31","","58.33333333"
"LA FLORA","2014-01-30","","35.04166667"
"LA FLORA","2014-01-29","","43.04166667"
"LA FLORA","2014-01-28","","53.20833333"
"LA FLORA","2014-01-27","","52.79166667"
"LA FLORA","2014-01-26","","19.83333333"
"LA FLORA","2014-01-25","","47.83333333"
"LA FLORA","2014-01-24","","47.83333333"
"LA FLORA","2014-01-23","","53.70833333"
"LA FLORA","2014-01-22","","47.58333333"
"LA FLORA","2014-01-21","","45.91666667"
"LA FLORA","2014-01-20","","35.70833333"
"LA FLORA","2014-01-19","","47.66666667"
"LA FLORA","2014-01-18","","57.79166667"
"LA FLORA","2014-01-17","","55.45833333"
"LA FLORA","2014-01-16","","62.375"
"LA FLORA","2014-01-15","","41.375"
"LA FLORA","2014-01-14","","51.0"
"LA FLORA","2014-01-13","","40.70833333"
"LA FLORA","2014-01-12","","44.83333333"
"LA FLORA","2014-01-11","","37.16666667"
"LA FLORA","2014-01-10","","23.625"
"LA FLORA","2014-01-09","","36.04166667"
"LA FLORA","2014-01-08","","30.0"
"LA FLORA","2014-01-07","","25.16666667"
"LA FLORA","2014-01-06","","13.625"
"LA FLORA","2014-01-05","","29.41666667"
"LA FLORA","2014-01-04","","28.33333333"
"LA FLORA","2014-01-03","","28.125"
"LA FLORA","2014-01-02","","25.875"
"LA FLORA","2014-01-01","","18.04166667"
"LA FLORA","2013-12-31","","30.29166667"
"LA FLORA","2013-12-30","","38.33333333"
"LA FLORA","2013-12-29","","40.79166667"
"LA FLORA","2013-12-28","","58.79166667"
"LA FLORA","2013-12-27","","55.2173913"
"LA FLORA","2013-12-26","","44.91666667"
"LA FLORA","2013-12-25","","38.82608696"
"LA FLORA","2013-12-24","","44.45833333"
"LA FLORA","2013-12-23","","18.58333333"
"LA FLORA","2013-12-22","","24.45833333"
"LA FLORA","2013-12-21","","27.29166667"
"LA FLORA","2013-12-20","","52.25"
"LA FLORA","2013-12-19","","42.20833333"
"LA FLORA","2013-12-18","","33.875"
"LA FLORA","2013-12-17","","34.75"
"LA FLORA","2013-12-16","","34.91666667"
"LA FLORA","2013-12-15","","39.08333333"
"LA FLORA","2013-12-14","","54.91666667"
"LA FLORA","2013-12-13","","34.875"
"LA FLORA","2013-12-12","","57.25"
"LA FLORA","2013-12-11","","70.16666667"
"LA FLORA","2013-12-10","","58.13636364"
"LA FLORA","2013-12-09","","59.08333333"
"LA FLORA","2013-12-08","","19.79166667"
"LA FLORA","2013-12-07","","35.25"
"LA FLORA","2013-12-06","","59.83333333"
"LA FLORA","2013-12-05","","55.91666667"
"LA FLORA","2013-12-04","","46.41666667"
"LA FLORA","2013-12-03","","41.64285714"
"LA FLORA","2013-12-02","","31.0"
"LA FLORA","2013-12-01","","43.5"
"LA FLORA","2013-11-30","","23.47826087"
"LA FLORA","2013-11-29","","40.45833333"
"LA FLORA","2013-11-28","","47.625"
"LA FLORA","2013-11-27","","40.16666667"
"LA FLORA","2013-11-26","","51.0"
"LA FLORA","2013-11-25","","37.43478261"
"LA FLORA","2013-11-24","","23.58333333"
"LA FLORA","2013-11-23","","36.0"
"LA FLORA","2013-11-22","","45.58333333"
"LA FLORA","2013-11-21","","41.29166667"
"LA FLORA","2013-11-20","","32.83333333"
"LA FLORA","2013-11-19","","37.66666667"
"LA FLORA","2013-11-18","","31.20833333"
"LA FLORA","2013-11-17","","33.08333333"
"LA FLORA","2013-11-16","","42.70833333"
"LA FLORA","2013-11-15","","43.70833333"
"LA FLORA","2013-11-14","","52.04166667"
"LA FLORA","2013-11-13","","47.375"
"LA FLORA","2013-11-12","","37.45833333"
"LA FLORA","2013-11-11","","31.25"
"LA FLORA","2013-11-10","","30.33333333"
"LA FLORA","2013-11-09","","30.25"
"LA FLORA","2013-11-08","","38.04166667"
"LA FLORA","2013-11-07","","43.45833333"
"LA FLORA","2013-11-06","","54.33333333"
"LA FLORA","2013-11-05","","51.5"
"LA FLORA","2013-11-04","","19.70833333"
"LA FLORA","2013-11-03","","25.54166667"
"LA FLORA","2013-11-02","","39.66666667"
"LA FLORA","2013-11-01","","37.83333333"
"LA FLORA","2013-10-31","","28.5"
"LA FLORA","2013-10-30","","39.91666667"
"LA FLORA","2013-10-29","","34.45833333"
"LA FLORA","2013-10-28","","39.83333333"
"LA FLORA","2013-10-27","","31.95454545"
"LA FLORA","2013-10-26","","36.5"
"LA FLORA","2013-10-25","","49.26086957"
"LA FLORA","2013-10-24","","55.95454545"
"LA FLORA","2013-10-23","","52.20833333"
"LA FLORA","2013-10-22","","37.90909091"
"LA FLORA","2013-10-21","","33.75"
"LA FLORA","2013-10-20","","35.95833333"
"LA FLORA","2013-10-19","","52.83333333"
"LA FLORA","2013-10-18","","47.5"
"LA FLORA","2013-10-17","","43.35294118"
"LA FLORA","2013-10-16","","38.04347826"
"LA FLORA","2013-10-15","","42.29166667"
"LA FLORA","2013-10-14","","18.20833333"
"LA FLORA","2013-10-13","","19.66666667"
"LA FLORA","2013-10-12","","20.2173913"
"LA FLORA","2013-10-11","","41.04166667"
"LA FLORA","2013-10-10","","44.54166667"
"LA FLORA","2013-10-09","","48.83333333"
"LA FLORA","2013-10-08","","55.95833333"
"LA FLORA","2013-10-07","","47.08333333"
"LA FLORA","2013-10-06","","35.33333333"
"LA FLORA","2013-10-05","","34.79166667"
"LA FLORA","2013-10-04","","41.79166667"
"LA FLORA","2013-10-03","","23.47826087"
"LA FLORA","2013-10-02","","36.20833333"
"LA FLORA","2013-10-01","","40.04347826"
"LA FLORA","2013-09-30","","31.45833333"
"LA FLORA","2013-09-29","","10.08333333"
"LA FLORA","2013-09-28","","31.625"
"LA FLORA","2013-09-27","","44.15789474"
"LA FLORA","2013-09-26","","28.71428571"
"LA FLORA","2013-09-04","","36.58888889"
"LA FLORA","2013-09-03","","28.69583333"
"LA FLORA","2013-09-02","","38.18333333"
"LA FLORA","2013-09-01","","31.18333333"
"LA FLORA","2013-08-17","","105.55"
"LA FLORA","2013-08-16","","94.82"
"LA FLORA","2013-08-15","","81.33636364"
"LA FLORA","2013-08-14","","87.07857143"
"LA FLORA","2013-08-13","","70.62727273"
"LA FLORA","2013-08-12","","63.45333333"
"LA FLORA","2013-08-11","","64.86153846"
"LA FLORA","2013-08-10","","57.52727273"
"LA FLORA","2013-08-09","","63.84705882"
"LA FLORA","2013-08-08","","59.11666667"
"LA FLORA","2013-08-07","","34.35217391"
"LA FLORA","2013-08-06","","34.53333333"
"LA FLORA","2013-08-05","","29.24583333"
"LA FLORA","2013-08-04","","27.32916667"
"LA FLORA","2013-08-03","","32.06666667"
"LA FLORA","2013-08-02","","24.7875"
"LA FLORA","2013-08-01","","37.78333333"
"LA FLORA","2013-07-31","","49.70416667"
"LA FLORA","2013-07-30","","30.27916667"
"LA FLORA","2013-07-29","","31.5"
"LA FLORA","2013-07-28","","30.39583333"
"LA FLORA","2013-07-27","","38.20833333"
"LA FLORA","2013-07-26","","38.83333333"
"LA FLORA","2013-07-25","","43.575"
"LA FLORA","2013-07-24","","31.675"
"LA FLORA","2013-07-23","","37.49166667"
"LA FLORA","2013-07-22","","31.16666667"
"LA FLORA","2013-07-21","","15.37916667"
"LA FLORA","2013-07-20","","44.2375"
"LA FLORA","2013-07-19","","37.44166667"
"LA FLORA","2013-07-18","","36.93333333"
"LA FLORA","2013-07-17","","45.99583333"
"LA FLORA","2013-07-16","","41.25833333"
"LA FLORA","2013-07-15","","31.51666667"
"LA FLORA","2013-07-14","","24.57916667"
"LA FLORA","2013-07-13","","15.85833333"
"LA FLORA","2013-07-12","","23.525"
"LA FLORA","2013-07-11","","26.22916667"
"LA FLORA","2013-07-10","","40.525"
"LA FLORA","2013-07-09","","29.73333333"
"LA FLORA","2013-07-08","","26.3875"
"LA FLORA","2013-07-07","","27.2"
"LA FLORA","2013-07-06","","31.9625"
"LA FLORA","2013-07-05","","33.83333333"
"LA FLORA","2013-07-04","","29.175"
"LA FLORA","2013-07-03","","33.8"
"LA FLORA","2013-07-02","","23.33333333"
"LA FLORA","2013-07-01","","9.57916667"
"LA FLORA","2013-06-30","","22.85833333"
"LA FLORA","2013-06-29","","21.60416667"
"LA FLORA","2013-06-28","","16.85416667"
"LA FLORA","2013-06-27","","27.6875"
"LA FLORA","2013-06-26","","32.7625"
"LA FLORA","2013-06-25","","16.42083333"
"LA FLORA","2013-06-24","","13.8875"
"LA FLORA","2013-06-23","","29.86666667"
"LA FLORA","2013-06-22","","37.02916667"
"LA FLORA","2013-06-21","","34.98333333"
"LA FLORA","2013-06-20","","32.40833333"
"LA FLORA","2013-06-19","","18.5"
"LA FLORA","2013-06-18","","28.22916667"
"LA FLORA","2013-06-17","","10.81538462"
"LA FLORA","2013-06-08","","50.775"
"LA FLORA","2013-06-07","","39.71666667"
"LA FLORA","2013-06-06","","33.875"
"LA FLORA","2013-06-05","","28.3"
"LA FLORA","2013-06-04","","33.64166667"
"LA FLORA","2013-06-03","","23.37916667"
"LA FLORA","2013-06-02","","14.98333333"
"LA FLORA","2013-06-01","","14.3125"
"LA FLORA","2013-05-31","","16.56666667"
"LA FLORA","2013-05-30","","23.11666667"
"LA FLORA","2013-05-29","","22.20416667"
"LA FLORA","2013-05-28","","22.3625"
"LA FLORA","2013-05-27","","24.6625"
"LA FLORA","2013-05-26","","21.16666667"
"LA FLORA","2013-05-25","","39.7125"
"LA FLORA","2013-05-24","","29.90833333"
"LA FLORA","2013-05-23","","15.0"
"LA FLORA","2013-05-22","","20.75416667"
"LA FLORA","2013-05-21","","10.99583333"
"LA FLORA","2013-05-20","","24.12916667"
"LA FLORA","2013-05-19","","18.97083333"
"LA FLORA","2013-05-18","","31.73333333"
"LA FLORA","2013-05-17","","22.86666667"
"LA FLORA","2013-05-16","","13.46666667"
"LA FLORA","2013-05-15","","14.2375"
"LA FLORA","2013-05-14","","24.625"
"LA FLORA","2013-05-13","","19.46666667"
"LA FLORA","2013-05-12","","22.82916667"
"LA FLORA","2013-05-11","","23.37916667"
"LA FLORA","2013-05-10","","25.38333333"
"LA FLORA","2013-05-09","","19.2875"
"LA FLORA","2013-05-08","","33.35416667"
"LA FLORA","2013-05-07","","35.00416667"
"LA FLORA","2013-05-06","","22.125"
"LA FLORA","2013-05-05","","19.6125"
"LA FLORA","2013-05-04","","62.39166667"
"LA FLORA","2013-05-03","","28.62083333"
"LA FLORA","2013-05-02","","9.50416667"
"LA FLORA","2013-05-01","","17.3875"
"LA FLORA","2013-04-30","","24.80416667"
"LA FLORA","2013-04-29","","26.65384615"
"LA FLORA","2013-04-24","","43.15"
"LA FLORA","2013-04-23","","24.3826087"
"LA FLORA","2013-04-22","","12.95416667"
"LA FLORA","2013-04-21","","18.17916667"
"LA FLORA","2013-04-20","","11.82916667"
"LA FLORA","2013-04-19","","14.62083333"
"LA FLORA","2013-04-18","","19.375"
"LA FLORA","2013-04-17","","34.84583333"
"LA FLORA","2013-04-16","","26.80416667"
"LA FLORA","2013-04-15","","8.7"
"LA FLORA","2013-04-14","","12.5"
"LA FLORA","2013-04-13","","38.3375"
"LA FLORA","2013-04-12","","27.55333333"
"LA FLORA","2013-04-11","","15.77142857"
"LA FLORA","2013-04-10","","35.44166667"
"LA FLORA","2013-04-09","","33.27083333"
"LA FLORA","2013-04-08","","26.13333333"
"LA FLORA","2013-04-07","","15.2125"
"LA FLORA","2013-04-06","","38.13333333"
"LA FLORA","2013-04-05","","37.195"
"LA FLORA","2013-04-04","","40.3625"
"LA FLORA","2013-04-03","","37.425"
"LA FLORA","2013-04-02","","34.1375"
"LA FLORA","2013-04-01","","16.04583333"
"LA FLORA","2013-03-31","","9.5125"
"LA FLORA","2013-03-30","","8.29166667"
"LA FLORA","2013-03-29","","7.04166667"
"LA FLORA","2013-03-28","","11.33333333"
"LA FLORA","2013-03-27","","13.28333333"
"LA FLORA","2013-03-26","","6.54166667"
"LA FLORA","2013-03-25","","6.4"
"LA FLORA","2013-03-24","","8.65416667"
"LA FLORA","2013-03-23","","14.04583333"
"LA FLORA","2013-03-22","","10.3375"
"LA FLORA","2013-03-21","","10.04583333"
"LA FLORA","2013-03-20","","8.04583333"
"LA FLORA","2013-03-19","","7.94166667"
"LA FLORA","2013-03-18","","5.72083333"
"LA FLORA","2013-03-17","","6.1875"
"LA FLORA","2013-03-16","","5.725"
"LA FLORA","2013-03-15","","6.41666667"
"LA FLORA","2013-03-14","","7.38333333"
"LA FLORA","2013-03-13","","6.1375"
"LA FLORA","2013-03-12","","7.00833333"
"LA FLORA","2013-03-11","","4.49583333"
"LA FLORA","2013-03-10","","7.63333333"
"LA FLORA","2013-03-09","","8.55416667"
"LA FLORA","2013-03-08","","8.47083333"
"LA FLORA","2013-03-07","","5.69583333"
"LA FLORA","2013-03-06","","7.81578947"
"LA FLORA","2013-03-05","","23.92083333"
"LA FLORA","2013-03-04","","26.0125"
"LA FLORA","2013-03-03","","31.34583333"
"LA FLORA","2013-03-02","","34.43333333"
"LA FLORA","2013-03-01","","25.18333333"
"LA FLORA","2013-02-28","","23.05833333"
"LA FLORA","2013-02-27","","35.54583333"
"LA FLORA","2013-02-26","","33.1"
"LA FLORA","2013-02-25","","25.54583333"
"LA FLORA","2013-02-24","","8.42083333"
"LA FLORA","2013-02-23","","31.49583333"
"LA FLORA","2013-02-22","","36.05"
"LA FLORA","2013-02-21","","23.75"
"LA FLORA","2013-02-20","","38.19166667"
"LA FLORA","2013-02-19","","46.10833333"
"LA FLORA","2013-02-18","","21.32083333"
"LA FLORA","2013-02-17","","15.27083333"
"LA FLORA","2013-02-16","","32.91666667"
"LA FLORA","2013-02-15","","70.11666667"
"LA FLORA","2013-02-14","","25.12916667"
"LA FLORA","2013-02-13","","27.21666667"
"LA FLORA","2013-02-12","","26.33333333"
"LA FLORA","2013-02-11","","32.95"
"LA FLORA","2013-02-10","","11.90416667"
"LA FLORA","2013-02-09","","7.9125"
"LA FLORA","2013-02-08","","16.7125"
"LA FLORA","2013-02-07","","24.4375"
"LA FLORA","2013-02-06","","20.13333333"
"LA FLORA","2013-02-05","","14.84583333"
"LA FLORA","2013-02-04","","12.14166667"
"LA FLORA","2013-02-03","","7.02916667"
"LA FLORA","2013-02-02","","8.91666667"
"LA FLORA","2013-02-01","","12.87826087"
"LA FLORA","2013-01-31","","28.41666667"
"LA FLORA","2013-01-30","","29.57916667"
"LA FLORA","2013-01-29","","28.25833333"
"LA FLORA","2013-01-28","","30.97083333"
"LA FLORA","2013-01-27","","24.36666667"
"LA FLORA","2013-01-26","","28.65833333"
"LA FLORA","2013-01-25","","35.4125"
"LA FLORA","2013-01-24","","21.88333333"
"LA FLORA","2013-01-23","","21.4625"
"LA FLORA","2013-01-22","","18.54583333"
"LA FLORA","2013-01-21","","31.01666667"
"LA FLORA","2013-01-20","","28.48333333"
"LA FLORA","2013-01-19","","31.25"
"LA FLORA","2013-01-18","","16.325"
"LA FLORA","2013-01-17","","14.88333333"
"LA FLORA","2013-01-16","","20.81666667"
"LA FLORA","2013-01-15","","15.43913043"
"LA FLORA","2013-01-14","","19.22916667"
"LA FLORA","2013-01-13","","24.45"
"LA FLORA","2013-01-12","","38.275"
"LA FLORA","2013-01-11","","27.72916667"
"LA FLORA","2013-01-10","","38.1125"
"LA FLORA","2013-01-09","","37.98333333"
"LA FLORA","2013-01-08","","28.47916667"
"LA FLORA","2013-01-07","","15.97083333"
"LA FLORA","2013-01-06","","15.72083333"
"LA FLORA","2013-01-05","","27.70416667"
"LA FLORA","2013-01-04","","22.7375"
"LA FLORA","2013-01-03","","16.55833333"
"LA FLORA","2013-01-02","","8.84583333"
"LA FLORA","2013-01-01","","21.15"
"LA FLORA","2012-11-18","","10.42083333"
"LA FLORA","2012-11-17","","13.70833333"
"LA FLORA","2012-11-16","","16.72916667"
"LA FLORA","2012-11-15","","41.59090909"
"LA FLORA","2012-11-14","","82.4"
"LA FLORA","2012-11-05","","69.08"
"LA FLORA","2012-11-04","","70.775"
"LA FLORA","2012-11-03","","55.36666667"
"LA FLORA","2012-11-02","","45.33333333"
"LA FLORA","2012-11-01","","30.5"
"LA FLORA","2012-10-31","","16.64166667"
"LA FLORA","2012-10-30","","31.94583333"
"LA FLORA","2012-10-29","","17.09583333"
"LA FLORA","2012-10-28","","20.44583333"
"LA FLORA","2012-10-27","","35.05416667"
"LA FLORA","2012-10-26","","49.2375"
"LA FLORA","2012-10-25","","25.7625"
"LA FLORA","2012-10-24","","16.30416667"
"LA FLORA","2012-10-23","","41.60833333"
"LA FLORA","2012-10-22","","25.74583333"
"LA FLORA","2012-10-21","","20.90833333"
"LA FLORA","2012-10-20","","63.61666667"
"LA FLORA","2012-10-19","","42.2375"
"LA FLORA","2012-10-18","","20.64166667"
"LA FLORA","2012-10-17","","36.10416667"
"LA FLORA","2012-10-16","","12.90833333"
"LA FLORA","2012-10-15","","13.25"
"LA FLORA","2012-10-14","","9.17916667"
"LA FLORA","2012-10-13","","29.15"
"LA FLORA","2012-10-12","","39.44166667"
"LA FLORA","2012-10-11","","35.7"
"LA FLORA","2012-10-10","","25.50833333"
"LA FLORA","2012-10-09","","25.05"
"LA FLORA","2012-10-08","","26.87391304"
"LA FLORA","2012-10-07","","15.55416667"
"LA FLORA","2012-10-06","","12.27083333"
"LA FLORA","2012-10-05","","10.22916667"
"LA FLORA","2012-10-04","","17.70416667"
"LA FLORA","2012-10-03","","40.60416667"
"LA FLORA","2012-10-02","","33.40416667"
"LA FLORA","2012-10-01","","26.95416667"
"LA FLORA","2012-09-30","","21.925"
"LA FLORA","2012-09-29","","36.3125"
"LA FLORA","2012-09-28","","28.65833333"
"LA FLORA","2012-09-27","","51.81666667"
"LA FLORA","2012-09-26","","24.87272727"
"LA FLORA","2012-09-24","","37.30526316"
"LA FLORA","2012-09-23","","25.64166667"
"LA FLORA","2012-09-22","","30.12916667"
"LA FLORA","2012-09-21","","46.9375"
"LA FLORA","2012-09-20","","29.9"
"LA FLORA","2012-09-19","","38.34583333"
"LA FLORA","2012-09-18","","33.42083333"
"LA FLORA","2012-09-17","","43.99166667"
"LA FLORA","2012-09-16","","37.5625"
"LA FLORA","2012-09-15","","46.7875"
"LA FLORA","2012-09-14","","54.54166667"
"LA FLORA","2012-09-13","","44.175"
"LA FLORA","2012-09-12","","61.23333333"
"LA FLORA","2012-09-11","","52.31666667"
"LA FLORA","2012-09-10","","29.95833333"
"LA FLORA","2012-09-09","","28.56666667"
"LA FLORA","2012-09-08","","41.57083333"
"LA FLORA","2012-09-07","","70.725"
"LA FLORA","2012-09-06","","73.05833333"
"LA FLORA","2012-09-05","","57.69166667"
"LA FLORA","2012-09-04","","52.3125"
"LA FLORA","2012-09-03","","52.47916667"
"LA FLORA","2012-09-02","","47.5125"
"LA FLORA","2012-09-01","","74.97083333"
"LA FLORA","2012-08-31","","51.08695652"
"LA FLORA","2012-08-30","","45.26666667"
"LA FLORA","2012-08-29","","45.925"
"LA FLORA","2012-08-28","","48.35833333"
"LA FLORA","2012-08-27","","24.13333333"
"LA FLORA","2012-08-26","","22.69583333"
"LA FLORA","2012-08-25","","30.54166667"
"LA FLORA","2012-08-24","","27.10416667"
"LA FLORA","2012-08-23","","23.55416667"
"LA FLORA","2012-08-22","","44.63333333"
"LA FLORA","2012-08-21","","31.7375"
"LA FLORA","2012-08-20","","17.3625"
"LA FLORA","2012-08-19","","22.3875"
"LA FLORA","2012-08-18","","32.78333333"
"LA FLORA","2012-08-17","","21.84583333"
"LA FLORA","2012-08-16","","28.3"
"LA FLORA","2012-08-15","","24.98333333"
"LA FLORA","2012-08-14","","43.44583333"
"LA FLORA","2012-08-13","","19.39583333"
"LA FLORA","2012-08-12","","10.37083333"
"LA FLORA","2012-08-11","","49.32916667"
"LA FLORA","2012-08-10","","49.62916667"
"LA FLORA","2012-08-09","","50.34583333"
"LA FLORA","2012-08-08","","40.9"
"LA FLORA","2012-08-07","","21.27916667"
"LA FLORA","2012-08-06","","22.4375"
"LA FLORA","2012-08-05","","18.57083333"
"LA FLORA","2012-08-04","","41.1"
"LA FLORA","2012-08-03","","71.72727273"
"LA FLORA","2012-07-20","","0.16666667"
"LA FLORA","2012-07-19","","9.55333333"
"LA FLORA","2012-07-16","","0.1"
"LA FLORA","2012-07-15","","8.75333333"
"LA FLORA","2012-07-14","","8.91428571"
"LA FLORA","2012-07-11","","0.15"
"LA FLORA","2012-07-10","","9.02307692"
"LA FLORA","2012-07-08","","13.45714286"
"LA FLORA","2012-07-07","","0.96"
"LA FLORA","2012-07-06","","10.76666667"
"LA FLORA","2012-07-05","","18.89"
"LA FLORA","2012-07-04","","13.63636364"
"LA FLORA","2012-07-03","","0.1"
"LA FLORA","2012-07-02","","12.85833333"
"LA FLORA","2012-06-29","","0.1"
"LA FLORA","2012-06-28","","10.06428571"
"LA FLORA","2012-06-27","","16.33076923"
"LA FLORA","2012-06-26","","20.27272727"
"LA FLORA","2012-06-25","","18.8"
"LA FLORA","2012-06-24","","2.43333333"
"LA FLORA","2012-06-23","","2.55"
"LA FLORA","2012-06-20","","7.41428571"
"LA FLORA","2012-06-18","","10.6"
"LA FLORA","2012-06-17","","10.78333333"
"LA FLORA","2012-06-16","","14.58571429"
"LA FLORA","2012-06-15","","11.78461538"
"LA FLORA","2012-06-13","","17.83636364"
"LA FLORA","2012-06-12","","19.8"
"LA FLORA","2012-06-11","","15.87894737"
"LA FLORA","2012-06-10","","22.05833333"
"LA FLORA","2012-06-09","","0.1"
"LA FLORA","2012-06-08","","14.04615385"
"LA FLORA","2012-06-06","","0.23333333"
"LA FLORA","2012-06-05","","21.26666667"
"LA FLORA","2012-06-02","","51.6"
"LA FLORA","2012-05-31","","21.23"
"LA FLORA","2012-05-30","","25.28"
"LA FLORA","2012-05-29","","0.1"
"LA FLORA","2012-05-28","","27.52727273"
"LA FLORA","2012-05-25","","0.1"
"LA FLORA","2012-05-24","","28.5"
"LA FLORA","2012-05-20","","1.67142857"
"LA FLORA","2012-05-19","","72.84"
"LA FLORA","2012-05-08","","2.775"
"LA FLORA","2012-05-04","","7.69"
"LA FLORA","2012-05-02","","0.88571429"
"LA FLORA","2012-05-01","","33.53157895"
"LA FLORA","2012-04-26","","173.0"
"LA FLORA","2012-04-24","","21.6"
"LA FLORA","2012-04-23","","42.81333333"
"LA FLORA","2012-04-22","","35.13333333"
"LA FLORA","2012-04-21","","103.53333333"
"LA FLORA","2012-04-20","","48.4"
"LA FLORA","2012-04-10","","5.28888889"
"LA FLORA","2012-04-09","","111.3"
"LA FLORA","2012-04-08","","11.45909091"
"LA FLORA","2012-04-07","","15.8"
"LA FLORA","2012-04-06","","21.38421053"
"LA FLORA","2012-04-05","","14.6"
"LA FLORA","2012-04-04","","36.4125"
"LA FLORA","2012-04-03","","40.06190476"
"LA FLORA","2012-04-02","","29.74583333"
"LA FLORA","2012-04-01","","36.15652174"
"LA FLORA","2012-03-31","","42.94"
"LA FLORA","2012-03-30","","55.73333333"
"LA FLORA","2012-03-29","","137.9"
"LA FLORA","2012-03-27","","36.25"
"LA FLORA","2012-03-26","","37.72727273"
"LA FLORA","2012-03-24","","8.7"
"LA FLORA","2012-03-23","","86.56666667"
"LA FLORA","2012-03-22","","20.06"
"LA FLORA","2012-03-21","","34.71666667"
"LA FLORA","2012-03-20","","42.65"
"LA FLORA","2012-03-19","","24.69583333"
"LA FLORA","2012-03-18","","27.90416667"
"LA FLORA","2012-03-17","","23.87083333"
"LA FLORA","2012-03-16","","34.51818182"
"LA FLORA","2012-03-15","","117.64285714"
"LA FLORA","2012-03-14","","48.17647059"
"LA FLORA","2012-03-13","","29.27916667"
"LA FLORA","2012-03-12","","55.14583333"
"LA FLORA","2012-03-11","","40.20833333"
"LA FLORA","2012-03-10","","39.1"
"LA FLORA","2012-03-09","","48.42916667"
"LA FLORA","2012-03-08","","55.375"
"LA FLORA","2012-03-07","","57.375"
"LA FLORA","2012-03-06","","46.15294118"
"LA FLORA","2012-03-05","","26.31176471"
"LA FLORA","2012-03-04","","24.94615385"
"LA FLORA","2012-03-03","","42.57083333"
"LA FLORA","2012-03-02","","56.23333333"
"LA FLORA","2012-03-01","","35.28333333"
"LA FLORA","2012-02-29","","24.70416667"
"LA FLORA","2012-02-28","","23.08333333"
"LA FLORA","2012-02-27","","26.54583333"
"LA FLORA","2012-02-26","","16.55416667"
"LA FLORA","2012-02-25","","27.65"
"LA FLORA","2012-02-24","","69.2625"
"LA FLORA","2012-02-23","","45.27083333"
"LA FLORA","2012-02-22","","57.8125"
"LA FLORA","2012-02-21","","126.13333333"
"LA FLORA","2012-02-17","","30.785"
"LA FLORA","2012-02-16","","30.61666667"
"LA FLORA","2012-02-15","","24.2375"
"LA FLORA","2012-02-14","","35.975"
"LA FLORA","2012-02-13","","29.525"
"LA FLORA","2012-02-12","","26.0625"
"LA FLORA","2012-02-11","","33.8375"
"LA FLORA","2012-02-10","","31.10833333"
"LA FLORA","2012-02-09","","28.94583333"
"LA FLORA","2012-02-08","","19.1875"
"LA FLORA","2012-02-07","","39.82083333"
"LA FLORA","2012-02-06","","43.54166667"
"LA FLORA","2012-02-05","","22.48333333"
"LA FLORA","2012-02-04","","34.56666667"
"LA FLORA","2012-02-03","","35.95833333"
"LA FLORA","2012-02-02","","43.475"
"LA FLORA","2012-01-29","","1.6"
"LA FLORA","2012-01-28","","6.35"
"LA FLORA","2012-01-27","","10.1"
"LA FLORA","2012-01-19","","11.4"
"LA FLORA","2012-01-18","","1.45"
"LA FLORA","2012-01-17","","1.8"
"LA FLORA","2012-01-16","","12.0"
"LA FLORA","2012-01-14","","4.75"
"LA FLORA","2012-01-13","","3.87916667"
"LA FLORA","2012-01-12","","2.8375"
"LA FLORA","2011-12-29","","28.95"
"LA FLORA","2011-12-28","","30.34166667"
"LA FLORA","2011-12-27","","42.65833333"
"LA FLORA","2011-12-26","","26.63333333"
"LA FLORA","2011-12-25","","12.72083333"
"LA FLORA","2011-12-24","","27.55"
"LA FLORA","2011-12-23","","41.31666667"
"LA FLORA","2011-12-22","","59.27083333"
"LA FLORA","2011-12-21","","60.84583333"
"LA FLORA","2011-12-20","","46.6"
"LA FLORA","2011-12-19","","15.8952381"
"LA FLORA","2011-12-18","","17.925"
"LA FLORA","2011-12-17","","27.02916667"
"LA FLORA","2011-12-16","","17.65416667"
"LA FLORA","2011-12-15","","19.46666667"
"LA FLORA","2011-12-14","","21.9"
"LA FLORA","2011-12-13","","21.175"
"LA FLORA","2011-12-12","","12.2125"
"LA FLORA","2011-12-11","","18.46666667"
"LA FLORA","2011-12-10","","28.85"
"LA FLORA","2011-12-09","","47.7125"
"LA FLORA","2011-12-08","","15.475"
"LA FLORA","2011-12-07","","20.4"
"LA FLORA","2011-12-06","","9.79166667"
"LA FLORA","2011-12-05","","19.75416667"
"LA FLORA","2011-12-04","","26.92916667"
"LA FLORA","2011-12-03","","17.83333333"
"LA FLORA","2011-12-02","","31.79583333"
"LA FLORA","2011-12-01","","29.9"
"LA FLORA","2011-11-30","","24.87916667"
"LA FLORA","2011-11-29","","14.05"
"LA FLORA","2011-11-28","","35.27916667"
"LA FLORA","2011-11-27","","23.4875"
"LA FLORA","2011-11-26","","36.79583333"
"LA FLORA","2011-11-25","","52.93333333"
"LA FLORA","2011-11-24","","47.50416667"
"LA FLORA","2011-11-23","","33.57083333"
"LA FLORA","2011-11-22","","15.15416667"
"LA FLORA","2011-11-21","","19.59166667"
"LA FLORA","2011-11-20","","13.22916667"
"LA FLORA","2011-11-19","","20.88333333"
"LA FLORA","2011-11-18","","20.32142857"
"LA FLORA","2011-11-17","","35.46470588"
"LA FLORA","2011-11-16","","27.1875"
"LA FLORA","2011-11-15","","32.77272727"
"LA FLORA","2011-11-10","","28.74"
"LA FLORA","2011-11-09","","25.99166667"
"LA FLORA","2011-11-08","","12.36666667"
"LA FLORA","2011-11-07","","25.22083333"
"LA FLORA","2011-11-06","","24.90416667"
"LA FLORA","2011-11-05","","40.53333333"
"LA FLORA","2011-11-04","","37.15416667"
"LA FLORA","2011-11-03","","32.20833333"
"LA FLORA","2011-11-02","","40.47916667"
"LA FLORA","2011-11-01","","57.3125"
"LA FLORA","2011-10-31","","31.4875"
"LA FLORA","2011-10-30","","13.44166667"
"LA FLORA","2011-10-29","","23.6125"
"LA FLORA","2011-10-28","","25.91666667"
"LA FLORA","2011-10-27","","40.26666667"
"LA FLORA","2011-10-26","","19.98333333"
"LA FLORA","2011-10-25","","48.475"
"LA FLORA","2011-10-21","","34.84"
"LA FLORA","2011-10-20","","31.65416667"
"LA FLORA","2011-10-19","","39.05"
"LA FLORA","2011-10-18","","27.925"
"LA FLORA","2011-10-17","","6.31666667"
"LA FLORA","2011-10-16","","6.37083333"
"LA FLORA","2011-10-15","","16.525"
"LA FLORA","2011-10-14","","22.71666667"
"LA FLORA","2011-10-13","","21.9"
"LA FLORA","2011-10-12","","17.0"
"LA FLORA","2011-10-10","","11.32"
"LA FLORA","2011-10-09","","10.575"
"LA FLORA","2011-10-08","","16.45"
"LA FLORA","2011-10-07","","37.20833333"
"LA FLORA","2011-10-06","","34.4375"
"LA FLORA","2011-10-05","","51.24166667"
"LA FLORA","2011-10-04","","20.4875"
"LA FLORA","2011-10-03","","31.72916667"
"LA FLORA","2011-10-02","","19.54583333"
"LA FLORA","2011-10-01","","30.0875"
"LA FLORA","2011-09-30","","44.86666667"
"LA FLORA","2011-09-29","","41.45833333"
"LA FLORA","2011-09-28","","43.84583333"
"LA FLORA","2011-09-27","","45.98333333"
"LA FLORA","2011-09-26","","32.05"
"LA FLORA","2011-09-25","","23.4125"
"LA FLORA","2011-09-24","","38.15416667"
"LA FLORA","2011-09-23","","27.43333333"
"LA FLORA","2011-09-22","","32.9875"
"LA FLORA","2011-09-21","","36.79166667"
"LA FLORA","2011-09-20","","31.76086957"
"LA FLORA","2011-09-19","","23.34166667"
"LA FLORA","2011-09-18","","18.42083333"
"LA FLORA","2011-09-17","","29.89166667"
"LA FLORA","2011-09-16","","33.64166667"
"LA FLORA","2011-09-15","","35.6875"
"LA FLORA","2011-09-14","","46.27083333"
"LA FLORA","2011-09-13","","58.65416667"
"LA FLORA","2011-09-12","","94.62"
"LA FLORA","2011-09-10","","61.69285714"
"LA FLORA","2011-09-09","","44.0"
"LA FLORA","2011-09-08","","24.80416667"
"LA FLORA","2011-09-07","","46.57916667"
"LA FLORA","2011-09-06","","49.02916667"
"LA FLORA","2011-09-05","","51.4625"
"LA FLORA","2011-09-04","","33.7625"
"LA FLORA","2011-09-03","","41.33333333"
"LA FLORA","2011-09-02","","51.85"
"LA FLORA","2011-09-01","","49.71666667"
"LA FLORA","2011-08-31","","46.4375"
"LA FLORA","2011-08-30","","57.4375"
"LA FLORA","2011-08-29","","31.5125"
"LA FLORA","2011-08-28","","23.9625"
"LA FLORA","2011-08-27","","46.67083333"
"LA FLORA","2011-08-26","","51.6875"
"LA FLORA","2011-08-25","","42.13333333"
"LA FLORA","2011-08-24","","32.83636364"
"LA FLORA","2011-08-23","","43.6625"
"LA FLORA","2011-08-22","","30.9875"
"LA FLORA","2011-08-21","","35.625"
"LA FLORA","2011-08-20","","48.35"
"LA FLORA","2011-08-19","","43.09583333"
"LA FLORA","2011-08-18","","42.40416667"
"LA FLORA","2011-08-17","","48.81666667"
"LA FLORA","2011-08-16","","35.03333333"
"LA FLORA","2011-08-15","","29.125"
"LA FLORA","2011-08-14","","34.2625"
"LA FLORA","2011-08-13","","47.27083333"
"LA FLORA","2011-08-12","","64.69583333"
"LA FLORA","2011-08-11","","57.8125"
"LA FLORA","2011-08-10","","58.41666667"
"LA FLORA","2011-08-09","","79.4875"
"LA FLORA","2011-08-08","","54.64166667"
"LA FLORA","2011-08-07","","34.67083333"
"LA FLORA","2011-08-06","","61.74166667"
"LA FLORA","2011-08-05","","57.3875"
"LA FLORA","2011-08-04","","36.47083333"
"LA FLORA","2011-08-03","","42.55833333"
"LA FLORA","2011-08-02","","57.20416667"
"LA FLORA","2011-08-01","","47.96956522"
"LA FLORA","2011-07-31","","31.33333333"
"LA FLORA","2011-07-30","","20.6"
"LA FLORA","2011-07-29","","17.83333333"
"LA FLORA","2011-07-28","","34.5625"
"LA FLORA","2011-07-27","","56.15833333"
"LA FLORA","2011-07-26","","62.71578947"
"LA FLORA","2011-07-25","","33.34285714"
"LA FLORA","2011-07-20","","52.74285714"
"LA FLORA","2011-07-19","","41.00952381"
"LA FLORA","2011-07-18","","36.5"
"LA FLORA","2011-07-17","","27.53333333"
"LA FLORA","2011-07-16","","22.61666667"
"LA FLORA","2011-07-15","","16.67083333"
"LA FLORA","2011-07-14","","27.1125"
"LA FLORA","2011-07-13","","11.15833333"
"LA FLORA","2011-07-12","","25.00416667"
"LA FLORA","2011-07-11","","43.88333333"
"LA FLORA","2011-07-10","","35.74583333"
"LA FLORA","2011-07-09","","41.95"
"LA FLORA","2011-07-08","","56.02083333"
"LA FLORA","2011-07-07","","76.82222222"
"LA FLORA","2011-07-06","","41.14666667"
"LA FLORA","2011-07-05","","31.33333333"
"LA FLORA","2011-07-04","","17.04583333"
"LA FLORA","2011-07-03","","22.45"
"LA FLORA","2011-07-02","","32.58333333"
"LA FLORA","2011-07-01","","25.425"
"LA FLORA","2011-06-30","","31.625"
"LA FLORA","2011-06-29","","39.49583333"
"LA FLORA","2011-06-28","","46.45833333"
"LA FLORA","2011-06-27","","18.68333333"
"LA FLORA","2011-06-26","","21.62916667"
"LA FLORA","2011-06-25","","21.90416667"
"LA FLORA","2011-06-24","","26.80416667"
"LA FLORA","2011-06-23","","19.825"
"LA FLORA","2011-06-22","","33.60416667"
"LA FLORA","2011-06-21","","38.20416667"
"LA FLORA","2011-06-20","","28.79166667"
"LA FLORA","2011-06-19","","19.98333333"
"LA FLORA","2011-06-18","","39.49166667"
"LA FLORA","2011-06-17","","44.65416667"
"LA FLORA","2011-06-16","","50.09166667"
"LA FLORA","2011-06-04","","10.57777778"
"LA FLORA","2011-06-03","","20.50416667"
"LA FLORA","2011-06-02","","18.80416667"
"LA FLORA","2011-06-01","","34.07083333"
"LA FLORA","2011-05-31","","12.8"
"LA FLORA","2011-05-26","","4.61904762"
"LA FLORA","2011-05-25","","4.19583333"
"LA FLORA","2011-05-24","","27.2"
"LA FLORA","2011-05-23","","18.28333333"
"LA FLORA","2011-05-22","","15.0875"
"LA FLORA","2011-05-21","","21.475"
"LA FLORA","2011-05-20","","28.32916667"
"LA FLORA","2011-05-19","","23.82083333"
"LA FLORA","2011-05-18","","29.6173913"
"LA FLORA","2011-05-17","","22.9125"
"LA FLORA","2011-05-16","","20.7875"
"LA FLORA","2011-05-15","","26.2375"
"LA FLORA","2011-05-14","","10.625"
"LA FLORA","2011-05-13","","12.19583333"
"LA FLORA","2011-05-12","","34.85833333"
"LA FLORA","2011-05-11","","31.14166667"
"LA FLORA","2011-05-10","","50.425"
"LA FLORA","2011-05-09","","35.45"
"LA FLORA","2011-05-08","","33.60833333"
"LA FLORA","2011-05-07","","36.925"
"LA FLORA","2011-05-06","","35.32083333"
"LA FLORA","2011-05-05","","28.43333333"
"LA FLORA","2011-05-04","","36.86666667"
"LA FLORA","2011-05-03","","36.78333333"
"LA FLORA","2011-05-02","","28.975"
"LA FLORA","2011-04-30","","38.93333333"
"LA FLORA","2011-04-29","","40.9"
"LA FLORA","2011-04-28","","26.20416667"
"LA FLORA","2011-04-27","","9.94583333"
"LA FLORA","2011-04-26","","28.66666667"
"LA FLORA","2011-04-25","","18.2125"
"LA FLORA","2011-04-24","","11.79166667"
"LA FLORA","2011-04-23","","13.13333333"
"LA FLORA","2011-04-22","","9.15416667"
"LA FLORA","2011-04-21","","8.4625"
"LA FLORA","2011-04-20","","13.6875"
"LA FLORA","2011-04-19","","15.76666667"
"LA FLORA","2011-04-18","","27.56666667"
"LA FLORA","2011-04-17","","18.25"
"LA FLORA","2011-04-16","","19.22916667"
"LA FLORA","2011-04-15","","14.7375"
"LA FLORA","2011-04-14","","35.8875"
"LA FLORA","2011-04-13","","17.91666667"
"LA FLORA","2011-04-12","","9.79583333"
"LA FLORA","2011-04-11","","20.19166667"
"LA FLORA","2011-04-10","","11.92083333"
"LA FLORA","2011-04-09","","31.2375"
"LA FLORA","2011-04-08","","23.83333333"
"LA FLORA","2011-04-07","","31.20416667"
"LA FLORA","2011-04-06","","27.73333333"
"LA FLORA","2011-04-05","","21.275"
"LA FLORA","2011-04-04","","18.35833333"
"LA FLORA","2011-04-03","","27.14583333"
"LA FLORA","2011-04-02","","34.775"
"LA FLORA","2011-04-01","","18.07083333"
"LA FLORA","2011-03-31","","44.53333333"
"LA FLORA","2011-03-30","","39.5625"
"LA FLORA","2011-03-29","","40.5125"
"LA FLORA","2011-03-28","","39.7826087"
"LA FLORA","2011-03-27","","24.65"
"LA FLORA","2011-03-26","","32.44166667"
"LA FLORA","2011-03-25","","33.67083333"
"LA FLORA","2011-03-24","","13.14166667"
"LA FLORA","2011-03-23","","16.09583333"
"LA FLORA","2011-03-22","","7.5"
"LA FLORA","2011-03-21","","9.54583333"
"LA FLORA","2011-03-20","","11.0375"
"LA FLORA","2011-03-19","","35.55416667"
"LA FLORA","2011-03-18","","57.60416667"
"LA FLORA","2011-03-17","","36.23333333"
"LA FLORA","2011-03-16","","32.65416667"
"LA FLORA","2011-03-15","","25.4"
"LA FLORA","2011-03-14","","36.9"
"LA FLORA","2011-03-13","","16.825"
"LA FLORA","2011-03-12","","20.92916667"
"LA FLORA","2011-03-11","","31.19583333"
"LA FLORA","2011-03-10","","18.52083333"
"LA FLORA","2011-03-09","","24.29583333"
"LA FLORA","2011-03-08","","31.0"
"LA FLORA","2011-03-07","","25.15833333"
"LA FLORA","2011-03-06","","10.54166667"
"LA FLORA","2011-03-05","","21.925"
"LA FLORA","2011-03-04","","37.34583333"
"LA FLORA","2011-03-03","","34.15416667"
"LA FLORA","2011-03-02","","7.47916667"
"LA FLORA","2011-03-01","","7.92916667"
"LA FLORA","2011-02-28","","24.29166667"
"LA FLORA","2011-02-27","","30.5625"
"LA FLORA","2011-02-26","","35.67391304"
"LA FLORA","2011-02-25","","24.45416667"
"LA FLORA","2011-02-24","","6.2125"
"LA FLORA","2011-02-23","","9.45416667"
"LA FLORA","2011-02-22","","10.6875"
"LA FLORA","2011-02-21","","24.60416667"
"LA FLORA","2011-02-20","","14.43333333"
"LA FLORA","2011-02-19","","22.925"
"LA FLORA","2011-02-18","","17.67083333"
"LA FLORA","2011-02-17","","27.70416667"
"LA FLORA","2011-02-16","","17.31304348"
"LA FLORA","2011-02-15","","14.18333333"
"LA FLORA","2011-02-14","","28.78333333"
"LA FLORA","2011-02-13","","10.23333333"
"LA FLORA","2011-02-12","","32.35833333"
"LA FLORA","2011-02-11","","43.57916667"
"LA FLORA","2011-02-10","","27.40416667"
"LA FLORA","2011-02-09","","17.79583333"
"LA FLORA","2011-02-08","","19.125"
"LA FLORA","2011-02-07","","13.65416667"
"LA FLORA","2011-02-06","","17.09166667"
"LA FLORA","2011-02-05","","35.37083333"
"LA FLORA","2011-02-04","","33.79583333"
"LA FLORA","2011-02-03","","32.14583333"
"LA FLORA","2011-02-02","","47.30416667"
"LA FLORA","2011-02-01","","32.70416667"
"LA FLORA","2011-01-31","","19.57619048"
"LA FLORA","2011-01-30","","12.46666667"
"LA FLORA","2011-01-29","","16.15833333"
"LA FLORA","2011-01-28","","16.59166667"
"LA FLORA","2011-01-27","","31.05416667"
"LA FLORA","2011-01-26","","23.1625"
"LA FLORA","2011-01-25","","22.3125"
"LA FLORA","2011-01-24","","26.34166667"
"LA FLORA","2011-01-23","","14.67916667"
"LA FLORA","2011-01-22","","24.94583333"
"LA FLORA","2011-01-21","","29.4375"
"LA FLORA","2011-01-20","","35.87083333"
"LA FLORA","2011-01-19","","29.0125"
"LA FLORA","2011-01-18","","21.54166667"
"LA FLORA","2011-01-17","","25.29583333"
"LA FLORA","2011-01-16","","21.0625"
"LA FLORA","2011-01-15","","37.03333333"
"LA FLORA","2011-01-14","","41.12916667"
"LA FLORA","2011-01-13","","44.60416667"
"LA FLORA","2011-01-12","","33.84347826"
"LA FLORA","2011-01-11","","20.35833333"
"LA FLORA","2011-01-10","","20.00416667"
"LA FLORA","2011-01-09","","13.97916667"
"LA FLORA","2011-01-08","","28.19166667"
"LA FLORA","2011-01-07","","35.66521739"
"LA FLORA","2011-01-06","","15.60416667"
"LA FLORA","2011-01-05","","13.10833333"
"LA FLORA","2011-01-04","","8.87083333"
"LA FLORA","2011-01-03","","6.92083333"
"LA FLORA","2011-01-02","","5.11666667"
"LA FLORA","2011-01-01","","22.1875"
"LA FLORA","2010-12-31","","17.19166667"
"LA FLORA","2010-12-30","","18.25833333"
"LA FLORA","2010-12-29","","22.05"
"LA FLORA","2010-12-28","","28.18333333"
"LA FLORA","2010-12-27","","15.4375"
"LA FLORA","2010-12-26","","14.6625"
"LA FLORA","2010-12-25","","21.35833333"
"LA FLORA","2010-12-24","","22.47"
"LA FLORA","2010-12-23","","24.0173913"
"LA FLORA","2010-12-22","","40.47916667"
"LA FLORA","2010-12-21","","26.23333333"
"LA FLORA","2010-12-20","","22.58333333"
"LA FLORA","2010-12-19","","15.6125"
"LA FLORA","2010-12-18","","19.79583333"
"LA FLORA","2010-12-17","","41.85"
"LA FLORA","2010-12-16","","22.00833333"
"LA FLORA","2010-12-15","","13.0625"
"LA FLORA","2010-12-14","","34.1375"
"LA FLORA","2010-12-13","","12.7"
"LA FLORA","2010-12-12","","20.67916667"
"LA FLORA","2010-12-11","","38.36666667"
"LA FLORA","2010-12-10","","43.78"
"LA FLORA","2010-12-09","","24.19230769"
"LA FLORA","2010-12-08","","21.10416667"
"LA FLORA","2010-12-07","","18.37142857"
"LA FLORA","2010-12-05","","27.03529412"
"LA FLORA","2010-12-04","","15.825"
"LA FLORA","2010-12-03","","26.25454545"
"LA FLORA","2010-12-02","","17.40833333"
"LA FLORA","2010-12-01","","20.70416667"
"LA FLORA","2010-11-30","","49.2"
"LA FLORA","2010-11-29","","35.65833333"
"LA FLORA","2010-11-28","","6.64166667"
"LA FLORA","2010-11-27","","43.7375"
"LA FLORA","2010-11-26","","34.89166667"
"LA FLORA","2010-11-25","","31.7625"
"LA FLORA","2010-11-24","","20.025"
"LA FLORA","2010-11-23","","23.07083333"
"LA FLORA","2010-11-22","","15.4625"
"LA FLORA","2010-11-21","","11.7625"
"LA FLORA","2010-11-20","","30.87916667"
"LA FLORA","2010-11-19","","16.68571429"
"LA FLORA","2010-11-18","","25.4875"
"LA FLORA","2010-11-17","","19.0"
"LA FLORA","2010-11-16","","24.50416667"
"LA FLORA","2010-11-15","","13.99583333"
"LA FLORA","2010-11-14","","10.74583333"
"LA FLORA","2010-11-13","","13.30833333"
"LA FLORA","2010-11-12","","29.2125"
"LA FLORA","2010-11-11","","16.03478261"
"LA FLORA","2010-11-10","","16.7875"
"LA FLORA","2010-11-09","","41.15416667"
"LA FLORA","2010-11-08","","24.05"
"LA FLORA","2010-11-07","","9.90416667"
"LA FLORA","2010-11-06","","28.85833333"
"LA FLORA","2010-11-05","","50.825"
"LA FLORA","2010-11-04","","46.14166667"
"LA FLORA","2010-11-03","","24.15"
"LA FLORA","2010-11-02","","31.37083333"
"LA FLORA","2010-11-01","","15.9375"
"LA FLORA","2010-10-31","","23.60416667"
"LA FLORA","2010-10-30","","22.725"
"LA FLORA","2010-10-29","","45.97916667"
"LA FLORA","2010-10-28","","27.33333333"
"LA FLORA","2010-10-27","","38.025"
"LA FLORA","2010-10-26","","34.57083333"
"LA FLORA","2010-10-25","","19.59583333"
"LA FLORA","2010-10-24","","17.325"
"LA FLORA","2010-10-23","","23.95"
"LA FLORA","2010-10-22","","15.86666667"
"LA FLORA","2010-10-21","","30.69583333"
"LA FLORA","2010-10-20","","23.44583333"
"LA FLORA","2010-10-19","","19.55833333"
"LA FLORA","2010-10-18","","15.1625"
"LA FLORA","2010-10-17","","24.6375"
"LA FLORA","2010-10-16","","33.0"
"LA FLORA","2010-10-15","","34.73333333"
"LA FLORA","2010-10-14","","41.12916667"
"LA FLORA","2010-10-13","","36.82916667"
"LA FLORA","2010-10-12","","40.99130435"
"LA FLORA","2010-10-11","","39.525"
"LA FLORA","2010-10-10","","36.69166667"
"LA FLORA","2010-10-09","","41.91666667"
"LA FLORA","2010-10-08","","29.1625"
"LA FLORA","2010-10-07","","42.68333333"
"LA FLORA","2010-10-06","","37.95833333"
"LA FLORA","2010-10-05","","37.0125"
"LA FLORA","2010-10-04","","17.88333333"
"LA FLORA","2010-10-03","","16.6125"
"LA FLORA","2010-10-02","","53.36666667"
"LA FLORA","2010-10-01","","30.44583333"
"LA FLORA","2010-09-30","","26.09166667"
"LA FLORA","2010-09-29","","25.37083333"
"LA FLORA","2010-09-28","","33.25"
"LA FLORA","2010-09-27","","23.85"
"LA FLORA","2010-09-26","","23.18333333"
"LA FLORA","2010-09-25","","28.825"
"LA FLORA","2010-09-24","","40.4"
"LA FLORA","2010-09-23","","40.69166667"
"LA FLORA","2010-09-22","","30.57916667"
"LA FLORA","2010-09-21","","30.44166667"
"LA FLORA","2010-09-20","","19.9125"
"LA FLORA","2010-09-19","","34.79583333"
"LA FLORA","2010-09-18","","31.75833333"
"LA FLORA","2010-09-17","","17.13333333"
"LA FLORA","2010-09-16","","34.775"
"LA FLORA","2010-09-15","","46.925"
"LA FLORA","2010-09-14","","42.75217391"
"LA FLORA","2010-09-13","","28.5375"
"LA FLORA","2010-09-12","","27.00416667"
"LA FLORA","2010-09-11","","28.375"
"LA FLORA","2010-09-10","","55.99583333"
"LA FLORA","2010-09-09","","37.45833333"
"LA FLORA","2010-09-08","","44.28333333"
"LA FLORA","2010-09-07","","41.97083333"
"LA FLORA","2010-09-06","","31.5375"
"LA FLORA","2010-09-05","","26.34166667"
"LA FLORA","2010-09-04","","27.125"
"LA FLORA","2010-09-03","","52.30833333"
"LA FLORA","2010-09-02","","25.79583333"
"LA FLORA","2010-09-01","","11.45833333"
"LA FLORA","2010-08-31","","14.90416667"
"LA FLORA","2010-08-30","","26.2375"
"LA FLORA","2010-08-29","","19.3125"
"LA FLORA","2010-08-28","","19.6"
"LA FLORA","2010-08-27","","25.8625"
"LA FLORA","2010-08-26","","23.92083333"
"LA FLORA","2010-08-25","","41.23333333"
"LA FLORA","2010-08-24","","39.01"
"LA FLORA","2010-08-23","","41.04583333"
"LA FLORA","2010-08-22","","28.86666667"
"LA FLORA","2010-08-21","","53.99583333"
"LA FLORA","2010-08-20","","37.92631579"
"LA FLORA","2010-08-19","","30.4"
"LA FLORA","2010-08-18","","22.56666667"
"LA FLORA","2010-08-13","","9.55"
"LA FLORA","2010-08-12","","39.125"
"LA FLORA","2010-08-11","","39.4"
"LA FLORA","2010-08-10","","42.9875"
"LA FLORA","2010-08-09","","32.15416667"
"LA FLORA","2010-08-08","","15.40416667"
"LA FLORA","2010-08-07","","29.75416667"
"LA FLORA","2010-08-06","","22.675"
"LA FLORA","2010-08-05","","46.69166667"
"LA FLORA","2010-08-04","","23.85"
"LA FLORA","2010-08-03","","19.80416667"
"LA FLORA","2010-08-02","","11.88333333"
"LA FLORA","2010-08-01","","4.97916667"
"LA FLORA","2010-07-31","","16.45416667"
"LA FLORA","2010-07-30","","18.76521739"
"LA FLORA","2010-07-29","","28.9"
"LA FLORA","2010-07-28","","26.17916667"
"LA FLORA","2010-07-27","","32.79166667"
"LA FLORA","2010-07-26","","29.125"
"LA FLORA","2010-07-25","","35.85833333"
"LA FLORA","2010-07-24","","48.025"
"LA FLORA","2010-07-23","","46.8125"
"LA FLORA","2010-07-22","","35.89166667"
"LA FLORA","2010-07-21","","32.60833333"
"LA FLORA","2010-07-20","","20.70833333"
"LA FLORA","2010-07-19","","32.34583333"
"LA FLORA","2010-07-18","","26.61666667"
"LA FLORA","2010-07-17","","32.92083333"
"LA FLORA","2010-07-16","","25.75"
"LA FLORA","2010-07-15","","17.75833333"
"LA FLORA","2010-07-14","","32.025"
"LA FLORA","2010-07-13","","30.975"
"LA FLORA","2010-07-12","","14.3"
"LA FLORA","2010-07-11","","16.01666667"
"LA FLORA","2010-07-10","","33.00416667"
"LA FLORA","2010-07-09","","24.51666667"
"LA FLORA","2010-07-08","","34.2625"
"LA FLORA","2010-07-07","","15.57083333"
"LA FLORA","2010-07-06","","30.05833333"
"LA FLORA","2010-07-05","","36.96153846"
"LA FLORA","2010-07-04","","14.3"
"LA FLORA","2010-07-03","","37.86666667"
"LA FLORA","2010-07-02","","20.71666667"
"LA FLORA","2010-07-01","","40.46666667"
"LA FLORA","2010-06-30","","41.75"
"LA FLORA","2010-06-23","","33.93636364"
"LA FLORA","2010-06-22","","35.42083333"
"LA FLORA","2010-06-21","","18.7875"
"LA FLORA","2010-06-20","","5.73333333"
"LA FLORA","2010-06-19","","20.65416667"
"LA FLORA","2010-06-18","","8.8"
"LA FLORA","2010-05-15","","12.24285714"
