"Estacion","Fecha inicial","Fecha final","PM2.5"
"LAS FERIAS","2021-02-28","","9.24782609"
"LAS FERIAS","2021-02-27","","17.18695652"
"LAS FERIAS","2021-02-26","","13.34583333"
"LAS FERIAS","2021-02-25","","7.59166667"
"LAS FERIAS","2021-02-24","","10.825"
"LAS FERIAS","2021-02-23","","11.64583333"
"LAS FERIAS","2021-02-22","","9.26521739"
"LAS FERIAS","2021-02-21","","15.8875"
"LAS FERIAS","2021-02-20","","17.45833333"
"LAS FERIAS","2021-02-19","","16.36666667"
"LAS FERIAS","2021-02-18","","15.37916667"
"LAS FERIAS","2021-02-17","","21.59166667"
"LAS FERIAS","2021-02-16","","17.37826087"
"LAS FERIAS","2021-02-15","","18.55714286"
"LAS FERIAS","2021-02-14","","18.30833333"
"LAS FERIAS","2021-02-13","","14.41666667"
"LAS FERIAS","2021-02-12","","22.325"
"LAS FERIAS","2021-02-11","","19.15416667"
"LAS FERIAS","2021-02-10","","18.93333333"
"LAS FERIAS","2021-02-09","","25.20416667"
"LAS FERIAS","2021-02-08","","15.0375"
"LAS FERIAS","2021-02-07","","13.85909091"
"LAS FERIAS","2021-02-06","","14.29583333"
"LAS FERIAS","2021-02-05","","9.49583333"
"LAS FERIAS","2021-02-04","","13.02727273"
"LAS FERIAS","2021-02-03","","11.00434783"
"LAS FERIAS","2021-02-02","","9.44583333"
"LAS FERIAS","2021-02-01","","8.05"
"LAS FERIAS","2021-01-31","","8.86086957"
"LAS FERIAS","2021-01-30","","14.755"
"LAS FERIAS","2021-01-29","","20.67647059"
"LAS FERIAS","2021-01-28","","25.74761905"
"LAS FERIAS","2021-01-27","","13.25"
"LAS FERIAS","2021-01-26","","8.71428571"
"LAS FERIAS","2021-01-25","","5.65714286"
"LAS FERIAS","2021-01-22","","16.875"
"LAS FERIAS","2021-01-21","","20.7826087"
"LAS FERIAS","2021-01-20","","17.17391304"
"LAS FERIAS","2021-01-19","","23.41666667"
"LAS FERIAS","2021-01-18","","22.725"
"LAS FERIAS","2021-01-17","","16.29166667"
"LAS FERIAS","2021-01-16","","21.79166667"
"LAS FERIAS","2021-01-15","","27.30434783"
"LAS FERIAS","2021-01-14","","18.45833333"
"LAS FERIAS","2021-01-13","","13.30434783"
"LAS FERIAS","2021-01-12","","8.83333333"
"LAS FERIAS","2021-01-11","","6.125"
"LAS FERIAS","2021-01-10","","7.16666667"
"LAS FERIAS","2021-01-09","","7.72727273"
"LAS FERIAS","2021-01-08","","14.04166667"
"LAS FERIAS","2021-01-07","","11.5"
"LAS FERIAS","2021-01-06","","16.775"
"LAS FERIAS","2021-01-05","","17.41666667"
"LAS FERIAS","2021-01-04","","13.13043478"
"LAS FERIAS","2021-01-03","","6.79166667"
"LAS FERIAS","2021-01-02","","7.33333333"
"LAS FERIAS","2021-01-01","","13.54166667"
"LAS FERIAS","2020-12-31","","23.055"
"LAS FERIAS","2020-12-30","","27.79166667"
"LAS FERIAS","2020-12-29","","17.95833333"
"LAS FERIAS","2020-12-28","","15.29166667"
"LAS FERIAS","2020-12-27","","11.95652174"
"LAS FERIAS","2020-12-26","","12.75"
"LAS FERIAS","2020-12-25","","15.52173913"
"LAS FERIAS","2020-12-24","","21.65217391"
"LAS FERIAS","2020-12-23","","23.08695652"
"LAS FERIAS","2020-12-22","","15.91666667"
"LAS FERIAS","2020-12-21","","16.91304348"
"LAS FERIAS","2020-12-20","","9.0"
"LAS FERIAS","2020-12-19","","15.33333333"
"LAS FERIAS","2020-12-18","","14.125"
"LAS FERIAS","2020-12-17","","9.20833333"
"LAS FERIAS","2020-12-16","","14.08333333"
"LAS FERIAS","2020-12-15","","18.5"
"LAS FERIAS","2020-12-13","","7.34666667"
"LAS FERIAS","2020-12-12","","12.46666667"
"LAS FERIAS","2020-12-11","","19.08333333"
"LAS FERIAS","2020-12-10","","20.86"
"LAS FERIAS","2020-12-09","","10.90666667"
"LAS FERIAS","2020-12-07","","12.13043478"
"LAS FERIAS","2020-12-06","","4.67083333"
"LAS FERIAS","2020-12-05","","4.84583333"
"LAS FERIAS","2020-12-04","","12.91666667"
"LAS FERIAS","2020-12-03","","10.16666667"
"LAS FERIAS","2020-12-02","","3.8875"
"LAS FERIAS","2020-12-01","","8.87083333"
"LAS FERIAS","2020-11-30","","6.48636364"
"LAS FERIAS","2020-11-29","","3.89166667"
"LAS FERIAS","2020-11-28","","12.74583333"
"LAS FERIAS","2020-11-27","","18.73333333"
"LAS FERIAS","2020-11-26","","17.72608696"
"LAS FERIAS","2020-11-25","","12.9"
"LAS FERIAS","2020-11-24","","21.05"
"LAS FERIAS","2020-11-23","","16.55833333"
"LAS FERIAS","2020-11-22","","15.00833333"
"LAS FERIAS","2020-11-21","","6.775"
"LAS FERIAS","2020-11-20","","11.10869565"
"LAS FERIAS","2020-11-19","","12.6625"
"LAS FERIAS","2020-11-18","","11.71904762"
"LAS FERIAS","2020-11-17","","13.5125"
"LAS FERIAS","2020-11-16","","12.59583333"
"LAS FERIAS","2020-11-15","","15.56956522"
"LAS FERIAS","2020-11-14","","22.4875"
"LAS FERIAS","2020-11-13","","10.925"
"LAS FERIAS","2020-11-12","","14.18333333"
"LAS FERIAS","2020-11-11","","9.75833333"
"LAS FERIAS","2020-11-10","","17.64545455"
"LAS FERIAS","2020-11-09","","16.5125"
"LAS FERIAS","2020-11-08","","14.75416667"
"LAS FERIAS","2020-11-07","","16.64583333"
"LAS FERIAS","2020-11-06","","23.47916667"
"LAS FERIAS","2020-11-05","","13.29090909"
"LAS FERIAS","2020-11-04","","17.74583333"
"LAS FERIAS","2020-11-03","","19.95833333"
"LAS FERIAS","2020-11-02","","12.05"
"LAS FERIAS","2020-11-01","","10.344"
"LAS FERIAS","2020-10-31","","12.16956522"
"LAS FERIAS","2020-10-30","","17.50416667"
"LAS FERIAS","2020-10-29","","15.59166667"
"LAS FERIAS","2020-10-28","","11.2"
"LAS FERIAS","2020-10-27","","17.95833333"
"LAS FERIAS","2020-10-26","","20.11304348"
"LAS FERIAS","2020-10-25","","15.97916667"
"LAS FERIAS","2020-10-24","","5.6125"
"LAS FERIAS","2020-10-23","","3.87916667"
"LAS FERIAS","2020-10-22","","3.95416667"
"LAS FERIAS","2020-10-21","","5.4125"
"LAS FERIAS","2020-10-20","","13.05"
"LAS FERIAS","2020-10-19","","10.9375"
"LAS FERIAS","2020-10-18","","4.05833333"
"LAS FERIAS","2020-10-17","","4.50416667"
"LAS FERIAS","2020-10-16","","3.41666667"
"LAS FERIAS","2020-10-15","","8.44782609"
"LAS FERIAS","2020-10-14","","13.35"
"LAS FERIAS","2020-10-13","","7.70833333"
"LAS FERIAS","2020-10-12","","8.66666667"
"LAS FERIAS","2020-10-11","","5.47272727"
"LAS FERIAS","2020-10-10","","7.625"
"LAS FERIAS","2020-10-09","","5.60833333"
"LAS FERIAS","2020-10-08","","5.46666667"
"LAS FERIAS","2020-10-07","","9.83043478"
"LAS FERIAS","2020-10-06","","13.8"
"LAS FERIAS","2020-10-05","","8.26956522"
"LAS FERIAS","2020-10-04","","4.60833333"
"LAS FERIAS","2020-10-03","","9.2"
"LAS FERIAS","2020-10-02","","13.0125"
"LAS FERIAS","2020-10-01","","6.20869565"
"LAS FERIAS","2020-09-30","","5.92173913"
"LAS FERIAS","2020-09-29","","4.48333333"
"LAS FERIAS","2020-09-28","","5.95"
"LAS FERIAS","2020-09-27","","7.63333333"
"LAS FERIAS","2020-09-26","","13.50833333"
"LAS FERIAS","2020-09-25","","5.65833333"
"LAS FERIAS","2020-09-24","","5.0625"
"LAS FERIAS","2020-09-23","","6.59166667"
"LAS FERIAS","2020-09-22","","7.39166667"
"LAS FERIAS","2020-09-21","","5.30833333"
"LAS FERIAS","2020-09-20","","5.2625"
"LAS FERIAS","2020-09-19","","17.60833333"
"LAS FERIAS","2020-09-18","","21.225"
"LAS FERIAS","2020-09-17","","26.21666667"
"LAS FERIAS","2020-09-16","","14.59565217"
"LAS FERIAS","2020-09-15","","8.44782609"
"LAS FERIAS","2020-09-14","","7.925"
"LAS FERIAS","2020-09-13","","6.22083333"
"LAS FERIAS","2020-09-12","","12.64583333"
"LAS FERIAS","2020-09-11","","18.80416667"
"LAS FERIAS","2020-09-10","","15.6625"
"LAS FERIAS","2020-09-09","","16.94782609"
"LAS FERIAS","2020-09-08","","10.33333333"
"LAS FERIAS","2020-09-07","","11.3125"
"LAS FERIAS","2020-09-06","","3.89130435"
"LAS FERIAS","2020-09-05","","3.11304348"
"LAS FERIAS","2020-09-04","","5.70416667"
"LAS FERIAS","2020-09-03","","11.05833333"
"LAS FERIAS","2020-09-02","","14.89583333"
"LAS FERIAS","2020-09-01","","11.57916667"
"LAS FERIAS","2020-08-31","","17.20869565"
"LAS FERIAS","2020-08-30","","7.80416667"
"LAS FERIAS","2020-08-29","","14.18333333"
"LAS FERIAS","2020-08-28","","7.3875"
"LAS FERIAS","2020-08-27","","5.80833333"
"LAS FERIAS","2020-08-26","","12.17826087"
"LAS FERIAS","2020-08-25","","13.3875"
"LAS FERIAS","2020-08-24","","9.8"
"LAS FERIAS","2020-08-23","","8.58333333"
"LAS FERIAS","2020-08-22","","11.07083333"
"LAS FERIAS","2020-08-21","","7.9"
"LAS FERIAS","2020-08-20","","9.27083333"
"LAS FERIAS","2020-08-19","","14.50833333"
"LAS FERIAS","2020-08-18","","20.62173913"
"LAS FERIAS","2020-08-17","","16.78695652"
"LAS FERIAS","2020-08-16","","4.09090909"
"LAS FERIAS","2020-08-15","","4.55"
"LAS FERIAS","2020-08-14","","3.71666667"
"LAS FERIAS","2020-08-13","","3.96666667"
"LAS FERIAS","2020-08-12","","8.11666667"
"LAS FERIAS","2020-08-11","","8.68333333"
"LAS FERIAS","2020-08-10","","6.38333333"
"LAS FERIAS","2020-08-09","","4.80833333"
"LAS FERIAS","2020-08-08","","4.9625"
"LAS FERIAS","2020-08-07","","5.38333333"
"LAS FERIAS","2020-08-06","","5.3"
"LAS FERIAS","2020-08-05","","4.82083333"
"LAS FERIAS","2020-08-04","","6.97916667"
"LAS FERIAS","2020-08-03","","7.30416667"
"LAS FERIAS","2020-08-02","","6.79583333"
"LAS FERIAS","2020-08-01","","6.59583333"
"LAS FERIAS","2020-07-31","","4.67727273"
"LAS FERIAS","2020-07-30","","8.91428571"
"LAS FERIAS","2020-07-29","","8.55"
"LAS FERIAS","2020-07-28","","5.49583333"
"LAS FERIAS","2020-07-27","","3.37916667"
"LAS FERIAS","2020-07-26","","3.70416667"
"LAS FERIAS","2020-07-25","","7.73043478"
"LAS FERIAS","2020-07-24","","6.09166667"
"LAS FERIAS","2020-07-23","","7.6875"
"LAS FERIAS","2020-07-22","","6.8125"
"LAS FERIAS","2020-07-21","","10.075"
"LAS FERIAS","2020-07-20","","1.94166667"
"LAS FERIAS","2020-07-19","","3.49583333"
"LAS FERIAS","2020-07-18","","5.6375"
"LAS FERIAS","2020-07-17","","5.425"
"LAS FERIAS","2020-07-16","","5.50833333"
"LAS FERIAS","2020-07-15","","3.62380952"
"LAS FERIAS","2020-07-14","","3.18333333"
"LAS FERIAS","2020-07-13","","5.34583333"
"LAS FERIAS","2020-07-12","","8.55833333"
"LAS FERIAS","2020-07-11","","9.7826087"
"LAS FERIAS","2020-07-10","","6.75217391"
"LAS FERIAS","2020-07-09","","3.55"
"LAS FERIAS","2020-07-08","","7.75"
"LAS FERIAS","2020-07-07","","3.69583333"
"LAS FERIAS","2020-07-06","","7.64166667"
"LAS FERIAS","2020-07-05","","10.8125"
"LAS FERIAS","2020-07-04","","5.77916667"
"LAS FERIAS","2020-07-03","","6.08333333"
"LAS FERIAS","2020-07-02","","3.96666667"
"LAS FERIAS","2020-07-01","","10.725"
"LAS FERIAS","2020-06-30","","11.70434783"
"LAS FERIAS","2020-06-29","","3.01666667"
"LAS FERIAS","2020-06-28","","6.59166667"
"LAS FERIAS","2020-06-27","","8.06666667"
"LAS FERIAS","2020-06-26","","6.41666667"
"LAS FERIAS","2020-06-25","","15.63333333"
"LAS FERIAS","2020-06-24","","20.70416667"
"LAS FERIAS","2020-06-23","","8.60833333"
"LAS FERIAS","2020-06-22","","3.2625"
"LAS FERIAS","2020-06-21","","2.775"
"LAS FERIAS","2020-06-20","","3.99583333"
"LAS FERIAS","2020-06-19","","9.12608696"
"LAS FERIAS","2020-06-18","","23.62083333"
"LAS FERIAS","2020-06-17","","13.0"
"LAS FERIAS","2020-06-16","","7.22173913"
"LAS FERIAS","2020-06-15","","3.8"
"LAS FERIAS","2020-06-14","","2.72916667"
"LAS FERIAS","2020-06-13","","8.95"
"LAS FERIAS","2020-06-12","","15.74166667"
"LAS FERIAS","2020-06-11","","12.3375"
"LAS FERIAS","2020-06-10","","10.25416667"
"LAS FERIAS","2020-06-09","","5.87692308"
"LAS FERIAS","2020-06-08","","4.48571429"
"LAS FERIAS","2020-06-07","","2.75416667"
"LAS FERIAS","2020-06-06","","3.27916667"
"LAS FERIAS","2020-06-05","","2.45"
"LAS FERIAS","2020-06-04","","5.19166667"
"LAS FERIAS","2020-06-03","","10.35"
"LAS FERIAS","2020-06-02","","6.34583333"
"LAS FERIAS","2020-06-01","","3.87916667"
"LAS FERIAS","2020-05-31","","6.74347826"
"LAS FERIAS","2020-05-30","","8.52083333"
"LAS FERIAS","2020-05-29","","11.375"
"LAS FERIAS","2020-05-28","","10.1625"
"LAS FERIAS","2020-05-27","","4.28636364"
"LAS FERIAS","2020-05-26","","3.60434783"
"LAS FERIAS","2020-05-25","","2.56666667"
"LAS FERIAS","2020-05-24","","2.8"
"LAS FERIAS","2020-05-23","","3.47647059"
"LAS FERIAS","2020-05-22","","3.41304348"
"LAS FERIAS","2020-05-21","","4.63333333"
"LAS FERIAS","2020-05-20","","6.0"
"LAS FERIAS","2020-05-19","","6.90714286"
"LAS FERIAS","2020-05-15","","2.5"
"LAS FERIAS","2020-05-14","","9.76923077"
"LAS FERIAS","2020-05-13","","14.5"
"LAS FERIAS","2020-05-12","","13.91666667"
"LAS FERIAS","2020-05-11","","7.70588235"
"LAS FERIAS","2020-05-10","","1.5"
"LAS FERIAS","2020-05-09","","1.9"
"LAS FERIAS","2020-05-08","","4.0"
"LAS FERIAS","2020-05-07","","2.53333333"
"LAS FERIAS","2020-05-06","","8.6"
"LAS FERIAS","2020-05-05","","9.8"
"LAS FERIAS","2020-05-04","","10.1"
"LAS FERIAS","2020-05-03","","11.17727273"
"LAS FERIAS","2020-05-02","","11.93333333"
"LAS FERIAS","2020-05-01","","10.0125"
"LAS FERIAS","2020-04-30","","14.58695652"
"LAS FERIAS","2020-04-29","","22.28666667"
"LAS FERIAS","2020-04-27","","15.5"
"LAS FERIAS","2020-04-25","","13.69230769"
"LAS FERIAS","2020-04-24","","10.7826087"
"LAS FERIAS","2020-04-23","","3.32857143"
"LAS FERIAS","2020-04-22","","11.20833333"
"LAS FERIAS","2020-04-21","","10.0"
"LAS FERIAS","2020-04-20","","9.625"
"LAS FERIAS","2020-04-19","","20.39130435"
"LAS FERIAS","2020-04-18","","29.16666667"
"LAS FERIAS","2020-04-17","","29.91666667"
"LAS FERIAS","2020-04-16","","30.58333333"
"LAS FERIAS","2020-04-15","","18.61538462"
"LAS FERIAS","2020-04-14","","15.33333333"
"LAS FERIAS","2020-04-13","","14.45833333"
"LAS FERIAS","2020-04-12","","9.47826087"
"LAS FERIAS","2020-04-11","","5.26666667"
"LAS FERIAS","2020-04-10","","5.16666667"
"LAS FERIAS","2020-04-09","","5.36842105"
"LAS FERIAS","2020-04-08","","5.08333333"
"LAS FERIAS","2020-04-07","","3.53333333"
"LAS FERIAS","2020-04-06","","6.5"
"LAS FERIAS","2020-04-05","","3.29411765"
"LAS FERIAS","2020-04-04","","2.63157895"
"LAS FERIAS","2020-04-03","","10.36363636"
"LAS FERIAS","2020-04-02","","7.81818182"
"LAS FERIAS","2020-04-01","","14.47826087"
"LAS FERIAS","2020-03-31","","15.91304348"
"LAS FERIAS","2020-03-30","","40.75"
"LAS FERIAS","2020-03-29","","41.66666667"
"LAS FERIAS","2020-03-28","","36.41666667"
"LAS FERIAS","2020-03-27","","36.08695652"
"LAS FERIAS","2020-03-26","","29.125"
"LAS FERIAS","2020-03-25","","31.69565217"
"LAS FERIAS","2020-03-24","","42.58333333"
"LAS FERIAS","2020-03-23","","43.0"
"LAS FERIAS","2020-03-22","","24.17391304"
"LAS FERIAS","2020-03-21","","27.95652174"
"LAS FERIAS","2020-03-20","","43.08333333"
"LAS FERIAS","2020-03-19","","57.04166667"
"LAS FERIAS","2020-03-18","","53.04166667"
"LAS FERIAS","2020-03-17","","40.125"
"LAS FERIAS","2020-03-16","","32.0"
"LAS FERIAS","2020-03-15","","17.54545455"
"LAS FERIAS","2020-03-14","","20.91666667"
"LAS FERIAS","2020-03-13","","33.25"
"LAS FERIAS","2020-03-12","","31.20833333"
"LAS FERIAS","2020-03-11","","33.91666667"
"LAS FERIAS","2020-03-10","","29.5"
"LAS FERIAS","2020-03-09","","27.70833333"
"LAS FERIAS","2020-03-08","","31.2173913"
"LAS FERIAS","2020-03-07","","42.91666667"
"LAS FERIAS","2020-03-06","","48.04166667"
"LAS FERIAS","2020-03-05","","35.34782609"
"LAS FERIAS","2020-03-04","","34.45833333"
"LAS FERIAS","2020-03-03","","33.625"
"LAS FERIAS","2020-03-02","","23.91304348"
"LAS FERIAS","2020-03-01","","25.70833333"
"LAS FERIAS","2020-02-29","","33.43478261"
"LAS FERIAS","2020-02-28","","32.73913043"
"LAS FERIAS","2020-02-27","","27.0"
"LAS FERIAS","2020-02-26","","23.28571429"
"LAS FERIAS","2020-02-25","","22.11764706"
"LAS FERIAS","2020-02-24","","22.83333333"
"LAS FERIAS","2020-02-23","","18.08333333"
"LAS FERIAS","2020-02-22","","24.375"
"LAS FERIAS","2020-02-21","","29.0"
"LAS FERIAS","2020-02-20","","18.875"
"LAS FERIAS","2020-02-19","","9.875"
"LAS FERIAS","2020-02-18","","11.125"
"LAS FERIAS","2020-02-17","","8.54166667"
"LAS FERIAS","2020-02-16","","6.34782609"
"LAS FERIAS","2020-02-15","","8.95652174"
"LAS FERIAS","2020-02-14","","17.625"
"LAS FERIAS","2020-02-13","","24.125"
"LAS FERIAS","2020-02-12","","25.91666667"
"LAS FERIAS","2020-02-11","","15.83333333"
"LAS FERIAS","2020-02-10","","12.29166667"
"LAS FERIAS","2020-02-09","","18.28571429"
"LAS FERIAS","2020-02-08","","31.05555556"
"LAS FERIAS","2020-02-07","","29.04166667"
"LAS FERIAS","2020-02-06","","19.33333333"
"LAS FERIAS","2020-02-05","","18.27272727"
"LAS FERIAS","2020-02-04","","20.25"
"LAS FERIAS","2020-02-03","","17.09090909"
"LAS FERIAS","2020-02-02","","14.79166667"
"LAS FERIAS","2020-02-01","","12.43478261"
"LAS FERIAS","2020-01-31","","11.85714286"
"LAS FERIAS","2020-01-30","","22.0"
"LAS FERIAS","2020-01-29","","29.125"
"LAS FERIAS","2020-01-28","","25.70833333"
"LAS FERIAS","2020-01-27","","23.70833333"
"LAS FERIAS","2020-01-26","","14.0"
"LAS FERIAS","2020-01-25","","23.31818182"
"LAS FERIAS","2020-01-24","","21.66666667"
"LAS FERIAS","2020-01-23","","21.70833333"
"LAS FERIAS","2020-01-22","","23.25"
"LAS FERIAS","2020-01-21","","24.29166667"
"LAS FERIAS","2020-01-20","","12.3"
"LAS FERIAS","2020-01-19","","6.0"
"LAS FERIAS","2020-01-18","","7.09090909"
"LAS FERIAS","2020-01-17","","5.85714286"
"LAS FERIAS","2020-01-16","","9.90909091"
"LAS FERIAS","2020-01-15","","9.72727273"
"LAS FERIAS","2020-01-14","","11.66666667"
"LAS FERIAS","2020-01-13","","11.05263158"
"LAS FERIAS","2020-01-12","","8.45454545"
"LAS FERIAS","2020-01-11","","10.79166667"
"LAS FERIAS","2020-01-10","","12.5047619"
"LAS FERIAS","2020-01-09","","16.13636364"
"LAS FERIAS","2020-01-08","","21.08333333"
"LAS FERIAS","2020-01-07","","21.83333333"
"LAS FERIAS","2020-01-06","","21.125"
"LAS FERIAS","2020-01-05","","20.16666667"
"LAS FERIAS","2020-01-04","","25.91666667"
"LAS FERIAS","2020-01-03","","20.83333333"
"LAS FERIAS","2020-01-02","","15.52380952"
"LAS FERIAS","2020-01-01","","27.86956522"
"LAS FERIAS","2019-12-31","","17.12272727"
"LAS FERIAS","2019-12-30","","17.86363636"
"LAS FERIAS","2019-12-29","","14.65217391"
"LAS FERIAS","2019-12-28","","13.79166667"
"LAS FERIAS","2019-12-27","","9.17391304"
"LAS FERIAS","2019-12-26","","6.79166667"
"LAS FERIAS","2019-12-25","","18.4"
"LAS FERIAS","2019-12-24","","5.18181818"
"LAS FERIAS","2019-12-23","","7.5"
"LAS FERIAS","2019-12-22","","5.19047619"
"LAS FERIAS","2019-12-21","","5.55"
"LAS FERIAS","2019-12-20","","11.18181818"
"LAS FERIAS","2019-12-19","","9.33333333"
"LAS FERIAS","2019-12-18","","14.91666667"
"LAS FERIAS","2019-12-17","","11.7826087"
"LAS FERIAS","2019-12-16","","9.0"
"LAS FERIAS","2019-12-15","","20.70833333"
"LAS FERIAS","2019-12-14","","24.95652174"
"LAS FERIAS","2019-12-13","","25.16666667"
"LAS FERIAS","2019-12-12","","23.95833333"
"LAS FERIAS","2019-12-11","","23.81818182"
"LAS FERIAS","2019-12-10","","18.16666667"
"LAS FERIAS","2019-12-09","","27.17391304"
"LAS FERIAS","2019-12-08","","21.125"
"LAS FERIAS","2019-12-07","","24.43684211"
"LAS FERIAS","2019-12-06","","27.0"
"LAS FERIAS","2019-12-05","","13.27272727"
"LAS FERIAS","2019-12-04","","18.0"
"LAS FERIAS","2019-12-03","","19.01111111"
"LAS FERIAS","2019-11-30","","17.76190476"
"LAS FERIAS","2019-11-29","","24.71666667"
"LAS FERIAS","2019-11-28","","9.335"
"LAS FERIAS","2019-11-27","","3.35714286"
"LAS FERIAS","2019-11-26","","3.69230769"
"LAS FERIAS","2019-11-25","","7.38888889"
"LAS FERIAS","2019-11-24","","15.625"
"LAS FERIAS","2019-11-23","","17.04166667"
"LAS FERIAS","2019-11-22","","16.54166667"
"LAS FERIAS","2019-11-21","","13.16666667"
"LAS FERIAS","2019-11-20","","18.04166667"
"LAS FERIAS","2019-11-19","","15.16666667"
"LAS FERIAS","2019-11-18","","14.70833333"
"LAS FERIAS","2019-11-17","","8.95454545"
"LAS FERIAS","2019-11-16","","13.29166667"
"LAS FERIAS","2019-11-15","","22.20833333"
"LAS FERIAS","2019-11-14","","21.29166667"
"LAS FERIAS","2019-11-13","","20.625"
"LAS FERIAS","2019-11-12","","15.42857143"
"LAS FERIAS","2019-11-11","","8.52380952"
"LAS FERIAS","2019-11-10","","16.91666667"
"LAS FERIAS","2019-11-09","","11.52380952"
"LAS FERIAS","2019-11-08","","9.2"
"LAS FERIAS","2019-11-07","","8.0"
"LAS FERIAS","2019-11-06","","6.625"
"LAS FERIAS","2019-11-05","","9.05555556"
"LAS FERIAS","2019-11-04","","6.15"
"LAS FERIAS","2019-11-03","","11.65"
"LAS FERIAS","2019-11-02","","20.375"
"LAS FERIAS","2019-11-01","","18.5"
"LAS FERIAS","2019-10-31","","7.95652174"
"LAS FERIAS","2019-10-30","","11.125"
"LAS FERIAS","2019-10-29","","10.94736842"
"LAS FERIAS","2019-10-28","","4.47619048"
"LAS FERIAS","2019-10-27","","9.25"
"LAS FERIAS","2019-10-26","","4.0"
"LAS FERIAS","2019-10-25","","8.65"
"LAS FERIAS","2019-10-24","","12.0"
"LAS FERIAS","2019-10-23","","16.23076923"
"LAS FERIAS","2019-10-22","","21.625"
"LAS FERIAS","2019-10-21","","18.125"
"LAS FERIAS","2019-10-20","","6.95"
"LAS FERIAS","2019-10-19","","5.42105263"
"LAS FERIAS","2019-10-18","","14.69230769"
"LAS FERIAS","2019-10-17","","13.0"
"LAS FERIAS","2019-10-16","","7.6"
"LAS FERIAS","2019-10-15","","13.89473684"
"LAS FERIAS","2019-10-14","","4.0"
"LAS FERIAS","2019-10-13","","5.0"
"LAS FERIAS","2019-10-12","","9.3125"
"LAS FERIAS","2019-10-11","","18.25"
"LAS FERIAS","2019-10-10","","18.33333333"
"LAS FERIAS","2019-10-09","","11.33333333"
"LAS FERIAS","2019-10-08","","9.57894737"
"LAS FERIAS","2019-10-07","","8.8"
"LAS FERIAS","2019-10-06","","12.94736842"
"LAS FERIAS","2019-10-05","","12.28571429"
"LAS FERIAS","2019-10-04","","8.85714286"
"LAS FERIAS","2019-10-03","","5.16666667"
"LAS FERIAS","2019-10-02","","13.65"
"LAS FERIAS","2019-10-01","","18.09090909"
"LAS FERIAS","2019-09-30","","14.25"
"LAS FERIAS","2019-09-29","","13.6"
"LAS FERIAS","2019-09-28","","12.63157895"
"LAS FERIAS","2019-09-27","","10.08695652"
"LAS FERIAS","2019-09-26","","7.5"
"LAS FERIAS","2019-09-25","","13.95454545"
"LAS FERIAS","2019-09-24","","17.07142857"
"LAS FERIAS","2019-09-23","","13.72727273"
"LAS FERIAS","2019-09-20","","49.28571429"
"LAS FERIAS","2019-09-19","","22.56521739"
"LAS FERIAS","2019-09-18","","25.0"
"LAS FERIAS","2019-09-17","","26.70833333"
"LAS FERIAS","2019-09-16","","11.04347826"
"LAS FERIAS","2019-09-15","","5.45833333"
"LAS FERIAS","2019-09-14","","4.29411765"
"LAS FERIAS","2019-09-13","","4.95238095"
"LAS FERIAS","2019-09-12","","6.85714286"
"LAS FERIAS","2019-09-11","","4.85"
"LAS FERIAS","2019-09-10","","8.1875"
"LAS FERIAS","2019-09-09","","4.5"
"LAS FERIAS","2019-09-08","","4.16666667"
"LAS FERIAS","2019-09-07","","5.41176471"
"LAS FERIAS","2019-09-06","","4.55"
"LAS FERIAS","2019-09-05","","2.875"
"LAS FERIAS","2019-09-04","","4.36842105"
"LAS FERIAS","2019-09-03","","9.76470588"
"LAS FERIAS","2019-09-02","","5.85"
"LAS FERIAS","2019-09-01","","4.57142857"
"LAS FERIAS","2019-08-31","","8.38095238"
"LAS FERIAS","2019-08-30","","7.76190476"
"LAS FERIAS","2019-08-29","","3.28571429"
"LAS FERIAS","2019-08-28","","5.0"
"LAS FERIAS","2019-08-27","","3.05"
"LAS FERIAS","2019-08-26","","7.27777778"
"LAS FERIAS","2019-08-25","","6.23076923"
"LAS FERIAS","2019-08-24","","3.21052632"
"LAS FERIAS","2019-08-23","","6.86363636"
"LAS FERIAS","2019-08-22","","13.86363636"
"LAS FERIAS","2019-08-21","","4.66666667"
"LAS FERIAS","2019-08-20","","5.72222222"
"LAS FERIAS","2019-08-19","","3.23076923"
"LAS FERIAS","2019-08-18","","6.91304348"
"LAS FERIAS","2019-08-17","","30.70833333"
"LAS FERIAS","2019-08-16","","44.125"
"LAS FERIAS","2019-08-15","","23.08333333"
"LAS FERIAS","2019-08-14","","9.55"
"LAS FERIAS","2019-08-13","","4.93333333"
"LAS FERIAS","2019-08-12","","4.0"
"LAS FERIAS","2019-08-11","","2.3"
"LAS FERIAS","2019-08-10","","3.30769231"
"LAS FERIAS","2019-08-09","","3.5625"
"LAS FERIAS","2019-08-08","","5.63636364"
"LAS FERIAS","2019-08-07","","6.17647059"
"LAS FERIAS","2019-08-06","","7.41666667"
"LAS FERIAS","2019-08-05","","9.45454545"
"LAS FERIAS","2019-08-04","","3.9"
"LAS FERIAS","2019-08-03","","7.88235294"
"LAS FERIAS","2019-08-02","","8.27272727"
"LAS FERIAS","2019-08-01","","8.47619048"
"LAS FERIAS","2019-07-31","","4.63157895"
"LAS FERIAS","2019-07-30","","2.77777778"
"LAS FERIAS","2019-07-29","","4.5"
"LAS FERIAS","2019-07-28","","5.75"
"LAS FERIAS","2019-07-27","","4.70833333"
"LAS FERIAS","2019-07-26","","4.15789474"
"LAS FERIAS","2019-07-25","","7.83333333"
"LAS FERIAS","2019-07-24","","5.5"
"LAS FERIAS","2019-07-23","","5.63636364"
"LAS FERIAS","2019-07-22","","7.6875"
"LAS FERIAS","2019-07-21","","2.0"
"LAS FERIAS","2019-07-20","","1.625"
"LAS FERIAS","2019-07-19","","3.54545455"
"LAS FERIAS","2019-07-18","","3.5"
"LAS FERIAS","2019-07-17","","9.0"
"LAS FERIAS","2019-07-16","","11.52380952"
"LAS FERIAS","2019-07-15","","5.25"
"LAS FERIAS","2019-07-14","","2.33333333"
"LAS FERIAS","2019-07-13","","4.2"
"LAS FERIAS","2019-07-12","","4.0"
"LAS FERIAS","2019-07-11","","5.0"
"LAS FERIAS","2019-07-10","","2.76923077"
"LAS FERIAS","2019-07-09","","9.05263158"
"LAS FERIAS","2019-07-08","","3.61538462"
"LAS FERIAS","2019-07-07","","2.53846154"
"LAS FERIAS","2019-07-06","","3.35714286"
"LAS FERIAS","2019-07-05","","9.70833333"
"LAS FERIAS","2019-07-04","","14.29166667"
"LAS FERIAS","2019-07-03","","6.85"
"LAS FERIAS","2019-07-02","","5.64705882"
"LAS FERIAS","2019-07-01","","5.95454545"
"LAS FERIAS","2019-06-30","","4.35714286"
"LAS FERIAS","2019-06-29","","3.6"
"LAS FERIAS","2019-06-28","","3.59090909"
"LAS FERIAS","2019-06-27","","7.29166667"
"LAS FERIAS","2019-06-26","","5.19047619"
"LAS FERIAS","2019-06-25","","10.875"
"LAS FERIAS","2019-06-24","","2.375"
"LAS FERIAS","2019-06-23","","1.8"
"LAS FERIAS","2019-06-22","","1.5"
"LAS FERIAS","2019-06-21","","3.6875"
"LAS FERIAS","2019-06-20","","2.35714286"
"LAS FERIAS","2019-06-19","","1.85714286"
"LAS FERIAS","2019-06-18","","2.35294118"
"LAS FERIAS","2019-06-17","","1.75"
"LAS FERIAS","2019-06-16","","3.25"
"LAS FERIAS","2019-06-15","","4.35714286"
"LAS FERIAS","2019-06-14","","6.29411765"
"LAS FERIAS","2019-06-13","","6.83333333"
"LAS FERIAS","2019-06-12","","6.5"
"LAS FERIAS","2019-06-11","","5.72727273"
"LAS FERIAS","2019-06-10","","3.84210526"
"LAS FERIAS","2019-06-09","","2.0"
"LAS FERIAS","2019-06-08","","7.16666667"
"LAS FERIAS","2019-06-07","","11.68421053"
"LAS FERIAS","2019-06-06","","5.71428571"
"LAS FERIAS","2019-06-05","","4.94444444"
"LAS FERIAS","2019-06-04","","6.41176471"
"LAS FERIAS","2019-06-03","","2.8"
"LAS FERIAS","2019-06-02","","13.31578947"
"LAS FERIAS","2019-06-01","","16.81818182"
"LAS FERIAS","2019-05-31","","20.16666667"
"LAS FERIAS","2019-05-30","","13.75"
"LAS FERIAS","2019-05-29","","15.625"
"LAS FERIAS","2019-05-28","","20.375"
"LAS FERIAS","2019-05-27","","19.625"
"LAS FERIAS","2019-05-26","","5.75"
"LAS FERIAS","2019-05-25","","18.20833333"
"LAS FERIAS","2019-05-24","","8.625"
"LAS FERIAS","2019-05-23","","16.25"
"LAS FERIAS","2019-05-22","","8.16666667"
"LAS FERIAS","2019-05-21","","5.20833333"
"LAS FERIAS","2019-05-20","","8.75"
"LAS FERIAS","2019-05-19","","9.54166667"
"LAS FERIAS","2019-05-18","","13.95833333"
"LAS FERIAS","2019-05-17","","11.54166667"
"LAS FERIAS","2019-05-16","","15.54166667"
"LAS FERIAS","2019-05-15","","4.25"
"LAS FERIAS","2019-05-14","","3.66666667"
"LAS FERIAS","2019-05-13","","5.625"
"LAS FERIAS","2019-05-12","","2.83333333"
"LAS FERIAS","2019-05-11","","15.79166667"
"LAS FERIAS","2019-05-10","","17.16666667"
"LAS FERIAS","2019-05-09","","11.86956522"
"LAS FERIAS","2019-05-08","","12.79166667"
"LAS FERIAS","2019-05-07","","7.20833333"
"LAS FERIAS","2019-05-06","","4.89473684"
"LAS FERIAS","2019-05-05","","3.875"
"LAS FERIAS","2019-05-04","","6.75"
"LAS FERIAS","2019-05-03","","12.75"
"LAS FERIAS","2019-05-02","","14.04166667"
"LAS FERIAS","2019-05-01","","10.08333333"
"LAS FERIAS","2019-04-30","","8.41666667"
"LAS FERIAS","2019-04-29","","3.83333333"
"LAS FERIAS","2019-04-28","","3.375"
"LAS FERIAS","2019-04-27","","3.27777778"
"LAS FERIAS","2019-04-26","","7.70833333"
"LAS FERIAS","2019-04-25","","14.25"
"LAS FERIAS","2019-04-24","","14.125"
"LAS FERIAS","2019-04-23","","21.20833333"
"LAS FERIAS","2019-04-22","","13.66666667"
"LAS FERIAS","2019-04-21","","8.375"
"LAS FERIAS","2019-04-20","","7.7826087"
"LAS FERIAS","2019-04-19","","8.79166667"
"LAS FERIAS","2019-04-18","","14.41666667"
"LAS FERIAS","2019-04-17","","17.75"
"LAS FERIAS","2019-04-16","","17.13043478"
"LAS FERIAS","2019-04-15","","15.45833333"
"LAS FERIAS","2019-04-14","","23.33333333"
"LAS FERIAS","2019-04-13","","23.25"
"LAS FERIAS","2019-04-12","","23.0"
"LAS FERIAS","2019-04-11","","27.70833333"
"LAS FERIAS","2019-04-10","","31.58333333"
"LAS FERIAS","2019-04-09","","33.5"
"LAS FERIAS","2019-04-08","","30.58333333"
"LAS FERIAS","2019-04-07","","22.04166667"
"LAS FERIAS","2019-04-06","","19.20833333"
"LAS FERIAS","2019-04-05","","27.20833333"
"LAS FERIAS","2019-04-04","","18.125"
"LAS FERIAS","2019-04-03","","22.625"
"LAS FERIAS","2019-04-02","","24.875"
"LAS FERIAS","2019-04-01","","15.13636364"
"LAS FERIAS","2019-03-31","","8.86956522"
"LAS FERIAS","2019-03-30","","18.70833333"
"LAS FERIAS","2019-03-29","","30.25"
"LAS FERIAS","2019-03-28","","59.04166667"
"LAS FERIAS","2019-03-27","","46.86956522"
"LAS FERIAS","2019-03-26","","44.70833333"
"LAS FERIAS","2019-03-25","","30.79166667"
"LAS FERIAS","2019-03-24","","29.0"
"LAS FERIAS","2019-03-23","","24.29166667"
"LAS FERIAS","2019-03-22","","23.25"
"LAS FERIAS","2019-03-21","","29.375"
"LAS FERIAS","2019-03-20","","27.79166667"
"LAS FERIAS","2019-03-19","","21.29166667"
"LAS FERIAS","2019-03-18","","23.29166667"
"LAS FERIAS","2019-03-17","","16.08695652"
"LAS FERIAS","2019-03-16","","16.29166667"
"LAS FERIAS","2019-03-15","","24.25"
"LAS FERIAS","2019-03-14","","27.41666667"
"LAS FERIAS","2019-03-13","","26.0"
"LAS FERIAS","2019-03-12","","26.45833333"
"LAS FERIAS","2019-03-11","","13.95833333"
"LAS FERIAS","2019-03-10","","8.45833333"
"LAS FERIAS","2019-03-09","","15.29166667"
"LAS FERIAS","2019-03-08","","32.33333333"
"LAS FERIAS","2019-03-07","","41.375"
"LAS FERIAS","2019-03-06","","33.5"
"LAS FERIAS","2019-03-05","","36.54166667"
"LAS FERIAS","2019-03-04","","33.16666667"
"LAS FERIAS","2019-03-03","","21.69565217"
"LAS FERIAS","2019-03-02","","30.29166667"
"LAS FERIAS","2019-03-01","","36.95652174"
"LAS FERIAS","2019-02-28","","28.29166667"
"LAS FERIAS","2019-02-27","","30.91666667"
"LAS FERIAS","2019-02-26","","33.75"
"LAS FERIAS","2019-02-25","","25.91666667"
"LAS FERIAS","2019-02-24","","20.5"
"LAS FERIAS","2019-02-23","","27.66666667"
"LAS FERIAS","2019-02-22","","20.79166667"
"LAS FERIAS","2019-02-21","","15.375"
"LAS FERIAS","2019-02-20","","16.17391304"
"LAS FERIAS","2019-02-19","","12.58333333"
"LAS FERIAS","2019-02-18","","22.375"
"LAS FERIAS","2019-02-17","","12.125"
"LAS FERIAS","2019-02-16","","11.70833333"
"LAS FERIAS","2019-02-15","","20.54166667"
"LAS FERIAS","2019-02-14","","24.125"
"LAS FERIAS","2019-02-13","","20.875"
"LAS FERIAS","2019-02-12","","24.90909091"
"LAS FERIAS","2019-02-11","","15.66666667"
"LAS FERIAS","2019-02-10","","14.58333333"
"LAS FERIAS","2019-02-09","","16.75"
"LAS FERIAS","2019-02-08","","14.91666667"
"LAS FERIAS","2019-02-07","","17.58333333"
"LAS FERIAS","2019-02-06","","15.29166667"
"LAS FERIAS","2019-02-05","","20.20833333"
"LAS FERIAS","2019-02-04","","20.20833333"
"LAS FERIAS","2019-02-03","","9.65217391"
"LAS FERIAS","2019-02-02","","22.95833333"
"LAS FERIAS","2019-02-01","","18.73913043"
"LAS FERIAS","2019-01-31","","26.875"
"LAS FERIAS","2019-01-30","","25.33333333"
"LAS FERIAS","2019-01-29","","19.08695652"
"LAS FERIAS","2019-01-28","","20.20833333"
"LAS FERIAS","2019-01-27","","13.04166667"
"LAS FERIAS","2019-01-26","","13.75"
"LAS FERIAS","2019-01-25","","14.95652174"
"LAS FERIAS","2019-01-24","","6.5"
"LAS FERIAS","2019-01-23","","7.45833333"
"LAS FERIAS","2019-01-22","","9.0"
"LAS FERIAS","2019-01-21","","10.54545455"
"LAS FERIAS","2019-01-20","","4.33333333"
"LAS FERIAS","2019-01-19","","6.39130435"
"LAS FERIAS","2019-01-18","","9.20833333"
"LAS FERIAS","2019-01-17","","11.56521739"
"LAS FERIAS","2019-01-16","","12.625"
"LAS FERIAS","2019-01-15","","17.45833333"
"LAS FERIAS","2019-01-14","","14.58333333"
"LAS FERIAS","2019-01-13","","22.29166667"
"LAS FERIAS","2019-01-12","","23.29166667"
"LAS FERIAS","2019-01-11","","17.625"
"LAS FERIAS","2019-01-10","","10.875"
"LAS FERIAS","2019-01-09","","17.76190476"
"LAS FERIAS","2019-01-08","","16.91666667"
"LAS FERIAS","2019-01-07","","14.45833333"
"LAS FERIAS","2019-01-06","","15.08333333"
"LAS FERIAS","2019-01-05","","13.04166667"
"LAS FERIAS","2019-01-04","","8.0952381"
"LAS FERIAS","2019-01-03","","3.05263158"
"LAS FERIAS","2019-01-02","","3.1"
"LAS FERIAS","2019-01-01","","6.15"
"LAS FERIAS","2018-12-31","","6.95652174"
"LAS FERIAS","2018-12-30","","7.80952381"
"LAS FERIAS","2018-12-29","","4.8"
"LAS FERIAS","2018-12-28","","7.39130435"
"LAS FERIAS","2018-12-27","","5.95238095"
"LAS FERIAS","2018-12-26","","8.52173913"
"LAS FERIAS","2018-12-25","","18.18181818"
"LAS FERIAS","2018-12-24","","13.42857143"
"LAS FERIAS","2018-12-23","","11.91666667"
"LAS FERIAS","2018-12-22","","6.04347826"
"LAS FERIAS","2018-12-21","","13.3"
"LAS FERIAS","2018-12-20","","14.58333333"
"LAS FERIAS","2018-12-19","","7.60869565"
"LAS FERIAS","2018-12-18","","19.375"
"LAS FERIAS","2018-12-17","","12.70833333"
"LAS FERIAS","2018-12-16","","7.72727273"
"LAS FERIAS","2018-12-15","","9.71428571"
"LAS FERIAS","2018-12-14","","17.0"
"LAS FERIAS","2018-12-13","","8.42105263"
"LAS FERIAS","2018-12-12","","5.23809524"
"LAS FERIAS","2018-12-11","","8.41666667"
"LAS FERIAS","2018-12-10","","12.41666667"
"LAS FERIAS","2018-12-09","","16.91666667"
"LAS FERIAS","2018-12-08","","18.20833333"
"LAS FERIAS","2018-12-07","","17.0"
"LAS FERIAS","2018-12-06","","18.79166667"
"LAS FERIAS","2018-12-05","","15.08333333"
"LAS FERIAS","2018-12-04","","20.79166667"
"LAS FERIAS","2018-12-03","","21.16666667"
"LAS FERIAS","2018-12-02","","12.625"
"LAS FERIAS","2018-12-01","","21.33333333"
"LAS FERIAS","2018-11-30","","27.45833333"
"LAS FERIAS","2018-11-29","","23.63157895"
"LAS FERIAS","2018-11-28","","13.5"
"LAS FERIAS","2018-11-27","","21.75"
"LAS FERIAS","2018-11-26","","20.16666667"
"LAS FERIAS","2018-11-25","","12.125"
"LAS FERIAS","2018-11-24","","24.29166667"
"LAS FERIAS","2018-11-23","","17.68181818"
"LAS FERIAS","2018-11-22","","25.66666667"
"LAS FERIAS","2018-11-21","","11.54545455"
"LAS FERIAS","2018-11-20","","7.66666667"
"LAS FERIAS","2018-11-19","","7.86363636"
"LAS FERIAS","2018-11-18","","10.11111111"
"LAS FERIAS","2018-11-17","","14.63157895"
"LAS FERIAS","2018-11-16","","27.27272727"
"LAS FERIAS","2018-11-15","","35.75"
"LAS FERIAS","2018-11-14","","34.70833333"
"LAS FERIAS","2018-11-13","","14.58333333"
"LAS FERIAS","2018-11-12","","5.07692308"
"LAS FERIAS","2018-11-11","","14.0"
"LAS FERIAS","2018-11-10","","15.79166667"
"LAS FERIAS","2018-11-09","","19.71428571"
"LAS FERIAS","2018-11-08","","12.56521739"
"LAS FERIAS","2018-11-07","","15.25"
"LAS FERIAS","2018-11-06","","18.91666667"
"LAS FERIAS","2018-11-05","","8.375"
"LAS FERIAS","2018-11-04","","26.0"
"LAS FERIAS","2018-11-03","","18.1"
"LAS FERIAS","2018-11-02","","11.30434783"
"LAS FERIAS","2018-11-01","","3.70588235"
"LAS FERIAS","2018-10-31","","6.86363636"
"LAS FERIAS","2018-10-30","","6.31578947"
"LAS FERIAS","2018-10-29","","8.6"
"LAS FERIAS","2018-10-28","","5.0"
"LAS FERIAS","2018-10-27","","3.33333333"
"LAS FERIAS","2018-10-26","","4.91666667"
"LAS FERIAS","2018-10-23","","13.51363636"
"LAS FERIAS","2018-10-22","","20.60833333"
"LAS FERIAS","2018-10-21","","10.16666667"
"LAS FERIAS","2018-10-20","","15.8375"
"LAS FERIAS","2018-10-19","","23.65"
"LAS FERIAS","2018-10-18","","28.41666667"
"LAS FERIAS","2018-10-17","","24.72727273"
"LAS FERIAS","2018-10-14","","32.26956522"
"LAS FERIAS","2018-10-13","","32.20416667"
"LAS FERIAS","2018-10-12","","24.56666667"
"LAS FERIAS","2018-10-11","","28.9"
"LAS FERIAS","2018-10-10","","17.2625"
"LAS FERIAS","2018-10-09","","15.87272727"
"LAS FERIAS","2018-10-08","","10.925"
"LAS FERIAS","2018-10-07","","14.5875"
"LAS FERIAS","2018-10-06","","18.63636364"
"LAS FERIAS","2018-10-05","","25.70833333"
"LAS FERIAS","2018-10-04","","14.30434783"
"LAS FERIAS","2018-10-03","","19.23333333"
"LAS FERIAS","2018-10-02","","14.15217391"
"LAS FERIAS","2018-10-01","","19.78333333"
"LAS FERIAS","2018-09-30","","9.7173913"
"LAS FERIAS","2018-09-29","","9.24583333"
"LAS FERIAS","2018-09-28","","20.62083333"
"LAS FERIAS","2018-09-27","","11.90833333"
"LAS FERIAS","2018-09-26","","10.72083333"
"LAS FERIAS","2018-09-25","","10.83913043"
"LAS FERIAS","2018-09-24","","9.94782609"
"LAS FERIAS","2018-09-23","","7.47916667"
"LAS FERIAS","2018-09-22","","8.84166667"
"LAS FERIAS","2018-09-21","","12.55416667"
"LAS FERIAS","2018-09-20","","6.7625"
"LAS FERIAS","2018-09-19","","6.78333333"
"LAS FERIAS","2018-09-18","","3.08333333"
"LAS FERIAS","2018-09-17","","12.345"
"LAS FERIAS","2018-09-16","","4.99545455"
"LAS FERIAS","2018-09-15","","22.7375"
"LAS FERIAS","2018-09-14","","29.96521739"
"LAS FERIAS","2018-09-13","","35.15833333"
"LAS FERIAS","2018-09-12","","31.17916667"
"LAS FERIAS","2018-09-11","","26.59166667"
"LAS FERIAS","2018-09-10","","16.24347826"
"LAS FERIAS","2018-09-09","","5.85416667"
"LAS FERIAS","2018-09-08","","8.23478261"
"LAS FERIAS","2018-09-07","","22.59166667"
"LAS FERIAS","2018-09-06","","31.23333333"
"LAS FERIAS","2018-09-05","","16.75833333"
"LAS FERIAS","2018-09-04","","7.5625"
"LAS FERIAS","2018-09-03","","7.39130435"
"LAS FERIAS","2018-09-02","","7.16521739"
"LAS FERIAS","2018-09-01","","11.4875"
"LAS FERIAS","2018-08-31","","13.67826087"
"LAS FERIAS","2018-08-30","","9.55652174"
"LAS FERIAS","2018-08-29","","10.70869565"
"LAS FERIAS","2018-08-28","","7.24347826"
"LAS FERIAS","2018-08-27","","6.00434783"
"LAS FERIAS","2018-08-26","","5.25217391"
"LAS FERIAS","2018-08-25","","5.27083333"
"LAS FERIAS","2018-08-24","","7.0375"
"LAS FERIAS","2018-08-23","","9.95652174"
"LAS FERIAS","2018-08-22","","6.10869565"
"LAS FERIAS","2018-08-21","","5.49166667"
"LAS FERIAS","2018-08-20","","4.72083333"
"LAS FERIAS","2018-08-19","","5.43913043"
"LAS FERIAS","2018-08-18","","7.8125"
"LAS FERIAS","2018-08-17","","7.8375"
"LAS FERIAS","2018-08-16","","8.32916667"
"LAS FERIAS","2018-08-15","","10.7"
"LAS FERIAS","2018-08-14","","17.05"
"LAS FERIAS","2018-08-13","","11.01304348"
"LAS FERIAS","2018-08-12","","4.7"
"LAS FERIAS","2018-08-11","","6.62083333"
"LAS FERIAS","2018-08-10","","7.09090909"
"LAS FERIAS","2018-08-09","","6.13333333"
"LAS FERIAS","2018-08-08","","5.3"
"LAS FERIAS","2018-08-07","","3.94347826"
"LAS FERIAS","2018-08-06","","4.78333333"
"LAS FERIAS","2018-08-05","","5.12083333"
"LAS FERIAS","2018-08-04","","8.6875"
"LAS FERIAS","2018-08-03","","9.14347826"
"LAS FERIAS","2018-08-02","","7.29166667"
"LAS FERIAS","2018-08-01","","8.59130435"
"LAS FERIAS","2018-07-31","","14.5"
"LAS FERIAS","2018-07-30","","6.00434783"
"LAS FERIAS","2018-07-29","","4.26086957"
"LAS FERIAS","2018-07-28","","5.72083333"
"LAS FERIAS","2018-07-27","","7.975"
"LAS FERIAS","2018-07-26","","5.86086957"
"LAS FERIAS","2018-07-25","","11.275"
"LAS FERIAS","2018-07-24","","8.69583333"
"LAS FERIAS","2018-07-23","","13.66666667"
"LAS FERIAS","2018-07-22","","15.7375"
"LAS FERIAS","2018-07-21","","11.37083333"
"LAS FERIAS","2018-07-20","","7.49166667"
"LAS FERIAS","2018-07-19","","7.05909091"
"LAS FERIAS","2018-07-18","","6.62083333"
"LAS FERIAS","2018-07-17","","5.26086957"
"LAS FERIAS","2018-07-16","","8.16666667"
"LAS FERIAS","2018-07-15","","3.78636364"
"LAS FERIAS","2018-07-14","","3.31818182"
"LAS FERIAS","2018-07-13","","5.67826087"
"LAS FERIAS","2018-07-12","","5.2125"
"LAS FERIAS","2018-07-11","","6.20434783"
"LAS FERIAS","2018-07-10","","5.45882353"
"LAS FERIAS","2018-07-09","","5.77826087"
"LAS FERIAS","2018-07-08","","5.27083333"
"LAS FERIAS","2018-07-07","","5.6875"
"LAS FERIAS","2018-07-06","","6.8875"
"LAS FERIAS","2018-07-05","","4.67272727"
"LAS FERIAS","2018-07-04","","6.98333333"
"LAS FERIAS","2018-07-03","","11.00434783"
"LAS FERIAS","2018-07-02","","13.17916667"
"LAS FERIAS","2018-07-01","","8.9875"
"LAS FERIAS","2018-06-30","","11.525"
"LAS FERIAS","2018-06-29","","10.24583333"
"LAS FERIAS","2018-06-28","","7.63333333"
"LAS FERIAS","2018-06-27","","11.78666667"
"LAS FERIAS","2018-06-26","","6.18333333"
"LAS FERIAS","2018-06-25","","4.83043478"
"LAS FERIAS","2018-06-24","","3.4875"
"LAS FERIAS","2018-06-23","","4.53913043"
"LAS FERIAS","2018-06-22","","6.7875"
"LAS FERIAS","2018-06-21","","8.79166667"
"LAS FERIAS","2018-06-20","","15.57142857"
"LAS FERIAS","2018-06-15","","5.61111111"
"LAS FERIAS","2018-06-14","","8.7"
"LAS FERIAS","2018-06-13","","6.59565217"
"LAS FERIAS","2018-06-12","","8.425"
"LAS FERIAS","2018-06-11","","3.82"
"LAS FERIAS","2018-06-10","","4.40833333"
"LAS FERIAS","2018-06-09","","4.18181818"
"LAS FERIAS","2018-06-08","","7.35416667"
"LAS FERIAS","2018-06-07","","8.15"
"LAS FERIAS","2018-06-06","","2.51666667"
"LAS FERIAS","2018-06-02","","14.34"
"LAS FERIAS","2018-06-01","","5.88461538"
"LAS FERIAS","2018-05-31","","13.71666667"
"LAS FERIAS","2018-05-30","","16.60952381"
"LAS FERIAS","2018-05-29","","14.83478261"
"LAS FERIAS","2018-05-28","","8.50555556"
"LAS FERIAS","2018-05-27","","10.335"
"LAS FERIAS","2018-05-26","","8.07222222"
"LAS FERIAS","2018-05-25","","10.73888889"
"LAS FERIAS","2018-05-24","","10.00526316"
"LAS FERIAS","2018-05-23","","12.71052632"
"LAS FERIAS","2018-05-22","","16.52173913"
"LAS FERIAS","2018-05-21","","9.23636364"
"LAS FERIAS","2018-05-20","","5.755"
"LAS FERIAS","2018-05-19","","15.73478261"
"LAS FERIAS","2018-05-18","","20.34166667"
"LAS FERIAS","2018-05-17","","10.99047619"
"LAS FERIAS","2018-05-16","","15.14117647"
"LAS FERIAS","2018-05-15","","16.12222222"
"LAS FERIAS","2018-05-14","","9.96086957"
"LAS FERIAS","2018-05-13","","13.46"
"LAS FERIAS","2018-05-12","","7.22307692"
"LAS FERIAS","2018-05-11","","21.66521739"
"LAS FERIAS","2018-05-10","","20.0"
"LAS FERIAS","2018-05-09","","21.13636364"
"LAS FERIAS","2018-05-08","","19.0"
"LAS FERIAS","2018-05-07","","21.02941176"
"LAS FERIAS","2018-05-06","","10.45789474"
"LAS FERIAS","2018-05-05","","17.71363636"
"LAS FERIAS","2018-05-04","","10.75333333"
"LAS FERIAS","2018-05-03","","12.73333333"
"LAS FERIAS","2018-05-02","","8.73157895"
"LAS FERIAS","2018-05-01","","14.12173913"
"LAS FERIAS","2018-04-30","","14.04210526"
"LAS FERIAS","2018-04-29","","17.13333333"
"LAS FERIAS","2018-04-28","","20.23333333"
"LAS FERIAS","2018-04-27","","18.45217391"
"LAS FERIAS","2018-04-26","","17.75333333"
"LAS FERIAS","2018-04-25","","16.62173913"
"LAS FERIAS","2018-04-24","","15.24285714"
"LAS FERIAS","2018-04-23","","10.54444444"
"LAS FERIAS","2018-04-22","","8.28095238"
"LAS FERIAS","2018-04-21","","8.82173913"
"LAS FERIAS","2018-04-20","","7.82173913"
"LAS FERIAS","2018-04-19","","6.21666667"
"LAS FERIAS","2018-04-18","","9.6173913"
"LAS FERIAS","2018-04-17","","21.69166667"
"LAS FERIAS","2018-04-16","","23.36086957"
"LAS FERIAS","2018-04-15","","11.36521739"
"LAS FERIAS","2018-04-14","","14.5875"
"LAS FERIAS","2018-04-13","","30.24166667"
"LAS FERIAS","2018-04-12","","25.63043478"
"LAS FERIAS","2018-04-11","","29.25"
"LAS FERIAS","2018-04-10","","24.04583333"
"LAS FERIAS","2018-04-09","","26.275"
"LAS FERIAS","2018-04-08","","20.14583333"
"LAS FERIAS","2018-04-07","","23.70416667"
"LAS FERIAS","2018-04-06","","18.25"
"LAS FERIAS","2018-04-05","","30.64"
"LAS FERIAS","2018-04-04","","23.35454545"
"LAS FERIAS","2018-04-03","","17.96666667"
"LAS FERIAS","2018-04-02","","22.81666667"
"LAS FERIAS","2018-04-01","","8.98636364"
"LAS FERIAS","2018-03-31","","10.54782609"
"LAS FERIAS","2018-03-30","","12.53043478"
"LAS FERIAS","2018-03-29","","5.69473684"
"LAS FERIAS","2018-03-28","","23.7875"
"LAS FERIAS","2018-03-27","","30.24583333"
"LAS FERIAS","2018-03-26","","26.6625"
"LAS FERIAS","2018-03-25","","20.16521739"
"LAS FERIAS","2018-03-24","","24.10526316"
"LAS FERIAS","2018-03-23","","37.35833333"
"LAS FERIAS","2018-03-22","","30.15"
"LAS FERIAS","2018-03-21","","29.09583333"
"LAS FERIAS","2018-03-20","","28.84090909"
"LAS FERIAS","2018-03-19","","21.4375"
"LAS FERIAS","2018-03-18","","28.57916667"
"LAS FERIAS","2018-03-17","","25.95"
"LAS FERIAS","2018-03-16","","22.57916667"
"LAS FERIAS","2018-03-15","","32.075"
"LAS FERIAS","2018-03-14","","23.68333333"
"LAS FERIAS","2018-03-13","","22.39166667"
"LAS FERIAS","2018-03-12","","17.77916667"
"LAS FERIAS","2018-03-11","","8.45384615"
"LAS FERIAS","2018-03-10","","10.84166667"
"LAS FERIAS","2018-03-09","","9.5"
"LAS FERIAS","2018-03-08","","8.12941176"
"LAS FERIAS","2018-03-07","","12.02352941"
"LAS FERIAS","2018-03-06","","16.52727273"
"LAS FERIAS","2018-03-05","","44.25833333"
"LAS FERIAS","2018-03-04","","31.505"
"LAS FERIAS","2018-03-03","","27.5875"
"LAS FERIAS","2018-03-02","","23.7125"
"LAS FERIAS","2018-03-01","","36.98333333"
"LAS FERIAS","2018-02-28","","34.70833333"
"LAS FERIAS","2018-02-27","","32.65"
"LAS FERIAS","2018-02-26","","27.15416667"
"LAS FERIAS","2018-02-25","","19.73478261"
"LAS FERIAS","2018-02-24","","22.7875"
"LAS FERIAS","2018-02-23","","37.3375"
"LAS FERIAS","2018-02-22","","31.625"
"LAS FERIAS","2018-02-21","","30.10588235"
"LAS FERIAS","2018-02-20","","22.67083333"
"LAS FERIAS","2018-02-19","","25.55"
"LAS FERIAS","2018-02-18","","15.86666667"
"LAS FERIAS","2018-02-17","","17.63333333"
"LAS FERIAS","2018-02-16","","21.55"
"LAS FERIAS","2018-02-15","","21.87647059"
"LAS FERIAS","2018-02-14","","31.07083333"
"LAS FERIAS","2018-02-13","","23.52307692"
"LAS FERIAS","2018-02-12","","19.37142857"
"LAS FERIAS","2018-02-11","","13.5"
"LAS FERIAS","2018-02-10","","15.1625"
"LAS FERIAS","2018-02-09","","30.48333333"
"LAS FERIAS","2018-02-08","","32.32916667"
"LAS FERIAS","2018-02-07","","23.5125"
"LAS FERIAS","2018-02-06","","29.54166667"
"LAS FERIAS","2018-02-05","","21.09166667"
"LAS FERIAS","2018-02-03","","36.82727273"
"LAS FERIAS","2018-02-02","","30.49565217"
"LAS FERIAS","2018-02-01","","27.2625"
"LAS FERIAS","2018-01-31","","18.53181818"
"LAS FERIAS","2018-01-30","","24.575"
"LAS FERIAS","2018-01-29","","21.70869565"
"LAS FERIAS","2018-01-28","","13.55454545"
"LAS FERIAS","2018-01-27","","22.27083333"
"LAS FERIAS","2018-01-26","","25.05294118"
"LAS FERIAS","2018-01-25","","13.70625"
"LAS FERIAS","2018-01-24","","12.1625"
"LAS FERIAS","2018-01-23","","9.47916667"
"LAS FERIAS","2018-01-22","","9.50869565"
"LAS FERIAS","2018-01-21","","5.72272727"
"LAS FERIAS","2018-01-20","","7.03636364"
"LAS FERIAS","2018-01-19","","6.00869565"
"LAS FERIAS","2018-01-18","","6.40909091"
"LAS FERIAS","2018-01-17","","15.52272727"
"LAS FERIAS","2018-01-16","","13.96666667"
"LAS FERIAS","2018-01-15","","20.58571429"
"LAS FERIAS","2018-01-14","","17.03181818"
"LAS FERIAS","2018-01-13","","23.89"
"LAS FERIAS","2018-01-12","","16.42916667"
"LAS FERIAS","2018-01-11","","16.24375"
"LAS FERIAS","2018-01-10","","23.44444444"
"LAS FERIAS","2018-01-09","","18.6"
"LAS FERIAS","2018-01-06","","12.6375"
"LAS FERIAS","2018-01-05","","26.01666667"
"LAS FERIAS","2018-01-04","","23.80416667"
"LAS FERIAS","2018-01-03","","15.76818182"
"LAS FERIAS","2018-01-02","","19.35833333"
"LAS FERIAS","2018-01-01","","12.1"
"LAS FERIAS","2017-12-31","","18.475"
"LAS FERIAS","2017-12-30","","24.525"
"LAS FERIAS","2017-12-29","","15.89166667"
"LAS FERIAS","2017-12-28","","13.52173913"
"LAS FERIAS","2017-12-27","","13.2375"
"LAS FERIAS","2017-12-26","","19.14166667"
"LAS FERIAS","2017-12-25","","24.5375"
"LAS FERIAS","2017-12-24","","16.165"
"LAS FERIAS","2017-12-23","","19.9125"
"LAS FERIAS","2017-12-22","","16.3625"
"LAS FERIAS","2017-12-21","","26.60833333"
"LAS FERIAS","2017-12-20","","27.00833333"
"LAS FERIAS","2017-12-19","","31.88333333"
"LAS FERIAS","2017-12-18","","17.33043478"
"LAS FERIAS","2017-12-17","","17.82916667"
"LAS FERIAS","2017-12-16","","26.4625"
"LAS FERIAS","2017-12-15","","13.84166667"
"LAS FERIAS","2017-12-14","","13.49166667"
"LAS FERIAS","2017-12-13","","16.38333333"
"LAS FERIAS","2017-12-12","","18.325"
"LAS FERIAS","2017-12-11","","15.37916667"
"LAS FERIAS","2017-12-10","","20.74782609"
"LAS FERIAS","2017-12-09","","22.19583333"
"LAS FERIAS","2017-12-08","","16.08695652"
"LAS FERIAS","2017-12-07","","18.2"
"LAS FERIAS","2017-12-06","","11.65454545"
"LAS FERIAS","2017-12-05","","7.16111111"
"LAS FERIAS","2017-12-04","","7.2375"
"LAS FERIAS","2017-12-03","","5.89090909"
"LAS FERIAS","2017-12-02","","25.58333333"
"LAS FERIAS","2017-12-01","","28.72"
"LAS FERIAS","2017-11-30","","19.9625"
"LAS FERIAS","2017-11-29","","12.01304348"
"LAS FERIAS","2017-11-28","","13.11428571"
"LAS FERIAS","2017-11-27","","14.7125"
"LAS FERIAS","2017-11-26","","7.62857143"
"LAS FERIAS","2017-11-25","","12.63888889"
"LAS FERIAS","2017-11-24","","34.995"
"LAS FERIAS","2017-11-23","","37.025"
"LAS FERIAS","2017-11-22","","29.76666667"
"LAS FERIAS","2017-11-21","","27.2"
"LAS FERIAS","2017-11-20","","20.83043478"
"LAS FERIAS","2017-11-19","","15.44583333"
"LAS FERIAS","2017-11-18","","20.7375"
"LAS FERIAS","2017-11-17","","20.12"
"LAS FERIAS","2017-11-16","","20.90434783"
"LAS FERIAS","2017-11-15","","25.02380952"
"LAS FERIAS","2017-11-14","","28.47083333"
"LAS FERIAS","2017-11-13","","12.40416667"
"LAS FERIAS","2017-11-12","","15.06818182"
"LAS FERIAS","2017-11-11","","17.86470588"
"LAS FERIAS","2017-11-10","","32.44166667"
"LAS FERIAS","2017-11-09","","27.3875"
"LAS FERIAS","2017-11-08","","25.175"
"LAS FERIAS","2017-11-07","","25.61304348"
"LAS FERIAS","2017-11-06","","26.17916667"
"LAS FERIAS","2017-11-05","","27.225"
"LAS FERIAS","2017-11-04","","39.80833333"
"LAS FERIAS","2017-11-03","","32.07083333"
"LAS FERIAS","2017-11-02","","26.06666667"
"LAS FERIAS","2017-11-01","","29.74583333"
"LAS FERIAS","2017-10-31","","28.05"
"LAS FERIAS","2017-10-30","","31.5375"
"LAS FERIAS","2017-10-27","","27.69411765"
"LAS FERIAS","2017-10-26","","27.72916667"
"LAS FERIAS","2017-10-25","","11.76956522"
"LAS FERIAS","2017-10-24","","11.05652174"
"LAS FERIAS","2017-10-23","","9.40434783"
"LAS FERIAS","2017-10-22","","5.36"
"LAS FERIAS","2017-10-21","","11.61428571"
"LAS FERIAS","2017-10-20","","25.1173913"
"LAS FERIAS","2017-10-19","","18.63333333"
"LAS FERIAS","2017-10-18","","7.82173913"
"LAS FERIAS","2017-10-17","","6.27"
"LAS FERIAS","2017-10-16","","4.76"
"LAS FERIAS","2017-10-15","","4.8"
"LAS FERIAS","2017-10-14","","9.17777778"
"LAS FERIAS","2017-10-13","","7.25217391"
"LAS FERIAS","2017-10-12","","12.35833333"
"LAS FERIAS","2017-10-11","","16.49166667"
"LAS FERIAS","2017-10-10","","29.58333333"
"LAS FERIAS","2017-10-09","","24.0125"
"LAS FERIAS","2017-10-08","","15.85217391"
"LAS FERIAS","2017-10-07","","8.52631579"
"LAS FERIAS","2017-10-06","","10.2173913"
"LAS FERIAS","2017-10-05","","8.07619048"
"LAS FERIAS","2017-10-04","","12.73043478"
"LAS FERIAS","2017-10-03","","24.875"
"LAS FERIAS","2017-10-02","","21.0"
"LAS FERIAS","2017-10-01","","10.72307692"
"LAS FERIAS","2017-09-30","","6.80869565"
"LAS FERIAS","2017-09-29","","8.24545455"
"LAS FERIAS","2017-09-28","","18.49583333"
"LAS FERIAS","2017-09-27","","23.9125"
"LAS FERIAS","2017-09-26","","22.01666667"
"LAS FERIAS","2017-09-25","","7.59375"
"LAS FERIAS","2017-09-24","","4.89047619"
"LAS FERIAS","2017-09-23","","17.23809524"
"LAS FERIAS","2017-09-22","","28.16666667"
"LAS FERIAS","2017-09-21","","37.39583333"
"LAS FERIAS","2017-09-20","","34.89565217"
"LAS FERIAS","2017-09-19","","29.12916667"
"LAS FERIAS","2017-09-18","","13.5"
"LAS FERIAS","2017-09-17","","5.07333333"
"LAS FERIAS","2017-09-16","","6.38095238"
"LAS FERIAS","2017-09-15","","9.33478261"
"LAS FERIAS","2017-09-14","","11.34090909"
"LAS FERIAS","2017-09-13","","8.76521739"
"LAS FERIAS","2017-09-12","","11.57391304"
"LAS FERIAS","2017-09-11","","10.42916667"
"LAS FERIAS","2017-09-10","","8.81666667"
"LAS FERIAS","2017-09-09","","13.87916667"
"LAS FERIAS","2017-09-08","","25.425"
"LAS FERIAS","2017-09-07","","21.60833333"
"LAS FERIAS","2017-09-06","","16.74583333"
"LAS FERIAS","2017-09-05","","16.0125"
"LAS FERIAS","2017-09-04","","13.50434783"
"LAS FERIAS","2017-09-03","","6.35714286"
"LAS FERIAS","2017-09-02","","6.31304348"
"LAS FERIAS","2017-09-01","","10.10416667"
"LAS FERIAS","2017-08-31","","8.5952381"
"LAS FERIAS","2017-08-30","","7.27647059"
"LAS FERIAS","2017-08-29","","13.24583333"
"LAS FERIAS","2017-08-28","","14.53333333"
"LAS FERIAS","2017-08-27","","16.57272727"
"LAS FERIAS","2017-08-26","","10.97647059"
"LAS FERIAS","2017-08-25","","7.47391304"
"LAS FERIAS","2017-08-24","","13.36315789"
"LAS FERIAS","2017-08-23","","13.08333333"
"LAS FERIAS","2017-08-22","","7.4826087"
"LAS FERIAS","2017-08-21","","5.28333333"
"LAS FERIAS","2017-08-20","","10.735"
"LAS FERIAS","2017-08-19","","17.99583333"
"LAS FERIAS","2017-08-18","","23.9"
"LAS FERIAS","2017-08-17","","16.35416667"
"LAS FERIAS","2017-08-16","","17.52608696"
"LAS FERIAS","2017-08-15","","16.51304348"
"LAS FERIAS","2017-08-14","","11.27058824"
"LAS FERIAS","2017-08-13","","10.62307692"
"LAS FERIAS","2017-08-12","","12.49090909"
"LAS FERIAS","2017-08-11","","12.38333333"
"LAS FERIAS","2017-08-10","","12.47916667"
"LAS FERIAS","2017-08-09","","5.02727273"
"LAS FERIAS","2017-08-08","","7.9"
"LAS FERIAS","2017-08-07","","6.95652174"
"LAS FERIAS","2017-08-06","","5.6826087"
"LAS FERIAS","2017-08-05","","6.47142857"
"LAS FERIAS","2017-08-04","","9.125"
"LAS FERIAS","2017-08-03","","14.9875"
"LAS FERIAS","2017-08-02","","24.12083333"
"LAS FERIAS","2017-08-01","","20.07083333"
"LAS FERIAS","2017-07-31","","11.59545455"
"LAS FERIAS","2017-07-30","","3.31666667"
"LAS FERIAS","2017-07-29","","5.2"
"LAS FERIAS","2017-07-28","","5.82352941"
"LAS FERIAS","2017-07-27","","17.225"
"LAS FERIAS","2017-07-26","","13.24285714"
"LAS FERIAS","2017-07-25","","9.42916667"
"LAS FERIAS","2017-07-24","","9.18333333"
"LAS FERIAS","2017-07-23","","4.2"
"LAS FERIAS","2017-07-22","","5.0"
"LAS FERIAS","2017-07-20","","14.45"
"LAS FERIAS","2017-07-19","","11.87058824"
"LAS FERIAS","2017-07-18","","7.2"
"LAS FERIAS","2017-07-17","","7.98461538"
"LAS FERIAS","2017-07-16","","37.71666667"
"LAS FERIAS","2017-07-15","","27.9"
"LAS FERIAS","2017-07-14","","19.44166667"
"LAS FERIAS","2017-07-13","","8.19411765"
"LAS FERIAS","2017-07-12","","9.62272727"
"LAS FERIAS","2017-07-11","","10.78947368"
"LAS FERIAS","2017-07-10","","10.78823529"
"LAS FERIAS","2017-07-09","","4.64347826"
"LAS FERIAS","2017-07-08","","5.38695652"
"LAS FERIAS","2017-07-07","","5.825"
"LAS FERIAS","2017-07-06","","7.19285714"
"LAS FERIAS","2017-07-05","","8.8"
"LAS FERIAS","2017-07-04","","6.26818182"
"LAS FERIAS","2017-07-03","","3.72857143"
"LAS FERIAS","2017-07-02","","5.2"
"LAS FERIAS","2017-07-01","","5.79411765"
"LAS FERIAS","2017-06-30","","10.20555556"
"LAS FERIAS","2017-06-29","","15.02608696"
"LAS FERIAS","2017-06-28","","18.83478261"
"LAS FERIAS","2017-06-27","","16.67916667"
"LAS FERIAS","2017-06-26","","11.58095238"
"LAS FERIAS","2017-06-25","","6.075"
"LAS FERIAS","2017-06-24","","9.15"
"LAS FERIAS","2017-06-23","","11.50416667"
"LAS FERIAS","2017-06-22","","6.88421053"
"LAS FERIAS","2017-06-21","","5.41818182"
"LAS FERIAS","2017-06-20","","9.05625"
"LAS FERIAS","2017-06-19","","6.92"
"LAS FERIAS","2017-06-18","","23.84615385"
"LAS FERIAS","2017-06-17","","20.22666667"
"LAS FERIAS","2017-06-16","","9.87142857"
"LAS FERIAS","2017-06-15","","15.47391304"
"LAS FERIAS","2017-06-14","","8.3173913"
"LAS FERIAS","2017-06-13","","16.2125"
"LAS FERIAS","2017-06-12","","22.50833333"
"LAS FERIAS","2017-06-11","","10.17916667"
"LAS FERIAS","2017-06-10","","5.70909091"
"LAS FERIAS","2017-06-09","","28.5625"
"LAS FERIAS","2017-06-08","","35.23333333"
"LAS FERIAS","2017-06-07","","25.64583333"
"LAS FERIAS","2017-06-06","","11.9952381"
"LAS FERIAS","2017-06-05","","6.2826087"
"LAS FERIAS","2017-06-04","","3.26818182"
"LAS FERIAS","2017-06-03","","7.0375"
"LAS FERIAS","2017-06-02","","7.06086957"
"LAS FERIAS","2017-06-01","","5.04583333"
"LAS FERIAS","2017-05-31","","10.8375"
"LAS FERIAS","2017-05-30","","9.82380952"
"LAS FERIAS","2017-05-29","","7.85714286"
"LAS FERIAS","2017-05-28","","6.01818182"
"LAS FERIAS","2017-05-27","","12.99565217"
"LAS FERIAS","2017-05-26","","10.05416667"
"LAS FERIAS","2017-05-25","","5.88"
"LAS FERIAS","2017-05-24","","7.01428571"
"LAS FERIAS","2017-05-23","","13.855"
"LAS FERIAS","2017-05-22","","14.55217391"
"LAS FERIAS","2017-05-21","","8.54347826"
"LAS FERIAS","2017-05-20","","6.57391304"
"LAS FERIAS","2017-05-19","","14.2"
"LAS FERIAS","2017-05-18","","11.78636364"
"LAS FERIAS","2017-05-17","","23.99583333"
"LAS FERIAS","2017-05-16","","15.735"
"LAS FERIAS","2017-05-15","","18.72173913"
"LAS FERIAS","2017-05-14","","12.78695652"
"LAS FERIAS","2017-05-13","","14.92916667"
"LAS FERIAS","2017-05-12","","21.22083333"
"LAS FERIAS","2017-05-11","","23.96666667"
"LAS FERIAS","2017-05-10","","25.00416667"
"LAS FERIAS","2017-05-09","","23.82916667"
"LAS FERIAS","2017-05-08","","16.3875"
"LAS FERIAS","2017-05-07","","18.88636364"
"LAS FERIAS","2017-05-06","","15.00909091"
"LAS FERIAS","2017-05-05","","25.63333333"
"LAS FERIAS","2017-05-04","","15.9375"
"LAS FERIAS","2017-05-03","","24.6625"
"LAS FERIAS","2017-05-02","","16.62941176"
"LAS FERIAS","2017-05-01","","10.33333333"
"LAS FERIAS","2017-04-30","","8.80666667"
"LAS FERIAS","2017-04-29","","8.97"
"LAS FERIAS","2017-04-28","","15.83571429"
"LAS FERIAS","2017-04-27","","27.7875"
"LAS FERIAS","2017-04-26","","16.46666667"
"LAS FERIAS","2017-04-25","","19.0173913"
"LAS FERIAS","2017-04-24","","14.19047619"
"LAS FERIAS","2017-04-23","","11.42380952"
"LAS FERIAS","2017-04-22","","18.7625"
"LAS FERIAS","2017-04-21","","23.76666667"
"LAS FERIAS","2017-04-20","","30.84166667"
"LAS FERIAS","2017-04-19","","15.60869565"
"LAS FERIAS","2017-04-18","","12.03043478"
"LAS FERIAS","2017-04-17","","12.86666667"
"LAS FERIAS","2017-04-16","","6.625"
"LAS FERIAS","2017-04-15","","11.46666667"
"LAS FERIAS","2017-04-14","","10.67777778"
"LAS FERIAS","2017-04-13","","9.85263158"
"LAS FERIAS","2017-04-12","","35.20416667"
"LAS FERIAS","2017-04-11","","31.71666667"
"LAS FERIAS","2017-04-10","","30.15"
"LAS FERIAS","2017-04-09","","22.57916667"
"LAS FERIAS","2017-04-08","","32.60416667"
"LAS FERIAS","2017-04-07","","40.22083333"
"LAS FERIAS","2017-04-06","","26.725"
"LAS FERIAS","2017-04-05","","24.97916667"
"LAS FERIAS","2017-04-04","","19.27916667"
"LAS FERIAS","2017-04-03","","19.56666667"
"LAS FERIAS","2017-04-02","","11.06842105"
"LAS FERIAS","2017-04-01","","10.14444444"
"LAS FERIAS","2017-03-31","","21.15"
"LAS FERIAS","2017-03-30","","32.79166667"
"LAS FERIAS","2017-03-29","","24.31666667"
"LAS FERIAS","2017-03-28","","26.34347826"
"LAS FERIAS","2017-03-27","","20.1826087"
"LAS FERIAS","2017-03-26","","12.49545455"
"LAS FERIAS","2017-03-25","","31.53333333"
"LAS FERIAS","2017-03-24","","25.78333333"
"LAS FERIAS","2017-03-23","","26.49166667"
"LAS FERIAS","2017-03-22","","22.19166667"
"LAS FERIAS","2017-03-21","","30.9"
"LAS FERIAS","2017-03-20","","31.55"
"LAS FERIAS","2017-03-19","","23.8"
"LAS FERIAS","2017-03-18","","30.41176471"
"LAS FERIAS","2017-03-17","","27.36666667"
"LAS FERIAS","2017-03-16","","19.4"
"LAS FERIAS","2017-03-15","","20.24166667"
"LAS FERIAS","2017-03-14","","18.3826087"
"LAS FERIAS","2017-03-13","","23.4625"
"LAS FERIAS","2017-03-12","","13.27391304"
"LAS FERIAS","2017-03-11","","13.69473684"
"LAS FERIAS","2017-03-10","","14.62857143"
"LAS FERIAS","2017-03-09","","11.86190476"
"LAS FERIAS","2017-03-08","","17.18181818"
"LAS FERIAS","2017-03-07","","24.78125"
"LAS FERIAS","2017-03-06","","18.85555556"
"LAS FERIAS","2017-03-05","","13.49090909"
"LAS FERIAS","2017-03-04","","14.95"
"LAS FERIAS","2017-03-03","","9.96666667"
"LAS FERIAS","2017-03-02","","23.50833333"
"LAS FERIAS","2017-03-01","","29.65"
"LAS FERIAS","2017-02-28","","30.29166667"
"LAS FERIAS","2017-02-27","","22.1"
"LAS FERIAS","2017-02-26","","16.33478261"
"LAS FERIAS","2017-02-25","","20.79565217"
"LAS FERIAS","2017-02-24","","25.15416667"
"LAS FERIAS","2017-02-23","","27.67916667"
"LAS FERIAS","2017-02-22","","27.67083333"
"LAS FERIAS","2017-02-21","","32.48095238"
"LAS FERIAS","2017-02-20","","36.75"
"LAS FERIAS","2017-02-19","","32.85416667"
"LAS FERIAS","2017-02-18","","24.40416667"
"LAS FERIAS","2017-02-17","","22.1625"
"LAS FERIAS","2017-02-16","","26.0952381"
"LAS FERIAS","2017-02-15","","31.45"
"LAS FERIAS","2017-02-14","","25.72916667"
"LAS FERIAS","2017-02-13","","19.65833333"
"LAS FERIAS","2017-02-12","","19.95"
"LAS FERIAS","2017-02-11","","31.95833333"
"LAS FERIAS","2017-02-10","","30.10833333"
"LAS FERIAS","2017-02-09","","32.1625"
"LAS FERIAS","2017-02-08","","19.46956522"
"LAS FERIAS","2017-02-07","","11.67916667"
"LAS FERIAS","2017-02-06","","15.89130435"
"LAS FERIAS","2017-02-05","","11.10526316"
"LAS FERIAS","2017-02-04","","12.39166667"
"LAS FERIAS","2017-02-03","","21.59565217"
"LAS FERIAS","2017-02-02","","20.01666667"
"LAS FERIAS","2017-02-01","","19.34166667"
"LAS FERIAS","2017-01-31","","17.02272727"
"LAS FERIAS","2017-01-30","","16.44210526"
"LAS FERIAS","2017-01-29","","11.62631579"
"LAS FERIAS","2017-01-28","","16.42"
"LAS FERIAS","2017-01-27","","10.97368421"
"LAS FERIAS","2017-01-26","","11.37"
"LAS FERIAS","2017-01-25","","17.26842105"
"LAS FERIAS","2017-01-24","","33.54166667"
"LAS FERIAS","2017-01-23","","29.84166667"
"LAS FERIAS","2017-01-22","","16.54166667"
"LAS FERIAS","2017-01-21","","16.22083333"
"LAS FERIAS","2017-01-20","","25.975"
"LAS FERIAS","2017-01-19","","30.52083333"
"LAS FERIAS","2017-01-18","","27.32083333"
"LAS FERIAS","2017-01-17","","19.95416667"
"LAS FERIAS","2017-01-16","","21.825"
"LAS FERIAS","2017-01-11","","12.15"
"LAS FERIAS","2017-01-10","","18.24444444"
"LAS FERIAS","2017-01-09","","18.41"
"LAS FERIAS","2017-01-08","","9.37619048"
"LAS FERIAS","2017-01-07","","7.02857143"
"LAS FERIAS","2017-01-06","","7.39545455"
"LAS FERIAS","2017-01-05","","17.70416667"
"LAS FERIAS","2017-01-04","","14.6875"
"LAS FERIAS","2017-01-03","","16.5"
"LAS FERIAS","2016-12-30","","13.445"
"LAS FERIAS","2016-12-29","","15.3"
"LAS FERIAS","2016-12-28","","14.45454545"
"LAS FERIAS","2016-12-27","","21.37826087"
"LAS FERIAS","2016-12-26","","22.08333333"
"LAS FERIAS","2016-12-25","","20.39565217"
"LAS FERIAS","2016-12-24","","13.66363636"
"LAS FERIAS","2016-12-23","","33.0875"
"LAS FERIAS","2016-12-22","","20.47083333"
"LAS FERIAS","2016-12-21","","24.225"
"LAS FERIAS","2016-12-20","","24.57083333"
"LAS FERIAS","2016-12-19","","28.00833333"
"LAS FERIAS","2016-12-18","","15.77391304"
"LAS FERIAS","2016-12-17","","25.26666667"
"LAS FERIAS","2016-12-16","","38.35416667"
"LAS FERIAS","2016-12-15","","24.59090909"
"LAS FERIAS","2016-12-14","","35.45416667"
"LAS FERIAS","2016-12-13","","18.86666667"
"LAS FERIAS","2016-12-12","","18.06818182"
"LAS FERIAS","2016-12-11","","7.31666667"
"LAS FERIAS","2016-12-10","","9.60909091"
"LAS FERIAS","2016-12-09","","35.67916667"
"LAS FERIAS","2016-12-08","","22.73636364"
"LAS FERIAS","2016-12-07","","20.27826087"
"LAS FERIAS","2016-12-06","","13.64545455"
"LAS FERIAS","2016-12-05","","15.49090909"
"LAS FERIAS","2016-12-04","","11.19"
"LAS FERIAS","2016-12-03","","17.53478261"
"LAS FERIAS","2016-12-02","","23.33043478"
"LAS FERIAS","2016-12-01","","29.2"
"LAS FERIAS","2016-11-30","","26.15833333"
"LAS FERIAS","2016-11-29","","34.3625"
"LAS FERIAS","2016-11-28","","31.97083333"
"LAS FERIAS","2016-11-27","","34.12173913"
"LAS FERIAS","2016-11-26","","28.33333333"
"LAS FERIAS","2016-11-25","","24.60869565"
"LAS FERIAS","2016-11-24","","44.87916667"
"LAS FERIAS","2016-11-23","","22.15"
"LAS FERIAS","2016-11-22","","34.02916667"
"LAS FERIAS","2016-11-21","","18.69545455"
"LAS FERIAS","2016-11-20","","13.17916667"
"LAS FERIAS","2016-11-19","","22.07083333"
"LAS FERIAS","2016-11-18","","24.6625"
"LAS FERIAS","2016-11-17","","17.42083333"
"LAS FERIAS","2016-11-16","","17.60416667"
"LAS FERIAS","2016-11-15","","9.66818182"
"LAS FERIAS","2016-11-14","","14.075"
"LAS FERIAS","2016-11-13","","16.71666667"
"LAS FERIAS","2016-11-12","","23.44166667"
"LAS FERIAS","2016-11-11","","12.9"
"LAS FERIAS","2016-11-10","","25.02083333"
"LAS FERIAS","2016-11-09","","20.03913043"
"LAS FERIAS","2016-11-08","","28.54166667"
"LAS FERIAS","2016-11-07","","15.55652174"
"LAS FERIAS","2016-11-06","","9.76666667"
"LAS FERIAS","2016-11-05","","9.12941176"
"LAS FERIAS","2016-11-04","","3.9"
"LAS FERIAS","2016-11-02","","27.59473684"
"LAS FERIAS","2016-11-01","","27.07"
"LAS FERIAS","2016-10-31","","23.22916667"
"LAS FERIAS","2016-10-30","","10.33043478"
"LAS FERIAS","2016-10-29","","18.44583333"
"LAS FERIAS","2016-10-28","","36.13333333"
"LAS FERIAS","2016-10-27","","35.52916667"
"LAS FERIAS","2016-10-26","","26.87916667"
"LAS FERIAS","2016-10-25","","32.71111111"
"LAS FERIAS","2016-10-24","","26.73478261"
"LAS FERIAS","2016-10-23","","13.76521739"
"LAS FERIAS","2016-10-22","","19.63333333"
"LAS FERIAS","2016-10-21","","20.14166667"
"LAS FERIAS","2016-10-20","","9.66190476"
"LAS FERIAS","2016-10-19","","15.15833333"
"LAS FERIAS","2016-10-18","","10.905"
"LAS FERIAS","2016-10-17","","13.18095238"
"LAS FERIAS","2016-10-16","","7.66666667"
"LAS FERIAS","2016-10-15","","6.1"
"LAS FERIAS","2016-10-14","","19.605"
"LAS FERIAS","2016-10-13","","18.52727273"
"LAS FERIAS","2016-10-12","","16.84782609"
"LAS FERIAS","2016-10-11","","21.585"
"LAS FERIAS","2016-10-10","","11.77619048"
"LAS FERIAS","2016-10-09","","8.38461538"
"LAS FERIAS","2016-10-08","","25.71818182"
"LAS FERIAS","2016-10-07","","25.85"
"LAS FERIAS","2016-10-06","","19.71363636"
"LAS FERIAS","2016-10-05","","19.77619048"
"LAS FERIAS","2016-10-04","","24.6125"
"LAS FERIAS","2016-10-03","","23.99473684"
"LAS FERIAS","2016-10-02","","10.86666667"
"LAS FERIAS","2016-10-01","","21.60416667"
"LAS FERIAS","2016-09-30","","30.11666667"
"LAS FERIAS","2016-09-29","","30.67916667"
"LAS FERIAS","2016-09-28","","15.52352941"
"LAS FERIAS","2016-09-27","","11.95263158"
"LAS FERIAS","2016-09-26","","12.52"
"LAS FERIAS","2016-09-25","","7.38"
"LAS FERIAS","2016-09-24","","5.835"
"LAS FERIAS","2016-09-23","","13.93809524"
"LAS FERIAS","2016-09-22","","14.26190476"
"LAS FERIAS","2016-09-21","","9.08636364"
"LAS FERIAS","2016-09-20","","8.45909091"
"LAS FERIAS","2016-09-19","","6.52857143"
"LAS FERIAS","2016-09-18","","6.22631579"
"LAS FERIAS","2016-09-17","","9.45217391"
"LAS FERIAS","2016-09-16","","16.87894737"
"LAS FERIAS","2016-09-15","","10.65"
"LAS FERIAS","2016-09-14","","24.49130435"
"LAS FERIAS","2016-09-13","","36.87916667"
"LAS FERIAS","2016-09-12","","24.35416667"
"LAS FERIAS","2016-09-11","","8.65"
"LAS FERIAS","2016-09-10","","7.97391304"
"LAS FERIAS","2016-09-09","","9.47727273"
"LAS FERIAS","2016-09-08","","19.45"
"LAS FERIAS","2016-09-07","","14.11904762"
"LAS FERIAS","2016-09-06","","12.00526316"
"LAS FERIAS","2016-09-05","","10.34117647"
"LAS FERIAS","2016-09-04","","8.86666667"
"LAS FERIAS","2016-09-03","","13.07916667"
"LAS FERIAS","2016-09-02","","21.74736842"
"LAS FERIAS","2016-09-01","","15.57894737"
"LAS FERIAS","2016-08-31","","12.51666667"
"LAS FERIAS","2016-08-30","","8.4"
"LAS FERIAS","2016-08-29","","16.95714286"
"LAS FERIAS","2016-08-28","","11.20833333"
"LAS FERIAS","2016-08-27","","26.88"
"LAS FERIAS","2016-08-26","","14.2125"
"LAS FERIAS","2016-08-25","","19.35416667"
"LAS FERIAS","2016-08-24","","25.36666667"
"LAS FERIAS","2016-08-23","","14.83846154"
"LAS FERIAS","2016-08-22","","8.26818182"
"LAS FERIAS","2016-08-21","","12.07647059"
"LAS FERIAS","2016-08-20","","15.40588235"
"LAS FERIAS","2016-08-19","","20.82083333"
"LAS FERIAS","2016-08-18","","8.70625"
"LAS FERIAS","2016-08-17","","9.67857143"
"LAS FERIAS","2016-08-16","","10.49333333"
"LAS FERIAS","2016-08-15","","8.00714286"
"LAS FERIAS","2016-08-14","","10.13333333"
"LAS FERIAS","2016-08-13","","10.5"
"LAS FERIAS","2016-08-12","","17.84545455"
"LAS FERIAS","2016-08-11","","10.5952381"
"LAS FERIAS","2016-08-10","","8.63"
"LAS FERIAS","2016-08-09","","5.7"
"LAS FERIAS","2016-08-08","","6.37"
"LAS FERIAS","2016-08-07","","4.83076923"
"LAS FERIAS","2016-08-06","","8.58095238"
"LAS FERIAS","2016-08-05","","13.42916667"
"LAS FERIAS","2016-08-04","","9.97894737"
"LAS FERIAS","2016-08-03","","6.9952381"
"LAS FERIAS","2016-08-02","","8.67142857"
"LAS FERIAS","2016-08-01","","5.79130435"
"LAS FERIAS","2016-07-31","","5.56842105"
"LAS FERIAS","2016-07-30","","6.43"
"LAS FERIAS","2016-07-29","","5.17272727"
"LAS FERIAS","2016-07-28","","6.01666667"
"LAS FERIAS","2016-07-27","","5.0625"
"LAS FERIAS","2016-07-26","","6.42857143"
"LAS FERIAS","2016-07-25","","6.89"
"LAS FERIAS","2016-07-24","","16.22727273"
"LAS FERIAS","2016-07-23","","11.0173913"
"LAS FERIAS","2016-07-22","","7.26521739"
"LAS FERIAS","2016-07-21","","8.14090909"
"LAS FERIAS","2016-07-20","","6.015"
"LAS FERIAS","2016-07-19","","11.15652174"
"LAS FERIAS","2016-07-18","","5.85789474"
"LAS FERIAS","2016-07-17","","6.08125"
"LAS FERIAS","2016-07-16","","12.63913043"
"LAS FERIAS","2016-07-15","","12.325"
"LAS FERIAS","2016-07-14","","11.5"
"LAS FERIAS","2016-07-13","","6.98666667"
"LAS FERIAS","2016-07-12","","13.25"
"LAS FERIAS","2016-07-11","","6.42105263"
"LAS FERIAS","2016-07-10","","4.6875"
"LAS FERIAS","2016-07-09","","8.13333333"
"LAS FERIAS","2016-07-08","","5.12608696"
"LAS FERIAS","2016-07-07","","9.64615385"
"LAS FERIAS","2016-07-06","","12.27619048"
"LAS FERIAS","2016-07-05","","9.14090909"
"LAS FERIAS","2016-07-04","","4.54444444"
"LAS FERIAS","2016-07-03","","5.55"
"LAS FERIAS","2016-07-02","","5.33"
"LAS FERIAS","2016-07-01","","4.84"
"LAS FERIAS","2016-06-30","","7.48888889"
"LAS FERIAS","2016-06-29","","9.34444444"
"LAS FERIAS","2016-06-28","","7.18"
"LAS FERIAS","2016-06-27","","7.24"
"LAS FERIAS","2016-06-26","","3.8"
"LAS FERIAS","2016-06-25","","8.125"
"LAS FERIAS","2016-06-24","","4.6826087"
"LAS FERIAS","2016-06-23","","7.27777778"
"LAS FERIAS","2016-06-22","","6.58666667"
"LAS FERIAS","2016-06-21","","6.34"
"LAS FERIAS","2016-06-20","","9.0625"
"LAS FERIAS","2016-06-19","","4.0"
"LAS FERIAS","2016-06-18","","6.89090909"
"LAS FERIAS","2016-06-17","","6.29047619"
"LAS FERIAS","2016-06-16","","6.07368421"
"LAS FERIAS","2016-06-15","","5.9"
"LAS FERIAS","2016-06-14","","10.32727273"
"LAS FERIAS","2016-06-13","","8.24090909"
"LAS FERIAS","2016-06-12","","5.43809524"
"LAS FERIAS","2016-06-11","","5.55909091"
"LAS FERIAS","2016-06-10","","6.32272727"
"LAS FERIAS","2016-06-09","","7.95714286"
"LAS FERIAS","2016-06-08","","9.65789474"
"LAS FERIAS","2016-06-07","","16.39565217"
"LAS FERIAS","2016-06-06","","13.49583333"
"LAS FERIAS","2016-06-05","","16.6125"
"LAS FERIAS","2016-06-04","","24.76666667"
"LAS FERIAS","2016-06-03","","12.22608696"
"LAS FERIAS","2016-06-02","","7.78695652"
"LAS FERIAS","2016-06-01","","9.06363636"
"LAS FERIAS","2016-05-31","","11.8826087"
"LAS FERIAS","2016-05-30","","14.13478261"
"LAS FERIAS","2016-05-29","","8.25"
"LAS FERIAS","2016-05-28","","7.97619048"
"LAS FERIAS","2016-05-27","","20.92083333"
"LAS FERIAS","2016-05-26","","16.97916667"
"LAS FERIAS","2016-05-25","","15.425"
"LAS FERIAS","2016-05-24","","9.83684211"
"LAS FERIAS","2016-05-23","","6.67222222"
"LAS FERIAS","2016-05-22","","5.19375"
"LAS FERIAS","2016-05-21","","6.91818182"
"LAS FERIAS","2016-05-20","","7.56818182"
"LAS FERIAS","2016-05-19","","6.91304348"
"LAS FERIAS","2016-05-18","","15.07142857"
"LAS FERIAS","2016-05-17","","8.65555556"
"LAS FERIAS","2016-05-16","","7.13125"
"LAS FERIAS","2016-05-15","","5.14666667"
"LAS FERIAS","2016-05-14","","5.05714286"
"LAS FERIAS","2016-05-13","","15.20555556"
"LAS FERIAS","2016-05-12","","12.36315789"
"LAS FERIAS","2016-05-11","","18.95714286"
"LAS FERIAS","2016-05-10","","16.80833333"
"LAS FERIAS","2016-05-04","","25.78888889"
"LAS FERIAS","2016-05-03","","22.54"
"LAS FERIAS","2016-04-30","","19.4"
"LAS FERIAS","2016-04-29","","20.27619048"
"LAS FERIAS","2016-04-28","","19.43333333"
"LAS FERIAS","2016-04-27","","25.27826087"
"LAS FERIAS","2016-04-26","","31.82916667"
"LAS FERIAS","2016-04-25","","25.13043478"
"LAS FERIAS","2016-04-24","","12.14347826"
"LAS FERIAS","2016-04-23","","17.62777778"
"LAS FERIAS","2016-04-22","","10.08"
"LAS FERIAS","2016-04-21","","16.08571429"
"LAS FERIAS","2016-04-20","","8.55"
"LAS FERIAS","2016-04-19","","15.88125"
"LAS FERIAS","2016-04-18","","10.55714286"
"LAS FERIAS","2016-04-17","","6.52"
"LAS FERIAS","2016-04-16","","15.10909091"
"LAS FERIAS","2016-04-15","","19.12608696"
"LAS FERIAS","2016-04-14","","29.95833333"
"LAS FERIAS","2016-04-13","","24.97916667"
"LAS FERIAS","2016-04-12","","20.66086957"
"LAS FERIAS","2016-04-11","","27.39565217"
"LAS FERIAS","2016-04-10","","13.92380952"
"LAS FERIAS","2016-04-09","","10.725"
"LAS FERIAS","2016-04-08","","15.54761905"
"LAS FERIAS","2016-04-07","","14.04347826"
"LAS FERIAS","2016-04-06","","19.0375"
"LAS FERIAS","2016-04-05","","32.95833333"
"LAS FERIAS","2016-04-04","","22.25"
"LAS FERIAS","2016-04-03","","24.08333333"
"LAS FERIAS","2016-04-02","","24.19166667"
"LAS FERIAS","2016-04-01","","31.125"
"LAS FERIAS","2016-03-31","","25.09130435"
"LAS FERIAS","2016-03-30","","31.94583333"
"LAS FERIAS","2016-03-29","","36.925"
"LAS FERIAS","2016-03-28","","40.09166667"
"LAS FERIAS","2016-03-27","","24.66521739"
"LAS FERIAS","2016-03-26","","18.08636364"
"LAS FERIAS","2016-03-25","","23.02380952"
"LAS FERIAS","2016-03-24","","20.63181818"
"LAS FERIAS","2016-03-23","","21.58695652"
"LAS FERIAS","2016-03-22","","16.46521739"
"LAS FERIAS","2016-03-21","","12.455"
"LAS FERIAS","2016-03-20","","11.93529412"
"LAS FERIAS","2016-03-19","","10.69545455"
"LAS FERIAS","2016-03-18","","9.19"
"LAS FERIAS","2016-03-17","","20.11578947"
"LAS FERIAS","2016-03-16","","23.10833333"
"LAS FERIAS","2016-03-15","","30.99166667"
"LAS FERIAS","2016-03-14","","43.73846154"
"LAS FERIAS","2016-03-11","","50.23333333"
"LAS FERIAS","2016-03-10","","42.7625"
"LAS FERIAS","2016-03-09","","38.6125"
"LAS FERIAS","2016-03-08","","41.10454545"
"LAS FERIAS","2016-03-07","","46.67083333"
"LAS FERIAS","2016-03-06","","36.20416667"
"LAS FERIAS","2016-03-05","","40.99166667"
"LAS FERIAS","2016-03-04","","33.72083333"
"LAS FERIAS","2016-03-03","","25.63043478"
"LAS FERIAS","2016-03-02","","29.60416667"
"LAS FERIAS","2016-03-01","","30.775"
"LAS FERIAS","2016-02-29","","30.0375"
"LAS FERIAS","2016-02-28","","18.67619048"
"LAS FERIAS","2016-02-27","","25.62916667"
"LAS FERIAS","2016-02-26","","32.475"
"LAS FERIAS","2016-02-25","","29.975"
"LAS FERIAS","2016-02-24","","23.5047619"
"LAS FERIAS","2016-02-23","","15.80952381"
"LAS FERIAS","2016-02-22","","21.55909091"
"LAS FERIAS","2016-02-21","","22.18695652"
"LAS FERIAS","2016-02-20","","22.61304348"
"LAS FERIAS","2016-02-19","","23.68333333"
"LAS FERIAS","2016-02-18","","34.61904762"
"LAS FERIAS","2016-02-17","","20.28333333"
"LAS FERIAS","2016-02-16","","12.2952381"
"LAS FERIAS","2016-02-15","","18.975"
"LAS FERIAS","2016-02-14","","15.13333333"
"LAS FERIAS","2016-02-13","","20.34583333"
"LAS FERIAS","2016-02-12","","12.03333333"
"LAS FERIAS","2016-02-11","","10.77391304"
"LAS FERIAS","2016-02-10","","12.27619048"
"LAS FERIAS","2016-02-09","","11.5875"
"LAS FERIAS","2016-02-08","","12.0826087"
"LAS FERIAS","2016-02-07","","16.69130435"
"LAS FERIAS","2016-02-06","","24.87083333"
"LAS FERIAS","2016-02-05","","32.52916667"
"LAS FERIAS","2016-02-04","","40.82916667"
"LAS FERIAS","2016-02-03","","45.48333333"
"LAS FERIAS","2016-02-02","","38.4"
"LAS FERIAS","2016-02-01","","36.02083333"
"LAS FERIAS","2016-01-31","","31.3125"
"LAS FERIAS","2016-01-30","","43.14166667"
"LAS FERIAS","2016-01-29","","34.77083333"
"LAS FERIAS","2016-01-28","","35.05"
"LAS FERIAS","2016-01-27","","28.795"
"LAS FERIAS","2016-01-26","","38.82272727"
"LAS FERIAS","2016-01-25","","29.87916667"
"LAS FERIAS","2016-01-24","","28.4375"
"LAS FERIAS","2016-01-23","","34.34166667"
"LAS FERIAS","2016-01-22","","45.72916667"
"LAS FERIAS","2016-01-21","","46.51818182"
"LAS FERIAS","2016-01-20","","38.30833333"
"LAS FERIAS","2016-01-19","","36.22857143"
"LAS FERIAS","2016-01-18","","32.87083333"
"LAS FERIAS","2016-01-17","","28.52916667"
"LAS FERIAS","2016-01-16","","30.97916667"
"LAS FERIAS","2016-01-15","","40.9375"
"LAS FERIAS","2016-01-14","","39.44444444"
"LAS FERIAS","2016-01-13","","36.92916667"
"LAS FERIAS","2016-01-12","","31.18333333"
"LAS FERIAS","2016-01-11","","26.54583333"
"LAS FERIAS","2016-01-10","","20.73333333"
"LAS FERIAS","2016-01-09","","24.72727273"
"LAS FERIAS","2016-01-08","","25.84583333"
"LAS FERIAS","2016-01-07","","28.99090909"
"LAS FERIAS","2016-01-06","","19.0875"
"LAS FERIAS","2016-01-05","","25.8"
"LAS FERIAS","2016-01-04","","18.84166667"
"LAS FERIAS","2016-01-03","","8.61875"
"LAS FERIAS","2016-01-02","","6.1875"
"LAS FERIAS","2016-01-01","","5.47692308"
"LAS FERIAS","2015-12-31","","5.42857143"
"LAS FERIAS","2015-12-30","","7.55555556"
"LAS FERIAS","2015-12-29","","8.15"
"LAS FERIAS","2015-12-28","","9.68181818"
"LAS FERIAS","2015-12-27","","11.21052632"
"LAS FERIAS","2015-12-26","","9.94444444"
"LAS FERIAS","2015-12-25","","13.35"
"LAS FERIAS","2015-12-24","","9.61904762"
"LAS FERIAS","2015-12-23","","9.43478261"
"LAS FERIAS","2015-12-18","","18.55555556"
"LAS FERIAS","2015-12-17","","8.25"
"LAS FERIAS","2015-12-16","","8.75"
"LAS FERIAS","2015-12-15","","20.375"
"LAS FERIAS","2015-12-14","","20.20833333"
"LAS FERIAS","2015-12-13","","15.43478261"
"LAS FERIAS","2015-12-12","","17.25"
"LAS FERIAS","2015-12-11","","12.95238095"
"LAS FERIAS","2015-12-10","","12.41666667"
"LAS FERIAS","2015-12-09","","16.13043478"
"LAS FERIAS","2015-12-08","","23.16666667"
"LAS FERIAS","2015-12-07","","20.41666667"
"LAS FERIAS","2015-12-06","","10.1"
"LAS FERIAS","2015-12-05","","14.68181818"
"LAS FERIAS","2015-12-04","","14.375"
"LAS FERIAS","2015-12-03","","16.77777778"
"LAS FERIAS","2015-12-02","","9.54545455"
"LAS FERIAS","2015-12-01","","8.59090909"
"LAS FERIAS","2015-11-30","","12.59090909"
"LAS FERIAS","2015-11-29","","19.33333333"
"LAS FERIAS","2015-11-28","","32.125"
"LAS FERIAS","2015-11-27","","22.35"
"LAS FERIAS","2015-11-26","","23.08695652"
"LAS FERIAS","2015-11-25","","16.45454545"
"LAS FERIAS","2015-11-24","","25.82608696"
"LAS FERIAS","2015-11-23","","22.22727273"
"LAS FERIAS","2015-11-22","","12.33333333"
"LAS FERIAS","2015-11-21","","24.17391304"
"LAS FERIAS","2015-11-20","","38.66666667"
"LAS FERIAS","2015-11-19","","31.75"
"LAS FERIAS","2015-11-18","","14.95652174"
"LAS FERIAS","2015-11-17","","9.42105263"
"LAS FERIAS","2015-11-16","","7.9047619"
"LAS FERIAS","2015-11-15","","5.85714286"
"LAS FERIAS","2015-11-14","","6.04545455"
"LAS FERIAS","2015-11-13","","18.91304348"
"LAS FERIAS","2015-11-12","","20.95833333"
"LAS FERIAS","2015-11-11","","11.13043478"
"LAS FERIAS","2015-11-10","","10.47826087"
"LAS FERIAS","2015-11-09","","8.27777778"
"LAS FERIAS","2015-11-08","","8.52631579"
"LAS FERIAS","2015-11-07","","21.33333333"
"LAS FERIAS","2015-11-06","","33.54166667"
"LAS FERIAS","2015-11-05","","37.625"
"LAS FERIAS","2015-11-04","","31.45833333"
"LAS FERIAS","2015-11-03","","25.95833333"
"LAS FERIAS","2015-11-02","","13.91666667"
"LAS FERIAS","2015-11-01","","20.20833333"
"LAS FERIAS","2015-10-31","","30.54166667"
"LAS FERIAS","2015-10-30","","29.45"
"LAS FERIAS","2015-10-29","","26.79166667"
"LAS FERIAS","2015-10-28","","15.08333333"
"LAS FERIAS","2015-10-27","","16.875"
"LAS FERIAS","2015-10-26","","15.04166667"
"LAS FERIAS","2015-10-25","","11.55555556"
"LAS FERIAS","2015-10-24","","16.95833333"
"LAS FERIAS","2015-10-23","","18.04347826"
"LAS FERIAS","2015-10-22","","28.83333333"
"LAS FERIAS","2015-10-21","","16.41666667"
"LAS FERIAS","2015-10-20","","18.41666667"
"LAS FERIAS","2015-10-19","","19.18181818"
"LAS FERIAS","2015-10-18","","10.33333333"
"LAS FERIAS","2015-10-17","","11.04347826"
"LAS FERIAS","2015-10-16","","9.60869565"
"LAS FERIAS","2015-10-15","","10.78947368"
"LAS FERIAS","2015-10-14","","24.36363636"
"LAS FERIAS","2015-10-13","","24.04166667"
"LAS FERIAS","2015-10-12","","18.04347826"
"LAS FERIAS","2015-10-11","","15.0"
"LAS FERIAS","2015-10-10","","15.58333333"
"LAS FERIAS","2015-10-09","","14.42105263"
"LAS FERIAS","2015-10-08","","12.43478261"
"LAS FERIAS","2015-10-07","","16.08695652"
"LAS FERIAS","2015-10-06","","9.91666667"
"LAS FERIAS","2015-10-05","","10.86363636"
"LAS FERIAS","2015-10-04","","9.3125"
"LAS FERIAS","2015-10-03","","10.77272727"
"LAS FERIAS","2015-10-02","","29.58333333"
"LAS FERIAS","2015-10-01","","26.33333333"
"LAS FERIAS","2015-09-30","","22.75"
"LAS FERIAS","2015-09-29","","12.7826087"
"LAS FERIAS","2015-09-28","","11.07142857"
"LAS FERIAS","2015-09-27","","12.0"
"LAS FERIAS","2015-09-26","","9.26086957"
"LAS FERIAS","2015-09-25","","13.77272727"
"LAS FERIAS","2015-09-24","","13.83333333"
"LAS FERIAS","2015-09-23","","10.95454545"
"LAS FERIAS","2015-09-22","","11.23809524"
"LAS FERIAS","2015-09-21","","9.20833333"
"LAS FERIAS","2015-09-20","","6.625"
"LAS FERIAS","2015-09-19","","13.86363636"
"LAS FERIAS","2015-09-18","","15.56521739"
"LAS FERIAS","2015-09-17","","41.14285714"
"LAS FERIAS","2015-09-16","","34.125"
"LAS FERIAS","2015-09-15","","18.54166667"
"LAS FERIAS","2015-09-14","","11.0"
"LAS FERIAS","2015-09-13","","10.13043478"
"LAS FERIAS","2015-09-12","","11.31818182"
"LAS FERIAS","2015-09-11","","9.86956522"
"LAS FERIAS","2015-09-10","","12.13043478"
"LAS FERIAS","2015-09-09","","12.55555556"
"LAS FERIAS","2015-09-08","","12.20833333"
"LAS FERIAS","2015-09-07","","8.31578947"
"LAS FERIAS","2015-09-06","","8.13636364"
"LAS FERIAS","2015-09-05","","14.68181818"
"LAS FERIAS","2015-09-04","","18.28571429"
"LAS FERIAS","2015-09-03","","10.53333333"
"LAS FERIAS","2015-09-02","","19.28571429"
"LAS FERIAS","2015-09-01","","8.22727273"
"LAS FERIAS","2015-08-31","","10.26315789"
"LAS FERIAS","2015-08-30","","7.35"
"LAS FERIAS","2015-08-29","","9.33333333"
"LAS FERIAS","2015-08-28","","8.45"
"LAS FERIAS","2015-08-27","","21.08695652"
"LAS FERIAS","2015-08-26","","19.13043478"
"LAS FERIAS","2015-08-25","","15.26315789"
"LAS FERIAS","2015-08-24","","15.76190476"
"LAS FERIAS","2015-08-23","","21.54545455"
"LAS FERIAS","2015-08-22","","31.66666667"
"LAS FERIAS","2015-08-21","","19.52173913"
"LAS FERIAS","2015-08-20","","9.5625"
"LAS FERIAS","2015-08-19","","11.0"
"LAS FERIAS","2015-08-18","","15.6875"
"LAS FERIAS","2015-08-17","","11.75"
"LAS FERIAS","2015-08-16","","15.08333333"
"LAS FERIAS","2015-08-15","","16.66666667"
"LAS FERIAS","2015-08-14","","15.79166667"
"LAS FERIAS","2015-08-13","","12.39130435"
"LAS FERIAS","2015-08-12","","12.7826087"
"LAS FERIAS","2015-08-11","","12.25"
"LAS FERIAS","2015-08-10","","20.95652174"
"LAS FERIAS","2015-08-09","","10.91666667"
"LAS FERIAS","2015-08-08","","13.2173913"
"LAS FERIAS","2015-08-07","","12.65217391"
"LAS FERIAS","2015-08-06","","12.5"
"LAS FERIAS","2015-08-05","","10.95652174"
"LAS FERIAS","2015-08-04","","11.30434783"
"LAS FERIAS","2015-08-03","","10.70833333"
"LAS FERIAS","2015-08-02","","8.86363636"
"LAS FERIAS","2015-08-01","","13.43478261"
"LAS FERIAS","2015-07-31","","12.56521739"
"LAS FERIAS","2015-07-30","","10.54545455"
"LAS FERIAS","2015-07-29","","10.2"
"LAS FERIAS","2015-07-28","","12.53333333"
"LAS FERIAS","2015-07-27","","10.33333333"
"LAS FERIAS","2015-07-26","","7.73333333"
"LAS FERIAS","2015-07-25","","7.38888889"
"LAS FERIAS","2015-07-24","","11.2"
"LAS FERIAS","2015-07-23","","7.85"
"LAS FERIAS","2015-07-22","","9.35"
"LAS FERIAS","2015-07-21","","24.43478261"
"LAS FERIAS","2015-07-20","","10.17391304"
"LAS FERIAS","2015-07-19","","14.04166667"
"LAS FERIAS","2015-07-18","","13.6"
"LAS FERIAS","2015-07-17","","14.0952381"
"LAS FERIAS","2015-07-16","","10.52380952"
"LAS FERIAS","2015-07-15","","12.6"
"LAS FERIAS","2015-07-14","","15.44444444"
"LAS FERIAS","2015-07-13","","16.19047619"
"LAS FERIAS","2015-07-12","","10.61538462"
"LAS FERIAS","2015-07-11","","8.94117647"
"LAS FERIAS","2015-07-10","","11.0"
"LAS FERIAS","2015-07-09","","11.17391304"
"LAS FERIAS","2015-07-08","","11.14285714"
"LAS FERIAS","2015-07-07","","14.91666667"
"LAS FERIAS","2015-07-06","","9.47368421"
"LAS FERIAS","2015-07-05","","7.63157895"
"LAS FERIAS","2015-07-04","","5.64705882"
"LAS FERIAS","2015-07-03","","7.95"
"LAS FERIAS","2015-07-02","","9.64285714"
"LAS FERIAS","2015-07-01","","7.36363636"
"LAS FERIAS","2015-06-30","","16.75"
"LAS FERIAS","2015-06-29","","11.86666667"
"LAS FERIAS","2015-06-28","","8.0"
"LAS FERIAS","2015-06-27","","8.5"
"LAS FERIAS","2015-06-26","","10.71428571"
"LAS FERIAS","2015-06-25","","9.26666667"
"LAS FERIAS","2015-06-24","","11.42857143"
"LAS FERIAS","2015-06-23","","8.58333333"
"LAS FERIAS","2015-06-22","","12.5"
"LAS FERIAS","2015-06-21","","10.85714286"
"LAS FERIAS","2015-06-20","","11.23529412"
"LAS FERIAS","2015-06-19","","9.0"
"LAS FERIAS","2015-06-18","","8.46666667"
"LAS FERIAS","2015-06-17","","8.42857143"
"LAS FERIAS","2015-06-16","","8.78571429"
"LAS FERIAS","2015-06-15","","8.875"
"LAS FERIAS","2015-06-14","","10.07692308"
"LAS FERIAS","2015-06-13","","10.22222222"
"LAS FERIAS","2015-06-12","","12.1875"
"LAS FERIAS","2015-06-11","","13.80952381"
"LAS FERIAS","2015-06-10","","13.38888889"
"LAS FERIAS","2015-06-09","","15.66666667"
"LAS FERIAS","2015-06-08","","7.5"
"LAS FERIAS","2015-06-07","","10.55555556"
"LAS FERIAS","2015-06-06","","10.13636364"
"LAS FERIAS","2015-06-05","","11.85"
"LAS FERIAS","2015-06-04","","11.11111111"
"LAS FERIAS","2015-06-03","","8.29411765"
"LAS FERIAS","2015-06-02","","10.0"
"LAS FERIAS","2015-06-01","","12.25"
"LAS FERIAS","2015-05-31","","7.23529412"
"LAS FERIAS","2015-05-30","","17.44444444"
"LAS FERIAS","2015-05-29","","16.71428571"
"LAS FERIAS","2015-05-28","","17.57142857"
"LAS FERIAS","2015-05-27","","12.95"
"LAS FERIAS","2015-05-26","","14.90909091"
"LAS FERIAS","2015-05-25","","15.6875"
"LAS FERIAS","2015-05-24","","8.6"
"LAS FERIAS","2015-05-23","","9.91666667"
"LAS FERIAS","2015-05-22","","11.625"
"LAS FERIAS","2015-05-21","","11.05555556"
"LAS FERIAS","2015-05-20","","9.61111111"
"LAS FERIAS","2015-05-19","","16.1875"
"LAS FERIAS","2015-05-18","","8.2"
"LAS FERIAS","2015-05-17","","9.73333333"
"LAS FERIAS","2015-05-16","","11.88235294"
"LAS FERIAS","2015-05-15","","15.17647059"
"LAS FERIAS","2015-05-14","","10.94736842"
"LAS FERIAS","2015-05-13","","12.33333333"
"LAS FERIAS","2015-05-12","","16.0"
"LAS FERIAS","2015-05-11","","20.85714286"
"LAS FERIAS","2015-05-10","","14.75"
"LAS FERIAS","2015-05-09","","10.46153846"
"LAS FERIAS","2015-05-08","","15.60869565"
"LAS FERIAS","2015-05-07","","23.08333333"
"LAS FERIAS","2015-05-06","","24.41666667"
"LAS FERIAS","2015-05-05","","29.25"
"LAS FERIAS","2015-05-04","","25.54166667"
"LAS FERIAS","2015-05-03","","20.15384615"
"LAS FERIAS","2015-05-02","","37.20833333"
"LAS FERIAS","2015-05-01","","27.75"
"LAS FERIAS","2015-04-30","","26.4"
"LAS FERIAS","2015-04-29","","14.14285714"
"LAS FERIAS","2015-04-28","","9.94117647"
"LAS FERIAS","2015-04-27","","10.84615385"
"LAS FERIAS","2015-04-26","","7.92307692"
"LAS FERIAS","2015-04-25","","10.45"
"LAS FERIAS","2015-04-24","","15.82608696"
"LAS FERIAS","2015-04-23","","17.625"
"LAS FERIAS","2015-04-22","","15.04166667"
"LAS FERIAS","2015-04-21","","10.16666667"
"LAS FERIAS","2015-04-20","","12.36363636"
"LAS FERIAS","2015-04-19","","14.3"
"LAS FERIAS","2015-04-18","","17.83333333"
"LAS FERIAS","2015-04-17","","29.20833333"
"LAS FERIAS","2015-04-16","","18.34782609"
"LAS FERIAS","2015-04-15","","15.43478261"
"LAS FERIAS","2015-04-14","","20.0"
"LAS FERIAS","2015-04-13","","15.0"
"LAS FERIAS","2015-04-12","","11.76470588"
"LAS FERIAS","2015-04-11","","13.41666667"
"LAS FERIAS","2015-04-10","","16.85714286"
"LAS FERIAS","2015-04-09","","15.73913043"
"LAS FERIAS","2015-04-08","","18.16666667"
"LAS FERIAS","2015-04-07","","18.125"
"LAS FERIAS","2015-04-06","","18.69565217"
"LAS FERIAS","2015-04-05","","17.30434783"
"LAS FERIAS","2015-04-04","","13.38095238"
"LAS FERIAS","2015-04-03","","16.3"
"LAS FERIAS","2015-04-02","","21.91666667"
"LAS FERIAS","2015-04-01","","27.91666667"
"LAS FERIAS","2015-03-31","","42.25"
"LAS FERIAS","2015-03-30","","32.08333333"
"LAS FERIAS","2015-03-29","","20.54166667"
"LAS FERIAS","2015-03-28","","35.83333333"
"LAS FERIAS","2015-03-27","","29.33333333"
"LAS FERIAS","2015-03-26","","36.375"
"LAS FERIAS","2015-03-25","","42.91666667"
"LAS FERIAS","2015-03-24","","40.29166667"
"LAS FERIAS","2015-03-23","","24.625"
"LAS FERIAS","2015-03-22","","24.31818182"
"LAS FERIAS","2015-03-21","","21.33333333"
"LAS FERIAS","2015-03-20","","27.875"
"LAS FERIAS","2015-03-19","","33.08333333"
"LAS FERIAS","2015-03-18","","31.95833333"
"LAS FERIAS","2015-03-17","","37.58333333"
"LAS FERIAS","2015-03-16","","22.22727273"
"LAS FERIAS","2015-03-15","","28.13636364"
"LAS FERIAS","2015-03-14","","33.54166667"
"LAS FERIAS","2015-03-13","","28.58333333"
"LAS FERIAS","2015-03-12","","23.375"
"LAS FERIAS","2015-03-11","","15.0"
"LAS FERIAS","2015-03-10","","10.56521739"
"LAS FERIAS","2015-03-09","","11.73913043"
"LAS FERIAS","2015-03-08","","10.88235294"
"LAS FERIAS","2015-03-07","","15.38888889"
"LAS FERIAS","2015-03-06","","22.69565217"
"LAS FERIAS","2015-03-05","","27.20833333"
"LAS FERIAS","2015-03-04","","23.91666667"
"LAS FERIAS","2015-03-03","","20.08333333"
"LAS FERIAS","2015-03-02","","33.0"
"LAS FERIAS","2015-03-01","","17.76190476"
"LAS FERIAS","2015-02-28","","11.85"
"LAS FERIAS","2015-02-27","","20.08333333"
"LAS FERIAS","2015-02-26","","38.625"
"LAS FERIAS","2015-02-25","","29.69565217"
"LAS FERIAS","2015-02-24","","33.45833333"
"LAS FERIAS","2015-02-23","","30.36363636"
"LAS FERIAS","2015-02-22","","21.08695652"
"LAS FERIAS","2015-02-21","","26.875"
"LAS FERIAS","2015-02-20","","29.91666667"
"LAS FERIAS","2015-02-19","","38.25"
"LAS FERIAS","2015-02-18","","40.08333333"
"LAS FERIAS","2015-02-17","","23.83333333"
"LAS FERIAS","2015-02-16","","25.0"
"LAS FERIAS","2014-12-31","","8.96904761"
"LAS FERIAS","2014-12-27","","7.16666667"
"LAS FERIAS","2014-12-26","","7.16666667"
"LAS FERIAS","2014-12-25","","15.14999999"
"LAS FERIAS","2014-12-24","","7.54814813"
"LAS FERIAS","2014-12-20","","50.9833333"
"LAS FERIAS","2014-12-19","","30.52986112"
"LAS FERIAS","2014-12-18","","12.1125"
"LAS FERIAS","2014-12-16","","24.03333333"
"LAS FERIAS","2014-12-15","","36.91333334"
"LAS FERIAS","2014-12-12","","10.43055558"
"LAS FERIAS","2014-12-11","","24.7523077"
"LAS FERIAS","2014-12-10","","28.18768116"
"LAS FERIAS","2014-12-09","","24.40507245"
"LAS FERIAS","2014-12-08","","34.83472223"
"LAS FERIAS","2014-12-07","","38.27708333"
"LAS FERIAS","2014-12-06","","30.19782609"
"LAS FERIAS","2014-12-05","","30.18055556"
"LAS FERIAS","2014-12-04","","24.40797101"
"LAS FERIAS","2014-12-03","","17.18125"
"LAS FERIAS","2014-12-02","","11.23229168"
"LAS FERIAS","2014-12-01","","7.74062499"
"LAS FERIAS","2014-11-30","","8.91666669"
"LAS FERIAS","2014-11-29","","7.56428571"
"LAS FERIAS","2014-11-28","","13.67807018"
"LAS FERIAS","2014-11-27","","25.12152778"
"LAS FERIAS","2014-11-26","","23.66884057"
"LAS FERIAS","2014-11-25","","13.83730159"
"LAS FERIAS","2014-11-24","","4.75"
"LAS FERIAS","2014-11-20","","29.05"
"LAS FERIAS","2014-11-19","","25.45909091"
"LAS FERIAS","2014-11-18","","30.00350876"
"LAS FERIAS","2014-11-17","","8.73333334"
"LAS FERIAS","2014-11-16","","63.2166667"
"LAS FERIAS","2014-11-15","","39.31309523"
"LAS FERIAS","2014-11-14","","25.87619049"
"LAS FERIAS","2014-11-13","","19.45925928"
"LAS FERIAS","2014-11-12","","18.20641025"
"LAS FERIAS","2014-11-11","","19.94230771"
"LAS FERIAS","2014-11-10","","33.31597222"
"LAS FERIAS","2014-11-09","","21.60119047"
"LAS FERIAS","2014-11-08","","30.91777778"
"LAS FERIAS","2014-11-06","","61.4892857"
"LAS FERIAS","2014-11-05","","27.48437501"
"LAS FERIAS","2014-11-04","","14.725"
"LAS FERIAS","2014-11-02","","14.33636365"
"LAS FERIAS","2014-11-01","","27.7202381"
"LAS FERIAS","2014-10-31","","28.06145835"
"LAS FERIAS","2014-10-30","","38.46555555"
"LAS FERIAS","2014-10-29","","36.58190477"
"LAS FERIAS","2014-10-28","","37.70347223"
"LAS FERIAS","2014-10-27","","24.95833334"
"LAS FERIAS","2014-10-26","","19.65"
"LAS FERIAS","2014-10-25","","34.7625"
"LAS FERIAS","2014-10-24","","74.36866666"
"LAS FERIAS","2014-10-23","","22.40882353"
"LAS FERIAS","2014-10-22","","14.77962964"
"LAS FERIAS","2014-10-21","","11.25"
"LAS FERIAS","2014-10-20","","30.735"
"LAS FERIAS","2014-10-17","","17.36944444"
"LAS FERIAS","2014-10-16","","19.23333332"
"LAS FERIAS","2014-10-15","","18.40333333"
"LAS FERIAS","2014-10-14","","16.49000001"
"LAS FERIAS","2014-10-13","","8.94999998"
"LAS FERIAS","2014-10-12","","9.76025641"
"LAS FERIAS","2014-10-11","","18.37549021"
"LAS FERIAS","2014-10-10","","37.82777778"
"LAS FERIAS","2014-10-09","","25.36031746"
"LAS FERIAS","2014-10-08","","34.4521739"
"LAS FERIAS","2014-10-07","","18.92777778"
"LAS FERIAS","2014-10-06","","14.22698413"
"LAS FERIAS","2014-10-05","","21.49166667"
"LAS FERIAS","2014-10-04","","22.73115942"
"LAS FERIAS","2014-10-03","","14.13055556"
"LAS FERIAS","2014-10-02","","12.20833334"
"LAS FERIAS","2014-10-01","","10.8264706"
"LAS FERIAS","2014-09-30","","17.85648149"
"LAS FERIAS","2014-09-29","","11.68508771"
"LAS FERIAS","2014-09-28","","9.83589743"
"LAS FERIAS","2014-09-27","","16.54912281"
"LAS FERIAS","2014-09-26","","28.12173913"
"LAS FERIAS","2014-09-25","","21.69166666"
"LAS FERIAS","2014-09-24","","14.12962963"
"LAS FERIAS","2014-09-23","","16.6825"
"LAS FERIAS","2014-09-22","","12.95438596"
"LAS FERIAS","2014-09-21","","22.00724639"
"LAS FERIAS","2014-09-20","","22.68771929"
"LAS FERIAS","2014-09-19","","26.71507936"
"LAS FERIAS","2014-09-18","","22.2115942"
"LAS FERIAS","2014-09-17","","27.6615942"
"LAS FERIAS","2014-09-16","","14.18137255"
"LAS FERIAS","2014-09-15","","10.11923077"
"LAS FERIAS","2014-09-14","","10.77407407"
"LAS FERIAS","2014-09-13","","10.80694445"
"LAS FERIAS","2014-09-12","","18.38124999"
"LAS FERIAS","2014-09-11","","15.67555557"
"LAS FERIAS","2014-09-10","","23.30289853"
"LAS FERIAS","2014-09-09","","12.9293651"
"LAS FERIAS","2014-09-08","","9.88"
"LAS FERIAS","2014-09-07","","8.87777778"
"LAS FERIAS","2014-09-06","","10.44166666"
"LAS FERIAS","2014-09-05","","16.22888889"
"LAS FERIAS","2014-09-04","","9.43809525"
"LAS FERIAS","2014-09-03","","17.56078431"
"LAS FERIAS","2014-09-02","","22.11770834"
"LAS FERIAS","2014-09-01","","14.70688889"
"LAS FERIAS","2014-08-31","","9.71666668"
"LAS FERIAS","2014-08-30","","14.60208334"
"LAS FERIAS","2014-08-29","","9.58333332"
"LAS FERIAS","2014-08-28","","23.07520833"
"LAS FERIAS","2014-08-27","","20.31583333"
"LAS FERIAS","2014-08-26","","12.24404762"
"LAS FERIAS","2014-08-25","","13.72333334"
"LAS FERIAS","2014-08-24","","13.01111112"
"LAS FERIAS","2014-08-23","","23.28253968"
"LAS FERIAS","2014-08-22","","25.11304347"
"LAS FERIAS","2014-08-21","","28.9530303"
"LAS FERIAS","2014-08-20","","18.9219697"
"LAS FERIAS","2014-08-19","","18.86562501"
"LAS FERIAS","2014-08-18","","8.16666668"
"LAS FERIAS","2014-08-17","","7.39791666"
"LAS FERIAS","2014-08-16","","9.71078431"
"LAS FERIAS","2014-08-15","","8.5"
"LAS FERIAS","2014-08-12","","13.92424243"
"LAS FERIAS","2014-08-11","","13.4333333"
"LAS FERIAS","2014-08-07","","7.15303031"
"LAS FERIAS","2014-08-06","","9.76547619"
"LAS FERIAS","2014-08-05","","12.60833333"
"LAS FERIAS","2014-08-04","","6.53666666"
"LAS FERIAS","2014-08-02","","8.46666665"
"LAS FERIAS","2014-08-01","","9.74791667"
"LAS FERIAS","2014-07-31","","8.12333334"
"LAS FERIAS","2014-07-30","","9.73102565"
"LAS FERIAS","2014-07-29","","6.49027778"
"LAS FERIAS","2014-07-28","","8.09444443"
"LAS FERIAS","2014-07-27","","6.80999998"
"LAS FERIAS","2014-07-26","","10.40333333"
"LAS FERIAS","2014-07-25","","8.12444445"
"LAS FERIAS","2014-07-24","","11.42333335"
"LAS FERIAS","2014-07-23","","8.92745098"
"LAS FERIAS","2014-07-22","","8.69907408"
"LAS FERIAS","2014-07-21","","8.37738096"
"LAS FERIAS","2014-07-20","","6.12272727"
"LAS FERIAS","2014-07-19","","7.38194444"
"LAS FERIAS","2014-07-18","","7.48666666"
"LAS FERIAS","2014-07-17","","9.07179486"
"LAS FERIAS","2014-07-16","","8.24027777"
"LAS FERIAS","2014-07-15","","8.36274511"
"LAS FERIAS","2014-07-14","","13.22708334"
"LAS FERIAS","2014-07-13","","7.88974358"
"LAS FERIAS","2014-07-12","","11.84722222"
"LAS FERIAS","2014-07-11","","7.6888889"
"LAS FERIAS","2014-07-10","","7.245"
"LAS FERIAS","2014-07-09","","10.09888889"
"LAS FERIAS","2014-07-08","","7.5625926"
"LAS FERIAS","2014-07-07","","10.32916667"
"LAS FERIAS","2014-07-06","","7.33333334"
"LAS FERIAS","2014-07-05","","5.77575758"
"LAS FERIAS","2014-07-04","","12.8877193"
"LAS FERIAS","2014-07-03","","19.03333334"
"LAS FERIAS","2014-07-02","","6.80777777"
"LAS FERIAS","2014-07-01","","14.16904762"
"LAS FERIAS","2014-06-30","","9.07833334"
"LAS FERIAS","2014-06-29","","8.03611112"
"LAS FERIAS","2014-06-28","","23.7057971"
"LAS FERIAS","2014-06-27","","52.9375"
"LAS FERIAS","2014-06-26","","22.06492063"
"LAS FERIAS","2014-06-25","","7.01666666"
"LAS FERIAS","2014-06-24","","9.03508772"
"LAS FERIAS","2014-06-23","","7.41666667"
"LAS FERIAS","2014-06-22","","8.90500001"
"LAS FERIAS","2014-06-21","","11.13571427"
"LAS FERIAS","2014-06-20","","7.99166668"
"LAS FERIAS","2014-06-19","","11.75"
"LAS FERIAS","2014-06-18","","21.4324074"
"LAS FERIAS","2014-06-17","","12.04215686"
"LAS FERIAS","2014-06-16","","9.39666668"
"LAS FERIAS","2014-06-15","","9.4722222"
"LAS FERIAS","2014-06-14","","10.77000001"
"LAS FERIAS","2014-06-13","","11.11904763"
"LAS FERIAS","2014-06-12","","7.07916666"
"LAS FERIAS","2014-06-07","","11.20833335"
"LAS FERIAS","2014-06-06","","9.8325"
"LAS FERIAS","2014-06-05","","9.88611111"
"LAS FERIAS","2014-06-04","","11.87424242"
"LAS FERIAS","2014-06-03","","14.93157894"
"LAS FERIAS","2014-06-02","","6.22291666"
"LAS FERIAS","2014-06-01","","7.82777778"
"LAS FERIAS","2014-05-31","","8.69500001"
"LAS FERIAS","2014-05-30","","20.43235294"
"LAS FERIAS","2014-05-29","","18.18771929"
"LAS FERIAS","2014-05-28","","7.91568627"
"LAS FERIAS","2014-05-27","","16.4595238"
"LAS FERIAS","2014-05-26","","17.67380952"
"LAS FERIAS","2014-05-25","","13.44750001"
"LAS FERIAS","2014-05-24","","17.70047619"
"LAS FERIAS","2014-05-23","","27.91666668"
"LAS FERIAS","2014-05-22","","26.56842105"
"LAS FERIAS","2014-05-21","","36.0615942"
"LAS FERIAS","2014-05-20","","23.95"
"LAS FERIAS","2014-05-18","","25.45444444"
"LAS FERIAS","2014-05-17","","30.35608695"
"LAS FERIAS","2014-05-16","","25.50433333"
"LAS FERIAS","2014-05-15","","22.81825397"
"LAS FERIAS","2014-05-14","","11.06203703"
"LAS FERIAS","2014-05-13","","19.19122806"
"LAS FERIAS","2014-05-12","","31.89275361"
"LAS FERIAS","2014-05-11","","20.66052632"
"LAS FERIAS","2014-05-10","","20.05507245"
"LAS FERIAS","2014-05-09","","22.74861112"
"LAS FERIAS","2014-05-08","","33.46578948"
"LAS FERIAS","2014-05-07","","25.68055557"
"LAS FERIAS","2014-05-06","","26.13750001"
"LAS FERIAS","2014-05-04","","26.30333332"
"LAS FERIAS","2014-05-03","","21.73985507"
"LAS FERIAS","2014-05-02","","16.76956522"
"LAS FERIAS","2014-05-01","","14.15"
"LAS FERIAS","2014-04-30","","16.42280702"
"LAS FERIAS","2014-04-29","","15.01794871"
"LAS FERIAS","2014-04-28","","19.71166666"
"LAS FERIAS","2014-04-27","","13.90964912"
"LAS FERIAS","2014-04-26","","13.99230769"
"LAS FERIAS","2014-04-25","","14.37380952"
"LAS FERIAS","2014-04-24","","21.79122808"
"LAS FERIAS","2014-04-23","","23.74242424"
"LAS FERIAS","2014-04-22","","32.19479168"
"LAS FERIAS","2014-04-21","","17.62916667"
"LAS FERIAS","2014-04-20","","12.32777777"
"LAS FERIAS","2014-04-19","","14.15185186"
"LAS FERIAS","2014-04-18","","10.59404762"
"LAS FERIAS","2014-04-17","","11.44871794"
"LAS FERIAS","2014-04-16","","18.86555556"
"LAS FERIAS","2014-04-15","","33.48999999"
"LAS FERIAS","2014-04-14","","28.36527777"
"LAS FERIAS","2014-04-13","","22.68583334"
"LAS FERIAS","2014-04-12","","22.37463769"
"LAS FERIAS","2014-04-11","","24.79444445"
"LAS FERIAS","2014-04-10","","17.39920636"
"LAS FERIAS","2014-04-09","","16.43787879"
"LAS FERIAS","2014-04-08","","16.95000001"
"LAS FERIAS","2014-04-07","","7.01249998"
"LAS FERIAS","2014-04-05","","25.42"
"LAS FERIAS","2014-04-04","","27.10666667"
"LAS FERIAS","2014-04-03","","31.20370369"
"LAS FERIAS","2014-04-02","","31.22424242"
"LAS FERIAS","2014-04-01","","35.88174602"
"LAS FERIAS","2014-03-31","","49.2"
"LAS FERIAS","2014-03-30","","45.825"
"LAS FERIAS","2014-03-29","","44.22222222"
"LAS FERIAS","2014-03-28","","33.31875"
"LAS FERIAS","2014-03-27","","30.4990196"
"LAS FERIAS","2014-03-26","","20.37028985"
"LAS FERIAS","2014-03-25","","14.64469697"
"LAS FERIAS","2014-03-24","","21.87301588"
"LAS FERIAS","2014-03-23","","19.95833334"
"LAS FERIAS","2014-03-22","","23.32971014"
"LAS FERIAS","2014-03-21","","23.53125"
"LAS FERIAS","2014-03-20","","17.11212122"
"LAS FERIAS","2014-03-19","","20.09242424"
"LAS FERIAS","2014-03-18","","21.2289855"
"LAS FERIAS","2014-03-17","","22.63333335"
"LAS FERIAS","2014-03-14","","33.1833333"
"LAS FERIAS","2014-03-13","","37.96319445"
"LAS FERIAS","2014-03-12","","46.71666668"
"LAS FERIAS","2014-02-28","","43.2166667"
"LAS FERIAS","2014-02-27","","29.64487179"
"LAS FERIAS","2014-02-26","","34.71190477"
"LAS FERIAS","2014-02-25","","43.19000001"
"LAS FERIAS","2014-02-24","","37.95438596"
"LAS FERIAS","2014-02-23","","35.18819444"
"LAS FERIAS","2014-02-22","","40.75724637"
"LAS FERIAS","2014-02-21","","39.2325"
"LAS FERIAS","2014-02-20","","33.95166667"
"LAS FERIAS","2014-02-19","","35.77314815"
"LAS FERIAS","2014-02-18","","37.73257575"
"LAS FERIAS","2014-02-17","","44.46583333"
"LAS FERIAS","2014-02-16","","37.01086957"
"LAS FERIAS","2014-02-15","","33.10833333"
"LAS FERIAS","2014-02-14","","31.06805555"
"LAS FERIAS","2014-02-13","","29.42857142"
"LAS FERIAS","2014-02-12","","18.96875"
"LAS FERIAS","2014-02-11","","9.34473684"
"LAS FERIAS","2014-02-10","","14.73508772"
"LAS FERIAS","2014-02-09","","12.95378787"
"LAS FERIAS","2014-02-08","","13.35555557"
"LAS FERIAS","2014-02-07","","26.13478262"
"LAS FERIAS","2014-02-06","","26.30579711"
"LAS FERIAS","2014-02-05","","22.78472222"
"LAS FERIAS","2014-02-04","","26.9888889"
"LAS FERIAS","2014-02-03","","24.3701389"
"LAS FERIAS","2014-02-02","","18.34130434"
"LAS FERIAS","2014-02-01","","15.85833333"
"LAS FERIAS","2014-01-31","","19.43333334"
"LAS FERIAS","2014-01-30","","26.05069444"
"LAS FERIAS","2014-01-29","","18.61757576"
"LAS FERIAS","2014-01-28","","22.9780303"
"LAS FERIAS","2014-01-27","","18.81666668"
"LAS FERIAS","2014-01-26","","16.88181819"
"LAS FERIAS","2014-01-25","","22.42013888"
"LAS FERIAS","2014-01-24","","23.46875"
"LAS FERIAS","2014-01-23","","21.79444443"
"LAS FERIAS","2014-01-22","","25.2347826"
"LAS FERIAS","2014-01-21","","21.38550725"
"LAS FERIAS","2014-01-20","","13.27083333"
"LAS FERIAS","2014-01-19","","5.9"
"LAS FERIAS","2014-01-18","","7.81875001"
"LAS FERIAS","2014-01-17","","13.31507936"
"LAS FERIAS","2014-01-16","","21.79861111"
"LAS FERIAS","2014-01-15","","19.75069445"
"LAS FERIAS","2014-01-14","","17.93819444"
"LAS FERIAS","2014-01-13","","19.60069445"
"LAS FERIAS","2014-01-12","","20.76304348"
"LAS FERIAS","2014-01-11","","21.56666666"
"LAS FERIAS","2014-01-10","","21.54895834"
"LAS FERIAS","2014-01-09","","13.00701754"
"LAS FERIAS","2014-01-08","","14.59365079"
"LAS FERIAS","2014-01-07","","16.82291666"
"LAS FERIAS","2014-01-06","","8.93684209"
"LAS FERIAS","2014-01-05","","10.60833333"
"LAS FERIAS","2014-01-04","","8.98750001"
"LAS FERIAS","2014-01-03","","9.30648148"
"LAS FERIAS","2014-01-02","","10.76083332"
"LAS FERIAS","2014-01-01","","11.81568628"
