"Estacion","Fecha inicial","Fecha final","PM10"
"LAS FERIAS","2021-02-28","","15.02222222"
"LAS FERIAS","2021-02-27","","27.73636364"
"LAS FERIAS","2021-02-26","","21.37826087"
"LAS FERIAS","2021-02-25","","14.50454545"
"LAS FERIAS","2021-02-24","","18.775"
"LAS FERIAS","2021-02-23","","19.83333333"
"LAS FERIAS","2021-02-22","","14.34090909"
"LAS FERIAS","2021-02-21","","23.8"
"LAS FERIAS","2021-02-20","","32.69130435"
"LAS FERIAS","2021-02-19","","25.05217391"
"LAS FERIAS","2021-02-18","","32.10434783"
"LAS FERIAS","2021-02-17","","40.03043478"
"LAS FERIAS","2021-02-16","","40.22916667"
"LAS FERIAS","2021-02-15","","25.47857143"
"LAS FERIAS","2021-02-14","","29.74545455"
"LAS FERIAS","2021-02-13","","19.82727273"
"LAS FERIAS","2021-02-12","","39.07391304"
"LAS FERIAS","2021-02-11","","30.60952381"
"LAS FERIAS","2021-02-10","","27.6"
"LAS FERIAS","2021-02-09","","36.415"
"LAS FERIAS","2021-02-08","","25.43"
"LAS FERIAS","2021-02-07","","21.36818182"
"LAS FERIAS","2021-02-06","","23.03809524"
"LAS FERIAS","2021-02-05","","15.63333333"
"LAS FERIAS","2021-02-04","","20.5875"
"LAS FERIAS","2021-02-03","","19.78"
"LAS FERIAS","2021-02-02","","15.62352941"
"LAS FERIAS","2021-02-01","","12.42857143"
"LAS FERIAS","2021-01-31","","12.92380952"
"LAS FERIAS","2021-01-30","","23.08823529"
"LAS FERIAS","2021-01-29","","42.65294118"
"LAS FERIAS","2021-01-28","","47.81"
"LAS FERIAS","2021-01-27","","20.77083333"
"LAS FERIAS","2021-01-26","","16.63333333"
"LAS FERIAS","2021-01-25","","9.45416667"
"LAS FERIAS","2021-01-24","","9.19583333"
"LAS FERIAS","2021-01-23","","11.1625"
"LAS FERIAS","2021-01-22","","26.0625"
"LAS FERIAS","2021-01-21","","39.99565217"
"LAS FERIAS","2021-01-20","","29.35"
"LAS FERIAS","2021-01-19","","41.3826087"
"LAS FERIAS","2021-01-18","","35.59130435"
"LAS FERIAS","2021-01-17","","24.11666667"
"LAS FERIAS","2021-01-16","","41.39166667"
"LAS FERIAS","2021-01-15","","46.93478261"
"LAS FERIAS","2021-01-14","","34.29583333"
"LAS FERIAS","2021-01-13","","21.95238095"
"LAS FERIAS","2021-01-09","","7.54666667"
"LAS FERIAS","2021-01-08","","19.76086957"
"LAS FERIAS","2021-01-07","","17.43"
"LAS FERIAS","2021-01-06","","21.75"
"LAS FERIAS","2021-01-05","","25.93"
"LAS FERIAS","2021-01-04","","16.3875"
"LAS FERIAS","2021-01-03","","7.79333333"
"LAS FERIAS","2021-01-02","","8.18181818"
"LAS FERIAS","2021-01-01","","14.79333333"
"LAS FERIAS","2020-12-31","","26.43333333"
"LAS FERIAS","2020-12-30","","39.06666667"
"LAS FERIAS","2020-12-29","","27.06666667"
"LAS FERIAS","2020-12-28","","24.47142857"
"LAS FERIAS","2020-12-27","","14.55652174"
"LAS FERIAS","2020-12-26","","16.86315789"
"LAS FERIAS","2020-12-25","","21.0125"
"LAS FERIAS","2020-12-24","","20.80666667"
"LAS FERIAS","2020-12-23","","35.83333333"
"LAS FERIAS","2020-12-22","","24.43333333"
"LAS FERIAS","2020-12-21","","25.9826087"
"LAS FERIAS","2020-12-20","","14.11818182"
"LAS FERIAS","2020-12-19","","21.83043478"
"LAS FERIAS","2020-12-18","","22.32916667"
"LAS FERIAS","2020-12-17","","12.70526316"
"LAS FERIAS","2020-12-16","","19.69583333"
"LAS FERIAS","2020-12-15","","32.36521739"
"LAS FERIAS","2020-12-14","","19.41666667"
"LAS FERIAS","2020-12-13","","17.74166667"
"LAS FERIAS","2020-12-12","","29.57083333"
"LAS FERIAS","2020-12-11","","40.68695652"
"LAS FERIAS","2020-12-10","","44.63333333"
"LAS FERIAS","2020-12-09","","30.53333333"
"LAS FERIAS","2020-12-08","","31.58333333"
"LAS FERIAS","2020-12-07","","29.0375"
"LAS FERIAS","2020-12-06","","12.575"
"LAS FERIAS","2020-12-05","","19.55416667"
"LAS FERIAS","2020-12-04","","29.47916667"
"LAS FERIAS","2020-12-03","","20.77916667"
"LAS FERIAS","2020-12-02","","10.62916667"
"LAS FERIAS","2020-12-01","","20.85833333"
"LAS FERIAS","2020-11-30","","18.88695652"
"LAS FERIAS","2020-11-29","","8.80833333"
"LAS FERIAS","2020-11-28","","18.6"
"LAS FERIAS","2020-11-27","","32.79583333"
"LAS FERIAS","2020-11-26","","52.29166667"
"LAS FERIAS","2020-11-25","","24.74583333"
"LAS FERIAS","2020-11-24","","42.80416667"
"LAS FERIAS","2020-11-23","","33.47083333"
"LAS FERIAS","2020-11-22","","33.15833333"
"LAS FERIAS","2020-11-21","","20.4625"
"LAS FERIAS","2020-11-20","","23.42608696"
"LAS FERIAS","2020-11-19","","24.65"
"LAS FERIAS","2020-11-18","","23.33043478"
"LAS FERIAS","2020-11-17","","20.1"
"LAS FERIAS","2020-11-16","","16.47391304"
"LAS FERIAS","2020-11-15","","25.86666667"
"LAS FERIAS","2020-11-14","","34.1826087"
"LAS FERIAS","2020-11-13","","19.405"
"LAS FERIAS","2020-11-12","","24.90909091"
"LAS FERIAS","2020-11-11","","14.33478261"
"LAS FERIAS","2020-11-10","","32.3125"
"LAS FERIAS","2020-11-09","","28.725"
"LAS FERIAS","2020-11-08","","24.125"
"LAS FERIAS","2020-11-07","","39.15"
"LAS FERIAS","2020-11-06","","50.45833333"
"LAS FERIAS","2020-11-05","","20.64545455"
"LAS FERIAS","2020-11-04","","36.4"
"LAS FERIAS","2020-11-03","","42.52608696"
"LAS FERIAS","2020-11-02","","19.98636364"
"LAS FERIAS","2020-11-01","","17.376"
"LAS FERIAS","2020-10-31","","26.04090909"
"LAS FERIAS","2020-10-30","","34.46666667"
"LAS FERIAS","2020-10-29","","31.14583333"
"LAS FERIAS","2020-10-28","","27.75416667"
"LAS FERIAS","2020-10-27","","33.65217391"
"LAS FERIAS","2020-10-26","","44.54782609"
"LAS FERIAS","2020-10-25","","27.07727273"
"LAS FERIAS","2020-10-24","","13.7625"
"LAS FERIAS","2020-10-23","","10.925"
"LAS FERIAS","2020-10-22","","9.40833333"
"LAS FERIAS","2020-10-21","","11.86956522"
"LAS FERIAS","2020-10-20","","31.49583333"
"LAS FERIAS","2020-10-19","","29.20434783"
"LAS FERIAS","2020-10-18","","11.24583333"
"LAS FERIAS","2020-10-17","","9.7625"
"LAS FERIAS","2020-10-16","","10.37083333"
"LAS FERIAS","2020-10-15","","16.12608696"
"LAS FERIAS","2020-10-14","","23.93043478"
"LAS FERIAS","2020-10-13","","14.74347826"
"LAS FERIAS","2020-10-12","","14.75217391"
"LAS FERIAS","2020-10-11","","9.6173913"
"LAS FERIAS","2020-10-10","","14.885"
"LAS FERIAS","2020-10-09","","8.91666667"
"LAS FERIAS","2020-10-08","","13.15416667"
"LAS FERIAS","2020-10-07","","20.99130435"
"LAS FERIAS","2020-10-06","","31.0625"
"LAS FERIAS","2020-10-05","","15.05"
"LAS FERIAS","2020-10-04","","9.94"
"LAS FERIAS","2020-10-03","","20.925"
"LAS FERIAS","2020-10-02","","28.84166667"
"LAS FERIAS","2020-10-01","","12.7"
"LAS FERIAS","2020-09-30","","11.825"
"LAS FERIAS","2020-09-29","","8.6875"
"LAS FERIAS","2020-09-28","","12.33913043"
"LAS FERIAS","2020-09-27","","14.94166667"
"LAS FERIAS","2020-09-26","","20.86315789"
"LAS FERIAS","2020-09-25","","7.8"
"LAS FERIAS","2020-09-24","","7.18095238"
"LAS FERIAS","2020-09-23","","13.39583333"
"LAS FERIAS","2020-09-22","","19.06956522"
"LAS FERIAS","2020-09-21","","8.57"
"LAS FERIAS","2020-09-20","","9.21"
"LAS FERIAS","2020-09-19","","26.2875"
"LAS FERIAS","2020-09-18","","33.70909091"
"LAS FERIAS","2020-09-17","","35.07619048"
"LAS FERIAS","2020-09-16","","22.375"
"LAS FERIAS","2020-09-15","","16.22272727"
"LAS FERIAS","2020-09-14","","13.52173913"
"LAS FERIAS","2020-09-13","","9.20952381"
"LAS FERIAS","2020-09-12","","22.15833333"
"LAS FERIAS","2020-09-11","","30.56956522"
"LAS FERIAS","2020-09-10","","29.3625"
"LAS FERIAS","2020-09-09","","34.39130435"
"LAS FERIAS","2020-09-08","","19.24210526"
"LAS FERIAS","2020-09-07","","23.6"
"LAS FERIAS","2020-09-06","","8.025"
"LAS FERIAS","2020-09-05","","9.85416667"
"LAS FERIAS","2020-09-04","","12.77916667"
"LAS FERIAS","2020-09-03","","19.98333333"
"LAS FERIAS","2020-09-02","","22.05"
"LAS FERIAS","2020-09-01","","19.02916667"
"LAS FERIAS","2020-08-31","","26.85652174"
"LAS FERIAS","2020-08-30","","15.73333333"
"LAS FERIAS","2020-08-29","","39.15416667"
"LAS FERIAS","2020-08-28","","13.23636364"
"LAS FERIAS","2020-08-27","","13.175"
"LAS FERIAS","2020-08-26","","24.69166667"
"LAS FERIAS","2020-08-25","","27.76666667"
"LAS FERIAS","2020-08-24","","16.46666667"
"LAS FERIAS","2020-08-23","","16.45833333"
"LAS FERIAS","2020-08-22","","18.02916667"
"LAS FERIAS","2020-08-21","","13.86086957"
"LAS FERIAS","2020-08-20","","17.15217391"
"LAS FERIAS","2020-08-19","","24.6"
"LAS FERIAS","2020-08-18","","29.6125"
"LAS FERIAS","2020-08-17","","22.6125"
"LAS FERIAS","2020-08-16","","11.69166667"
"LAS FERIAS","2020-08-15","","12.01304348"
"LAS FERIAS","2020-08-14","","7.5"
"LAS FERIAS","2020-08-13","","7.24583333"
"LAS FERIAS","2020-08-12","","18.61666667"
"LAS FERIAS","2020-08-11","","20.075"
"LAS FERIAS","2020-08-10","","10.255"
"LAS FERIAS","2020-08-09","","5.67142857"
"LAS FERIAS","2020-08-08","","7.055"
"LAS FERIAS","2020-08-07","","7.69"
"LAS FERIAS","2020-08-06","","7.11363636"
"LAS FERIAS","2020-08-05","","6.93043478"
"LAS FERIAS","2020-08-04","","12.30909091"
"LAS FERIAS","2020-08-03","","12.43333333"
"LAS FERIAS","2020-08-02","","11.66666667"
"LAS FERIAS","2020-08-01","","11.90416667"
"LAS FERIAS","2020-07-31","","7.8826087"
"LAS FERIAS","2020-07-30","","23.5"
"LAS FERIAS","2020-07-29","","22.9375"
"LAS FERIAS","2020-07-28","","12.35"
"LAS FERIAS","2020-07-27","","5.30952381"
"LAS FERIAS","2020-07-26","","8.45"
"LAS FERIAS","2020-07-25","","15.00454545"
"LAS FERIAS","2020-07-24","","13.65833333"
"LAS FERIAS","2020-07-23","","15.7"
"LAS FERIAS","2020-07-22","","16.425"
"LAS FERIAS","2020-07-21","","19.80588235"
"LAS FERIAS","2020-07-20","","3.37857143"
"LAS FERIAS","2020-07-19","","9.30833333"
"LAS FERIAS","2020-07-18","","10.39583333"
"LAS FERIAS","2020-07-17","","12.8125"
"LAS FERIAS","2020-07-16","","11.45416667"
"LAS FERIAS","2020-07-15","","7.3952381"
"LAS FERIAS","2020-07-14","","5.44285714"
"LAS FERIAS","2020-07-13","","9.32083333"
"LAS FERIAS","2020-07-12","","14.85833333"
"LAS FERIAS","2020-07-11","","17.95"
"LAS FERIAS","2020-07-10","","15.1375"
"LAS FERIAS","2020-07-09","","7.97083333"
"LAS FERIAS","2020-07-08","","17.95416667"
"LAS FERIAS","2020-07-07","","10.6125"
"LAS FERIAS","2020-07-06","","16.6375"
"LAS FERIAS","2020-07-05","","17.89545455"
"LAS FERIAS","2020-07-04","","5.75263158"
"LAS FERIAS","2020-07-03","","14.5375"
"LAS FERIAS","2020-07-02","","7.96363636"
"LAS FERIAS","2020-07-01","","25.53333333"
"LAS FERIAS","2020-06-30","","23.03333333"
"LAS FERIAS","2020-06-29","","5.7375"
"LAS FERIAS","2020-06-28","","11.74090909"
"LAS FERIAS","2020-06-27","","19.14583333"
"LAS FERIAS","2020-06-26","","15.6"
"LAS FERIAS","2020-06-25","","63.8625"
"LAS FERIAS","2020-06-24","","86.85416667"
"LAS FERIAS","2020-06-23","","15.70454545"
"LAS FERIAS","2020-06-22","","5.85833333"
"LAS FERIAS","2020-06-21","","3.47222222"
"LAS FERIAS","2020-06-20","","7.41666667"
"LAS FERIAS","2020-06-19","","15.38695652"
"LAS FERIAS","2020-06-18","","45.1625"
"LAS FERIAS","2020-06-17","","22.37916667"
"LAS FERIAS","2020-06-16","","19.84583333"
"LAS FERIAS","2020-06-15","","6.2625"
"LAS FERIAS","2020-06-14","","6.01666667"
"LAS FERIAS","2020-06-13","","16.87916667"
"LAS FERIAS","2020-06-12","","20.60869565"
"LAS FERIAS","2020-06-11","","21.95"
"LAS FERIAS","2020-06-10","","25.48333333"
"LAS FERIAS","2020-06-09","","17.15416667"
"LAS FERIAS","2020-06-08","","9.925"
"LAS FERIAS","2020-06-07","","8.13333333"
"LAS FERIAS","2020-06-06","","10.27916667"
"LAS FERIAS","2020-06-05","","8.09166667"
"LAS FERIAS","2020-06-04","","12.82083333"
"LAS FERIAS","2020-06-03","","25.29583333"
"LAS FERIAS","2020-06-02","","17.95416667"
"LAS FERIAS","2020-06-01","","8.15"
"LAS FERIAS","2020-05-31","","14.03913043"
"LAS FERIAS","2020-05-30","","19.1625"
"LAS FERIAS","2020-05-29","","22.93333333"
"LAS FERIAS","2020-05-28","","24.44166667"
"LAS FERIAS","2020-05-27","","8.70416667"
"LAS FERIAS","2020-05-26","","6.84583333"
"LAS FERIAS","2020-05-25","","4.79583333"
"LAS FERIAS","2020-05-24","","7.97916667"
"LAS FERIAS","2020-05-23","","7.6625"
"LAS FERIAS","2020-05-22","","10.23333333"
"LAS FERIAS","2020-05-21","","12.925"
"LAS FERIAS","2020-05-20","","12.89583333"
"LAS FERIAS","2020-05-19","","8.61666667"
"LAS FERIAS","2020-05-18","","3.62083333"
"LAS FERIAS","2020-05-17","","4.65833333"
"LAS FERIAS","2020-05-16","","6.01666667"
"LAS FERIAS","2020-05-15","","15.44347826"
"LAS FERIAS","2020-05-14","","21.97083333"
"LAS FERIAS","2020-05-13","","25.36666667"
"LAS FERIAS","2020-05-12","","24.20833333"
"LAS FERIAS","2020-05-11","","15.1"
"LAS FERIAS","2020-05-10","","5.74166667"
"LAS FERIAS","2020-05-09","","4.70833333"
"LAS FERIAS","2020-05-08","","8.27083333"
"LAS FERIAS","2020-05-07","","7.58333333"
"LAS FERIAS","2020-05-06","","12.275"
"LAS FERIAS","2020-05-05","","11.50454545"
"LAS FERIAS","2020-05-04","","11.44285714"
"LAS FERIAS","2020-05-03","","12.5826087"
"LAS FERIAS","2020-05-02","","13.8"
"LAS FERIAS","2020-05-01","","11.105"
"LAS FERIAS","2020-04-30","","25.2"
"LAS FERIAS","2020-04-29","","35.60833333"
"LAS FERIAS","2020-04-28","","22.4125"
"LAS FERIAS","2020-04-27","","23.20666667"
"LAS FERIAS","2020-04-26","","19.575"
"LAS FERIAS","2020-04-25","","22.3375"
"LAS FERIAS","2020-04-24","","20.78333333"
"LAS FERIAS","2020-04-23","","6.48333333"
"LAS FERIAS","2020-04-22","","21.1125"
"LAS FERIAS","2020-04-21","","17.1"
"LAS FERIAS","2020-04-20","","17.54347826"
"LAS FERIAS","2020-04-19","","29.17916667"
"LAS FERIAS","2020-04-18","","35.0875"
"LAS FERIAS","2020-04-17","","34.11363636"
"LAS FERIAS","2020-04-16","","41.3625"
"LAS FERIAS","2020-04-15","","29.99565217"
"LAS FERIAS","2020-04-14","","23.71666667"
"LAS FERIAS","2020-04-13","","25.475"
"LAS FERIAS","2020-04-11","","7.18333333"
"LAS FERIAS","2020-04-10","","11.85416667"
"LAS FERIAS","2020-04-09","","10.62857143"
"LAS FERIAS","2020-04-08","","12.09230769"
"LAS FERIAS","2020-04-03","","22.0"
"LAS FERIAS","2020-04-02","","13.41666667"
"LAS FERIAS","2020-04-01","","24.33333333"
"LAS FERIAS","2020-03-31","","23.39130435"
"LAS FERIAS","2020-03-30","","51.375"
"LAS FERIAS","2020-03-29","","53.25"
"LAS FERIAS","2020-03-28","","47.47619048"
"LAS FERIAS","2020-03-27","","49.11764706"
"LAS FERIAS","2020-03-26","","33.04545455"
"LAS FERIAS","2020-03-25","","36.41666667"
"LAS FERIAS","2020-03-24","","49.38888889"
"LAS FERIAS","2020-03-23","","48.95652174"
"LAS FERIAS","2020-03-22","","29.375"
"LAS FERIAS","2020-03-21","","33.81818182"
"LAS FERIAS","2020-03-20","","50.0"
"LAS FERIAS","2020-03-19","","73.35714286"
"LAS FERIAS","2020-03-18","","70.77272727"
"LAS FERIAS","2020-03-17","","58.0"
"LAS FERIAS","2020-03-16","","42.11764706"
"LAS FERIAS","2020-03-15","","22.69565217"
"LAS FERIAS","2020-03-14","","28.04545455"
"LAS FERIAS","2020-03-13","","46.77272727"
"LAS FERIAS","2020-03-12","","45.875"
"LAS FERIAS","2020-03-11","","46.08333333"
"LAS FERIAS","2020-03-10","","42.70833333"
"LAS FERIAS","2020-03-09","","40.08333333"
"LAS FERIAS","2020-03-08","","42.41666667"
"LAS FERIAS","2020-03-07","","60.54166667"
"LAS FERIAS","2020-03-06","","79.0"
"LAS FERIAS","2020-03-05","","57.22727273"
"LAS FERIAS","2020-03-04","","52.33333333"
"LAS FERIAS","2020-03-03","","50.13636364"
"LAS FERIAS","2020-03-02","","36.63636364"
"LAS FERIAS","2020-03-01","","37.375"
"LAS FERIAS","2020-02-29","","49.13043478"
"LAS FERIAS","2020-02-28","","58.65"
"LAS FERIAS","2020-02-27","","43.41176471"
"LAS FERIAS","2020-02-26","","42.66666667"
"LAS FERIAS","2020-02-25","","43.75"
"LAS FERIAS","2020-02-24","","39.7826087"
"LAS FERIAS","2020-02-23","","26.86956522"
"LAS FERIAS","2020-02-22","","43.66666667"
"LAS FERIAS","2020-02-21","","57.04166667"
"LAS FERIAS","2020-02-20","","43.25"
"LAS FERIAS","2020-02-19","","23.875"
"LAS FERIAS","2020-02-18","","28.41666667"
"LAS FERIAS","2020-02-17","","21.34782609"
"LAS FERIAS","2020-02-16","","18.125"
"LAS FERIAS","2020-02-15","","23.2173913"
"LAS FERIAS","2020-02-14","","38.58333333"
"LAS FERIAS","2020-02-13","","47.58333333"
"LAS FERIAS","2020-02-12","","56.29166667"
"LAS FERIAS","2020-02-11","","39.75"
"LAS FERIAS","2020-02-10","","26.83333333"
"LAS FERIAS","2020-02-09","","44.76923077"
"LAS FERIAS","2020-02-08","","60.45454545"
"LAS FERIAS","2020-02-07","","71.0"
"LAS FERIAS","2020-02-06","","46.375"
"LAS FERIAS","2020-02-05","","46.125"
"LAS FERIAS","2020-02-04","","54.0"
"LAS FERIAS","2020-02-01","","16.615"
"LAS FERIAS","2020-01-31","","19.35652174"
"LAS FERIAS","2020-01-30","","37.0125"
"LAS FERIAS","2020-01-29","","45.2875"
"LAS FERIAS","2020-01-28","","27.72727273"
"LAS FERIAS","2020-01-27","","32.14210526"
"LAS FERIAS","2020-01-26","","17.20588235"
"LAS FERIAS","2020-01-25","","41.2826087"
"LAS FERIAS","2020-01-24","","44.325"
"LAS FERIAS","2020-01-23","","36.92083333"
"LAS FERIAS","2020-01-22","","44.325"
"LAS FERIAS","2020-01-21","","37.69"
"LAS FERIAS","2020-01-20","","21.00833333"
"LAS FERIAS","2020-01-19","","8.58333333"
"LAS FERIAS","2020-01-18","","8.12380952"
"LAS FERIAS","2020-01-17","","8.625"
"LAS FERIAS","2020-01-16","","14.51666667"
"LAS FERIAS","2020-01-15","","10.615"
"LAS FERIAS","2020-01-14","","13.325"
"LAS FERIAS","2020-01-13","","11.3"
"LAS FERIAS","2020-01-12","","12.65416667"
"LAS FERIAS","2020-01-11","","17.50416667"
"LAS FERIAS","2020-01-10","","19.5375"
"LAS FERIAS","2020-01-09","","22.81818182"
"LAS FERIAS","2020-01-08","","27.73043478"
"LAS FERIAS","2020-01-07","","29.67391304"
"LAS FERIAS","2020-01-06","","22.94210526"
"LAS FERIAS","2020-01-05","","20.46315789"
"LAS FERIAS","2020-01-04","","30.23684211"
"LAS FERIAS","2020-01-03","","18.55384615"
"LAS FERIAS","2020-01-02","","14.04615385"
"LAS FERIAS","2020-01-01","","20.13125"
"LAS FERIAS","2019-12-31","","21.43"
"LAS FERIAS","2019-12-30","","15.75714286"
"LAS FERIAS","2019-12-29","","17.50454545"
"LAS FERIAS","2019-12-28","","16.77368421"
"LAS FERIAS","2019-12-27","","7.975"
"LAS FERIAS","2019-12-26","","9.06666667"
"LAS FERIAS","2019-12-25","","23.63809524"
"LAS FERIAS","2019-12-24","","7.84166667"
"LAS FERIAS","2019-12-23","","7.635"
"LAS FERIAS","2019-12-22","","7.46086957"
"LAS FERIAS","2019-12-21","","7.94166667"
"LAS FERIAS","2019-12-20","","13.67"
"LAS FERIAS","2019-12-19","","18.11428571"
"LAS FERIAS","2019-12-18","","64.55454545"
"LAS FERIAS","2019-12-15","","35.7"
"LAS FERIAS","2019-12-14","","27.79473684"
"LAS FERIAS","2019-12-13","","32.83043478"
"LAS FERIAS","2019-12-12","","26.37333333"
"LAS FERIAS","2019-12-11","","32.56086957"
"LAS FERIAS","2019-12-10","","22.20454545"
"LAS FERIAS","2019-12-09","","26.59333333"
"LAS FERIAS","2019-12-08","","23.66666667"
"LAS FERIAS","2019-12-07","","26.45833333"
"LAS FERIAS","2019-12-06","","30.61428571"
"LAS FERIAS","2019-12-05","","16.28333333"
"LAS FERIAS","2019-12-04","","20.99545455"
"LAS FERIAS","2019-12-03","","14.9125"
"LAS FERIAS","2019-12-02","","10.83333333"
"LAS FERIAS","2019-12-01","","6.86666667"
"LAS FERIAS","2019-11-30","","27.65"
"LAS FERIAS","2019-11-29","","42.29166667"
"LAS FERIAS","2019-11-28","","16.99166667"
"LAS FERIAS","2019-11-27","","10.52083333"
"LAS FERIAS","2019-11-26","","11.29285714"
"LAS FERIAS","2019-11-25","","27.18181818"
"LAS FERIAS","2019-11-24","","30.375"
"LAS FERIAS","2019-11-23","","31.79166667"
"LAS FERIAS","2019-11-22","","31.70833333"
"LAS FERIAS","2019-11-21","","26.16666667"
"LAS FERIAS","2019-11-20","","38.20833333"
"LAS FERIAS","2019-11-19","","33.125"
"LAS FERIAS","2019-11-18","","34.625"
"LAS FERIAS","2019-11-17","","26.09090909"
"LAS FERIAS","2019-11-16","","36.0"
"LAS FERIAS","2019-11-15","","47.45833333"
"LAS FERIAS","2019-11-14","","36.54166667"
"LAS FERIAS","2019-11-13","","35.5"
"LAS FERIAS","2019-11-12","","27.22727273"
"LAS FERIAS","2019-11-11","","15.5"
"LAS FERIAS","2019-11-10","","29.875"
"LAS FERIAS","2019-11-09","","26.875"
"LAS FERIAS","2019-11-08","","22.04166667"
"LAS FERIAS","2019-11-07","","20.79166667"
"LAS FERIAS","2019-11-06","","20.79166667"
"LAS FERIAS","2019-11-05","","25.0"
"LAS FERIAS","2019-11-04","","15.125"
"LAS FERIAS","2019-11-03","","23.08333333"
"LAS FERIAS","2019-11-02","","36.79166667"
"LAS FERIAS","2019-11-01","","42.91666667"
"LAS FERIAS","2019-10-31","","23.70833333"
"LAS FERIAS","2019-10-30","","31.29166667"
"LAS FERIAS","2019-10-29","","24.04166667"
"LAS FERIAS","2019-10-28","","13.79166667"
"LAS FERIAS","2019-10-27","","17.70833333"
"LAS FERIAS","2019-10-26","","15.2173913"
"LAS FERIAS","2019-10-25","","17.75"
"LAS FERIAS","2019-10-24","","25.125"
"LAS FERIAS","2019-10-23","","35.5"
"LAS FERIAS","2019-10-22","","37.45833333"
"LAS FERIAS","2019-10-21","","36.125"
"LAS FERIAS","2019-10-20","","18.16666667"
"LAS FERIAS","2019-10-19","","13.79166667"
"LAS FERIAS","2019-10-18","","30.25"
"LAS FERIAS","2019-10-17","","31.95833333"
"LAS FERIAS","2019-10-16","","22.08333333"
"LAS FERIAS","2019-10-15","","34.13636364"
"LAS FERIAS","2019-10-14","","10.69565217"
"LAS FERIAS","2019-10-13","","9.70833333"
"LAS FERIAS","2019-10-12","","18.95833333"
"LAS FERIAS","2019-10-11","","40.33333333"
"LAS FERIAS","2019-10-10","","45.20833333"
"LAS FERIAS","2019-10-09","","26.25"
"LAS FERIAS","2019-10-08","","23.41666667"
"LAS FERIAS","2019-10-07","","20.83333333"
"LAS FERIAS","2019-10-06","","27.875"
"LAS FERIAS","2019-10-05","","33.65217391"
"LAS FERIAS","2019-10-04","","23.5"
"LAS FERIAS","2019-10-03","","17.04166667"
"LAS FERIAS","2019-10-02","","28.54166667"
"LAS FERIAS","2019-10-01","","46.41666667"
"LAS FERIAS","2019-09-30","","33.04166667"
"LAS FERIAS","2019-09-29","","25.375"
"LAS FERIAS","2019-09-28","","26.66666667"
"LAS FERIAS","2019-09-27","","28.08333333"
"LAS FERIAS","2019-09-26","","17.45833333"
"LAS FERIAS","2019-09-25","","29.375"
"LAS FERIAS","2019-09-24","","42.33333333"
"LAS FERIAS","2019-09-23","","40.875"
"LAS FERIAS","2019-09-22","","37.79166667"
"LAS FERIAS","2019-09-21","","22.20833333"
"LAS FERIAS","2019-09-20","","60.91666667"
"LAS FERIAS","2019-09-19","","43.08333333"
"LAS FERIAS","2019-09-18","","51.83333333"
"LAS FERIAS","2019-09-17","","57.41666667"
"LAS FERIAS","2019-09-16","","29.75"
"LAS FERIAS","2019-09-15","","12.95833333"
"LAS FERIAS","2019-09-14","","11.83333333"
"LAS FERIAS","2019-09-13","","13.875"
"LAS FERIAS","2019-09-12","","19.20833333"
"LAS FERIAS","2019-09-11","","14.79166667"
"LAS FERIAS","2019-09-10","","22.83333333"
"LAS FERIAS","2019-09-09","","14.04545455"
"LAS FERIAS","2019-09-08","","10.20833333"
"LAS FERIAS","2019-09-07","","17.04166667"
"LAS FERIAS","2019-09-06","","12.95833333"
"LAS FERIAS","2019-09-05","","11.58333333"
"LAS FERIAS","2019-09-04","","13.625"
"LAS FERIAS","2019-09-03","","25.33333333"
"LAS FERIAS","2019-09-02","","16.04166667"
"LAS FERIAS","2019-09-01","","12.20833333"
"LAS FERIAS","2019-08-31","","18.70833333"
"LAS FERIAS","2019-08-30","","23.375"
"LAS FERIAS","2019-08-29","","13.16666667"
"LAS FERIAS","2019-08-28","","13.04166667"
"LAS FERIAS","2019-08-27","","14.29166667"
"LAS FERIAS","2019-08-26","","18.54166667"
"LAS FERIAS","2019-08-25","","12.70833333"
"LAS FERIAS","2019-08-24","","12.29166667"
"LAS FERIAS","2019-08-23","","19.70833333"
"LAS FERIAS","2019-08-22","","37.58333333"
"LAS FERIAS","2019-08-21","","14.95652174"
"LAS FERIAS","2019-08-20","","17.04166667"
"LAS FERIAS","2019-08-19","","9.20833333"
"LAS FERIAS","2019-08-18","","20.66666667"
"LAS FERIAS","2019-08-17","","51.0"
"LAS FERIAS","2019-08-16","","66.91666667"
"LAS FERIAS","2019-08-15","","34.29166667"
"LAS FERIAS","2019-08-14","","17.04166667"
"LAS FERIAS","2019-08-13","","13.25"
"LAS FERIAS","2019-08-12","","13.33333333"
"LAS FERIAS","2019-08-11","","9.83333333"
"LAS FERIAS","2019-08-10","","13.45833333"
"LAS FERIAS","2019-08-09","","12.08333333"
"LAS FERIAS","2019-08-08","","17.66666667"
"LAS FERIAS","2019-08-07","","13.04166667"
"LAS FERIAS","2019-08-06","","18.41666667"
"LAS FERIAS","2019-08-05","","16.29166667"
"LAS FERIAS","2019-08-04","","9.58333333"
"LAS FERIAS","2019-08-03","","19.45833333"
"LAS FERIAS","2019-08-02","","24.83333333"
"LAS FERIAS","2019-08-01","","22.33333333"
"LAS FERIAS","2019-07-31","","14.5"
"LAS FERIAS","2019-07-30","","14.41666667"
"LAS FERIAS","2019-07-29","","14.29166667"
"LAS FERIAS","2019-07-28","","17.95652174"
"LAS FERIAS","2019-07-27","","25.125"
"LAS FERIAS","2019-07-26","","15.66666667"
"LAS FERIAS","2019-07-25","","25.66666667"
"LAS FERIAS","2019-07-24","","19.0"
"LAS FERIAS","2019-07-23","","10.56521739"
"LAS FERIAS","2019-07-22","","15.5"
"LAS FERIAS","2019-07-21","","9.83333333"
"LAS FERIAS","2019-07-20","","9.20833333"
"LAS FERIAS","2019-07-19","","13.04166667"
"LAS FERIAS","2019-07-18","","9.91666667"
"LAS FERIAS","2019-07-17","","19.125"
"LAS FERIAS","2019-07-16","","29.29166667"
"LAS FERIAS","2019-07-15","","13.79166667"
"LAS FERIAS","2019-07-14","","6.30434783"
"LAS FERIAS","2019-07-13","","11.5"
"LAS FERIAS","2019-07-12","","16.58333333"
"LAS FERIAS","2019-07-11","","15.125"
"LAS FERIAS","2019-07-10","","11.16666667"
"LAS FERIAS","2019-07-09","","25.33333333"
"LAS FERIAS","2019-07-08","","10.66666667"
"LAS FERIAS","2019-07-07","","7.70833333"
"LAS FERIAS","2019-07-06","","11.29166667"
"LAS FERIAS","2019-07-05","","31.79166667"
"LAS FERIAS","2019-07-04","","44.625"
"LAS FERIAS","2019-07-03","","23.75"
"LAS FERIAS","2019-07-02","","18.08695652"
"LAS FERIAS","2019-07-01","","15.79166667"
"LAS FERIAS","2019-06-30","","10.875"
"LAS FERIAS","2019-06-29","","12.91666667"
"LAS FERIAS","2019-06-28","","13.91666667"
"LAS FERIAS","2019-06-27","","25.125"
"LAS FERIAS","2019-06-26","","20.33333333"
"LAS FERIAS","2019-06-25","","20.95833333"
"LAS FERIAS","2019-06-24","","9.41666667"
"LAS FERIAS","2019-06-23","","9.25"
"LAS FERIAS","2019-06-22","","11.70833333"
"LAS FERIAS","2019-06-21","","14.875"
"LAS FERIAS","2019-06-20","","9.83333333"
"LAS FERIAS","2019-06-19","","13.29166667"
"LAS FERIAS","2019-06-18","","11.5"
"LAS FERIAS","2019-06-17","","9.25"
"LAS FERIAS","2019-06-16","","8.91666667"
"LAS FERIAS","2019-06-15","","15.375"
"LAS FERIAS","2019-06-14","","17.16666667"
"LAS FERIAS","2019-06-13","","22.33333333"
"LAS FERIAS","2019-06-12","","15.45833333"
"LAS FERIAS","2019-06-11","","15.58333333"
"LAS FERIAS","2019-06-10","","11.91666667"
"LAS FERIAS","2019-06-09","","7.125"
"LAS FERIAS","2019-06-08","","21.08333333"
"LAS FERIAS","2019-06-07","","27.04166667"
"LAS FERIAS","2019-06-06","","23.22727273"
"LAS FERIAS","2019-06-05","","14.20833333"
"LAS FERIAS","2019-06-04","","17.66666667"
"LAS FERIAS","2019-06-03","","10.125"
"LAS FERIAS","2019-06-02","","24.875"
"LAS FERIAS","2019-06-01","","27.70833333"
"LAS FERIAS","2019-05-31","","37.04347826"
"LAS FERIAS","2019-05-30","","36.16666667"
"LAS FERIAS","2019-05-29","","40.70833333"
"LAS FERIAS","2019-05-28","","49.16666667"
"LAS FERIAS","2019-05-27","","42.33333333"
"LAS FERIAS","2019-05-26","","18.66666667"
"LAS FERIAS","2019-05-25","","44.70833333"
"LAS FERIAS","2019-05-24","","26.70833333"
"LAS FERIAS","2019-05-23","","35.41666667"
"LAS FERIAS","2019-05-22","","23.79166667"
"LAS FERIAS","2019-05-21","","21.66666667"
"LAS FERIAS","2019-05-20","","23.45833333"
"LAS FERIAS","2019-05-19","","23.08333333"
"LAS FERIAS","2019-05-18","","37.66666667"
"LAS FERIAS","2019-05-17","","29.83333333"
"LAS FERIAS","2019-05-16","","35.39130435"
"LAS FERIAS","2019-05-15","","17.0"
"LAS FERIAS","2019-05-14","","12.875"
"LAS FERIAS","2019-05-13","","14.79166667"
"LAS FERIAS","2019-05-12","","12.73913043"
"LAS FERIAS","2019-05-11","","37.66666667"
"LAS FERIAS","2019-05-10","","39.70833333"
"LAS FERIAS","2019-05-09","","25.04166667"
"LAS FERIAS","2019-05-08","","32.375"
"LAS FERIAS","2019-05-07","","18.54166667"
"LAS FERIAS","2019-05-06","","16.83333333"
"LAS FERIAS","2019-05-05","","13.04166667"
"LAS FERIAS","2019-05-04","","17.79166667"
"LAS FERIAS","2019-05-03","","28.95833333"
"LAS FERIAS","2019-05-02","","30.83333333"
"LAS FERIAS","2019-05-01","","26.29166667"
"LAS FERIAS","2019-04-30","","24.45833333"
"LAS FERIAS","2019-04-29","","15.16666667"
"LAS FERIAS","2019-04-28","","10.08333333"
"LAS FERIAS","2019-04-27","","18.70833333"
"LAS FERIAS","2019-04-26","","24.0"
"LAS FERIAS","2019-04-25","","34.5"
"LAS FERIAS","2019-04-24","","32.16666667"
"LAS FERIAS","2019-04-23","","44.0"
"LAS FERIAS","2019-04-22","","24.25"
"LAS FERIAS","2019-04-21","","17.04166667"
"LAS FERIAS","2019-04-20","","17.0"
"LAS FERIAS","2019-04-19","","21.33333333"
"LAS FERIAS","2019-04-18","","30.66666667"
"LAS FERIAS","2019-04-17","","39.91666667"
"LAS FERIAS","2019-04-16","","38.95833333"
"LAS FERIAS","2019-04-15","","27.66666667"
"LAS FERIAS","2019-04-14","","38.0"
"LAS FERIAS","2019-04-13","","37.58333333"
"LAS FERIAS","2019-04-12","","38.04166667"
"LAS FERIAS","2019-04-11","","47.79166667"
"LAS FERIAS","2019-04-10","","57.83333333"
"LAS FERIAS","2019-04-09","","52.25"
"LAS FERIAS","2019-04-08","","51.625"
"LAS FERIAS","2019-04-07","","36.54166667"
"LAS FERIAS","2019-04-06","","39.66666667"
"LAS FERIAS","2019-04-05","","51.0"
"LAS FERIAS","2019-04-04","","41.54166667"
"LAS FERIAS","2019-04-03","","45.95454545"
"LAS FERIAS","2019-04-02","","44.54166667"
"LAS FERIAS","2019-04-01","","30.79166667"
"LAS FERIAS","2019-03-31","","17.625"
"LAS FERIAS","2019-03-30","","32.33333333"
"LAS FERIAS","2019-03-29","","47.25"
"LAS FERIAS","2019-03-28","","95.08333333"
"LAS FERIAS","2019-03-27","","76.13043478"
"LAS FERIAS","2019-03-26","","69.75"
"LAS FERIAS","2019-03-25","","47.16666667"
"LAS FERIAS","2019-03-24","","45.5"
"LAS FERIAS","2019-03-23","","42.0"
"LAS FERIAS","2019-03-22","","41.0"
"LAS FERIAS","2019-03-21","","47.91666667"
"LAS FERIAS","2019-03-20","","46.66666667"
"LAS FERIAS","2019-03-19","","40.79166667"
"LAS FERIAS","2019-03-18","","41.75"
"LAS FERIAS","2019-03-17","","26.83333333"
"LAS FERIAS","2019-03-16","","33.25"
"LAS FERIAS","2019-03-15","","40.375"
"LAS FERIAS","2019-03-14","","49.75"
"LAS FERIAS","2019-03-13","","47.75"
"LAS FERIAS","2019-03-12","","47.33333333"
"LAS FERIAS","2019-03-11","","27.54166667"
"LAS FERIAS","2019-03-10","","16.5"
"LAS FERIAS","2019-03-09","","28.29166667"
"LAS FERIAS","2019-03-08","","55.58333333"
"LAS FERIAS","2019-03-07","","68.20833333"
"LAS FERIAS","2019-03-06","","61.08333333"
"LAS FERIAS","2019-03-05","","64.54166667"
"LAS FERIAS","2019-03-04","","54.58333333"
"LAS FERIAS","2019-03-03","","37.91304348"
"LAS FERIAS","2019-03-02","","55.75"
"LAS FERIAS","2019-03-01","","63.33333333"
"LAS FERIAS","2019-02-28","","48.33333333"
"LAS FERIAS","2019-02-27","","47.79166667"
"LAS FERIAS","2019-02-26","","52.5"
"LAS FERIAS","2019-02-25","","40.20833333"
"LAS FERIAS","2019-02-24","","31.875"
"LAS FERIAS","2019-02-23","","50.04166667"
"LAS FERIAS","2019-02-22","","46.54166667"
"LAS FERIAS","2019-02-21","","31.375"
"LAS FERIAS","2019-02-20","","37.26086957"
"LAS FERIAS","2019-02-19","","36.83333333"
"LAS FERIAS","2019-02-18","","60.29166667"
"LAS FERIAS","2019-02-17","","34.41666667"
"LAS FERIAS","2019-02-16","","36.0"
"LAS FERIAS","2019-02-15","","54.5"
"LAS FERIAS","2019-02-14","","63.625"
"LAS FERIAS","2019-02-13","","49.54166667"
"LAS FERIAS","2019-02-12","","56.91666667"
"LAS FERIAS","2019-02-11","","46.5"
"LAS FERIAS","2019-02-10","","40.33333333"
"LAS FERIAS","2019-02-09","","46.875"
"LAS FERIAS","2019-02-08","","36.95833333"
"LAS FERIAS","2019-02-07","","48.79166667"
"LAS FERIAS","2019-02-06","","43.66666667"
"LAS FERIAS","2019-02-05","","55.16666667"
"LAS FERIAS","2019-02-04","","54.95833333"
"LAS FERIAS","2019-02-03","","29.41666667"
"LAS FERIAS","2019-02-02","","48.66666667"
"LAS FERIAS","2019-02-01","","43.58333333"
"LAS FERIAS","2019-01-31","","69.91666667"
"LAS FERIAS","2019-01-30","","63.08333333"
"LAS FERIAS","2019-01-29","","46.47826087"
"LAS FERIAS","2019-01-28","","45.16666667"
"LAS FERIAS","2019-01-27","","32.75"
"LAS FERIAS","2019-01-26","","30.5"
"LAS FERIAS","2019-01-25","","33.16666667"
"LAS FERIAS","2019-01-24","","20.75"
"LAS FERIAS","2019-01-23","","23.33333333"
"LAS FERIAS","2019-01-22","","21.04166667"
"LAS FERIAS","2019-01-21","","28.2173913"
"LAS FERIAS","2019-01-20","","12.70833333"
"LAS FERIAS","2019-01-19","","17.29166667"
"LAS FERIAS","2019-01-18","","25.26086957"
"LAS FERIAS","2019-01-17","","30.59090909"
"LAS FERIAS","2019-01-16","","31.20833333"
"LAS FERIAS","2019-01-15","","33.29166667"
"LAS FERIAS","2019-01-14","","29.08333333"
"LAS FERIAS","2019-01-13","","35.33333333"
"LAS FERIAS","2019-01-12","","46.04166667"
"LAS FERIAS","2019-01-11","","38.625"
"LAS FERIAS","2019-01-10","","30.66666667"
"LAS FERIAS","2019-01-09","","46.91304348"
"LAS FERIAS","2019-01-08","","39.41666667"
"LAS FERIAS","2019-01-07","","33.95833333"
"LAS FERIAS","2019-01-06","","31.70833333"
"LAS FERIAS","2019-01-05","","32.45833333"
"LAS FERIAS","2019-01-04","","21.29166667"
"LAS FERIAS","2019-01-03","","14.04166667"
"LAS FERIAS","2019-01-02","","13.54166667"
"LAS FERIAS","2019-01-01","","13.7826087"
"LAS FERIAS","2018-12-31","","21.20833333"
"LAS FERIAS","2018-12-30","","20.83333333"
"LAS FERIAS","2018-12-29","","15.95833333"
"LAS FERIAS","2018-12-28","","26.0"
"LAS FERIAS","2018-12-27","","19.25"
"LAS FERIAS","2018-12-26","","23.83333333"
"LAS FERIAS","2018-12-25","","31.04166667"
"LAS FERIAS","2018-12-24","","33.91666667"
"LAS FERIAS","2018-12-23","","32.83333333"
"LAS FERIAS","2018-12-22","","21.16666667"
"LAS FERIAS","2018-12-21","","33.875"
"LAS FERIAS","2018-12-20","","43.29166667"
"LAS FERIAS","2018-12-19","","24.875"
"LAS FERIAS","2018-12-18","","50.25"
"LAS FERIAS","2018-12-17","","36.95833333"
"LAS FERIAS","2018-12-16","","22.66666667"
"LAS FERIAS","2018-12-15","","25.5"
"LAS FERIAS","2018-12-14","","37.54166667"
"LAS FERIAS","2018-12-13","","21.91666667"
"LAS FERIAS","2018-12-12","","19.08333333"
"LAS FERIAS","2018-12-11","","25.91666667"
"LAS FERIAS","2018-12-10","","34.625"
"LAS FERIAS","2018-12-09","","35.375"
"LAS FERIAS","2018-12-08","","36.08333333"
"LAS FERIAS","2018-12-07","","44.04166667"
"LAS FERIAS","2018-12-06","","42.70833333"
"LAS FERIAS","2018-12-05","","44.91666667"
"LAS FERIAS","2018-12-04","","51.45833333"
"LAS FERIAS","2018-12-03","","52.5"
"LAS FERIAS","2018-12-02","","28.625"
"LAS FERIAS","2018-12-01","","48.41666667"
"LAS FERIAS","2018-11-30","","50.54166667"
"LAS FERIAS","2018-11-29","","48.35"
"LAS FERIAS","2018-11-28","","29.375"
"LAS FERIAS","2018-11-27","","52.125"
"LAS FERIAS","2018-11-26","","47.70833333"
"LAS FERIAS","2018-11-25","","29.54166667"
"LAS FERIAS","2018-11-24","","44.70833333"
"LAS FERIAS","2018-11-23","","41.40909091"
"LAS FERIAS","2018-11-22","","55.26315789"
"LAS FERIAS","2018-11-21","","34.61538462"
"LAS FERIAS","2018-11-20","","22.2"
"LAS FERIAS","2018-11-19","","22.08333333"
"LAS FERIAS","2018-11-18","","19.33333333"
"LAS FERIAS","2018-11-17","","27.875"
"LAS FERIAS","2018-11-16","","55.75"
"LAS FERIAS","2018-11-15","","73.33333333"
"LAS FERIAS","2018-11-14","","68.875"
"LAS FERIAS","2018-11-13","","44.19047619"
"LAS FERIAS","2018-11-12","","11.625"
"LAS FERIAS","2018-11-11","","24.08333333"
"LAS FERIAS","2018-11-10","","25.45833333"
"LAS FERIAS","2018-11-09","","36.75"
"LAS FERIAS","2018-11-08","","31.75"
"LAS FERIAS","2018-11-07","","37.41666667"
"LAS FERIAS","2018-11-06","","41.16666667"
"LAS FERIAS","2018-11-05","","21.58333333"
"LAS FERIAS","2018-11-04","","47.125"
"LAS FERIAS","2018-11-03","","37.9"
"LAS FERIAS","2018-11-02","","43.13043478"
"LAS FERIAS","2018-11-01","","21.52173913"
"LAS FERIAS","2018-10-31","","33.57142857"
"LAS FERIAS","2018-10-30","","27.43478261"
"LAS FERIAS","2018-10-29","","25.27272727"
"LAS FERIAS","2018-10-28","","22.54166667"
"LAS FERIAS","2018-10-27","","15.125"
"LAS FERIAS","2018-10-26","","23.04166667"
"LAS FERIAS","2018-10-25","","36.86363636"
"LAS FERIAS","2018-10-24","","34.75"
"LAS FERIAS","2018-10-23","","30.14166667"
"LAS FERIAS","2018-10-22","","44.65217391"
"LAS FERIAS","2018-10-21","","18.35416667"
"LAS FERIAS","2018-10-20","","35.58333333"
"LAS FERIAS","2018-10-19","","57.09565217"
"LAS FERIAS","2018-10-18","","62.0"
"LAS FERIAS","2018-10-17","","55.64166667"
"LAS FERIAS","2018-10-14","","57.86956522"
"LAS FERIAS","2018-10-13","","63.41666667"
"LAS FERIAS","2018-10-12","","42.9875"
"LAS FERIAS","2018-10-11","","43.66666667"
"LAS FERIAS","2018-10-10","","36.80833333"
"LAS FERIAS","2018-10-09","","37.85217391"
"LAS FERIAS","2018-10-08","","23.00833333"
"LAS FERIAS","2018-10-07","","25.89565217"
"LAS FERIAS","2018-10-06","","29.23043478"
"LAS FERIAS","2018-10-05","","51.23043478"
"LAS FERIAS","2018-10-04","","28.6"
"LAS FERIAS","2018-10-03","","36.98571429"
"LAS FERIAS","2018-10-02","","27.36521739"
"LAS FERIAS","2018-10-01","","41.9875"
"LAS FERIAS","2018-09-30","","22.83333333"
"LAS FERIAS","2018-09-29","","21.4"
"LAS FERIAS","2018-09-28","","52.30833333"
"LAS FERIAS","2018-09-27","","28.7047619"
"LAS FERIAS","2018-09-26","","24.40416667"
"LAS FERIAS","2018-09-25","","24.08333333"
"LAS FERIAS","2018-09-24","","17.94583333"
"LAS FERIAS","2018-09-23","","14.62916667"
"LAS FERIAS","2018-09-22","","17.69090909"
"LAS FERIAS","2018-09-21","","26.34782609"
"LAS FERIAS","2018-09-20","","14.55833333"
"LAS FERIAS","2018-09-19","","17.97727273"
"LAS FERIAS","2018-09-18","","13.33333333"
"LAS FERIAS","2018-09-17","","28.94"
"LAS FERIAS","2018-09-16","","13.14090909"
"LAS FERIAS","2018-09-15","","37.57727273"
"LAS FERIAS","2018-09-14","","53.65416667"
"LAS FERIAS","2018-09-13","","59.85833333"
"LAS FERIAS","2018-09-12","","52.95652174"
"LAS FERIAS","2018-09-11","","51.93478261"
"LAS FERIAS","2018-09-10","","34.57142857"
"LAS FERIAS","2018-09-09","","8.84761905"
"LAS FERIAS","2018-09-08","","14.65416667"
"LAS FERIAS","2018-09-07","","35.05217391"
"LAS FERIAS","2018-09-06","","54.22727273"
"LAS FERIAS","2018-09-05","","38.93181818"
"LAS FERIAS","2018-09-04","","16.77727273"
"LAS FERIAS","2018-09-03","","16.74782609"
"LAS FERIAS","2018-09-02","","15.70833333"
"LAS FERIAS","2018-09-01","","25.73333333"
"LAS FERIAS","2018-08-31","","28.325"
"LAS FERIAS","2018-08-30","","23.91304348"
"LAS FERIAS","2018-08-29","","19.29130435"
"LAS FERIAS","2018-08-28","","15.875"
"LAS FERIAS","2018-08-27","","11.3875"
"LAS FERIAS","2018-08-26","","7.2125"
"LAS FERIAS","2018-08-25","","9.80454545"
"LAS FERIAS","2018-08-24","","14.16666667"
"LAS FERIAS","2018-08-23","","21.16818182"
"LAS FERIAS","2018-08-22","","12.91363636"
"LAS FERIAS","2018-08-21","","13.24090909"
"LAS FERIAS","2018-08-20","","8.03333333"
"LAS FERIAS","2018-08-19","","10.03333333"
"LAS FERIAS","2018-08-18","","19.62083333"
"LAS FERIAS","2018-08-17","","20.00833333"
"LAS FERIAS","2018-08-11","","12.0"
"LAS FERIAS","2018-08-10","","16.165"
"LAS FERIAS","2018-08-09","","18.425"
"LAS FERIAS","2018-08-08","","11.8125"
"LAS FERIAS","2018-08-07","","13.39166667"
"LAS FERIAS","2018-08-06","","15.17083333"
"LAS FERIAS","2018-08-05","","12.54166667"
"LAS FERIAS","2018-08-04","","17.97826087"
"LAS FERIAS","2018-08-03","","20.77083333"
"LAS FERIAS","2018-08-02","","14.05652174"
"LAS FERIAS","2018-08-01","","15.25"
"LAS FERIAS","2018-07-31","","26.82916667"
"LAS FERIAS","2018-07-30","","13.08695652"
"LAS FERIAS","2018-07-29","","9.7"
"LAS FERIAS","2018-07-28","","15.40833333"
"LAS FERIAS","2018-07-27","","17.55"
"LAS FERIAS","2018-07-26","","11.78095238"
"LAS FERIAS","2018-07-25","","20.64761905"
"LAS FERIAS","2018-07-24","","16.0952381"
"LAS FERIAS","2018-07-23","","24.10434783"
"LAS FERIAS","2018-07-22","","34.4875"
"LAS FERIAS","2018-07-21","","24.70833333"
"LAS FERIAS","2018-07-20","","15.32083333"
"LAS FERIAS","2018-07-19","","17.3826087"
"LAS FERIAS","2018-07-18","","20.58333333"
"LAS FERIAS","2018-07-17","","14.475"
"LAS FERIAS","2018-07-16","","16.6125"
"LAS FERIAS","2018-07-15","","9.3"
"LAS FERIAS","2018-07-14","","11.375"
"LAS FERIAS","2018-07-13","","12.67826087"
"LAS FERIAS","2018-07-12","","13.29583333"
"LAS FERIAS","2018-07-11","","13.61666667"
"LAS FERIAS","2018-07-10","","14.39583333"
"LAS FERIAS","2018-07-09","","14.04545455"
"LAS FERIAS","2018-07-08","","12.0875"
"LAS FERIAS","2018-07-07","","15.47916667"
"LAS FERIAS","2018-07-06","","18.29166667"
"LAS FERIAS","2018-07-05","","13.9625"
"LAS FERIAS","2018-07-04","","16.76666667"
"LAS FERIAS","2018-07-03","","28.125"
"LAS FERIAS","2018-07-02","","28.54166667"
"LAS FERIAS","2018-07-01","","19.43333333"
"LAS FERIAS","2018-06-30","","26.375"
"LAS FERIAS","2018-06-29","","24.29130435"
"LAS FERIAS","2018-06-28","","16.06521739"
"LAS FERIAS","2018-06-27","","22.87272727"
"LAS FERIAS","2018-06-26","","17.27916667"
"LAS FERIAS","2018-06-25","","12.39583333"
"LAS FERIAS","2018-06-24","","7.325"
"LAS FERIAS","2018-06-23","","10.55454545"
"LAS FERIAS","2018-06-22","","19.48333333"
"LAS FERIAS","2018-06-21","","21.8"
"LAS FERIAS","2018-06-20","","20.43333333"
"LAS FERIAS","2018-06-19","","13.47826087"
"LAS FERIAS","2018-06-18","","12.79166667"
"LAS FERIAS","2018-06-17","","9.2"
"LAS FERIAS","2018-06-16","","17.04166667"
"LAS FERIAS","2018-06-15","","18.54166667"
"LAS FERIAS","2018-06-14","","19.92083333"
"LAS FERIAS","2018-06-13","","16.98333333"
"LAS FERIAS","2018-06-12","","20.14761905"
"LAS FERIAS","2018-06-11","","7.975"
"LAS FERIAS","2018-06-10","","10.21363636"
"LAS FERIAS","2018-06-09","","10.04583333"
"LAS FERIAS","2018-06-08","","23.84583333"
"LAS FERIAS","2018-06-07","","19.08181818"
"LAS FERIAS","2018-06-06","","12.04347826"
"LAS FERIAS","2018-06-05","","15.64285714"
"LAS FERIAS","2018-06-02","","34.1"
"LAS FERIAS","2018-06-01","","20.35833333"
"LAS FERIAS","2018-05-31","","19.33333333"
"LAS FERIAS","2018-05-30","","34.625"
"LAS FERIAS","2018-05-29","","34.44090909"
"LAS FERIAS","2018-05-28","","16.14166667"
"LAS FERIAS","2018-05-27","","20.83333333"
"LAS FERIAS","2018-05-26","","15.53478261"
"LAS FERIAS","2018-05-25","","23.10833333"
"LAS FERIAS","2018-05-24","","19.86956522"
"LAS FERIAS","2018-05-23","","21.89565217"
"LAS FERIAS","2018-05-22","","40.71666667"
"LAS FERIAS","2018-05-21","","23.86956522"
"LAS FERIAS","2018-05-20","","16.41666667"
"LAS FERIAS","2018-05-19","","36.37916667"
"LAS FERIAS","2018-05-18","","48.875"
"LAS FERIAS","2018-05-17","","27.75"
"LAS FERIAS","2018-05-16","","25.56666667"
"LAS FERIAS","2018-05-15","","25.00526316"
"LAS FERIAS","2018-05-14","","19.2"
"LAS FERIAS","2018-05-13","","17.95238095"
"LAS FERIAS","2018-05-12","","17.07142857"
"LAS FERIAS","2018-05-11","","35.83333333"
"LAS FERIAS","2018-05-10","","37.56521739"
"LAS FERIAS","2018-05-09","","32.58636364"
"LAS FERIAS","2018-05-08","","29.07272727"
"LAS FERIAS","2018-05-07","","35.5"
"LAS FERIAS","2018-05-06","","22.66666667"
"LAS FERIAS","2018-05-05","","32.5875"
"LAS FERIAS","2018-05-04","","31.62272727"
"LAS FERIAS","2018-05-03","","31.125"
"LAS FERIAS","2018-05-02","","15.75"
"LAS FERIAS","2018-05-01","","29.79583333"
"LAS FERIAS","2018-04-30","","27.5"
"LAS FERIAS","2018-04-29","","29.20833333"
"LAS FERIAS","2018-04-28","","35.61904762"
"LAS FERIAS","2018-04-27","","39.04166667"
"LAS FERIAS","2018-04-26","","24.91666667"
"LAS FERIAS","2018-04-25","","37.9"
"LAS FERIAS","2018-04-24","","35.11666667"
"LAS FERIAS","2018-04-23","","25.14285714"
"LAS FERIAS","2018-04-22","","19.8875"
"LAS FERIAS","2018-04-21","","23.5625"
"LAS FERIAS","2018-04-20","","25.16666667"
"LAS FERIAS","2018-04-19","","22.66666667"
"LAS FERIAS","2018-04-18","","24.875"
"LAS FERIAS","2018-04-17","","51.08333333"
"LAS FERIAS","2018-04-16","","51.91363636"
"LAS FERIAS","2018-04-15","","26.625"
"LAS FERIAS","2018-04-14","","24.4625"
"LAS FERIAS","2018-04-13","","54.51666667"
"LAS FERIAS","2018-04-12","","50.08333333"
"LAS FERIAS","2018-04-11","","54.25"
"LAS FERIAS","2018-04-10","","40.7"
"LAS FERIAS","2018-04-09","","45.875"
"LAS FERIAS","2018-04-08","","40.625"
"LAS FERIAS","2018-04-07","","46.0"
"LAS FERIAS","2018-04-06","","37.45833333"
"LAS FERIAS","2018-04-05","","54.20833333"
"LAS FERIAS","2018-04-04","","37.90909091"
"LAS FERIAS","2018-04-03","","47.77777778"
"LAS FERIAS","2018-04-02","","40.04166667"
"LAS FERIAS","2018-04-01","","18.69565217"
"LAS FERIAS","2018-03-31","","21.6625"
"LAS FERIAS","2018-03-30","","25.625"
"LAS FERIAS","2018-03-29","","13.58333333"
"LAS FERIAS","2018-03-28","","44.47916667"
"LAS FERIAS","2018-03-27","","51.25"
"LAS FERIAS","2018-03-26","","46.875"
"LAS FERIAS","2018-03-25","","35.58333333"
"LAS FERIAS","2018-03-24","","41.91666667"
"LAS FERIAS","2018-03-23","","75.83333333"
"LAS FERIAS","2018-03-22","","54.04166667"
"LAS FERIAS","2018-03-21","","49.625"
"LAS FERIAS","2018-03-20","","50.17391304"
"LAS FERIAS","2018-03-19","","35.79166667"
"LAS FERIAS","2018-03-18","","52.20833333"
"LAS FERIAS","2018-03-17","","55.04347826"
"LAS FERIAS","2018-03-16","","47.25"
"LAS FERIAS","2018-03-15","","65.52173913"
"LAS FERIAS","2018-03-14","","48.26666667"
"LAS FERIAS","2018-03-13","","49.33333333"
"LAS FERIAS","2018-03-12","","44.19047619"
"LAS FERIAS","2018-03-11","","23.8"
"LAS FERIAS","2018-03-10","","33.66666667"
"LAS FERIAS","2018-03-09","","26.2"
"LAS FERIAS","2018-03-08","","22.41666667"
"LAS FERIAS","2018-03-07","","24.2125"
"LAS FERIAS","2018-03-06","","26.9375"
"LAS FERIAS","2018-03-05","","84.33333333"
"LAS FERIAS","2018-03-04","","56.875"
"LAS FERIAS","2018-03-03","","56.58333333"
"LAS FERIAS","2018-03-02","","53.31428571"
"LAS FERIAS","2018-03-01","","78.16666667"
"LAS FERIAS","2018-02-28","","65.66666667"
"LAS FERIAS","2018-02-27","","65.52173913"
"LAS FERIAS","2018-02-26","","53.58333333"
"LAS FERIAS","2018-02-25","","42.1625"
"LAS FERIAS","2018-02-24","","43.95833333"
"LAS FERIAS","2018-02-23","","73.82608696"
"LAS FERIAS","2018-02-22","","57.75"
"LAS FERIAS","2018-02-21","","62.375"
"LAS FERIAS","2018-02-20","","50.25"
"LAS FERIAS","2018-02-19","","52.375"
"LAS FERIAS","2018-02-18","","32.66666667"
"LAS FERIAS","2018-02-17","","38.84166667"
"LAS FERIAS","2018-02-16","","56.45833333"
"LAS FERIAS","2018-02-15","","40.27727273"
"LAS FERIAS","2018-02-14","","62.0125"
"LAS FERIAS","2018-02-13","","75.11764706"
"LAS FERIAS","2018-02-12","","73.8"
"LAS FERIAS","2018-02-11","","41.0"
"LAS FERIAS","2018-02-10","","35.79166667"
"LAS FERIAS","2018-02-09","","48.39090909"
"LAS FERIAS","2018-02-08","","72.45833333"
"LAS FERIAS","2018-02-07","","58.125"
"LAS FERIAS","2018-02-06","","63.70833333"
"LAS FERIAS","2018-02-05","","71.73333333"
"LAS FERIAS","2018-02-03","","67.77272727"
"LAS FERIAS","2018-02-02","","74.86363636"
"LAS FERIAS","2018-02-01","","71.875"
"LAS FERIAS","2018-01-31","","46.125"
"LAS FERIAS","2018-01-30","","58.68181818"
"LAS FERIAS","2018-01-29","","46.7125"
"LAS FERIAS","2018-01-28","","32.04166667"
"LAS FERIAS","2018-01-27","","53.58333333"
"LAS FERIAS","2018-01-26","","47.34782609"
"LAS FERIAS","2018-01-25","","32.54166667"
"LAS FERIAS","2018-01-24","","32.45833333"
"LAS FERIAS","2018-01-23","","27.41666667"
"LAS FERIAS","2018-01-22","","25.45833333"
"LAS FERIAS","2018-01-21","","17.95652174"
"LAS FERIAS","2018-01-20","","18.27272727"
"LAS FERIAS","2018-01-19","","20.08333333"
"LAS FERIAS","2018-01-18","","17.79166667"
"LAS FERIAS","2018-01-17","","38.79166667"
"LAS FERIAS","2018-01-16","","35.33333333"
"LAS FERIAS","2018-01-15","","45.08333333"
"LAS FERIAS","2018-01-14","","34.39130435"
"LAS FERIAS","2018-01-13","","48.5826087"
"LAS FERIAS","2018-01-12","","40.75"
"LAS FERIAS","2018-01-11","","35.5"
"LAS FERIAS","2018-01-10","","48.22222222"
"LAS FERIAS","2018-01-09","","44.66666667"
"LAS FERIAS","2018-01-06","","32.75"
"LAS FERIAS","2018-01-05","","60.04545455"
"LAS FERIAS","2018-01-04","","56.65"
"LAS FERIAS","2018-01-03","","38.42916667"
"LAS FERIAS","2018-01-02","","41.20833333"
"LAS FERIAS","2018-01-01","","24.87391304"
"LAS FERIAS","2017-12-31","","35.0"
"LAS FERIAS","2017-12-30","","46.66666667"
"LAS FERIAS","2017-12-29","","35.5"
"LAS FERIAS","2017-12-28","","33.875"
"LAS FERIAS","2017-12-27","","32.125"
"LAS FERIAS","2017-12-26","","41.25"
"LAS FERIAS","2017-12-25","","45.95833333"
"LAS FERIAS","2017-12-24","","38.82608696"
"LAS FERIAS","2017-12-23","","47.125"
"LAS FERIAS","2017-12-22","","39.04166667"
"LAS FERIAS","2017-12-21","","63.83333333"
"LAS FERIAS","2017-12-20","","70.04166667"
"LAS FERIAS","2017-12-19","","79.25"
"LAS FERIAS","2017-12-18","","45.91666667"
"LAS FERIAS","2017-12-17","","43.1875"
"LAS FERIAS","2017-12-16","","64.83333333"
"LAS FERIAS","2017-12-15","","36.39130435"
"LAS FERIAS","2017-12-14","","34.73913043"
"LAS FERIAS","2017-12-13","","42.62083333"
"LAS FERIAS","2017-12-12","","45.29166667"
"LAS FERIAS","2017-12-11","","41.33333333"
"LAS FERIAS","2017-12-10","","43.5"
"LAS FERIAS","2017-12-09","","51.29166667"
"LAS FERIAS","2017-12-08","","34.95833333"
"LAS FERIAS","2017-12-07","","44.29166667"
"LAS FERIAS","2017-12-06","","33.375"
"LAS FERIAS","2017-12-05","","23.40909091"
"LAS FERIAS","2017-12-04","","18.83333333"
"LAS FERIAS","2017-12-02","","58.14285714"
"LAS FERIAS","2017-12-01","","55.33333333"
"LAS FERIAS","2017-11-30","","49.91304348"
"LAS FERIAS","2017-11-29","","35.325"
"LAS FERIAS","2017-11-28","","50.6"
"LAS FERIAS","2017-11-27","","34.54545455"
"LAS FERIAS","2017-11-26","","21.4375"
"LAS FERIAS","2017-11-25","","33.28333333"
"LAS FERIAS","2017-11-24","","62.60869565"
"LAS FERIAS","2017-11-23","","65.53636364"
"LAS FERIAS","2017-11-22","","62.18181818"
"LAS FERIAS","2017-11-21","","56.14285714"
"LAS FERIAS","2017-11-20","","35.0"
"LAS FERIAS","2017-11-19","","31.70833333"
"LAS FERIAS","2017-11-18","","46.45833333"
"LAS FERIAS","2017-11-17","","44.95652174"
"LAS FERIAS","2017-11-16","","45.125"
"LAS FERIAS","2017-11-15","","47.7826087"
"LAS FERIAS","2017-11-14","","50.13636364"
"LAS FERIAS","2017-11-13","","30.76521739"
"LAS FERIAS","2017-11-12","","33.45217391"
"LAS FERIAS","2017-11-11","","33.625"
"LAS FERIAS","2017-11-10","","64.5"
"LAS FERIAS","2017-11-09","","65.86363636"
"LAS FERIAS","2017-11-08","","63.88888889"
"LAS FERIAS","2017-11-07","","49.16153846"
"LAS FERIAS","2017-11-06","","49.37083333"
"LAS FERIAS","2017-11-05","","53.95833333"
"LAS FERIAS","2017-11-04","","64.41666667"
"LAS FERIAS","2017-11-03","","69.52380952"
"LAS FERIAS","2017-11-02","","53.45"
"LAS FERIAS","2017-11-01","","59.85714286"
"LAS FERIAS","2017-10-31","","53.5"
"LAS FERIAS","2017-10-30","","61.15384615"
"LAS FERIAS","2017-10-27","","55.6"
"LAS FERIAS","2017-10-26","","62.20833333"
"LAS FERIAS","2017-10-25","","34.29166667"
"LAS FERIAS","2017-10-24","","27.525"
"LAS FERIAS","2017-10-23","","25.70833333"
"LAS FERIAS","2017-10-22","","14.08333333"
"LAS FERIAS","2017-10-21","","25.79166667"
"LAS FERIAS","2017-10-20","","54.04347826"
"LAS FERIAS","2017-10-19","","48.78333333"
"LAS FERIAS","2017-10-18","","19.82608696"
"LAS FERIAS","2017-10-17","","17.04347826"
"LAS FERIAS","2017-10-16","","9.65833333"
"LAS FERIAS","2017-10-15","","12.89583333"
"LAS FERIAS","2017-10-14","","19.83333333"
"LAS FERIAS","2017-10-13","","18.54166667"
"LAS FERIAS","2017-10-12","","32.475"
"LAS FERIAS","2017-10-11","","35.83333333"
"LAS FERIAS","2017-10-10","","63.73913043"
"LAS FERIAS","2017-10-09","","53.125"
"LAS FERIAS","2017-10-08","","37.49166667"
"LAS FERIAS","2017-10-07","","23.56521739"
"LAS FERIAS","2017-10-06","","27.24166667"
"LAS FERIAS","2017-10-05","","21.34782609"
"LAS FERIAS","2017-10-04","","31.79583333"
"LAS FERIAS","2017-10-03","","50.29166667"
"LAS FERIAS","2017-10-02","","51.92307692"
"LAS FERIAS","2017-10-01","","26.40769231"
"LAS FERIAS","2017-09-30","","18.33333333"
"LAS FERIAS","2017-09-29","","21.125"
"LAS FERIAS","2017-09-28","","45.95833333"
"LAS FERIAS","2017-09-27","","57.04166667"
"LAS FERIAS","2017-09-26","","56.61666667"
"LAS FERIAS","2017-09-25","","17.775"
"LAS FERIAS","2017-09-24","","11.08333333"
"LAS FERIAS","2017-09-23","","34.70833333"
"LAS FERIAS","2017-09-22","","55.20833333"
"LAS FERIAS","2017-09-21","","63.83181818"
"LAS FERIAS","2017-09-20","","70.30434783"
"LAS FERIAS","2017-09-19","","66.25"
"LAS FERIAS","2017-09-18","","30.10416667"
"LAS FERIAS","2017-09-17","","12.04166667"
"LAS FERIAS","2017-09-16","","17.61666667"
"LAS FERIAS","2017-09-15","","20.95652174"
"LAS FERIAS","2017-09-14","","30.47916667"
"LAS FERIAS","2017-09-13","","29.17391304"
"LAS FERIAS","2017-09-12","","30.575"
"LAS FERIAS","2017-09-11","","44.2"
"LAS FERIAS","2017-09-07","","56.5"
"LAS FERIAS","2017-09-06","","40.76190476"
"LAS FERIAS","2017-09-05","","36.85"
"LAS FERIAS","2017-09-04","","33.55555556"
"LAS FERIAS","2017-09-03","","16.60416667"
"LAS FERIAS","2017-09-02","","16.53333333"
"LAS FERIAS","2017-09-01","","26.81304348"
"LAS FERIAS","2017-08-31","","21.375"
"LAS FERIAS","2017-08-30","","18.83333333"
"LAS FERIAS","2017-08-29","","33.75"
"LAS FERIAS","2017-08-28","","37.64166667"
"LAS FERIAS","2017-08-27","","35.75"
"LAS FERIAS","2017-08-26","","27.62916667"
"LAS FERIAS","2017-08-25","","22.41666667"
"LAS FERIAS","2017-08-24","","25.0"
"LAS FERIAS","2017-08-23","","31.72083333"
"LAS FERIAS","2017-08-22","","22.91666667"
"LAS FERIAS","2017-08-21","","13.69473684"
"LAS FERIAS","2017-08-20","","23.55416667"
"LAS FERIAS","2017-08-19","","34.95652174"
"LAS FERIAS","2017-08-18","","59.91666667"
"LAS FERIAS","2017-08-17","","43.33333333"
"LAS FERIAS","2017-08-16","","56.625"
"LAS FERIAS","2017-08-15","","44.86956522"
"LAS FERIAS","2017-08-14","","34.9047619"
"LAS FERIAS","2017-08-13","","16.00833333"
"LAS FERIAS","2017-08-12","","23.49166667"
"LAS FERIAS","2017-08-11","","34.04583333"
"LAS FERIAS","2017-08-10","","34.46086957"
"LAS FERIAS","2017-08-09","","17.91666667"
"LAS FERIAS","2017-08-08","","21.20416667"
"LAS FERIAS","2017-08-07","","19.79166667"
"LAS FERIAS","2017-08-06","","18.44782609"
"LAS FERIAS","2017-08-05","","15.725"
"LAS FERIAS","2017-08-04","","23.1173913"
"LAS FERIAS","2017-08-03","","37.08333333"
"LAS FERIAS","2017-08-02","","59.29166667"
"LAS FERIAS","2017-08-01","","46.7826087"
"LAS FERIAS","2017-07-31","","31.58333333"
"LAS FERIAS","2017-07-30","","11.625"
"LAS FERIAS","2017-07-29","","14.91666667"
"LAS FERIAS","2017-07-28","","20.27083333"
"LAS FERIAS","2017-07-27","","21.76666667"
"LAS FERIAS","2017-07-26","","19.71578947"
"LAS FERIAS","2017-07-25","","16.74545455"
"LAS FERIAS","2017-07-24","","15.44"
"LAS FERIAS","2017-07-23","","7.96666667"
"LAS FERIAS","2017-07-22","","16.05833333"
"LAS FERIAS","2017-07-21","","14.41666667"
"LAS FERIAS","2017-07-20","","22.85714286"
"LAS FERIAS","2017-07-19","","21.17916667"
"LAS FERIAS","2017-07-18","","14.875"
"LAS FERIAS","2017-07-17","","19.04545455"
"LAS FERIAS","2017-07-16","","54.16666667"
"LAS FERIAS","2017-07-15","","58.95833333"
"LAS FERIAS","2017-07-14","","50.33333333"
"LAS FERIAS","2017-07-13","","21.77272727"
"LAS FERIAS","2017-07-12","","18.5"
"LAS FERIAS","2017-07-11","","21.08333333"
"LAS FERIAS","2017-07-10","","17.7"
"LAS FERIAS","2017-07-09","","10.19047619"
"LAS FERIAS","2017-07-08","","15.1"
"LAS FERIAS","2017-07-07","","14.37826087"
"LAS FERIAS","2017-07-06","","16.34782609"
"LAS FERIAS","2017-07-05","","24.56521739"
"LAS FERIAS","2017-07-04","","14.37083333"
"LAS FERIAS","2017-07-03","","9.04347826"
"LAS FERIAS","2017-07-02","","7.95238095"
"LAS FERIAS","2017-07-01","","11.61428571"
"LAS FERIAS","2017-06-30","","18.57916667"
"LAS FERIAS","2017-06-29","","37.875"
"LAS FERIAS","2017-06-28","","43.33333333"
"LAS FERIAS","2017-06-27","","36.66666667"
"LAS FERIAS","2017-06-26","","27.3"
"LAS FERIAS","2017-06-25","","8.32222222"
"LAS FERIAS","2017-06-24","","20.96666667"
"LAS FERIAS","2017-06-23","","26.58333333"
"LAS FERIAS","2017-06-22","","18.30434783"
"LAS FERIAS","2017-06-21","","15.22727273"
"LAS FERIAS","2017-06-20","","23.07272727"
"LAS FERIAS","2017-06-19","","22.2173913"
"LAS FERIAS","2017-06-18","","43.875"
"LAS FERIAS","2017-06-17","","57.75"
"LAS FERIAS","2017-06-16","","36.5"
"LAS FERIAS","2017-06-15","","32.9"
"LAS FERIAS","2017-06-10","","18.81818182"
"LAS FERIAS","2017-06-09","","49.15"
"LAS FERIAS","2017-06-08","","63.34782609"
"LAS FERIAS","2017-06-07","","49.625"
"LAS FERIAS","2017-06-06","","35.70833333"
"LAS FERIAS","2017-06-05","","18.40833333"
"LAS FERIAS","2017-06-04","","12.5"
"LAS FERIAS","2017-06-03","","21.79166667"
"LAS FERIAS","2017-06-02","","23.125"
"LAS FERIAS","2017-06-01","","19.58333333"
"LAS FERIAS","2017-05-31","","24.875"
"LAS FERIAS","2017-05-30","","27.5875"
"LAS FERIAS","2017-05-29","","25.66666667"
"LAS FERIAS","2017-05-28","","18.67083333"
"LAS FERIAS","2017-05-27","","33.83333333"
"LAS FERIAS","2017-05-26","","28.9"
"LAS FERIAS","2017-05-25","","15.50416667"
"LAS FERIAS","2017-05-24","","19.0"
"LAS FERIAS","2017-05-23","","23.8"
"LAS FERIAS","2017-05-22","","27.17391304"
"LAS FERIAS","2017-05-21","","24.87916667"
"LAS FERIAS","2017-05-20","","20.69565217"
"LAS FERIAS","2017-05-19","","36.45833333"
"LAS FERIAS","2017-05-18","","32.47826087"
"LAS FERIAS","2017-05-17","","57.70833333"
"LAS FERIAS","2017-05-16","","33.33913043"
"LAS FERIAS","2017-05-15","","35.25"
"LAS FERIAS","2017-05-14","","22.19583333"
"LAS FERIAS","2017-05-13","","29.43478261"
"LAS FERIAS","2017-05-12","","44.25"
"LAS FERIAS","2017-05-11","","52.0"
"LAS FERIAS","2017-05-10","","43.70833333"
"LAS FERIAS","2017-05-09","","43.0"
"LAS FERIAS","2017-05-08","","33.45833333"
"LAS FERIAS","2017-05-07","","38.16666667"
"LAS FERIAS","2017-05-06","","30.95652174"
"LAS FERIAS","2017-05-05","","53.875"
"LAS FERIAS","2017-05-04","","35.21666667"
"LAS FERIAS","2017-05-03","","48.375"
"LAS FERIAS","2017-05-02","","30.41666667"
"LAS FERIAS","2017-05-01","","18.35"
"LAS FERIAS","2017-04-30","","13.57142857"
"LAS FERIAS","2017-04-29","","20.85217391"
"LAS FERIAS","2017-04-28","","22.35416667"
"LAS FERIAS","2017-04-27","","44.1"
"LAS FERIAS","2017-04-26","","33.05833333"
"LAS FERIAS","2017-04-25","","53.60869565"
"LAS FERIAS","2017-04-24","","34.70833333"
"LAS FERIAS","2017-04-23","","24.64583333"
"LAS FERIAS","2017-04-22","","37.3875"
"LAS FERIAS","2017-04-21","","37.29090909"
"LAS FERIAS","2017-04-20","","56.04166667"
"LAS FERIAS","2017-04-19","","37.04166667"
"LAS FERIAS","2017-04-18","","30.25"
"LAS FERIAS","2017-04-17","","25.11764706"
"LAS FERIAS","2017-04-16","","12.13333333"
"LAS FERIAS","2017-04-15","","11.535"
"LAS FERIAS","2017-04-14","","10.45625"
"LAS FERIAS","2017-04-13","","17.73043478"
"LAS FERIAS","2017-04-12","","56.82608696"
"LAS FERIAS","2017-04-11","","56.67916667"
"LAS FERIAS","2017-04-10","","50.375"
"LAS FERIAS","2017-04-09","","41.5375"
"LAS FERIAS","2017-04-08","","63.29166667"
"LAS FERIAS","2017-04-07","","93.95454545"
"LAS FERIAS","2017-04-06","","62.5"
"LAS FERIAS","2017-04-05","","59.375"
"LAS FERIAS","2017-04-04","","47.2173913"
"LAS FERIAS","2017-04-03","","34.46315789"
"LAS FERIAS","2017-04-02","","13.83888889"
"LAS FERIAS","2017-04-01","","18.38333333"
"LAS FERIAS","2017-03-31","","33.42857143"
"LAS FERIAS","2017-03-30","","55.88333333"
"LAS FERIAS","2017-03-29","","44.13181818"
"LAS FERIAS","2017-03-28","","45.08695652"
"LAS FERIAS","2017-03-27","","41.75"
"LAS FERIAS","2017-03-26","","23.9"
"LAS FERIAS","2017-03-25","","61.68181818"
"LAS FERIAS","2017-03-24","","51.08695652"
"LAS FERIAS","2017-03-23","","52.73913043"
"LAS FERIAS","2017-03-22","","39.67826087"
"LAS FERIAS","2017-03-21","","51.625"
"LAS FERIAS","2017-03-20","","51.43478261"
"LAS FERIAS","2017-03-19","","44.25"
"LAS FERIAS","2017-03-18","","51.54545455"
"LAS FERIAS","2017-03-17","","56.95652174"
"LAS FERIAS","2017-03-16","","42.825"
"LAS FERIAS","2017-03-15","","43.50833333"
"LAS FERIAS","2017-03-14","","35.86521739"
"LAS FERIAS","2017-03-13","","39.73913043"
"LAS FERIAS","2017-03-12","","25.31818182"
"LAS FERIAS","2017-03-11","","29.29166667"
"LAS FERIAS","2017-03-10","","29.11304348"
"LAS FERIAS","2017-03-09","","23.8"
"LAS FERIAS","2017-03-08","","31.54545455"
"LAS FERIAS","2017-03-07","","42.13913043"
"LAS FERIAS","2017-03-06","","29.66666667"
"LAS FERIAS","2017-03-05","","23.90416667"
"LAS FERIAS","2017-03-04","","34.26666667"
"LAS FERIAS","2017-03-03","","22.1125"
"LAS FERIAS","2017-03-02","","40.40909091"
"LAS FERIAS","2017-03-01","","49.82608696"
"LAS FERIAS","2017-02-28","","55.375"
"LAS FERIAS","2017-02-27","","39.60833333"
"LAS FERIAS","2017-02-26","","28.5"
"LAS FERIAS","2017-02-25","","34.175"
"LAS FERIAS","2017-02-24","","45.25"
"LAS FERIAS","2017-02-23","","61.16666667"
"LAS FERIAS","2017-02-22","","56.08333333"
"LAS FERIAS","2017-02-21","","63.70833333"
"LAS FERIAS","2017-02-20","","67.45833333"
"LAS FERIAS","2017-02-19","","59.00833333"
"LAS FERIAS","2017-02-18","","50.58333333"
"LAS FERIAS","2017-02-17","","42.875"
"LAS FERIAS","2017-02-16","","53.2173913"
"LAS FERIAS","2017-02-15","","75.82608696"
"LAS FERIAS","2017-02-14","","52.47826087"
"LAS FERIAS","2017-02-13","","47.08333333"
"LAS FERIAS","2017-02-12","","36.58333333"
"LAS FERIAS","2017-02-11","","69.25"
"LAS FERIAS","2017-02-10","","67.875"
"LAS FERIAS","2017-02-09","","79.125"
"LAS FERIAS","2017-02-08","","44.75"
"LAS FERIAS","2017-02-07","","28.20833333"
"LAS FERIAS","2017-02-06","","33.11666667"
"LAS FERIAS","2017-02-05","","22.4625"
"LAS FERIAS","2017-02-04","","31.33333333"
"LAS FERIAS","2017-02-03","","47.26956522"
"LAS FERIAS","2017-02-02","","49.9"
"LAS FERIAS","2017-02-01","","52.33913043"
"LAS FERIAS","2017-01-31","","35.4875"
"LAS FERIAS","2017-01-30","","53.0"
"LAS FERIAS","2017-01-26","","19.86"
"LAS FERIAS","2017-01-25","","28.40416667"
"LAS FERIAS","2017-01-24","","66.125"
"LAS FERIAS","2017-01-23","","66.95833333"
"LAS FERIAS","2017-01-22","","42.625"
"LAS FERIAS","2017-01-21","","37.33333333"
"LAS FERIAS","2017-01-20","","56.83333333"
"LAS FERIAS","2017-01-19","","54.575"
"LAS FERIAS","2017-01-18","","42.625"
"LAS FERIAS","2017-01-17","","43.625"
"LAS FERIAS","2017-01-16","","51.29411765"
"LAS FERIAS","2017-01-11","","29.5"
"LAS FERIAS","2017-01-10","","38.20833333"
"LAS FERIAS","2017-01-09","","27.68181818"
"LAS FERIAS","2017-01-08","","16.86956522"
"LAS FERIAS","2017-01-07","","17.36363636"
"LAS FERIAS","2017-01-06","","18.79166667"
"LAS FERIAS","2017-01-05","","37.08333333"
"LAS FERIAS","2017-01-04","","35.7625"
"LAS FERIAS","2017-01-03","","38.77777778"
"LAS FERIAS","2016-12-30","","29.15"
"LAS FERIAS","2016-12-29","","37.6375"
"LAS FERIAS","2016-12-28","","34.0"
"LAS FERIAS","2016-12-27","","40.82608696"
"LAS FERIAS","2016-12-26","","42.5"
"LAS FERIAS","2016-12-25","","35.36086957"
"LAS FERIAS","2016-12-24","","24.82083333"
"LAS FERIAS","2016-12-23","","54.125"
"LAS FERIAS","2016-12-22","","37.08333333"
"LAS FERIAS","2016-12-21","","38.875"
"LAS FERIAS","2016-12-20","","52.75"
"LAS FERIAS","2016-12-19","","62.75"
"LAS FERIAS","2016-12-18","","31.0875"
"LAS FERIAS","2016-12-17","","51.33333333"
"LAS FERIAS","2016-12-16","","82.29166667"
"LAS FERIAS","2016-12-15","","53.52173913"
"LAS FERIAS","2016-12-14","","74.0"
"LAS FERIAS","2016-12-13","","47.5"
"LAS FERIAS","2016-12-12","","38.45833333"
"LAS FERIAS","2016-12-11","","19.9047619"
"LAS FERIAS","2016-12-10","","20.62916667"
"LAS FERIAS","2016-12-09","","61.125"
"LAS FERIAS","2016-12-08","","40.56521739"
"LAS FERIAS","2016-12-07","","40.84583333"
"LAS FERIAS","2016-12-06","","34.5"
"LAS FERIAS","2016-12-05","","41.91666667"
"LAS FERIAS","2016-12-04","","24.99565217"
"LAS FERIAS","2016-12-03","","31.04166667"
"LAS FERIAS","2016-12-02","","45.59166667"
"LAS FERIAS","2016-12-01","","64.875"
"LAS FERIAS","2016-11-30","","58.125"
"LAS FERIAS","2016-11-29","","57.625"
"LAS FERIAS","2016-11-28","","54.0"
"LAS FERIAS","2016-11-27","","54.00434783"
"LAS FERIAS","2016-11-26","","50.58333333"
"LAS FERIAS","2016-11-25","","49.43478261"
"LAS FERIAS","2016-11-24","","88.29166667"
"LAS FERIAS","2016-11-23","","44.86521739"
"LAS FERIAS","2016-11-22","","69.625"
"LAS FERIAS","2016-11-21","","43.0"
"LAS FERIAS","2016-11-20","","28.625"
"LAS FERIAS","2016-11-19","","40.41666667"
"LAS FERIAS","2016-11-18","","43.95833333"
"LAS FERIAS","2016-11-17","","34.33333333"
"LAS FERIAS","2016-11-16","","38.41666667"
"LAS FERIAS","2016-11-15","","23.0"
"LAS FERIAS","2016-11-14","","27.1"
"LAS FERIAS","2016-11-13","","34.20833333"
"LAS FERIAS","2016-11-12","","50.45833333"
"LAS FERIAS","2016-11-11","","31.16"
"LAS FERIAS","2016-11-10","","47.69565217"
"LAS FERIAS","2016-11-09","","44.71666667"
"LAS FERIAS","2016-11-08","","53.86956522"
"LAS FERIAS","2016-11-07","","30.56521739"
"LAS FERIAS","2016-11-06","","23.81818182"
"LAS FERIAS","2016-11-05","","22.97826087"
"LAS FERIAS","2016-11-04","","14.8"
"LAS FERIAS","2016-11-02","","55.44444444"
"LAS FERIAS","2016-11-01","","55.95833333"
"LAS FERIAS","2016-10-31","","54.20833333"
"LAS FERIAS","2016-10-30","","29.70833333"
"LAS FERIAS","2016-10-29","","39.625"
"LAS FERIAS","2016-10-28","","61.9875"
"LAS FERIAS","2016-10-27","","71.65217391"
"LAS FERIAS","2016-10-26","","55.0"
"LAS FERIAS","2016-10-25","","57.75217391"
"LAS FERIAS","2016-10-24","","55.0"
"LAS FERIAS","2016-10-23","","30.58333333"
"LAS FERIAS","2016-10-22","","50.58333333"
"LAS FERIAS","2016-10-21","","57.21666667"
"LAS FERIAS","2016-10-20","","24.83333333"
"LAS FERIAS","2016-10-19","","40.725"
"LAS FERIAS","2016-10-18","","30.43181818"
"LAS FERIAS","2016-10-17","","31.18181818"
"LAS FERIAS","2016-10-16","","19.53333333"
"LAS FERIAS","2016-10-15","","15.8875"
"LAS FERIAS","2016-10-14","","37.325"
"LAS FERIAS","2016-10-13","","44.63636364"
"LAS FERIAS","2016-10-12","","41.16666667"
"LAS FERIAS","2016-10-11","","50.94347826"
"LAS FERIAS","2016-10-10","","32.0"
"LAS FERIAS","2016-10-09","","18.18636364"
"LAS FERIAS","2016-10-08","","46.30434783"
"LAS FERIAS","2016-10-07","","58.20833333"
"LAS FERIAS","2016-10-06","","45.31818182"
"LAS FERIAS","2016-10-05","","42.7826087"
"LAS FERIAS","2016-10-04","","48.1875"
"LAS FERIAS","2016-10-03","","50.95652174"
"LAS FERIAS","2016-10-02","","23.23809524"
"LAS FERIAS","2016-10-01","","35.9125"
"LAS FERIAS","2016-09-30","","65.5"
"LAS FERIAS","2016-09-29","","66.20833333"
"LAS FERIAS","2016-09-28","","34.09047619"
"LAS FERIAS","2016-09-27","","20.71428571"
"LAS FERIAS","2016-09-25","","14.88888889"
"LAS FERIAS","2016-09-24","","21.03333333"
"LAS FERIAS","2016-09-23","","31.29166667"
"LAS FERIAS","2016-09-22","","36.86363636"
"LAS FERIAS","2016-09-21","","22.8"
"LAS FERIAS","2016-09-20","","22.80416667"
"LAS FERIAS","2016-09-19","","17.45833333"
"LAS FERIAS","2016-09-18","","17.84347826"
"LAS FERIAS","2016-09-17","","27.7"
"LAS FERIAS","2016-09-16","","44.20833333"
"LAS FERIAS","2016-09-15","","28.95833333"
"LAS FERIAS","2016-09-14","","48.20833333"
"LAS FERIAS","2016-09-13","","74.45833333"
"LAS FERIAS","2016-09-12","","50.5"
"LAS FERIAS","2016-09-11","","24.69166667"
"LAS FERIAS","2016-09-10","","20.26086957"
"LAS FERIAS","2016-09-09","","21.95652174"
"LAS FERIAS","2016-09-08","","52.70833333"
"LAS FERIAS","2016-09-07","","35.29166667"
"LAS FERIAS","2016-09-06","","31.91304348"
"LAS FERIAS","2016-09-05","","23.9047619"
"LAS FERIAS","2016-09-04","","24.31818182"
"LAS FERIAS","2016-09-03","","40.0"
"LAS FERIAS","2016-09-02","","44.95652174"
"LAS FERIAS","2016-09-01","","28.84090909"
"LAS FERIAS","2016-08-31","","40.54166667"
"LAS FERIAS","2016-08-30","","26.83333333"
"LAS FERIAS","2016-08-29","","34.1047619"
"LAS FERIAS","2016-08-28","","18.47619048"
"LAS FERIAS","2016-08-27","","38.67368421"
"LAS FERIAS","2016-08-26","","34.3875"
"LAS FERIAS","2016-08-25","","41.54166667"
"LAS FERIAS","2016-08-24","","58.52173913"
"LAS FERIAS","2016-08-23","","35.59090909"
"LAS FERIAS","2016-08-22","","21.93043478"
"LAS FERIAS","2016-08-21","","26.22727273"
"LAS FERIAS","2016-08-20","","31.76818182"
"LAS FERIAS","2016-08-19","","44.47916667"
"LAS FERIAS","2016-08-18","","29.40909091"
"LAS FERIAS","2016-08-17","","22.95454545"
"LAS FERIAS","2016-08-16","","21.7173913"
"LAS FERIAS","2016-08-15","","17.83913043"
"LAS FERIAS","2016-08-14","","13.10526316"
"LAS FERIAS","2016-08-13","","23.14285714"
"LAS FERIAS","2016-08-12","","37.65454545"
"LAS FERIAS","2016-08-11","","25.5173913"
"LAS FERIAS","2016-08-10","","20.75"
"LAS FERIAS","2016-08-09","","19.72727273"
"LAS FERIAS","2016-08-08","","19.38461538"
"LAS FERIAS","2016-08-07","","13.14666667"
"LAS FERIAS","2016-08-06","","21.7875"
"LAS FERIAS","2016-08-05","","35.95833333"
"LAS FERIAS","2016-08-04","","27.29166667"
"LAS FERIAS","2016-08-03","","23.5"
"LAS FERIAS","2016-08-02","","23.5"
"LAS FERIAS","2016-08-01","","21.66666667"
"LAS FERIAS","2016-07-31","","18.19583333"
"LAS FERIAS","2016-07-30","","19.125"
"LAS FERIAS","2016-07-29","","22.70833333"
"LAS FERIAS","2016-07-28","","21.04545455"
"LAS FERIAS","2016-07-27","","21.625"
"LAS FERIAS","2016-07-26","","25.65217391"
"LAS FERIAS","2016-07-25","","21.55416667"
"LAS FERIAS","2016-07-24","","36.66666667"
"LAS FERIAS","2016-07-23","","29.25"
"LAS FERIAS","2016-07-22","","26.70833333"
"LAS FERIAS","2016-07-21","","24.9875"
"LAS FERIAS","2016-07-20","","17.48333333"
"LAS FERIAS","2016-07-19","","30.54166667"
"LAS FERIAS","2016-07-18","","23.41666667"
"LAS FERIAS","2016-07-17","","16.54545455"
"LAS FERIAS","2016-07-16","","32.33333333"
"LAS FERIAS","2016-07-15","","33.0"
"LAS FERIAS","2016-07-14","","24.39130435"
"LAS FERIAS","2016-07-13","","21.35"
"LAS FERIAS","2016-07-12","","40.04545455"
"LAS FERIAS","2016-07-11","","24.47826087"
"LAS FERIAS","2016-07-10","","13.625"
"LAS FERIAS","2016-07-09","","17.99583333"
"LAS FERIAS","2016-07-08","","21.0"
"LAS FERIAS","2016-07-07","","21.875"
"LAS FERIAS","2016-07-06","","23.80952381"
"LAS FERIAS","2016-07-05","","22.85"
"LAS FERIAS","2016-07-04","","12.87391304"
"LAS FERIAS","2016-07-03","","18.41666667"
"LAS FERIAS","2016-07-02","","17.04166667"
"LAS FERIAS","2016-07-01","","17.875"
"LAS FERIAS","2016-06-30","","20.04166667"
"LAS FERIAS","2016-06-29","","22.4625"
"LAS FERIAS","2016-06-28","","20.0"
"LAS FERIAS","2016-06-27","","21.66666667"
"LAS FERIAS","2016-06-26","","11.9875"
"LAS FERIAS","2016-06-25","","21.44347826"
"LAS FERIAS","2016-06-24","","17.25"
"LAS FERIAS","2016-06-23","","14.3875"
"LAS FERIAS","2016-06-22","","16.0"
"LAS FERIAS","2016-06-21","","17.30434783"
"LAS FERIAS","2016-06-20","","14.80952381"
"LAS FERIAS","2016-06-19","","11.5"
"LAS FERIAS","2016-06-18","","18.95833333"
"LAS FERIAS","2016-06-17","","22.16666667"
"LAS FERIAS","2016-06-16","","19.52173913"
"LAS FERIAS","2016-06-15","","17.5"
"LAS FERIAS","2016-06-14","","23.91666667"
"LAS FERIAS","2016-06-13","","21.75"
"LAS FERIAS","2016-06-12","","15.74583333"
"LAS FERIAS","2016-06-11","","18.75"
"LAS FERIAS","2016-06-10","","23.45833333"
"LAS FERIAS","2016-06-09","","20.5"
"LAS FERIAS","2016-06-08","","21.375"
"LAS FERIAS","2016-06-07","","39.13043478"
"LAS FERIAS","2016-06-06","","36.79166667"
"LAS FERIAS","2016-06-05","","50.375"
"LAS FERIAS","2016-06-04","","73.33333333"
"LAS FERIAS","2016-06-03","","35.56521739"
"LAS FERIAS","2016-06-02","","25.5"
"LAS FERIAS","2016-06-01","","27.70833333"
"LAS FERIAS","2016-05-31","","28.375"
"LAS FERIAS","2016-05-30","","29.04166667"
"LAS FERIAS","2016-05-29","","21.56666667"
"LAS FERIAS","2016-05-28","","18.25416667"
"LAS FERIAS","2016-05-27","","53.55"
"LAS FERIAS","2016-05-26","","40.375"
"LAS FERIAS","2016-05-25","","38.09166667"
"LAS FERIAS","2016-05-24","","22.04166667"
"LAS FERIAS","2016-05-23","","20.22727273"
"LAS FERIAS","2016-05-22","","12.17826087"
"LAS FERIAS","2016-05-21","","18.5"
"LAS FERIAS","2016-05-20","","24.61666667"
"LAS FERIAS","2016-05-19","","23.95454545"
"LAS FERIAS","2016-05-18","","30.3625"
"LAS FERIAS","2016-05-17","","20.70833333"
"LAS FERIAS","2016-05-16","","17.7"
"LAS FERIAS","2016-05-15","","14.70869565"
"LAS FERIAS","2016-05-14","","20.69565217"
"LAS FERIAS","2016-05-13","","41.25"
"LAS FERIAS","2016-05-12","","30.04782609"
"LAS FERIAS","2016-05-11","","42.0"
"LAS FERIAS","2016-05-10","","44.5"
"LAS FERIAS","2016-05-04","","55.93157895"
"LAS FERIAS","2016-05-03","","50.82608696"
"LAS FERIAS","2016-05-02","","43.91666667"
"LAS FERIAS","2016-05-01","","20.79166667"
"LAS FERIAS","2016-04-30","","22.70833333"
"LAS FERIAS","2016-04-29","","38.20833333"
"LAS FERIAS","2016-04-28","","40.95833333"
"LAS FERIAS","2016-04-27","","54.45454545"
"LAS FERIAS","2016-04-26","","65.125"
"LAS FERIAS","2016-04-25","","57.81818182"
"LAS FERIAS","2016-04-24","","26.65217391"
"LAS FERIAS","2016-04-23","","36.82608696"
"LAS FERIAS","2016-04-22","","23.96956522"
"LAS FERIAS","2016-04-21","","19.25"
"LAS FERIAS","2016-04-20","","44.0"
"LAS FERIAS","2016-04-19","","45.35"
"LAS FERIAS","2016-04-18","","19.00833333"
"LAS FERIAS","2016-04-17","","12.14761905"
"LAS FERIAS","2016-04-16","","30.36666667"
"LAS FERIAS","2016-04-15","","46.69130435"
"LAS FERIAS","2016-04-14","","69.58333333"
"LAS FERIAS","2016-04-13","","52.125"
"LAS FERIAS","2016-04-12","","46.91304348"
"LAS FERIAS","2016-04-11","","57.08333333"
"LAS FERIAS","2016-04-10","","29.30434783"
"LAS FERIAS","2016-04-09","","26.79166667"
"LAS FERIAS","2016-04-08","","34.00869565"
"LAS FERIAS","2016-04-07","","42.25"
"LAS FERIAS","2016-04-06","","47.41666667"
"LAS FERIAS","2016-04-05","","71.0"
"LAS FERIAS","2016-04-04","","41.79166667"
"LAS FERIAS","2016-04-03","","48.45833333"
"LAS FERIAS","2016-04-02","","50.20833333"
"LAS FERIAS","2016-04-01","","54.65217391"
"LAS FERIAS","2016-03-31","","50.95833333"
"LAS FERIAS","2016-03-30","","62.92083333"
"LAS FERIAS","2016-03-29","","66.0"
"LAS FERIAS","2016-03-28","","72.20833333"
"LAS FERIAS","2016-03-27","","46.57391304"
"LAS FERIAS","2016-03-26","","36.09545455"
"LAS FERIAS","2016-03-25","","41.85217391"
"LAS FERIAS","2016-03-24","","41.56818182"
"LAS FERIAS","2016-03-23","","38.28695652"
"LAS FERIAS","2016-03-22","","35.45833333"
"LAS FERIAS","2016-03-21","","23.8875"
"LAS FERIAS","2016-03-20","","25.25238095"
"LAS FERIAS","2016-03-19","","25.34782609"
"LAS FERIAS","2016-03-18","","27.31818182"
"LAS FERIAS","2016-03-17","","37.77727273"
"LAS FERIAS","2016-03-16","","49.875"
"LAS FERIAS","2016-03-15","","58.89166667"
"LAS FERIAS","2016-03-14","","84.86666667"
"LAS FERIAS","2016-03-11","","86.46666667"
"LAS FERIAS","2016-03-10","","82.04166667"
"LAS FERIAS","2016-03-09","","68.625"
"LAS FERIAS","2016-03-08","","81.33333333"
"LAS FERIAS","2016-03-07","","87.29166667"
"LAS FERIAS","2016-03-06","","67.91666667"
"LAS FERIAS","2016-03-05","","82.0"
"LAS FERIAS","2016-03-04","","77.66666667"
"LAS FERIAS","2016-03-03","","55.52173913"
"LAS FERIAS","2016-03-02","","61.04166667"
"LAS FERIAS","2016-03-01","","63.95652174"
"LAS FERIAS","2016-02-29","","61.70434783"
"LAS FERIAS","2016-02-28","","39.42272727"
"LAS FERIAS","2016-02-27","","49.875"
"LAS FERIAS","2016-02-26","","65.33333333"
"LAS FERIAS","2016-02-25","","60.54166667"
"LAS FERIAS","2016-02-24","","52.0"
"LAS FERIAS","2016-02-23","","35.375"
"LAS FERIAS","2016-02-22","","41.73913043"
"LAS FERIAS","2016-02-21","","34.15652174"
"LAS FERIAS","2016-02-20","","53.30434783"
"LAS FERIAS","2016-02-19","","50.83333333"
"LAS FERIAS","2016-02-18","","66.75"
"LAS FERIAS","2016-02-17","","43.3625"
"LAS FERIAS","2016-02-16","","29.95652174"
"LAS FERIAS","2016-02-15","","35.70833333"
"LAS FERIAS","2016-02-14","","30.26956522"
"LAS FERIAS","2016-02-13","","47.04166667"
"LAS FERIAS","2016-02-12","","34.0"
"LAS FERIAS","2016-02-11","","26.66666667"
"LAS FERIAS","2016-02-10","","29.75"
"LAS FERIAS","2016-02-09","","28.26086957"
"LAS FERIAS","2016-02-08","","27.16666667"
"LAS FERIAS","2016-02-07","","31.7625"
"LAS FERIAS","2016-02-06","","49.29166667"
"LAS FERIAS","2016-02-05","","60.125"
"LAS FERIAS","2016-02-04","","78.25"
"LAS FERIAS","2016-02-03","","86.70833333"
"LAS FERIAS","2016-02-02","","80.125"
"LAS FERIAS","2016-02-01","","78.5"
"LAS FERIAS","2016-01-31","","61.45833333"
"LAS FERIAS","2016-01-30","","87.25"
"LAS FERIAS","2016-01-29","","78.375"
"LAS FERIAS","2016-01-28","","79.83333333"
"LAS FERIAS","2016-01-27","","60.25"
"LAS FERIAS","2016-01-26","","79.13043478"
"LAS FERIAS","2016-01-25","","69.8375"
"LAS FERIAS","2016-01-24","","60.58333333"
"LAS FERIAS","2016-01-23","","77.41666667"
"LAS FERIAS","2016-01-22","","91.08333333"
"LAS FERIAS","2016-01-21","","103.83333333"
"LAS FERIAS","2016-01-20","","91.54166667"
"LAS FERIAS","2016-01-19","","83.08333333"
"LAS FERIAS","2016-01-18","","73.25"
"LAS FERIAS","2016-01-17","","58.125"
"LAS FERIAS","2016-01-16","","69.95833333"
"LAS FERIAS","2016-01-15","","85.79166667"
"LAS FERIAS","2016-01-14","","85.20833333"
"LAS FERIAS","2016-01-13","","77.375"
"LAS FERIAS","2016-01-12","","59.16666667"
"LAS FERIAS","2016-01-11","","49.20833333"
"LAS FERIAS","2016-01-10","","44.125"
"LAS FERIAS","2016-01-09","","53.70833333"
"LAS FERIAS","2016-01-08","","53.04166667"
"LAS FERIAS","2016-01-07","","51.16666667"
"LAS FERIAS","2016-01-06","","41.04166667"
"LAS FERIAS","2016-01-05","","58.04166667"
"LAS FERIAS","2016-01-04","","44.08333333"
"LAS FERIAS","2016-01-03","","24.83333333"
"LAS FERIAS","2016-01-02","","15.31818182"
"LAS FERIAS","2016-01-01","","13.03913043"
"LAS FERIAS","2015-12-31","","9.95454545"
"LAS FERIAS","2015-12-30","","15.29166667"
"LAS FERIAS","2015-12-29","","21.0"
"LAS FERIAS","2015-12-28","","27.08695652"
"LAS FERIAS","2015-12-27","","27.5"
"LAS FERIAS","2015-12-26","","25.0"
"LAS FERIAS","2015-12-25","","26.0"
"LAS FERIAS","2015-12-24","","26.125"
"LAS FERIAS","2015-12-23","","30.25"
"LAS FERIAS","2015-12-22","","25.58333333"
"LAS FERIAS","2015-12-18","","45.11111111"
"LAS FERIAS","2015-12-17","","25.29166667"
"LAS FERIAS","2015-12-16","","26.0"
"LAS FERIAS","2015-12-15","","39.375"
"LAS FERIAS","2015-12-14","","44.95833333"
"LAS FERIAS","2015-12-13","","33.83333333"
"LAS FERIAS","2015-12-12","","41.16666667"
"LAS FERIAS","2015-12-11","","32.27272727"
"LAS FERIAS","2015-12-10","","31.04166667"
"LAS FERIAS","2015-12-09","","35.08333333"
"LAS FERIAS","2015-12-08","","41.875"
"LAS FERIAS","2015-12-07","","43.45833333"
"LAS FERIAS","2015-12-06","","22.125"
"LAS FERIAS","2015-12-05","","32.73913043"
"LAS FERIAS","2015-12-04","","31.04166667"
"LAS FERIAS","2015-12-03","","36.625"
"LAS FERIAS","2015-12-02","","24.25"
"LAS FERIAS","2015-12-01","","21.375"
"LAS FERIAS","2015-11-30","","28.86956522"
"LAS FERIAS","2015-11-29","","34.58333333"
"LAS FERIAS","2015-11-28","","74.70833333"
"LAS FERIAS","2015-11-27","","45.95833333"
"LAS FERIAS","2015-11-26","","47.125"
"LAS FERIAS","2015-11-25","","36.625"
"LAS FERIAS","2015-11-24","","50.5"
"LAS FERIAS","2015-11-23","","52.26086957"
"LAS FERIAS","2015-11-22","","28.33333333"
"LAS FERIAS","2015-11-21","","47.375"
"LAS FERIAS","2015-11-20","","70.66666667"
"LAS FERIAS","2015-11-19","","58.82608696"
"LAS FERIAS","2015-11-18","","36.83333333"
"LAS FERIAS","2015-11-17","","21.875"
"LAS FERIAS","2015-11-16","","19.66666667"
"LAS FERIAS","2015-11-15","","14.70833333"
"LAS FERIAS","2015-11-14","","15.625"
"LAS FERIAS","2015-11-13","","40.70833333"
"LAS FERIAS","2015-11-12","","49.75"
"LAS FERIAS","2015-11-11","","28.79166667"
"LAS FERIAS","2015-11-10","","26.83333333"
"LAS FERIAS","2015-11-09","","22.16666667"
"LAS FERIAS","2015-11-08","","17.45833333"
"LAS FERIAS","2015-11-07","","34.0"
"LAS FERIAS","2015-11-06","","53.95833333"
"LAS FERIAS","2015-11-05","","69.04166667"
"LAS FERIAS","2015-11-04","","59.125"
"LAS FERIAS","2015-11-03","","53.29166667"
"LAS FERIAS","2015-11-02","","27.58333333"
"LAS FERIAS","2015-11-01","","30.66666667"
"LAS FERIAS","2015-10-31","","62.75"
"LAS FERIAS","2015-10-30","","68.95454545"
"LAS FERIAS","2015-10-29","","58.58333333"
"LAS FERIAS","2015-10-28","","39.33333333"
"LAS FERIAS","2015-10-27","","36.16666667"
"LAS FERIAS","2015-10-26","","34.45833333"
"LAS FERIAS","2015-10-25","","19.13043478"
"LAS FERIAS","2015-10-24","","38.625"
"LAS FERIAS","2015-10-23","","45.20833333"
"LAS FERIAS","2015-10-22","","67.25"
"LAS FERIAS","2015-10-21","","36.125"
"LAS FERIAS","2015-10-20","","33.65217391"
"LAS FERIAS","2015-10-19","","38.625"
"LAS FERIAS","2015-10-18","","22.5"
"LAS FERIAS","2015-10-17","","22.66666667"
"LAS FERIAS","2015-10-16","","21.375"
"LAS FERIAS","2015-10-15","","22.75"
"LAS FERIAS","2015-10-14","","51.375"
"LAS FERIAS","2015-10-13","","41.75"
"LAS FERIAS","2015-10-12","","36.70833333"
"LAS FERIAS","2015-10-11","","33.25"
"LAS FERIAS","2015-10-10","","35.625"
"LAS FERIAS","2015-10-09","","35.20833333"
"LAS FERIAS","2015-10-08","","26.375"
"LAS FERIAS","2015-10-07","","33.54166667"
"LAS FERIAS","2015-10-06","","24.5"
"LAS FERIAS","2015-10-05","","22.29166667"
"LAS FERIAS","2015-10-04","","11.91666667"
"LAS FERIAS","2015-10-03","","21.5"
"LAS FERIAS","2015-10-02","","53.20833333"
"LAS FERIAS","2015-10-01","","49.45833333"
"LAS FERIAS","2015-09-30","","53.625"
"LAS FERIAS","2015-09-29","","30.5"
"LAS FERIAS","2015-09-28","","21.5"
"LAS FERIAS","2015-09-27","","39.75"
"LAS FERIAS","2015-09-26","","22.69565217"
"LAS FERIAS","2015-09-25","","29.04166667"
"LAS FERIAS","2015-09-24","","27.33333333"
"LAS FERIAS","2015-09-23","","24.125"
"LAS FERIAS","2015-09-22","","24.25"
"LAS FERIAS","2015-09-21","","23.91666667"
"LAS FERIAS","2015-09-20","","16.54166667"
"LAS FERIAS","2015-09-19","","35.375"
"LAS FERIAS","2015-09-18","","36.56521739"
"LAS FERIAS","2015-09-17","","74.79166667"
"LAS FERIAS","2015-09-16","","68.625"
"LAS FERIAS","2015-09-15","","38.875"
"LAS FERIAS","2015-09-14","","23.375"
"LAS FERIAS","2015-09-13","","20.79166667"
"LAS FERIAS","2015-09-12","","24.0"
"LAS FERIAS","2015-09-11","","22.70833333"
"LAS FERIAS","2015-09-10","","29.375"
"LAS FERIAS","2015-09-09","","21.875"
"LAS FERIAS","2015-09-08","","29.70833333"
"LAS FERIAS","2015-09-07","","20.95652174"
"LAS FERIAS","2015-09-06","","18.45833333"
"LAS FERIAS","2015-09-05","","32.0"
"LAS FERIAS","2015-09-04","","43.0"
"LAS FERIAS","2015-09-03","","30.66666667"
"LAS FERIAS","2015-09-02","","36.875"
"LAS FERIAS","2015-09-01","","21.45833333"
"LAS FERIAS","2015-08-31","","18.08333333"
"LAS FERIAS","2015-08-30","","16.79166667"
"LAS FERIAS","2015-08-29","","22.75"
"LAS FERIAS","2015-08-28","","23.45833333"
"LAS FERIAS","2015-08-27","","49.95833333"
"LAS FERIAS","2015-08-26","","45.39130435"
"LAS FERIAS","2015-08-25","","28.41666667"
"LAS FERIAS","2015-08-24","","26.41666667"
"LAS FERIAS","2015-08-23","","36.58333333"
"LAS FERIAS","2015-08-22","","52.45833333"
"LAS FERIAS","2015-08-21","","34.0"
"LAS FERIAS","2015-08-20","","20.625"
"LAS FERIAS","2015-08-19","","18.79166667"
"LAS FERIAS","2015-08-18","","20.6875"
"LAS FERIAS","2015-07-30","","24.13333333"
"LAS FERIAS","2015-07-29","","15.83333333"
"LAS FERIAS","2015-07-28","","20.54545455"
"LAS FERIAS","2015-07-27","","16.56521739"
"LAS FERIAS","2015-07-26","","10.7826087"
"LAS FERIAS","2015-07-25","","18.04166667"
"LAS FERIAS","2015-07-24","","23.58333333"
"LAS FERIAS","2015-07-23","","20.375"
"LAS FERIAS","2015-07-22","","20.29166667"
"LAS FERIAS","2015-07-21","","48.66666667"
"LAS FERIAS","2015-07-20","","21.0"
"LAS FERIAS","2015-07-19","","31.83333333"
"LAS FERIAS","2015-07-18","","27.375"
"LAS FERIAS","2015-07-17","","27.13636364"
"LAS FERIAS","2015-07-16","","25.36363636"
"LAS FERIAS","2015-07-15","","19.33333333"
"LAS FERIAS","2015-07-14","","25.33333333"
"LAS FERIAS","2015-07-13","","32.125"
"LAS FERIAS","2015-07-12","","12.27272727"
"LAS FERIAS","2015-07-11","","18.08333333"
"LAS FERIAS","2015-07-10","","21.29166667"
"LAS FERIAS","2015-07-09","","26.125"
"LAS FERIAS","2015-07-08","","27.26086957"
"LAS FERIAS","2015-07-07","","27.56521739"
"LAS FERIAS","2015-07-06","","19.45833333"
"LAS FERIAS","2015-07-05","","14.54166667"
"LAS FERIAS","2015-07-04","","14.45833333"
"LAS FERIAS","2015-07-03","","24.41666667"
"LAS FERIAS","2015-07-02","","22.36363636"
"LAS FERIAS","2015-07-01","","23.95833333"
"LAS FERIAS","2015-06-30","","44.25"
"LAS FERIAS","2015-06-29","","26.79166667"
"LAS FERIAS","2015-06-28","","12.27272727"
"LAS FERIAS","2015-06-27","","15.16666667"
"LAS FERIAS","2015-06-26","","18.0"
"LAS FERIAS","2015-06-25","","16.875"
"LAS FERIAS","2015-06-24","","14.85"
"LAS FERIAS","2015-06-23","","16.45833333"
"LAS FERIAS","2015-06-22","","22.40909091"
"LAS FERIAS","2015-06-21","","14.625"
"LAS FERIAS","2015-06-20","","22.16666667"
"LAS FERIAS","2015-06-19","","16.66666667"
"LAS FERIAS","2015-06-18","","17.41666667"
"LAS FERIAS","2015-06-17","","17.47826087"
"LAS FERIAS","2015-06-16","","20.66666667"
"LAS FERIAS","2015-06-15","","16.66666667"
"LAS FERIAS","2015-06-14","","19.65217391"
"LAS FERIAS","2015-06-13","","22.25"
"LAS FERIAS","2015-06-12","","24.08333333"
"LAS FERIAS","2015-06-11","","30.58333333"
"LAS FERIAS","2015-06-10","","26.95454545"
"LAS FERIAS","2015-06-09","","29.5"
"LAS FERIAS","2015-06-08","","14.5"
"LAS FERIAS","2015-06-07","","22.08333333"
"LAS FERIAS","2015-06-06","","24.95833333"
"LAS FERIAS","2015-06-05","","26.625"
"LAS FERIAS","2015-06-04","","26.20833333"
"LAS FERIAS","2015-06-03","","23.08333333"
"LAS FERIAS","2015-06-02","","20.79166667"
"LAS FERIAS","2015-06-01","","25.20833333"
"LAS FERIAS","2015-05-31","","19.66666667"
"LAS FERIAS","2015-05-30","","33.5"
"LAS FERIAS","2015-05-29","","33.75"
"LAS FERIAS","2015-05-28","","38.95833333"
"LAS FERIAS","2015-05-27","","29.04166667"
"LAS FERIAS","2015-05-26","","33.16666667"
"LAS FERIAS","2015-05-25","","23.20833333"
"LAS FERIAS","2015-05-24","","14.79166667"
"LAS FERIAS","2015-05-23","","17.08333333"
"LAS FERIAS","2015-05-22","","24.45454545"
"LAS FERIAS","2015-05-21","","22.54166667"
"LAS FERIAS","2015-05-20","","19.58333333"
"LAS FERIAS","2015-05-19","","25.2173913"
"LAS FERIAS","2015-05-18","","11.5"
"LAS FERIAS","2015-05-17","","16.58333333"
"LAS FERIAS","2015-05-16","","19.66666667"
"LAS FERIAS","2015-05-15","","28.08333333"
"LAS FERIAS","2015-05-14","","26.41666667"
"LAS FERIAS","2015-05-13","","26.375"
"LAS FERIAS","2015-05-12","","32.83333333"
"LAS FERIAS","2015-05-11","","45.13043478"
"LAS FERIAS","2015-05-10","","27.375"
"LAS FERIAS","2015-05-09","","18.41666667"
"LAS FERIAS","2015-05-08","","31.45833333"
"LAS FERIAS","2015-05-07","","49.33333333"
"LAS FERIAS","2015-05-06","","54.29166667"
"LAS FERIAS","2015-05-05","","59.54166667"
"LAS FERIAS","2015-05-04","","62.91666667"
"LAS FERIAS","2015-05-03","","46.54166667"
"LAS FERIAS","2015-05-02","","67.58333333"
"LAS FERIAS","2015-05-01","","63.33333333"
"LAS FERIAS","2015-04-30","","52.26666667"
"LAS FERIAS","2015-04-29","","29.52380952"
"LAS FERIAS","2015-04-28","","17.34782609"
"LAS FERIAS","2015-04-27","","17.91666667"
"LAS FERIAS","2015-04-26","","13.20833333"
"LAS FERIAS","2015-04-25","","24.95833333"
"LAS FERIAS","2015-04-24","","41.08333333"
"LAS FERIAS","2015-04-23","","46.0"
"LAS FERIAS","2015-04-22","","36.83333333"
"LAS FERIAS","2015-04-21","","23.16666667"
"LAS FERIAS","2015-04-20","","25.22222222"
"LAS FERIAS","2015-04-19","","23.79166667"
"LAS FERIAS","2015-04-18","","31.70833333"
"LAS FERIAS","2015-04-17","","51.25"
"LAS FERIAS","2015-04-16","","39.08333333"
"LAS FERIAS","2015-04-15","","31.41666667"
"LAS FERIAS","2015-04-14","","37.22222222"
"LAS FERIAS","2015-04-13","","24.11111111"
"LAS FERIAS","2015-04-12","","16.2173913"
"LAS FERIAS","2015-04-11","","28.70833333"
"LAS FERIAS","2015-04-10","","33.33333333"
"LAS FERIAS","2015-04-09","","35.79166667"
"LAS FERIAS","2015-04-08","","42.36363636"
"LAS FERIAS","2015-04-07","","38.54545455"
"LAS FERIAS","2015-04-06","","40.73913043"
"LAS FERIAS","2015-04-05","","34.70833333"
"LAS FERIAS","2015-04-04","","25.83333333"
"LAS FERIAS","2015-04-03","","23.625"
"LAS FERIAS","2015-04-02","","33.29166667"
"LAS FERIAS","2015-04-01","","49.33333333"
"LAS FERIAS","2015-03-31","","73.66666667"
"LAS FERIAS","2015-03-30","","59.25"
"LAS FERIAS","2015-03-29","","35.0"
"LAS FERIAS","2015-03-28","","64.54166667"
"LAS FERIAS","2015-03-27","","55.5"
"LAS FERIAS","2015-03-26","","64.45833333"
"LAS FERIAS","2015-03-25","","82.29166667"
"LAS FERIAS","2015-03-24","","75.91666667"
"LAS FERIAS","2015-03-23","","41.54166667"
"LAS FERIAS","2015-03-22","","42.625"
"LAS FERIAS","2015-03-21","","44.20833333"
"LAS FERIAS","2015-03-20","","49.29166667"
"LAS FERIAS","2015-03-19","","60.625"
"LAS FERIAS","2015-03-18","","55.04166667"
"LAS FERIAS","2015-03-17","","70.375"
"LAS FERIAS","2015-03-16","","43.52380952"
"LAS FERIAS","2015-03-15","","48.54166667"
"LAS FERIAS","2015-03-14","","58.29166667"
"LAS FERIAS","2015-03-13","","55.08333333"
"LAS FERIAS","2015-03-12","","50.20833333"
"LAS FERIAS","2015-03-11","","29.41666667"
"LAS FERIAS","2015-03-10","","26.33333333"
"LAS FERIAS","2015-03-09","","29.95833333"
"LAS FERIAS","2015-03-08","","20.75"
"LAS FERIAS","2015-03-07","","31.5"
"LAS FERIAS","2015-03-06","","49.33333333"
"LAS FERIAS","2015-03-05","","55.91666667"
"LAS FERIAS","2015-03-04","","48.29166667"
"LAS FERIAS","2015-03-03","","41.625"
"LAS FERIAS","2015-03-02","","66.16666667"
"LAS FERIAS","2015-03-01","","31.79166667"
"LAS FERIAS","2015-02-28","","28.375"
"LAS FERIAS","2015-02-27","","45.58333333"
"LAS FERIAS","2015-02-26","","63.30434783"
"LAS FERIAS","2015-02-25","","55.375"
"LAS FERIAS","2015-02-24","","69.20833333"
"LAS FERIAS","2015-02-23","","56.95833333"
"LAS FERIAS","2015-02-22","","43.20833333"
"LAS FERIAS","2015-02-21","","57.95833333"
"LAS FERIAS","2015-02-20","","65.45833333"
"LAS FERIAS","2015-02-19","","75.70833333"
"LAS FERIAS","2015-02-18","","82.875"
"LAS FERIAS","2015-02-17","","58.83333333"
"LAS FERIAS","2015-02-16","","47.41666667"
"LAS FERIAS","2015-02-15","","24.95833333"
"LAS FERIAS","2015-02-14","","26.04166667"
"LAS FERIAS","2015-02-13","","41.2173913"
"LAS FERIAS","2015-02-12","","32.75"
"LAS FERIAS","2015-02-11","","59.58333333"
"LAS FERIAS","2015-02-10","","71.25"
"LAS FERIAS","2015-02-09","","58.66666667"
"LAS FERIAS","2015-02-08","","41.25"
"LAS FERIAS","2015-02-07","","70.33333333"
"LAS FERIAS","2015-02-06","","61.54166667"
"LAS FERIAS","2015-02-05","","29.0"
"LAS FERIAS","2015-02-04","","25.125"
"LAS FERIAS","2015-02-03","","20.95833333"
"LAS FERIAS","2015-02-02","","19.83333333"
"LAS FERIAS","2015-02-01","","13.625"
"LAS FERIAS","2015-01-31","","21.45833333"
"LAS FERIAS","2015-01-30","","56.5"
"LAS FERIAS","2015-01-29","","47.70833333"
"LAS FERIAS","2015-01-28","","51.95833333"
"LAS FERIAS","2015-01-27","","60.5"
"LAS FERIAS","2015-01-26","","50.5"
"LAS FERIAS","2015-01-25","","33.29166667"
"LAS FERIAS","2015-01-24","","51.375"
"LAS FERIAS","2015-01-23","","66.04166667"
"LAS FERIAS","2015-01-22","","45.04166667"
"LAS FERIAS","2015-01-21","","33.58333333"
"LAS FERIAS","2015-01-20","","32.18181818"
"LAS FERIAS","2015-01-19","","46.375"
"LAS FERIAS","2015-01-18","","35.79166667"
"LAS FERIAS","2015-01-17","","62.25"
"LAS FERIAS","2015-01-16","","61.375"
"LAS FERIAS","2015-01-15","","51.52380952"
"LAS FERIAS","2015-01-14","","43.0"
"LAS FERIAS","2015-01-13","","45.36363636"
"LAS FERIAS","2015-01-12","","15.60869565"
"LAS FERIAS","2015-01-11","","18.83333333"
"LAS FERIAS","2015-01-10","","25.83333333"
"LAS FERIAS","2015-01-09","","27.09090909"
"LAS FERIAS","2015-01-08","","28.91666667"
"LAS FERIAS","2015-01-07","","24.3"
"LAS FERIAS","2015-01-06","","31.66666667"
"LAS FERIAS","2015-01-05","","22.15789474"
"LAS FERIAS","2015-01-04","","17.125"
"LAS FERIAS","2015-01-03","","20.20833333"
"LAS FERIAS","2015-01-02","","19.81818182"
"LAS FERIAS","2015-01-01","","31.04347826"
"LAS FERIAS","2014-12-31","","19.475"
"LAS FERIAS","2014-12-30","","28.6388889"
"LAS FERIAS","2014-12-29","","28.28431372"
"LAS FERIAS","2014-12-28","","18.65277778"
"LAS FERIAS","2014-12-27","","23.71666666"
"LAS FERIAS","2014-12-26","","19.15833334"
"LAS FERIAS","2014-12-25","","35.76515151"
"LAS FERIAS","2014-12-24","","36.37121213"
"LAS FERIAS","2014-12-23","","29.96969698"
"LAS FERIAS","2014-12-22","","39.53472222"
"LAS FERIAS","2014-12-21","","62.18939394"
"LAS FERIAS","2014-12-20","","77.87878787"
"LAS FERIAS","2014-12-19","","83.48611112"
"LAS FERIAS","2014-12-18","","99.30952381"
"LAS FERIAS","2014-12-14","","13.91666665"
"LAS FERIAS","2014-12-13","","76.85416666"
"LAS FERIAS","2014-12-12","","45.54166667"
"LAS FERIAS","2014-12-11","","40.4090909"
"LAS FERIAS","2014-12-10","","54.31944445"
"LAS FERIAS","2014-12-09","","46.77777778"
"LAS FERIAS","2014-12-08","","66.79166667"
"LAS FERIAS","2014-12-07","","65.79166668"
"LAS FERIAS","2014-12-06","","57.75694445"
"LAS FERIAS","2014-12-05","","67.5"
"LAS FERIAS","2014-12-04","","58.29861109"
"LAS FERIAS","2014-12-03","","39.53472222"
"LAS FERIAS","2014-12-02","","29.20138889"
"LAS FERIAS","2014-12-01","","24.36111111"
"LAS FERIAS","2014-11-30","","17.77083333"
"LAS FERIAS","2014-11-29","","31.625"
"LAS FERIAS","2014-11-28","","53.75000001"
"LAS FERIAS","2014-11-27","","77.34027778"
"LAS FERIAS","2014-11-26","","61.46527778"
"LAS FERIAS","2014-11-25","","42.36805555"
"LAS FERIAS","2014-11-24","","23.36805556"
"LAS FERIAS","2014-11-23","","21.40972223"
"LAS FERIAS","2014-11-22","","82.36805556"
"LAS FERIAS","2014-11-21","","73.60416667"
"LAS FERIAS","2014-11-20","","65.20634921"
"LAS FERIAS","2014-11-19","","52.11363636"
"LAS FERIAS","2014-11-18","","57.60833333"
"LAS FERIAS","2014-11-17","","14.76811595"
"LAS FERIAS","2014-11-16","","29.39583333"
"LAS FERIAS","2014-11-15","","61.83333333"
"LAS FERIAS","2014-11-14","","45.25"
"LAS FERIAS","2014-11-13","","46.65277778"
"LAS FERIAS","2014-11-12","","44.83333333"
"LAS FERIAS","2014-11-11","","36.3125"
"LAS FERIAS","2014-11-10","","55.20833334"
"LAS FERIAS","2014-11-09","","31.64583333"
"LAS FERIAS","2014-11-08","","63.51388889"
"LAS FERIAS","2014-11-07","","48.12307692"
"LAS FERIAS","2014-11-06","","92.25833334"
"LAS FERIAS","2014-11-05","","61.66666666"
"LAS FERIAS","2014-11-04","","65.01515151"
"LAS FERIAS","2014-11-02","","29.5"
"LAS FERIAS","2014-11-01","","55.10416667"
"LAS FERIAS","2014-10-31","","50.97916666"
"LAS FERIAS","2014-10-30","","72.65972223"
"LAS FERIAS","2014-10-29","","66.78030303"
"LAS FERIAS","2014-10-28","","66.17361111"
"LAS FERIAS","2014-10-27","","47.19444444"
"LAS FERIAS","2014-10-26","","27.5"
"LAS FERIAS","2014-10-25","","70.36111111"
"LAS FERIAS","2014-10-24","","90.47638889"
"LAS FERIAS","2014-10-23","","45.09722222"
"LAS FERIAS","2014-10-22","","29.58333333"
"LAS FERIAS","2014-10-21","","25.32638889"
"LAS FERIAS","2014-10-20","","48.85416666"
"LAS FERIAS","2014-10-19","","28.47222222"
"LAS FERIAS","2014-10-18","","35.85416667"
"LAS FERIAS","2014-10-17","","30.81944445"
"LAS FERIAS","2014-10-16","","37.17361111"
"LAS FERIAS","2014-10-15","","29.96527778"
"LAS FERIAS","2014-10-14","","32.09848485"
"LAS FERIAS","2014-10-13","","12.56060606"
"LAS FERIAS","2014-10-12","","14.74305555"
"LAS FERIAS","2014-10-11","","30.11111112"
"LAS FERIAS","2014-10-10","","72.83333335"
"LAS FERIAS","2014-10-09","","43.92424242"
"LAS FERIAS","2014-10-08","","60.50694444"
"LAS FERIAS","2014-10-07","","41.45833333"
"LAS FERIAS","2014-10-06","","35.77777778"
"LAS FERIAS","2014-10-05","","40.77083333"
"LAS FERIAS","2014-10-04","","39.625"
"LAS FERIAS","2014-10-03","","27.34027778"
"LAS FERIAS","2014-10-02","","22.04861112"
"LAS FERIAS","2014-10-01","","23.96527778"
"LAS FERIAS","2014-09-30","","32.74305555"
"LAS FERIAS","2014-09-29","","21.85416667"
"LAS FERIAS","2014-09-28","","17.22916667"
"LAS FERIAS","2014-09-27","","30.72222223"
"LAS FERIAS","2014-09-26","","53.74305555"
"LAS FERIAS","2014-09-25","","40.57638889"
"LAS FERIAS","2014-09-24","","36.4513889"
"LAS FERIAS","2014-09-23","","38.65972222"
"LAS FERIAS","2014-09-22","","27.11111112"
"LAS FERIAS","2014-09-21","","38.24999999"
"LAS FERIAS","2014-09-20","","34.78472222"
"LAS FERIAS","2014-09-19","","47.47916666"
"LAS FERIAS","2014-09-18","","44.06944444"
"LAS FERIAS","2014-09-17","","60.96527779"
"LAS FERIAS","2014-09-16","","29.70833334"
"LAS FERIAS","2014-09-15","","18.3263889"
"LAS FERIAS","2014-09-14","","14.32638889"
"LAS FERIAS","2014-09-13","","17.30555556"
"LAS FERIAS","2014-09-12","","29.25"
"LAS FERIAS","2014-09-11","","25.44444444"
"LAS FERIAS","2014-09-10","","48.88194445"
"LAS FERIAS","2014-09-09","","28.55555555"
"LAS FERIAS","2014-09-08","","19.61111111"
"LAS FERIAS","2014-09-07","","14.28472223"
"LAS FERIAS","2014-09-06","","19.95138889"
"LAS FERIAS","2014-09-05","","28.22916667"
"LAS FERIAS","2014-09-04","","19.84722222"
"LAS FERIAS","2014-09-03","","33.36805555"
"LAS FERIAS","2014-09-02","","37.36111111"
"LAS FERIAS","2014-09-01","","25.4"
"LAS FERIAS","2014-07-30","","8.70000001"
"LAS FERIAS","2014-07-29","","10.48611111"
"LAS FERIAS","2014-07-28","","9.08333333"
"LAS FERIAS","2014-07-27","","6.97222222"
"LAS FERIAS","2014-07-26","","13.65277779"
"LAS FERIAS","2014-07-25","","9.6818182"
"LAS FERIAS","2014-07-24","","12.97222223"
"LAS FERIAS","2014-07-23","","12.94444444"
"LAS FERIAS","2014-07-22","","13.27777778"
"LAS FERIAS","2014-07-21","","10.57638889"
"LAS FERIAS","2014-07-20","","6.79861111"
"LAS FERIAS","2014-07-19","","9.15277778"
"LAS FERIAS","2014-07-18","","9.86805556"
"LAS FERIAS","2014-07-17","","12.63888889"
"LAS FERIAS","2014-07-16","","13.5"
"LAS FERIAS","2014-07-15","","12.55555555"
"LAS FERIAS","2014-07-14","","13.46527778"
"LAS FERIAS","2014-07-13","","8.20833333"
"LAS FERIAS","2014-07-12","","7.47916667"
"LAS FERIAS","2014-07-11","","10.73809524"
"LAS FERIAS","2014-07-10","","11.29710145"
"LAS FERIAS","2014-07-09","","12.79861111"
"LAS FERIAS","2014-07-08","","9.28030302"
"LAS FERIAS","2014-07-07","","12.84027778"
"LAS FERIAS","2014-07-06","","10.84722223"
"LAS FERIAS","2014-07-05","","11.15972222"
"LAS FERIAS","2014-07-04","","20.13194445"
"LAS FERIAS","2014-07-03","","26.1875"
"LAS FERIAS","2014-07-02","","13.35416666"
"LAS FERIAS","2014-07-01","","15.82575757"
"LAS FERIAS","2014-06-30","","11.04861111"
"LAS FERIAS","2014-06-29","","6.56944445"
"LAS FERIAS","2014-06-28","","36.1111111"
"LAS FERIAS","2014-06-27","","102.64583334"
"LAS FERIAS","2014-06-26","","38.77083333"
"LAS FERIAS","2014-06-25","","10.68749999"
"LAS FERIAS","2014-06-24","","14.04861112"
"LAS FERIAS","2014-06-23","","7.9236111"
"LAS FERIAS","2014-06-22","","8.64583333"
"LAS FERIAS","2014-06-21","","12.08333334"
"LAS FERIAS","2014-06-20","","13.52083333"
"LAS FERIAS","2014-06-19","","16.05555556"
"LAS FERIAS","2014-06-18","","26.78472223"
"LAS FERIAS","2014-06-17","","18.24999999"
"LAS FERIAS","2014-06-16","","11.30434783"
"LAS FERIAS","2014-06-15","","6.54166668"
"LAS FERIAS","2014-06-14","","13.11111111"
"LAS FERIAS","2014-06-13","","17.6388889"
"LAS FERIAS","2014-06-12","","15.28472222"
"LAS FERIAS","2014-06-11","","14.15277777"
"LAS FERIAS","2014-06-10","","13.96527779"
"LAS FERIAS","2014-06-09","","15.7121212"
"LAS FERIAS","2014-06-08","","10.59027778"
"LAS FERIAS","2014-06-07","","10.46527778"
"LAS FERIAS","2014-06-06","","15.34722221"
"LAS FERIAS","2014-06-05","","15.59027779"
"LAS FERIAS","2014-06-04","","20.4375"
"LAS FERIAS","2014-06-03","","19.77777778"
"LAS FERIAS","2014-06-02","","8.62222222"
"LAS FERIAS","2014-06-01","","9.875"
"LAS FERIAS","2014-05-31","","11.9375"
"LAS FERIAS","2014-05-30","","27.44202899"
"LAS FERIAS","2014-05-29","","28.34722223"
"LAS FERIAS","2014-05-28","","14.36111111"
"LAS FERIAS","2014-05-27","","22.67361111"
"LAS FERIAS","2014-05-26","","22.95833333"
"LAS FERIAS","2014-05-25","","18.41666667"
"LAS FERIAS","2014-05-24","","22.70138889"
"LAS FERIAS","2014-05-23","","32.08333333"
"LAS FERIAS","2014-05-22","","24.625"
"LAS FERIAS","2014-05-21","","51.22916666"
"LAS FERIAS","2014-05-20","","18.0625"
"LAS FERIAS","2014-05-19","","12.97727273"
"LAS FERIAS","2014-05-18","","17.06249999"
"LAS FERIAS","2014-05-17","","40.65138889"
"LAS FERIAS","2014-05-16","","31.06944445"
"LAS FERIAS","2014-05-15","","22.30555555"
"LAS FERIAS","2014-05-14","","14.95138889"
"LAS FERIAS","2014-05-13","","23.47727273"
"LAS FERIAS","2014-05-12","","38.78787879"
"LAS FERIAS","2014-05-11","","18.63194445"
"LAS FERIAS","2014-05-10","","27.88888889"
"LAS FERIAS","2014-05-09","","26.46527778"
"LAS FERIAS","2014-05-08","","36.41666668"
"LAS FERIAS","2014-05-07","","34.18749999"
"LAS FERIAS","2014-05-06","","40.87037037"
"LAS FERIAS","2014-05-05","","30.5"
"LAS FERIAS","2014-05-04","","26.98611111"
"LAS FERIAS","2014-05-03","","26.59027778"
"LAS FERIAS","2014-05-02","","24.25"
"LAS FERIAS","2014-05-01","","19.11111111"
"LAS FERIAS","2014-04-30","","24.52083333"
"LAS FERIAS","2014-04-29","","16.13194444"
"LAS FERIAS","2014-04-28","","24.65909091"
"LAS FERIAS","2014-04-27","","19.98484849"
"LAS FERIAS","2014-04-26","","17.2121212"
"LAS FERIAS","2014-04-25","","21.04166667"
"LAS FERIAS","2014-04-24","","22.74999999"
"LAS FERIAS","2014-04-23","","32.1875"
"LAS FERIAS","2014-04-22","","33.21527778"
"LAS FERIAS","2014-04-21","","20.51388889"
"LAS FERIAS","2014-04-20","","9.6590909"
"LAS FERIAS","2014-04-19","","12.97222222"
"LAS FERIAS","2014-04-18","","11.66666667"
"LAS FERIAS","2014-04-17","","12.74999999"
"LAS FERIAS","2014-04-16","","28.85416667"
"LAS FERIAS","2014-04-15","","38.69444444"
"LAS FERIAS","2014-04-14","","38.13888888"
"LAS FERIAS","2014-04-13","","27.47916667"
"LAS FERIAS","2014-04-12","","28.15277778"
"LAS FERIAS","2014-04-11","","31.09722222"
"LAS FERIAS","2014-04-10","","25.68055555"
"LAS FERIAS","2014-04-09","","24.35964912"
"LAS FERIAS","2014-04-08","","19.90972223"
"LAS FERIAS","2014-04-07","","13.29999999"
"LAS FERIAS","2014-04-06","","12.23684209"
"LAS FERIAS","2014-04-05","","23.11403508"
"LAS FERIAS","2014-04-04","","34.4861111"
"LAS FERIAS","2014-04-03","","38.79545454"
"LAS FERIAS","2014-04-02","","34.77777778"
"LAS FERIAS","2014-04-01","","38.7289855"
"LAS FERIAS","2014-03-31","","53.6736111"
"LAS FERIAS","2014-03-30","","46.07638889"
"LAS FERIAS","2014-03-29","","52.57638889"
"LAS FERIAS","2014-03-28","","39.48611112"
"LAS FERIAS","2014-03-27","","31.07936508"
"LAS FERIAS","2014-03-26","","27.75694445"
"LAS FERIAS","2014-03-25","","21.60416668"
"LAS FERIAS","2014-03-24","","25.10416666"
"LAS FERIAS","2014-03-23","","23.97222222"
"LAS FERIAS","2014-03-22","","28.61805556"
"LAS FERIAS","2014-03-21","","31.80555556"
"LAS FERIAS","2014-03-20","","22.85416667"
"LAS FERIAS","2014-03-19","","26.21527778"
"LAS FERIAS","2014-03-18","","28.59722223"
"LAS FERIAS","2014-03-17","","33.13194445"
"LAS FERIAS","2014-03-16","","39.0"
"LAS FERIAS","2014-03-15","","44.73611111"
"LAS FERIAS","2014-03-14","","47.21527778"
"LAS FERIAS","2014-03-13","","52.1875"
"LAS FERIAS","2014-03-12","","46.18333333"
"LAS FERIAS","2014-03-11","","54.97916668"
"LAS FERIAS","2014-03-10","","37.93055556"
"LAS FERIAS","2014-03-09","","24.17361112"
"LAS FERIAS","2014-03-08","","37.4375"
"LAS FERIAS","2014-03-07","","50.51388889"
"LAS FERIAS","2014-03-06","","47.4"
"LAS FERIAS","2014-03-05","","39.33333333"
"LAS FERIAS","2014-03-04","","39.44696969"
"LAS FERIAS","2014-03-03","","37.52777778"
"LAS FERIAS","2014-03-02","","23.78472222"
"LAS FERIAS","2014-03-01","","24.94696969"
"LAS FERIAS","2014-02-28","","37.27777779"
"LAS FERIAS","2014-02-27","","37.65972222"
"LAS FERIAS","2014-02-26","","45.31249999"
"LAS FERIAS","2014-02-25","","47.64583334"
"LAS FERIAS","2014-02-24","","42.22916666"
"LAS FERIAS","2014-02-23","","39.45833333"
"LAS FERIAS","2014-02-22","","46.84027778"
"LAS FERIAS","2014-02-21","","40.63888888"
"LAS FERIAS","2014-02-20","","45.32638888"
"LAS FERIAS","2014-02-19","","46.96527777"
"LAS FERIAS","2014-02-18","","42.97222223"
"LAS FERIAS","2014-02-17","","55.21527779"
"LAS FERIAS","2014-02-16","","43.375"
"LAS FERIAS","2014-02-15","","42.42361111"
"LAS FERIAS","2014-02-14","","41.34722222"
"LAS FERIAS","2014-02-13","","35.77083335"
"LAS FERIAS","2014-02-12","","32.11805555"
"LAS FERIAS","2014-02-11","","19.55555555"
"LAS FERIAS","2014-02-10","","23.33333333"
"LAS FERIAS","2014-02-09","","24.52083332"
"LAS FERIAS","2014-02-08","","24.47222222"
"LAS FERIAS","2014-02-07","","41.24305555"
"LAS FERIAS","2014-02-06","","46.71527778"
"LAS FERIAS","2014-02-05","","43.91666667"
"LAS FERIAS","2014-02-04","","52.54166667"
"LAS FERIAS","2014-02-03","","47.95833333"
"LAS FERIAS","2014-02-02","","32.93055556"
"LAS FERIAS","2014-02-01","","29.68055555"
"LAS FERIAS","2014-01-31","","34.16666668"
"LAS FERIAS","2014-01-30","","47.95833333"
"LAS FERIAS","2014-01-29","","36.92063492"
"LAS FERIAS","2014-01-28","","41.5763889"
"LAS FERIAS","2014-01-27","","32.97916666"
"LAS FERIAS","2014-01-26","","28.70833333"
"LAS FERIAS","2014-01-25","","38.06944445"
"LAS FERIAS","2014-01-24","","49.1388889"
"LAS FERIAS","2014-01-23","","27.46666668"
"LAS FERIAS","2014-01-22","","50.64492754"
"LAS FERIAS","2014-01-21","","41.59027777"
"LAS FERIAS","2014-01-20","","23.6969697"
"LAS FERIAS","2014-01-19","","8.0"
"LAS FERIAS","2014-01-18","","15.31944444"
"LAS FERIAS","2014-01-17","","25.8611111"
"LAS FERIAS","2014-01-16","","40.6111111"
"LAS FERIAS","2014-01-15","","36.69444446"
"LAS FERIAS","2014-01-14","","33.08333333"
"LAS FERIAS","2014-01-13","","38.76388889"
"LAS FERIAS","2014-01-12","","34.0625"
"LAS FERIAS","2014-01-11","","38.15972222"
"LAS FERIAS","2014-01-10","","40.16666667"
"LAS FERIAS","2014-01-09","","23.22222222"
"LAS FERIAS","2014-01-08","","22.20416667"
"LAS FERIAS","2014-01-07","","28.86111111"
"LAS FERIAS","2014-01-06","","12.86363636"
"LAS FERIAS","2014-01-05","","14.90972222"
"LAS FERIAS","2014-01-04","","13.75694444"
"LAS FERIAS","2014-01-03","","16.61805556"
"LAS FERIAS","2014-01-02","","21.07638889"
"LAS FERIAS","2014-01-01","","19.24305555"
"LAS FERIAS","2013-12-31","","20.01111111"
"LAS FERIAS","2013-12-30","","13.95238094"
"LAS FERIAS","2013-12-29","","10.55555556"
"LAS FERIAS","2013-12-28","","16.18055556"
"LAS FERIAS","2013-12-27","","24.36111111"
"LAS FERIAS","2013-12-26","","28.37500001"
"LAS FERIAS","2013-12-25","","18.55555555"
"LAS FERIAS","2013-12-24","","32.39583335"
"LAS FERIAS","2013-12-23","","22.62500001"
"LAS FERIAS","2013-12-22","","18.3611111"
"LAS FERIAS","2013-12-21","","28.47916667"
"LAS FERIAS","2013-12-20","","36.27083333"
"LAS FERIAS","2013-12-19","","27.14583334"
"LAS FERIAS","2013-12-18","","33.16666667"
"LAS FERIAS","2013-12-17","","29.00694445"
"LAS FERIAS","2013-12-16","","26.9375"
"LAS FERIAS","2013-12-15","","18.61805556"
"LAS FERIAS","2013-12-14","","17.41666667"
"LAS FERIAS","2013-12-13","","19.9375"
"LAS FERIAS","2013-12-12","","18.11111112"
"LAS FERIAS","2013-12-11","","24.90277778"
"LAS FERIAS","2013-12-10","","16.20833334"
"LAS FERIAS","2013-12-09","","16.25694444"
"LAS FERIAS","2013-12-08","","29.9375"
"LAS FERIAS","2013-12-07","","30.95833333"
"LAS FERIAS","2013-12-06","","20.95833333"
"LAS FERIAS","2013-12-05","","30.11666668"
"LAS FERIAS","2013-12-04","","20.0625"
"LAS FERIAS","2013-12-03","","29.75694445"
"LAS FERIAS","2013-12-02","","28.64814816"
"LAS FERIAS","2013-11-30","","53.72619047"
"LAS FERIAS","2013-11-29","","42.20138889"
"LAS FERIAS","2013-11-28","","36.375"
"LAS FERIAS","2013-11-27","","32.29166666"
"LAS FERIAS","2013-11-26","","51.08333333"
"LAS FERIAS","2013-11-25","","47.8095238"
"LAS FERIAS","2013-11-23","","27.08333333"
"LAS FERIAS","2013-11-22","","37.77083333"
"LAS FERIAS","2013-11-21","","36.36805556"
"LAS FERIAS","2013-11-20","","39.77777777"
"LAS FERIAS","2013-11-19","","37.97222223"
"LAS FERIAS","2013-11-18","","33.02777778"
"LAS FERIAS","2013-11-17","","28.91666668"
"LAS FERIAS","2013-11-16","","23.53472223"
"LAS FERIAS","2013-11-15","","19.91666665"
"LAS FERIAS","2013-11-13","","27.93749999"
"LAS FERIAS","2013-11-12","","18.11805555"
"LAS FERIAS","2013-11-11","","11.96527778"
"LAS FERIAS","2013-11-10","","22.60416665"
"LAS FERIAS","2013-11-09","","39.49305556"
"LAS FERIAS","2013-11-08","","40.75"
"LAS FERIAS","2013-11-07","","29.26388889"
"LAS FERIAS","2013-11-06","","41.79861111"
"LAS FERIAS","2013-11-05","","31.54166668"
"LAS FERIAS","2013-11-04","","14.54166667"
"LAS FERIAS","2013-11-03","","19.0625"
"LAS FERIAS","2013-11-02","","26.04861111"
"LAS FERIAS","2013-11-01","","27.94444445"
"LAS FERIAS","2013-10-31","","23.96527778"
"LAS FERIAS","2013-10-30","","40.45833334"
"LAS FERIAS","2013-10-29","","34.27272726"
"LAS FERIAS","2013-10-28","","37.90277778"
"LAS FERIAS","2013-10-27","","29.30555556"
"LAS FERIAS","2013-10-26","","31.40972223"
"LAS FERIAS","2013-10-25","","14.08333334"
"LAS FERIAS","2013-10-24","","18.41666667"
"LAS FERIAS","2013-10-23","","19.66666667"
"LAS FERIAS","2013-10-21","","14.73611113"
"LAS FERIAS","2013-10-20","","26.85416667"
"LAS FERIAS","2013-10-19","","19.9375"
"LAS FERIAS","2013-10-18","","34.15972223"
"LAS FERIAS","2013-10-17","","19.1969697"
"LAS FERIAS","2013-10-16","","37.69444445"
"LAS FERIAS","2013-10-15","","23.95138889"
"LAS FERIAS","2013-10-14","","14.51388889"
"LAS FERIAS","2013-10-13","","13.04545455"
"LAS FERIAS","2013-10-12","","22.38888888"
"LAS FERIAS","2013-10-11","","41.79861111"
"LAS FERIAS","2013-10-10","","27.84027778"
"LAS FERIAS","2013-10-09","","22.19444444"
"LAS FERIAS","2013-10-08","","15.88888888"
"LAS FERIAS","2013-10-07","","18.15277778"
"LAS FERIAS","2013-10-06","","13.24305555"
"LAS FERIAS","2013-10-05","","15.5625"
"LAS FERIAS","2013-10-04","","15.28030303"
"LAS FERIAS","2013-10-03","","21.94444445"
"LAS FERIAS","2013-10-02","","18.17948718"
"LAS FERIAS","2013-10-01","","40.01388888"
"LAS FERIAS","2013-09-30","","17.38888889"
"LAS FERIAS","2013-09-29","","7.54166667"
"LAS FERIAS","2013-09-28","","15.46969697"
"LAS FERIAS","2013-09-27","","10.5530303"
"LAS FERIAS","2013-09-26","","17.38888889"
"LAS FERIAS","2013-09-25","","11.63194445"
"LAS FERIAS","2013-09-24","","13.8888889"
"LAS FERIAS","2013-09-23","","11.26388889"
"LAS FERIAS","2013-09-22","","10.77272727"
"LAS FERIAS","2013-09-21","","33.04166666"
"LAS FERIAS","2013-09-20","","17.25757575"
"LAS FERIAS","2013-09-19","","11.49122807"
"LAS FERIAS","2013-09-18","","11.95833335"
"LAS FERIAS","2013-09-17","","13.29861112"
"LAS FERIAS","2013-09-16","","12.49999999"
"LAS FERIAS","2013-09-15","","7.21212121"
"LAS FERIAS","2013-09-14","","12.94444445"
"LAS FERIAS","2013-09-13","","43.86111111"
"LAS FERIAS","2013-09-12","","37.3888889"
"LAS FERIAS","2013-09-11","","23.28472221"
"LAS FERIAS","2013-09-10","","24.22727273"
"LAS FERIAS","2013-09-09","","20.85964911"
"LAS FERIAS","2013-09-08","","7.64583333"
"LAS FERIAS","2013-09-07","","22.11111111"
"LAS FERIAS","2013-09-06","","18.90277777"
"LAS FERIAS","2013-09-05","","27.66666666"
"LAS FERIAS","2013-09-04","","57.88194444"
"LAS FERIAS","2013-09-03","","47.66666667"
"LAS FERIAS","2013-09-02","","37.7361111"
"LAS FERIAS","2013-09-01","","10.56944444"
"LAS FERIAS","2013-08-31","","9.0763889"
"LAS FERIAS","2013-08-30","","19.49242424"
"LAS FERIAS","2013-08-29","","11.84722222"
"LAS FERIAS","2013-08-28","","13.93749999"
"LAS FERIAS","2013-08-27","","12.36363636"
"LAS FERIAS","2013-08-25","","18.71014493"
"LAS FERIAS","2013-08-24","","31.97916667"
"LAS FERIAS","2013-08-23","","22.34027778"
"LAS FERIAS","2013-08-22","","15.13888888"
"LAS FERIAS","2013-08-21","","12.22727274"
"LAS FERIAS","2013-08-20","","17.76388889"
"LAS FERIAS","2013-08-19","","15.54166665"
"LAS FERIAS","2013-08-18","","17.05555556"
"LAS FERIAS","2013-08-17","","19.79166667"
"LAS FERIAS","2013-08-16","","14.51515151"
"LAS FERIAS","2013-08-15","","11.90277778"
"LAS FERIAS","2013-08-14","","14.88888889"
"LAS FERIAS","2013-08-13","","26.57575759"
"LAS FERIAS","2013-08-12","","28.14166667"
"LAS FERIAS","2013-08-11","","21.25"
"LAS FERIAS","2013-08-10","","24.52083334"
"LAS FERIAS","2013-08-09","","67.68421053"
"LAS FERIAS","2013-08-08","","49.83333333"
"LAS FERIAS","2013-08-07","","41.70138888"
"LAS FERIAS","2013-08-06","","61.72222222"
"LAS FERIAS","2013-08-05","","32.7986111"
"LAS FERIAS","2013-08-04","","33.08333333"
"LAS FERIAS","2013-08-03","","28.85416667"
"LAS FERIAS","2013-08-02","","18.86111111"
"LAS FERIAS","2013-08-01","","32.03472222"
"LAS FERIAS","2013-07-31","","30.76388889"
"LAS FERIAS","2013-07-30","","37.49242425"
"LAS FERIAS","2013-07-29","","25.29545455"
"LAS FERIAS","2013-07-28","","16.13194444"
"LAS FERIAS","2013-07-27","","24.63194445"
"LAS FERIAS","2013-07-26","","23.77777778"
"LAS FERIAS","2013-07-25","","23.07638889"
"LAS FERIAS","2013-07-24","","27.15972223"
"LAS FERIAS","2013-07-23","","28.92361112"
"LAS FERIAS","2013-07-22","","25.79166667"
"LAS FERIAS","2013-07-21","","15.40972223"
"LAS FERIAS","2013-07-20","","37.13888889"
"LAS FERIAS","2013-07-19","","37.3125"
"LAS FERIAS","2013-07-18","","28.52777778"
"LAS FERIAS","2013-07-17","","22.27083332"
"LAS FERIAS","2013-07-16","","23.75694444"
"LAS FERIAS","2013-07-15","","28.86111111"
"LAS FERIAS","2013-07-14","","35.66666666"
"LAS FERIAS","2013-07-13","","48.99305555"
"LAS FERIAS","2013-07-12","","37.60416668"
"LAS FERIAS","2013-07-11","","29.94444445"
"LAS FERIAS","2013-07-10","","24.21212121"
"LAS FERIAS","2013-07-09","","24.14583333"
"LAS FERIAS","2013-07-08","","23.13636362"
"LAS FERIAS","2013-07-07","","19.9375"
"LAS FERIAS","2013-07-06","","22.18421052"
"LAS FERIAS","2013-07-05","","28.59027778"
"LAS FERIAS","2013-07-04","","82.22916667"
"LAS FERIAS","2013-07-03","","56.09027778"
"LAS FERIAS","2013-07-02","","24.38194443"
"LAS FERIAS","2013-07-01","","20.3263889"
"LAS FERIAS","2013-06-30","","42.42424243"
"LAS FERIAS","2013-06-29","","58.43055556"
"LAS FERIAS","2013-06-28","","39.06250001"
"LAS FERIAS","2013-06-27","","36.98611111"
"LAS FERIAS","2013-06-26","","33.3263889"
"LAS FERIAS","2013-06-25","","44.36805556"
"LAS FERIAS","2013-06-24","","18.6875"
"LAS FERIAS","2013-06-23","","25.05555556"
"LAS FERIAS","2013-06-22","","27.70833333"
"LAS FERIAS","2013-06-21","","22.91666665"
"LAS FERIAS","2013-06-20","","20.09090909"
"LAS FERIAS","2013-06-19","","21.36805555"
"LAS FERIAS","2013-06-18","","27.61111111"
"LAS FERIAS","2013-06-17","","31.52083334"
"LAS FERIAS","2013-06-16","","20.5"
"LAS FERIAS","2013-06-15","","28.82638888"
"LAS FERIAS","2013-06-14","","24.87037037"
"LAS FERIAS","2013-06-13","","14.3333333"
"LAS FERIAS","2013-06-12","","21.24305556"
"LAS FERIAS","2013-06-11","","26.35606061"
"LAS FERIAS","2013-06-10","","15.27083334"
"LAS FERIAS","2013-06-09","","15.92361112"
"LAS FERIAS","2013-06-08","","16.96527778"
"LAS FERIAS","2013-06-07","","24.21527778"
"LAS FERIAS","2013-06-06","","28.53174602"
"LAS FERIAS","2013-06-05","","30.36805556"
"LAS FERIAS","2013-06-04","","26.16666667"
"LAS FERIAS","2013-06-03","","8.88888887"
"LAS FERIAS","2013-06-02","","18.56944444"
"LAS FERIAS","2013-06-01","","44.61111111"
"LAS FERIAS","2013-05-31","","35.51111111"
"LAS FERIAS","2013-05-30","","49.17857142"
"LAS FERIAS","2013-05-29","","41.16666666"
"LAS FERIAS","2013-05-28","","32.10526316"
"LAS FERIAS","2013-05-27","","28.70833334"
"LAS FERIAS","2013-05-26","","23.575"
"LAS FERIAS","2013-05-25","","40.67361111"
"LAS FERIAS","2013-05-24","","31.46296298"
"LAS FERIAS","2013-05-23","","31.0"
"LAS FERIAS","2013-05-22","","34.14035087"
"LAS FERIAS","2013-05-21","","34.50694445"
"LAS FERIAS","2013-05-20","","37.00694445"
"LAS FERIAS","2013-05-19","","15.76190477"
"LAS FERIAS","2013-05-18","","33.78472222"
"LAS FERIAS","2013-05-17","","32.10144928"
"LAS FERIAS","2013-05-16","","37.06666668"
"LAS FERIAS","2013-05-15","","40.90972222"
"LAS FERIAS","2013-05-14","","28.56944445"
"LAS FERIAS","2013-05-13","","20.67361112"
"LAS FERIAS","2013-05-12","","29.8888889"
"LAS FERIAS","2013-05-11","","48.36805557"
"LAS FERIAS","2013-05-10","","48.71527778"
"LAS FERIAS","2013-05-09","","28.84375001"
"LAS FERIAS","2013-05-08","","41.52777778"
"LAS FERIAS","2013-05-07","","60.39583333"
"LAS FERIAS","2013-05-06","","52.31884058"
"LAS FERIAS","2013-05-05","","29.36805556"
"LAS FERIAS","2013-05-04","","58.52083333"
"LAS FERIAS","2013-05-03","","53.99166667"
"LAS FERIAS","2013-05-02","","59.0"
"LAS FERIAS","2013-04-30","","46.78333334"
"LAS FERIAS","2013-04-29","","48.30952381"
"LAS FERIAS","2013-04-28","","47.1388889"
"LAS FERIAS","2013-04-27","","55.82638889"
"LAS FERIAS","2013-04-26","","56.65277777"
"LAS FERIAS","2013-04-25","","51.86111111"
"LAS FERIAS","2013-04-24","","51.2121212"
"LAS FERIAS","2013-04-23","","62.39583334"
"LAS FERIAS","2013-04-22","","43.4047619"
"LAS FERIAS","2013-04-15","","33.19047619"
"LAS FERIAS","2013-04-14","","22.09848485"
"LAS FERIAS","2013-04-13","","37.21052631"
"LAS FERIAS","2013-04-12","","51.59999999"
"LAS FERIAS","2013-04-09","","49.07692307"
"LAS FERIAS","2013-04-08","","54.19565217"
"LAS FERIAS","2013-04-07","","41.5"
"LAS FERIAS","2013-04-06","","66.30555555"
"LAS FERIAS","2013-04-05","","60.50793651"
"LAS FERIAS","2013-04-04","","61.78787878"
"LAS FERIAS","2013-04-02","","41.17708334"
"LAS FERIAS","2013-04-01","","30.24999999"
"LAS FERIAS","2013-03-31","","18.42361112"
"LAS FERIAS","2013-03-30","","17.79166668"
"LAS FERIAS","2013-03-29","","31.25"
"LAS FERIAS","2013-03-28","","39.8888889"
"LAS FERIAS","2013-03-27","","52.58333333"
"LAS FERIAS","2013-03-26","","46.48611111"
"LAS FERIAS","2013-03-25","","46.66666666"
"LAS FERIAS","2013-03-24","","35.53472224"
"LAS FERIAS","2013-03-23","","73.45833333"
"LAS FERIAS","2013-03-22","","50.61805555"
"LAS FERIAS","2013-03-21","","56.65972222"
"LAS FERIAS","2013-03-20","","56.88888889"
"LAS FERIAS","2013-03-19","","54.38888889"
"LAS FERIAS","2013-03-18","","54.63194444"
"LAS FERIAS","2013-03-17","","43.53472222"
"LAS FERIAS","2013-03-16","","61.90277778"
"LAS FERIAS","2013-03-15","","61.03472223"
"LAS FERIAS","2013-03-14","","58.91666666"
"LAS FERIAS","2013-03-13","","50.50000001"
"LAS FERIAS","2013-03-12","","35.96666666"
"LAS FERIAS","2013-03-11","","57.24358975"
"LAS FERIAS","2013-03-10","","45.73333332"
"LAS FERIAS","2013-03-09","","37.925"
"LAS FERIAS","2013-03-08","","46.97222223"
"LAS FERIAS","2013-03-07","","56.97916668"
"LAS FERIAS","2013-03-06","","46.14583333"
"LAS FERIAS","2013-03-05","","34.97222223"
"LAS FERIAS","2013-03-04","","40.00694445"
"LAS FERIAS","2013-03-03","","47.5763889"
"LAS FERIAS","2013-03-02","","33.44444444"
"LAS FERIAS","2013-03-01","","28.0873016"
"LAS FERIAS","2013-02-28","","31.9"
"LAS FERIAS","2013-02-17","","46.95833333"
"LAS FERIAS","2013-02-16","","50.0"
"LAS FERIAS","2013-02-15","","61.8125"
"LAS FERIAS","2013-02-14","","61.38194445"
"LAS FERIAS","2013-02-13","","49.69444445"
"LAS FERIAS","2013-02-12","","56.87179485"
"LAS FERIAS","2013-02-09","","34.2"
"LAS FERIAS","2013-02-08","","61.44736842"
"LAS FERIAS","2013-02-07","","67.75833334"
"LAS FERIAS","2013-02-06","","70.62820513"
"LAS FERIAS","2013-02-05","","60.38636364"
"LAS FERIAS","2013-02-04","","57.79166668"
"LAS FERIAS","2013-02-03","","55.90000001"
"LAS FERIAS","2013-02-02","","63.30303031"
"LAS FERIAS","2013-02-01","","77.67543861"
"LAS FERIAS","2013-01-31","","61.84722223"
"LAS FERIAS","2013-01-30","","48.39130435"
"LAS FERIAS","2013-01-29","","60.95138889"
"LAS FERIAS","2013-01-28","","36.84126984"
"LAS FERIAS","2013-01-27","","49.23188407"
"LAS FERIAS","2013-01-26","","56.36805555"
"LAS FERIAS","2013-01-25","","59.64583333"
"LAS FERIAS","2013-01-24","","78.28472222"
"LAS FERIAS","2013-01-23","","60.30555555"
"LAS FERIAS","2013-01-22","","50.09027778"
"LAS FERIAS","2013-01-21","","47.18939394"
"LAS FERIAS","2013-01-20","","29.50833333"
"LAS FERIAS","2013-01-19","","57.40277778"
"LAS FERIAS","2013-01-18","","59.42361111"
"LAS FERIAS","2013-01-17","","81.9375"
"LAS FERIAS","2013-01-16","","85.81944444"
"LAS FERIAS","2013-01-15","","73.27777778"
"LAS FERIAS","2013-01-14","","71.8611111"
"LAS FERIAS","2013-01-13","","67.33333333"
"LAS FERIAS","2013-01-12","","82.52631579"
"LAS FERIAS","2013-01-11","","64.77083335"
"LAS FERIAS","2013-01-10","","29.04861111"
"LAS FERIAS","2013-01-09","","25.95138888"
"LAS FERIAS","2013-01-08","","27.88888889"
"LAS FERIAS","2013-01-07","","22.0625"
"LAS FERIAS","2013-01-06","","23.84027778"
"LAS FERIAS","2013-01-05","","25.07638889"
"LAS FERIAS","2013-01-04","","35.94444444"
"LAS FERIAS","2013-01-03","","38.64583334"
"LAS FERIAS","2013-01-02","","23.02083333"
"LAS FERIAS","2013-01-01","","27.37499999"
"LAS FERIAS","2012-12-31","","21.8611111"
"LAS FERIAS","2012-12-30","","18.25694444"
"LAS FERIAS","2012-12-29","","35.25694445"
"LAS FERIAS","2012-12-28","","23.90277778"
"LAS FERIAS","2012-12-27","","20.0"
"LAS FERIAS","2012-12-26","","23.0625"
"LAS FERIAS","2012-12-25","","32.61111111"
"LAS FERIAS","2012-12-24","","25.92424243"
"LAS FERIAS","2012-12-23","","24.2986111"
"LAS FERIAS","2012-12-22","","40.04166667"
"LAS FERIAS","2012-12-21","","56.27083333"
"LAS FERIAS","2012-12-20","","36.46212121"
"LAS FERIAS","2012-12-19","","54.98611112"
"LAS FERIAS","2012-12-18","","52.4861111"
"LAS FERIAS","2012-12-17","","48.42361111"
"LAS FERIAS","2012-12-16","","37.27083332"
"LAS FERIAS","2012-12-15","","46.84027778"
"LAS FERIAS","2012-12-14","","58.84027777"
"LAS FERIAS","2012-12-13","","59.7013889"
"LAS FERIAS","2012-12-12","","68.27777777"
"LAS FERIAS","2012-12-11","","55.9469697"
"LAS FERIAS","2012-12-10","","39.40277777"
"LAS FERIAS","2012-12-09","","19.27777778"
"LAS FERIAS","2012-12-08","","36.95138888"
"LAS FERIAS","2012-12-07","","65.11805555"
"LAS FERIAS","2012-12-06","","54.70138889"
"LAS FERIAS","2012-12-05","","45.84722222"
"LAS FERIAS","2012-12-04","","57.65972222"
"LAS FERIAS","2012-12-03","","41.00694444"
"LAS FERIAS","2012-12-02","","36.68055556"
"LAS FERIAS","2012-12-01","","42.56250001"
"LAS FERIAS","2012-11-30","","52.20138889"
"LAS FERIAS","2012-11-29","","56.86805555"
"LAS FERIAS","2012-11-28","","65.33333332"
"LAS FERIAS","2012-11-27","","44.03030304"
"LAS FERIAS","2012-11-26","","32.84027778"
"LAS FERIAS","2012-11-25","","45.80555556"
"LAS FERIAS","2012-11-24","","60.32638889"
"LAS FERIAS","2012-11-23","","63.24305555"
"LAS FERIAS","2012-11-22","","87.82638889"
"LAS FERIAS","2012-11-21","","77.77777777"
"LAS FERIAS","2012-11-20","","63.88194445"
"LAS FERIAS","2012-11-19","","81.40277778"
"LAS FERIAS","2012-11-18","","44.41666667"
"LAS FERIAS","2012-11-17","","46.0763889"
"LAS FERIAS","2012-11-16","","56.27777778"
"LAS FERIAS","2012-11-15","","71.7986111"
"LAS FERIAS","2012-11-14","","61.0"
"LAS FERIAS","2012-11-13","","63.44444444"
"LAS FERIAS","2012-11-12","","44.48611111"
"LAS FERIAS","2012-11-11","","34.63194444"
"LAS FERIAS","2012-11-10","","55.22222223"
"LAS FERIAS","2012-11-09","","49.66666667"
"LAS FERIAS","2012-11-08","","41.54166667"
"LAS FERIAS","2012-11-07","","57.80555555"
"LAS FERIAS","2012-11-06","","42.4513889"
"LAS FERIAS","2012-11-05","","18.92361111"
"LAS FERIAS","2012-11-04","","44.12878788"
"LAS FERIAS","2012-11-03","","56.19444445"
"LAS FERIAS","2012-11-02","","69.99305555"
"LAS FERIAS","2012-11-01","","54.65277778"
"LAS FERIAS","2012-10-31","","53.91666666"
"LAS FERIAS","2012-10-30","","60.92753624"
"LAS FERIAS","2012-10-29","","53.65277777"
"LAS FERIAS","2012-10-28","","26.04166666"
"LAS FERIAS","2012-10-27","","43.4375"
"LAS FERIAS","2012-10-26","","59.25694444"
"LAS FERIAS","2012-10-25","","52.97916667"
"LAS FERIAS","2012-10-24","","46.43055556"
"LAS FERIAS","2012-10-23","","63.11111111"
"LAS FERIAS","2012-10-22","","65.09027778"
"LAS FERIAS","2012-10-21","","53.33333335"
"LAS FERIAS","2012-10-20","","41.9513889"
"LAS FERIAS","2012-10-19","","47.15972222"
"LAS FERIAS","2012-10-18","","36.23611112"
"LAS FERIAS","2012-10-17","","44.0625"
"LAS FERIAS","2012-10-16","","41.30555555"
"LAS FERIAS","2012-10-15","","57.89583333"
"LAS FERIAS","2012-10-14","","62.625"
"LAS FERIAS","2012-10-13","","50.58333334"
"LAS FERIAS","2012-10-12","","56.38888889"
"LAS FERIAS","2012-10-11","","61.70833333"
"LAS FERIAS","2012-10-10","","70.12222222"
"LAS FERIAS","2012-10-09","","44.48611111"
"LAS FERIAS","2012-10-08","","30.65277778"
"LAS FERIAS","2012-10-07","","16.88888888"
"LAS FERIAS","2012-10-06","","35.21527778"
"LAS FERIAS","2012-10-05","","65.08333333"
"LAS FERIAS","2012-10-04","","49.9513889"
"LAS FERIAS","2012-10-03","","48.5625"
"LAS FERIAS","2012-10-02","","40.79166668"
"LAS FERIAS","2012-10-01","","28.88888888"
"LAS FERIAS","2012-09-30","","14.94444444"
"LAS FERIAS","2012-09-29","","28.67361111"
"LAS FERIAS","2012-09-28","","52.35416667"
"LAS FERIAS","2012-09-27","","39.49305555"
"LAS FERIAS","2012-09-26","","37.27777778"
"LAS FERIAS","2012-09-25","","45.37500001"
"LAS FERIAS","2012-09-24","","56.81944445"
"LAS FERIAS","2012-09-23","","38.45138889"
"LAS FERIAS","2012-09-22","","42.12962964"
"LAS FERIAS","2012-09-07","","42.37962963"
"LAS FERIAS","2012-09-06","","37.14583333"
"LAS FERIAS","2012-09-05","","33.71527778"
"LAS FERIAS","2012-09-04","","29.89130434"
"LAS FERIAS","2012-09-03","","22.46969695"
"LAS FERIAS","2012-09-02","","17.03472223"
"LAS FERIAS","2012-09-01","","29.89393939"
"LAS FERIAS","2012-08-31","","39.38194444"
"LAS FERIAS","2012-08-30","","29.09848484"
"LAS FERIAS","2012-08-29","","35.14166668"
"LAS FERIAS","2012-08-28","","52.2638889"
"LAS FERIAS","2012-08-27","","31.42424242"
"LAS FERIAS","2012-08-26","","17.99206349"
"LAS FERIAS","2012-08-25","","26.84027778"
"LAS FERIAS","2012-08-24","","69.55833333"
"LAS FERIAS","2012-08-23","","54.90972221"
"LAS FERIAS","2012-08-22","","46.93055555"
"LAS FERIAS","2012-08-21","","57.6904762"
"LAS FERIAS","2012-08-20","","21.9047619"
"LAS FERIAS","2012-08-19","","20.64166667"
"LAS FERIAS","2012-08-18","","23.65277776"
"LAS FERIAS","2012-08-17","","29.49999999"
"LAS FERIAS","2012-08-16","","35.3768116"
"LAS FERIAS","2012-08-15","","37.11904761"
"LAS FERIAS","2012-08-14","","32.3095238"
"LAS FERIAS","2012-08-13","","27.2361111"
"LAS FERIAS","2012-08-12","","32.70833334"
"LAS FERIAS","2012-08-11","","32.56944445"
"LAS FERIAS","2012-08-10","","32.53472222"
"LAS FERIAS","2012-08-09","","30.80555555"
"LAS FERIAS","2012-08-08","","31.38888888"
"LAS FERIAS","2012-08-07","","37.11111111"
"LAS FERIAS","2012-08-06","","50.19696969"
"LAS FERIAS","2012-08-05","","17.5625"
"LAS FERIAS","2012-08-04","","38.44444445"
"LAS FERIAS","2012-08-03","","74.52898551"
"LAS FERIAS","2012-08-02","","42.31818183"
"LAS FERIAS","2012-08-01","","27.45833333"
"LAS FERIAS","2012-07-31","","45.03472222"
"LAS FERIAS","2012-07-30","","29.67361112"
"LAS FERIAS","2012-07-29","","16.91666668"
"LAS FERIAS","2012-07-28","","26.4469697"
"LAS FERIAS","2012-07-27","","32.43055555"
"LAS FERIAS","2012-07-26","","31.89583333"
"LAS FERIAS","2012-07-25","","45.09722223"
"LAS FERIAS","2012-07-24","","27.95138889"
"LAS FERIAS","2012-07-23","","29.09090908"
"LAS FERIAS","2012-07-22","","13.40972222"
"LAS FERIAS","2012-07-21","","31.20138889"
"LAS FERIAS","2012-07-20","","17.43055555"
"LAS FERIAS","2012-07-19","","27.16666666"
"LAS FERIAS","2012-07-18","","28.57638889"
"LAS FERIAS","2012-07-17","","33.94444444"
"LAS FERIAS","2012-07-16","","40.29166667"
"LAS FERIAS","2012-07-15","","21.74305557"
"LAS FERIAS","2012-07-14","","32.04166666"
"LAS FERIAS","2012-07-13","","50.70833335"
"LAS FERIAS","2012-07-12","","47.5"
"LAS FERIAS","2012-07-11","","33.54166666"
"LAS FERIAS","2012-07-10","","34.5"
"LAS FERIAS","2012-07-09","","38.22222222"
"LAS FERIAS","2012-07-08","","13.39583333"
"LAS FERIAS","2012-07-07","","35.5625"
"LAS FERIAS","2012-07-06","","54.50793652"
"LAS FERIAS","2012-07-05","","34.58333334"
"LAS FERIAS","2012-07-04","","34.71527777"
"LAS FERIAS","2012-07-03","","49.73809523"
"LAS FERIAS","2012-07-02","","12.40909091"
"LAS FERIAS","2012-07-01","","13.94444444"
"LAS FERIAS","2012-06-30","","31.59722222"
"LAS FERIAS","2012-06-29","","58.71527778"
"LAS FERIAS","2012-06-28","","33.78571429"
"LAS FERIAS","2012-06-27","","34.75"
"LAS FERIAS","2012-06-26","","28.84027778"
"LAS FERIAS","2012-06-25","","31.38888889"
"LAS FERIAS","2012-06-24","","24.58333333"
"LAS FERIAS","2012-06-23","","47.0625"
"LAS FERIAS","2012-06-22","","50.58333333"
"LAS FERIAS","2012-06-21","","45.08333333"
"LAS FERIAS","2012-06-20","","40.3125"
"LAS FERIAS","2012-06-19","","43.25"
"LAS FERIAS","2012-06-18","","23.2013889"
"LAS FERIAS","2012-06-17","","33.98611112"
"LAS FERIAS","2012-06-16","","39.84722223"
"LAS FERIAS","2012-06-15","","47.63194445"
"LAS FERIAS","2012-06-14","","49.10416667"
"LAS FERIAS","2012-06-13","","51.60833334"
"LAS FERIAS","2012-06-12","","37.83333334"
"LAS FERIAS","2012-06-11","","14.96031746"
"LAS FERIAS","2012-06-10","","13.90277778"
"LAS FERIAS","2012-06-09","","37.66666667"
"LAS FERIAS","2012-06-08","","38.47222221"
"LAS FERIAS","2012-06-07","","40.99275363"
"LAS FERIAS","2012-06-06","","56.13194444"
"LAS FERIAS","2012-06-05","","56.0763889"
"LAS FERIAS","2012-06-04","","64.33333334"
"LAS FERIAS","2012-06-03","","23.13888889"
"LAS FERIAS","2012-06-02","","33.70833333"
"LAS FERIAS","2012-06-01","","33.71969696"
"LAS FERIAS","2012-05-31","","39.83333334"
"LAS FERIAS","2012-05-30","","43.40972223"
"LAS FERIAS","2012-05-29","","42.25"
"LAS FERIAS","2012-05-28","","41.0763889"
"LAS FERIAS","2012-05-27","","34.26388889"
"LAS FERIAS","2012-05-26","","50.25694445"
"LAS FERIAS","2012-05-25","","51.19298246"
"LAS FERIAS","2012-05-24","","44.25000001"
"LAS FERIAS","2012-05-23","","46.6111111"
"LAS FERIAS","2012-05-22","","44.6875"
"LAS FERIAS","2012-05-21","","26.65277778"
"LAS FERIAS","2012-05-20","","22.31249999"
"LAS FERIAS","2012-05-19","","23.42361111"
"LAS FERIAS","2012-05-18","","60.36805556"
"LAS FERIAS","2012-05-17","","44.38194445"
"LAS FERIAS","2012-05-16","","53.96527778"
"LAS FERIAS","2012-05-15","","71.32638889"
"LAS FERIAS","2012-05-14","","50.19444445"
"LAS FERIAS","2012-05-13","","16.49305556"
"LAS FERIAS","2012-05-12","","37.55555554"
"LAS FERIAS","2012-05-11","","77.46491229"
"LAS FERIAS","2012-05-10","","95.82575757"
"LAS FERIAS","2012-05-09","","75.38888889"
"LAS FERIAS","2012-05-08","","67.27777779"
"LAS FERIAS","2012-05-07","","57.72916668"
"LAS FERIAS","2012-05-06","","42.95833334"
"LAS FERIAS","2012-05-05","","60.40277778"
"LAS FERIAS","2012-05-04","","52.29545455"
"LAS FERIAS","2012-05-03","","64.88194445"
"LAS FERIAS","2012-05-02","","41.94444445"
"LAS FERIAS","2012-05-01","","17.1875"
"LAS FERIAS","2012-04-30","","47.75000001"
"LAS FERIAS","2012-04-29","","30.72916667"
"LAS FERIAS","2012-04-28","","38.04545455"
"LAS FERIAS","2012-04-27","","54.8508772"
"LAS FERIAS","2012-04-26","","63.17361112"
"LAS FERIAS","2012-04-25","","57.40666666"
"LAS FERIAS","2012-04-24","","55.45833333"
"LAS FERIAS","2012-04-23","","54.67361111"
"LAS FERIAS","2012-04-22","","28.89583332"
"LAS FERIAS","2012-04-21","","44.98611111"
"LAS FERIAS","2012-04-20","","76.17361111"
"LAS FERIAS","2012-04-19","","75.22916666"
"LAS FERIAS","2012-04-18","","74.77777778"
"LAS FERIAS","2012-04-17","","77.75694445"
"LAS FERIAS","2012-04-16","","43.52083333"
"LAS FERIAS","2012-04-15","","53.46527777"
"LAS FERIAS","2012-04-14","","83.03472222"
"LAS FERIAS","2012-04-13","","46.25"
"LAS FERIAS","2012-04-12","","33.07638889"
"LAS FERIAS","2012-04-11","","44.19444445"
"LAS FERIAS","2012-04-10","","61.99305555"
"LAS FERIAS","2012-04-09","","44.64583333"
"LAS FERIAS","2012-04-08","","24.77083333"
"LAS FERIAS","2012-04-07","","22.78030303"
"LAS FERIAS","2012-04-06","","28.40277777"
"LAS FERIAS","2012-04-05","","34.31944445"
"LAS FERIAS","2012-04-04","","43.70833333"
"LAS FERIAS","2012-04-03","","58.47916666"
"LAS FERIAS","2012-04-02","","44.83333333"
"LAS FERIAS","2012-04-01","","19.79166667"
"LAS FERIAS","2012-03-31","","32.33333333"
"LAS FERIAS","2012-03-30","","42.61805556"
"LAS FERIAS","2012-03-29","","48.83333333"
"LAS FERIAS","2012-03-28","","57.61805557"
"LAS FERIAS","2012-03-27","","65.05555556"
"LAS FERIAS","2012-03-26","","41.66666667"
"LAS FERIAS","2012-03-25","","26.27777777"
"LAS FERIAS","2012-03-24","","74.04861111"
"LAS FERIAS","2012-03-23","","78.09722223"
"LAS FERIAS","2012-03-22","","60.10416667"
"LAS FERIAS","2012-03-21","","67.97916668"
"LAS FERIAS","2012-03-20","","77.47222224"
"LAS FERIAS","2012-03-19","","30.83333334"
"LAS FERIAS","2012-03-18","","40.65277778"
"LAS FERIAS","2012-03-17","","36.90277778"
"LAS FERIAS","2012-03-16","","64.67361111"
"LAS FERIAS","2012-03-15","","61.96527778"
"LAS FERIAS","2012-03-14","","51.95833334"
"LAS FERIAS","2012-03-13","","46.68055555"
"LAS FERIAS","2012-03-12","","44.17361111"
"LAS FERIAS","2012-03-11","","17.40972223"
"LAS FERIAS","2012-03-10","","53.22916667"
"LAS FERIAS","2012-03-09","","67.25694445"
"LAS FERIAS","2012-03-08","","55.15972223"
"LAS FERIAS","2012-03-07","","66.75"
"LAS FERIAS","2012-03-06","","59.20833333"
"LAS FERIAS","2012-03-05","","53.61904763"
"LAS FERIAS","2012-03-04","","18.52083333"
"LAS FERIAS","2012-03-03","","31.13194444"
"LAS FERIAS","2012-03-02","","51.5"
"LAS FERIAS","2012-03-01","","64.79861111"
"LAS FERIAS","2012-02-29","","70.4375"
"LAS FERIAS","2012-02-28","","67.7361111"
"LAS FERIAS","2012-02-27","","52.4375"
"LAS FERIAS","2012-02-26","","46.09848484"
"LAS FERIAS","2012-02-25","","65.41666666"
"LAS FERIAS","2012-02-24","","52.02380952"
"LAS FERIAS","2012-02-23","","63.54861112"
"LAS FERIAS","2012-02-22","","55.72916668"
"LAS FERIAS","2012-02-21","","66.59027778"
"LAS FERIAS","2012-02-20","","72.70833333"
"LAS FERIAS","2012-02-19","","45.62500001"
"LAS FERIAS","2012-02-18","","84.45833334"
"LAS FERIAS","2012-02-17","","106.36805555"
"LAS FERIAS","2012-02-16","","74.47222222"
"LAS FERIAS","2012-02-15","","74.52083333"
"LAS FERIAS","2012-02-14","","51.4236111"
"LAS FERIAS","2012-02-13","","56.90972223"
"LAS FERIAS","2012-02-12","","35.57638889"
"LAS FERIAS","2012-02-11","","63.81944444"
"LAS FERIAS","2012-02-10","","72.625"
"LAS FERIAS","2012-02-09","","67.96527778"
"LAS FERIAS","2012-02-08","","49.34722223"
"LAS FERIAS","2012-02-07","","45.26388889"
"LAS FERIAS","2012-02-06","","21.24305555"
"LAS FERIAS","2012-02-05","","21.89583333"
"LAS FERIAS","2012-02-04","","50.44444445"
"LAS FERIAS","2012-02-03","","62.75"
"LAS FERIAS","2012-02-02","","77.14583333"
"LAS FERIAS","2012-02-01","","57.3125"
"LAS FERIAS","2012-01-31","","64.95833333"
"LAS FERIAS","2012-01-30","","58.24242425"
"LAS FERIAS","2012-01-29","","35.16666667"
"LAS FERIAS","2012-01-28","","52.08333333"
"LAS FERIAS","2012-01-27","","52.18055556"
"LAS FERIAS","2012-01-26","","61.81944445"
"LAS FERIAS","2012-01-25","","51.48611111"
"LAS FERIAS","2012-01-24","","63.31372548"
"LAS FERIAS","2012-01-23","","42.85416667"
"LAS FERIAS","2012-01-22","","35.77083333"
"LAS FERIAS","2012-01-21","","56.15277779"
"LAS FERIAS","2012-01-20","","54.21527778"
"LAS FERIAS","2012-01-19","","53.03030302"
"LAS FERIAS","2012-01-18","","56.06944444"
"LAS FERIAS","2012-01-17","","46.75"
"LAS FERIAS","2012-01-16","","50.90972222"
"LAS FERIAS","2012-01-15","","22.71527777"
"LAS FERIAS","2012-01-14","","30.91666666"
"LAS FERIAS","2012-01-13","","47.59722223"
"LAS FERIAS","2012-01-12","","45.91666666"
"LAS FERIAS","2012-01-11","","59.31944445"
"LAS FERIAS","2012-01-10","","57.32638889"
"LAS FERIAS","2012-01-09","","26.06944444"
"LAS FERIAS","2012-01-08","","34.72916666"
"LAS FERIAS","2012-01-07","","43.65277778"
"LAS FERIAS","2012-01-06","","43.29166666"
"LAS FERIAS","2012-01-05","","50.625"
"LAS FERIAS","2012-01-04","","46.02083333"
"LAS FERIAS","2012-01-03","","58.0952381"
"LAS FERIAS","2012-01-02","","43.22916667"
"LAS FERIAS","2012-01-01","","36.50694445"
"LAS FERIAS","2011-12-31","","22.84027778"
"LAS FERIAS","2011-12-30","","36.34027779"
"LAS FERIAS","2011-12-29","","42.66666667"
"LAS FERIAS","2011-12-28","","41.68055556"
"LAS FERIAS","2011-12-27","","40.77777778"
"LAS FERIAS","2011-12-26","","32.06944444"
"LAS FERIAS","2011-12-25","","29.07638889"
"LAS FERIAS","2011-12-24","","20.22916667"
"LAS FERIAS","2011-12-23","","32.86805556"
"LAS FERIAS","2011-12-22","","35.27083333"
"LAS FERIAS","2011-12-21","","32.13194445"
"LAS FERIAS","2011-12-20","","29.72222221"
"LAS FERIAS","2011-12-19","","55.83333333"
"LAS FERIAS","2011-12-17","","62.64705884"
"LAS FERIAS","2011-12-16","","37.91666666"
"LAS FERIAS","2011-12-15","","45.71527778"
"LAS FERIAS","2011-12-14","","55.60416667"
"LAS FERIAS","2011-12-13","","64.53174602"
"LAS FERIAS","2011-12-12","","55.52083335"
"LAS FERIAS","2011-12-11","","75.03472223"
"LAS FERIAS","2011-12-10","","58.93055555"
"LAS FERIAS","2011-12-09","","61.77083333"
"LAS FERIAS","2011-12-08","","51.46527778"
"LAS FERIAS","2011-12-07","","53.95454547"
"LAS FERIAS","2011-12-06","","65.84920634"
"LAS FERIAS","2011-12-05","","41.31818182"
"LAS FERIAS","2011-12-04","","49.74305556"
"LAS FERIAS","2011-12-03","","53.27777778"
"LAS FERIAS","2011-12-02","","54.00694445"
"LAS FERIAS","2011-12-01","","40.20833332"
"LAS FERIAS","2011-11-30","","54.30555556"
"LAS FERIAS","2011-11-29","","42.67460317"
"LAS FERIAS","2011-11-28","","67.03472222"
"LAS FERIAS","2011-11-27","","57.97916667"
"LAS FERIAS","2011-11-26","","57.86805555"
"LAS FERIAS","2011-11-25","","68.28472222"
"LAS FERIAS","2011-11-24","","45.66666667"
"LAS FERIAS","2011-11-23","","47.01388889"
"LAS FERIAS","2011-11-22","","61.80555556"
"LAS FERIAS","2011-11-21","","43.76388888"
"LAS FERIAS","2011-11-20","","27.27777778"
"LAS FERIAS","2011-11-19","","30.02777778"
"LAS FERIAS","2011-11-18","","36.9375"
"LAS FERIAS","2011-11-17","","40.3125"
"LAS FERIAS","2011-11-16","","59.17361111"
"LAS FERIAS","2011-11-15","","42.07638889"
"LAS FERIAS","2011-11-14","","34.11111112"
"LAS FERIAS","2011-11-13","","43.52083333"
"LAS FERIAS","2011-11-12","","31.3263889"
"LAS FERIAS","2011-11-11","","64.875"
"LAS FERIAS","2011-11-10","","57.36956521"
"LAS FERIAS","2011-11-09","","47.24999999"
"LAS FERIAS","2011-11-08","","57.22222223"
"LAS FERIAS","2011-11-07","","38.57638889"
"LAS FERIAS","2011-11-06","","47.63194445"
"LAS FERIAS","2011-11-05","","77.64583333"
"LAS FERIAS","2011-11-04","","74.11805556"
"LAS FERIAS","2011-11-03","","58.82638888"
"LAS FERIAS","2011-11-02","","64.20833333"
"LAS FERIAS","2011-11-01","","69.77777778"
"LAS FERIAS","2011-10-31","","56.7638889"
"LAS FERIAS","2011-10-30","","33.1231884"
"LAS FERIAS","2011-10-29","","48.16666665"
"LAS FERIAS","2011-10-28","","40.59027777"
"LAS FERIAS","2011-10-27","","45.30555556"
"LAS FERIAS","2011-10-26","","65.59027778"
"LAS FERIAS","2011-10-25","","50.13888889"
"LAS FERIAS","2011-10-24","","38.08333333"
"LAS FERIAS","2011-10-23","","43.80555555"
"LAS FERIAS","2011-10-22","","38.34722223"
"LAS FERIAS","2011-10-21","","59.57638889"
"LAS FERIAS","2011-10-20","","31.40277778"
"LAS FERIAS","2011-10-19","","41.53472222"
"LAS FERIAS","2011-10-18","","32.59722222"
"LAS FERIAS","2011-10-17","","25.97222221"
"LAS FERIAS","2011-10-16","","25.28030303"
"LAS FERIAS","2011-10-15","","29.88194445"
"LAS FERIAS","2011-10-14","","49.55555555"
"LAS FERIAS","2011-10-13","","35.10416667"
"LAS FERIAS","2011-10-12","","31.60606061"
"LAS FERIAS","2011-10-11","","39.21527778"
"LAS FERIAS","2011-10-10","","49.30555556"
"LAS FERIAS","2011-10-09","","32.23611111"
"LAS FERIAS","2011-10-08","","40.01515151"
"LAS FERIAS","2011-10-07","","52.78472223"
"LAS FERIAS","2011-10-06","","56.21527778"
"LAS FERIAS","2011-10-05","","62.5625"
"LAS FERIAS","2011-10-04","","42.36805556"
"LAS FERIAS","2011-10-03","","44.45138889"
"LAS FERIAS","2011-10-02","","28.42361112"
"LAS FERIAS","2011-10-01","","41.18055555"
"LAS FERIAS","2011-09-30","","60.65277778"
"LAS FERIAS","2011-09-29","","45.88194444"
"LAS FERIAS","2011-09-28","","35.88888889"
"LAS FERIAS","2011-09-27","","35.81944445"
"LAS FERIAS","2011-09-26","","28.38888889"
"LAS FERIAS","2011-09-25","","15.49999999"
"LAS FERIAS","2011-09-24","","35.34090909"
"LAS FERIAS","2011-09-23","","67.80434782"
"LAS FERIAS","2011-09-22","","37.18055556"
"LAS FERIAS","2011-09-21","","43.6111111"
"LAS FERIAS","2011-09-20","","58.96527778"
"LAS FERIAS","2011-09-19","","29.3611111"
"LAS FERIAS","2011-09-18","","38.42361111"
"LAS FERIAS","2011-09-17","","43.09027778"
"LAS FERIAS","2011-09-16","","71.79166667"
"LAS FERIAS","2011-09-15","","33.15972222"
"LAS FERIAS","2011-09-14","","48.74305555"
"LAS FERIAS","2011-09-13","","40.33333333"
"LAS FERIAS","2011-09-12","","20.84722222"
"LAS FERIAS","2011-09-11","","14.14583333"
"LAS FERIAS","2011-09-10","","59.625"
"LAS FERIAS","2011-09-09","","52.71527778"
"LAS FERIAS","2011-09-08","","53.8125"
"LAS FERIAS","2011-09-07","","28.88194444"
"LAS FERIAS","2011-09-06","","34.45833333"
"LAS FERIAS","2011-09-05","","43.43181819"
"LAS FERIAS","2011-09-04","","24.68939394"
"LAS FERIAS","2011-09-03","","55.34722223"
"LAS FERIAS","2011-09-02","","47.63194445"
"LAS FERIAS","2011-09-01","","36.34027778"
"LAS FERIAS","2011-08-31","","48.88888889"
"LAS FERIAS","2011-08-30","","44.59722223"
"LAS FERIAS","2011-08-29","","29.19444445"
"LAS FERIAS","2011-08-28","","28.44444445"
"LAS FERIAS","2011-08-27","","42.15277778"
"LAS FERIAS","2011-08-26","","33.02083334"
"LAS FERIAS","2011-08-25","","45.73611112"
"LAS FERIAS","2011-08-24","","45.95"
"LAS FERIAS","2011-08-23","","33.08333333"
"LAS FERIAS","2011-08-22","","47.40277777"
"LAS FERIAS","2011-08-21","","43.13333334"
"LAS FERIAS","2011-08-20","","49.79861111"
"LAS FERIAS","2011-08-19","","64.68055556"
"LAS FERIAS","2011-08-18","","43.27536233"
"LAS FERIAS","2011-08-17","","48.53623187"
"LAS FERIAS","2011-08-16","","43.90277777"
"LAS FERIAS","2011-08-15","","17.49999999"
"LAS FERIAS","2011-08-14","","27.05555556"
"LAS FERIAS","2011-08-13","","45.4375"
"LAS FERIAS","2011-08-12","","47.95833334"
"LAS FERIAS","2011-08-11","","49.0"
"LAS FERIAS","2011-08-10","","43.20833334"
"LAS FERIAS","2011-08-09","","47.61111111"
"LAS FERIAS","2011-08-08","","43.86805555"
"LAS FERIAS","2011-08-07","","15.5625"
"LAS FERIAS","2011-08-06","","35.43055555"
"LAS FERIAS","2011-08-05","","42.30555556"
"LAS FERIAS","2011-08-04","","34.6736111"
"LAS FERIAS","2011-08-03","","49.13888889"
"LAS FERIAS","2011-08-02","","74.11594203"
"LAS FERIAS","2011-08-01","","73.44444442"
"LAS FERIAS","2011-07-31","","38.55555556"
"LAS FERIAS","2011-07-30","","33.47916668"
"LAS FERIAS","2011-07-29","","55.27777778"
"LAS FERIAS","2011-07-28","","38.39583333"
"LAS FERIAS","2011-07-27","","31.68749999"
"LAS FERIAS","2011-07-26","","34.9090909"
"LAS FERIAS","2011-07-25","","37.11111112"
"LAS FERIAS","2011-07-23","","4.70833333"
"LAS FERIAS","2011-07-22","","29.61904761"
"LAS FERIAS","2011-07-21","","32.2857143"
"LAS FERIAS","2011-07-20","","21.08333333"
"LAS FERIAS","2011-07-19","","27.97916666"
"LAS FERIAS","2011-07-18","","31.5"
"LAS FERIAS","2011-07-17","","33.78472222"
"LAS FERIAS","2011-07-16","","35.31944445"
"LAS FERIAS","2011-07-15","","69.23913043"
"LAS FERIAS","2011-07-14","","71.54861111"
"LAS FERIAS","2011-07-13","","44.09722222"
"LAS FERIAS","2011-07-12","","36.15217391"
"LAS FERIAS","2011-07-11","","26.75000001"
"LAS FERIAS","2011-07-10","","13.82575758"
"LAS FERIAS","2011-07-09","","20.79166667"
"LAS FERIAS","2011-07-08","","26.27777778"
"LAS FERIAS","2011-07-07","","25.63194444"
"LAS FERIAS","2011-07-06","","30.96527778"
"LAS FERIAS","2011-07-05","","38.09722223"
"LAS FERIAS","2011-07-04","","14.0"
"LAS FERIAS","2011-07-03","","26.34027779"
"LAS FERIAS","2011-07-02","","35.24999999"
"LAS FERIAS","2011-07-01","","34.79166667"
"LAS FERIAS","2011-06-30","","29.07638889"
"LAS FERIAS","2011-06-29","","45.93749999"
"LAS FERIAS","2011-06-28","","29.91304348"
"LAS FERIAS","2011-06-27","","14.44444444"
"LAS FERIAS","2011-06-26","","12.38636364"
"LAS FERIAS","2011-06-25","","26.77083333"
"LAS FERIAS","2011-06-24","","32.01388889"
"LAS FERIAS","2011-06-23","","23.375"
"LAS FERIAS","2011-06-22","","20.90972223"
"LAS FERIAS","2011-06-21","","31.25"
"LAS FERIAS","2011-06-20","","37.79861111"
"LAS FERIAS","2011-06-19","","19.5625"
"LAS FERIAS","2011-06-18","","27.97222221"
"LAS FERIAS","2011-06-17","","24.38194444"
"LAS FERIAS","2011-06-16","","30.8939394"
"LAS FERIAS","2011-06-15","","42.96969697"
"LAS FERIAS","2011-06-14","","19.28472223"
"LAS FERIAS","2011-06-13","","16.04166667"
"LAS FERIAS","2011-06-12","","12.10416666"
"LAS FERIAS","2011-06-11","","16.91666667"
"LAS FERIAS","2011-06-10","","25.06944444"
"LAS FERIAS","2011-06-09","","34.1111111"
"LAS FERIAS","2011-06-08","","28.94444445"
"LAS FERIAS","2011-06-07","","56.47916667"
"LAS FERIAS","2011-06-06","","27.36805555"
"LAS FERIAS","2011-06-05","","34.31944444"
"LAS FERIAS","2011-06-04","","51.44444445"
"LAS FERIAS","2011-06-03","","45.0"
"LAS FERIAS","2011-06-02","","51.73611111"
"LAS FERIAS","2011-06-01","","49.91666666"
"LAS FERIAS","2011-05-31","","29.79861111"
"LAS FERIAS","2011-05-30","","22.51388889"
"LAS FERIAS","2011-05-29","","24.84027778"
"LAS FERIAS","2011-05-28","","25.4236111"
"LAS FERIAS","2011-05-27","","30.41304348"
"LAS FERIAS","2011-05-26","","37.49305555"
"LAS FERIAS","2011-05-25","","40.03472222"
"LAS FERIAS","2011-05-24","","59.94444444"
"LAS FERIAS","2011-05-23","","43.53472223"
"LAS FERIAS","2011-05-22","","25.45138888"
"LAS FERIAS","2011-05-21","","49.13888889"
"LAS FERIAS","2011-05-20","","88.50694444"
"LAS FERIAS","2011-05-19","","42.9375"
"LAS FERIAS","2011-05-18","","43.20833333"
"LAS FERIAS","2011-05-17","","36.95833334"
"LAS FERIAS","2011-05-16","","47.97826086"
"LAS FERIAS","2011-05-15","","44.04166668"
"LAS FERIAS","2011-05-14","","33.51449274"
"LAS FERIAS","2011-05-13","","45.06250001"
"LAS FERIAS","2011-05-12","","44.77192983"
"LAS FERIAS","2011-05-11","","36.21527778"
"LAS FERIAS","2011-05-10","","37.65972222"
"LAS FERIAS","2011-05-09","","28.89583333"
"LAS FERIAS","2011-05-08","","15.14583333"
"LAS FERIAS","2011-05-07","","23.96527778"
"LAS FERIAS","2011-05-06","","34.86231884"
"LAS FERIAS","2011-05-05","","42.63194445"
"LAS FERIAS","2011-05-04","","31.5530303"
"LAS FERIAS","2011-05-03","","26.75694444"
"LAS FERIAS","2011-05-02","","31.46031745"
"LAS FERIAS","2011-05-01","","30.57246376"
"LAS FERIAS","2011-04-30","","57.75694444"
"LAS FERIAS","2011-04-29","","56.95833333"
"LAS FERIAS","2011-04-28","","49.34722223"
"LAS FERIAS","2011-04-27","","39.61111112"
"LAS FERIAS","2011-04-26","","34.08333333"
"LAS FERIAS","2011-04-25","","24.00694444"
"LAS FERIAS","2011-04-24","","24.75"
"LAS FERIAS","2011-04-23","","12.025"
"LAS FERIAS","2011-04-22","","22.34027778"
"LAS FERIAS","2011-04-21","","21.70138889"
"LAS FERIAS","2011-04-20","","24.82638889"
"LAS FERIAS","2011-04-19","","32.48611111"
"LAS FERIAS","2011-04-18","","47.47916668"
"LAS FERIAS","2011-04-17","","21.14583334"
"LAS FERIAS","2011-04-16","","53.0"
"LAS FERIAS","2011-04-15","","31.48550725"
"LAS FERIAS","2011-04-14","","48.81060605"
"LAS FERIAS","2011-04-13","","36.31249999"
"LAS FERIAS","2011-04-12","","39.125"
"LAS FERIAS","2011-04-11","","33.39583333"
"LAS FERIAS","2011-04-10","","24.86805555"
"LAS FERIAS","2011-04-09","","48.35416667"
"LAS FERIAS","2011-04-08","","87.11805555"
"LAS FERIAS","2011-04-07","","71.77083333"
"LAS FERIAS","2011-04-06","","50.84848484"
"LAS FERIAS","2011-04-05","","44.99275363"
"LAS FERIAS","2011-04-04","","49.94444444"
"LAS FERIAS","2011-04-03","","49.73611111"
"LAS FERIAS","2011-04-02","","43.08333334"
"LAS FERIAS","2011-04-01","","55.79166668"
"LAS FERIAS","2011-03-31","","47.0"
"LAS FERIAS","2011-03-30","","58.1875"
"LAS FERIAS","2011-03-29","","41.51388888"
"LAS FERIAS","2011-03-28","","29.36111111"
"LAS FERIAS","2011-03-27","","18.4861111"
"LAS FERIAS","2011-03-26","","18.30555555"
"LAS FERIAS","2011-03-25","","30.11111111"
"LAS FERIAS","2011-03-24","","30.03472221"
"LAS FERIAS","2011-03-23","","31.3030303"
"LAS FERIAS","2011-03-22","","41.28787879"
"LAS FERIAS","2011-03-21","","25.5"
"LAS FERIAS","2011-03-20","","39.75"
"LAS FERIAS","2011-03-19","","31.08333334"
"LAS FERIAS","2011-03-18","","34.11805556"
"LAS FERIAS","2011-03-17","","84.88194444"
"LAS FERIAS","2011-03-16","","71.34027778"
"LAS FERIAS","2011-03-15","","55.13194445"
"LAS FERIAS","2011-03-14","","32.5"
"LAS FERIAS","2011-03-13","","27.57638888"
"LAS FERIAS","2011-03-12","","35.52083334"
"LAS FERIAS","2011-03-11","","41.37681159"
"LAS FERIAS","2011-03-10","","33.83333333"
"LAS FERIAS","2011-03-09","","41.625"
"LAS FERIAS","2011-03-08","","47.18055556"
"LAS FERIAS","2011-03-07","","67.03623189"
"LAS FERIAS","2011-03-06","","32.40972221"
"LAS FERIAS","2011-03-05","","67.19444445"
"LAS FERIAS","2011-03-04","","40.67361112"
"LAS FERIAS","2011-03-03","","30.18749999"
"LAS FERIAS","2011-03-02","","33.0625"
"LAS FERIAS","2011-03-01","","32.45138888"
"LAS FERIAS","2011-02-28","","44.09722224"
"LAS FERIAS","2011-02-27","","36.44444444"
"LAS FERIAS","2011-02-26","","45.84722222"
"LAS FERIAS","2011-02-25","","46.44444444"
"LAS FERIAS","2011-02-24","","43.6388889"
"LAS FERIAS","2011-02-23","","50.72222222"
"LAS FERIAS","2011-02-22","","68.94444444"
"LAS FERIAS","2011-02-21","","53.15972223"
"LAS FERIAS","2011-02-20","","33.06944444"
"LAS FERIAS","2011-02-19","","43.9375"
"LAS FERIAS","2011-02-18","","46.56944444"
"LAS FERIAS","2011-02-17","","46.97222223"
"LAS FERIAS","2011-02-16","","42.79545454"
"LAS FERIAS","2011-02-15","","55.84027778"
"LAS FERIAS","2011-02-14","","53.56944445"
"LAS FERIAS","2011-02-13","","35.27777778"
"LAS FERIAS","2011-02-12","","39.45138888"
"LAS FERIAS","2011-02-11","","61.75"
"LAS FERIAS","2011-02-10","","49.26388889"
"LAS FERIAS","2011-02-09","","36.76984127"
"LAS FERIAS","2011-02-08","","45.65277778"
"LAS FERIAS","2011-02-07","","48.59722223"
"LAS FERIAS","2011-02-06","","31.09722223"
"LAS FERIAS","2011-02-05","","56.01388889"
"LAS FERIAS","2011-02-04","","75.93055555"
"LAS FERIAS","2011-02-03","","54.78472222"
"LAS FERIAS","2011-02-02","","25.25694445"
"LAS FERIAS","2011-02-01","","32.04166667"
"LAS FERIAS","2011-01-31","","49.38888889"
"LAS FERIAS","2011-01-30","","33.43055556"
"LAS FERIAS","2011-01-29","","49.38888889"
"LAS FERIAS","2011-01-28","","67.46527779"
"LAS FERIAS","2011-01-27","","60.75694445"
"LAS FERIAS","2011-01-26","","54.27777778"
"LAS FERIAS","2011-01-25","","73.25"
"LAS FERIAS","2011-01-24","","42.83333333"
"LAS FERIAS","2011-01-23","","36.39583333"
"LAS FERIAS","2011-01-22","","56.46527778"
"LAS FERIAS","2011-01-21","","62.55555557"
"LAS FERIAS","2011-01-20","","57.78472222"
"LAS FERIAS","2011-01-19","","61.26388889"
"LAS FERIAS","2011-01-18","","65.72916667"
"LAS FERIAS","2011-01-17","","54.50694444"
"LAS FERIAS","2011-01-16","","52.45833333"
"LAS FERIAS","2011-01-15","","42.31944445"
"LAS FERIAS","2011-01-14","","41.16666666"
"LAS FERIAS","2011-01-13","","43.0"
"LAS FERIAS","2011-01-12","","59.77777777"
"LAS FERIAS","2011-01-11","","38.83333335"
"LAS FERIAS","2011-01-10","","15.98611111"
"LAS FERIAS","2011-01-09","","16.55555556"
"LAS FERIAS","2011-01-08","","38.47222223"
"LAS FERIAS","2011-01-07","","56.43055555"
"LAS FERIAS","2011-01-06","","48.34027779"
"LAS FERIAS","2011-01-05","","52.40972222"
"LAS FERIAS","2011-01-04","","59.45454545"
"LAS FERIAS","2011-01-03","","48.86805555"
"LAS FERIAS","2011-01-02","","32.75694444"
"LAS FERIAS","2011-01-01","","52.83333333"
"LAS FERIAS","2010-12-31","","60.13194445"
"LAS FERIAS","2010-12-30","","52.58695653"
"LAS FERIAS","2010-12-29","","26.39583333"
"LAS FERIAS","2010-12-28","","59.75"
"LAS FERIAS","2010-12-27","","45.89473685"
"LAS FERIAS","2010-12-26","","17.71969696"
"LAS FERIAS","2010-12-25","","50.72222222"
"LAS FERIAS","2010-12-24","","49.46527778"
"LAS FERIAS","2010-12-23","","73.82575757"
"LAS FERIAS","2010-12-22","","81.30555555"
"LAS FERIAS","2010-12-21","","58.17361112"
"LAS FERIAS","2010-12-20","","36.25694445"
"LAS FERIAS","2010-12-19","","56.77777779"
"LAS FERIAS","2010-12-18","","55.90972223"
"LAS FERIAS","2010-12-17","","55.84722223"
"LAS FERIAS","2010-12-14","","78.25"
"LAS FERIAS","2010-12-13","","37.91666667"
"LAS FERIAS","2010-12-12","","54.73611112"
"LAS FERIAS","2010-12-11","","63.84027778"
"LAS FERIAS","2010-12-10","","75.53472222"
"LAS FERIAS","2010-12-09","","43.80555557"
"LAS FERIAS","2010-12-08","","68.0625"
"LAS FERIAS","2010-12-07","","32.8125"
"LAS FERIAS","2010-12-06","","50.71527778"
"LAS FERIAS","2010-12-05","","28.5763889"
"LAS FERIAS","2010-12-04","","52.14583335"
"LAS FERIAS","2010-12-03","","48.45138889"
"LAS FERIAS","2010-12-02","","38.70833333"
"LAS FERIAS","2010-12-01","","53.15277778"
"LAS FERIAS","2010-11-30","","60.49305555"
"LAS FERIAS","2010-11-29","","52.91666668"
"LAS FERIAS","2010-11-28","","49.73611111"
"LAS FERIAS","2010-11-27","","36.27777778"
"LAS FERIAS","2010-11-26","","59.44444445"
"LAS FERIAS","2010-11-25","","56.05555555"
"LAS FERIAS","2010-11-24","","49.09722223"
"LAS FERIAS","2010-11-23","","56.925"
"LAS FERIAS","2010-11-22","","64.09722223"
"LAS FERIAS","2010-11-21","","48.38888888"
"LAS FERIAS","2010-11-20","","71.25694444"
"LAS FERIAS","2010-11-19","","70.13194444"
"LAS FERIAS","2010-11-18","","53.34027778"
"LAS FERIAS","2010-11-17","","52.06944444"
"LAS FERIAS","2010-11-16","","38.33333333"
"LAS FERIAS","2010-11-15","","28.59722223"
"LAS FERIAS","2010-11-14","","23.53472223"
"LAS FERIAS","2010-11-13","","63.6736111"
"LAS FERIAS","2010-11-12","","61.1875"
"LAS FERIAS","2010-11-11","","45.61111111"
"LAS FERIAS","2010-11-10","","48.54166666"
"LAS FERIAS","2010-11-09","","42.68055555"
"LAS FERIAS","2010-11-08","","33.8888889"
"LAS FERIAS","2010-11-07","","26.03472222"
"LAS FERIAS","2010-11-06","","40.30555555"
"LAS FERIAS","2010-11-05","","60.90972223"
"LAS FERIAS","2010-11-04","","75.92753623"
"LAS FERIAS","2010-11-03","","47.75490195"
"LAS FERIAS","2010-11-02","","66.72222223"
"LAS FERIAS","2010-11-01","","40.85416666"
"LAS FERIAS","2010-10-31","","37.14583333"
"LAS FERIAS","2010-10-30","","45.28472222"
"LAS FERIAS","2010-10-29","","54.20833333"
"LAS FERIAS","2010-10-28","","41.89855072"
"LAS FERIAS","2010-10-27","","46.57638888"
"LAS FERIAS","2010-10-26","","58.72222224"
"LAS FERIAS","2010-10-25","","50.12121212"
"LAS FERIAS","2010-10-24","","42.58333333"
"LAS FERIAS","2010-10-23","","72.65277778"
"LAS FERIAS","2010-10-22","","69.51388888"
"LAS FERIAS","2010-10-21","","57.35416666"
"LAS FERIAS","2010-10-20","","47.1111111"
"LAS FERIAS","2010-10-19","","33.25"
"LAS FERIAS","2010-10-18","","37.67361111"
"LAS FERIAS","2010-10-17","","29.37499999"
"LAS FERIAS","2010-10-16","","43.375"
"LAS FERIAS","2010-10-15","","50.68055555"
"LAS FERIAS","2010-10-14","","49.57638889"
"LAS FERIAS","2010-10-13","","35.61403508"
"LAS FERIAS","2010-10-12","","34.03472223"
"LAS FERIAS","2010-10-11","","26.81944445"
"LAS FERIAS","2010-10-10","","21.59722223"
"LAS FERIAS","2010-10-09","","27.52083334"
"LAS FERIAS","2010-10-08","","46.30555555"
"LAS FERIAS","2010-10-07","","52.90972223"
"LAS FERIAS","2010-10-06","","63.33333333"
"LAS FERIAS","2010-10-05","","43.05555555"
"LAS FERIAS","2010-10-04","","48.72916665"
"LAS FERIAS","2010-10-03","","66.02777778"
"LAS FERIAS","2010-10-02","","60.95138889"
"LAS FERIAS","2010-10-01","","103.16666666"
"LAS FERIAS","2010-09-30","","100.90277779"
"LAS FERIAS","2010-09-29","","81.51388889"
"LAS FERIAS","2010-09-28","","50.72916667"
"LAS FERIAS","2010-09-27","","64.15277778"
"LAS FERIAS","2010-09-26","","43.96527779"
"LAS FERIAS","2010-09-25","","75.38194445"
"LAS FERIAS","2010-09-24","","70.71527778"
"LAS FERIAS","2010-09-23","","64.97222223"
"LAS FERIAS","2010-09-22","","60.1736111"
"LAS FERIAS","2010-09-21","","83.47222222"
"LAS FERIAS","2010-09-20","","49.34027779"
"LAS FERIAS","2010-09-19","","46.47222223"
"LAS FERIAS","2010-09-18","","53.29861111"
"LAS FERIAS","2010-09-17","","63.98550725"
"LAS FERIAS","2010-09-16","","51.02272728"
"LAS FERIAS","2010-09-15","","39.09722223"
"LAS FERIAS","2010-09-14","","54.72727273"
"LAS FERIAS","2010-09-13","","76.40277777"
"LAS FERIAS","2010-09-12","","71.65277778"
"LAS FERIAS","2010-09-11","","85.93055555"
"LAS FERIAS","2010-09-10","","85.05555556"
"LAS FERIAS","2010-09-09","","65.33333333"
"LAS FERIAS","2010-09-08","","48.33333334"
"LAS FERIAS","2010-09-07","","42.3125"
"LAS FERIAS","2010-09-06","","38.30555556"
"LAS FERIAS","2010-09-05","","29.58333334"
"LAS FERIAS","2010-09-04","","34.36111111"
"LAS FERIAS","2010-09-03","","39.08333334"
"LAS FERIAS","2010-09-02","","33.79861112"
"LAS FERIAS","2010-09-01","","66.3611111"
"LAS FERIAS","2010-08-31","","53.6388889"
"LAS FERIAS","2010-08-30","","49.34722222"
"LAS FERIAS","2010-08-29","","24.97916668"
"LAS FERIAS","2010-08-28","","33.91666666"
"LAS FERIAS","2010-08-27","","68.63194446"
"LAS FERIAS","2010-08-26","","53.01388888"
"LAS FERIAS","2010-08-25","","72.54166666"
"LAS FERIAS","2010-08-24","","70.51515151"
"LAS FERIAS","2010-08-23","","79.69444445"
"LAS FERIAS","2010-08-22","","61.875"
"LAS FERIAS","2010-08-21","","58.03472222"
"LAS FERIAS","2010-08-20","","45.59027778"
"LAS FERIAS","2010-08-19","","41.47222221"
"LAS FERIAS","2010-08-18","","57.72916666"
"LAS FERIAS","2010-08-17","","67.76388889"
"LAS FERIAS","2010-08-16","","23.96527778"
"LAS FERIAS","2010-08-15","","24.84027778"
"LAS FERIAS","2010-08-14","","33.60416667"
"LAS FERIAS","2010-08-13","","41.97222222"
"LAS FERIAS","2010-08-12","","43.56944445"
"LAS FERIAS","2010-08-11","","42.19444445"
"LAS FERIAS","2010-08-10","","42.97222222"
"LAS FERIAS","2010-08-09","","47.08333333"
"LAS FERIAS","2010-08-08","","24.44444445"
"LAS FERIAS","2010-08-07","","32.13194444"
"LAS FERIAS","2010-08-06","","43.30555556"
"LAS FERIAS","2010-08-05","","35.34722222"
"LAS FERIAS","2010-08-04","","44.97222221"
"LAS FERIAS","2010-08-03","","58.375"
"LAS FERIAS","2010-08-02","","48.5625"
"LAS FERIAS","2010-08-01","","27.01388889"
"LAS FERIAS","2010-07-31","","51.50694445"
"LAS FERIAS","2010-07-30","","75.66666666"
"LAS FERIAS","2010-07-29","","69.84722223"
"LAS FERIAS","2010-07-28","","43.51388888"
"LAS FERIAS","2010-07-27","","25.40277778"
"LAS FERIAS","2010-07-26","","28.10416667"
"LAS FERIAS","2010-07-25","","14.92361113"
"LAS FERIAS","2010-07-24","","33.27083333"
"LAS FERIAS","2010-07-23","","29.11111111"
"LAS FERIAS","2010-07-19","","33.30000001"
"LAS FERIAS","2010-07-18","","28.30555555"
"LAS FERIAS","2010-07-17","","27.64583333"
"LAS FERIAS","2010-07-16","","32.75"
"LAS FERIAS","2010-07-15","","49.34722222"
"LAS FERIAS","2010-07-14","","35.29861111"
"LAS FERIAS","2010-07-13","","66.52777778"
"LAS FERIAS","2010-07-12","","47.68055555"
"LAS FERIAS","2010-07-11","","16.42361112"
"LAS FERIAS","2010-07-10","","25.02083333"
"LAS FERIAS","2010-07-09","","27.38194445"
"LAS FERIAS","2010-07-08","","41.98611111"
"LAS FERIAS","2010-07-07","","53.72222223"
"LAS FERIAS","2010-07-06","","42.88333333"
"LAS FERIAS","2010-07-04","","22.54166666"
"LAS FERIAS","2010-07-03","","41.85416667"
"LAS FERIAS","2010-07-02","","45.57638889"
"LAS FERIAS","2010-07-01","","48.38888889"
"LAS FERIAS","2010-06-30","","51.22916666"
"LAS FERIAS","2010-06-29","","27.84305556"
"LAS FERIAS","2010-06-28","","35.24999998"
"LAS FERIAS","2010-06-27","","19.95138888"
"LAS FERIAS","2010-06-26","","28.625"
"LAS FERIAS","2010-06-25","","36.67361111"
"LAS FERIAS","2010-06-24","","49.42361111"
"LAS FERIAS","2010-06-23","","62.40972222"
"LAS FERIAS","2010-06-22","","73.04861112"
"LAS FERIAS","2010-06-21","","43.95833334"
"LAS FERIAS","2010-06-20","","26.54166668"
"LAS FERIAS","2010-06-19","","32.47222223"
"LAS FERIAS","2010-06-18","","28.82638889"
"LAS FERIAS","2010-06-17","","42.52777778"
"LAS FERIAS","2010-06-16","","36.27777778"
"LAS FERIAS","2010-06-15","","41.36805556"
"LAS FERIAS","2010-06-14","","32.86111111"
"LAS FERIAS","2010-06-13","","31.19444444"
"LAS FERIAS","2010-06-12","","35.70138888"
"LAS FERIAS","2010-06-11","","49.09722223"
"LAS FERIAS","2010-06-10","","34.48611111"
"LAS FERIAS","2010-06-09","","34.59027778"
"LAS FERIAS","2010-06-08","","31.86805555"
"LAS FERIAS","2010-06-07","","14.84722223"
"LAS FERIAS","2010-06-06","","14.18055555"
"LAS FERIAS","2010-06-05","","24.9375"
"LAS FERIAS","2010-06-04","","28.96527778"
"LAS FERIAS","2010-06-03","","26.28472223"
"LAS FERIAS","2010-06-02","","29.875"
"LAS FERIAS","2010-06-01","","33.58333333"
"LAS FERIAS","2010-05-31","","40.20138889"
"LAS FERIAS","2010-05-30","","33.67424242"
"LAS FERIAS","2010-05-29","","49.04166668"
"LAS FERIAS","2010-05-28","","50.24305556"
"LAS FERIAS","2010-05-27","","32.8611111"
"LAS FERIAS","2010-05-26","","66.27361112"
"LAS FERIAS","2010-05-25","","58.15277778"
"LAS FERIAS","2010-05-24","","55.35416666"
"LAS FERIAS","2010-05-23","","35.22916667"
"LAS FERIAS","2010-05-22","","69.56944444"
"LAS FERIAS","2010-05-21","","47.22222222"
"LAS FERIAS","2010-05-20","","41.99305555"
"LAS FERIAS","2010-05-19","","33.95833333"
"LAS FERIAS","2010-05-18","","32.3125"
"LAS FERIAS","2010-05-17","","20.28472222"
"LAS FERIAS","2010-05-16","","12.86805557"
"LAS FERIAS","2010-05-15","","21.51515151"
"LAS FERIAS","2010-05-14","","20.83333333"
"LAS FERIAS","2010-05-13","","23.78472223"
"LAS FERIAS","2010-05-12","","27.88194445"
"LAS FERIAS","2010-05-11","","24.81944444"
"LAS FERIAS","2010-05-10","","22.02083333"
"LAS FERIAS","2010-05-09","","16.10416667"
"LAS FERIAS","2010-05-08","","23.81249999"
"LAS FERIAS","2010-05-07","","35.9861111"
"LAS FERIAS","2010-05-06","","37.24305555"
"LAS FERIAS","2010-05-05","","38.87499999"
"LAS FERIAS","2010-05-04","","41.38194445"
"LAS FERIAS","2010-05-03","","41.72916667"
"LAS FERIAS","2010-05-02","","47.4375"
"LAS FERIAS","2010-05-01","","46.91666665"
"LAS FERIAS","2010-04-30","","56.87719298"
"LAS FERIAS","2010-04-29","","37.55555556"
"LAS FERIAS","2010-04-28","","33.67361111"
"LAS FERIAS","2010-04-27","","42.28472222"
"LAS FERIAS","2010-04-26","","46.04166667"
"LAS FERIAS","2010-04-25","","32.11805555"
"LAS FERIAS","2010-04-24","","24.06944445"
"LAS FERIAS","2010-04-23","","43.6736111"
"LAS FERIAS","2010-04-22","","35.02777778"
"LAS FERIAS","2010-04-21","","71.17361111"
"LAS FERIAS","2010-04-20","","61.29166666"
"LAS FERIAS","2010-04-19","","32.38888888"
"LAS FERIAS","2010-04-18","","52.22916668"
"LAS FERIAS","2010-04-17","","75.20138888"
"LAS FERIAS","2010-04-16","","61.20833334"
"LAS FERIAS","2010-04-15","","54.62499999"
"LAS FERIAS","2010-04-14","","43.90277778"
"LAS FERIAS","2010-04-13","","56.77083333"
"LAS FERIAS","2010-04-12","","52.98611111"
"LAS FERIAS","2010-04-11","","28.08333334"
"LAS FERIAS","2010-04-10","","43.36805557"
"LAS FERIAS","2010-04-09","","38.65277778"
"LAS FERIAS","2010-04-08","","56.19444445"
"LAS FERIAS","2010-04-07","","42.5388889"
"LAS FERIAS","2010-04-06","","31.71969698"
"LAS FERIAS","2010-04-05","","46.72916667"
"LAS FERIAS","2010-04-04","","43.79166666"
"LAS FERIAS","2010-04-03","","45.90972222"
"LAS FERIAS","2010-04-02","","51.34722223"
"LAS FERIAS","2010-04-01","","72.6439394"
"LAS FERIAS","2010-03-31","","43.77083333"
"LAS FERIAS","2010-03-30","","38.69444445"
"LAS FERIAS","2010-03-29","","49.06249999"
"LAS FERIAS","2010-03-28","","38.60416667"
"LAS FERIAS","2010-03-27","","77.73611112"
"LAS FERIAS","2010-03-26","","80.47222223"
"LAS FERIAS","2010-03-25","","70.98611111"
"LAS FERIAS","2010-03-24","","62.56944445"
"LAS FERIAS","2010-03-23","","68.0"
"LAS FERIAS","2010-03-22","","42.95833333"
"LAS FERIAS","2010-03-21","","20.54166666"
"LAS FERIAS","2010-03-20","","25.38194444"
"LAS FERIAS","2010-03-19","","34.99305556"
"LAS FERIAS","2010-03-18","","56.0"
"LAS FERIAS","2010-03-17","","62.77083333"
"LAS FERIAS","2010-03-16","","73.96212121"
"LAS FERIAS","2010-03-15","","77.125"
"LAS FERIAS","2010-03-14","","60.59722223"
"LAS FERIAS","2010-03-13","","65.95833333"
"LAS FERIAS","2010-03-12","","56.54166666"
"LAS FERIAS","2010-03-11","","29.77083333"
"LAS FERIAS","2010-03-10","","33.41666667"
"LAS FERIAS","2010-03-09","","42.52777778"
"LAS FERIAS","2010-03-08","","53.85416667"
"LAS FERIAS","2010-03-07","","40.925"
"LAS FERIAS","2010-03-06","","39.45833334"
"LAS FERIAS","2010-03-05","","48.55833334"
"LAS FERIAS","2010-03-04","","47.875"
"LAS FERIAS","2010-03-03","","56.88888889"
"LAS FERIAS","2010-03-02","","52.29166666"
"LAS FERIAS","2010-03-01","","44.34126984"
"LAS FERIAS","2010-02-28","","44.5"
"LAS FERIAS","2010-02-27","","53.95833334"
"LAS FERIAS","2010-02-26","","72.94444445"
"LAS FERIAS","2010-02-25","","103.09722222"
"LAS FERIAS","2010-02-24","","71.31250001"
"LAS FERIAS","2010-02-23","","53.78124999"
"LAS FERIAS","2010-02-22","","57.22916668"
"LAS FERIAS","2010-02-21","","23.86111112"
"LAS FERIAS","2010-02-20","","30.74305556"
"LAS FERIAS","2010-02-19","","54.92361111"
"LAS FERIAS","2010-02-18","","72.88636363"
"LAS FERIAS","2010-02-17","","78.45138889"
"LAS FERIAS","2010-02-16","","81.07638889"
"LAS FERIAS","2010-02-15","","94.41666667"
"LAS FERIAS","2010-02-14","","59.72916667"
"LAS FERIAS","2010-02-13","","76.15277778"
"LAS FERIAS","2010-02-12","","63.29861112"
"LAS FERIAS","2010-02-11","","69.72916667"
"LAS FERIAS","2010-02-10","","50.64583333"
"LAS FERIAS","2010-02-09","","40.31944444"
"LAS FERIAS","2010-02-08","","58.73484849"
"LAS FERIAS","2010-02-07","","42.375"
"LAS FERIAS","2010-02-06","","48.02083334"
"LAS FERIAS","2010-02-05","","59.97222222"
"LAS FERIAS","2010-02-04","","31.73611112"
"LAS FERIAS","2010-02-03","","39.7361111"
"LAS FERIAS","2010-02-02","","34.47222223"
"LAS FERIAS","2010-02-01","","34.0952381"
"LAS FERIAS","2010-01-31","","23.45138889"
"LAS FERIAS","2010-01-30","","35.75"
"LAS FERIAS","2010-01-29","","47.05555555"
"LAS FERIAS","2010-01-28","","51.8263889"
"LAS FERIAS","2010-01-27","","51.36111111"
"LAS FERIAS","2010-01-26","","60.85416666"
"LAS FERIAS","2010-01-25","","59.54545455"
"LAS FERIAS","2010-01-24","","47.59027777"
"LAS FERIAS","2010-01-23","","74.06944444"
"LAS FERIAS","2010-01-22","","66.77777778"
"LAS FERIAS","2010-01-21","","45.38194445"
"LAS FERIAS","2010-01-20","","29.4375"
"LAS FERIAS","2010-01-19","","39.52083334"
"LAS FERIAS","2010-01-18","","36.28472222"
"LAS FERIAS","2010-01-17","","21.90972223"
"LAS FERIAS","2010-01-16","","30.31249999"
"LAS FERIAS","2010-01-15","","47.75000001"
"LAS FERIAS","2010-01-14","","44.12500001"
"LAS FERIAS","2010-01-13","","64.6875"
"LAS FERIAS","2010-01-12","","70.51388889"
"LAS FERIAS","2010-01-11","","45.71527778"
"LAS FERIAS","2010-01-10","","61.47222222"
"LAS FERIAS","2010-01-09","","49.40972222"
"LAS FERIAS","2010-01-08","","29.19444445"
"LAS FERIAS","2010-01-07","","53.67361111"
"LAS FERIAS","2010-01-06","","61.375"
"LAS FERIAS","2010-01-05","","63.46527777"
"LAS FERIAS","2010-01-04","","56.36805556"
"LAS FERIAS","2010-01-03","","31.45138889"
"LAS FERIAS","2010-01-02","","63.72916667"
"LAS FERIAS","2010-01-01","","48.14814816"
