"Estacion","Fecha inicial","Fecha final","PM10"
"MINAMBIENTE","2021-02-28","","16.27142857"
"MINAMBIENTE","2021-02-27","","23.13913043"
"MINAMBIENTE","2021-02-26","","20.56956522"
"MINAMBIENTE","2021-02-25","","10.99285714"
"MINAMBIENTE","2021-02-24","","21.51363636"
"MINAMBIENTE","2021-02-23","","16.66190476"
"MINAMBIENTE","2021-02-22","","17.21111111"
"MINAMBIENTE","2021-02-21","","25.28888889"
"MINAMBIENTE","2021-02-20","","31.43043478"
"MINAMBIENTE","2021-02-19","","28.27619048"
"MINAMBIENTE","2021-02-18","","29.28636364"
"MINAMBIENTE","2021-02-17","","33.80416667"
"MINAMBIENTE","2021-02-16","","31.73043478"
"MINAMBIENTE","2021-02-15","","17.22222222"
"MINAMBIENTE","2021-02-14","","26.69444444"
"MINAMBIENTE","2021-02-13","","17.26"
"MINAMBIENTE","2021-02-12","","39.43043478"
"MINAMBIENTE","2021-02-11","","28.17368421"
"MINAMBIENTE","2021-02-10","","29.06666667"
"MINAMBIENTE","2021-02-09","","29.33043478"
"MINAMBIENTE","2021-02-08","","27.05"
"MINAMBIENTE","2021-02-07","","15.32083333"
"MINAMBIENTE","2021-02-06","","19.015"
"MINAMBIENTE","2021-02-05","","14.03181818"
"MINAMBIENTE","2021-02-04","","18.51666667"
"MINAMBIENTE","2021-02-03","","12.25555556"
"MINAMBIENTE","2021-02-02","","12.67142857"
"MINAMBIENTE","2021-02-01","","12.14210526"
"MINAMBIENTE","2021-01-31","","12.34210526"
"MINAMBIENTE","2021-01-30","","20.52380952"
"MINAMBIENTE","2021-01-29","","38.90434783"
"MINAMBIENTE","2021-01-28","","37.01764706"
"MINAMBIENTE","2021-01-27","","11.79"
"MINAMBIENTE","2021-01-26","","16.47272727"
"MINAMBIENTE","2021-01-25","","9.44285714"
"MINAMBIENTE","2021-01-24","","4.975"
"MINAMBIENTE","2021-01-22","","23.11875"
"MINAMBIENTE","2021-01-21","","30.23529412"
"MINAMBIENTE","2021-01-20","","21.09090909"
"MINAMBIENTE","2021-01-19","","25.03181818"
"MINAMBIENTE","2021-01-18","","22.62380952"
"MINAMBIENTE","2021-01-17","","17.21538462"
"MINAMBIENTE","2021-01-16","","27.93478261"
"MINAMBIENTE","2021-01-15","","40.91363636"
"MINAMBIENTE","2021-01-14","","33.55909091"
"MINAMBIENTE","2021-01-13","","17.335"
"MINAMBIENTE","2021-01-12","","7.00833333"
"MINAMBIENTE","2021-01-11","","4.925"
"MINAMBIENTE","2021-01-10","","5.4"
"MINAMBIENTE","2021-01-09","","4.61818182"
"MINAMBIENTE","2021-01-08","","19.14"
"MINAMBIENTE","2021-01-07","","14.37142857"
"MINAMBIENTE","2021-01-06","","19.93333333"
"MINAMBIENTE","2021-01-05","","23.805"
"MINAMBIENTE","2021-01-04","","17.0"
"MINAMBIENTE","2021-01-03","","11.45238095"
"MINAMBIENTE","2021-01-02","","11.50909091"
"MINAMBIENTE","2021-01-01","","12.64761905"
"MINAMBIENTE","2020-12-31","","34.63043478"
"MINAMBIENTE","2020-12-30","","35.35"
"MINAMBIENTE","2020-12-29","","26.09090909"
"MINAMBIENTE","2020-12-28","","22.0125"
"MINAMBIENTE","2020-12-27","","16.20952381"
"MINAMBIENTE","2020-12-26","","17.37"
"MINAMBIENTE","2020-12-25","","16.83333333"
"MINAMBIENTE","2020-12-24","","15.57272727"
"MINAMBIENTE","2020-12-23","","31.94090909"
"MINAMBIENTE","2020-12-22","","21.72105263"
"MINAMBIENTE","2020-12-21","","26.17727273"
"MINAMBIENTE","2020-12-20","","8.94285714"
"MINAMBIENTE","2020-12-19","","20.04090909"
"MINAMBIENTE","2020-12-18","","22.36666667"
"MINAMBIENTE","2020-12-17","","11.87692308"
"MINAMBIENTE","2020-12-16","","11.59444444"
"MINAMBIENTE","2020-12-15","","21.20952381"
"MINAMBIENTE","2020-12-14","","18.57083333"
"MINAMBIENTE","2020-12-13","","16.53809524"
"MINAMBIENTE","2020-12-12","","20.2"
"MINAMBIENTE","2020-12-11","","27.70909091"
"MINAMBIENTE","2020-12-10","","48.8"
"MINAMBIENTE","2020-12-09","","27.4"
"MINAMBIENTE","2020-12-08","","25.02857143"
"MINAMBIENTE","2020-12-07","","26.25909091"
"MINAMBIENTE","2020-12-06","","14.0"
"MINAMBIENTE","2020-12-05","","13.80952381"
"MINAMBIENTE","2020-12-04","","17.62380952"
"MINAMBIENTE","2020-12-03","","19.20909091"
"MINAMBIENTE","2020-12-02","","7.85"
"MINAMBIENTE","2020-12-01","","27.38181818"
"MINAMBIENTE","2020-11-30","","8.45555556"
"MINAMBIENTE","2020-11-29","","9.84583333"
"MINAMBIENTE","2020-11-28","","20.365"
"MINAMBIENTE","2020-11-27","","30.75416667"
"MINAMBIENTE","2020-11-26","","32.42222222"
"MINAMBIENTE","2020-11-25","","13.65555556"
"MINAMBIENTE","2020-11-24","","28.5"
"MINAMBIENTE","2020-11-23","","27.2047619"
"MINAMBIENTE","2020-11-22","","23.9625"
"MINAMBIENTE","2020-11-21","","17.59090909"
"MINAMBIENTE","2020-11-20","","22.09411765"
"MINAMBIENTE","2020-11-19","","19.30869565"
"MINAMBIENTE","2020-11-18","","25.27619048"
"MINAMBIENTE","2020-11-17","","25.16818182"
"MINAMBIENTE","2020-11-16","","14.6375"
"MINAMBIENTE","2020-11-15","","16.2047619"
"MINAMBIENTE","2020-11-14","","33.31304348"
"MINAMBIENTE","2020-11-13","","20.53684211"
"MINAMBIENTE","2020-11-12","","25.25"
"MINAMBIENTE","2020-11-11","","15.01904762"
"MINAMBIENTE","2020-11-10","","35.26521739"
"MINAMBIENTE","2020-11-09","","30.08"
"MINAMBIENTE","2020-11-08","","26.37826087"
"MINAMBIENTE","2020-11-07","","34.36086957"
"MINAMBIENTE","2020-11-06","","44.48636364"
"MINAMBIENTE","2020-11-05","","23.93333333"
"MINAMBIENTE","2020-11-04","","33.8125"
"MINAMBIENTE","2020-11-03","","35.31818182"
"MINAMBIENTE","2020-11-02","","20.4047619"
"MINAMBIENTE","2020-11-01","","18.252"
"MINAMBIENTE","2020-10-31","","32.72608696"
"MINAMBIENTE","2020-10-30","","28.25416667"
"MINAMBIENTE","2020-10-29","","26.59166667"
"MINAMBIENTE","2020-10-28","","16.82916667"
"MINAMBIENTE","2020-10-27","","38.19"
"MINAMBIENTE","2020-10-26","","33.865"
"MINAMBIENTE","2020-10-25","","26.04583333"
"MINAMBIENTE","2020-10-24","","8.895"
"MINAMBIENTE","2020-10-23","","7.63333333"
"MINAMBIENTE","2020-10-22","","7.53571429"
"MINAMBIENTE","2020-10-21","","11.84545455"
"MINAMBIENTE","2020-10-20","","22.92857143"
"MINAMBIENTE","2020-10-19","","27.87916667"
"MINAMBIENTE","2020-10-18","","9.09230769"
"MINAMBIENTE","2020-10-17","","8.02727273"
"MINAMBIENTE","2020-10-16","","7.1"
"MINAMBIENTE","2020-10-15","","13.92380952"
"MINAMBIENTE","2020-10-14","","19.1375"
"MINAMBIENTE","2020-10-13","","9.53"
"MINAMBIENTE","2020-10-12","","9.16470588"
"MINAMBIENTE","2020-10-11","","7.62777778"
"MINAMBIENTE","2020-10-10","","9.86666667"
"MINAMBIENTE","2020-10-09","","6.01666667"
"MINAMBIENTE","2020-10-08","","5.42222222"
"MINAMBIENTE","2020-10-07","","13.46"
"MINAMBIENTE","2020-10-06","","28.0375"
"MINAMBIENTE","2020-10-05","","10.66470588"
"MINAMBIENTE","2020-10-04","","9.45416667"
"MINAMBIENTE","2020-10-03","","15.49166667"
"MINAMBIENTE","2020-10-02","","16.50833333"
"MINAMBIENTE","2020-10-01","","8.90909091"
"MINAMBIENTE","2020-09-30","","11.14545455"
"MINAMBIENTE","2020-09-29","","10.02380952"
"MINAMBIENTE","2020-09-28","","9.35"
"MINAMBIENTE","2020-09-27","","14.39166667"
"MINAMBIENTE","2020-09-26","","25.46190476"
"MINAMBIENTE","2020-09-25","","9.22631579"
"MINAMBIENTE","2020-09-24","","9.12380952"
"MINAMBIENTE","2020-09-23","","12.64583333"
"MINAMBIENTE","2020-09-22","","11.15"
"MINAMBIENTE","2020-09-21","","6.96666667"
"MINAMBIENTE","2020-09-20","","7.69090909"
"MINAMBIENTE","2020-09-19","","25.70416667"
"MINAMBIENTE","2020-09-18","","32.49583333"
"MINAMBIENTE","2020-09-17","","40.90833333"
"MINAMBIENTE","2020-09-16","","31.18333333"
"MINAMBIENTE","2020-09-15","","15.46363636"
"MINAMBIENTE","2020-09-14","","10.46666667"
"MINAMBIENTE","2020-09-13","","5.48823529"
"MINAMBIENTE","2020-09-12","","14.6"
"MINAMBIENTE","2020-09-11","","25.80869565"
"MINAMBIENTE","2020-09-10","","18.1625"
"MINAMBIENTE","2020-09-09","","19.82083333"
"MINAMBIENTE","2020-09-08","","16.21363636"
"MINAMBIENTE","2020-09-07","","20.69565217"
"MINAMBIENTE","2020-09-06","","8.16956522"
"MINAMBIENTE","2020-09-05","","6.59047619"
"MINAMBIENTE","2020-09-04","","7.7"
"MINAMBIENTE","2020-09-03","","16.3"
"MINAMBIENTE","2020-09-02","","20.725"
"MINAMBIENTE","2020-09-01","","14.90416667"
"MINAMBIENTE","2020-08-31","","21.52857143"
"MINAMBIENTE","2020-08-30","","17.1625"
"MINAMBIENTE","2020-08-29","","31.63333333"
"MINAMBIENTE","2020-08-28","","15.7375"
"MINAMBIENTE","2020-08-27","","8.59130435"
"MINAMBIENTE","2020-08-26","","24.44347826"
"MINAMBIENTE","2020-08-25","","21.7"
"MINAMBIENTE","2020-08-24","","14.71052632"
"MINAMBIENTE","2020-08-23","","13.34583333"
"MINAMBIENTE","2020-08-22","","14.35714286"
"MINAMBIENTE","2020-08-21","","12.37727273"
"MINAMBIENTE","2020-08-20","","11.4"
"MINAMBIENTE","2020-08-19","","17.30909091"
"MINAMBIENTE","2020-08-18","","35.97916667"
"MINAMBIENTE","2020-08-17","","25.49047619"
"MINAMBIENTE","2020-08-16","","9.61666667"
"MINAMBIENTE","2020-08-15","","7.11818182"
"MINAMBIENTE","2020-08-14","","9.24761905"
"MINAMBIENTE","2020-08-13","","11.15416667"
"MINAMBIENTE","2020-08-12","","15.06956522"
"MINAMBIENTE","2020-08-11","","9.16666667"
"MINAMBIENTE","2020-08-10","","11.02857143"
"MINAMBIENTE","2020-08-09","","4.16"
"MINAMBIENTE","2020-08-08","","5.30833333"
"MINAMBIENTE","2020-08-07","","6.06956522"
"MINAMBIENTE","2020-08-06","","12.25416667"
"MINAMBIENTE","2020-08-05","","7.26521739"
"MINAMBIENTE","2020-08-04","","10.84090909"
"MINAMBIENTE","2020-08-03","","9.525"
"MINAMBIENTE","2020-08-02","","7.36666667"
"MINAMBIENTE","2020-08-01","","11.865"
"MINAMBIENTE","2020-07-31","","5.86666667"
"MINAMBIENTE","2020-07-30","","11.12857143"
"MINAMBIENTE","2020-07-29","","13.77777778"
"MINAMBIENTE","2020-07-28","","10.35"
"MINAMBIENTE","2020-07-27","","8.62"
"MINAMBIENTE","2020-07-26","","6.39583333"
"MINAMBIENTE","2020-07-25","","9.815"
"MINAMBIENTE","2020-07-24","","15.6875"
"MINAMBIENTE","2020-07-23","","14.79047619"
"MINAMBIENTE","2020-07-22","","14.79166667"
"MINAMBIENTE","2020-07-21","","9.06875"
"MINAMBIENTE","2020-07-20","","3.13333333"
"MINAMBIENTE","2020-07-19","","6.41578947"
"MINAMBIENTE","2020-07-18","","8.17"
"MINAMBIENTE","2020-07-17","","10.70434783"
"MINAMBIENTE","2020-07-16","","9.09090909"
"MINAMBIENTE","2020-07-15","","9.2173913"
"MINAMBIENTE","2020-07-14","","4.77"
"MINAMBIENTE","2020-07-13","","5.72083333"
"MINAMBIENTE","2020-07-12","","14.8826087"
"MINAMBIENTE","2020-07-11","","15.91666667"
"MINAMBIENTE","2020-07-10","","13.775"
"MINAMBIENTE","2020-07-09","","7.10434783"
"MINAMBIENTE","2020-07-08","","14.17826087"
"MINAMBIENTE","2020-07-07","","10.99166667"
"MINAMBIENTE","2020-07-06","","14.7"
"MINAMBIENTE","2020-07-05","","16.525"
"MINAMBIENTE","2020-07-04","","7.28181818"
"MINAMBIENTE","2020-07-03","","11.32916667"
"MINAMBIENTE","2020-07-02","","10.045"
"MINAMBIENTE","2020-07-01","","18.7625"
"MINAMBIENTE","2020-06-30","","26.38947368"
"MINAMBIENTE","2020-06-29","","4.52173913"
"MINAMBIENTE","2020-06-28","","10.78333333"
"MINAMBIENTE","2020-06-27","","13.15"
"MINAMBIENTE","2020-06-26","","11.54347826"
"MINAMBIENTE","2020-06-25","","61.50416667"
"MINAMBIENTE","2020-06-24","","95.80833333"
"MINAMBIENTE","2020-06-23","","16.03913043"
"MINAMBIENTE","2020-06-22","","7.2"
"MINAMBIENTE","2020-06-21","","4.30416667"
"MINAMBIENTE","2020-06-20","","7.02631579"
"MINAMBIENTE","2020-06-19","","13.01666667"
"MINAMBIENTE","2020-06-18","","25.39545455"
"MINAMBIENTE","2020-06-17","","18.46363636"
"MINAMBIENTE","2020-06-16","","9.79285714"
"MINAMBIENTE","2020-06-14","","5.01"
"MINAMBIENTE","2020-06-13","","12.81363636"
"MINAMBIENTE","2020-06-12","","22.73333333"
"MINAMBIENTE","2020-06-11","","18.77083333"
"MINAMBIENTE","2020-06-10","","17.1"
"MINAMBIENTE","2020-06-09","","12.96"
"MINAMBIENTE","2020-06-08","","11.64285714"
"MINAMBIENTE","2020-06-07","","6.99565217"
"MINAMBIENTE","2020-06-06","","6.34444444"
"MINAMBIENTE","2020-06-05","","8.69166667"
"MINAMBIENTE","2020-06-04","","10.37083333"
"MINAMBIENTE","2020-06-03","","29.26666667"
"MINAMBIENTE","2020-06-02","","15.76521739"
"MINAMBIENTE","2020-06-01","","10.02380952"
"MINAMBIENTE","2020-05-31","","10.39047619"
"MINAMBIENTE","2020-05-30","","18.94285714"
"MINAMBIENTE","2020-05-29","","17.54166667"
"MINAMBIENTE","2020-05-28","","21.39166667"
"MINAMBIENTE","2020-05-27","","5.31578947"
"MINAMBIENTE","2020-05-26","","5.89333333"
"MINAMBIENTE","2020-05-25","","4.15333333"
"MINAMBIENTE","2020-05-24","","6.05833333"
"MINAMBIENTE","2020-05-23","","7.225"
"MINAMBIENTE","2020-05-22","","9.19583333"
"MINAMBIENTE","2020-05-21","","13.37916667"
"MINAMBIENTE","2020-05-20","","19.47083333"
"MINAMBIENTE","2020-05-19","","13.2375"
"MINAMBIENTE","2020-05-18","","5.04583333"
"MINAMBIENTE","2020-05-17","","4.53333333"
"MINAMBIENTE","2020-05-16","","5.37916667"
"MINAMBIENTE","2020-05-15","","14.14782609"
"MINAMBIENTE","2020-05-14","","18.13333333"
"MINAMBIENTE","2020-05-13","","17.22916667"
"MINAMBIENTE","2020-05-12","","22.27083333"
"MINAMBIENTE","2020-05-11","","11.9952381"
"MINAMBIENTE","2020-05-10","","5.64166667"
"MINAMBIENTE","2020-05-09","","5.74583333"
"MINAMBIENTE","2020-05-08","","8.26521739"
"MINAMBIENTE","2020-05-07","","9.36818182"
"MINAMBIENTE","2020-05-06","","10.67916667"
"MINAMBIENTE","2020-05-05","","8.31666667"
"MINAMBIENTE","2020-05-04","","9.64090909"
"MINAMBIENTE","2020-05-03","","10.49166667"
"MINAMBIENTE","2020-05-02","","10.82608696"
"MINAMBIENTE","2020-05-01","","7.11666667"
"MINAMBIENTE","2020-04-30","","21.1952381"
"MINAMBIENTE","2020-04-29","","23.4125"
"MINAMBIENTE","2020-04-28","","19.68695652"
"MINAMBIENTE","2020-04-27","","16.49130435"
"MINAMBIENTE","2020-04-26","","17.57391304"
"MINAMBIENTE","2020-04-25","","20.88571429"
"MINAMBIENTE","2020-04-24","","16.15833333"
"MINAMBIENTE","2020-04-23","","5.7173913"
"MINAMBIENTE","2020-04-22","","21.81666667"
"MINAMBIENTE","2020-04-21","","17.02"
"MINAMBIENTE","2020-04-20","","17.8"
"MINAMBIENTE","2020-04-19","","24.60434783"
"MINAMBIENTE","2020-04-18","","32.16818182"
"MINAMBIENTE","2020-04-17","","32.51111111"
"MINAMBIENTE","2020-04-16","","33.75833333"
"MINAMBIENTE","2020-04-15","","27.6173913"
"MINAMBIENTE","2020-04-14","","22.34782609"
"MINAMBIENTE","2020-04-13","","22.77916667"
"MINAMBIENTE","2020-04-12","","13.62727273"
"MINAMBIENTE","2020-04-11","","7.62916667"
"MINAMBIENTE","2020-04-10","","11.45217391"
"MINAMBIENTE","2020-04-09","","11.69583333"
"MINAMBIENTE","2020-04-08","","10.90769231"
"MINAMBIENTE","2020-03-23","","35.54375"
"MINAMBIENTE","2020-03-22","","29.71363636"
"MINAMBIENTE","2020-03-21","","29.31904762"
"MINAMBIENTE","2020-03-20","","46.87826087"
"MINAMBIENTE","2020-03-19","","55.70416667"
"MINAMBIENTE","2020-03-18","","62.78333333"
"MINAMBIENTE","2020-03-17","","47.36521739"
"MINAMBIENTE","2020-03-16","","38.05909091"
"MINAMBIENTE","2020-03-15","","22.94782609"
"MINAMBIENTE","2020-03-14","","23.27083333"
"MINAMBIENTE","2020-03-13","","42.79565217"
"MINAMBIENTE","2020-03-12","","31.34583333"
"MINAMBIENTE","2020-03-11","","35.88333333"
"MINAMBIENTE","2020-03-10","","32.45217391"
"MINAMBIENTE","2020-03-09","","30.325"
"MINAMBIENTE","2020-03-08","","39.82916667"
"MINAMBIENTE","2020-03-07","","51.19583333"
"MINAMBIENTE","2020-03-06","","68.06666667"
"MINAMBIENTE","2020-03-05","","36.25652174"
"MINAMBIENTE","2020-03-04","","35.05416667"
"MINAMBIENTE","2020-03-03","","35.4625"
"MINAMBIENTE","2020-03-02","","28.62916667"
"MINAMBIENTE","2020-03-01","","26.85833333"
"MINAMBIENTE","2020-02-29","","37.57391304"
"MINAMBIENTE","2020-02-28","","37.24782609"
"MINAMBIENTE","2020-02-27","","35.775"
"MINAMBIENTE","2020-02-26","","36.9"
"MINAMBIENTE","2020-02-25","","33.24166667"
"MINAMBIENTE","2020-02-24","","23.70434783"
"MINAMBIENTE","2020-02-23","","25.26666667"
"MINAMBIENTE","2020-02-22","","42.075"
"MINAMBIENTE","2020-02-21","","35.20833333"
"MINAMBIENTE","2020-02-20","","26.22916667"
"MINAMBIENTE","2020-02-19","","18.82083333"
"MINAMBIENTE","2020-02-18","","19.0"
"MINAMBIENTE","2020-02-17","","15.35833333"
"MINAMBIENTE","2020-02-16","","13.575"
"MINAMBIENTE","2020-02-15","","16.21304348"
"MINAMBIENTE","2020-02-14","","23.38333333"
"MINAMBIENTE","2020-02-13","","36.025"
"MINAMBIENTE","2020-02-12","","31.45"
"MINAMBIENTE","2020-02-11","","22.97916667"
"MINAMBIENTE","2020-02-10","","21.54166667"
"MINAMBIENTE","2020-02-09","","31.5875"
"MINAMBIENTE","2020-02-08","","57.77083333"
"MINAMBIENTE","2020-02-07","","53.56666667"
"MINAMBIENTE","2020-02-06","","28.9625"
"MINAMBIENTE","2020-02-05","","31.19583333"
"MINAMBIENTE","2020-02-04","","32.93333333"
"MINAMBIENTE","2020-02-03","","26.50833333"
"MINAMBIENTE","2020-02-02","","26.30869565"
"MINAMBIENTE","2020-02-01","","22.70434783"
"MINAMBIENTE","2020-01-31","","22.40454545"
"MINAMBIENTE","2020-01-30","","30.99047619"
"MINAMBIENTE","2020-01-29","","42.7625"
"MINAMBIENTE","2020-01-28","","34.69166667"
"MINAMBIENTE","2020-01-27","","35.38636364"
"MINAMBIENTE","2020-01-26","","22.14347826"
"MINAMBIENTE","2020-01-25","","38.04782609"
"MINAMBIENTE","2020-01-24","","38.17083333"
"MINAMBIENTE","2020-01-23","","34.74347826"
"MINAMBIENTE","2020-01-22","","32.35416667"
"MINAMBIENTE","2020-01-21","","50.20833333"
"MINAMBIENTE","2020-01-20","","22.23181818"
"MINAMBIENTE","2020-01-19","","7.87083333"
"MINAMBIENTE","2020-01-18","","8.15"
"MINAMBIENTE","2020-01-17","","7.6"
"MINAMBIENTE","2020-01-16","","8.62083333"
"MINAMBIENTE","2020-01-15","","12.12272727"
"MINAMBIENTE","2020-01-14","","14.92105263"
"MINAMBIENTE","2020-01-13","","9.65909091"
"MINAMBIENTE","2020-01-12","","9.6375"
"MINAMBIENTE","2020-01-11","","15.40416667"
"MINAMBIENTE","2020-01-10","","14.40833333"
"MINAMBIENTE","2020-01-09","","14.94545455"
"MINAMBIENTE","2020-01-08","","16.82608696"
"MINAMBIENTE","2020-01-07","","32.13888889"
"MINAMBIENTE","2020-01-06","","37.79166667"
"MINAMBIENTE","2020-01-05","","31.66666667"
"MINAMBIENTE","2020-01-04","","51.875"
"MINAMBIENTE","2020-01-03","","42.16666667"
"MINAMBIENTE","2020-01-02","","33.66666667"
"MINAMBIENTE","2020-01-01","","30.26086957"
"MINAMBIENTE","2019-12-31","","39.30434783"
"MINAMBIENTE","2019-12-30","","38.13043478"
"MINAMBIENTE","2019-12-29","","26.125"
"MINAMBIENTE","2019-12-28","","36.91666667"
"MINAMBIENTE","2019-12-27","","23.20833333"
"MINAMBIENTE","2019-12-26","","20.375"
"MINAMBIENTE","2019-12-25","","32.70833333"
"MINAMBIENTE","2019-12-24","","20.375"
"MINAMBIENTE","2019-12-23","","16.66666667"
"MINAMBIENTE","2019-12-22","","20.29166667"
"MINAMBIENTE","2019-12-21","","19.5"
"MINAMBIENTE","2019-12-20","","22.58333333"
"MINAMBIENTE","2019-12-19","","26.22727273"
"MINAMBIENTE","2019-12-18","","33.375"
"MINAMBIENTE","2019-12-17","","25.45833333"
"MINAMBIENTE","2019-12-16","","23.20833333"
"MINAMBIENTE","2019-12-15","","45.25"
"MINAMBIENTE","2019-12-14","","51.16666667"
"MINAMBIENTE","2019-12-13","","59.75"
"MINAMBIENTE","2019-12-12","","48.83333333"
"MINAMBIENTE","2019-12-11","","54.20833333"
"MINAMBIENTE","2019-12-10","","28.375"
"MINAMBIENTE","2019-12-09","","29.31818182"
"MINAMBIENTE","2019-12-08","","39.54166667"
"MINAMBIENTE","2019-12-07","","48.29166667"
"MINAMBIENTE","2019-12-06","","50.81818182"
"MINAMBIENTE","2019-12-05","","22.16666667"
"MINAMBIENTE","2019-12-04","","23.36363636"
"MINAMBIENTE","2019-12-03","","29.04166667"
"MINAMBIENTE","2019-12-02","","25.83333333"
"MINAMBIENTE","2019-12-01","","22.79166667"
"MINAMBIENTE","2019-11-30","","49.5"
"MINAMBIENTE","2019-11-29","","58.58333333"
"MINAMBIENTE","2019-11-28","","20.625"
"MINAMBIENTE","2019-11-27","","21.75"
"MINAMBIENTE","2019-11-26","","21.83333333"
"MINAMBIENTE","2019-11-25","","24.875"
"MINAMBIENTE","2019-11-24","","35.83333333"
"MINAMBIENTE","2019-11-23","","40.91666667"
"MINAMBIENTE","2019-11-22","","35.375"
"MINAMBIENTE","2019-11-21","","35.66666667"
"MINAMBIENTE","2019-11-20","","46.13636364"
"MINAMBIENTE","2019-11-19","","41.66666667"
"MINAMBIENTE","2019-11-18","","39.875"
"MINAMBIENTE","2019-11-17","","30.17391304"
"MINAMBIENTE","2019-11-16","","38.33333333"
"MINAMBIENTE","2019-11-15","","49.25"
"MINAMBIENTE","2019-11-14","","46.41666667"
"MINAMBIENTE","2019-11-13","","49.20833333"
"MINAMBIENTE","2019-11-12","","28.16666667"
"MINAMBIENTE","2019-11-11","","22.875"
"MINAMBIENTE","2019-11-10","","36.33333333"
"MINAMBIENTE","2019-11-09","","30.70833333"
"MINAMBIENTE","2019-11-08","","19.0"
"MINAMBIENTE","2019-11-07","","20.0"
"MINAMBIENTE","2019-11-06","","22.375"
"MINAMBIENTE","2019-11-05","","16.95454545"
"MINAMBIENTE","2019-11-04","","18.66666667"
"MINAMBIENTE","2019-11-03","","24.79166667"
"MINAMBIENTE","2019-11-02","","37.79166667"
"MINAMBIENTE","2019-11-01","","44.125"
"MINAMBIENTE","2019-10-31","","19.0"
"MINAMBIENTE","2019-10-30","","19.0"
"MINAMBIENTE","2019-10-29","","24.5"
"MINAMBIENTE","2019-10-28","","20.36363636"
"MINAMBIENTE","2019-10-27","","16.375"
"MINAMBIENTE","2019-10-26","","18.3"
"MINAMBIENTE","2019-10-25","","23.0"
"MINAMBIENTE","2019-10-24","","27.41666667"
"MINAMBIENTE","2019-10-23","","30.5"
"MINAMBIENTE","2019-10-22","","34.0"
"MINAMBIENTE","2019-10-21","","39.66666667"
"MINAMBIENTE","2019-10-20","","19.68181818"
"MINAMBIENTE","2019-10-19","","23.85"
"MINAMBIENTE","2019-10-18","","34.5"
"MINAMBIENTE","2019-10-17","","25.66666667"
"MINAMBIENTE","2019-10-16","","19.79166667"
"MINAMBIENTE","2019-10-15","","35.625"
"MINAMBIENTE","2019-10-14","","16.41666667"
"MINAMBIENTE","2019-10-13","","15.33333333"
"MINAMBIENTE","2019-10-12","","22.16666667"
"MINAMBIENTE","2019-10-11","","39.83333333"
"MINAMBIENTE","2019-10-10","","52.5"
"MINAMBIENTE","2019-10-09","","26.75"
"MINAMBIENTE","2019-10-08","","37.33333333"
"MINAMBIENTE","2019-10-07","","28.22727273"
"MINAMBIENTE","2019-10-06","","27.25"
"MINAMBIENTE","2019-10-05","","35.375"
"MINAMBIENTE","2019-10-04","","24.20833333"
"MINAMBIENTE","2019-10-03","","20.95833333"
"MINAMBIENTE","2019-10-02","","36.31818182"
"MINAMBIENTE","2019-10-01","","56.20833333"
"MINAMBIENTE","2019-09-30","","31.0"
"MINAMBIENTE","2019-09-29","","30.91666667"
"MINAMBIENTE","2019-09-28","","31.41666667"
"MINAMBIENTE","2019-09-27","","31.41666667"
"MINAMBIENTE","2019-09-26","","28.58333333"
"MINAMBIENTE","2019-09-25","","26.80952381"
"MINAMBIENTE","2019-09-24","","48.95454545"
"MINAMBIENTE","2019-09-23","","41.25"
"MINAMBIENTE","2019-09-22","","26.16666667"
"MINAMBIENTE","2019-09-21","","21.54166667"
"MINAMBIENTE","2019-09-20","","73.70833333"
"MINAMBIENTE","2019-09-19","","50.16666667"
"MINAMBIENTE","2019-09-18","","68.04166667"
"MINAMBIENTE","2019-09-17","","58.79166667"
"MINAMBIENTE","2019-09-16","","34.08333333"
"MINAMBIENTE","2019-09-15","","18.79166667"
"MINAMBIENTE","2019-09-14","","17.875"
"MINAMBIENTE","2019-09-13","","18.375"
"MINAMBIENTE","2019-09-12","","20.70833333"
"MINAMBIENTE","2019-09-11","","18.43478261"
"MINAMBIENTE","2019-09-10","","15.33333333"
"MINAMBIENTE","2019-09-09","","15.70588235"
"MINAMBIENTE","2019-09-08","","14.625"
"MINAMBIENTE","2019-09-07","","17.83333333"
"MINAMBIENTE","2019-09-06","","19.45833333"
"MINAMBIENTE","2019-09-05","","16.3125"
"MINAMBIENTE","2019-09-04","","18.72727273"
"MINAMBIENTE","2019-09-03","","22.625"
"MINAMBIENTE","2019-09-02","","19.33333333"
"MINAMBIENTE","2019-09-01","","15.0"
"MINAMBIENTE","2019-08-31","","21.54166667"
"MINAMBIENTE","2019-08-30","","24.33333333"
"MINAMBIENTE","2019-08-29","","18.04166667"
"MINAMBIENTE","2019-08-28","","18.20833333"
"MINAMBIENTE","2019-08-27","","20.0"
"MINAMBIENTE","2019-08-26","","19.45833333"
"MINAMBIENTE","2019-08-25","","15.0"
"MINAMBIENTE","2019-08-24","","14.83333333"
"MINAMBIENTE","2019-08-23","","20.04166667"
"MINAMBIENTE","2019-08-22","","27.08333333"
"MINAMBIENTE","2019-08-21","","16.59090909"
"MINAMBIENTE","2019-08-20","","22.0"
"MINAMBIENTE","2019-08-19","","13.86956522"
"MINAMBIENTE","2019-08-18","","23.0"
"MINAMBIENTE","2019-08-17","","51.59090909"
"MINAMBIENTE","2019-08-16","","68.70833333"
"MINAMBIENTE","2019-08-15","","31.875"
"MINAMBIENTE","2019-08-14","","22.08333333"
"MINAMBIENTE","2019-08-13","","17.95833333"
"MINAMBIENTE","2019-08-12","","14.08333333"
"MINAMBIENTE","2019-08-11","","13.95833333"
"MINAMBIENTE","2019-08-10","","17.16666667"
"MINAMBIENTE","2019-08-09","","19.08333333"
"MINAMBIENTE","2019-08-08","","26.83333333"
"MINAMBIENTE","2019-08-07","","16.58333333"
"MINAMBIENTE","2019-08-06","","20.45833333"
"MINAMBIENTE","2019-08-05","","18.41666667"
"MINAMBIENTE","2019-08-04","","16.54166667"
"MINAMBIENTE","2019-08-03","","21.08333333"
"MINAMBIENTE","2019-08-02","","22.54166667"
"MINAMBIENTE","2019-08-01","","21.41666667"
"MINAMBIENTE","2019-07-31","","17.625"
"MINAMBIENTE","2019-07-30","","19.58333333"
"MINAMBIENTE","2019-07-29","","18.25"
"MINAMBIENTE","2019-07-28","","21.45833333"
"MINAMBIENTE","2019-07-27","","24.23809524"
"MINAMBIENTE","2019-07-26","","18.16666667"
"MINAMBIENTE","2019-07-25","","23.58333333"
"MINAMBIENTE","2019-07-24","","18.875"
"MINAMBIENTE","2019-07-23","","17.45833333"
"MINAMBIENTE","2019-07-22","","17.125"
"MINAMBIENTE","2019-07-21","","15.125"
"MINAMBIENTE","2019-07-20","","12.83333333"
"MINAMBIENTE","2019-07-19","","14.625"
"MINAMBIENTE","2019-07-18","","14.625"
"MINAMBIENTE","2019-07-17","","17.83333333"
"MINAMBIENTE","2019-07-16","","21.58333333"
"MINAMBIENTE","2019-07-15","","18.66666667"
"MINAMBIENTE","2019-07-14","","11.875"
"MINAMBIENTE","2019-07-13","","14.75"
"MINAMBIENTE","2019-07-12","","17.79166667"
"MINAMBIENTE","2019-07-11","","18.875"
"MINAMBIENTE","2019-07-10","","14.95833333"
"MINAMBIENTE","2019-07-09","","21.79166667"
"MINAMBIENTE","2019-07-08","","14.5"
"MINAMBIENTE","2019-07-07","","12.125"
"MINAMBIENTE","2019-07-06","","18.25"
"MINAMBIENTE","2019-07-05","","25.375"
"MINAMBIENTE","2019-07-04","","32.91666667"
"MINAMBIENTE","2019-07-03","","21.66666667"
"MINAMBIENTE","2019-07-02","","23.25"
"MINAMBIENTE","2019-07-01","","19.56521739"
"MINAMBIENTE","2019-06-30","","15.70833333"
"MINAMBIENTE","2019-06-29","","17.125"
"MINAMBIENTE","2019-06-28","","18.625"
"MINAMBIENTE","2019-06-27","","25.75"
"MINAMBIENTE","2019-06-26","","16.83333333"
"MINAMBIENTE","2019-06-25","","25.95833333"
"MINAMBIENTE","2019-06-24","","14.95833333"
"MINAMBIENTE","2019-06-23","","13.16666667"
"MINAMBIENTE","2019-06-22","","16.70833333"
"MINAMBIENTE","2019-06-21","","16.66666667"
"MINAMBIENTE","2019-06-20","","15.33333333"
"MINAMBIENTE","2019-06-19","","13.79166667"
"MINAMBIENTE","2019-06-18","","14.41666667"
"MINAMBIENTE","2019-06-17","","14.0"
"MINAMBIENTE","2019-06-16","","12.875"
"MINAMBIENTE","2019-06-15","","14.83333333"
"MINAMBIENTE","2019-06-14","","17.875"
"MINAMBIENTE","2019-06-13","","23.70833333"
"MINAMBIENTE","2019-06-12","","18.125"
"MINAMBIENTE","2019-06-11","","19.95833333"
"MINAMBIENTE","2019-06-10","","17.20833333"
"MINAMBIENTE","2019-06-09","","10.45833333"
"MINAMBIENTE","2019-06-08","","23.79166667"
"MINAMBIENTE","2019-06-07","","23.125"
"MINAMBIENTE","2019-06-06","","18.45833333"
"MINAMBIENTE","2019-06-05","","16.04166667"
"MINAMBIENTE","2019-06-04","","16.30434783"
"MINAMBIENTE","2019-06-03","","13.125"
"MINAMBIENTE","2019-06-02","","23.45833333"
"MINAMBIENTE","2019-06-01","","29.0"
"MINAMBIENTE","2019-05-31","","42.54166667"
"MINAMBIENTE","2019-05-30","","44.20833333"
"MINAMBIENTE","2019-05-29","","28.125"
"MINAMBIENTE","2019-05-28","","22.95833333"
"MINAMBIENTE","2019-05-27","","39.58333333"
"MINAMBIENTE","2019-05-26","","18.79166667"
"MINAMBIENTE","2019-05-25","","36.125"
"MINAMBIENTE","2019-05-24","","27.0"
"MINAMBIENTE","2019-05-23","","38.16666667"
"MINAMBIENTE","2019-05-22","","21.83333333"
"MINAMBIENTE","2019-05-21","","22.0"
"MINAMBIENTE","2019-05-20","","23.04166667"
"MINAMBIENTE","2019-05-19","","20.45833333"
"MINAMBIENTE","2019-05-18","","33.375"
"MINAMBIENTE","2019-05-17","","32.66666667"
"MINAMBIENTE","2019-05-16","","34.45833333"
"MINAMBIENTE","2019-05-15","","18.41666667"
"MINAMBIENTE","2019-05-14","","20.5"
"MINAMBIENTE","2019-05-13","","20.41666667"
"MINAMBIENTE","2019-05-12","","14.95833333"
"MINAMBIENTE","2019-05-11","","32.5"
"MINAMBIENTE","2019-05-10","","41.91666667"
"MINAMBIENTE","2019-05-09","","29.16666667"
"MINAMBIENTE","2019-05-08","","20.91666667"
"MINAMBIENTE","2019-05-07","","20.625"
"MINAMBIENTE","2019-05-06","","16.125"
"MINAMBIENTE","2019-05-05","","14.86956522"
"MINAMBIENTE","2019-05-04","","23.45833333"
"MINAMBIENTE","2019-05-03","","26.70833333"
"MINAMBIENTE","2019-05-02","","27.33333333"
"MINAMBIENTE","2019-05-01","","20.79166667"
"MINAMBIENTE","2019-04-30","","21.20833333"
"MINAMBIENTE","2019-04-29","","17.54166667"
"MINAMBIENTE","2019-04-28","","12.95833333"
"MINAMBIENTE","2019-04-27","","19.95833333"
"MINAMBIENTE","2019-04-26","","22.25"
"MINAMBIENTE","2019-04-25","","23.54166667"
"MINAMBIENTE","2019-04-24","","33.625"
"MINAMBIENTE","2019-04-23","","45.125"
"MINAMBIENTE","2019-04-22","","33.95833333"
"MINAMBIENTE","2019-04-21","","26.16666667"
"MINAMBIENTE","2019-04-20","","24.45833333"
"MINAMBIENTE","2019-04-19","","23.125"
"MINAMBIENTE","2019-04-18","","28.75"
"MINAMBIENTE","2019-04-17","","37.20833333"
"MINAMBIENTE","2019-04-16","","28.5"
"MINAMBIENTE","2019-04-15","","32.45833333"
"MINAMBIENTE","2019-04-14","","31.29166667"
"MINAMBIENTE","2019-04-13","","34.08333333"
"MINAMBIENTE","2019-04-12","","32.83333333"
"MINAMBIENTE","2019-04-11","","42.75"
"MINAMBIENTE","2019-04-10","","45.36363636"
"MINAMBIENTE","2019-04-09","","42.25"
"MINAMBIENTE","2019-04-08","","49.81818182"
"MINAMBIENTE","2019-04-07","","37.125"
"MINAMBIENTE","2019-04-06","","44.04347826"
"MINAMBIENTE","2019-04-05","","58.66666667"
"MINAMBIENTE","2019-04-04","","43.0"
"MINAMBIENTE","2019-04-03","","52.875"
"MINAMBIENTE","2019-04-02","","32.58333333"
"MINAMBIENTE","2019-04-01","","37.08333333"
"MINAMBIENTE","2019-03-31","","20.38095238"
"MINAMBIENTE","2019-03-30","","33.30434783"
"MINAMBIENTE","2019-03-29","","46.08333333"
"MINAMBIENTE","2019-03-28","","76.60869565"
"MINAMBIENTE","2019-03-27","","61.29166667"
"MINAMBIENTE","2019-03-26","","54.61538462"
"MINAMBIENTE","2019-03-23","","46.42857143"
"MINAMBIENTE","2019-03-22","","41.95833333"
"MINAMBIENTE","2019-03-21","","47.25"
"MINAMBIENTE","2019-03-20","","40.41666667"
"MINAMBIENTE","2019-03-19","","37.70833333"
"MINAMBIENTE","2019-03-18","","39.58333333"
"MINAMBIENTE","2019-03-17","","26.08333333"
"MINAMBIENTE","2019-03-16","","28.625"
"MINAMBIENTE","2019-03-15","","33.04166667"
"MINAMBIENTE","2019-03-14","","40.45833333"
"MINAMBIENTE","2019-03-13","","37.5"
"MINAMBIENTE","2019-03-12","","39.45833333"
"MINAMBIENTE","2019-03-11","","24.29166667"
"MINAMBIENTE","2019-03-10","","19.20833333"
"MINAMBIENTE","2019-03-09","","25.95833333"
"MINAMBIENTE","2019-03-08","","43.375"
"MINAMBIENTE","2019-03-07","","59.45833333"
"MINAMBIENTE","2019-03-06","","45.75"
"MINAMBIENTE","2019-03-05","","47.79166667"
"MINAMBIENTE","2019-03-04","","40.04166667"
"MINAMBIENTE","2019-03-03","","35.45833333"
"MINAMBIENTE","2019-03-02","","41.625"
"MINAMBIENTE","2019-03-01","","47.45833333"
"MINAMBIENTE","2019-02-28","","31.125"
"MINAMBIENTE","2019-02-27","","44.66666667"
"MINAMBIENTE","2019-02-26","","48.33333333"
"MINAMBIENTE","2019-02-25","","40.04166667"
"MINAMBIENTE","2019-02-24","","32.79166667"
"MINAMBIENTE","2019-02-23","","39.58333333"
"MINAMBIENTE","2019-02-22","","36.58333333"
"MINAMBIENTE","2019-02-21","","27.5"
"MINAMBIENTE","2019-02-20","","34.5"
"MINAMBIENTE","2019-02-19","","34.58333333"
"MINAMBIENTE","2019-02-18","","47.0"
"MINAMBIENTE","2019-02-17","","33.95833333"
"MINAMBIENTE","2019-02-16","","40.83333333"
"MINAMBIENTE","2019-02-15","","37.95833333"
"MINAMBIENTE","2019-02-14","","51.625"
"MINAMBIENTE","2019-02-13","","38.08333333"
"MINAMBIENTE","2019-02-12","","37.625"
"MINAMBIENTE","2019-02-11","","33.875"
"MINAMBIENTE","2019-02-10","","35.125"
"MINAMBIENTE","2019-02-09","","40.83333333"
"MINAMBIENTE","2019-02-08","","38.70833333"
"MINAMBIENTE","2019-02-07","","44.625"
"MINAMBIENTE","2019-02-06","","35.0"
"MINAMBIENTE","2019-02-05","","42.0"
"MINAMBIENTE","2019-02-04","","48.875"
"MINAMBIENTE","2019-02-03","","26.25"
"MINAMBIENTE","2019-02-02","","48.95833333"
"MINAMBIENTE","2019-02-01","","37.08333333"
"MINAMBIENTE","2019-01-31","","45.75"
"MINAMBIENTE","2019-01-30","","53.54166667"
"MINAMBIENTE","2019-01-29","","41.70833333"
"MINAMBIENTE","2019-01-28","","39.5"
"MINAMBIENTE","2019-01-27","","28.58333333"
"MINAMBIENTE","2019-01-26","","21.70833333"
"MINAMBIENTE","2019-01-25","","24.20833333"
"MINAMBIENTE","2019-01-24","","22.33333333"
"MINAMBIENTE","2019-01-23","","22.375"
"MINAMBIENTE","2019-01-22","","21.91666667"
"MINAMBIENTE","2019-01-21","","28.75"
"MINAMBIENTE","2019-01-20","","15.20833333"
"MINAMBIENTE","2019-01-19","","21.625"
"MINAMBIENTE","2019-01-18","","21.20833333"
"MINAMBIENTE","2019-01-17","","26.04166667"
"MINAMBIENTE","2019-01-16","","23.34782609"
"MINAMBIENTE","2019-01-15","","28.9625"
"MINAMBIENTE","2019-01-14","","28.29583333"
"MINAMBIENTE","2019-01-13","","38.525"
"MINAMBIENTE","2019-01-12","","43.22083333"
"MINAMBIENTE","2019-01-11","","50.58333333"
"MINAMBIENTE","2019-01-10","","38.17916667"
"MINAMBIENTE","2019-01-09","","53.82083333"
"MINAMBIENTE","2019-01-08","","42.05833333"
"MINAMBIENTE","2019-01-07","","34.37083333"
"MINAMBIENTE","2019-01-06","","50.04583333"
"MINAMBIENTE","2019-01-05","","31.62608696"
"MINAMBIENTE","2019-01-04","","31.39166667"
"MINAMBIENTE","2019-01-03","","20.09583333"
"MINAMBIENTE","2019-01-02","","18.1875"
"MINAMBIENTE","2019-01-01","","22.7173913"
"MINAMBIENTE","2018-12-31","","22.73333333"
"MINAMBIENTE","2018-12-30","","26.92083333"
"MINAMBIENTE","2018-12-29","","25.57916667"
"MINAMBIENTE","2018-12-28","","34.17083333"
"MINAMBIENTE","2018-12-27","","22.44583333"
"MINAMBIENTE","2018-12-26","","25.61666667"
"MINAMBIENTE","2018-12-25","","21.84166667"
"MINAMBIENTE","2018-12-24","","19.98333333"
"MINAMBIENTE","2018-12-23","","31.32916667"
"MINAMBIENTE","2018-12-22","","32.4875"
"MINAMBIENTE","2018-12-21","","27.125"
"MINAMBIENTE","2018-12-20","","48.09583333"
"MINAMBIENTE","2018-12-19","","34.30833333"
"MINAMBIENTE","2018-12-18","","42.60833333"
"MINAMBIENTE","2018-12-17","","31.46666667"
"MINAMBIENTE","2018-12-16","","40.85833333"
"MINAMBIENTE","2018-12-15","","38.23333333"
"MINAMBIENTE","2018-12-14","","30.625"
"MINAMBIENTE","2018-12-13","","30.2"
"MINAMBIENTE","2018-12-12","","28.70416667"
"MINAMBIENTE","2018-12-11","","19.4125"
"MINAMBIENTE","2018-12-10","","24.9125"
"MINAMBIENTE","2018-12-09","","25.73809524"
"MINAMBIENTE","2018-12-08","","32.27916667"
"MINAMBIENTE","2018-12-07","","28.9125"
"MINAMBIENTE","2018-12-06","","46.47916667"
"MINAMBIENTE","2018-12-05","","37.42916667"
"MINAMBIENTE","2018-12-04","","48.875"
"MINAMBIENTE","2018-12-03","","53.1"
"MINAMBIENTE","2018-12-02","","31.67083333"
"MINAMBIENTE","2018-12-01","","37.73333333"
"MINAMBIENTE","2018-11-30","","42.8"
"MINAMBIENTE","2018-11-29","","41.575"
"MINAMBIENTE","2018-11-28","","28.61666667"
"MINAMBIENTE","2018-11-27","","51.35416667"
"MINAMBIENTE","2018-11-26","","31.67083333"
"MINAMBIENTE","2018-11-25","","24.6125"
"MINAMBIENTE","2018-11-24","","41.29583333"
"MINAMBIENTE","2018-11-23","","41.8875"
"MINAMBIENTE","2018-11-22","","63.40833333"
"MINAMBIENTE","2018-11-21","","26.3875"
"MINAMBIENTE","2018-11-20","","18.0"
"MINAMBIENTE","2018-11-19","","25.325"
"MINAMBIENTE","2018-11-18","","17.44166667"
"MINAMBIENTE","2018-11-17","","28.24583333"
"MINAMBIENTE","2018-11-16","","36.71666667"
"MINAMBIENTE","2018-11-15","","63.19583333"
"MINAMBIENTE","2018-11-14","","43.28333333"
"MINAMBIENTE","2018-11-13","","30.24583333"
"MINAMBIENTE","2018-11-12","","15.32083333"
"MINAMBIENTE","2018-11-11","","18.16666667"
"MINAMBIENTE","2018-11-10","","29.49583333"
"MINAMBIENTE","2018-11-09","","39.40434783"
"MINAMBIENTE","2018-11-08","","29.175"
"MINAMBIENTE","2018-11-07","","30.22916667"
"MINAMBIENTE","2018-11-06","","36.29166667"
"MINAMBIENTE","2018-11-05","","25.725"
"MINAMBIENTE","2018-11-04","","34.32916667"
"MINAMBIENTE","2018-11-03","","30.07916667"
"MINAMBIENTE","2018-11-02","","21.40833333"
"MINAMBIENTE","2018-11-01","","19.74166667"
"MINAMBIENTE","2018-10-31","","23.89166667"
"MINAMBIENTE","2018-10-30","","22.79166667"
"MINAMBIENTE","2018-10-29","","18.7625"
"MINAMBIENTE","2018-10-28","","23.34166667"
"MINAMBIENTE","2018-10-27","","18.25"
"MINAMBIENTE","2018-10-26","","28.1625"
"MINAMBIENTE","2018-10-25","","37.0"
"MINAMBIENTE","2018-10-24","","33.225"
"MINAMBIENTE","2018-10-23","","34.75833333"
"MINAMBIENTE","2018-10-22","","36.35416667"
"MINAMBIENTE","2018-10-21","","22.92916667"
"MINAMBIENTE","2018-10-20","","33.41666667"
"MINAMBIENTE","2018-10-19","","53.8625"
"MINAMBIENTE","2018-10-18","","53.6875"
"MINAMBIENTE","2018-10-17","","30.9125"
"MINAMBIENTE","2018-10-16","","19.72083333"
"MINAMBIENTE","2018-10-15","","23.30416667"
"MINAMBIENTE","2018-10-14","","40.4"
"MINAMBIENTE","2018-10-13","","53.14583333"
"MINAMBIENTE","2018-10-12","","59.95833333"
"MINAMBIENTE","2018-10-11","","35.9375"
"MINAMBIENTE","2018-10-10","","46.05833333"
"MINAMBIENTE","2018-10-09","","35.22083333"
"MINAMBIENTE","2018-10-08","","25.18333333"
"MINAMBIENTE","2018-10-07","","22.76666667"
"MINAMBIENTE","2018-10-06","","31.76"
"MINAMBIENTE","2018-10-05","","50.07916667"
"MINAMBIENTE","2018-10-04","","34.7375"
"MINAMBIENTE","2018-10-03","","29.79166667"
"MINAMBIENTE","2018-10-02","","27.50833333"
"MINAMBIENTE","2018-10-01","","29.06666667"
"MINAMBIENTE","2018-09-30","","18.69583333"
"MINAMBIENTE","2018-09-29","","23.95217391"
"MINAMBIENTE","2018-09-28","","24.05"
"MINAMBIENTE","2018-09-27","","22.6375"
"MINAMBIENTE","2018-09-26","","23.52083333"
"MINAMBIENTE","2018-09-25","","20.32916667"
"MINAMBIENTE","2018-09-24","","18.125"
"MINAMBIENTE","2018-09-23","","18.59166667"
"MINAMBIENTE","2018-09-22","","22.48333333"
"MINAMBIENTE","2018-09-21","","23.70833333"
"MINAMBIENTE","2018-09-20","","17.92083333"
"MINAMBIENTE","2018-09-19","","18.62916667"
"MINAMBIENTE","2018-09-18","","19.88333333"
"MINAMBIENTE","2018-09-17","","24.975"
"MINAMBIENTE","2018-09-16","","17.70416667"
"MINAMBIENTE","2018-09-15","","37.7"
"MINAMBIENTE","2018-09-14","","44.9125"
"MINAMBIENTE","2018-09-13","","61.0173913"
"MINAMBIENTE","2018-09-12","","41.45416667"
"MINAMBIENTE","2018-09-11","","35.09545455"
"MINAMBIENTE","2018-09-10","","22.775"
"MINAMBIENTE","2018-09-09","","13.3625"
"MINAMBIENTE","2018-09-08","","22.4625"
"MINAMBIENTE","2018-09-07","","30.54583333"
"MINAMBIENTE","2018-09-06","","43.375"
"MINAMBIENTE","2018-09-05","","28.025"
"MINAMBIENTE","2018-09-04","","15.57916667"
"MINAMBIENTE","2018-09-03","","18.72727273"
"MINAMBIENTE","2018-09-02","","20.2625"
"MINAMBIENTE","2018-09-01","","23.30833333"
"MINAMBIENTE","2018-08-31","","24.04583333"
"MINAMBIENTE","2018-08-30","","22.29166667"
"MINAMBIENTE","2018-08-29","","20.26666667"
"MINAMBIENTE","2018-08-28","","20.23333333"
"MINAMBIENTE","2018-08-27","","18.2875"
"MINAMBIENTE","2018-08-26","","13.7125"
"MINAMBIENTE","2018-08-25","","18.41666667"
"MINAMBIENTE","2018-08-24","","18.64583333"
"MINAMBIENTE","2018-08-23","","22.1625"
"MINAMBIENTE","2018-08-22","","15.9625"
"MINAMBIENTE","2018-08-21","","15.525"
"MINAMBIENTE","2018-08-20","","11.38333333"
"MINAMBIENTE","2018-08-19","","9.65833333"
"MINAMBIENTE","2018-08-18","","17.375"
"MINAMBIENTE","2018-08-17","","16.95833333"
"MINAMBIENTE","2018-08-16","","18.51428571"
"MINAMBIENTE","2018-08-12","","14.59444444"
"MINAMBIENTE","2018-08-11","","19.4875"
"MINAMBIENTE","2018-08-10","","18.28333333"
"MINAMBIENTE","2018-08-09","","19.37916667"
"MINAMBIENTE","2018-08-08","","19.76666667"
"MINAMBIENTE","2018-08-07","","17.025"
"MINAMBIENTE","2018-08-06","","19.1875"
"MINAMBIENTE","2018-08-05","","19.1"
"MINAMBIENTE","2018-08-04","","26.89166667"
"MINAMBIENTE","2018-08-03","","24.07083333"
"MINAMBIENTE","2018-08-02","","18.83333333"
"MINAMBIENTE","2018-08-01","","20.42222222"
"MINAMBIENTE","2018-07-31","","23.46"
"MINAMBIENTE","2018-07-30","","18.14583333"
"MINAMBIENTE","2018-07-29","","14.45833333"
"MINAMBIENTE","2018-07-28","","20.39583333"
"MINAMBIENTE","2018-07-27","","18.80833333"
"MINAMBIENTE","2018-07-26","","17.40416667"
"MINAMBIENTE","2018-07-25","","24.5125"
"MINAMBIENTE","2018-07-24","","20.4375"
"MINAMBIENTE","2018-07-23","","24.57083333"
"MINAMBIENTE","2018-07-22","","34.68333333"
"MINAMBIENTE","2018-07-21","","28.18333333"
"MINAMBIENTE","2018-07-20","","18.90416667"
"MINAMBIENTE","2018-07-19","","19.95416667"
"MINAMBIENTE","2018-07-18","","18.70833333"
"MINAMBIENTE","2018-07-17","","18.92083333"
"MINAMBIENTE","2018-07-16","","21.94166667"
"MINAMBIENTE","2018-07-15","","12.6625"
"MINAMBIENTE","2018-07-14","","14.51666667"
"MINAMBIENTE","2018-07-13","","19.11666667"
"MINAMBIENTE","2018-07-12","","18.37083333"
"MINAMBIENTE","2018-07-11","","17.97916667"
"MINAMBIENTE","2018-07-10","","17.1375"
"MINAMBIENTE","2018-07-09","","17.10833333"
"MINAMBIENTE","2018-07-08","","16.23333333"
"MINAMBIENTE","2018-07-07","","21.6625"
"MINAMBIENTE","2018-07-06","","26.1375"
"MINAMBIENTE","2018-07-05","","19.83333333"
"MINAMBIENTE","2018-07-04","","24.26666667"
"MINAMBIENTE","2018-07-03","","35.46666667"
"MINAMBIENTE","2018-07-02","","30.03333333"
"MINAMBIENTE","2018-07-01","","25.65416667"
"MINAMBIENTE","2018-06-30","","25.95"
"MINAMBIENTE","2018-06-29","","20.16666667"
"MINAMBIENTE","2018-06-28","","22.85"
"MINAMBIENTE","2018-06-27","","29.82083333"
"MINAMBIENTE","2018-06-26","","24.34166667"
"MINAMBIENTE","2018-06-25","","20.85833333"
"MINAMBIENTE","2018-06-24","","15.8625"
"MINAMBIENTE","2018-06-23","","17.99583333"
"MINAMBIENTE","2018-06-22","","24.37916667"
"MINAMBIENTE","2018-06-21","","26.41666667"
"MINAMBIENTE","2018-06-20","","20.475"
"MINAMBIENTE","2018-06-19","","15.92083333"
"MINAMBIENTE","2018-06-18","","17.02083333"
"MINAMBIENTE","2018-06-17","","16.00833333"
"MINAMBIENTE","2018-06-16","","19.90416667"
"MINAMBIENTE","2018-06-15","","23.45833333"
"MINAMBIENTE","2018-06-14","","22.67826087"
"MINAMBIENTE","2018-06-13","","19.3375"
"MINAMBIENTE","2018-06-12","","18.74583333"
"MINAMBIENTE","2018-06-11","","15.0625"
"MINAMBIENTE","2018-06-10","","14.4125"
"MINAMBIENTE","2018-06-09","","17.92083333"
"MINAMBIENTE","2018-06-08","","23.82916667"
"MINAMBIENTE","2018-06-07","","21.64166667"
"MINAMBIENTE","2018-06-06","","18.6625"
"MINAMBIENTE","2018-06-05","","20.9375"
"MINAMBIENTE","2018-06-04","","18.95"
"MINAMBIENTE","2018-06-03","","18.3625"
"MINAMBIENTE","2018-06-02","","21.04166667"
"MINAMBIENTE","2018-06-01","","25.96666667"
"MINAMBIENTE","2018-05-31","","20.94583333"
"MINAMBIENTE","2018-05-30","","33.89583333"
"MINAMBIENTE","2018-05-29","","22.3375"
"MINAMBIENTE","2018-05-28","","24.37916667"
"MINAMBIENTE","2018-05-27","","24.59166667"
"MINAMBIENTE","2018-05-26","","20.025"
"MINAMBIENTE","2018-05-25","","26.69166667"
"MINAMBIENTE","2018-05-24","","24.46666667"
"MINAMBIENTE","2018-05-23","","25.85"
"MINAMBIENTE","2018-05-22","","30.91666667"
"MINAMBIENTE","2018-05-21","","22.7"
"MINAMBIENTE","2018-05-20","","18.05833333"
"MINAMBIENTE","2018-05-19","","36.3"
"MINAMBIENTE","2018-05-18","","38.92083333"
"MINAMBIENTE","2018-05-17","","20.20833333"
"MINAMBIENTE","2018-05-16","","20.39166667"
"MINAMBIENTE","2018-05-15","","28.67083333"
"MINAMBIENTE","2018-05-14","","22.62083333"
"MINAMBIENTE","2018-05-13","","21.87272727"
"MINAMBIENTE","2018-05-12","","14.97916667"
"MINAMBIENTE","2018-05-11","","31.29166667"
"MINAMBIENTE","2018-05-10","","47.29583333"
"MINAMBIENTE","2018-05-09","","37.97272727"
"MINAMBIENTE","2018-05-08","","46.47391304"
"MINAMBIENTE","2018-05-07","","38.93333333"
"MINAMBIENTE","2018-05-06","","23.6"
"MINAMBIENTE","2018-05-05","","36.175"
"MINAMBIENTE","2018-05-04","","39.0173913"
"MINAMBIENTE","2018-05-03","","34.03478261"
"MINAMBIENTE","2018-05-02","","23.80416667"
"MINAMBIENTE","2018-05-01","","29.7625"
"MINAMBIENTE","2018-04-30","","25.47916667"
"MINAMBIENTE","2018-04-29","","29.825"
"MINAMBIENTE","2018-04-28","","43.38695652"
"MINAMBIENTE","2018-04-27","","37.39166667"
"MINAMBIENTE","2018-04-26","","23.83333333"
"MINAMBIENTE","2018-04-25","","23.775"
"MINAMBIENTE","2018-04-24","","28.325"
"MINAMBIENTE","2018-04-23","","19.5625"
"MINAMBIENTE","2018-04-22","","20.3625"
"MINAMBIENTE","2018-04-21","","21.42916667"
"MINAMBIENTE","2018-04-20","","20.13333333"
"MINAMBIENTE","2018-04-19","","15.225"
"MINAMBIENTE","2018-04-18","","30.875"
"MINAMBIENTE","2018-04-17","","46.33333333"
"MINAMBIENTE","2018-04-16","","38.32916667"
"MINAMBIENTE","2018-04-15","","23.5"
"MINAMBIENTE","2018-04-14","","31.05416667"
"MINAMBIENTE","2018-04-13","","49.84583333"
"MINAMBIENTE","2018-04-12","","49.91666667"
"MINAMBIENTE","2018-04-11","","64.85"
"MINAMBIENTE","2018-04-09","","41.58333333"
"MINAMBIENTE","2018-04-08","","39.90833333"
"MINAMBIENTE","2018-04-07","","43.12916667"
"MINAMBIENTE","2018-04-06","","40.90833333"
"MINAMBIENTE","2018-04-05","","47.1625"
"MINAMBIENTE","2018-04-04","","35.45"
"MINAMBIENTE","2018-04-03","","47.21666667"
"MINAMBIENTE","2018-04-02","","47.09166667"
"MINAMBIENTE","2018-04-01","","26.2625"
"MINAMBIENTE","2018-03-31","","28.39166667"
"MINAMBIENTE","2018-03-30","","28.95833333"
"MINAMBIENTE","2018-03-29","","17.99166667"
"MINAMBIENTE","2018-03-28","","44.39583333"
"MINAMBIENTE","2018-03-27","","46.6875"
"MINAMBIENTE","2018-03-26","","36.8375"
"MINAMBIENTE","2018-03-25","","32.97916667"
"MINAMBIENTE","2018-03-24","","40.37916667"
"MINAMBIENTE","2018-03-23","","53.72083333"
"MINAMBIENTE","2018-03-22","","41.30416667"
"MINAMBIENTE","2018-03-21","","37.47083333"
"MINAMBIENTE","2018-03-20","","47.42608696"
"MINAMBIENTE","2018-03-19","","34.8"
"MINAMBIENTE","2018-03-18","","46.54166667"
"MINAMBIENTE","2018-03-17","","38.2"
"MINAMBIENTE","2018-03-16","","31.0"
"MINAMBIENTE","2018-03-15","","48.26521739"
"MINAMBIENTE","2018-03-14","","33.83636364"
"MINAMBIENTE","2018-03-13","","35.03043478"
"MINAMBIENTE","2018-03-12","","28.29166667"
"MINAMBIENTE","2018-03-11","","18.95833333"
"MINAMBIENTE","2018-03-10","","28.04166667"
"MINAMBIENTE","2018-03-09","","17.7"
"MINAMBIENTE","2018-03-07","","19.8"
"MINAMBIENTE","2018-03-06","","16.57142857"
"MINAMBIENTE","2017-11-21","","60.54761905"
"MINAMBIENTE","2017-11-20","","34.66666667"
"MINAMBIENTE","2017-11-19","","34.7875"
"MINAMBIENTE","2017-11-18","","47.30416667"
"MINAMBIENTE","2017-11-17","","41.6875"
"MINAMBIENTE","2017-11-16","","60.90833333"
"MINAMBIENTE","2017-11-15","","48.05"
"MINAMBIENTE","2017-11-14","","40.5875"
"MINAMBIENTE","2017-11-13","","26.35833333"
"MINAMBIENTE","2017-11-12","","26.21666667"
"MINAMBIENTE","2017-11-11","","39.49583333"
"MINAMBIENTE","2017-11-10","","59.63333333"
"MINAMBIENTE","2017-11-09","","54.80416667"
"MINAMBIENTE","2017-11-08","","49.05833333"
"MINAMBIENTE","2017-11-07","","38.59166667"
"MINAMBIENTE","2017-11-06","","40.425"
"MINAMBIENTE","2017-11-05","","33.04166667"
"MINAMBIENTE","2017-11-04","","37.62916667"
"MINAMBIENTE","2017-11-03","","51.88333333"
"MINAMBIENTE","2017-11-02","","40.94583333"
"MINAMBIENTE","2017-11-01","","49.4375"
"MINAMBIENTE","2017-10-31","","37.14583333"
"MINAMBIENTE","2017-10-30","","36.85833333"
"MINAMBIENTE","2017-10-29","","23.92916667"
"MINAMBIENTE","2017-10-28","","41.7625"
"MINAMBIENTE","2017-10-27","","40.37083333"
"MINAMBIENTE","2017-10-26","","53.79583333"
"MINAMBIENTE","2017-10-25","","23.30833333"
"MINAMBIENTE","2017-10-24","","20.99166667"
"MINAMBIENTE","2017-10-23","","20.14545455"
"MINAMBIENTE","2017-10-22","","18.725"
"MINAMBIENTE","2017-10-21","","25.48333333"
"MINAMBIENTE","2017-10-20","","29.27083333"
"MINAMBIENTE","2017-10-19","","37.1"
"MINAMBIENTE","2017-10-18","","21.05416667"
"MINAMBIENTE","2017-10-17","","19.83333333"
"MINAMBIENTE","2017-10-16","","12.7125"
"MINAMBIENTE","2017-10-15","","16.95416667"
"MINAMBIENTE","2017-10-14","","21.41666667"
"MINAMBIENTE","2017-10-13","","18.71666667"
"MINAMBIENTE","2017-10-12","","25.6"
"MINAMBIENTE","2017-10-11","","36.875"
"MINAMBIENTE","2017-10-10","","31.81538462"
"MINAMBIENTE","2017-10-07","","18.32"
"MINAMBIENTE","2017-10-06","","20.75"
"MINAMBIENTE","2017-10-05","","16.71666667"
"MINAMBIENTE","2017-10-04","","21.57826087"
"MINAMBIENTE","2017-10-03","","42.0125"
"MINAMBIENTE","2017-10-02","","43.24166667"
"MINAMBIENTE","2017-10-01","","26.23333333"
"MINAMBIENTE","2017-09-30","","19.49583333"
"MINAMBIENTE","2017-09-29","","20.95833333"
"MINAMBIENTE","2017-09-28","","37.40416667"
"MINAMBIENTE","2017-09-27","","33.82083333"
"MINAMBIENTE","2017-09-26","","34.37083333"
"MINAMBIENTE","2017-09-25","","17.625"
"MINAMBIENTE","2017-09-24","","15.99166667"
"MINAMBIENTE","2017-09-23","","27.55833333"
"MINAMBIENTE","2017-09-22","","37.3625"
"MINAMBIENTE","2017-09-21","","36.46666667"
"MINAMBIENTE","2017-09-20","","49.67916667"
"MINAMBIENTE","2017-09-19","","47.95416667"
"MINAMBIENTE","2017-09-18","","17.84583333"
"MINAMBIENTE","2017-09-17","","14.47083333"
"MINAMBIENTE","2017-09-16","","20.93333333"
"MINAMBIENTE","2017-09-15","","20.04583333"
"MINAMBIENTE","2017-09-14","","20.54782609"
"MINAMBIENTE","2017-09-13","","17.54166667"
"MINAMBIENTE","2017-09-12","","18.90833333"
"MINAMBIENTE","2017-09-11","","22.71666667"
"MINAMBIENTE","2017-09-10","","19.59166667"
"MINAMBIENTE","2017-09-09","","19.32083333"
"MINAMBIENTE","2017-09-08","","49.36666667"
"MINAMBIENTE","2017-09-07","","41.7"
"MINAMBIENTE","2017-09-06","","23.975"
"MINAMBIENTE","2017-09-05","","25.69583333"
"MINAMBIENTE","2017-09-04","","21.64166667"
"MINAMBIENTE","2017-09-03","","16.1625"
"MINAMBIENTE","2017-09-02","","18.48333333"
"MINAMBIENTE","2017-09-01","","22.34583333"
"MINAMBIENTE","2017-08-31","","22.1"
"MINAMBIENTE","2017-08-30","","18.7"
"MINAMBIENTE","2017-08-29","","28.86666667"
"MINAMBIENTE","2017-08-28","","19.69166667"
"MINAMBIENTE","2017-08-27","","25.15"
"MINAMBIENTE","2017-08-26","","20.56666667"
"MINAMBIENTE","2017-08-25","","18.64166667"
"MINAMBIENTE","2017-08-24","","20.08333333"
"MINAMBIENTE","2017-08-23","","22.54583333"
"MINAMBIENTE","2017-08-22","","18.04166667"
"MINAMBIENTE","2017-08-21","","16.9375"
"MINAMBIENTE","2017-08-20","","20.29166667"
"MINAMBIENTE","2017-08-19","","37.80434783"
"MINAMBIENTE","2017-08-18","","50.5875"
"MINAMBIENTE","2017-08-17","","26.31666667"
"MINAMBIENTE","2017-08-16","","23.55416667"
"MINAMBIENTE","2017-08-15","","25.2375"
"MINAMBIENTE","2017-08-14","","22.07916667"
"MINAMBIENTE","2017-08-13","","16.79583333"
"MINAMBIENTE","2017-08-12","","16.475"
"MINAMBIENTE","2017-08-11","","21.89166667"
"MINAMBIENTE","2017-08-10","","25.04166667"
"MINAMBIENTE","2017-08-09","","18.72083333"
"MINAMBIENTE","2017-08-08","","20.92916667"
"MINAMBIENTE","2017-08-07","","17.35416667"
"MINAMBIENTE","2017-08-06","","15.6625"
"MINAMBIENTE","2017-08-05","","16.54166667"
"MINAMBIENTE","2017-08-04","","20.9375"
"MINAMBIENTE","2017-08-03","","23.16666667"
"MINAMBIENTE","2017-08-02","","32.56666667"
"MINAMBIENTE","2017-08-01","","22.54583333"
"MINAMBIENTE","2017-07-31","","17.75416667"
"MINAMBIENTE","2017-07-30","","14.70416667"
"MINAMBIENTE","2017-07-29","","16.05416667"
"MINAMBIENTE","2017-07-28","","15.9"
"MINAMBIENTE","2017-07-27","","19.37916667"
"MINAMBIENTE","2017-07-26","","17.35"
"MINAMBIENTE","2017-07-25","","18.18333333"
"MINAMBIENTE","2017-07-24","","15.3"
"MINAMBIENTE","2017-07-23","","13.12916667"
"MINAMBIENTE","2017-07-22","","15.92916667"
"MINAMBIENTE","2017-07-21","","19.43333333"
"MINAMBIENTE","2017-07-20","","16.0375"
"MINAMBIENTE","2017-07-19","","17.47083333"
"MINAMBIENTE","2017-07-18","","20.33333333"
"MINAMBIENTE","2017-07-17","","22.99583333"
"MINAMBIENTE","2017-07-16","","43.525"
"MINAMBIENTE","2017-07-15","","47.57083333"
"MINAMBIENTE","2017-07-14","","38.53333333"
"MINAMBIENTE","2017-07-13","","18.12083333"
"MINAMBIENTE","2017-07-12","","17.92916667"
"MINAMBIENTE","2017-07-11","","18.22083333"
"MINAMBIENTE","2017-07-10","","15.29166667"
"MINAMBIENTE","2017-07-09","","13.72916667"
"MINAMBIENTE","2017-07-08","","18.53333333"
"MINAMBIENTE","2017-07-07","","17.15833333"
"MINAMBIENTE","2017-07-06","","16.02916667"
"MINAMBIENTE","2017-07-05","","19.325"
"MINAMBIENTE","2017-07-04","","17.3625"
"MINAMBIENTE","2017-07-03","","12.23333333"
"MINAMBIENTE","2017-07-02","","14.22916667"
"MINAMBIENTE","2017-07-01","","13.95"
"MINAMBIENTE","2017-06-30","","17.00833333"
"MINAMBIENTE","2017-06-29","","26.81666667"
"MINAMBIENTE","2017-06-28","","39.04583333"
"MINAMBIENTE","2017-06-27","","36.59583333"
"MINAMBIENTE","2017-06-26","","19.65416667"
"MINAMBIENTE","2017-06-25","","11.52083333"
"MINAMBIENTE","2017-06-24","","17.75"
"MINAMBIENTE","2017-06-23","","19.97916667"
"MINAMBIENTE","2017-06-22","","23.18333333"
"MINAMBIENTE","2017-06-21","","16.05416667"
"MINAMBIENTE","2017-06-20","","22.40833333"
"MINAMBIENTE","2017-06-19","","17.56666667"
"MINAMBIENTE","2017-06-18","","38.89166667"
"MINAMBIENTE","2017-06-17","","51.40833333"
"MINAMBIENTE","2017-06-16","","25.85625"
"MINAMBIENTE","2017-06-15","","30.05"
"MINAMBIENTE","2017-06-14","","19.8375"
"MINAMBIENTE","2017-06-13","","25.34583333"
"MINAMBIENTE","2017-06-12","","34.64583333"
"MINAMBIENTE","2017-06-11","","26.6625"
"MINAMBIENTE","2017-06-10","","22.57083333"
"MINAMBIENTE","2017-06-09","","45.11666667"
"MINAMBIENTE","2017-06-08","","39.8125"
"MINAMBIENTE","2017-06-07","","25.26666667"
"MINAMBIENTE","2017-06-06","","18.84166667"
"MINAMBIENTE","2017-06-05","","15.0625"
"MINAMBIENTE","2017-06-04","","15.22916667"
"MINAMBIENTE","2017-06-03","","20.34583333"
"MINAMBIENTE","2017-06-02","","19.25833333"
"MINAMBIENTE","2017-06-01","","23.09583333"
"MINAMBIENTE","2017-05-31","","20.87916667"
"MINAMBIENTE","2017-05-30","","16.9625"
"MINAMBIENTE","2017-05-29","","18.90416667"
"MINAMBIENTE","2017-05-28","","17.62916667"
"MINAMBIENTE","2017-05-27","","17.64583333"
"MINAMBIENTE","2017-05-26","","18.9"
"MINAMBIENTE","2017-05-25","","18.2375"
"MINAMBIENTE","2017-05-24","","18.7375"
"MINAMBIENTE","2017-05-23","","24.52916667"
"MINAMBIENTE","2017-05-22","","25.575"
"MINAMBIENTE","2017-05-21","","21.7"
"MINAMBIENTE","2017-05-20","","18.2125"
"MINAMBIENTE","2017-05-19","","24.475"
"MINAMBIENTE","2017-05-18","","26.30416667"
"MINAMBIENTE","2017-05-17","","44.5875"
"MINAMBIENTE","2017-05-16","","24.49583333"
"MINAMBIENTE","2017-05-15","","31.0"
"MINAMBIENTE","2017-05-14","","21.07916667"
"MINAMBIENTE","2017-05-13","","33.79166667"
"MINAMBIENTE","2017-05-12","","44.79166667"
"MINAMBIENTE","2017-05-11","","51.35833333"
"MINAMBIENTE","2017-05-10","","42.78333333"
"MINAMBIENTE","2017-05-09","","45.63333333"
"MINAMBIENTE","2017-05-08","","40.0"
"MINAMBIENTE","2017-05-07","","38.41666667"
"MINAMBIENTE","2017-05-06","","32.66666667"
"MINAMBIENTE","2017-05-05","","35.41666667"
"MINAMBIENTE","2017-05-04","","29.0"
"MINAMBIENTE","2017-05-03","","45.29166667"
"MINAMBIENTE","2017-05-02","","34.33333333"
"MINAMBIENTE","2017-05-01","","16.33333333"
"MINAMBIENTE","2017-04-30","","14.40416667"
"MINAMBIENTE","2017-04-29","","18.1875"
"MINAMBIENTE","2017-04-28","","20.92916667"
"MINAMBIENTE","2017-04-27","","28.1125"
"MINAMBIENTE","2017-04-26","","26.84782609"
"MINAMBIENTE","2017-04-25","","36.33913043"
"MINAMBIENTE","2017-04-24","","22.65416667"
"MINAMBIENTE","2017-04-23","","24.76956522"
"MINAMBIENTE","2017-04-22","","37.76521739"
"MINAMBIENTE","2017-04-21","","32.37826087"
"MINAMBIENTE","2017-04-20","","57.9875"
"MINAMBIENTE","2017-04-19","","27.4375"
"MINAMBIENTE","2017-04-18","","24.7"
"MINAMBIENTE","2017-04-17","","21.17083333"
"MINAMBIENTE","2017-04-16","","16.40416667"
"MINAMBIENTE","2017-04-15","","16.13333333"
"MINAMBIENTE","2017-04-14","","18.47083333"
"MINAMBIENTE","2017-04-13","","22.53478261"
"MINAMBIENTE","2017-04-12","","46.65217391"
"MINAMBIENTE","2017-04-11","","52.03478261"
"MINAMBIENTE","2017-04-10","","42.65217391"
"MINAMBIENTE","2017-04-09","","40.6375"
"MINAMBIENTE","2017-04-08","","53.77916667"
"MINAMBIENTE","2017-04-07","","71.05"
"MINAMBIENTE","2017-04-06","","39.52916667"
"MINAMBIENTE","2017-04-05","","37.10833333"
"MINAMBIENTE","2017-04-04","","38.85416667"
"MINAMBIENTE","2017-04-03","","26.87916667"
"MINAMBIENTE","2017-04-02","","18.93478261"
"MINAMBIENTE","2017-04-01","","20.07083333"
"MINAMBIENTE","2017-03-31","","26.88333333"
"MINAMBIENTE","2017-03-30","","53.9173913"
"MINAMBIENTE","2017-03-29","","34.8625"
"MINAMBIENTE","2017-03-28","","44.61904762"
"MINAMBIENTE","2017-03-27","","47.6"
"MINAMBIENTE","2017-03-19","","35.75"
"MINAMBIENTE","2017-03-18","","45.1875"
"MINAMBIENTE","2017-03-17","","56.40416667"
"MINAMBIENTE","2017-03-16","","45.3875"
"MINAMBIENTE","2017-03-15","","46.50869565"
"MINAMBIENTE","2017-03-14","","35.62608696"
"MINAMBIENTE","2017-03-13","","40.16521739"
"MINAMBIENTE","2017-03-12","","32.825"
"MINAMBIENTE","2017-03-11","","35.80416667"
"MINAMBIENTE","2017-03-10","","31.95"
"MINAMBIENTE","2017-03-09","","26.27083333"
"MINAMBIENTE","2017-03-08","","39.07916667"
"MINAMBIENTE","2017-03-07","","47.20869565"
"MINAMBIENTE","2017-03-06","","26.75833333"
"MINAMBIENTE","2017-03-05","","23.09166667"
"MINAMBIENTE","2017-03-04","","23.42083333"
"MINAMBIENTE","2017-03-03","","21.31666667"
"MINAMBIENTE","2017-03-02","","27.4"
"MINAMBIENTE","2017-03-01","","50.375"
"MINAMBIENTE","2017-02-28","","40.09583333"
"MINAMBIENTE","2017-02-27","","35.5826087"
"MINAMBIENTE","2017-02-26","","35.15416667"
"MINAMBIENTE","2017-02-25","","43.07083333"
"MINAMBIENTE","2017-02-24","","43.19130435"
"MINAMBIENTE","2017-02-23","","50.54166667"
"MINAMBIENTE","2017-02-22","","48.47083333"
"MINAMBIENTE","2017-02-21","","53.76666667"
"MINAMBIENTE","2017-02-20","","61.77083333"
"MINAMBIENTE","2017-02-19","","52.325"
"MINAMBIENTE","2017-02-18","","46.3"
"MINAMBIENTE","2017-02-17","","43.35454545"
"MINAMBIENTE","2017-02-16","","44.40833333"
"MINAMBIENTE","2017-02-15","","45.21666667"
"MINAMBIENTE","2017-02-14","","40.5"
"MINAMBIENTE","2017-02-13","","37.22916667"
"MINAMBIENTE","2017-02-12","","36.95"
"MINAMBIENTE","2017-02-11","","55.31666667"
"MINAMBIENTE","2017-02-10","","57.925"
"MINAMBIENTE","2017-02-09","","53.74166667"
"MINAMBIENTE","2017-02-08","","30.78333333"
"MINAMBIENTE","2017-02-07","","21.62083333"
"MINAMBIENTE","2017-02-06","","24.60833333"
"MINAMBIENTE","2017-02-05","","21.925"
"MINAMBIENTE","2017-02-04","","26.8"
"MINAMBIENTE","2017-02-03","","22.56666667"
"MINAMBIENTE","2017-02-02","","31.8125"
"MINAMBIENTE","2017-02-01","","29.57083333"
"MINAMBIENTE","2017-01-31","","22.6625"
"MINAMBIENTE","2017-01-30","","46.25833333"
"MINAMBIENTE","2017-01-29","","19.00833333"
"MINAMBIENTE","2017-01-28","","33.15833333"
"MINAMBIENTE","2017-01-27","","21.1125"
"MINAMBIENTE","2017-01-26","","20.16666667"
"MINAMBIENTE","2017-01-25","","24.3125"
"MINAMBIENTE","2017-01-24","","52.4375"
"MINAMBIENTE","2017-01-23","","44.62916667"
"MINAMBIENTE","2017-01-22","","27.60416667"
"MINAMBIENTE","2017-01-21","","34.64583333"
"MINAMBIENTE","2017-01-20","","60.2375"
"MINAMBIENTE","2017-01-19","","39.15833333"
"MINAMBIENTE","2017-01-18","","49.58333333"
"MINAMBIENTE","2017-01-17","","46.16666667"
"MINAMBIENTE","2017-01-16","","39.6625"
"MINAMBIENTE","2017-01-15","","32.4125"
"MINAMBIENTE","2017-01-14","","49.7125"
"MINAMBIENTE","2017-01-13","","62.09230769"
"MINAMBIENTE","2017-01-11","","33.30416667"
"MINAMBIENTE","2017-01-10","","40.17083333"
"MINAMBIENTE","2017-01-09","","23.5625"
"MINAMBIENTE","2017-01-08","","20.95"
"MINAMBIENTE","2017-01-07","","15.97916667"
"MINAMBIENTE","2017-01-06","","17.28333333"
"MINAMBIENTE","2017-01-05","","45.0875"
"MINAMBIENTE","2017-01-04","","36.9375"
"MINAMBIENTE","2017-01-03","","21.55833333"
"MINAMBIENTE","2017-01-02","","13.00833333"
"MINAMBIENTE","2017-01-01","","13.52173913"
"MINAMBIENTE","2016-12-31","","19.40416667"
"MINAMBIENTE","2016-12-30","","22.65"
"MINAMBIENTE","2016-12-29","","28.05416667"
"MINAMBIENTE","2016-12-28","","26.39166667"
"MINAMBIENTE","2016-12-27","","38.325"
"MINAMBIENTE","2016-12-26","","41.02916667"
"MINAMBIENTE","2016-12-25","","29.46086957"
"MINAMBIENTE","2016-12-24","","21.7"
"MINAMBIENTE","2016-12-23","","63.13043478"
"MINAMBIENTE","2016-12-22","","41.8875"
"MINAMBIENTE","2016-12-21","","47.69166667"
"MINAMBIENTE","2016-12-20","","42.175"
"MINAMBIENTE","2016-12-19","","56.6375"
"MINAMBIENTE","2016-12-18","","26.8875"
"MINAMBIENTE","2016-12-17","","46.375"
"MINAMBIENTE","2016-12-16","","64.94166667"
"MINAMBIENTE","2016-12-15","","46.79166667"
"MINAMBIENTE","2016-12-14","","41.52083333"
"MINAMBIENTE","2016-12-13","","33.89583333"
"MINAMBIENTE","2016-12-12","","26.43333333"
"MINAMBIENTE","2016-12-11","","21.525"
"MINAMBIENTE","2016-12-10","","22.25833333"
"MINAMBIENTE","2016-12-09","","53.55"
"MINAMBIENTE","2016-12-08","","33.58333333"
"MINAMBIENTE","2016-12-07","","20.86666667"
"MINAMBIENTE","2016-12-06","","20.51666667"
"MINAMBIENTE","2016-12-05","","29.72916667"
"MINAMBIENTE","2016-12-04","","21.57916667"
"MINAMBIENTE","2016-12-03","","37.25217391"
"MINAMBIENTE","2016-12-02","","52.975"
"MINAMBIENTE","2016-12-01","","50.64166667"
"MINAMBIENTE","2016-11-30","","42.42916667"
"MINAMBIENTE","2016-11-29","","38.57916667"
"MINAMBIENTE","2016-11-28","","47.025"
"MINAMBIENTE","2016-11-27","","39.25"
"MINAMBIENTE","2016-11-26","","38.19166667"
"MINAMBIENTE","2016-11-25","","42.9875"
"MINAMBIENTE","2016-11-24","","54.34166667"
"MINAMBIENTE","2016-11-23","","28.29583333"
"MINAMBIENTE","2016-11-22","","48.17916667"
"MINAMBIENTE","2016-11-21","","46.3"
"MINAMBIENTE","2016-11-20","","30.4875"
"MINAMBIENTE","2016-11-19","","34.43333333"
"MINAMBIENTE","2016-11-18","","37.74166667"
"MINAMBIENTE","2016-11-17","","32.57083333"
"MINAMBIENTE","2016-11-16","","34.475"
"MINAMBIENTE","2016-11-15","","25.975"
"MINAMBIENTE","2016-11-14","","24.07083333"
"MINAMBIENTE","2016-11-13","","32.84166667"
"MINAMBIENTE","2016-11-12","","46.21666667"
"MINAMBIENTE","2016-11-11","","28.40416667"
"MINAMBIENTE","2016-11-10","","37.25416667"
"MINAMBIENTE","2016-11-09","","32.94583333"
"MINAMBIENTE","2016-11-08","","37.98333333"
"MINAMBIENTE","2016-11-07","","28.55416667"
"MINAMBIENTE","2016-11-06","","21.75416667"
"MINAMBIENTE","2016-11-05","","14.52916667"
"MINAMBIENTE","2016-11-04","","17.48695652"
"MINAMBIENTE","2016-11-03","","42.45833333"
"MINAMBIENTE","2016-11-02","","37.80833333"
"MINAMBIENTE","2016-10-30","","24.0"
"MINAMBIENTE","2016-10-29","","33.68333333"
"MINAMBIENTE","2016-10-28","","46.0125"
"MINAMBIENTE","2016-10-27","","60.76666667"
"MINAMBIENTE","2016-10-26","","53.99583333"
"MINAMBIENTE","2016-10-25","","49.74583333"
"MINAMBIENTE","2016-10-24","","49.6125"
"MINAMBIENTE","2016-10-23","","29.4125"
"MINAMBIENTE","2016-10-22","","37.425"
"MINAMBIENTE","2016-10-21","","33.53333333"
"MINAMBIENTE","2016-10-20","","21.77083333"
"MINAMBIENTE","2016-10-19","","25.69583333"
"MINAMBIENTE","2016-10-18","","25.9375"
"MINAMBIENTE","2016-10-17","","19.27916667"
"MINAMBIENTE","2016-10-16","","17.05416667"
"MINAMBIENTE","2016-10-15","","17.10416667"
"MINAMBIENTE","2016-10-14","","23.7375"
"MINAMBIENTE","2016-10-13","","36.8625"
"MINAMBIENTE","2016-10-12","","34.33333333"
"MINAMBIENTE","2016-10-11","","35.57916667"
"MINAMBIENTE","2016-10-10","","28.53913043"
"MINAMBIENTE","2016-10-09","","21.8125"
"MINAMBIENTE","2016-10-08","","41.60869565"
"MINAMBIENTE","2016-10-07","","53.57083333"
"MINAMBIENTE","2016-10-06","","33.64583333"
"MINAMBIENTE","2016-10-05","","41.075"
"MINAMBIENTE","2016-10-04","","42.125"
"MINAMBIENTE","2016-10-03","","39.96666667"
"MINAMBIENTE","2016-10-02","","26.22916667"
"MINAMBIENTE","2016-10-01","","39.85416667"
"MINAMBIENTE","2016-09-30","","41.97083333"
"MINAMBIENTE","2016-09-29","","51.32083333"
"MINAMBIENTE","2016-09-28","","23.4125"
"MINAMBIENTE","2016-09-27","","21.08333333"
"MINAMBIENTE","2016-09-26","","22.1875"
"MINAMBIENTE","2016-09-25","","17.95833333"
"MINAMBIENTE","2016-09-24","","19.9625"
"MINAMBIENTE","2016-09-23","","20.525"
"MINAMBIENTE","2016-09-22","","21.3125"
"MINAMBIENTE","2016-09-21","","19.56666667"
"MINAMBIENTE","2016-09-20","","19.62083333"
"MINAMBIENTE","2016-09-19","","16.62083333"
"MINAMBIENTE","2016-09-18","","15.5625"
"MINAMBIENTE","2016-09-17","","19.07083333"
"MINAMBIENTE","2016-09-16","","33.48333333"
"MINAMBIENTE","2016-09-15","","22.67916667"
"MINAMBIENTE","2016-09-14","","35.63333333"
"MINAMBIENTE","2016-09-13","","56.42916667"
"MINAMBIENTE","2016-09-12","","41.83333333"
"MINAMBIENTE","2016-09-11","","17.36666667"
"MINAMBIENTE","2016-09-10","","18.33333333"
"MINAMBIENTE","2016-09-09","","21.44166667"
"MINAMBIENTE","2016-09-08","","30.41666667"
"MINAMBIENTE","2016-09-07","","26.04583333"
"MINAMBIENTE","2016-09-06","","18.32916667"
"MINAMBIENTE","2016-09-05","","19.74583333"
"MINAMBIENTE","2016-09-04","","16.66666667"
"MINAMBIENTE","2016-09-03","","21.97083333"
"MINAMBIENTE","2016-09-02","","31.95"
"MINAMBIENTE","2016-09-01","","23.74583333"
"MINAMBIENTE","2016-08-31","","23.8625"
"MINAMBIENTE","2016-08-30","","19.77916667"
"MINAMBIENTE","2016-08-29","","24.95833333"
"MINAMBIENTE","2016-08-28","","19.74166667"
"MINAMBIENTE","2016-08-27","","33.425"
"MINAMBIENTE","2016-08-26","","29.95555556"
"MINAMBIENTE","2016-08-25","","29.3375"
"MINAMBIENTE","2016-08-24","","49.1125"
"MINAMBIENTE","2016-08-23","","26.74166667"
"MINAMBIENTE","2016-08-22","","19.0375"
"MINAMBIENTE","2016-08-21","","18.6625"
"MINAMBIENTE","2016-08-20","","25.25"
"MINAMBIENTE","2016-08-19","","27.925"
"MINAMBIENTE","2016-08-18","","23.90833333"
"MINAMBIENTE","2016-08-17","","23.05833333"
"MINAMBIENTE","2016-08-16","","20.75416667"
"MINAMBIENTE","2016-08-15","","14.90416667"
"MINAMBIENTE","2016-08-14","","15.77083333"
"MINAMBIENTE","2016-08-13","","21.27916667"
"MINAMBIENTE","2016-08-12","","29.45416667"
"MINAMBIENTE","2016-08-11","","17.45833333"
"MINAMBIENTE","2016-08-10","","19.48333333"
"MINAMBIENTE","2016-08-09","","18.06666667"
"MINAMBIENTE","2016-08-08","","20.53333333"
"MINAMBIENTE","2016-08-07","","15.3"
"MINAMBIENTE","2016-08-06","","22.29166667"
"MINAMBIENTE","2016-08-05","","21.50833333"
"MINAMBIENTE","2016-08-04","","21.89583333"
"MINAMBIENTE","2016-08-03","","17.90833333"
"MINAMBIENTE","2016-08-02","","17.6"
"MINAMBIENTE","2016-08-01","","19.5125"
"MINAMBIENTE","2016-07-31","","16.17916667"
"MINAMBIENTE","2016-07-30","","21.05"
"MINAMBIENTE","2016-07-29","","18.40833333"
"MINAMBIENTE","2016-07-28","","18.12083333"
"MINAMBIENTE","2016-07-27","","20.56666667"
"MINAMBIENTE","2016-07-26","","26.90416667"
"MINAMBIENTE","2016-07-25","","18.37083333"
"MINAMBIENTE","2016-07-24","","28.2625"
"MINAMBIENTE","2016-07-23","","22.49166667"
"MINAMBIENTE","2016-07-22","","24.29166667"
"MINAMBIENTE","2016-07-21","","21.325"
"MINAMBIENTE","2016-07-20","","18.29583333"
"MINAMBIENTE","2016-07-19","","22.7"
"MINAMBIENTE","2016-07-18","","19.5375"
"MINAMBIENTE","2016-07-17","","16.59583333"
"MINAMBIENTE","2016-07-16","","32.1875"
"MINAMBIENTE","2016-07-15","","24.65"
"MINAMBIENTE","2016-07-14","","22.01666667"
"MINAMBIENTE","2016-07-13","","18.38333333"
"MINAMBIENTE","2016-07-12","","29.78333333"
"MINAMBIENTE","2016-07-11","","20.29166667"
"MINAMBIENTE","2016-07-10","","14.10833333"
"MINAMBIENTE","2016-07-09","","15.76666667"
"MINAMBIENTE","2016-07-08","","17.75416667"
"MINAMBIENTE","2016-07-07","","22.06666667"
"MINAMBIENTE","2016-07-06","","33.27916667"
"MINAMBIENTE","2016-07-05","","23.35"
"MINAMBIENTE","2016-07-04","","16.0"
"MINAMBIENTE","2016-07-03","","21.225"
"MINAMBIENTE","2016-07-02","","16.73333333"
"MINAMBIENTE","2016-07-01","","18.81363636"
"MINAMBIENTE","2016-06-30","","22.125"
"MINAMBIENTE","2016-06-29","","20.51666667"
"MINAMBIENTE","2016-06-28","","19.7875"
"MINAMBIENTE","2016-06-27","","23.025"
"MINAMBIENTE","2016-06-26","","17.39583333"
"MINAMBIENTE","2016-06-25","","19.87916667"
"MINAMBIENTE","2016-06-24","","20.12083333"
"MINAMBIENTE","2016-06-23","","21.16666667"
"MINAMBIENTE","2016-06-22","","18.91666667"
"MINAMBIENTE","2016-06-21","","20.34782609"
"MINAMBIENTE","2016-06-20","","17.84583333"
"MINAMBIENTE","2016-06-19","","16.14166667"
"MINAMBIENTE","2016-06-18","","18.57083333"
"MINAMBIENTE","2016-06-17","","17.86666667"
"MINAMBIENTE","2016-06-16","","17.74166667"
"MINAMBIENTE","2016-06-15","","21.0875"
"MINAMBIENTE","2016-06-14","","23.04166667"
"MINAMBIENTE","2016-06-13","","17.44782609"
"MINAMBIENTE","2016-06-12","","17.975"
"MINAMBIENTE","2016-06-11","","19.17826087"
"MINAMBIENTE","2016-06-10","","22.8125"
"MINAMBIENTE","2016-06-09","","21.00416667"
"MINAMBIENTE","2016-06-08","","21.29583333"
"MINAMBIENTE","2016-06-07","","39.5"
"MINAMBIENTE","2016-06-06","","25.15833333"
"MINAMBIENTE","2016-06-05","","35.75833333"
"MINAMBIENTE","2016-06-04","","53.03333333"
"MINAMBIENTE","2016-06-03","","34.95833333"
"MINAMBIENTE","2016-06-02","","23.4"
"MINAMBIENTE","2016-06-01","","21.97916667"
"MINAMBIENTE","2016-05-31","","27.85833333"
"MINAMBIENTE","2016-05-30","","31.89166667"
"MINAMBIENTE","2016-05-29","","26.6875"
"MINAMBIENTE","2016-05-28","","24.49166667"
"MINAMBIENTE","2016-05-27","","43.70416667"
"MINAMBIENTE","2016-05-26","","41.9625"
"MINAMBIENTE","2016-05-25","","32.225"
"MINAMBIENTE","2016-05-24","","23.12916667"
"MINAMBIENTE","2016-05-23","","19.99166667"
"MINAMBIENTE","2016-05-22","","14.54166667"
"MINAMBIENTE","2016-05-21","","19.1"
"MINAMBIENTE","2016-05-20","","20.175"
"MINAMBIENTE","2016-05-19","","18.90833333"
"MINAMBIENTE","2016-05-18","","20.67083333"
"MINAMBIENTE","2016-05-17","","18.72916667"
"MINAMBIENTE","2016-05-16","","21.10416667"
"MINAMBIENTE","2016-05-15","","15.1"
"MINAMBIENTE","2016-05-14","","17.925"
"MINAMBIENTE","2016-05-13","","31.53333333"
"MINAMBIENTE","2016-05-12","","23.3"
"MINAMBIENTE","2016-05-11","","25.44166667"
"MINAMBIENTE","2016-05-10","","30.93333333"
"MINAMBIENTE","2016-05-09","","16.64583333"
"MINAMBIENTE","2016-05-08","","33.175"
"MINAMBIENTE","2016-05-07","","34.29166667"
"MINAMBIENTE","2016-05-06","","31.11666667"
"MINAMBIENTE","2016-05-05","","34.075"
"MINAMBIENTE","2016-05-04","","53.49166667"
"MINAMBIENTE","2016-05-03","","45.525"
"MINAMBIENTE","2016-05-02","","27.825"
"MINAMBIENTE","2016-05-01","","16.65833333"
"MINAMBIENTE","2016-04-30","","28.675"
"MINAMBIENTE","2016-04-29","","39.1173913"
"MINAMBIENTE","2016-04-28","","47.5875"
"MINAMBIENTE","2016-04-27","","52.17083333"
"MINAMBIENTE","2016-04-26","","51.59166667"
"MINAMBIENTE","2016-04-25","","59.97916667"
"MINAMBIENTE","2016-04-24","","31.0375"
"MINAMBIENTE","2016-04-23","","31.06666667"
"MINAMBIENTE","2016-04-22","","23.6875"
"MINAMBIENTE","2016-04-21","","25.775"
"MINAMBIENTE","2016-04-20","","28.22307692"
"MINAMBIENTE","2016-04-16","","30.88461538"
"MINAMBIENTE","2016-04-15","","31.17083333"
"MINAMBIENTE","2016-04-14","","55.47916667"
"MINAMBIENTE","2016-04-13","","55.37083333"
"MINAMBIENTE","2016-04-12","","43.4"
"MINAMBIENTE","2016-04-11","","55.25"
"MINAMBIENTE","2016-04-10","","33.15"
"MINAMBIENTE","2016-04-09","","23.79166667"
"MINAMBIENTE","2016-04-08","","31.73333333"
"MINAMBIENTE","2016-04-07","","31.75416667"
"MINAMBIENTE","2016-04-06","","37.14583333"
"MINAMBIENTE","2016-04-05","","64.1125"
"MINAMBIENTE","2016-04-04","","45.08333333"
"MINAMBIENTE","2016-04-03","","51.1875"
"MINAMBIENTE","2016-04-02","","47.34166667"
"MINAMBIENTE","2016-04-01","","55.46666667"
"MINAMBIENTE","2016-03-31","","55.4375"
"MINAMBIENTE","2016-03-30","","43.4"
"MINAMBIENTE","2016-03-29","","55.24583333"
"MINAMBIENTE","2016-03-28","","65.47916667"
"MINAMBIENTE","2016-03-27","","38.64583333"
"MINAMBIENTE","2016-03-26","","31.1125"
"MINAMBIENTE","2016-03-25","","28.82083333"
"MINAMBIENTE","2016-03-24","","31.25833333"
"MINAMBIENTE","2016-03-23","","38.72916667"
"MINAMBIENTE","2016-03-22","","30.24166667"
"MINAMBIENTE","2016-03-21","","25.23333333"
"MINAMBIENTE","2016-03-20","","23.55"
"MINAMBIENTE","2016-03-19","","22.22916667"
"MINAMBIENTE","2016-03-18","","22.04583333"
"MINAMBIENTE","2016-03-17","","34.2875"
"MINAMBIENTE","2016-03-16","","33.7875"
"MINAMBIENTE","2016-03-15","","44.77916667"
"MINAMBIENTE","2016-03-14","","66.725"
"MINAMBIENTE","2016-03-13","","55.15416667"
"MINAMBIENTE","2016-03-12","","57.6875"
"MINAMBIENTE","2016-03-11","","66.70833333"
"MINAMBIENTE","2016-03-10","","73.2"
"MINAMBIENTE","2016-03-09","","68.71666667"
"MINAMBIENTE","2016-03-08","","66.25416667"
"MINAMBIENTE","2016-03-07","","84.12083333"
"MINAMBIENTE","2016-03-06","","59.10833333"
"MINAMBIENTE","2016-03-05","","67.60833333"
"MINAMBIENTE","2016-03-04","","69.91666667"
"MINAMBIENTE","2016-03-03","","37.5375"
"MINAMBIENTE","2016-03-02","","51.64166667"
"MINAMBIENTE","2016-03-01","","62.2125"
"MINAMBIENTE","2016-02-29","","45.52083333"
"MINAMBIENTE","2016-02-28","","28.90416667"
"MINAMBIENTE","2016-02-27","","49.05833333"
"MINAMBIENTE","2016-02-26","","67.8"
"MINAMBIENTE","2016-02-25","","58.175"
"MINAMBIENTE","2016-02-24","","34.97916667"
"MINAMBIENTE","2016-02-23","","34.82916667"
"MINAMBIENTE","2016-02-22","","41.3875"
"MINAMBIENTE","2016-02-21","","25.30416667"
"MINAMBIENTE","2016-02-20","","31.27916667"
"MINAMBIENTE","2016-02-19","","30.23333333"
"MINAMBIENTE","2016-02-18","","46.62083333"
"MINAMBIENTE","2016-02-17","","34.80833333"
"MINAMBIENTE","2016-02-16","","24.225"
"MINAMBIENTE","2016-02-15","","28.85833333"
"MINAMBIENTE","2016-02-14","","25.6875"
"MINAMBIENTE","2016-02-13","","37.25"
"MINAMBIENTE","2016-02-12","","28.48333333"
"MINAMBIENTE","2016-02-11","","25.8625"
"MINAMBIENTE","2016-02-10","","23.87916667"
"MINAMBIENTE","2016-02-09","","25.17083333"
"MINAMBIENTE","2016-02-08","","28.84583333"
"MINAMBIENTE","2016-02-07","","29.9875"
"MINAMBIENTE","2016-02-06","","38.225"
"MINAMBIENTE","2016-02-05","","57.20416667"
"MINAMBIENTE","2016-02-04","","74.75833333"
"MINAMBIENTE","2016-02-03","","94.19166667"
"MINAMBIENTE","2016-02-02","","68.03043478"
"MINAMBIENTE","2016-02-01","","45.14583333"
"MINAMBIENTE","2016-01-31","","68.1"
"MINAMBIENTE","2016-01-30","","77.0375"
"MINAMBIENTE","2016-01-29","","72.39583333"
"MINAMBIENTE","2016-01-28","","58.62105263"
"MINAMBIENTE","2016-01-27","","47.84166667"
"MINAMBIENTE","2016-01-26","","69.27916667"
"MINAMBIENTE","2016-01-25","","55.44166667"
"MINAMBIENTE","2016-01-24","","51.52916667"
"MINAMBIENTE","2016-01-23","","64.92083333"
"MINAMBIENTE","2016-01-22","","81.39166667"
"MINAMBIENTE","2016-01-21","","87.13333333"
"MINAMBIENTE","2016-01-20","","75.9125"
"MINAMBIENTE","2016-01-19","","68.8375"
"MINAMBIENTE","2016-01-18","","56.96666667"
"MINAMBIENTE","2016-01-17","","54.8"
"MINAMBIENTE","2016-01-16","","43.19583333"
"MINAMBIENTE","2016-01-15","","58.61666667"
"MINAMBIENTE","2016-01-14","","69.375"
"MINAMBIENTE","2016-01-13","","60.23333333"
"MINAMBIENTE","2016-01-12","","53.52083333"
"MINAMBIENTE","2016-01-11","","45.38333333"
"MINAMBIENTE","2016-01-10","","42.07916667"
"MINAMBIENTE","2016-01-09","","53.41666667"
"MINAMBIENTE","2016-01-08","","54.70833333"
"MINAMBIENTE","2016-01-07","","62.575"
"MINAMBIENTE","2016-01-06","","40.5"
"MINAMBIENTE","2016-01-05","","54.61666667"
"MINAMBIENTE","2016-01-04","","42.42916667"
"MINAMBIENTE","2016-01-03","","21.51666667"
"MINAMBIENTE","2016-01-02","","17.65833333"
"MINAMBIENTE","2016-01-01","","18.4"
"MINAMBIENTE","2015-12-31","","16.73913043"
"MINAMBIENTE","2015-12-30","","20.875"
"MINAMBIENTE","2015-12-29","","24.25"
"MINAMBIENTE","2015-12-28","","26.08333333"
"MINAMBIENTE","2015-12-27","","22.125"
"MINAMBIENTE","2015-12-26","","21.0"
"MINAMBIENTE","2015-12-25","","18.125"
"MINAMBIENTE","2015-12-24","","22.08333333"
"MINAMBIENTE","2015-12-23","","28.29166667"
"MINAMBIENTE","2015-12-22","","23.875"
"MINAMBIENTE","2015-12-21","","24.20833333"
"MINAMBIENTE","2015-12-20","","22.70833333"
"MINAMBIENTE","2015-12-19","","20.66666667"
"MINAMBIENTE","2015-12-18","","32.95833333"
"MINAMBIENTE","2015-12-17","","26.41666667"
"MINAMBIENTE","2015-12-16","","28.66666667"
"MINAMBIENTE","2015-12-15","","36.33333333"
"MINAMBIENTE","2015-12-14","","40.33333333"
"MINAMBIENTE","2015-12-13","","35.45833333"
"MINAMBIENTE","2015-12-12","","34.20833333"
"MINAMBIENTE","2015-12-11","","35.5"
"MINAMBIENTE","2015-12-10","","38.66666667"
"MINAMBIENTE","2015-12-09","","28.33333333"
"MINAMBIENTE","2015-12-08","","43.0"
"MINAMBIENTE","2015-12-07","","32.95833333"
"MINAMBIENTE","2015-12-06","","23.04166667"
"MINAMBIENTE","2015-12-05","","27.45833333"
"MINAMBIENTE","2015-12-04","","28.73913043"
"MINAMBIENTE","2015-12-03","","42.625"
"MINAMBIENTE","2015-12-02","","25.04166667"
"MINAMBIENTE","2015-12-01","","24.75"
"MINAMBIENTE","2015-11-30","","25.04166667"
"MINAMBIENTE","2015-11-29","","35.79166667"
"MINAMBIENTE","2015-11-28","","52.20833333"
"MINAMBIENTE","2015-11-27","","38.625"
"MINAMBIENTE","2015-11-26","","30.20833333"
"MINAMBIENTE","2015-11-25","","26.70833333"
"MINAMBIENTE","2015-11-24","","36.66666667"
"MINAMBIENTE","2015-11-23","","37.66666667"
"MINAMBIENTE","2015-11-22","","22.20833333"
"MINAMBIENTE","2015-11-21","","43.0"
"MINAMBIENTE","2015-11-20","","62.33333333"
"MINAMBIENTE","2015-11-19","","53.45833333"
"MINAMBIENTE","2015-11-18","","37.75"
"MINAMBIENTE","2015-11-17","","20.5"
"MINAMBIENTE","2015-11-16","","21.58333333"
"MINAMBIENTE","2015-11-15","","19.95833333"
"MINAMBIENTE","2015-11-14","","20.66666667"
"MINAMBIENTE","2015-11-13","","24.5"
"MINAMBIENTE","2015-11-12","","30.95833333"
"MINAMBIENTE","2015-11-11","","21.70833333"
"MINAMBIENTE","2015-11-10","","22.625"
"MINAMBIENTE","2015-11-09","","21.33333333"
"MINAMBIENTE","2015-11-08","","19.54166667"
"MINAMBIENTE","2015-11-07","","42.625"
"MINAMBIENTE","2015-11-06","","56.41666667"
"MINAMBIENTE","2015-11-05","","55.45833333"
"MINAMBIENTE","2015-11-04","","56.125"
"MINAMBIENTE","2015-11-03","","54.0"
"MINAMBIENTE","2015-11-02","","34.75"
"MINAMBIENTE","2015-11-01","","35.66666667"
"MINAMBIENTE","2015-10-31","","80.45833333"
"MINAMBIENTE","2015-10-30","","50.33333333"
"MINAMBIENTE","2015-10-29","","37.375"
"MINAMBIENTE","2015-10-28","","27.16666667"
"MINAMBIENTE","2015-10-27","","26.08333333"
"MINAMBIENTE","2015-10-26","","23.875"
"MINAMBIENTE","2015-10-25","","21.75"
"MINAMBIENTE","2015-10-24","","36.20833333"
"MINAMBIENTE","2015-10-23","","34.0"
"MINAMBIENTE","2015-10-22","","54.95833333"
"MINAMBIENTE","2015-10-21","","31.79166667"
"MINAMBIENTE","2015-10-20","","31.08333333"
"MINAMBIENTE","2015-10-19","","30.29166667"
"MINAMBIENTE","2015-10-18","","24.25"
"MINAMBIENTE","2015-10-17","","28.25"
"MINAMBIENTE","2015-10-16","","22.95833333"
"MINAMBIENTE","2015-10-15","","23.70833333"
"MINAMBIENTE","2015-10-14","","55.91666667"
"MINAMBIENTE","2015-10-13","","52.83333333"
"MINAMBIENTE","2015-10-12","","37.66666667"
"MINAMBIENTE","2015-10-11","","32.16666667"
"MINAMBIENTE","2015-10-10","","30.58333333"
"MINAMBIENTE","2015-10-09","","26.625"
"MINAMBIENTE","2015-10-08","","27.75"
"MINAMBIENTE","2015-10-07","","33.91666667"
"MINAMBIENTE","2015-10-06","","28.0"
"MINAMBIENTE","2015-10-05","","22.08695652"
"MINAMBIENTE","2015-10-04","","19.20833333"
"MINAMBIENTE","2015-10-03","","27.20833333"
"MINAMBIENTE","2015-10-02","","51.39130435"
"MINAMBIENTE","2015-10-01","","57.25"
"MINAMBIENTE","2015-09-30","","40.33333333"
"MINAMBIENTE","2015-09-29","","24.91666667"
"MINAMBIENTE","2015-09-28","","27.08333333"
"MINAMBIENTE","2015-09-27","","18.70833333"
"MINAMBIENTE","2015-09-26","","26.25"
"MINAMBIENTE","2015-09-25","","25.875"
"MINAMBIENTE","2015-09-24","","25.08333333"
"MINAMBIENTE","2015-09-23","","22.25"
"MINAMBIENTE","2015-09-22","","23.58333333"
"MINAMBIENTE","2015-09-21","","20.625"
"MINAMBIENTE","2015-09-20","","15.70833333"
"MINAMBIENTE","2015-09-19","","26.45833333"
"MINAMBIENTE","2015-09-18","","28.91666667"
"MINAMBIENTE","2015-09-17","","75.0"
"MINAMBIENTE","2015-09-16","","29.875"
"MINAMBIENTE","2015-09-15","","24.83333333"
"MINAMBIENTE","2015-09-14","","23.91666667"
"MINAMBIENTE","2015-09-13","","18.34782609"
"MINAMBIENTE","2015-09-12","","22.54166667"
"MINAMBIENTE","2015-09-11","","19.625"
"MINAMBIENTE","2015-09-10","","27.08333333"
"MINAMBIENTE","2015-09-09","","24.20833333"
"MINAMBIENTE","2015-09-08","","24.54166667"
"MINAMBIENTE","2015-09-07","","25.04166667"
"MINAMBIENTE","2015-09-06","","21.54166667"
"MINAMBIENTE","2015-09-05","","30.95833333"
"MINAMBIENTE","2015-09-04","","31.5"
"MINAMBIENTE","2015-09-03","","27.20833333"
"MINAMBIENTE","2015-09-02","","30.25"
"MINAMBIENTE","2015-09-01","","20.0"
"MINAMBIENTE","2015-08-31","","21.70833333"
"MINAMBIENTE","2015-08-30","","17.58333333"
"MINAMBIENTE","2015-08-29","","21.83333333"
"MINAMBIENTE","2015-08-28","","22.75"
"MINAMBIENTE","2015-08-27","","46.95833333"
"MINAMBIENTE","2015-08-26","","38.75"
"MINAMBIENTE","2015-08-25","","36.58333333"
"MINAMBIENTE","2015-08-24","","27.95833333"
"MINAMBIENTE","2015-08-23","","33.20833333"
"MINAMBIENTE","2015-08-22","","51.875"
"MINAMBIENTE","2015-08-21","","31.04166667"
"MINAMBIENTE","2015-08-20","","20.58333333"
"MINAMBIENTE","2015-08-19","","20.41666667"
"MINAMBIENTE","2015-08-18","","21.875"
"MINAMBIENTE","2015-08-17","","19.08333333"
"MINAMBIENTE","2015-08-16","","25.08333333"
"MINAMBIENTE","2015-08-15","","30.83333333"
"MINAMBIENTE","2015-08-14","","29.79166667"
"MINAMBIENTE","2015-08-13","","22.20833333"
"MINAMBIENTE","2015-08-12","","24.625"
"MINAMBIENTE","2015-08-11","","21.625"
"MINAMBIENTE","2015-08-10","","22.83333333"
"MINAMBIENTE","2015-08-09","","20.5"
"MINAMBIENTE","2015-08-08","","19.45833333"
"MINAMBIENTE","2015-08-07","","20.0"
"MINAMBIENTE","2015-08-06","","24.41666667"
"MINAMBIENTE","2015-08-05","","22.5"
"MINAMBIENTE","2015-08-04","","20.5"
"MINAMBIENTE","2015-08-03","","21.28571429"
"MINAMBIENTE","2015-08-02","","16.52631579"
"MINAMBIENTE","2015-08-01","","21.95833333"
"MINAMBIENTE","2015-07-31","","17.41666667"
"MINAMBIENTE","2015-07-30","","24.58333333"
"MINAMBIENTE","2015-07-29","","18.66666667"
"MINAMBIENTE","2015-07-28","","22.5"
"MINAMBIENTE","2015-07-27","","21.41666667"
"MINAMBIENTE","2015-07-26","","13.54166667"
"MINAMBIENTE","2015-07-25","","19.16666667"
"MINAMBIENTE","2015-07-24","","26.16666667"
"MINAMBIENTE","2015-07-23","","18.79166667"
"MINAMBIENTE","2015-07-22","","22.33333333"
"MINAMBIENTE","2015-07-21","","41.41666667"
"MINAMBIENTE","2015-07-20","","24.25"
"MINAMBIENTE","2015-07-19","","30.75"
"MINAMBIENTE","2015-07-18","","22.69565217"
"MINAMBIENTE","2015-07-17","","23.0"
"MINAMBIENTE","2015-07-16","","24.54166667"
"MINAMBIENTE","2015-07-15","","19.25"
"MINAMBIENTE","2015-07-14","","23.375"
"MINAMBIENTE","2015-07-13","","30.58333333"
"MINAMBIENTE","2015-07-12","","13.16666667"
"MINAMBIENTE","2015-07-11","","16.16666667"
"MINAMBIENTE","2015-07-10","","21.85"
"MINAMBIENTE","2015-07-09","","26.91666667"
"MINAMBIENTE","2015-07-08","","23.125"
"MINAMBIENTE","2015-07-07","","23.375"
"MINAMBIENTE","2015-07-06","","19.65217391"
"MINAMBIENTE","2015-07-05","","14.41666667"
"MINAMBIENTE","2015-07-04","","13.91666667"
"MINAMBIENTE","2015-07-03","","24.08333333"
"MINAMBIENTE","2015-07-02","","18.54166667"
"MINAMBIENTE","2015-07-01","","28.5"
"MINAMBIENTE","2015-06-30","","34.08333333"
"MINAMBIENTE","2015-06-29","","26.95833333"
"MINAMBIENTE","2015-06-28","","18.91666667"
"MINAMBIENTE","2015-06-27","","19.91666667"
"MINAMBIENTE","2015-06-26","","26.08333333"
"MINAMBIENTE","2015-06-25","","18.75"
"MINAMBIENTE","2015-06-24","","19.875"
"MINAMBIENTE","2015-06-23","","18.45833333"
"MINAMBIENTE","2015-06-22","","23.33333333"
"MINAMBIENTE","2015-06-21","","20.66666667"
"MINAMBIENTE","2015-06-20","","24.66666667"
"MINAMBIENTE","2015-06-19","","22.20833333"
"MINAMBIENTE","2015-06-18","","19.45833333"
"MINAMBIENTE","2015-06-17","","17.95833333"
"MINAMBIENTE","2015-06-16","","20.16666667"
"MINAMBIENTE","2015-06-15","","22.5"
"MINAMBIENTE","2015-06-14","","17.47826087"
"MINAMBIENTE","2015-06-13","","23.08333333"
"MINAMBIENTE","2015-06-12","","21.125"
"MINAMBIENTE","2015-06-11","","33.375"
"MINAMBIENTE","2015-06-10","","24.875"
"MINAMBIENTE","2015-06-09","","29.95833333"
"MINAMBIENTE","2015-06-08","","18.16666667"
"MINAMBIENTE","2015-06-07","","18.91666667"
"MINAMBIENTE","2015-06-06","","27.0"
"MINAMBIENTE","2015-06-05","","26.16666667"
"MINAMBIENTE","2015-06-04","","24.375"
"MINAMBIENTE","2015-06-03","","22.58333333"
"MINAMBIENTE","2015-06-02","","18.0"
"MINAMBIENTE","2015-06-01","","26.04166667"
"MINAMBIENTE","2015-05-31","","21.25"
"MINAMBIENTE","2015-05-30","","30.25"
"MINAMBIENTE","2015-05-29","","36.5"
"MINAMBIENTE","2015-05-28","","31.29166667"
"MINAMBIENTE","2015-05-27","","38.29166667"
"MINAMBIENTE","2015-05-26","","30.33333333"
"MINAMBIENTE","2015-05-25","","29.04166667"
"MINAMBIENTE","2015-05-24","","21.75"
"MINAMBIENTE","2015-05-23","","22.83333333"
"MINAMBIENTE","2015-05-22","","30.0"
"MINAMBIENTE","2015-05-21","","26.0"
"MINAMBIENTE","2015-05-20","","28.17391304"
"MINAMBIENTE","2015-05-19","","29.91666667"
"MINAMBIENTE","2015-05-18","","22.29166667"
"MINAMBIENTE","2015-05-17","","23.0"
"MINAMBIENTE","2015-05-16","","29.875"
"MINAMBIENTE","2015-05-15","","27.95833333"
"MINAMBIENTE","2015-05-14","","30.625"
"MINAMBIENTE","2015-05-13","","29.33333333"
"MINAMBIENTE","2015-05-12","","32.66666667"
"MINAMBIENTE","2015-05-11","","39.95833333"
"MINAMBIENTE","2015-05-10","","31.91666667"
"MINAMBIENTE","2015-05-09","","21.375"
"MINAMBIENTE","2015-05-08","","30.08333333"
"MINAMBIENTE","2015-05-07","","45.66666667"
"MINAMBIENTE","2015-05-06","","51.0"
"MINAMBIENTE","2015-05-05","","52.20833333"
"MINAMBIENTE","2015-05-04","","58.875"
"MINAMBIENTE","2015-05-03","","51.04166667"
"MINAMBIENTE","2015-05-02","","61.65217391"
"MINAMBIENTE","2015-05-01","","65.91666667"
"MINAMBIENTE","2015-04-30","","45.5"
"MINAMBIENTE","2015-04-29","","36.83333333"
"MINAMBIENTE","2015-04-28","","25.95833333"
"MINAMBIENTE","2015-04-27","","21.33333333"
"MINAMBIENTE","2015-04-26","","19.83333333"
"MINAMBIENTE","2015-04-25","","28.70833333"
"MINAMBIENTE","2015-04-24","","33.625"
"MINAMBIENTE","2015-04-23","","38.0"
"MINAMBIENTE","2015-04-22","","38.5"
"MINAMBIENTE","2015-04-21","","28.54166667"
"MINAMBIENTE","2015-04-20","","36.08333333"
"MINAMBIENTE","2015-04-19","","28.875"
"MINAMBIENTE","2015-04-18","","39.66666667"
"MINAMBIENTE","2015-04-17","","64.125"
"MINAMBIENTE","2015-04-16","","44.08333333"
"MINAMBIENTE","2015-04-15","","34.70833333"
"MINAMBIENTE","2015-04-14","","35.79166667"
"MINAMBIENTE","2015-04-13","","32.95833333"
"MINAMBIENTE","2015-04-12","","22.91666667"
"MINAMBIENTE","2015-04-11","","35.83333333"
"MINAMBIENTE","2015-04-10","","38.91666667"
"MINAMBIENTE","2015-04-09","","29.95833333"
"MINAMBIENTE","2015-04-08","","32.34782609"
"MINAMBIENTE","2015-04-07","","32.70833333"
"MINAMBIENTE","2015-04-06","","37.375"
"MINAMBIENTE","2015-04-05","","33.95833333"
"MINAMBIENTE","2015-04-04","","35.125"
"MINAMBIENTE","2015-04-03","","30.45833333"
"MINAMBIENTE","2015-04-02","","39.08333333"
"MINAMBIENTE","2015-04-01","","45.125"
"MINAMBIENTE","2015-03-31","","63.83333333"
"MINAMBIENTE","2015-03-30","","65.58333333"
"MINAMBIENTE","2015-03-29","","40.58333333"
"MINAMBIENTE","2015-03-28","","63.91666667"
"MINAMBIENTE","2015-03-27","","48.25"
"MINAMBIENTE","2015-03-26","","58.45833333"
"MINAMBIENTE","2015-03-25","","62.16666667"
"MINAMBIENTE","2015-03-24","","80.16666667"
"MINAMBIENTE","2015-03-23","","43.16666667"
"MINAMBIENTE","2015-03-22","","42.54166667"
"MINAMBIENTE","2015-03-21","","56.41666667"
"MINAMBIENTE","2015-03-20","","57.95833333"
"MINAMBIENTE","2015-03-19","","67.83333333"
"MINAMBIENTE","2015-03-18","","71.04166667"
"MINAMBIENTE","2015-03-17","","77.91666667"
"MINAMBIENTE","2015-03-16","","56.75"
"MINAMBIENTE","2015-03-15","","42.83333333"
"MINAMBIENTE","2015-03-14","","44.125"
"MINAMBIENTE","2015-03-13","","46.45833333"
"MINAMBIENTE","2015-03-12","","41.875"
"MINAMBIENTE","2015-03-11","","29.58333333"
"MINAMBIENTE","2015-03-10","","32.95833333"
"MINAMBIENTE","2015-03-09","","35.70833333"
"MINAMBIENTE","2015-03-08","","26.91666667"
"MINAMBIENTE","2015-03-07","","27.375"
"MINAMBIENTE","2015-03-06","","38.25"
"MINAMBIENTE","2015-03-05","","52.54166667"
"MINAMBIENTE","2015-03-04","","42.66666667"
"MINAMBIENTE","2015-03-03","","40.41666667"
"MINAMBIENTE","2015-03-02","","73.33333333"
"MINAMBIENTE","2015-03-01","","33.66666667"
"MINAMBIENTE","2015-02-28","","22.625"
"MINAMBIENTE","2015-02-27","","66.41666667"
"MINAMBIENTE","2015-02-26","","52.04166667"
"MINAMBIENTE","2015-02-25","","56.33333333"
"MINAMBIENTE","2015-02-24","","58.58333333"
"MINAMBIENTE","2015-02-23","","52.875"
"MINAMBIENTE","2015-02-22","","39.125"
"MINAMBIENTE","2015-02-21","","59.875"
"MINAMBIENTE","2015-02-20","","77.91666667"
"MINAMBIENTE","2015-02-19","","69.45833333"
"MINAMBIENTE","2015-02-18","","89.66666667"
"MINAMBIENTE","2015-02-17","","60.25"
"MINAMBIENTE","2015-02-16","","44.54166667"
"MINAMBIENTE","2015-02-15","","27.45833333"
"MINAMBIENTE","2015-02-14","","27.91666667"
"MINAMBIENTE","2015-02-13","","44.125"
"MINAMBIENTE","2015-02-12","","35.04166667"
"MINAMBIENTE","2015-02-11","","54.625"
"MINAMBIENTE","2015-02-10","","68.45833333"
"MINAMBIENTE","2015-02-09","","55.0"
"MINAMBIENTE","2015-02-08","","51.58333333"
"MINAMBIENTE","2015-02-07","","65.29166667"
"MINAMBIENTE","2015-02-06","","71.5"
"MINAMBIENTE","2015-02-05","","30.75"
"MINAMBIENTE","2015-02-04","","25.08333333"
"MINAMBIENTE","2015-02-03","","23.125"
"MINAMBIENTE","2015-02-02","","22.70833333"
"MINAMBIENTE","2015-02-01","","19.58333333"
"MINAMBIENTE","2015-01-31","","24.29166667"
"MINAMBIENTE","2015-01-30","","45.125"
"MINAMBIENTE","2015-01-29","","32.75"
"MINAMBIENTE","2015-01-28","","40.125"
"MINAMBIENTE","2015-01-27","","56.95833333"
"MINAMBIENTE","2015-01-26","","46.25"
"MINAMBIENTE","2015-01-25","","29.0"
"MINAMBIENTE","2015-01-24","","56.41666667"
"MINAMBIENTE","2015-01-23","","70.66666667"
"MINAMBIENTE","2015-01-22","","56.41666667"
"MINAMBIENTE","2015-01-21","","34.5"
"MINAMBIENTE","2015-01-20","","31.83333333"
"MINAMBIENTE","2015-01-19","","49.125"
"MINAMBIENTE","2015-01-18","","41.375"
"MINAMBIENTE","2015-01-17","","57.91666667"
"MINAMBIENTE","2015-01-16","","47.25"
"MINAMBIENTE","2015-01-15","","55.79166667"
"MINAMBIENTE","2015-01-14","","31.625"
"MINAMBIENTE","2015-01-13","","40.125"
"MINAMBIENTE","2015-01-12","","17.16666667"
"MINAMBIENTE","2015-01-11","","17.33333333"
"MINAMBIENTE","2015-01-10","","24.33333333"
"MINAMBIENTE","2015-01-09","","37.33333333"
"MINAMBIENTE","2015-01-08","","80.5"
"MINAMBIENTE","2015-01-07","","39.04545455"
"MINAMBIENTE","2015-01-06","","25.58333333"
"MINAMBIENTE","2015-01-05","","35.16666667"
"MINAMBIENTE","2015-01-04","","51.41666667"
"MINAMBIENTE","2015-01-03","","25.83333333"
"MINAMBIENTE","2015-01-02","","19.08333333"
"MINAMBIENTE","2015-01-01","","20.625"
"MINAMBIENTE","2014-12-31","","16.31944445"
"MINAMBIENTE","2014-12-30","","42.2986111"
"MINAMBIENTE","2014-12-29","","26.81944445"
"MINAMBIENTE","2014-12-28","","25.56944444"
"MINAMBIENTE","2014-12-27","","31.875"
"MINAMBIENTE","2014-12-26","","20.90277778"
"MINAMBIENTE","2014-12-25","","30.44444444"
"MINAMBIENTE","2014-12-24","","25.77777778"
"MINAMBIENTE","2014-12-23","","28.87500001"
"MINAMBIENTE","2014-12-22","","39.34722223"
"MINAMBIENTE","2014-12-21","","59.84722222"
"MINAMBIENTE","2014-12-20","","59.45138889"
"MINAMBIENTE","2014-12-19","","75.08333333"
"MINAMBIENTE","2014-12-18","","65.88194445"
"MINAMBIENTE","2014-12-17","","74.97916666"
"MINAMBIENTE","2014-12-16","","58.86805555"
"MINAMBIENTE","2014-12-15","","63.97222221"
"MINAMBIENTE","2014-12-14","","42.00694444"
"MINAMBIENTE","2014-12-13","","73.84722222"
"MINAMBIENTE","2014-12-12","","34.08333334"
"MINAMBIENTE","2014-12-11","","40.11111112"
"MINAMBIENTE","2014-12-10","","65.40277778"
"MINAMBIENTE","2014-12-09","","55.5"
"MINAMBIENTE","2014-12-08","","58.56944445"
"MINAMBIENTE","2014-12-07","","69.77083333"
"MINAMBIENTE","2014-12-06","","62.09027779"
"MINAMBIENTE","2014-12-05","","60.95138888"
"MINAMBIENTE","2014-12-04","","44.35416668"
"MINAMBIENTE","2014-12-03","","27.22222223"
"MINAMBIENTE","2014-12-02","","21.60416666"
"MINAMBIENTE","2014-12-01","","25.97916667"
"MINAMBIENTE","2014-11-30","","19.9710145"
"MINAMBIENTE","2014-11-29","","22.52083333"
"MINAMBIENTE","2014-11-28","","30.99305556"
"MINAMBIENTE","2014-11-27","","55.64583334"
"MINAMBIENTE","2014-11-26","","56.0625"
"MINAMBIENTE","2014-11-25","","20.23611111"
"MINAMBIENTE","2014-11-24","","18.77777778"
"MINAMBIENTE","2014-11-23","","22.96527777"
"MINAMBIENTE","2014-11-22","","61.84027778"
"MINAMBIENTE","2014-11-21","","52.59027777"
"MINAMBIENTE","2014-11-20","","69.20833333"
"MINAMBIENTE","2014-11-19","","54.79861111"
"MINAMBIENTE","2014-11-18","","56.04861111"
"MINAMBIENTE","2014-11-17","","21.63888888"
"MINAMBIENTE","2014-11-16","","32.70138889"
"MINAMBIENTE","2014-11-15","","56.08333335"
"MINAMBIENTE","2014-11-14","","49.75"
"MINAMBIENTE","2014-11-13","","46.79861111"
"MINAMBIENTE","2014-11-12","","47.16666667"
"MINAMBIENTE","2014-11-11","","52.60416667"
"MINAMBIENTE","2014-11-10","","59.74305556"
"MINAMBIENTE","2014-11-09","","46.00694445"
"MINAMBIENTE","2014-11-08","","53.09722222"
"MINAMBIENTE","2014-11-07","","45.61805556"
"MINAMBIENTE","2014-11-06","","102.69444444"
"MINAMBIENTE","2014-11-05","","67.41666667"
"MINAMBIENTE","2014-11-04","","50.36805555"
"MINAMBIENTE","2014-11-03","","19.41666668"
"MINAMBIENTE","2014-11-02","","25.06944443"
"MINAMBIENTE","2014-11-01","","54.78472223"
"MINAMBIENTE","2014-10-31","","43.59027778"
"MINAMBIENTE","2014-10-30","","59.08333333"
"MINAMBIENTE","2014-10-29","","47.40277778"
"MINAMBIENTE","2014-10-28","","46.0"
"MINAMBIENTE","2014-10-27","","47.64583333"
"MINAMBIENTE","2014-10-26","","37.88888889"
"MINAMBIENTE","2014-10-25","","62.82638889"
"MINAMBIENTE","2014-10-24","","67.46527778"
"MINAMBIENTE","2014-10-23","","49.44444445"
"MINAMBIENTE","2014-10-22","","33.84848485"
"MINAMBIENTE","2014-10-21","","26.16666666"
"MINAMBIENTE","2014-10-20","","36.1875"
"MINAMBIENTE","2014-10-19","","33.7638889"
"MINAMBIENTE","2014-10-18","","40.51388889"
"MINAMBIENTE","2014-10-17","","32.14583333"
"MINAMBIENTE","2014-10-16","","32.32638889"
"MINAMBIENTE","2014-10-15","","20.34722223"
"MINAMBIENTE","2014-10-14","","23.91666666"
"MINAMBIENTE","2014-10-13","","19.27777778"
"MINAMBIENTE","2014-10-12","","18.74305556"
"MINAMBIENTE","2014-10-11","","36.78985507"
"MINAMBIENTE","2014-10-10","","63.09722222"
"MINAMBIENTE","2014-10-09","","46.38888889"
"MINAMBIENTE","2014-10-08","","69.98611111"
"MINAMBIENTE","2014-10-07","","35.61805557"
"MINAMBIENTE","2014-10-06","","27.5138889"
"MINAMBIENTE","2014-10-05","","37.27777778"
"MINAMBIENTE","2014-10-04","","43.19444445"
"MINAMBIENTE","2014-10-03","","26.33333334"
"MINAMBIENTE","2014-10-02","","24.32638888"
"MINAMBIENTE","2014-10-01","","25.08333333"
"MINAMBIENTE","2014-09-30","","28.31249999"
"MINAMBIENTE","2014-09-29","","25.50000001"
"MINAMBIENTE","2014-09-28","","23.79166668"
"MINAMBIENTE","2014-09-27","","26.48611111"
"MINAMBIENTE","2014-09-26","","48.14583333"
"MINAMBIENTE","2014-09-25","","35.81944444"
"MINAMBIENTE","2014-09-24","","37.44444444"
"MINAMBIENTE","2014-09-23","","32.20138888"
"MINAMBIENTE","2014-09-22","","37.625"
"MINAMBIENTE","2014-09-21","","33.36805555"
"MINAMBIENTE","2014-09-20","","36.74305557"
"MINAMBIENTE","2014-09-19","","53.29861111"
"MINAMBIENTE","2014-09-18","","50.20833334"
"MINAMBIENTE","2014-09-17","","73.94444446"
"MINAMBIENTE","2014-09-14","","17.33333333"
"MINAMBIENTE","2014-09-13","","18.85416666"
"MINAMBIENTE","2014-09-12","","29.97916668"
"MINAMBIENTE","2014-09-11","","23.99275362"
"MINAMBIENTE","2014-09-10","","38.3015873"
"MINAMBIENTE","2014-09-09","","21.97222223"
"MINAMBIENTE","2014-09-08","","20.72916667"
"MINAMBIENTE","2014-09-07","","18.08695652"
"MINAMBIENTE","2014-09-06","","22.11111111"
"MINAMBIENTE","2014-09-05","","28.11594202"
"MINAMBIENTE","2014-09-04","","20.9375"
"MINAMBIENTE","2014-09-03","","21.27777778"
"MINAMBIENTE","2014-09-02","","36.86805555"
"MINAMBIENTE","2014-09-01","","22.13768115"
"MINAMBIENTE","2014-08-31","","18.48484849"
"MINAMBIENTE","2014-08-30","","22.38888889"
"MINAMBIENTE","2014-08-29","","18.95833333"
"MINAMBIENTE","2014-08-28","","38.63888889"
"MINAMBIENTE","2014-08-27","","38.75694445"
"MINAMBIENTE","2014-08-26","","26.88194445"
"MINAMBIENTE","2014-08-25","","26.11111112"
"MINAMBIENTE","2014-08-24","","27.26388888"
"MINAMBIENTE","2014-08-23","","32.74305555"
"MINAMBIENTE","2014-08-22","","34.03472222"
"MINAMBIENTE","2014-08-21","","32.27083333"
"MINAMBIENTE","2014-08-20","","35.0"
"MINAMBIENTE","2014-08-19","","25.6875"
"MINAMBIENTE","2014-08-18","","16.61805555"
"MINAMBIENTE","2014-08-17","","17.58333333"
"MINAMBIENTE","2014-08-16","","25.09722223"
"MINAMBIENTE","2014-08-15","","20.20138889"
"MINAMBIENTE","2014-08-14","","22.29166666"
"MINAMBIENTE","2014-08-13","","23.20833333"
"MINAMBIENTE","2014-08-12","","26.23913043"
"MINAMBIENTE","2014-08-11","","25.34027778"
"MINAMBIENTE","2014-08-10","","23.13194444"
"MINAMBIENTE","2014-08-09","","27.36805555"
"MINAMBIENTE","2014-08-08","","29.1875"
"MINAMBIENTE","2014-08-07","","21.20833333"
"MINAMBIENTE","2014-08-06","","27.43055555"
"MINAMBIENTE","2014-08-05","","28.69565218"
"MINAMBIENTE","2014-08-04","","30.27777778"
"MINAMBIENTE","2014-08-03","","24.93055555"
"MINAMBIENTE","2014-08-02","","25.60416667"
"MINAMBIENTE","2014-08-01","","26.2361111"
"MINAMBIENTE","2014-07-31","","19.74305556"
"MINAMBIENTE","2014-07-30","","21.51388889"
"MINAMBIENTE","2014-07-29","","24.06944445"
"MINAMBIENTE","2014-07-28","","21.73611111"
"MINAMBIENTE","2014-07-27","","19.13768117"
"MINAMBIENTE","2014-07-26","","22.625"
"MINAMBIENTE","2014-07-25","","24.72916666"
"MINAMBIENTE","2014-07-24","","28.41666666"
"MINAMBIENTE","2014-07-23","","26.65277777"
"MINAMBIENTE","2014-07-22","","25.05555556"
"MINAMBIENTE","2014-07-21","","23.75"
"MINAMBIENTE","2014-07-20","","23.03623188"
"MINAMBIENTE","2014-07-19","","21.97916667"
"MINAMBIENTE","2014-07-18","","22.28472222"
"MINAMBIENTE","2014-07-17","","27.4513889"
"MINAMBIENTE","2014-07-16","","23.02083333"
"MINAMBIENTE","2014-07-15","","26.1736111"
"MINAMBIENTE","2014-07-14","","26.94444445"
"MINAMBIENTE","2014-07-13","","22.68115943"
"MINAMBIENTE","2014-07-12","","22.5"
"MINAMBIENTE","2014-07-11","","23.76388888"
"MINAMBIENTE","2014-07-10","","25.32638889"
"MINAMBIENTE","2014-07-09","","23.0763889"
"MINAMBIENTE","2014-07-08","","27.29545455"
"MINAMBIENTE","2014-07-07","","21.52777778"
"MINAMBIENTE","2014-07-06","","19.27083333"
"MINAMBIENTE","2014-07-05","","21.9057971"
"MINAMBIENTE","2014-07-04","","28.4375"
"MINAMBIENTE","2014-07-03","","38.68115942"
"MINAMBIENTE","2014-07-02","","25.42361111"
"MINAMBIENTE","2014-07-01","","27.19444445"
"MINAMBIENTE","2014-06-30","","22.6969697"
"MINAMBIENTE","2014-06-29","","18.26811594"
"MINAMBIENTE","2014-06-28","","46.23611111"
"MINAMBIENTE","2014-06-27","","121.7986111"
"MINAMBIENTE","2014-06-26","","61.17361111"
"MINAMBIENTE","2014-06-25","","35.79861112"
"MINAMBIENTE","2014-06-24","","29.00757575"
"MINAMBIENTE","2014-06-23","","19.42361111"
"MINAMBIENTE","2014-06-22","","22.39583333"
"MINAMBIENTE","2014-06-21","","28.26388888"
"MINAMBIENTE","2014-06-20","","28.36111111"
"MINAMBIENTE","2014-06-19","","24.95833333"
"MINAMBIENTE","2014-06-18","","39.34722222"
"MINAMBIENTE","2014-06-17","","31.81060606"
"MINAMBIENTE","2014-06-16","","20.26811594"
"MINAMBIENTE","2014-06-15","","17.40972223"
"MINAMBIENTE","2014-06-14","","24.625"
"MINAMBIENTE","2014-06-13","","29.25694445"
"MINAMBIENTE","2014-06-12","","21.5625"
"MINAMBIENTE","2014-06-11","","24.78472222"
"MINAMBIENTE","2014-06-10","","26.65277778"
"MINAMBIENTE","2014-06-09","","25.35416668"
"MINAMBIENTE","2014-06-08","","21.68055557"
"MINAMBIENTE","2014-06-07","","27.42361112"
"MINAMBIENTE","2014-06-06","","28.5"
"MINAMBIENTE","2014-06-05","","25.53968253"
"MINAMBIENTE","2014-06-04","","34.70138889"
"MINAMBIENTE","2014-06-03","","35.22916667"
"MINAMBIENTE","2014-06-02","","17.83333333"
"MINAMBIENTE","2014-06-01","","20.34722223"
"MINAMBIENTE","2014-05-31","","22.22222221"
"MINAMBIENTE","2014-05-30","","33.58333333"
"MINAMBIENTE","2014-05-29","","49.39583333"
"MINAMBIENTE","2014-05-28","","27.76388889"
"MINAMBIENTE","2014-05-27","","37.97222222"
"MINAMBIENTE","2014-05-26","","32.59027778"
"MINAMBIENTE","2014-05-25","","26.63194443"
"MINAMBIENTE","2014-05-24","","34.79861112"
"MINAMBIENTE","2014-05-23","","44.84027777"
"MINAMBIENTE","2014-05-22","","41.35416667"
"MINAMBIENTE","2014-05-21","","71.6115942"
"MINAMBIENTE","2014-05-20","","25.9513889"
"MINAMBIENTE","2014-05-19","","25.01449275"
"MINAMBIENTE","2014-05-18","","26.50694444"
"MINAMBIENTE","2014-05-17","","63.01388889"
"MINAMBIENTE","2014-05-16","","41.34722223"
"MINAMBIENTE","2014-05-15","","38.42361112"
"MINAMBIENTE","2014-05-14","","25.40277778"
"MINAMBIENTE","2014-05-13","","39.625"
"MINAMBIENTE","2014-05-12","","60.15277778"
"MINAMBIENTE","2014-05-11","","39.72222223"
"MINAMBIENTE","2014-05-10","","58.65277779"
"MINAMBIENTE","2014-05-09","","49.20138889"
"MINAMBIENTE","2014-05-08","","88.58333333"
"MINAMBIENTE","2014-05-07","","66.3125"
"MINAMBIENTE","2014-05-06","","83.56944446"
"MINAMBIENTE","2014-05-04","","39.8333333"
"MINAMBIENTE","2014-05-03","","50.60416666"
"MINAMBIENTE","2014-05-02","","37.20138889"
"MINAMBIENTE","2014-05-01","","33.41666667"
"MINAMBIENTE","2014-04-30","","36.79861111"
"MINAMBIENTE","2014-04-29","","26.97916667"
"MINAMBIENTE","2014-04-28","","37.72916667"
"MINAMBIENTE","2014-04-27","","34.29166666"
"MINAMBIENTE","2014-04-26","","32.99305555"
"MINAMBIENTE","2014-04-25","","38.31944445"
"MINAMBIENTE","2014-04-24","","43.15972222"
"MINAMBIENTE","2014-04-23","","56.0"
"MINAMBIENTE","2014-04-22","","51.49999999"
"MINAMBIENTE","2014-04-21","","33.5138889"
"MINAMBIENTE","2014-04-20","","20.68749999"
"MINAMBIENTE","2014-04-19","","32.49999999"
"MINAMBIENTE","2014-04-18","","27.85416667"
"MINAMBIENTE","2014-04-17","","28.14583333"
"MINAMBIENTE","2014-04-16","","65.04166667"
"MINAMBIENTE","2014-04-15","","56.76388889"
"MINAMBIENTE","2014-04-14","","59.80555556"
"MINAMBIENTE","2014-04-13","","40.93055556"
"MINAMBIENTE","2014-04-12","","45.61805555"
"MINAMBIENTE","2014-04-11","","49.35416666"
"MINAMBIENTE","2014-04-10","","46.41666667"
"MINAMBIENTE","2014-04-09","","39.86111111"
"MINAMBIENTE","2014-04-08","","32.47222222"
"MINAMBIENTE","2014-04-07","","31.90972222"
"MINAMBIENTE","2014-04-06","","22.04861111"
"MINAMBIENTE","2014-04-05","","37.25694444"
"MINAMBIENTE","2014-04-04","","59.9375"
"MINAMBIENTE","2014-04-03","","71.5"
"MINAMBIENTE","2014-04-02","","50.0625"
"MINAMBIENTE","2014-04-01","","65.41666666"
"MINAMBIENTE","2014-03-31","","89.41666667"
"MINAMBIENTE","2014-03-30","","89.13194444"
"MINAMBIENTE","2014-03-29","","93.14583333"
"MINAMBIENTE","2014-03-28","","62.40277779"
"MINAMBIENTE","2014-03-27","","54.32638889"
"MINAMBIENTE","2014-03-26","","49.84782609"
"MINAMBIENTE","2014-03-25","","37.11111111"
"MINAMBIENTE","2014-03-24","","48.20833334"
"MINAMBIENTE","2014-03-23","","41.91304347"
"MINAMBIENTE","2014-03-22","","53.61805556"
"MINAMBIENTE","2014-03-21","","58.98484848"
"MINAMBIENTE","2014-03-19","","47.2936508"
"MINAMBIENTE","2014-03-18","","47.78472222"
"MINAMBIENTE","2014-03-17","","52.53472223"
"MINAMBIENTE","2014-03-16","","77.34722222"
"MINAMBIENTE","2014-03-15","","80.30555555"
"MINAMBIENTE","2014-03-14","","76.40151515"
"MINAMBIENTE","2014-03-13","","84.08333333"
"MINAMBIENTE","2014-03-12","","72.8125"
"MINAMBIENTE","2014-03-11","","90.40277778"
"MINAMBIENTE","2014-03-10","","62.04861112"
"MINAMBIENTE","2014-03-09","","49.20833332"
"MINAMBIENTE","2014-03-08","","70.45833333"
"MINAMBIENTE","2014-03-07","","95.5763889"
"MINAMBIENTE","2014-03-06","","76.28472222"
"MINAMBIENTE","2014-03-05","","79.29710145"
"MINAMBIENTE","2014-03-04","","78.69444445"
"MINAMBIENTE","2014-03-03","","72.65277778"
"MINAMBIENTE","2014-03-02","","54.74305554"
"MINAMBIENTE","2014-03-01","","52.79166666"
"MINAMBIENTE","2014-02-28","","67.17708333"
"MINAMBIENTE","2014-02-27","","62.07638889"
"MINAMBIENTE","2014-02-26","","60.0486111"
"MINAMBIENTE","2014-02-25","","80.25"
"MINAMBIENTE","2014-02-24","","58.49305556"
"MINAMBIENTE","2014-02-23","","59.0138889"
"MINAMBIENTE","2014-02-22","","66.43749999"
"MINAMBIENTE","2014-02-21","","58.9375"
"MINAMBIENTE","2014-02-20","","79.77777777"
"MINAMBIENTE","2014-02-19","","83.63194445"
"MINAMBIENTE","2014-02-18","","88.9375"
"MINAMBIENTE","2014-02-17","","90.98611112"
"MINAMBIENTE","2014-02-16","","76.90972221"
"MINAMBIENTE","2014-02-15","","67.94444445"
"MINAMBIENTE","2014-02-14","","76.06944445"
"MINAMBIENTE","2014-02-13","","77.25694444"
"MINAMBIENTE","2014-02-12","","48.88888889"
"MINAMBIENTE","2014-02-11","","37.67361111"
"MINAMBIENTE","2014-02-10","","40.52777778"
"MINAMBIENTE","2014-02-09","","43.29861111"
"MINAMBIENTE","2014-02-08","","39.3263889"
"MINAMBIENTE","2014-02-07","","70.89583333"
"MINAMBIENTE","2014-02-06","","86.35416666"
"MINAMBIENTE","2014-02-05","","79.35416666"
"MINAMBIENTE","2014-02-04","","87.24999999"
"MINAMBIENTE","2014-02-03","","73.18055556"
"MINAMBIENTE","2014-02-02","","48.79166666"
"MINAMBIENTE","2014-02-01","","43.75694445"
"MINAMBIENTE","2014-01-31","","55.86363637"
"MINAMBIENTE","2014-01-30","","91.52777778"
"MINAMBIENTE","2014-01-29","","61.53472222"
"MINAMBIENTE","2014-01-28","","74.02083333"
"MINAMBIENTE","2014-01-27","","69.78472223"
"MINAMBIENTE","2014-01-26","","59.10416666"
"MINAMBIENTE","2014-01-25","","77.59722222"
"MINAMBIENTE","2014-01-24","","75.82638889"
"MINAMBIENTE","2014-01-23","","47.90972222"
"MINAMBIENTE","2014-01-22","","83.52777778"
"MINAMBIENTE","2014-01-21","","71.53472222"
"MINAMBIENTE","2014-01-20","","34.74242425"
"MINAMBIENTE","2014-01-19","","28.04166667"
"MINAMBIENTE","2014-01-18","","29.79166667"
"MINAMBIENTE","2014-01-17","","43.39583333"
"MINAMBIENTE","2014-01-16","","66.43055555"
"MINAMBIENTE","2014-01-15","","53.58333333"
"MINAMBIENTE","2014-01-14","","49.125"
"MINAMBIENTE","2014-01-13","","61.8125"
"MINAMBIENTE","2014-01-12","","76.6875"
"MINAMBIENTE","2014-01-11","","63.79861111"
"MINAMBIENTE","2014-01-10","","52.81944445"
"MINAMBIENTE","2014-01-09","","35.11805555"
"MINAMBIENTE","2014-01-08","","61.70833333"
"MINAMBIENTE","2014-01-07","","67.0625"
"MINAMBIENTE","2014-01-06","","44.02083333"
"MINAMBIENTE","2014-01-05","","39.16666667"
"MINAMBIENTE","2014-01-04","","28.3125"
"MINAMBIENTE","2014-01-03","","36.88888889"
"MINAMBIENTE","2014-01-02","","43.54861111"
"MINAMBIENTE","2014-01-01","","29.17361111"
"MINAMBIENTE","2013-12-31","","37.52222222"
"MINAMBIENTE","2013-12-30","","36.79861111"
"MINAMBIENTE","2013-12-29","","31.11111111"
"MINAMBIENTE","2013-12-28","","34.35416667"
"MINAMBIENTE","2013-12-27","","43.625"
"MINAMBIENTE","2013-12-26","","60.34027778"
"MINAMBIENTE","2013-12-25","","46.3125"
"MINAMBIENTE","2013-12-24","","63.64285714"
"MINAMBIENTE","2013-12-23","","87.94444444"
"MINAMBIENTE","2013-12-22","","52.29166667"
"MINAMBIENTE","2013-12-21","","63.01388889"
"MINAMBIENTE","2013-12-20","","88.04861111"
"MINAMBIENTE","2013-12-19","","65.48611111"
"MINAMBIENTE","2013-12-18","","75.54166667"
"MINAMBIENTE","2013-12-17","","59.88194445"
"MINAMBIENTE","2013-12-16","","41.88194445"
"MINAMBIENTE","2013-12-15","","33.84722222"
"MINAMBIENTE","2013-12-14","","41.52083333"
"MINAMBIENTE","2013-12-13","","33.75"
"MINAMBIENTE","2013-12-12","","37.6875"
"MINAMBIENTE","2013-12-11","","36.77272727"
"MINAMBIENTE","2013-12-10","","29.58333333"
"MINAMBIENTE","2013-12-09","","40.79861111"
"MINAMBIENTE","2013-12-08","","60.07638889"
"MINAMBIENTE","2013-12-07","","56.02777778"
"MINAMBIENTE","2013-12-06","","41.75"
"MINAMBIENTE","2013-12-05","","55.57017543"
"MINAMBIENTE","2013-12-04","","35.52083333"
"MINAMBIENTE","2013-12-03","","59.36111111"
"MINAMBIENTE","2013-12-02","","42.61805555"
"MINAMBIENTE","2013-12-01","","52.69444447"
"MINAMBIENTE","2013-11-30","","76.45833334"
"MINAMBIENTE","2013-11-29","","83.08333334"
"MINAMBIENTE","2013-11-28","","70.36805557"
"MINAMBIENTE","2013-11-27","","60.11111111"
"MINAMBIENTE","2013-11-26","","70.78472223"
"MINAMBIENTE","2013-11-25","","74.46527777"
"MINAMBIENTE","2013-11-24","","48.08333333"
"MINAMBIENTE","2013-11-23","","48.72916666"
"MINAMBIENTE","2013-11-22","","64.97222223"
"MINAMBIENTE","2013-11-21","","72.86111111"
"MINAMBIENTE","2013-11-20","","76.56944445"
"MINAMBIENTE","2013-11-19","","59.47916666"
"MINAMBIENTE","2013-11-18","","62.0486111"
"MINAMBIENTE","2013-11-17","","47.84027777"
"MINAMBIENTE","2013-11-16","","26.91666666"
"MINAMBIENTE","2013-11-15","","31.54166666"
"MINAMBIENTE","2013-11-14","","33.0625"
"MINAMBIENTE","2013-11-13","","31.95833333"
"MINAMBIENTE","2013-11-12","","34.22916666"
"MINAMBIENTE","2013-11-11","","20.34027778"
"MINAMBIENTE","2013-11-10","","40.13888888"
"MINAMBIENTE","2013-11-09","","74.60416667"
"MINAMBIENTE","2013-11-08","","65.09722223"
"MINAMBIENTE","2013-11-07","","50.91666666"
"MINAMBIENTE","2013-11-06","","82.68749999"
"MINAMBIENTE","2013-11-05","","62.64583333"
"MINAMBIENTE","2013-11-04","","37.02777778"
"MINAMBIENTE","2013-11-03","","46.11111112"
"MINAMBIENTE","2013-11-02","","49.61111111"
"MINAMBIENTE","2013-11-01","","52.99305556"
"MINAMBIENTE","2013-10-31","","53.21527778"
"MINAMBIENTE","2013-10-30","","70.77777778"
"MINAMBIENTE","2013-10-29","","58.08333334"
"MINAMBIENTE","2013-10-28","","54.77083333"
"MINAMBIENTE","2013-10-27","","47.29861111"
"MINAMBIENTE","2013-10-26","","33.57638889"
"MINAMBIENTE","2013-10-25","","26.79166667"
"MINAMBIENTE","2013-10-24","","29.45138888"
"MINAMBIENTE","2013-10-23","","57.40277778"
"MINAMBIENTE","2013-10-22","","45.49305556"
"MINAMBIENTE","2013-10-21","","29.98333334"
"MINAMBIENTE","2013-10-19","","34.46666666"
"MINAMBIENTE","2013-10-18","","59.35416668"
"MINAMBIENTE","2013-10-17","","31.81944444"
"MINAMBIENTE","2013-10-16","","70.95833334"
"MINAMBIENTE","2013-10-15","","31.74242424"
"MINAMBIENTE","2013-10-14","","31.58333335"
"MINAMBIENTE","2013-10-13","","32.00694444"
"MINAMBIENTE","2013-10-12","","45.29861112"
"MINAMBIENTE","2013-10-11","","77.53472222"
"MINAMBIENTE","2013-10-10","","44.18055555"
"MINAMBIENTE","2013-10-09","","35.32638889"
"MINAMBIENTE","2013-10-08","","31.06060606"
"MINAMBIENTE","2013-10-07","","30.44444444"
"MINAMBIENTE","2013-10-06","","23.6111111"
"MINAMBIENTE","2013-10-05","","29.93055555"
"MINAMBIENTE","2013-10-04","","30.12499999"
"MINAMBIENTE","2013-10-03","","33.44444444"
"MINAMBIENTE","2013-10-02","","30.54861111"
"MINAMBIENTE","2013-10-01","","70.28472223"
"MINAMBIENTE","2013-09-30","","28.40277778"
"MINAMBIENTE","2013-09-29","","23.56249999"
"MINAMBIENTE","2013-09-28","","29.15972223"
"MINAMBIENTE","2013-09-27","","29.02083333"
"MINAMBIENTE","2013-09-26","","38.75694444"
"MINAMBIENTE","2013-09-25","","26.51388889"
"MINAMBIENTE","2013-09-24","","24.96527778"
"MINAMBIENTE","2013-09-23","","27.38888889"
"MINAMBIENTE","2013-09-22","","24.02083333"
"MINAMBIENTE","2013-09-21","","44.24999999"
"MINAMBIENTE","2013-09-20","","24.98611111"
"MINAMBIENTE","2013-09-19","","23.76388888"
"MINAMBIENTE","2013-09-18","","37.04166667"
"MINAMBIENTE","2013-09-17","","30.49305556"
"MINAMBIENTE","2013-09-16","","24.75694445"
"MINAMBIENTE","2013-09-15","","21.39583332"
"MINAMBIENTE","2013-09-14","","29.58333333"
"MINAMBIENTE","2013-09-13","","83.63194444"
"MINAMBIENTE","2013-09-12","","79.74305557"
"MINAMBIENTE","2013-09-11","","42.41666666"
"MINAMBIENTE","2013-09-10","","33.13194444"
"MINAMBIENTE","2013-09-09","","36.58333333"
"MINAMBIENTE","2013-09-08","","21.16666666"
"MINAMBIENTE","2013-09-07","","33.89583333"
"MINAMBIENTE","2013-09-06","","28.34027778"
"MINAMBIENTE","2013-09-05","","55.35416667"
"MINAMBIENTE","2013-09-04","","69.60416666"
"MINAMBIENTE","2013-09-03","","74.82638888"
"MINAMBIENTE","2013-09-02","","62.26388888"
"MINAMBIENTE","2013-09-01","","22.4236111"
"MINAMBIENTE","2013-08-31","","24.45138889"
"MINAMBIENTE","2013-08-30","","27.68055555"
"MINAMBIENTE","2013-08-29","","25.32638889"
"MINAMBIENTE","2013-08-28","","27.42361111"
"MINAMBIENTE","2013-08-27","","26.59027778"
"MINAMBIENTE","2013-08-26","","27.95138889"
"MINAMBIENTE","2013-08-25","","27.95833333"
"MINAMBIENTE","2013-08-24","","54.71527777"
"MINAMBIENTE","2013-08-23","","27.83333334"
"MINAMBIENTE","2013-08-22","","25.09027778"
"MINAMBIENTE","2013-08-21","","23.52777778"
"MINAMBIENTE","2013-08-20","","21.20138889"
"MINAMBIENTE","2013-08-19","","25.47222223"
"MINAMBIENTE","2013-08-18","","34.78472223"
"MINAMBIENTE","2013-08-17","","23.88194445"
"MINAMBIENTE","2013-08-16","","21.90277778"
"MINAMBIENTE","2013-08-15","","20.68055555"
"MINAMBIENTE","2013-08-14","","32.55555556"
"MINAMBIENTE","2013-08-13","","56.67361111"
"MINAMBIENTE","2013-08-12","","49.11805555"
"MINAMBIENTE","2013-08-11","","41.15972222"
"MINAMBIENTE","2013-08-10","","44.94444445"
"MINAMBIENTE","2013-08-09","","93.60416668"
"MINAMBIENTE","2013-08-08","","58.88194444"
"MINAMBIENTE","2013-08-07","","61.27777779"
"MINAMBIENTE","2013-08-06","","60.63194444"
"MINAMBIENTE","2013-08-05","","37.52083333"
"MINAMBIENTE","2013-08-04","","41.05555555"
"MINAMBIENTE","2013-08-03","","36.25694444"
"MINAMBIENTE","2013-08-02","","32.44736842"
"MINAMBIENTE","2013-08-01","","46.53472222"
"MINAMBIENTE","2013-07-31","","32.0625"
"MINAMBIENTE","2013-07-30","","35.62878789"
"MINAMBIENTE","2013-07-29","","30.51388889"
"MINAMBIENTE","2013-07-28","","20.85416666"
"MINAMBIENTE","2013-07-27","","24.09027778"
"MINAMBIENTE","2013-07-26","","27.25"
"MINAMBIENTE","2013-07-25","","27.79166666"
"MINAMBIENTE","2013-07-24","","27.28472222"
"MINAMBIENTE","2013-07-23","","34.125"
"MINAMBIENTE","2013-07-22","","29.5625"
"MINAMBIENTE","2013-07-21","","25.28888889"
"MINAMBIENTE","2013-07-20","","39.84027777"
"MINAMBIENTE","2013-07-19","","31.24305556"
"MINAMBIENTE","2013-07-18","","26.32638888"
"MINAMBIENTE","2013-07-17","","25.59027778"
"MINAMBIENTE","2013-07-16","","27.03472221"
"MINAMBIENTE","2013-07-15","","32.77083334"
"MINAMBIENTE","2013-07-14","","39.89583333"
"MINAMBIENTE","2013-07-13","","45.34027778"
"MINAMBIENTE","2013-07-12","","46.43055556"
"MINAMBIENTE","2013-07-11","","39.43055555"
"MINAMBIENTE","2013-07-10","","29.15"
"MINAMBIENTE","2013-07-09","","30.2013889"
"MINAMBIENTE","2013-07-08","","25.97916666"
"MINAMBIENTE","2013-07-07","","22.88194443"
"MINAMBIENTE","2013-07-06","","26.66666667"
"MINAMBIENTE","2013-07-05","","36.80555556"
"MINAMBIENTE","2013-07-04","","68.65972223"
"MINAMBIENTE","2013-07-03","","51.91666667"
"MINAMBIENTE","2013-07-02","","33.22222222"
"MINAMBIENTE","2013-07-01","","28.3125"
"MINAMBIENTE","2013-06-30","","51.99305555"
"MINAMBIENTE","2013-06-29","","60.13888888"
"MINAMBIENTE","2013-06-28","","37.70833333"
"MINAMBIENTE","2013-06-27","","35.93055555"
"MINAMBIENTE","2013-06-26","","33.86805556"
"MINAMBIENTE","2013-06-25","","53.52083334"
"MINAMBIENTE","2013-06-24","","28.13888888"
"MINAMBIENTE","2013-06-23","","29.80555555"
"MINAMBIENTE","2013-06-22","","32.0530303"
"MINAMBIENTE","2013-06-21","","28.8015873"
"MINAMBIENTE","2013-06-20","","24.20833333"
"MINAMBIENTE","2013-06-19","","25.77083333"
"MINAMBIENTE","2013-06-18","","29.73913043"
"MINAMBIENTE","2013-06-17","","33.85416667"
"MINAMBIENTE","2013-06-16","","23.09027778"
"MINAMBIENTE","2013-06-15","","34.88194445"
"MINAMBIENTE","2013-06-14","","33.02777778"
"MINAMBIENTE","2013-06-13","","42.52083333"
"MINAMBIENTE","2013-06-12","","30.28472222"
"MINAMBIENTE","2013-06-11","","36.31944445"
"MINAMBIENTE","2013-06-10","","26.41666667"
"MINAMBIENTE","2013-06-09","","20.30555555"
"MINAMBIENTE","2013-06-08","","23.75694444"
"MINAMBIENTE","2013-06-07","","29.19444445"
"MINAMBIENTE","2013-06-06","","30.88194445"
"MINAMBIENTE","2013-06-05","","30.54861111"
"MINAMBIENTE","2013-06-04","","24.20833333"
"MINAMBIENTE","2013-06-03","","23.625"
"MINAMBIENTE","2013-06-02","","24.70833333"
"MINAMBIENTE","2013-06-01","","63.41666667"
"MINAMBIENTE","2013-05-31","","38.67361111"
"MINAMBIENTE","2013-05-30","","39.125"
"MINAMBIENTE","2013-05-29","","46.04166667"
"MINAMBIENTE","2013-05-28","","39.19444445"
"MINAMBIENTE","2013-05-27","","44.97222222"
"MINAMBIENTE","2013-05-26","","27.875"
"MINAMBIENTE","2013-05-25","","39.46527778"
"MINAMBIENTE","2013-05-24","","45.70833333"
"MINAMBIENTE","2013-05-23","","51.16666667"
"MINAMBIENTE","2013-05-22","","58.66666667"
"MINAMBIENTE","2013-05-21","","54.04166667"
"MINAMBIENTE","2013-05-20","","39.91666667"
"MINAMBIENTE","2013-05-19","","26.33333333"
"MINAMBIENTE","2013-05-18","","36.79166667"
"MINAMBIENTE","2013-05-17","","41.50757576"
"MINAMBIENTE","2013-05-16","","34.10416667"
"MINAMBIENTE","2013-05-15","","44.625"
"MINAMBIENTE","2013-05-14","","33.90972222"
"MINAMBIENTE","2013-05-13","","26.67361111"
"MINAMBIENTE","2013-05-12","","31.02083333"
"MINAMBIENTE","2013-05-11","","50.94444445"
"MINAMBIENTE","2013-05-10","","64.29166667"
"MINAMBIENTE","2013-05-09","","35.69444443"
"MINAMBIENTE","2013-05-08","","40.47916668"
"MINAMBIENTE","2013-05-07","","47.71527778"
"MINAMBIENTE","2013-05-06","","51.5138889"
"MINAMBIENTE","2013-05-05","","46.74305555"
"MINAMBIENTE","2013-05-04","","70.91666667"
"MINAMBIENTE","2013-05-03","","53.84027778"
"MINAMBIENTE","2013-05-02","","54.0486111"
"MINAMBIENTE","2013-05-01","","46.58333333"
"MINAMBIENTE","2013-04-30","","67.24305556"
"MINAMBIENTE","2013-04-29","","65.14583332"
"MINAMBIENTE","2013-04-28","","61.11111111"
"MINAMBIENTE","2013-04-27","","48.0625"
"MINAMBIENTE","2013-04-26","","63.04166668"
"MINAMBIENTE","2013-04-25","","67.43055556"
"MINAMBIENTE","2013-04-24","","56.14583333"
"MINAMBIENTE","2013-04-23","","81.72222222"
"MINAMBIENTE","2013-04-22","","76.70289855"
"MINAMBIENTE","2013-04-21","","47.88194444"
"MINAMBIENTE","2013-04-20","","47.8888889"
"MINAMBIENTE","2013-04-19","","62.875"
"MINAMBIENTE","2013-04-18","","54.30555556"
"MINAMBIENTE","2013-04-17","","34.125"
"MINAMBIENTE","2013-04-16","","28.92361111"
"MINAMBIENTE","2013-04-15","","35.45138889"
"MINAMBIENTE","2013-04-14","","32.18055555"
"MINAMBIENTE","2013-04-13","","42.04166666"
"MINAMBIENTE","2013-04-12","","68.42361111"
"MINAMBIENTE","2013-04-11","","73.14583334"
"MINAMBIENTE","2013-04-10","","55.9513889"
"MINAMBIENTE","2013-04-09","","55.68518518"
"MINAMBIENTE","2013-04-02","","37.76666668"
"MINAMBIENTE","2013-04-01","","35.48611111"
"MINAMBIENTE","2013-03-31","","24.46969696"
"MINAMBIENTE","2013-03-30","","25.20833334"
"MINAMBIENTE","2013-03-29","","38.52777778"
"MINAMBIENTE","2013-03-28","","44.0138889"
"MINAMBIENTE","2013-03-27","","43.89583333"
"MINAMBIENTE","2013-03-26","","42.95138888"
"MINAMBIENTE","2013-03-25","","46.58333334"
"MINAMBIENTE","2013-03-24","","37.78472222"
"MINAMBIENTE","2013-03-23","","74.0625"
"MINAMBIENTE","2013-03-22","","69.90972221"
"MINAMBIENTE","2013-03-21","","73.50694444"
"MINAMBIENTE","2013-03-20","","73.31944445"
"MINAMBIENTE","2013-03-19","","71.27777778"
"MINAMBIENTE","2013-03-18","","59.29861111"
"MINAMBIENTE","2013-03-17","","52.54861112"
"MINAMBIENTE","2013-03-16","","69.93749999"
"MINAMBIENTE","2013-03-15","","70.46376811"
"MINAMBIENTE","2013-03-14","","65.80434783"
"MINAMBIENTE","2013-03-13","","35.63888888"
"MINAMBIENTE","2013-03-12","","40.67424242"
"MINAMBIENTE","2013-03-11","","48.36805555"
"MINAMBIENTE","2013-03-10","","34.20833333"
"MINAMBIENTE","2013-03-09","","38.42361111"
"MINAMBIENTE","2013-03-08","","45.61111111"
"MINAMBIENTE","2013-03-07","","58.48550725"
"MINAMBIENTE","2013-03-06","","47.6904762"
"MINAMBIENTE","2013-03-05","","41.13194445"
"MINAMBIENTE","2013-03-04","","60.29166667"
"MINAMBIENTE","2013-03-03","","43.11805555"
"MINAMBIENTE","2013-03-02","","35.36805555"
"MINAMBIENTE","2013-03-01","","36.5"
"MINAMBIENTE","2013-02-28","","34.26086956"
"MINAMBIENTE","2013-02-27","","35.38194445"
"MINAMBIENTE","2013-02-26","","43.65972223"
"MINAMBIENTE","2013-02-25","","41.10416667"
"MINAMBIENTE","2013-02-24","","36.4375"
"MINAMBIENTE","2013-02-23","","35.98611111"
"MINAMBIENTE","2013-02-22","","35.5138889"
"MINAMBIENTE","2013-02-21","","38.61594202"
"MINAMBIENTE","2013-02-20","","35.53472223"
"MINAMBIENTE","2013-02-19","","39.375"
"MINAMBIENTE","2013-02-18","","48.63194444"
"MINAMBIENTE","2013-02-17","","48.34848485"
"MINAMBIENTE","2013-02-16","","41.82638889"
"MINAMBIENTE","2013-02-15","","60.875"
"MINAMBIENTE","2013-02-14","","82.07843138"
"MINAMBIENTE","2013-02-13","","65.65972223"
"MINAMBIENTE","2013-02-12","","71.26388889"
"MINAMBIENTE","2013-02-11","","72.01388889"
"MINAMBIENTE","2013-02-10","","53.06249999"
"MINAMBIENTE","2013-02-09","","57.67361111"
"MINAMBIENTE","2013-02-08","","74.59722223"
"MINAMBIENTE","2013-02-07","","65.94166667"
"MINAMBIENTE","2013-02-06","","88.84057971"
"MINAMBIENTE","2013-02-05","","68.45833334"
"MINAMBIENTE","2013-02-04","","73.54761905"
"MINAMBIENTE","2013-02-03","","56.10416666"
"MINAMBIENTE","2013-02-02","","40.68055556"
"MINAMBIENTE","2013-02-01","","51.47222223"
"MINAMBIENTE","2013-01-31","","51.55797102"
"MINAMBIENTE","2013-01-30","","45.40972221"
"MINAMBIENTE","2013-01-29","","47.68055555"
"MINAMBIENTE","2013-01-28","","26.05555555"
"MINAMBIENTE","2013-01-27","","44.20138888"
"MINAMBIENTE","2013-01-26","","54.56944444"
"MINAMBIENTE","2013-01-25","","72.5763889"
"MINAMBIENTE","2013-01-24","","74.625"
"MINAMBIENTE","2013-01-23","","60.56944444"
"MINAMBIENTE","2013-01-22","","45.8125"
"MINAMBIENTE","2013-01-21","","32.32638889"
"MINAMBIENTE","2013-01-20","","34.37878787"
"MINAMBIENTE","2013-01-19","","40.39682539"
"MINAMBIENTE","2013-01-18","","60.35416667"
"MINAMBIENTE","2013-01-17","","96.26388888"
"MINAMBIENTE","2013-01-16","","76.78472222"
"MINAMBIENTE","2013-01-15","","78.00694444"
"MINAMBIENTE","2013-01-14","","77.14583333"
"MINAMBIENTE","2013-01-13","","63.875"
"MINAMBIENTE","2013-01-12","","64.8405797"
"MINAMBIENTE","2013-01-11","","50.7826087"
"MINAMBIENTE","2013-01-10","","36.02083334"
"MINAMBIENTE","2013-01-09","","26.19565218"
"MINAMBIENTE","2013-01-08","","25.97222223"
"MINAMBIENTE","2013-01-07","","25.45138889"
"MINAMBIENTE","2013-01-06","","27.78472223"
"MINAMBIENTE","2013-01-05","","29.75"
"MINAMBIENTE","2013-01-04","","31.71527778"
"MINAMBIENTE","2013-01-03","","32.9375"
"MINAMBIENTE","2013-01-02","","23.88194444"
"MINAMBIENTE","2013-01-01","","20.61363635"
"MINAMBIENTE","2012-12-31","","23.79166666"
"MINAMBIENTE","2012-12-30","","20.31944444"
"MINAMBIENTE","2012-12-29","","31.52083333"
"MINAMBIENTE","2012-12-28","","29.45833334"
"MINAMBIENTE","2012-12-27","","25.00694445"
"MINAMBIENTE","2012-12-26","","24.55555555"
"MINAMBIENTE","2012-12-25","","38.52083333"
"MINAMBIENTE","2012-12-24","","33.625"
"MINAMBIENTE","2012-12-23","","45.15277778"
"MINAMBIENTE","2012-12-22","","48.14583334"
"MINAMBIENTE","2012-12-21","","45.50694444"
"MINAMBIENTE","2012-12-20","","35.04166666"
"MINAMBIENTE","2012-12-19","","41.99305555"
"MINAMBIENTE","2012-12-18","","75.54166666"
"MINAMBIENTE","2012-12-17","","54.4375"
"MINAMBIENTE","2012-12-16","","46.51587302"
"MINAMBIENTE","2012-12-15","","61.03472223"
"MINAMBIENTE","2012-12-14","","77.61805556"
"MINAMBIENTE","2012-12-13","","78.18055555"
"MINAMBIENTE","2012-12-12","","65.38888888"
"MINAMBIENTE","2012-12-11","","54.8611111"
"MINAMBIENTE","2012-12-10","","39.84722223"
"MINAMBIENTE","2012-12-09","","27.00694445"
"MINAMBIENTE","2012-12-08","","29.90972222"
"MINAMBIENTE","2012-12-07","","61.15972221"
"MINAMBIENTE","2012-12-06","","71.3611111"
"MINAMBIENTE","2012-12-05","","53.37499999"
"MINAMBIENTE","2012-12-04","","73.28472221"
"MINAMBIENTE","2012-12-03","","54.875"
"MINAMBIENTE","2012-12-02","","42.59027778"
"MINAMBIENTE","2012-12-01","","46.4513889"
"MINAMBIENTE","2012-11-30","","67.52777778"
"MINAMBIENTE","2012-11-29","","65.90972222"
"MINAMBIENTE","2012-11-28","","82.6875"
"MINAMBIENTE","2012-11-27","","42.32638889"
"MINAMBIENTE","2012-11-26","","26.28472223"
"MINAMBIENTE","2012-11-25","","37.15972222"
"MINAMBIENTE","2012-11-24","","45.28472223"
"MINAMBIENTE","2012-11-23","","94.27777778"
"MINAMBIENTE","2012-11-21","","81.09722222"
"MINAMBIENTE","2012-11-20","","52.67361112"
"MINAMBIENTE","2012-11-19","","72.68181819"
"MINAMBIENTE","2012-11-18","","50.11805556"
"MINAMBIENTE","2012-11-17","","75.71527778"
"MINAMBIENTE","2012-11-16","","73.83043479"
"MINAMBIENTE","2012-11-15","","86.29861111"
"MINAMBIENTE","2012-11-14","","71.31944444"
"MINAMBIENTE","2012-11-13","","70.94444445"
"MINAMBIENTE","2012-11-12","","43.20138889"
"MINAMBIENTE","2012-11-11","","22.9375"
"MINAMBIENTE","2012-11-10","","40.88194444"
"MINAMBIENTE","2012-11-09","","28.24305555"
"MINAMBIENTE","2012-11-08","","31.20289855"
"MINAMBIENTE","2012-11-07","","36.52777778"
"MINAMBIENTE","2012-11-06","","33.34027778"
"MINAMBIENTE","2012-11-05","","28.04166666"
"MINAMBIENTE","2012-11-04","","34.61805556"
"MINAMBIENTE","2012-11-03","","59.56944445"
"MINAMBIENTE","2012-11-02","","74.11111111"
"MINAMBIENTE","2012-11-01","","40.00694444"
"MINAMBIENTE","2012-10-31","","55.51388888"
"MINAMBIENTE","2012-10-30","","55.10416667"
"MINAMBIENTE","2012-10-29","","49.51449275"
"MINAMBIENTE","2012-10-28","","26.39583334"
"MINAMBIENTE","2012-10-27","","32.55303031"
"MINAMBIENTE","2012-10-26","","47.90277778"
"MINAMBIENTE","2012-10-25","","49.53472222"
"MINAMBIENTE","2012-10-24","","30.25694445"
"MINAMBIENTE","2012-10-23","","40.6875"
"MINAMBIENTE","2012-10-22","","77.52083333"
"MINAMBIENTE","2012-10-21","","61.0"
"MINAMBIENTE","2012-10-20","","50.08333334"
"MINAMBIENTE","2012-10-19","","67.08333334"
"MINAMBIENTE","2012-10-18","","56.72222222"
"MINAMBIENTE","2012-10-17","","63.33333334"
"MINAMBIENTE","2012-10-16","","60.24305555"
"MINAMBIENTE","2012-10-15","","70.13194444"
"MINAMBIENTE","2012-10-14","","77.52777779"
"MINAMBIENTE","2012-10-13","","62.78571429"
"MINAMBIENTE","2012-10-12","","59.4861111"
"MINAMBIENTE","2012-10-11","","99.27083333"
"MINAMBIENTE","2012-10-10","","76.45833333"
"MINAMBIENTE","2012-10-09","","36.91666667"
"MINAMBIENTE","2012-10-08","","25.125"
"MINAMBIENTE","2012-10-07","","22.18421053"
"MINAMBIENTE","2012-10-06","","48.72916667"
"MINAMBIENTE","2012-10-05","","80.1875"
"MINAMBIENTE","2012-10-04","","54.13636364"
"MINAMBIENTE","2012-10-03","","35.6969697"
"MINAMBIENTE","2012-10-02","","29.04545455"
"MINAMBIENTE","2012-10-01","","24.63194445"
"MINAMBIENTE","2012-09-30","","17.63888889"
"MINAMBIENTE","2012-09-29","","21.1875"
"MINAMBIENTE","2012-09-28","","38.875"
"MINAMBIENTE","2012-09-27","","23.72916667"
"MINAMBIENTE","2012-09-26","","24.33333333"
"MINAMBIENTE","2012-09-25","","27.83333333"
"MINAMBIENTE","2012-09-24","","40.36363636"
"MINAMBIENTE","2012-09-15","","26.44444445"
"MINAMBIENTE","2012-09-14","","45.54861111"
"MINAMBIENTE","2012-09-13","","43.36111111"
"MINAMBIENTE","2012-09-12","","37.57638889"
"MINAMBIENTE","2012-09-11","","26.95138889"
"MINAMBIENTE","2012-09-10","","26.1736111"
"MINAMBIENTE","2012-09-09","","20.54861112"
"MINAMBIENTE","2012-09-08","","27.3115942"
"MINAMBIENTE","2012-09-07","","28.13888889"
"MINAMBIENTE","2012-09-06","","25.72463767"
"MINAMBIENTE","2012-09-05","","32.02272728"
"MINAMBIENTE","2012-09-04","","26.66666667"
"MINAMBIENTE","2012-09-03","","31.05555555"
"MINAMBIENTE","2012-09-02","","20.78985507"
"MINAMBIENTE","2012-09-01","","24.32638889"
"MINAMBIENTE","2012-08-31","","36.53472222"
"MINAMBIENTE","2012-08-30","","25.33333332"
"MINAMBIENTE","2012-08-29","","31.44444445"
"MINAMBIENTE","2012-08-28","","31.13194445"
"MINAMBIENTE","2012-08-27","","31.54166665"
"MINAMBIENTE","2012-08-26","","21.0486111"
"MINAMBIENTE","2012-08-25","","27.0"
"MINAMBIENTE","2012-08-24","","52.86111112"
"MINAMBIENTE","2012-08-23","","60.32575758"
"MINAMBIENTE","2012-08-22","","41.90476191"
"MINAMBIENTE","2012-08-21","","38.71527777"
"MINAMBIENTE","2012-08-20","","28.86805556"
"MINAMBIENTE","2012-08-19","","22.91666668"
"MINAMBIENTE","2012-08-18","","28.42361111"
"MINAMBIENTE","2012-08-17","","27.20454546"
"MINAMBIENTE","2012-08-16","","30.31944444"
"MINAMBIENTE","2012-08-15","","29.41666666"
"MINAMBIENTE","2012-08-14","","27.11111111"
"MINAMBIENTE","2012-08-13","","26.24305555"
"MINAMBIENTE","2012-08-12","","35.94444444"
"MINAMBIENTE","2012-08-11","","25.86805556"
"MINAMBIENTE","2012-08-10","","26.92361111"
"MINAMBIENTE","2012-08-09","","34.52564103"
"MINAMBIENTE","2012-08-05","","22.03333334"
"MINAMBIENTE","2012-08-04","","45.73188405"
"MINAMBIENTE","2012-08-03","","69.8888889"
"MINAMBIENTE","2012-08-02","","37.65277778"
"MINAMBIENTE","2012-08-01","","22.9375"
"MINAMBIENTE","2012-07-31","","35.05555556"
"MINAMBIENTE","2012-07-30","","39.70833333"
"MINAMBIENTE","2012-07-29","","22.55072465"
"MINAMBIENTE","2012-07-28","","25.90277778"
"MINAMBIENTE","2012-07-27","","24.01388889"
"MINAMBIENTE","2012-07-26","","30.06944445"
"MINAMBIENTE","2012-07-25","","23.92307694"
"MINAMBIENTE","2012-07-24","","26.45238095"
"MINAMBIENTE","2012-07-23","","29.55555557"
"MINAMBIENTE","2012-07-22","","17.88888889"
"MINAMBIENTE","2012-07-21","","20.44444445"
"MINAMBIENTE","2012-07-20","","14.56944444"
"MINAMBIENTE","2012-07-19","","21.54166667"
"MINAMBIENTE","2012-07-18","","22.0"
"MINAMBIENTE","2012-07-17","","30.40972222"
"MINAMBIENTE","2012-07-16","","32.3125"
"MINAMBIENTE","2012-07-15","","25.20833334"
"MINAMBIENTE","2012-07-14","","28.86805556"
"MINAMBIENTE","2012-07-13","","60.54166667"
"MINAMBIENTE","2012-07-12","","54.08333334"
"MINAMBIENTE","2012-07-11","","30.61538461"
"MINAMBIENTE","2012-07-10","","22.45238096"
"MINAMBIENTE","2012-07-09","","15.21212122"
"MINAMBIENTE","2012-07-08","","15.3015873"
"MINAMBIENTE","2012-07-07","","18.54347826"
"MINAMBIENTE","2012-07-06","","24.63768117"
"MINAMBIENTE","2012-07-05","","25.02777778"
"MINAMBIENTE","2012-07-04","","20.39583333"
"MINAMBIENTE","2012-07-03","","23.63636364"
"MINAMBIENTE","2012-07-02","","17.4375"
"MINAMBIENTE","2012-07-01","","25.45833333"
"MINAMBIENTE","2012-06-30","","38.40277779"
"MINAMBIENTE","2012-06-29","","54.20138889"
"MINAMBIENTE","2012-06-28","","37.37037037"
"MINAMBIENTE","2012-06-27","","32.28260869"
"MINAMBIENTE","2012-06-26","","28.56944445"
"MINAMBIENTE","2012-06-25","","33.15277777"
"MINAMBIENTE","2012-06-24","","30.63768115"
"MINAMBIENTE","2012-06-23","","47.375"
"MINAMBIENTE","2012-06-22","","29.64166667"
"MINAMBIENTE","2012-06-21","","27.27083334"
"MINAMBIENTE","2012-06-20","","24.07638889"
"MINAMBIENTE","2012-06-19","","33.54166667"
"MINAMBIENTE","2012-06-18","","25.91666666"
"MINAMBIENTE","2012-06-17","","25.50694444"
"MINAMBIENTE","2012-06-16","","27.22222222"
"MINAMBIENTE","2012-06-15","","20.49999999"
"MINAMBIENTE","2012-06-14","","23.26666668"
"MINAMBIENTE","2012-06-13","","61.09027778"
"MINAMBIENTE","2012-06-12","","33.44444443"
"MINAMBIENTE","2012-05-28","","20.08333334"
"MINAMBIENTE","2012-05-27","","19.36805556"
"MINAMBIENTE","2012-05-26","","25.90277778"
"MINAMBIENTE","2012-05-25","","21.93055556"
"MINAMBIENTE","2012-05-24","","18.97916666"
"MINAMBIENTE","2012-05-23","","32.25"
"MINAMBIENTE","2012-05-22","","19.98611111"
"MINAMBIENTE","2012-05-20","","21.84313725"
"MINAMBIENTE","2012-05-19","","24.52777777"
"MINAMBIENTE","2012-05-18","","34.04861111"
"MINAMBIENTE","2012-05-17","","19.14583333"
"MINAMBIENTE","2012-05-16","","27.93478261"
"MINAMBIENTE","2012-05-15","","33.63888889"
"MINAMBIENTE","2012-05-14","","31.48484849"
"MINAMBIENTE","2012-05-13","","15.8125"
"MINAMBIENTE","2012-05-12","","20.91304347"
"MINAMBIENTE","2012-05-11","","39.63541666"
"MINAMBIENTE","2012-05-10","","29.25555555"
"MINAMBIENTE","2012-05-09","","41.66666667"
"MINAMBIENTE","2012-05-08","","34.87301588"
"MINAMBIENTE","2012-05-07","","50.43650794"
"MINAMBIENTE","2012-05-06","","36.62318841"
"MINAMBIENTE","2012-05-05","","34.26190476"
"MINAMBIENTE","2012-05-04","","32.65277778"
"MINAMBIENTE","2012-05-03","","31.21527778"
"MINAMBIENTE","2012-05-02","","32.09803921"
"MINAMBIENTE","2012-05-01","","24.60869565"
"MINAMBIENTE","2012-04-30","","55.55263158"
"MINAMBIENTE","2012-04-29","","28.5625"
"MINAMBIENTE","2012-04-28","","42.30555555"
"MINAMBIENTE","2012-04-27","","27.81481481"
"MINAMBIENTE","2012-04-26","","25.07894736"
"MINAMBIENTE","2012-04-25","","22.48333334"
"MINAMBIENTE","2012-04-24","","29.93137255"
"MINAMBIENTE","2012-04-23","","40.65873015"
"MINAMBIENTE","2012-04-22","","42.78472223"
"MINAMBIENTE","2012-04-21","","60.29166666"
"MINAMBIENTE","2012-04-20","","63.73148147"
"MINAMBIENTE","2012-04-19","","89.08333333"
"MINAMBIENTE","2012-04-18","","54.74999999"
"MINAMBIENTE","2012-04-17","","73.33333333"
"MINAMBIENTE","2012-04-16","","43.56944444"
"MINAMBIENTE","2012-04-15","","52.03472223"
"MINAMBIENTE","2012-04-14","","71.06521739"
"MINAMBIENTE","2012-04-13","","52.88888889"
"MINAMBIENTE","2012-04-12","","53.64492753"
"MINAMBIENTE","2012-04-11","","57.17424243"
"MINAMBIENTE","2012-04-10","","54.90833334"
"MINAMBIENTE","2012-04-09","","46.63333334"
"MINAMBIENTE","2012-04-07","","35.4074074"
"MINAMBIENTE","2012-04-06","","41.80555556"
"MINAMBIENTE","2012-04-05","","35.5"
"MINAMBIENTE","2012-04-04","","30.8888889"
"MINAMBIENTE","2012-04-03","","36.66666666"
"MINAMBIENTE","2012-04-02","","32.80555555"
"MINAMBIENTE","2012-04-01","","18.76388889"
"MINAMBIENTE","2012-03-31","","25.54861111"
"MINAMBIENTE","2012-03-30","","40.75000001"
"MINAMBIENTE","2012-03-29","","30.49275363"
"MINAMBIENTE","2012-03-28","","41.04861111"
"MINAMBIENTE","2012-03-27","","63.73611111"
"MINAMBIENTE","2012-03-26","","50.44444444"
"MINAMBIENTE","2012-03-25","","37.16666667"
"MINAMBIENTE","2012-03-24","","75.79166667"
"MINAMBIENTE","2012-03-23","","75.80555555"
"MINAMBIENTE","2012-03-22","","52.63194445"
"MINAMBIENTE","2012-03-21","","64.28472223"
"MINAMBIENTE","2012-03-20","","70.46527778"
"MINAMBIENTE","2012-03-19","","34.9375"
"MINAMBIENTE","2012-03-18","","34.63888888"
"MINAMBIENTE","2012-03-17","","43.24305556"
"MINAMBIENTE","2012-03-16","","33.44444444"
"MINAMBIENTE","2012-03-15","","31.34848485"
"MINAMBIENTE","2012-03-14","","30.90151515"
"MINAMBIENTE","2012-03-13","","26.13194445"
"MINAMBIENTE","2012-03-12","","26.68181818"
"MINAMBIENTE","2012-03-11","","20.85416666"
"MINAMBIENTE","2012-03-10","","46.31944444"
"MINAMBIENTE","2012-03-09","","48.49305556"
"MINAMBIENTE","2012-03-08","","31.0486111"
"MINAMBIENTE","2012-03-07","","30.85416666"
"MINAMBIENTE","2012-03-06","","45.53703706"
"MINAMBIENTE","2012-03-05","","36.20833334"
"MINAMBIENTE","2012-03-04","","23.74999999"
"MINAMBIENTE","2012-03-03","","31.12698412"
"MINAMBIENTE","2012-03-02","","29.27777778"
"MINAMBIENTE","2012-03-01","","42.53472221"
"MINAMBIENTE","2012-02-29","","72.56481482"
"MINAMBIENTE","2012-02-28","","39.36111112"
"MINAMBIENTE","2012-02-27","","32.97916666"
"MINAMBIENTE","2012-02-26","","55.3125"
"MINAMBIENTE","2012-02-25","","80.56944445"
"MINAMBIENTE","2012-02-24","","39.75"
"MINAMBIENTE","2012-02-23","","40.44444445"
"MINAMBIENTE","2012-02-22","","41.70138889"
"MINAMBIENTE","2012-02-21","","63.54166668"
"MINAMBIENTE","2012-02-20","","58.70833334"
"MINAMBIENTE","2012-02-19","","53.17361111"
"MINAMBIENTE","2012-02-18","","82.63194444"
"MINAMBIENTE","2012-02-17","","88.19444445"
"MINAMBIENTE","2012-02-16","","74.34722222"
"MINAMBIENTE","2012-02-15","","67.21527778"
"MINAMBIENTE","2012-02-14","","58.63636364"
"MINAMBIENTE","2012-02-13","","54.11805555"
"MINAMBIENTE","2012-02-12","","46.89583333"
"MINAMBIENTE","2012-02-11","","67.74305555"
"MINAMBIENTE","2012-02-10","","58.43055555"
"MINAMBIENTE","2012-02-09","","51.27777777"
"MINAMBIENTE","2012-02-08","","30.34027778"
"MINAMBIENTE","2012-02-07","","33.13194444"
"MINAMBIENTE","2012-02-06","","37.125"
"MINAMBIENTE","2012-02-05","","25.33333333"
"MINAMBIENTE","2012-02-04","","28.25"
"MINAMBIENTE","2012-02-03","","30.73611111"
"MINAMBIENTE","2012-02-02","","59.92857143"
"MINAMBIENTE","2012-02-01","","21.3125"
"MINAMBIENTE","2012-01-31","","31.65833334"
"MINAMBIENTE","2012-01-30","","35.94444445"
"MINAMBIENTE","2012-01-29","","40.12962963"
"MINAMBIENTE","2012-01-28","","41.44444445"
"MINAMBIENTE","2012-01-27","","48.55"
"MINAMBIENTE","2012-01-26","","78.93650794"
"MINAMBIENTE","2012-01-25","","77.25694444"
"MINAMBIENTE","2012-01-24","","66.40350878"
"MINAMBIENTE","2012-01-23","","44.44166667"
"MINAMBIENTE","2012-01-22","","56.0138889"
"MINAMBIENTE","2012-01-21","","54.50877192"
"MINAMBIENTE","2012-01-20","","55.06666667"
"MINAMBIENTE","2012-01-19","","67.24603175"
"MINAMBIENTE","2012-01-18","","73.53333333"
"MINAMBIENTE","2012-01-17","","51.76190476"
"MINAMBIENTE","2012-01-16","","53.88888889"
"MINAMBIENTE","2012-01-15","","25.49305555"
"MINAMBIENTE","2012-01-14","","23.25694445"
"MINAMBIENTE","2012-01-13","","23.58333333"
"MINAMBIENTE","2012-01-12","","30.88194444"
"MINAMBIENTE","2012-01-11","","55.52272727"
"MINAMBIENTE","2012-01-10","","69.59090909"
"MINAMBIENTE","2012-01-09","","38.04347826"
"MINAMBIENTE","2012-01-08","","48.59722223"
"MINAMBIENTE","2012-01-07","","53.00694444"
"MINAMBIENTE","2012-01-06","","55.24305555"
"MINAMBIENTE","2012-01-05","","74.58333333"
"MINAMBIENTE","2012-01-04","","52.08333333"
"MINAMBIENTE","2012-01-03","","103.26388889"
"MINAMBIENTE","2012-01-02","","46.28571429"
"MINAMBIENTE","2012-01-01","","28.70833333"
"MINAMBIENTE","2011-12-31","","25.70833333"
"MINAMBIENTE","2011-12-30","","33.76388889"
"MINAMBIENTE","2011-12-29","","40.63194445"
"MINAMBIENTE","2011-12-28","","36.70833333"
"MINAMBIENTE","2011-12-27","","32.09027778"
"MINAMBIENTE","2011-12-26","","34.07638889"
"MINAMBIENTE","2011-12-25","","28.54861111"
"MINAMBIENTE","2011-12-24","","20.95138889"
"MINAMBIENTE","2011-12-23","","31.53472223"
"MINAMBIENTE","2011-12-22","","28.86111111"
"MINAMBIENTE","2011-12-21","","24.13194445"
"MINAMBIENTE","2011-12-20","","25.72916667"
"MINAMBIENTE","2011-12-19","","46.72222222"
"MINAMBIENTE","2011-12-18","","57.20138889"
"MINAMBIENTE","2011-12-17","","74.53472223"
"MINAMBIENTE","2011-12-16","","61.77777778"
"MINAMBIENTE","2011-12-15","","82.01587301"
"MINAMBIENTE","2011-12-14","","72.11111111"
"MINAMBIENTE","2011-12-13","","82.71527778"
"MINAMBIENTE","2011-12-12","","52.375"
"MINAMBIENTE","2011-12-11","","58.06944445"
"MINAMBIENTE","2011-12-10","","52.00694445"
"MINAMBIENTE","2011-12-09","","55.02777778"
"MINAMBIENTE","2011-12-08","","76.61805555"
"MINAMBIENTE","2011-12-07","","70.64583333"
"MINAMBIENTE","2011-12-06","","72.59027778"
"MINAMBIENTE","2011-12-05","","62.50694444"
"MINAMBIENTE","2011-12-04","","72.29166667"
"MINAMBIENTE","2011-12-03","","71.04166667"
"MINAMBIENTE","2011-12-02","","78.13888889"
"MINAMBIENTE","2011-12-01","","58.5"
"MINAMBIENTE","2011-11-30","","55.9"
"MINAMBIENTE","2011-11-20","","39.0"
"MINAMBIENTE","2011-11-19","","45.52777778"
"MINAMBIENTE","2011-11-18","","45.89583333"
"MINAMBIENTE","2011-11-17","","57.34027778"
"MINAMBIENTE","2011-11-16","","60.76388889"
"MINAMBIENTE","2011-11-15","","47.68055555"
"MINAMBIENTE","2011-11-14","","46.54861111"
"MINAMBIENTE","2011-11-13","","48.54166667"
"MINAMBIENTE","2011-11-12","","41.26388889"
"MINAMBIENTE","2011-11-11","","71.90972222"
"MINAMBIENTE","2011-11-10","","80.13194445"
"MINAMBIENTE","2011-11-09","","53.04861111"
"MINAMBIENTE","2011-11-08","","63.56944444"
"MINAMBIENTE","2011-11-07","","38.57638889"
"MINAMBIENTE","2011-11-06","","54.66666667"
"MINAMBIENTE","2011-11-05","","67.875"
"MINAMBIENTE","2011-11-04","","68.79861111"
"MINAMBIENTE","2011-11-03","","46.2173913"
"MINAMBIENTE","2011-11-02","","56.00694444"
"MINAMBIENTE","2011-11-01","","43.02083333"
"MINAMBIENTE","2011-10-31","","31.55555555"
"MINAMBIENTE","2011-10-30","","34.97222222"
"MINAMBIENTE","2011-10-29","","35.625"
"MINAMBIENTE","2011-10-28","","34.42361111"
"MINAMBIENTE","2011-10-27","","29.06944445"
"MINAMBIENTE","2011-10-26","","38.18253968"
"MINAMBIENTE","2011-10-25","","58.39583333"
"MINAMBIENTE","2011-10-24","","52.72916666"
"MINAMBIENTE","2011-10-23","","49.48484849"
"MINAMBIENTE","2011-10-22","","48.93055555"
"MINAMBIENTE","2011-10-21","","60.38194445"
"MINAMBIENTE","2011-10-20","","45.99242424"
"MINAMBIENTE","2011-10-19","","44.77777778"
"MINAMBIENTE","2011-10-18","","42.90277778"
"MINAMBIENTE","2011-10-17","","32.25694445"
"MINAMBIENTE","2011-10-16","","31.66666667"
"MINAMBIENTE","2011-10-15","","39.72916667"
"MINAMBIENTE","2011-10-14","","50.08333334"
"MINAMBIENTE","2011-10-13","","48.10416667"
"MINAMBIENTE","2011-10-12","","51.11594203"
"MINAMBIENTE","2011-10-11","","58.39393939"
"MINAMBIENTE","2011-10-10","","60.65909091"
"MINAMBIENTE","2011-10-09","","30.14583333"
"MINAMBIENTE","2011-10-08","","31.61805555"
"MINAMBIENTE","2011-10-07","","43.34920635"
"MINAMBIENTE","2011-10-06","","64.3245614"
"MINAMBIENTE","2011-10-05","","80.95138889"
"MINAMBIENTE","2011-10-04","","50.38333333"
"MINAMBIENTE","2010-07-01","","19.5"
"MINAMBIENTE","2010-06-30","","97.72916667"
"MINAMBIENTE","2010-06-29","","33.09027778"
"MINAMBIENTE","2010-06-28","","59.34848484"
"MINAMBIENTE","2010-06-26","","46.89285714"
"MINAMBIENTE","2010-06-25","","59.9375"
"MINAMBIENTE","2010-06-24","","49.06944444"
"MINAMBIENTE","2010-06-23","","60.25"
"MINAMBIENTE","2010-06-22","","78.52777778"
"MINAMBIENTE","2010-06-21","","53.5873016"
"MINAMBIENTE","2010-06-20","","29.56944445"
"MINAMBIENTE","2010-06-19","","48.14583334"
"MINAMBIENTE","2010-06-18","","40.56944444"
"MINAMBIENTE","2010-06-17","","45.55555556"
"MINAMBIENTE","2010-06-16","","49.21428572"
"MINAMBIENTE","2010-06-15","","54.61805556"
"MINAMBIENTE","2010-06-14","","38.80555555"
"MINAMBIENTE","2010-06-13","","32.04166666"
"MINAMBIENTE","2010-06-12","","27.90624999"
"MINAMBIENTE","2010-06-11","","58.09027778"
"MINAMBIENTE","2010-06-10","","38.18749999"
"MINAMBIENTE","2010-06-09","","46.06944444"
"MINAMBIENTE","2010-06-08","","38.69444445"
"MINAMBIENTE","2010-06-07","","23.95138889"
"MINAMBIENTE","2010-06-06","","23.0625"
"MINAMBIENTE","2010-06-05","","46.83333333"
"MINAMBIENTE","2010-06-04","","54.02777779"
"MINAMBIENTE","2010-06-03","","39.50694445"
"MINAMBIENTE","2010-06-02","","39.48245615"
"MINAMBIENTE","2010-06-01","","62.24358975"
"MINAMBIENTE","2010-05-31","","52.875"
"MINAMBIENTE","2010-05-30","","49.30555556"
"MINAMBIENTE","2010-05-29","","66.58333333"
"MINAMBIENTE","2010-05-28","","78.79861112"
"MINAMBIENTE","2010-05-27","","66.35416667"
"MINAMBIENTE","2010-05-26","","85.95833333"
"MINAMBIENTE","2010-05-25","","79.34722223"
"MINAMBIENTE","2010-05-24","","77.30555556"
"MINAMBIENTE","2010-05-23","","47.61805555"
"MINAMBIENTE","2010-05-22","","75.82638889"
"MINAMBIENTE","2010-05-21","","78.35416667"
"MINAMBIENTE","2010-05-20","","66.21527778"
"MINAMBIENTE","2010-05-19","","52.13194445"
"MINAMBIENTE","2010-05-18","","42.92361111"
"MINAMBIENTE","2010-05-17","","31.95138888"
"MINAMBIENTE","2010-05-16","","27.61805555"
"MINAMBIENTE","2010-05-15","","39.36805556"
"MINAMBIENTE","2010-05-14","","37.67361111"
"MINAMBIENTE","2010-05-13","","33.46527779"
"MINAMBIENTE","2010-05-12","","39.38888888"
"MINAMBIENTE","2010-05-11","","35.20138889"
"MINAMBIENTE","2010-05-10","","35.6736111"
"MINAMBIENTE","2010-05-09","","30.13194445"
"MINAMBIENTE","2010-05-08","","33.61111111"
"MINAMBIENTE","2010-05-07","","37.96969697"
"MINAMBIENTE","2010-05-05","","69.0882353"
"MINAMBIENTE","2010-05-04","","72.24999999"
"MINAMBIENTE","2010-05-03","","21.75"
"MINAMBIENTE","2010-05-02","","61.52777777"
"MINAMBIENTE","2010-05-01","","63.20833334"
"MINAMBIENTE","2010-04-30","","66.38194444"
"MINAMBIENTE","2010-04-29","","50.9375"
"MINAMBIENTE","2010-04-28","","39.34027778"
"MINAMBIENTE","2010-04-27","","62.875"
"MINAMBIENTE","2010-04-26","","56.04166666"
"MINAMBIENTE","2010-04-25","","43.20833334"
"MINAMBIENTE","2010-04-24","","30.28472223"
"MINAMBIENTE","2010-04-23","","34.34722223"
"MINAMBIENTE","2010-04-22","","30.96527778"
"MINAMBIENTE","2010-04-21","","57.26388888"
"MINAMBIENTE","2010-04-20","","66.94444445"
"MINAMBIENTE","2010-04-19","","44.99305556"
"MINAMBIENTE","2010-04-18","","65.53472223"
"MINAMBIENTE","2010-04-17","","65.30555555"
"MINAMBIENTE","2010-04-16","","61.27777778"
"MINAMBIENTE","2010-04-15","","77.60416667"
"MINAMBIENTE","2010-04-14","","61.47916667"
"MINAMBIENTE","2010-04-13","","76.02564103"
"MINAMBIENTE","2010-04-11","","19.0"
"MINAMBIENTE","2010-04-10","","64.81944444"
"MINAMBIENTE","2010-04-09","","60.29166668"
"MINAMBIENTE","2010-04-08","","75.4513889"
"MINAMBIENTE","2010-04-07","","59.9375"
"MINAMBIENTE","2010-04-06","","59.81060605"
"MINAMBIENTE","2010-04-05","","67.82638888"
"MINAMBIENTE","2010-04-04","","47.99999999"
"MINAMBIENTE","2010-04-03","","68.70138889"
"MINAMBIENTE","2010-04-02","","60.875"
"MINAMBIENTE","2010-04-01","","77.46527778"
"MINAMBIENTE","2010-03-31","","50.85416667"
"MINAMBIENTE","2010-03-30","","55.84027778"
"MINAMBIENTE","2010-03-29","","46.44444445"
"MINAMBIENTE","2010-03-28","","39.03472222"
"MINAMBIENTE","2010-03-27","","87.54861111"
"MINAMBIENTE","2010-03-26","","90.74305555"
"MINAMBIENTE","2010-03-25","","76.88888889"
"MINAMBIENTE","2010-03-24","","41.92857141"
"MINAMBIENTE","2010-03-19","","42.13541667"
"MINAMBIENTE","2010-03-18","","60.47222223"
"MINAMBIENTE","2010-03-17","","57.83333333"
"MINAMBIENTE","2010-03-16","","74.04166667"
"MINAMBIENTE","2010-03-15","","74.81250001"
"MINAMBIENTE","2010-03-14","","48.01388889"
"MINAMBIENTE","2010-03-13","","71.57638888"
"MINAMBIENTE","2010-03-12","","57.73913043"
"MINAMBIENTE","2010-03-11","","39.5625"
"MINAMBIENTE","2010-03-10","","44.97916667"
"MINAMBIENTE","2010-03-09","","47.04166666"
"MINAMBIENTE","2010-03-08","","51.20833334"
"MINAMBIENTE","2010-03-07","","56.16666665"
"MINAMBIENTE","2010-03-06","","50.29166668"
"MINAMBIENTE","2010-03-05","","45.23611112"
"MINAMBIENTE","2010-03-04","","68.76388889"
"MINAMBIENTE","2010-03-03","","74.5625"
"MINAMBIENTE","2010-03-02","","54.85416668"
"MINAMBIENTE","2010-03-01","","42.78472222"
"MINAMBIENTE","2010-02-28","","45.43055556"
"MINAMBIENTE","2010-02-27","","47.46527777"
"MINAMBIENTE","2010-02-26","","63.19444445"
"MINAMBIENTE","2010-02-25","","107.54166668"
"MINAMBIENTE","2010-02-24","","51.59722222"
"MINAMBIENTE","2010-02-23","","89.09027778"
"MINAMBIENTE","2010-02-22","","58.84722222"
"MINAMBIENTE","2010-02-21","","34.11805555"
"MINAMBIENTE","2010-02-20","","60.35416667"
"MINAMBIENTE","2010-02-19","","82.30555555"
"MINAMBIENTE","2010-02-18","","72.71527778"
"MINAMBIENTE","2010-02-17","","79.2361111"
"MINAMBIENTE","2010-02-16","","96.96527778"
"MINAMBIENTE","2010-02-15","","117.19444443"
"MINAMBIENTE","2010-02-13","","48.85416665"
"MINAMBIENTE","2010-02-12","","57.70138889"
"MINAMBIENTE","2010-02-11","","76.65277778"
"MINAMBIENTE","2010-02-10","","52.49305555"
"MINAMBIENTE","2010-02-09","","58.4375"
"MINAMBIENTE","2010-02-08","","56.70138889"
"MINAMBIENTE","2010-02-07","","41.40277777"
"MINAMBIENTE","2010-02-06","","53.79166667"
"MINAMBIENTE","2010-02-05","","64.20138888"
"MINAMBIENTE","2010-02-04","","38.42361111"
"MINAMBIENTE","2010-02-03","","39.3125"
"MINAMBIENTE","2010-02-02","","35.45833333"
"MINAMBIENTE","2010-02-01","","35.02777778"
"MINAMBIENTE","2010-01-31","","28.54861111"
"MINAMBIENTE","2010-01-30","","35.9375"
"MINAMBIENTE","2010-01-29","","45.61111111"
"MINAMBIENTE","2010-01-28","","47.14583334"
"MINAMBIENTE","2010-01-27","","73.01388888"
"MINAMBIENTE","2010-01-26","","59.11111111"
"MINAMBIENTE","2010-01-25","","60.20833333"
"MINAMBIENTE","2010-01-24","","56.20138888"
"MINAMBIENTE","2010-01-23","","78.02083333"
"MINAMBIENTE","2010-01-22","","67.75"
"MINAMBIENTE","2010-01-21","","33.47916667"
"MINAMBIENTE","2010-01-20","","30.86805555"
"MINAMBIENTE","2010-01-19","","30.61805557"
"MINAMBIENTE","2010-01-18","","35.77083333"
"MINAMBIENTE","2010-01-17","","27.97222223"
"MINAMBIENTE","2010-01-16","","33.29166667"
"MINAMBIENTE","2010-01-15","","49.81944444"
"MINAMBIENTE","2010-01-14","","44.70138889"
"MINAMBIENTE","2010-01-13","","74.72916667"
"MINAMBIENTE","2010-01-12","","67.27083333"
"MINAMBIENTE","2010-01-11","","49.5"
"MINAMBIENTE","2010-01-10","","53.76388889"
"MINAMBIENTE","2010-01-09","","42.6111111"
"MINAMBIENTE","2010-01-08","","28.38194445"
"MINAMBIENTE","2010-01-07","","46.79166668"
"MINAMBIENTE","2010-01-06","","72.22916668"
"MINAMBIENTE","2010-01-05","","83.12500001"
"MINAMBIENTE","2010-01-04","","56.65277778"
"MINAMBIENTE","2010-01-03","","27.50000001"
"MINAMBIENTE","2010-01-02","","58.79166667"
"MINAMBIENTE","2010-01-01","","59.33333334"
