"Estacion","Fecha inicial","Fecha final","PM2.5"
"MINAMBIENTE","2021-02-28","","11.69565217"
"MINAMBIENTE","2021-02-27","","18.04166667"
"MINAMBIENTE","2021-02-26","","15.83333333"
"MINAMBIENTE","2021-02-25","","8.75"
"MINAMBIENTE","2021-02-24","","14.60434783"
"MINAMBIENTE","2021-02-23","","13.125"
"MINAMBIENTE","2021-02-22","","10.91666667"
"MINAMBIENTE","2021-02-21","","20.16666667"
"MINAMBIENTE","2021-02-20","","21.66666667"
"MINAMBIENTE","2021-02-19","","21.41666667"
"MINAMBIENTE","2021-02-18","","19.66666667"
"MINAMBIENTE","2021-02-17","","22.29166667"
"MINAMBIENTE","2021-02-16","","21.66666667"
"MINAMBIENTE","2021-02-15","","16.36363636"
"MINAMBIENTE","2021-02-14","","18.95833333"
"MINAMBIENTE","2021-02-13","","13.20833333"
"MINAMBIENTE","2021-02-12","","27.08333333"
"MINAMBIENTE","2021-02-11","","19.91666667"
"MINAMBIENTE","2021-02-10","","19.0"
"MINAMBIENTE","2021-02-09","","21.75"
"MINAMBIENTE","2021-02-08","","14.86956522"
"MINAMBIENTE","2021-02-07","","11.04166667"
"MINAMBIENTE","2021-02-06","","13.04166667"
"MINAMBIENTE","2021-02-05","","9.65217391"
"MINAMBIENTE","2021-02-04","","9.09090909"
"MINAMBIENTE","2021-02-03","","7.81818182"
"MINAMBIENTE","2021-02-02","","8.82608696"
"MINAMBIENTE","2021-02-01","","7.42916667"
"MINAMBIENTE","2021-01-31","","7.13043478"
"MINAMBIENTE","2021-01-30","","10.83333333"
"MINAMBIENTE","2021-01-29","","25.75"
"MINAMBIENTE","2021-01-28","","25.34782609"
"MINAMBIENTE","2021-01-27","","9.66666667"
"MINAMBIENTE","2021-01-26","","12.41666667"
"MINAMBIENTE","2021-01-25","","8.83333333"
"MINAMBIENTE","2021-01-24","","6.91666667"
"MINAMBIENTE","2021-01-23","","7.125"
"MINAMBIENTE","2021-01-22","","13.66666667"
"MINAMBIENTE","2021-01-21","","18.25"
"MINAMBIENTE","2021-01-20","","12.09090909"
"MINAMBIENTE","2021-01-19","","14.375"
"MINAMBIENTE","2021-01-18","","14.5"
"MINAMBIENTE","2021-01-17","","12.66666667"
"MINAMBIENTE","2021-01-16","","20.20833333"
"MINAMBIENTE","2021-01-15","","27.30434783"
"MINAMBIENTE","2021-01-14","","21.04166667"
"MINAMBIENTE","2021-01-13","","10.30434783"
"MINAMBIENTE","2021-01-12","","5.41666667"
"MINAMBIENTE","2021-01-11","","4.5"
"MINAMBIENTE","2021-01-10","","3.75"
"MINAMBIENTE","2021-01-09","","4.20833333"
"MINAMBIENTE","2021-01-08","","10.57727273"
"MINAMBIENTE","2021-01-07","","9.00416667"
"MINAMBIENTE","2021-01-06","","11.62608696"
"MINAMBIENTE","2021-01-05","","13.79166667"
"MINAMBIENTE","2021-01-04","","10.39130435"
"MINAMBIENTE","2021-01-03","","6.91666667"
"MINAMBIENTE","2021-01-02","","6.40526316"
"MINAMBIENTE","2021-01-01","","6.63636364"
"MINAMBIENTE","2020-12-31","","25.54347826"
"MINAMBIENTE","2020-12-30","","22.95454545"
"MINAMBIENTE","2020-12-29","","16.73913043"
"MINAMBIENTE","2020-12-28","","12.35454545"
"MINAMBIENTE","2020-12-27","","10.11363636"
"MINAMBIENTE","2020-12-26","","10.58333333"
"MINAMBIENTE","2020-12-25","","12.83333333"
"MINAMBIENTE","2020-12-24","","10.635"
"MINAMBIENTE","2020-12-23","","17.67222222"
"MINAMBIENTE","2020-12-22","","13.08695652"
"MINAMBIENTE","2020-12-21","","15.47826087"
"MINAMBIENTE","2020-12-20","","6.5"
"MINAMBIENTE","2020-12-19","","13.69565217"
"MINAMBIENTE","2020-12-18","","14.29166667"
"MINAMBIENTE","2020-12-17","","10.34782609"
"MINAMBIENTE","2020-12-16","","10.0"
"MINAMBIENTE","2020-12-15","","14.86956522"
"MINAMBIENTE","2020-12-14","","10.625"
"MINAMBIENTE","2020-12-13","","10.375"
"MINAMBIENTE","2020-12-12","","15.9875"
"MINAMBIENTE","2020-12-11","","21.125"
"MINAMBIENTE","2020-12-10","","32.875"
"MINAMBIENTE","2020-12-09","","17.7826087"
"MINAMBIENTE","2020-12-08","","20.875"
"MINAMBIENTE","2020-12-07","","16.5"
"MINAMBIENTE","2020-12-06","","11.42105263"
"MINAMBIENTE","2020-12-05","","7.42857143"
"MINAMBIENTE","2020-12-04","","8.41666667"
"MINAMBIENTE","2020-12-03","","13.20833333"
"MINAMBIENTE","2020-12-02","","3.625"
"MINAMBIENTE","2020-12-01","","15.0"
"MINAMBIENTE","2020-11-30","","5.13636364"
"MINAMBIENTE","2020-11-29","","4.20833333"
"MINAMBIENTE","2020-11-28","","16.5"
"MINAMBIENTE","2020-11-27","","21.26086957"
"MINAMBIENTE","2020-11-26","","22.7826087"
"MINAMBIENTE","2020-11-25","","15.54166667"
"MINAMBIENTE","2020-11-24","","19.58333333"
"MINAMBIENTE","2020-11-23","","19.25"
"MINAMBIENTE","2020-11-22","","16.0"
"MINAMBIENTE","2020-11-21","","11.375"
"MINAMBIENTE","2020-11-20","","10.73913043"
"MINAMBIENTE","2020-11-19","","13.7826087"
"MINAMBIENTE","2020-11-18","","15.875"
"MINAMBIENTE","2020-11-17","","15.68"
"MINAMBIENTE","2020-11-16","","9.6173913"
"MINAMBIENTE","2020-11-15","","12.52173913"
"MINAMBIENTE","2020-11-14","","25.0"
"MINAMBIENTE","2020-11-13","","14.625"
"MINAMBIENTE","2020-11-12","","20.54166667"
"MINAMBIENTE","2020-11-11","","10.75"
"MINAMBIENTE","2020-11-10","","24.08333333"
"MINAMBIENTE","2020-11-09","","19.2173913"
"MINAMBIENTE","2020-11-08","","19.17391304"
"MINAMBIENTE","2020-11-07","","21.45833333"
"MINAMBIENTE","2020-11-06","","29.79166667"
"MINAMBIENTE","2020-11-05","","17.17391304"
"MINAMBIENTE","2020-11-04","","22.5"
"MINAMBIENTE","2020-11-03","","24.125"
"MINAMBIENTE","2020-11-02","","16.16666667"
"MINAMBIENTE","2020-11-01","","13.244"
"MINAMBIENTE","2020-10-31","","20.04347826"
"MINAMBIENTE","2020-10-30","","18.04166667"
"MINAMBIENTE","2020-10-29","","16.625"
"MINAMBIENTE","2020-10-28","","10.08695652"
"MINAMBIENTE","2020-10-27","","23.20833333"
"MINAMBIENTE","2020-10-26","","26.47826087"
"MINAMBIENTE","2020-10-25","","18.91666667"
"MINAMBIENTE","2020-10-24","","7.08333333"
"MINAMBIENTE","2020-10-23","","5.16666667"
"MINAMBIENTE","2020-10-22","","4.04166667"
"MINAMBIENTE","2020-10-21","","6.125"
"MINAMBIENTE","2020-10-20","","13.47826087"
"MINAMBIENTE","2020-10-19","","16.91666667"
"MINAMBIENTE","2020-10-18","","5.16666667"
"MINAMBIENTE","2020-10-17","","4.5"
"MINAMBIENTE","2020-10-16","","3.08333333"
"MINAMBIENTE","2020-10-15","","8.63181818"
"MINAMBIENTE","2020-10-14","","9.45"
"MINAMBIENTE","2020-10-13","","4.85714286"
"MINAMBIENTE","2020-10-12","","5.0"
"MINAMBIENTE","2020-10-11","","4.58333333"
"MINAMBIENTE","2020-10-10","","2.85"
"MINAMBIENTE","2020-10-09","","3.33333333"
"MINAMBIENTE","2020-10-08","","4.39130435"
"MINAMBIENTE","2020-10-07","","7.375"
"MINAMBIENTE","2020-10-06","","13.91666667"
"MINAMBIENTE","2020-10-05","","6.41666667"
"MINAMBIENTE","2020-10-04","","4.86521739"
"MINAMBIENTE","2020-10-03","","8.66818182"
"MINAMBIENTE","2020-10-02","","8.54166667"
"MINAMBIENTE","2020-10-01","","5.5"
"MINAMBIENTE","2020-09-30","","4.68181818"
"MINAMBIENTE","2020-09-29","","5.83333333"
"MINAMBIENTE","2020-09-28","","3.81818182"
"MINAMBIENTE","2020-09-27","","5.875"
"MINAMBIENTE","2020-09-26","","15.875"
"MINAMBIENTE","2020-09-25","","5.58333333"
"MINAMBIENTE","2020-09-24","","4.45833333"
"MINAMBIENTE","2020-09-23","","5.875"
"MINAMBIENTE","2020-09-22","","7.34166667"
"MINAMBIENTE","2020-09-21","","4.39130435"
"MINAMBIENTE","2020-09-20","","3.45833333"
"MINAMBIENTE","2020-09-19","","15.70833333"
"MINAMBIENTE","2020-09-18","","21.04166667"
"MINAMBIENTE","2020-09-17","","25.16666667"
"MINAMBIENTE","2020-09-16","","17.08695652"
"MINAMBIENTE","2020-09-15","","6.95454545"
"MINAMBIENTE","2020-09-14","","7.08333333"
"MINAMBIENTE","2020-09-13","","4.45833333"
"MINAMBIENTE","2020-09-12","","8.95454545"
"MINAMBIENTE","2020-09-11","","16.04166667"
"MINAMBIENTE","2020-09-10","","11.125"
"MINAMBIENTE","2020-09-09","","11.69565217"
"MINAMBIENTE","2020-09-08","","7.68181818"
"MINAMBIENTE","2020-09-07","","10.625"
"MINAMBIENTE","2020-09-06","","4.17083333"
"MINAMBIENTE","2020-09-05","","3.83333333"
"MINAMBIENTE","2020-09-04","","3.59090909"
"MINAMBIENTE","2020-09-03","","7.56521739"
"MINAMBIENTE","2020-09-02","","16.50526316"
"MINAMBIENTE","2020-09-01","","9.08695652"
"MINAMBIENTE","2020-08-31","","12.34782609"
"MINAMBIENTE","2020-08-30","","9.58333333"
"MINAMBIENTE","2020-08-29","","16.0"
"MINAMBIENTE","2020-08-28","","7.875"
"MINAMBIENTE","2020-08-27","","4.41666667"
"MINAMBIENTE","2020-08-26","","12.375"
"MINAMBIENTE","2020-08-25","","12.41666667"
"MINAMBIENTE","2020-08-24","","8.79166667"
"MINAMBIENTE","2020-08-23","","8.125"
"MINAMBIENTE","2020-08-22","","7.83333333"
"MINAMBIENTE","2020-08-21","","5.56521739"
"MINAMBIENTE","2020-08-20","","7.25"
"MINAMBIENTE","2020-08-19","","8.95833333"
"MINAMBIENTE","2020-08-18","","22.83333333"
"MINAMBIENTE","2020-08-17","","16.45833333"
"MINAMBIENTE","2020-08-16","","4.44166667"
"MINAMBIENTE","2020-08-15","","3.82608696"
"MINAMBIENTE","2020-08-14","","4.25"
"MINAMBIENTE","2020-08-13","","2.95833333"
"MINAMBIENTE","2020-08-12","","8.29166667"
"MINAMBIENTE","2020-08-11","","5.08333333"
"MINAMBIENTE","2020-08-10","","5.33333333"
"MINAMBIENTE","2020-08-09","","3.0"
"MINAMBIENTE","2020-08-08","","3.58333333"
"MINAMBIENTE","2020-08-07","","4.2173913"
"MINAMBIENTE","2020-08-06","","6.33333333"
"MINAMBIENTE","2020-08-05","","4.17083333"
"MINAMBIENTE","2020-08-04","","4.45833333"
"MINAMBIENTE","2020-08-03","","6.22916667"
"MINAMBIENTE","2020-08-02","","4.54166667"
"MINAMBIENTE","2020-08-01","","6.03043478"
"MINAMBIENTE","2020-07-31","","4.38636364"
"MINAMBIENTE","2020-07-30","","6.375"
"MINAMBIENTE","2020-07-29","","7.39130435"
"MINAMBIENTE","2020-07-28","","5.73913043"
"MINAMBIENTE","2020-07-27","","4.70833333"
"MINAMBIENTE","2020-07-26","","2.60869565"
"MINAMBIENTE","2020-07-25","","6.58333333"
"MINAMBIENTE","2020-07-24","","8.2173913"
"MINAMBIENTE","2020-07-23","","10.45454545"
"MINAMBIENTE","2020-07-22","","7.95833333"
"MINAMBIENTE","2020-07-21","","8.29166667"
"MINAMBIENTE","2020-07-20","","2.875"
"MINAMBIENTE","2020-07-19","","4.125"
"MINAMBIENTE","2020-07-18","","4.66666667"
"MINAMBIENTE","2020-07-17","","5.95652174"
"MINAMBIENTE","2020-07-16","","5.52173913"
"MINAMBIENTE","2020-07-15","","3.82608696"
"MINAMBIENTE","2020-07-14","","3.20833333"
"MINAMBIENTE","2020-07-13","","2.91666667"
"MINAMBIENTE","2020-07-12","","8.5"
"MINAMBIENTE","2020-07-11","","9.54166667"
"MINAMBIENTE","2020-07-10","","6.45833333"
"MINAMBIENTE","2020-07-09","","4.24782609"
"MINAMBIENTE","2020-07-08","","7.41666667"
"MINAMBIENTE","2020-07-07","","5.05263158"
"MINAMBIENTE","2020-07-06","","8.125"
"MINAMBIENTE","2020-07-05","","12.08333333"
"MINAMBIENTE","2020-07-04","","5.70833333"
"MINAMBIENTE","2020-07-03","","7.18695652"
"MINAMBIENTE","2020-07-02","","5.83333333"
"MINAMBIENTE","2020-07-01","","10.69565217"
"MINAMBIENTE","2020-06-30","","13.91304348"
"MINAMBIENTE","2020-06-29","","2.79166667"
"MINAMBIENTE","2020-06-28","","6.04166667"
"MINAMBIENTE","2020-06-27","","7.20833333"
"MINAMBIENTE","2020-06-26","","5.95833333"
"MINAMBIENTE","2020-06-25","","20.375"
"MINAMBIENTE","2020-06-24","","31.375"
"MINAMBIENTE","2020-06-23","","10.26086957"
"MINAMBIENTE","2020-06-22","","3.875"
"MINAMBIENTE","2020-06-21","","1.60526316"
"MINAMBIENTE","2020-06-20","","4.67916667"
"MINAMBIENTE","2020-06-19","","6.16666667"
"MINAMBIENTE","2020-06-18","","15.29166667"
"MINAMBIENTE","2020-06-17","","12.64166667"
"MINAMBIENTE","2020-06-16","","6.04347826"
"MINAMBIENTE","2020-06-15","","2.04347826"
"MINAMBIENTE","2020-06-14","","2.83333333"
"MINAMBIENTE","2020-06-13","","6.29166667"
"MINAMBIENTE","2020-06-12","","15.91666667"
"MINAMBIENTE","2020-06-11","","12.04166667"
"MINAMBIENTE","2020-06-10","","11.875"
"MINAMBIENTE","2020-06-09","","7.08333333"
"MINAMBIENTE","2020-06-08","","6.13043478"
"MINAMBIENTE","2020-06-07","","3.16666667"
"MINAMBIENTE","2020-06-06","","4.20833333"
"MINAMBIENTE","2020-06-05","","4.125"
"MINAMBIENTE","2020-06-04","","5.40909091"
"MINAMBIENTE","2020-06-03","","15.875"
"MINAMBIENTE","2020-06-02","","8.25"
"MINAMBIENTE","2020-06-01","","6.54166667"
"MINAMBIENTE","2020-05-31","","7.35714286"
"MINAMBIENTE","2020-05-30","","13.75"
"MINAMBIENTE","2020-05-29","","10.72727273"
"MINAMBIENTE","2020-05-28","","14.25"
"MINAMBIENTE","2020-05-27","","5.36842105"
"MINAMBIENTE","2020-05-26","","4.43478261"
"MINAMBIENTE","2020-05-25","","3.0"
"MINAMBIENTE","2020-05-24","","4.04347826"
"MINAMBIENTE","2020-05-23","","3.27272727"
"MINAMBIENTE","2020-05-22","","4.91666667"
"MINAMBIENTE","2020-05-21","","6.0"
"MINAMBIENTE","2020-05-20","","9.625"
"MINAMBIENTE","2020-05-19","","8.24347826"
"MINAMBIENTE","2020-05-18","","3.465"
"MINAMBIENTE","2020-05-17","","2.66666667"
"MINAMBIENTE","2020-05-16","","2.52173913"
"MINAMBIENTE","2020-05-15","","8.30434783"
"MINAMBIENTE","2020-05-14","","10.75"
"MINAMBIENTE","2020-05-13","","11.27272727"
"MINAMBIENTE","2020-05-12","","14.58333333"
"MINAMBIENTE","2020-05-11","","8.70833333"
"MINAMBIENTE","2020-05-10","","2.6"
"MINAMBIENTE","2020-05-09","","3.82352941"
"MINAMBIENTE","2020-05-08","","5.0"
"MINAMBIENTE","2020-05-07","","6.22727273"
"MINAMBIENTE","2020-05-06","","7.89583333"
"MINAMBIENTE","2020-05-05","","5.83333333"
"MINAMBIENTE","2020-05-04","","7.625"
"MINAMBIENTE","2020-05-03","","7.5"
"MINAMBIENTE","2020-05-02","","8.5"
"MINAMBIENTE","2020-05-01","","4.685"
"MINAMBIENTE","2020-04-30","","12.39130435"
"MINAMBIENTE","2020-04-29","","14.7826087"
"MINAMBIENTE","2020-04-28","","13.91304348"
"MINAMBIENTE","2020-04-27","","14.79130435"
"MINAMBIENTE","2020-04-26","","12.5"
"MINAMBIENTE","2020-04-25","","15.83333333"
"MINAMBIENTE","2020-04-24","","10.95833333"
"MINAMBIENTE","2020-04-23","","4.5"
"MINAMBIENTE","2020-04-22","","12.875"
"MINAMBIENTE","2020-04-21","","11.2"
"MINAMBIENTE","2020-04-20","","12.16666667"
"MINAMBIENTE","2020-04-19","","20.20833333"
"MINAMBIENTE","2020-04-18","","28.45833333"
"MINAMBIENTE","2020-04-17","","28.17391304"
"MINAMBIENTE","2020-04-16","","29.5"
"MINAMBIENTE","2020-04-15","","21.34347826"
"MINAMBIENTE","2020-04-14","","12.7826087"
"MINAMBIENTE","2020-04-13","","16.91666667"
"MINAMBIENTE","2020-04-12","","11.0"
"MINAMBIENTE","2020-04-11","","5.76190476"
"MINAMBIENTE","2020-04-10","","7.33333333"
"MINAMBIENTE","2020-04-09","","6.08695652"
"MINAMBIENTE","2020-04-08","","6.45833333"
"MINAMBIENTE","2020-04-07","","4.47619048"
"MINAMBIENTE","2020-04-06","","6.54166667"
"MINAMBIENTE","2020-04-05","","5.0952381"
"MINAMBIENTE","2020-04-04","","3.66666667"
"MINAMBIENTE","2020-04-03","","11.95652174"
"MINAMBIENTE","2020-04-02","","8.29166667"
"MINAMBIENTE","2020-04-01","","15.25"
"MINAMBIENTE","2020-03-31","","16.86956522"
"MINAMBIENTE","2020-03-30","","37.08333333"
"MINAMBIENTE","2020-03-29","","40.0"
"MINAMBIENTE","2020-03-28","","34.375"
"MINAMBIENTE","2020-03-27","","33.7826087"
"MINAMBIENTE","2020-03-26","","29.08333333"
"MINAMBIENTE","2020-03-25","","24.95833333"
"MINAMBIENTE","2020-03-24","","36.125"
"MINAMBIENTE","2020-03-23","","33.0"
"MINAMBIENTE","2020-03-22","","21.20833333"
"MINAMBIENTE","2020-03-21","","26.43478261"
"MINAMBIENTE","2020-03-20","","40.875"
"MINAMBIENTE","2020-03-19","","45.83333333"
"MINAMBIENTE","2020-03-18","","46.91304348"
"MINAMBIENTE","2020-03-17","","34.30434783"
"MINAMBIENTE","2020-03-16","","27.83333333"
"MINAMBIENTE","2020-03-15","","18.04090909"
"MINAMBIENTE","2020-03-14","","14.08695652"
"MINAMBIENTE","2020-03-13","","28.95454545"
"MINAMBIENTE","2020-03-12","","22.375"
"MINAMBIENTE","2020-03-11","","25.2173913"
"MINAMBIENTE","2020-03-10","","21.45833333"
"MINAMBIENTE","2020-03-09","","20.875"
"MINAMBIENTE","2020-03-08","","29.25"
"MINAMBIENTE","2020-03-07","","38.125"
"MINAMBIENTE","2020-03-06","","43.66666667"
"MINAMBIENTE","2020-03-05","","24.125"
"MINAMBIENTE","2020-03-04","","22.08695652"
"MINAMBIENTE","2020-03-03","","23.16666667"
"MINAMBIENTE","2020-03-02","","18.95833333"
"MINAMBIENTE","2020-03-01","","17.26086957"
"MINAMBIENTE","2020-02-29","","22.95652174"
"MINAMBIENTE","2020-02-28","","23.25"
"MINAMBIENTE","2020-02-27","","24.875"
"MINAMBIENTE","2020-02-26","","31.53846154"
"MINAMBIENTE","2020-02-25","","22.17647059"
"MINAMBIENTE","2020-02-24","","15.41666667"
"MINAMBIENTE","2020-02-23","","17.625"
"MINAMBIENTE","2020-02-22","","26.04166667"
"MINAMBIENTE","2020-02-21","","22.20833333"
"MINAMBIENTE","2020-02-20","","14.29166667"
"MINAMBIENTE","2020-02-19","","9.68333333"
"MINAMBIENTE","2020-02-18","","9.7826087"
"MINAMBIENTE","2020-02-17","","8.20833333"
"MINAMBIENTE","2020-02-16","","6.54166667"
"MINAMBIENTE","2020-02-15","","8.20869565"
"MINAMBIENTE","2020-02-14","","12.08333333"
"MINAMBIENTE","2020-02-13","","19.91666667"
"MINAMBIENTE","2020-02-12","","16.08333333"
"MINAMBIENTE","2020-02-11","","11.56521739"
"MINAMBIENTE","2020-02-10","","10.0"
"MINAMBIENTE","2020-02-09","","22.58333333"
"MINAMBIENTE","2020-02-08","","32.5"
"MINAMBIENTE","2020-02-07","","30.45833333"
"MINAMBIENTE","2020-02-06","","14.04347826"
"MINAMBIENTE","2020-02-05","","14.04166667"
"MINAMBIENTE","2020-02-04","","15.54166667"
"MINAMBIENTE","2020-02-03","","13.45833333"
"MINAMBIENTE","2020-02-02","","18.33333333"
"MINAMBIENTE","2020-02-01","","11.08333333"
"MINAMBIENTE","2020-01-31","","11.69565217"
"MINAMBIENTE","2020-01-30","","16.66666667"
"MINAMBIENTE","2020-01-29","","22.125"
"MINAMBIENTE","2020-01-28","","18.08333333"
"MINAMBIENTE","2020-01-27","","23.375"
"MINAMBIENTE","2020-01-26","","12.83333333"
"MINAMBIENTE","2020-01-25","","21.375"
"MINAMBIENTE","2020-01-24","","18.25"
"MINAMBIENTE","2020-01-23","","18.375"
"MINAMBIENTE","2020-01-22","","16.47826087"
"MINAMBIENTE","2020-01-21","","25.875"
"MINAMBIENTE","2020-01-20","","11.65217391"
"MINAMBIENTE","2020-01-19","","3.7826087"
"MINAMBIENTE","2020-01-18","","4.39130435"
"MINAMBIENTE","2020-01-17","","4.68421053"
"MINAMBIENTE","2020-01-16","","5.7826087"
"MINAMBIENTE","2020-01-15","","7.21052632"
"MINAMBIENTE","2020-01-14","","8.5"
"MINAMBIENTE","2020-01-13","","5.86363636"
"MINAMBIENTE","2020-01-12","","5.125"
"MINAMBIENTE","2020-01-11","","8.29166667"
"MINAMBIENTE","2020-01-10","","9.75"
"MINAMBIENTE","2020-01-09","","9.0"
"MINAMBIENTE","2020-01-08","","11.875"
"MINAMBIENTE","2020-01-07","","16.43478261"
"MINAMBIENTE","2020-01-06","","14.125"
"MINAMBIENTE","2020-01-05","","13.375"
"MINAMBIENTE","2020-01-04","","23.375"
"MINAMBIENTE","2020-01-03","","18.79166667"
"MINAMBIENTE","2020-01-02","","11.95833333"
"MINAMBIENTE","2020-01-01","","15.2173913"
"MINAMBIENTE","2019-12-31","","15.7826087"
"MINAMBIENTE","2019-12-30","","16.7826087"
"MINAMBIENTE","2019-12-29","","9.29166667"
"MINAMBIENTE","2019-12-28","","14.16666667"
"MINAMBIENTE","2019-12-27","","8.52173913"
"MINAMBIENTE","2019-12-26","","4.95238095"
"MINAMBIENTE","2019-12-25","","17.30434783"
"MINAMBIENTE","2019-12-24","","4.39130435"
"MINAMBIENTE","2019-12-23","","3.0"
"MINAMBIENTE","2019-12-22","","6.52631579"
"MINAMBIENTE","2019-12-21","","5.27777778"
"MINAMBIENTE","2019-12-20","","5.19130435"
"MINAMBIENTE","2019-12-19","","6.47368421"
"MINAMBIENTE","2019-12-18","","11.04545455"
"MINAMBIENTE","2019-12-17","","6.72727273"
"MINAMBIENTE","2019-12-16","","7.77272727"
"MINAMBIENTE","2019-12-15","","22.70833333"
"MINAMBIENTE","2019-12-14","","30.17391304"
"MINAMBIENTE","2019-12-13","","27.54166667"
"MINAMBIENTE","2019-12-12","","23.41666667"
"MINAMBIENTE","2019-12-11","","27.5"
"MINAMBIENTE","2019-12-10","","11.09090909"
"MINAMBIENTE","2019-12-09","","13.655"
"MINAMBIENTE","2019-12-08","","22.79166667"
"MINAMBIENTE","2019-12-07","","21.56521739"
"MINAMBIENTE","2019-12-06","","23.66666667"
"MINAMBIENTE","2019-12-05","","7.73684211"
"MINAMBIENTE","2019-12-04","","7.72727273"
"MINAMBIENTE","2019-12-03","","8.52173913"
"MINAMBIENTE","2019-12-02","","7.41666667"
"MINAMBIENTE","2019-12-01","","7.56521739"
"MINAMBIENTE","2019-11-30","","25.5"
"MINAMBIENTE","2019-11-29","","28.33333333"
"MINAMBIENTE","2019-11-28","","4.45454545"
"MINAMBIENTE","2019-11-27","","5.31578947"
"MINAMBIENTE","2019-11-26","","7.52380952"
"MINAMBIENTE","2019-11-25","","8.16666667"
"MINAMBIENTE","2019-11-24","","14.75"
"MINAMBIENTE","2019-11-23","","17.54166667"
"MINAMBIENTE","2019-11-22","","15.91666667"
"MINAMBIENTE","2019-11-21","","15.75"
"MINAMBIENTE","2019-11-20","","21.90909091"
"MINAMBIENTE","2019-11-19","","18.91666667"
"MINAMBIENTE","2019-11-18","","17.33333333"
"MINAMBIENTE","2019-11-17","","10.69565217"
"MINAMBIENTE","2019-11-16","","13.20833333"
"MINAMBIENTE","2019-11-15","","21.33333333"
"MINAMBIENTE","2019-11-14","","24.58333333"
"MINAMBIENTE","2019-11-13","","25.66666667"
"MINAMBIENTE","2019-11-12","","13.16666667"
"MINAMBIENTE","2019-11-11","","9.79166667"
"MINAMBIENTE","2019-11-10","","17.16666667"
"MINAMBIENTE","2019-11-09","","11.20833333"
"MINAMBIENTE","2019-11-08","","4.91304348"
"MINAMBIENTE","2019-11-07","","3.90909091"
"MINAMBIENTE","2019-11-06","","6.04166667"
"MINAMBIENTE","2019-11-05","","4.23809524"
"MINAMBIENTE","2019-11-04","","5.13636364"
"MINAMBIENTE","2019-11-03","","10.95454545"
"MINAMBIENTE","2019-11-02","","20.79166667"
"MINAMBIENTE","2019-11-01","","17.52173913"
"MINAMBIENTE","2019-10-31","","8.0"
"MINAMBIENTE","2019-10-30","","13.2173913"
"MINAMBIENTE","2019-10-29","","9.61904762"
"MINAMBIENTE","2019-10-28","","6.52380952"
"MINAMBIENTE","2019-10-27","","6.38888889"
"MINAMBIENTE","2019-10-26","","6.8125"
"MINAMBIENTE","2019-10-25","","8.47826087"
"MINAMBIENTE","2019-10-24","","9.66666667"
"MINAMBIENTE","2019-10-23","","14.60869565"
"MINAMBIENTE","2019-10-22","","19.95833333"
"MINAMBIENTE","2019-10-21","","21.66666667"
"MINAMBIENTE","2019-10-20","","8.85714286"
"MINAMBIENTE","2019-10-19","","10.22727273"
"MINAMBIENTE","2019-10-18","","14.16666667"
"MINAMBIENTE","2019-10-17","","9.20833333"
"MINAMBIENTE","2019-10-16","","8.0"
"MINAMBIENTE","2019-10-15","","14.82608696"
"MINAMBIENTE","2019-10-14","","4.86956522"
"MINAMBIENTE","2019-10-13","","4.08695652"
"MINAMBIENTE","2019-10-12","","10.25"
"MINAMBIENTE","2019-10-11","","18.25"
"MINAMBIENTE","2019-10-10","","23.65217391"
"MINAMBIENTE","2019-10-09","","8.25"
"MINAMBIENTE","2019-10-08","","14.40909091"
"MINAMBIENTE","2019-10-07","","9.13043478"
"MINAMBIENTE","2019-10-06","","11.91304348"
"MINAMBIENTE","2019-10-05","","12.70833333"
"MINAMBIENTE","2019-10-04","","7.4"
"MINAMBIENTE","2019-10-03","","6.80952381"
"MINAMBIENTE","2019-10-02","","15.36363636"
"MINAMBIENTE","2019-10-01","","23.0"
"MINAMBIENTE","2019-09-30","","10.45454545"
"MINAMBIENTE","2019-09-29","","11.95833333"
"MINAMBIENTE","2019-09-28","","10.30434783"
"MINAMBIENTE","2019-09-27","","9.82608696"
"MINAMBIENTE","2019-09-26","","9.27272727"
"MINAMBIENTE","2019-09-25","","11.90909091"
"MINAMBIENTE","2019-09-24","","20.56521739"
"MINAMBIENTE","2019-09-23","","13.66666667"
"MINAMBIENTE","2019-09-22","","7.41666667"
"MINAMBIENTE","2019-09-21","","6.18181818"
"MINAMBIENTE","2019-09-20","","34.56521739"
"MINAMBIENTE","2019-09-19","","22.875"
"MINAMBIENTE","2019-09-18","","34.125"
"MINAMBIENTE","2019-09-17","","25.70833333"
"MINAMBIENTE","2019-09-16","","11.68181818"
"MINAMBIENTE","2019-09-15","","4.83333333"
"MINAMBIENTE","2019-09-14","","5.08333333"
"MINAMBIENTE","2019-09-13","","4.36363636"
"MINAMBIENTE","2019-09-12","","5.33333333"
"MINAMBIENTE","2019-09-11","","5.68181818"
"MINAMBIENTE","2019-09-10","","4.22222222"
"MINAMBIENTE","2019-09-09","","4.41176471"
"MINAMBIENTE","2019-09-08","","4.04347826"
"MINAMBIENTE","2019-09-07","","5.18181818"
"MINAMBIENTE","2019-09-06","","6.47826087"
"MINAMBIENTE","2019-09-05","","6.55555556"
"MINAMBIENTE","2019-09-04","","5.36363636"
"MINAMBIENTE","2019-09-03","","6.73913043"
"MINAMBIENTE","2019-09-02","","5.13043478"
"MINAMBIENTE","2019-09-01","","4.5"
"MINAMBIENTE","2019-08-31","","7.20833333"
"MINAMBIENTE","2019-08-30","","9.30434783"
"MINAMBIENTE","2019-08-29","","5.23809524"
"MINAMBIENTE","2019-08-28","","5.85"
"MINAMBIENTE","2019-08-27","","6.25"
"MINAMBIENTE","2019-08-26","","6.77272727"
"MINAMBIENTE","2019-08-25","","3.76190476"
"MINAMBIENTE","2019-08-24","","4.04347826"
"MINAMBIENTE","2019-08-23","","6.82608696"
"MINAMBIENTE","2019-08-22","","12.81818182"
"MINAMBIENTE","2019-08-21","","5.65217391"
"MINAMBIENTE","2019-08-20","","7.83333333"
"MINAMBIENTE","2019-08-19","","4.25"
"MINAMBIENTE","2019-08-18","","10.57142857"
"MINAMBIENTE","2019-08-17","","32.95652174"
"MINAMBIENTE","2019-08-16","","48.7826087"
"MINAMBIENTE","2019-08-15","","22.875"
"MINAMBIENTE","2019-08-14","","10.58333333"
"MINAMBIENTE","2019-08-13","","8.73913043"
"MINAMBIENTE","2019-08-12","","4.75"
"MINAMBIENTE","2019-08-11","","4.84210526"
"MINAMBIENTE","2019-08-10","","6.7"
"MINAMBIENTE","2019-08-09","","7.63636364"
"MINAMBIENTE","2019-08-08","","15.20833333"
"MINAMBIENTE","2019-08-07","","4.7826087"
"MINAMBIENTE","2019-08-06","","9.5"
"MINAMBIENTE","2019-08-05","","8.7826087"
"MINAMBIENTE","2019-08-04","","5.30434783"
"MINAMBIENTE","2019-08-03","","8.0"
"MINAMBIENTE","2019-08-02","","9.0"
"MINAMBIENTE","2019-08-01","","7.63636364"
"MINAMBIENTE","2019-07-31","","5.31818182"
"MINAMBIENTE","2019-07-30","","6.5"
"MINAMBIENTE","2019-07-29","","6.38095238"
"MINAMBIENTE","2019-07-28","","7.42857143"
"MINAMBIENTE","2019-07-27","","9.56521739"
"MINAMBIENTE","2019-07-26","","5.0"
"MINAMBIENTE","2019-07-25","","8.54166667"
"MINAMBIENTE","2019-07-24","","5.125"
"MINAMBIENTE","2019-07-23","","8.71428571"
"MINAMBIENTE","2019-07-22","","8.04761905"
"MINAMBIENTE","2019-07-21","","4.69565217"
"MINAMBIENTE","2019-07-20","","4.04347826"
"MINAMBIENTE","2019-07-19","","4.95454545"
"MINAMBIENTE","2019-07-18","","4.27272727"
"MINAMBIENTE","2019-07-17","","6.28571429"
"MINAMBIENTE","2019-07-16","","8.26086957"
"MINAMBIENTE","2019-07-15","","5.82608696"
"MINAMBIENTE","2019-07-14","","4.26315789"
"MINAMBIENTE","2019-07-13","","5.1"
"MINAMBIENTE","2019-07-12","","6.65217391"
"MINAMBIENTE","2019-07-11","","6.95652174"
"MINAMBIENTE","2019-07-10","","4.76190476"
"MINAMBIENTE","2019-07-09","","6.875"
"MINAMBIENTE","2019-07-08","","4.95454545"
"MINAMBIENTE","2019-07-07","","3.82608696"
"MINAMBIENTE","2019-07-06","","5.89473684"
"MINAMBIENTE","2019-07-05","","10.25"
"MINAMBIENTE","2019-07-04","","14.375"
"MINAMBIENTE","2019-07-03","","7.13636364"
"MINAMBIENTE","2019-07-02","","9.16666667"
"MINAMBIENTE","2019-07-01","","7.63636364"
"MINAMBIENTE","2019-06-30","","5.61111111"
"MINAMBIENTE","2019-06-29","","5.91304348"
"MINAMBIENTE","2019-06-28","","6.0"
"MINAMBIENTE","2019-06-27","","9.125"
"MINAMBIENTE","2019-06-26","","5.1"
"MINAMBIENTE","2019-06-25","","10.83333333"
"MINAMBIENTE","2019-06-24","","5.36363636"
"MINAMBIENTE","2019-06-23","","2.75"
"MINAMBIENTE","2019-06-22","","4.66666667"
"MINAMBIENTE","2019-06-21","","5.08333333"
"MINAMBIENTE","2019-06-20","","5.22727273"
"MINAMBIENTE","2019-06-19","","4.35"
"MINAMBIENTE","2019-06-18","","5.22222222"
"MINAMBIENTE","2019-06-17","","4.63157895"
"MINAMBIENTE","2019-06-16","","4.10526316"
"MINAMBIENTE","2019-06-15","","4.52631579"
"MINAMBIENTE","2019-06-14","","6.1875"
"MINAMBIENTE","2019-06-13","","11.5"
"MINAMBIENTE","2019-06-12","","6.86363636"
"MINAMBIENTE","2019-06-11","","7.52173913"
"MINAMBIENTE","2019-06-10","","8.20833333"
"MINAMBIENTE","2019-06-09","","3.09090909"
"MINAMBIENTE","2019-06-08","","9.63636364"
"MINAMBIENTE","2019-06-07","","10.33333333"
"MINAMBIENTE","2019-06-06","","7.38095238"
"MINAMBIENTE","2019-06-05","","5.77777778"
"MINAMBIENTE","2019-06-04","","5.47619048"
"MINAMBIENTE","2019-06-03","","3.44444444"
"MINAMBIENTE","2019-06-02","","9.29166667"
"MINAMBIENTE","2019-06-01","","18.58333333"
"MINAMBIENTE","2019-05-31","","28.04166667"
"MINAMBIENTE","2019-05-30","","23.375"
"MINAMBIENTE","2019-05-29","","11.875"
"MINAMBIENTE","2019-05-28","","8.91666667"
"MINAMBIENTE","2019-05-27","","20.41666667"
"MINAMBIENTE","2019-05-26","","5.58333333"
"MINAMBIENTE","2019-05-25","","17.75"
"MINAMBIENTE","2019-05-24","","14.08333333"
"MINAMBIENTE","2019-05-23","","22.79166667"
"MINAMBIENTE","2019-05-22","","8.58333333"
"MINAMBIENTE","2019-05-21","","5.5"
"MINAMBIENTE","2019-05-20","","11.08333333"
"MINAMBIENTE","2019-05-19","","8.625"
"MINAMBIENTE","2019-05-18","","15.08333333"
"MINAMBIENTE","2019-05-17","","15.83333333"
"MINAMBIENTE","2019-05-16","","18.875"
"MINAMBIENTE","2019-05-15","","6.25"
"MINAMBIENTE","2019-05-14","","7.91666667"
"MINAMBIENTE","2019-05-13","","8.70833333"
"MINAMBIENTE","2019-05-12","","4.79166667"
"MINAMBIENTE","2019-05-11","","14.875"
"MINAMBIENTE","2019-05-10","","23.08333333"
"MINAMBIENTE","2019-05-09","","15.16666667"
"MINAMBIENTE","2019-05-08","","7.83333333"
"MINAMBIENTE","2019-05-07","","6.58333333"
"MINAMBIENTE","2019-05-06","","5.20833333"
"MINAMBIENTE","2019-05-05","","4.75"
"MINAMBIENTE","2019-05-04","","9.20833333"
"MINAMBIENTE","2019-05-03","","14.16666667"
"MINAMBIENTE","2019-05-02","","14.125"
"MINAMBIENTE","2019-05-01","","8.66666667"
"MINAMBIENTE","2019-04-30","","9.58333333"
"MINAMBIENTE","2019-04-29","","5.83333333"
"MINAMBIENTE","2019-04-28","","3.16666667"
"MINAMBIENTE","2019-04-27","","7.42105263"
"MINAMBIENTE","2019-04-26","","10.2"
"MINAMBIENTE","2019-04-25","","8.59090909"
"MINAMBIENTE","2019-04-24","","19.45833333"
"MINAMBIENTE","2019-04-23","","24.79166667"
"MINAMBIENTE","2019-04-22","","21.09090909"
"MINAMBIENTE","2019-04-21","","12.75"
"MINAMBIENTE","2019-04-20","","12.0"
"MINAMBIENTE","2019-04-19","","8.91304348"
"MINAMBIENTE","2019-04-18","","15.0"
"MINAMBIENTE","2019-04-17","","19.08333333"
"MINAMBIENTE","2019-04-16","","14.52173913"
"MINAMBIENTE","2019-04-15","","18.625"
"MINAMBIENTE","2019-04-14","","18.875"
"MINAMBIENTE","2019-04-13","","21.125"
"MINAMBIENTE","2019-04-12","","20.5"
"MINAMBIENTE","2019-04-11","","25.125"
"MINAMBIENTE","2019-04-10","","27.04347826"
"MINAMBIENTE","2019-04-09","","26.08333333"
"MINAMBIENTE","2019-04-08","","30.16666667"
"MINAMBIENTE","2019-04-07","","23.45833333"
"MINAMBIENTE","2019-04-06","","23.625"
"MINAMBIENTE","2019-04-05","","35.20833333"
"MINAMBIENTE","2019-04-04","","22.91666667"
"MINAMBIENTE","2019-04-03","","28.875"
"MINAMBIENTE","2019-04-02","","18.91666667"
"MINAMBIENTE","2019-04-01","","19.56521739"
"MINAMBIENTE","2019-03-31","","10.95"
"MINAMBIENTE","2019-03-30","","21.65217391"
"MINAMBIENTE","2019-03-29","","31.33333333"
"MINAMBIENTE","2019-03-28","","52.66666667"
"MINAMBIENTE","2019-03-27","","41.54166667"
"MINAMBIENTE","2019-03-26","","39.07692308"
"MINAMBIENTE","2019-03-23","","29.42857143"
"MINAMBIENTE","2019-03-22","","27.29166667"
"MINAMBIENTE","2019-03-21","","30.58333333"
"MINAMBIENTE","2019-03-20","","27.25"
"MINAMBIENTE","2019-03-19","","22.27272727"
"MINAMBIENTE","2019-03-18","","23.33333333"
"MINAMBIENTE","2019-03-17","","14.83333333"
"MINAMBIENTE","2019-03-16","","15.375"
"MINAMBIENTE","2019-03-15","","20.65217391"
"MINAMBIENTE","2019-03-14","","23.70833333"
"MINAMBIENTE","2019-03-13","","24.66666667"
"MINAMBIENTE","2019-03-12","","25.16666667"
"MINAMBIENTE","2019-03-11","","12.08333333"
"MINAMBIENTE","2019-03-10","","9.875"
"MINAMBIENTE","2019-03-09","","13.83333333"
"MINAMBIENTE","2019-03-08","","28.0"
"MINAMBIENTE","2019-03-07","","38.20833333"
"MINAMBIENTE","2019-03-06","","26.95833333"
"MINAMBIENTE","2019-03-05","","29.79166667"
"MINAMBIENTE","2019-03-04","","25.625"
"MINAMBIENTE","2019-03-03","","21.70833333"
"MINAMBIENTE","2019-03-02","","24.0"
"MINAMBIENTE","2019-03-01","","28.95833333"
"MINAMBIENTE","2019-02-28","","20.79166667"
"MINAMBIENTE","2019-02-27","","27.79166667"
"MINAMBIENTE","2019-02-26","","30.875"
"MINAMBIENTE","2019-02-25","","26.20833333"
"MINAMBIENTE","2019-02-24","","21.54166667"
"MINAMBIENTE","2019-02-23","","23.04166667"
"MINAMBIENTE","2019-02-22","","19.41666667"
"MINAMBIENTE","2019-02-21","","12.66666667"
"MINAMBIENTE","2019-02-20","","20.125"
"MINAMBIENTE","2019-02-19","","17.91304348"
"MINAMBIENTE","2019-02-18","","24.08333333"
"MINAMBIENTE","2019-02-17","","17.58333333"
"MINAMBIENTE","2019-02-16","","21.54166667"
"MINAMBIENTE","2019-02-15","","20.0"
"MINAMBIENTE","2019-02-14","","28.625"
"MINAMBIENTE","2019-02-13","","21.22727273"
"MINAMBIENTE","2019-02-12","","19.34782609"
"MINAMBIENTE","2019-02-11","","15.45833333"
"MINAMBIENTE","2019-02-10","","15.0"
"MINAMBIENTE","2019-02-09","","18.33333333"
"MINAMBIENTE","2019-02-08","","19.91666667"
"MINAMBIENTE","2019-02-07","","21.41666667"
"MINAMBIENTE","2019-02-06","","16.04166667"
"MINAMBIENTE","2019-02-05","","21.29166667"
"MINAMBIENTE","2019-02-04","","24.79166667"
"MINAMBIENTE","2019-02-03","","12.33333333"
"MINAMBIENTE","2019-02-02","","28.58333333"
"MINAMBIENTE","2019-02-01","","20.16666667"
"MINAMBIENTE","2019-01-31","","24.54166667"
"MINAMBIENTE","2019-01-30","","28.26086957"
"MINAMBIENTE","2019-01-29","","22.33333333"
"MINAMBIENTE","2019-01-28","","20.86956522"
"MINAMBIENTE","2019-01-27","","11.91666667"
"MINAMBIENTE","2019-01-26","","8.52173913"
"MINAMBIENTE","2019-01-25","","9.79166667"
"MINAMBIENTE","2019-01-24","","8.04347826"
"MINAMBIENTE","2019-01-23","","8.54166667"
"MINAMBIENTE","2019-01-22","","9.16666667"
"MINAMBIENTE","2019-01-21","","11.39130435"
"MINAMBIENTE","2019-01-20","","5.7826087"
"MINAMBIENTE","2019-01-19","","8.08333333"
"MINAMBIENTE","2019-01-18","","8.45833333"
"MINAMBIENTE","2019-01-17","","11.34782609"
"MINAMBIENTE","2019-01-16","","9.27272727"
"MINAMBIENTE","2019-01-15","","12.0"
"MINAMBIENTE","2019-01-14","","13.83333333"
"MINAMBIENTE","2019-01-13","","20.45833333"
"MINAMBIENTE","2019-01-12","","22.66666667"
"MINAMBIENTE","2019-01-11","","23.69565217"
"MINAMBIENTE","2019-01-10","","14.95833333"
"MINAMBIENTE","2019-01-09","","23.70833333"
"MINAMBIENTE","2019-01-08","","20.82608696"
"MINAMBIENTE","2019-01-07","","16.95833333"
"MINAMBIENTE","2019-01-06","","18.54166667"
"MINAMBIENTE","2019-01-05","","13.76190476"
"MINAMBIENTE","2019-01-04","","9.77272727"
"MINAMBIENTE","2019-01-03","","4.73913043"
"MINAMBIENTE","2019-01-02","","4.16666667"
"MINAMBIENTE","2019-01-01","","5.52631579"
"MINAMBIENTE","2018-12-31","","7.04166667"
"MINAMBIENTE","2018-12-30","","6.75"
"MINAMBIENTE","2018-12-29","","5.83333333"
"MINAMBIENTE","2018-12-28","","7.83333333"
"MINAMBIENTE","2018-12-27","","5.13636364"
"MINAMBIENTE","2018-12-26","","7.75"
"MINAMBIENTE","2018-12-25","","5.0"
"MINAMBIENTE","2018-12-24","","5.63636364"
"MINAMBIENTE","2018-12-23","","9.73913043"
"MINAMBIENTE","2018-12-22","","8.45454545"
"MINAMBIENTE","2018-12-21","","8.09090909"
"MINAMBIENTE","2018-12-20","","15.625"
"MINAMBIENTE","2018-12-19","","9.54166667"
"MINAMBIENTE","2018-12-18","","15.375"
"MINAMBIENTE","2018-12-17","","10.60869565"
"MINAMBIENTE","2018-12-16","","9.47826087"
"MINAMBIENTE","2018-12-15","","11.45833333"
"MINAMBIENTE","2018-12-14","","9.04166667"
"MINAMBIENTE","2018-12-13","","7.73913043"
"MINAMBIENTE","2018-12-12","","8.625"
"MINAMBIENTE","2018-12-11","","9.91666667"
"MINAMBIENTE","2018-12-10","","9.625"
"MINAMBIENTE","2018-12-09","","13.75"
"MINAMBIENTE","2018-12-08","","17.625"
"MINAMBIENTE","2018-12-07","","12.54166667"
"MINAMBIENTE","2018-12-06","","28.45454545"
"MINAMBIENTE","2018-12-05","","16.5"
"MINAMBIENTE","2018-12-04","","23.25"
"MINAMBIENTE","2018-12-03","","29.29166667"
"MINAMBIENTE","2018-12-02","","14.625"
"MINAMBIENTE","2018-12-01","","18.66666667"
"MINAMBIENTE","2018-11-30","","23.83333333"
"MINAMBIENTE","2018-11-29","","21.41666667"
"MINAMBIENTE","2018-11-28","","13.04166667"
"MINAMBIENTE","2018-11-27","","29.20833333"
"MINAMBIENTE","2018-11-26","","16.625"
"MINAMBIENTE","2018-11-25","","9.2173913"
"MINAMBIENTE","2018-11-24","","23.08333333"
"MINAMBIENTE","2018-11-23","","20.375"
"MINAMBIENTE","2018-11-22","","34.79166667"
"MINAMBIENTE","2018-11-21","","10.0952381"
"MINAMBIENTE","2018-11-20","","5.14285714"
"MINAMBIENTE","2018-11-19","","11.54545455"
"MINAMBIENTE","2018-11-18","","7.56521739"
"MINAMBIENTE","2018-11-17","","15.36363636"
"MINAMBIENTE","2018-11-16","","19.39130435"
"MINAMBIENTE","2018-11-15","","37.79166667"
"MINAMBIENTE","2018-11-14","","24.04166667"
"MINAMBIENTE","2018-11-13","","12.83333333"
"MINAMBIENTE","2018-11-12","","4.05"
"MINAMBIENTE","2018-11-11","","5.55"
"MINAMBIENTE","2018-11-10","","15.54166667"
"MINAMBIENTE","2018-11-09","","21.0"
"MINAMBIENTE","2018-11-08","","12.83333333"
"MINAMBIENTE","2018-11-07","","15.2173913"
"MINAMBIENTE","2018-11-06","","19.375"
"MINAMBIENTE","2018-11-05","","11.95652174"
"MINAMBIENTE","2018-11-04","","17.08333333"
"MINAMBIENTE","2018-11-03","","14.40909091"
"MINAMBIENTE","2018-11-02","","7.2173913"
"MINAMBIENTE","2018-11-01","","7.47826087"
"MINAMBIENTE","2018-10-31","","9.52173913"
"MINAMBIENTE","2018-10-30","","8.90909091"
"MINAMBIENTE","2018-10-29","","5.86363636"
"MINAMBIENTE","2018-10-28","","8.08695652"
"MINAMBIENTE","2018-10-27","","4.57142857"
"MINAMBIENTE","2018-10-26","","12.04347826"
"MINAMBIENTE","2018-10-25","","16.77777778"
"MINAMBIENTE","2018-10-24","","14.40909091"
"MINAMBIENTE","2018-10-23","","14.66666667"
"MINAMBIENTE","2018-10-22","","15.54166667"
"MINAMBIENTE","2018-10-21","","9.09090909"
"MINAMBIENTE","2018-10-20","","13.45833333"
"MINAMBIENTE","2018-10-19","","26.91666667"
"MINAMBIENTE","2018-10-18","","29.04166667"
"MINAMBIENTE","2018-10-17","","12.69565217"
"MINAMBIENTE","2018-10-16","","6.75"
"MINAMBIENTE","2018-10-15","","8.7826087"
"MINAMBIENTE","2018-10-14","","21.29166667"
"MINAMBIENTE","2018-10-13","","27.04166667"
"MINAMBIENTE","2018-10-12","","27.0"
"MINAMBIENTE","2018-10-07","","14.0"
"MINAMBIENTE","2018-10-06","","20.42105263"
"MINAMBIENTE","2018-10-05","","31.63636364"
"MINAMBIENTE","2018-10-04","","19.29166667"
"MINAMBIENTE","2018-10-03","","17.04166667"
"MINAMBIENTE","2018-10-02","","15.61904762"
"MINAMBIENTE","2018-10-01","","18.70833333"
"MINAMBIENTE","2018-09-30","","10.69565217"
"MINAMBIENTE","2018-09-29","","11.875"
"MINAMBIENTE","2018-09-28","","12.79166667"
"MINAMBIENTE","2018-09-27","","12.73913043"
"MINAMBIENTE","2018-09-26","","11.86956522"
"MINAMBIENTE","2018-09-25","","10.39130435"
"MINAMBIENTE","2018-09-24","","8.83333333"
"MINAMBIENTE","2018-09-23","","7.83333333"
"MINAMBIENTE","2018-09-22","","10.95833333"
"MINAMBIENTE","2018-09-21","","10.69565217"
"MINAMBIENTE","2018-09-20","","7.375"
"MINAMBIENTE","2018-09-19","","7.79166667"
"MINAMBIENTE","2018-09-18","","9.70833333"
"MINAMBIENTE","2018-09-17","","11.0"
"MINAMBIENTE","2018-09-16","","6.30434783"
"MINAMBIENTE","2018-09-15","","25.54166667"
"MINAMBIENTE","2018-09-14","","31.79166667"
"MINAMBIENTE","2018-09-13","","43.45833333"
"MINAMBIENTE","2018-09-12","","31.54166667"
"MINAMBIENTE","2018-09-11","","22.625"
"MINAMBIENTE","2018-09-10","","9.5"
"MINAMBIENTE","2018-09-09","","6.75"
"MINAMBIENTE","2018-09-08","","12.58333333"
"MINAMBIENTE","2018-09-07","","19.79166667"
"MINAMBIENTE","2018-09-06","","30.25"
"MINAMBIENTE","2018-09-05","","14.79166667"
"MINAMBIENTE","2018-09-04","","6.79166667"
"MINAMBIENTE","2018-09-03","","9.18181818"
"MINAMBIENTE","2018-09-02","","9.54166667"
"MINAMBIENTE","2018-09-01","","10.45833333"
"MINAMBIENTE","2018-08-31","","10.875"
"MINAMBIENTE","2018-08-30","","10.375"
"MINAMBIENTE","2018-08-29","","9.20833333"
"MINAMBIENTE","2018-08-28","","9.0"
"MINAMBIENTE","2018-08-27","","7.375"
"MINAMBIENTE","2018-08-26","","5.75"
"MINAMBIENTE","2018-08-25","","5.95833333"
"MINAMBIENTE","2018-08-24","","5.95454545"
"MINAMBIENTE","2018-08-23","","7.26086957"
"MINAMBIENTE","2018-08-22","","5.39130435"
"MINAMBIENTE","2018-08-21","","8.0"
"MINAMBIENTE","2018-08-20","","5.04545455"
"MINAMBIENTE","2018-08-19","","6.04166667"
"MINAMBIENTE","2018-08-18","","8.83333333"
"MINAMBIENTE","2018-08-17","","8.08333333"
"MINAMBIENTE","2018-08-16","","7.0"
"MINAMBIENTE","2018-08-12","","7.25"
"MINAMBIENTE","2018-08-11","","10.5"
"MINAMBIENTE","2018-08-10","","9.20833333"
"MINAMBIENTE","2018-08-09","","11.875"
"MINAMBIENTE","2018-08-08","","10.79166667"
"MINAMBIENTE","2018-08-07","","6.7826087"
"MINAMBIENTE","2018-08-06","","10.0"
"MINAMBIENTE","2018-08-05","","9.58333333"
"MINAMBIENTE","2018-08-04","","17.25"
"MINAMBIENTE","2018-08-03","","13.5"
"MINAMBIENTE","2018-08-02","","10.58333333"
"MINAMBIENTE","2018-08-01","","8.875"
"MINAMBIENTE","2018-07-31","","12.5"
"MINAMBIENTE","2018-07-30","","9.04166667"
"MINAMBIENTE","2018-07-29","","6.58333333"
"MINAMBIENTE","2018-07-28","","9.25"
"MINAMBIENTE","2018-07-27","","9.60869565"
"MINAMBIENTE","2018-07-26","","8.91304348"
"MINAMBIENTE","2018-07-25","","11.75"
"MINAMBIENTE","2018-07-24","","11.91666667"
"MINAMBIENTE","2018-07-23","","12.83333333"
"MINAMBIENTE","2018-07-22","","17.04347826"
"MINAMBIENTE","2018-07-21","","13.95652174"
"MINAMBIENTE","2018-07-20","","8.04347826"
"MINAMBIENTE","2018-07-19","","9.625"
"MINAMBIENTE","2018-07-18","","8.375"
"MINAMBIENTE","2018-07-17","","10.16666667"
"MINAMBIENTE","2018-07-16","","12.04166667"
"MINAMBIENTE","2018-07-15","","5.79166667"
"MINAMBIENTE","2018-07-14","","6.83333333"
"MINAMBIENTE","2018-07-13","","10.125"
"MINAMBIENTE","2018-07-12","","10.66666667"
"MINAMBIENTE","2018-07-11","","9.75"
"MINAMBIENTE","2018-07-10","","10.57142857"
"MINAMBIENTE","2018-07-09","","8.0"
"MINAMBIENTE","2018-07-08","","7.86956522"
"MINAMBIENTE","2018-07-07","","12.08333333"
"MINAMBIENTE","2018-07-06","","12.375"
"MINAMBIENTE","2018-07-05","","10.0"
"MINAMBIENTE","2018-07-04","","12.0"
"MINAMBIENTE","2018-07-03","","20.125"
"MINAMBIENTE","2018-07-02","","17.41666667"
"MINAMBIENTE","2018-07-01","","13.79166667"
"MINAMBIENTE","2018-06-30","","11.91666667"
"MINAMBIENTE","2018-06-29","","8.86956522"
"MINAMBIENTE","2018-06-28","","13.56521739"
"MINAMBIENTE","2018-06-27","","14.0"
"MINAMBIENTE","2018-06-26","","12.0"
"MINAMBIENTE","2018-06-25","","9.08333333"
"MINAMBIENTE","2018-06-24","","6.625"
"MINAMBIENTE","2018-06-23","","7.18181818"
"MINAMBIENTE","2018-06-22","","9.04166667"
"MINAMBIENTE","2018-06-21","","11.08333333"
"MINAMBIENTE","2018-06-20","","6.83333333"
"MINAMBIENTE","2018-06-19","","4.5"
"MINAMBIENTE","2018-06-18","","6.30434783"
"MINAMBIENTE","2018-06-17","","4.94444444"
"MINAMBIENTE","2018-06-16","","6.77272727"
"MINAMBIENTE","2018-06-15","","9.34782609"
"MINAMBIENTE","2018-06-14","","4.53333333"
"MINAMBIENTE","2018-06-13","","7.47826087"
"MINAMBIENTE","2018-06-12","","5.9047619"
"MINAMBIENTE","2018-06-11","","5.08695652"
"MINAMBIENTE","2018-06-10","","4.47368421"
"MINAMBIENTE","2018-06-09","","5.375"
"MINAMBIENTE","2018-06-08","","9.69565217"
"MINAMBIENTE","2018-06-07","","7.66666667"
"MINAMBIENTE","2018-06-06","","6.16666667"
"MINAMBIENTE","2018-06-05","","6.60869565"
"MINAMBIENTE","2018-06-04","","7.0"
"MINAMBIENTE","2018-06-03","","5.5"
"MINAMBIENTE","2018-06-02","","9.125"
"MINAMBIENTE","2018-06-01","","11.95454545"
"MINAMBIENTE","2018-05-31","","6.95833333"
"MINAMBIENTE","2018-05-30","","14.875"
"MINAMBIENTE","2018-05-29","","8.79166667"
"MINAMBIENTE","2018-05-28","","12.0"
"MINAMBIENTE","2018-05-27","","10.26086957"
"MINAMBIENTE","2018-05-26","","6.22727273"
"MINAMBIENTE","2018-05-25","","13.26086957"
"MINAMBIENTE","2018-05-24","","12.04166667"
"MINAMBIENTE","2018-05-23","","13.45833333"
"MINAMBIENTE","2018-05-22","","13.25"
"MINAMBIENTE","2018-05-21","","11.33333333"
"MINAMBIENTE","2018-05-20","","7.66666667"
"MINAMBIENTE","2018-05-19","","18.58333333"
"MINAMBIENTE","2018-05-18","","19.0"
"MINAMBIENTE","2018-05-17","","8.83333333"
"MINAMBIENTE","2018-05-16","","10.04166667"
"MINAMBIENTE","2018-05-15","","20.70833333"
"MINAMBIENTE","2018-05-14","","12.79166667"
"MINAMBIENTE","2018-05-13","","11.25"
"MINAMBIENTE","2018-05-12","","6.80952381"
"MINAMBIENTE","2018-05-11","","17.57142857"
"MINAMBIENTE","2018-05-10","","22.375"
"MINAMBIENTE","2018-05-09","","20.60869565"
"MINAMBIENTE","2018-05-08","","30.70833333"
"MINAMBIENTE","2018-05-07","","22.58333333"
"MINAMBIENTE","2018-05-06","","12.0"
"MINAMBIENTE","2018-05-05","","17.125"
"MINAMBIENTE","2018-05-04","","19.875"
"MINAMBIENTE","2018-05-03","","15.56521739"
"MINAMBIENTE","2018-05-02","","10.79166667"
"MINAMBIENTE","2018-05-01","","14.2173913"
"MINAMBIENTE","2018-04-30","","10.83333333"
"MINAMBIENTE","2018-04-29","","16.33333333"
"MINAMBIENTE","2018-04-28","","23.875"
"MINAMBIENTE","2018-04-27","","19.52173913"
"MINAMBIENTE","2018-04-26","","9.5"
"MINAMBIENTE","2018-04-25","","9.45833333"
"MINAMBIENTE","2018-04-24","","13.54166667"
"MINAMBIENTE","2018-04-23","","7.65217391"
"MINAMBIENTE","2018-04-22","","9.68181818"
"MINAMBIENTE","2018-04-21","","9.58333333"
"MINAMBIENTE","2018-04-20","","9.42857143"
"MINAMBIENTE","2018-04-19","","5.66666667"
"MINAMBIENTE","2018-04-18","","15.58333333"
"MINAMBIENTE","2018-04-17","","23.5"
"MINAMBIENTE","2018-04-16","","19.375"
"MINAMBIENTE","2018-04-15","","10.41666667"
"MINAMBIENTE","2018-04-14","","15.68181818"
"MINAMBIENTE","2018-04-13","","29.79166667"
"MINAMBIENTE","2018-04-12","","27.25"
"MINAMBIENTE","2018-04-11","","43.16666667"
"MINAMBIENTE","2018-04-09","","24.41666667"
"MINAMBIENTE","2018-04-08","","22.69565217"
"MINAMBIENTE","2018-04-07","","25.16666667"
"MINAMBIENTE","2018-04-06","","28.125"
"MINAMBIENTE","2018-04-05","","30.625"
"MINAMBIENTE","2018-04-04","","22.25"
"MINAMBIENTE","2018-04-03","","34.41666667"
"MINAMBIENTE","2018-04-02","","31.20833333"
"MINAMBIENTE","2018-04-01","","13.29166667"
"MINAMBIENTE","2018-03-31","","15.5"
"MINAMBIENTE","2018-03-30","","15.75"
"MINAMBIENTE","2018-03-29","","9.41666667"
"MINAMBIENTE","2018-03-28","","29.0"
"MINAMBIENTE","2018-03-27","","33.95652174"
"MINAMBIENTE","2018-03-26","","28.5"
"MINAMBIENTE","2018-03-25","","22.60869565"
"MINAMBIENTE","2018-03-24","","28.66666667"
"MINAMBIENTE","2018-03-23","","39.58333333"
"MINAMBIENTE","2018-03-22","","28.54166667"
"MINAMBIENTE","2018-03-21","","25.2173913"
"MINAMBIENTE","2018-03-20","","31.81818182"
"MINAMBIENTE","2018-03-19","","23.66666667"
"MINAMBIENTE","2018-03-18","","33.29166667"
"MINAMBIENTE","2018-03-17","","23.0"
"MINAMBIENTE","2018-03-16","","20.39130435"
"MINAMBIENTE","2018-03-15","","30.20833333"
"MINAMBIENTE","2018-03-14","","20.33333333"
"MINAMBIENTE","2018-03-13","","19.45833333"
"MINAMBIENTE","2018-03-12","","16.20833333"
"MINAMBIENTE","2018-03-11","","10.16666667"
"MINAMBIENTE","2018-03-10","","13.0"
"MINAMBIENTE","2018-03-09","","11.0"
"MINAMBIENTE","2018-03-07","","9.46153846"
"MINAMBIENTE","2018-03-06","","9.71428571"
"MINAMBIENTE","2017-11-21","","30.61904762"
"MINAMBIENTE","2017-11-20","","18.29166667"
"MINAMBIENTE","2017-11-19","","19.45833333"
"MINAMBIENTE","2017-11-18","","26.16666667"
"MINAMBIENTE","2017-11-17","","22.58333333"
"MINAMBIENTE","2017-11-16","","33.58333333"
"MINAMBIENTE","2017-11-15","","30.875"
"MINAMBIENTE","2017-11-14","","24.08333333"
"MINAMBIENTE","2017-11-13","","11.875"
"MINAMBIENTE","2017-11-12","","10.54166667"
"MINAMBIENTE","2017-11-11","","24.08333333"
"MINAMBIENTE","2017-11-10","","37.33333333"
"MINAMBIENTE","2017-11-09","","32.66666667"
"MINAMBIENTE","2017-11-08","","29.04166667"
"MINAMBIENTE","2017-11-07","","23.83333333"
"MINAMBIENTE","2017-11-06","","23.75"
"MINAMBIENTE","2017-11-05","","19.45833333"
"MINAMBIENTE","2017-11-04","","25.70833333"
"MINAMBIENTE","2017-11-03","","31.45833333"
"MINAMBIENTE","2017-11-02","","20.54166667"
"MINAMBIENTE","2017-11-01","","32.25"
"MINAMBIENTE","2017-10-31","","22.58333333"
"MINAMBIENTE","2017-10-30","","22.45833333"
"MINAMBIENTE","2017-10-29","","11.54166667"
"MINAMBIENTE","2017-10-28","","25.95833333"
"MINAMBIENTE","2017-10-27","","21.33333333"
"MINAMBIENTE","2017-10-26","","32.125"
"MINAMBIENTE","2017-10-25","","12.0"
"MINAMBIENTE","2017-10-24","","10.66666667"
"MINAMBIENTE","2017-10-23","","10.66666667"
"MINAMBIENTE","2017-10-22","","10.26666667"
"MINAMBIENTE","2017-10-21","","4.875"
"MINAMBIENTE","2017-10-20","","12.08695652"
"MINAMBIENTE","2017-10-19","","18.75"
"MINAMBIENTE","2017-10-18","","8.75"
"MINAMBIENTE","2017-10-17","","7.16666667"
"MINAMBIENTE","2017-10-16","","5.0"
"MINAMBIENTE","2017-10-15","","6.08333333"
"MINAMBIENTE","2017-10-14","","8.875"
"MINAMBIENTE","2017-10-13","","7.0"
"MINAMBIENTE","2017-10-12","","12.52173913"
"MINAMBIENTE","2017-10-11","","19.04166667"
"MINAMBIENTE","2017-10-10","","26.21052632"
"MINAMBIENTE","2017-10-09","","25.13636364"
"MINAMBIENTE","2017-10-08","","10.83333333"
"MINAMBIENTE","2017-10-07","","5.91304348"
"MINAMBIENTE","2017-10-06","","8.47826087"
"MINAMBIENTE","2017-10-05","","6.95833333"
"MINAMBIENTE","2017-10-04","","9.45833333"
"MINAMBIENTE","2017-10-03","","23.91666667"
"MINAMBIENTE","2017-10-02","","26.5"
"MINAMBIENTE","2017-10-01","","11.58333333"
"MINAMBIENTE","2017-09-30","","7.26086957"
"MINAMBIENTE","2017-09-29","","8.58333333"
"MINAMBIENTE","2017-09-28","","19.58333333"
"MINAMBIENTE","2017-09-27","","18.0"
"MINAMBIENTE","2017-09-26","","17.83333333"
"MINAMBIENTE","2017-09-25","","6.0952381"
"MINAMBIENTE","2017-09-24","","5.91304348"
"MINAMBIENTE","2017-09-23","","14.08333333"
"MINAMBIENTE","2017-09-22","","21.66666667"
"MINAMBIENTE","2017-09-21","","24.0"
"MINAMBIENTE","2017-09-20","","28.875"
"MINAMBIENTE","2017-09-19","","25.04166667"
"MINAMBIENTE","2017-09-18","","6.36363636"
"MINAMBIENTE","2017-09-17","","4.04347826"
"MINAMBIENTE","2017-09-16","","8.375"
"MINAMBIENTE","2017-09-15","","9.95833333"
"MINAMBIENTE","2017-09-14","","8.65217391"
"MINAMBIENTE","2017-09-13","","6.875"
"MINAMBIENTE","2017-09-12","","6.31818182"
"MINAMBIENTE","2017-09-11","","7.90909091"
"MINAMBIENTE","2017-09-10","","7.25"
"MINAMBIENTE","2017-09-09","","7.30434783"
"MINAMBIENTE","2017-09-08","","32.08333333"
"MINAMBIENTE","2017-09-07","","22.5"
"MINAMBIENTE","2017-09-06","","10.47826087"
"MINAMBIENTE","2017-09-05","","11.17391304"
"MINAMBIENTE","2017-09-04","","9.20833333"
"MINAMBIENTE","2017-09-03","","4.77272727"
"MINAMBIENTE","2017-09-02","","7.19047619"
"MINAMBIENTE","2017-09-01","","10.875"
"MINAMBIENTE","2017-08-31","","8.25"
"MINAMBIENTE","2017-08-30","","8.41666667"
"MINAMBIENTE","2017-08-29","","13.83333333"
"MINAMBIENTE","2017-08-28","","8.33333333"
"MINAMBIENTE","2017-08-27","","11.75"
"MINAMBIENTE","2017-08-26","","6.70833333"
"MINAMBIENTE","2017-08-25","","6.95833333"
"MINAMBIENTE","2017-08-24","","8.69565217"
"MINAMBIENTE","2017-08-23","","10.375"
"MINAMBIENTE","2017-08-22","","6.60869565"
"MINAMBIENTE","2017-08-21","","5.26086957"
"MINAMBIENTE","2017-08-20","","7.0"
"MINAMBIENTE","2017-08-19","","27.57142857"
"MINAMBIENTE","2017-08-18","","29.39130435"
"MINAMBIENTE","2017-08-17","","12.80952381"
"MINAMBIENTE","2017-08-16","","10.04347826"
"MINAMBIENTE","2017-08-15","","9.79166667"
"MINAMBIENTE","2017-08-14","","7.5"
"MINAMBIENTE","2017-08-13","","5.45454545"
"MINAMBIENTE","2017-08-12","","6.52380952"
"MINAMBIENTE","2017-08-11","","6.79166667"
"MINAMBIENTE","2017-08-10","","9.55"
"MINAMBIENTE","2017-08-09","","5.2173913"
"MINAMBIENTE","2017-08-08","","8.47826087"
"MINAMBIENTE","2017-08-07","","6.7826087"
"MINAMBIENTE","2017-08-06","","5.95652174"
"MINAMBIENTE","2017-08-05","","5.52173913"
"MINAMBIENTE","2017-08-04","","7.95652174"
"MINAMBIENTE","2017-08-03","","9.04347826"
"MINAMBIENTE","2017-08-02","","13.08333333"
"MINAMBIENTE","2017-08-01","","9.04347826"
"MINAMBIENTE","2017-07-31","","7.54166667"
"MINAMBIENTE","2017-07-30","","3.81818182"
"MINAMBIENTE","2017-07-29","","5.0"
"MINAMBIENTE","2017-07-28","","1.0"
"MINAMBIENTE","2017-07-25","","6.55555556"
"MINAMBIENTE","2017-07-24","","5.08695652"
"MINAMBIENTE","2017-07-23","","4.64705882"
"MINAMBIENTE","2017-07-22","","3.90909091"
"MINAMBIENTE","2017-07-21","","6.86956522"
"MINAMBIENTE","2017-07-20","","4.40909091"
"MINAMBIENTE","2017-07-19","","5.90909091"
"MINAMBIENTE","2017-07-18","","6.04761905"
"MINAMBIENTE","2017-07-17","","9.91304348"
"MINAMBIENTE","2017-07-16","","24.375"
"MINAMBIENTE","2017-07-15","","27.125"
"MINAMBIENTE","2017-07-14","","17.79166667"
"MINAMBIENTE","2017-07-13","","5.72727273"
"MINAMBIENTE","2017-07-12","","6.23809524"
"MINAMBIENTE","2017-07-11","","6.83333333"
"MINAMBIENTE","2017-07-10","","6.95"
"MINAMBIENTE","2017-07-09","","3.25"
"MINAMBIENTE","2017-07-08","","4.95652174"
"MINAMBIENTE","2017-07-07","","5.27272727"
"MINAMBIENTE","2017-07-06","","5.13636364"
"MINAMBIENTE","2017-07-05","","5.375"
"MINAMBIENTE","2017-07-04","","4.38095238"
"MINAMBIENTE","2017-07-03","","3.05555556"
"MINAMBIENTE","2017-07-02","","2.75"
"MINAMBIENTE","2017-07-01","","3.29411765"
"MINAMBIENTE","2017-06-30","","5.47826087"
"MINAMBIENTE","2017-06-29","","10.08333333"
"MINAMBIENTE","2017-06-28","","18.16666667"
"MINAMBIENTE","2017-06-27","","18.79166667"
"MINAMBIENTE","2017-06-26","","10.4"
"MINAMBIENTE","2017-06-25","","3.45454545"
"MINAMBIENTE","2017-06-24","","7.14285714"
"MINAMBIENTE","2017-06-23","","7.65217391"
"MINAMBIENTE","2017-06-22","","9.81818182"
"MINAMBIENTE","2017-06-21","","5.94736842"
"MINAMBIENTE","2017-06-20","","9.5"
"MINAMBIENTE","2017-06-19","","5.54545455"
"MINAMBIENTE","2017-06-18","","22.625"
"MINAMBIENTE","2017-06-17","","27.625"
"MINAMBIENTE","2017-06-16","","8.81818182"
"MINAMBIENTE","2017-06-15","","13.0"
"MINAMBIENTE","2017-06-14","","6.53846154"
"MINAMBIENTE","2017-06-13","","7.3"
"MINAMBIENTE","2017-06-12","","17.33333333"
"MINAMBIENTE","2017-06-11","","17.57142857"
"MINAMBIENTE","2017-06-10","","8.7"
"MINAMBIENTE","2017-06-09","","17.05"
"MINAMBIENTE","2017-06-08","","18.47058824"
"MINAMBIENTE","2017-06-07","","6.6"
"MINAMBIENTE","2017-06-01","","15.91666667"
"MINAMBIENTE","2017-05-31","","5.71428571"
"MINAMBIENTE","2017-05-30","","3.5"
"MINAMBIENTE","2017-05-29","","7.6"
"MINAMBIENTE","2017-05-28","","6.45454545"
"MINAMBIENTE","2017-05-27","","7.16666667"
"MINAMBIENTE","2017-05-26","","7.79166667"
"MINAMBIENTE","2017-05-25","","6.18181818"
"MINAMBIENTE","2017-05-24","","7.41666667"
"MINAMBIENTE","2017-05-23","","10.28571429"
"MINAMBIENTE","2017-05-22","","13.25"
"MINAMBIENTE","2017-05-21","","8.45"
"MINAMBIENTE","2017-05-20","","7.5"
"MINAMBIENTE","2017-05-19","","10.25"
"MINAMBIENTE","2017-05-18","","12.60869565"
"MINAMBIENTE","2017-05-17","","25.125"
"MINAMBIENTE","2017-05-16","","17.5"
"MINAMBIENTE","2017-05-15","","19.70833333"
"MINAMBIENTE","2017-05-14","","9.41666667"
"MINAMBIENTE","2017-05-13","","20.33333333"
"MINAMBIENTE","2017-05-12","","29.69565217"
"MINAMBIENTE","2017-05-11","","31.41666667"
"MINAMBIENTE","2017-05-10","","29.20833333"
"MINAMBIENTE","2017-05-09","","31.95833333"
"MINAMBIENTE","2017-05-08","","25.86956522"
"MINAMBIENTE","2017-05-07","","26.39130435"
"MINAMBIENTE","2017-05-06","","24.34782609"
"MINAMBIENTE","2017-05-05","","20.625"
"MINAMBIENTE","2017-05-04","","15.0"
"MINAMBIENTE","2017-05-03","","27.58333333"
"MINAMBIENTE","2017-05-02","","19.95833333"
"MINAMBIENTE","2017-05-01","","5.82608696"
"MINAMBIENTE","2017-04-30","","5.0"
"MINAMBIENTE","2017-04-29","","7.41666667"
"MINAMBIENTE","2017-04-28","","9.0"
"MINAMBIENTE","2017-04-27","","14.66666667"
"MINAMBIENTE","2017-04-26","","16.39130435"
"MINAMBIENTE","2017-04-25","","18.70833333"
"MINAMBIENTE","2017-04-24","","11.66666667"
"MINAMBIENTE","2017-04-23","","16.23809524"
"MINAMBIENTE","2017-04-22","","20.95238095"
"MINAMBIENTE","2017-04-21","","20.625"
"MINAMBIENTE","2017-04-20","","39.95454545"
"MINAMBIENTE","2017-04-19","","16.25"
"MINAMBIENTE","2017-04-18","","15.27272727"
"MINAMBIENTE","2017-04-17","","9.86956522"
"MINAMBIENTE","2017-04-16","","8.0"
"MINAMBIENTE","2017-04-15","","7.52173913"
"MINAMBIENTE","2017-04-14","","8.13043478"
"MINAMBIENTE","2017-04-13","","11.54166667"
"MINAMBIENTE","2017-04-12","","29.375"
"MINAMBIENTE","2017-04-11","","32.41666667"
"MINAMBIENTE","2017-04-10","","26.29166667"
"MINAMBIENTE","2017-04-09","","23.66666667"
"MINAMBIENTE","2017-04-08","","32.58333333"
"MINAMBIENTE","2017-04-07","","38.95833333"
"MINAMBIENTE","2017-04-06","","18.125"
"MINAMBIENTE","2017-04-05","","19.58333333"
"MINAMBIENTE","2017-04-04","","17.83333333"
"MINAMBIENTE","2017-04-03","","11.375"
"MINAMBIENTE","2017-04-02","","9.77272727"
"MINAMBIENTE","2017-04-01","","9.17391304"
"MINAMBIENTE","2017-03-31","","11.66666667"
"MINAMBIENTE","2017-03-30","","30.70833333"
"MINAMBIENTE","2017-03-29","","17.83333333"
"MINAMBIENTE","2017-03-28","","29.20833333"
"MINAMBIENTE","2017-03-27","","31.6"
"MINAMBIENTE","2017-03-25","","43.45"
"MINAMBIENTE","2017-03-24","","26.95833333"
"MINAMBIENTE","2017-03-23","","30.70833333"
"MINAMBIENTE","2017-03-22","","24.41666667"
"MINAMBIENTE","2017-03-21","","41.08333333"
"MINAMBIENTE","2017-03-20","","36.04166667"
"MINAMBIENTE","2017-03-19","","28.79166667"
"MINAMBIENTE","2017-03-18","","29.16666667"
"MINAMBIENTE","2017-03-17","","37.08333333"
"MINAMBIENTE","2017-03-16","","26.54166667"
"MINAMBIENTE","2017-03-15","","29.625"
"MINAMBIENTE","2017-03-14","","21.5"
"MINAMBIENTE","2017-03-13","","26.10833333"
"MINAMBIENTE","2017-03-12","","23.58333333"
"MINAMBIENTE","2017-03-11","","18.7826087"
"MINAMBIENTE","2017-03-10","","16.17391304"
"MINAMBIENTE","2017-03-09","","13.0"
"MINAMBIENTE","2017-03-08","","21.95652174"
"MINAMBIENTE","2017-03-07","","29.58333333"
"MINAMBIENTE","2017-03-06","","14.65"
"MINAMBIENTE","2017-03-05","","9.33333333"
"MINAMBIENTE","2017-03-04","","10.65217391"
"MINAMBIENTE","2017-03-03","","8.31818182"
"MINAMBIENTE","2017-03-02","","11.20833333"
"MINAMBIENTE","2017-03-01","","33.77272727"
"MINAMBIENTE","2017-02-28","","23.83333333"
"MINAMBIENTE","2017-02-27","","17.47826087"
"MINAMBIENTE","2017-02-26","","20.0"
"MINAMBIENTE","2017-02-25","","24.29166667"
"MINAMBIENTE","2017-02-24","","25.29166667"
"MINAMBIENTE","2017-02-23","","27.91666667"
"MINAMBIENTE","2017-02-22","","25.29166667"
"MINAMBIENTE","2017-02-21","","31.83333333"
"MINAMBIENTE","2017-02-20","","38.625"
"MINAMBIENTE","2017-02-19","","33.58333333"
"MINAMBIENTE","2017-02-18","","24.86956522"
"MINAMBIENTE","2017-02-17","","22.79166667"
"MINAMBIENTE","2017-02-16","","23.45833333"
"MINAMBIENTE","2017-02-15","","21.625"
"MINAMBIENTE","2017-02-14","","19.91666667"
"MINAMBIENTE","2017-02-13","","18.70833333"
"MINAMBIENTE","2017-02-12","","21.45833333"
"MINAMBIENTE","2017-02-11","","31.95833333"
"MINAMBIENTE","2017-02-10","","33.125"
"MINAMBIENTE","2017-02-09","","28.47826087"
"MINAMBIENTE","2017-02-08","","13.91666667"
"MINAMBIENTE","2017-02-07","","9.69565217"
"MINAMBIENTE","2017-02-06","","8.52173913"
"MINAMBIENTE","2017-02-05","","9.375"
"MINAMBIENTE","2017-02-04","","9.91666667"
"MINAMBIENTE","2017-02-03","","9.5"
"MINAMBIENTE","2017-02-02","","14.41666667"
"MINAMBIENTE","2017-02-01","","12.33333333"
"MINAMBIENTE","2017-01-31","","9.8"
"MINAMBIENTE","2017-01-30","","21.91666667"
"MINAMBIENTE","2017-01-29","","6.54166667"
"MINAMBIENTE","2017-01-28","","15.86363636"
"MINAMBIENTE","2017-01-27","","7.08695652"
"MINAMBIENTE","2017-01-26","","6.52173913"
"MINAMBIENTE","2017-01-25","","10.83333333"
"MINAMBIENTE","2017-01-24","","28.66666667"
"MINAMBIENTE","2017-01-23","","21.66666667"
"MINAMBIENTE","2017-01-22","","10.16666667"
"MINAMBIENTE","2017-01-21","","15.0"
"MINAMBIENTE","2017-01-20","","30.83333333"
"MINAMBIENTE","2017-01-19","","19.69565217"
"MINAMBIENTE","2017-01-18","","32.20833333"
"MINAMBIENTE","2017-01-17","","23.79166667"
"MINAMBIENTE","2017-01-16","","20.25"
"MINAMBIENTE","2017-01-15","","17.08333333"
"MINAMBIENTE","2017-01-14","","31.33333333"
"MINAMBIENTE","2017-01-13","","26.0"
"MINAMBIENTE","2017-01-12","","18.20833333"
"MINAMBIENTE","2017-01-11","","18.875"
"MINAMBIENTE","2017-01-10","","22.54166667"
"MINAMBIENTE","2017-01-09","","13.33333333"
"MINAMBIENTE","2017-01-08","","9.22727273"
"MINAMBIENTE","2017-01-07","","4.76190476"
"MINAMBIENTE","2017-01-06","","6.83333333"
"MINAMBIENTE","2017-01-05","","24.91666667"
"MINAMBIENTE","2017-01-04","","18.66666667"
"MINAMBIENTE","2017-01-03","","10.71428571"
"MINAMBIENTE","2017-01-02","","4.4"
"MINAMBIENTE","2017-01-01","","4.6"
"MINAMBIENTE","2016-12-31","","9.29166667"
"MINAMBIENTE","2016-12-30","","11.82608696"
"MINAMBIENTE","2016-12-29","","14.0"
"MINAMBIENTE","2016-12-28","","13.125"
"MINAMBIENTE","2016-12-27","","23.54166667"
"MINAMBIENTE","2016-12-26","","23.43478261"
"MINAMBIENTE","2016-12-25","","26.52173913"
"MINAMBIENTE","2016-12-24","","10.79166667"
"MINAMBIENTE","2016-12-23","","43.79166667"
"MINAMBIENTE","2016-12-22","","24.91304348"
"MINAMBIENTE","2016-12-21","","33.0"
"MINAMBIENTE","2016-12-20","","24.54166667"
"MINAMBIENTE","2016-12-19","","34.91666667"
"MINAMBIENTE","2016-12-18","","13.75"
"MINAMBIENTE","2016-12-17","","27.16666667"
"MINAMBIENTE","2016-12-16","","39.79166667"
"MINAMBIENTE","2016-12-15","","25.54166667"
"MINAMBIENTE","2016-12-14","","21.70833333"
"MINAMBIENTE","2016-12-13","","16.66666667"
"MINAMBIENTE","2016-12-12","","13.7826087"
"MINAMBIENTE","2016-12-11","","9.86956522"
"MINAMBIENTE","2016-12-10","","9.86363636"
"MINAMBIENTE","2016-12-09","","38.125"
"MINAMBIENTE","2016-12-08","","18.17391304"
"MINAMBIENTE","2016-12-07","","11.36363636"
"MINAMBIENTE","2016-12-06","","8.66666667"
"MINAMBIENTE","2016-12-05","","13.20833333"
"MINAMBIENTE","2016-12-04","","8.95454545"
"MINAMBIENTE","2016-12-03","","21.54166667"
"MINAMBIENTE","2016-12-02","","30.2173913"
"MINAMBIENTE","2016-12-01","","26.41666667"
"MINAMBIENTE","2016-11-30","","24.25"
"MINAMBIENTE","2016-11-29","","22.625"
"MINAMBIENTE","2016-11-28","","29.08333333"
"MINAMBIENTE","2016-11-27","","25.875"
"MINAMBIENTE","2016-11-26","","22.26086957"
"MINAMBIENTE","2016-11-25","","23.25"
"MINAMBIENTE","2016-11-24","","31.33333333"
"MINAMBIENTE","2016-11-23","","13.91666667"
"MINAMBIENTE","2016-11-22","","29.0"
"MINAMBIENTE","2016-11-21","","23.08333333"
"MINAMBIENTE","2016-11-20","","14.875"
"MINAMBIENTE","2016-11-19","","21.08333333"
"MINAMBIENTE","2016-11-18","","23.375"
"MINAMBIENTE","2016-11-17","","18.5"
"MINAMBIENTE","2016-11-16","","18.29166667"
"MINAMBIENTE","2016-11-15","","13.29166667"
"MINAMBIENTE","2016-11-14","","12.0"
"MINAMBIENTE","2016-11-13","","17.2173913"
"MINAMBIENTE","2016-11-12","","28.41666667"
"MINAMBIENTE","2016-11-11","","16.04166667"
"MINAMBIENTE","2016-11-10","","22.04347826"
"MINAMBIENTE","2016-11-09","","17.45454545"
"MINAMBIENTE","2016-11-08","","20.86956522"
"MINAMBIENTE","2016-11-07","","17.875"
"MINAMBIENTE","2016-11-06","","9.83333333"
"MINAMBIENTE","2016-11-05","","5.95833333"
"MINAMBIENTE","2016-11-04","","8.75"
"MINAMBIENTE","2016-11-03","","23.70833333"
"MINAMBIENTE","2016-11-02","","21.30769231"
"MINAMBIENTE","2016-10-29","","18.79166667"
"MINAMBIENTE","2016-10-28","","33.5"
"MINAMBIENTE","2016-10-27","","38.41666667"
"MINAMBIENTE","2016-10-26","","33.0"
"MINAMBIENTE","2016-10-25","","30.95833333"
"MINAMBIENTE","2016-10-24","","30.82608696"
"MINAMBIENTE","2016-10-23","","15.43478261"
"MINAMBIENTE","2016-10-22","","18.45833333"
"MINAMBIENTE","2016-10-21","","15.91666667"
"MINAMBIENTE","2016-10-20","","8.125"
"MINAMBIENTE","2016-10-19","","11.08333333"
"MINAMBIENTE","2016-10-18","","11.125"
"MINAMBIENTE","2016-10-17","","8.45833333"
"MINAMBIENTE","2016-10-16","","5.27272727"
"MINAMBIENTE","2016-10-15","","5.57142857"
"MINAMBIENTE","2016-10-14","","10.375"
"MINAMBIENTE","2016-10-13","","20.54166667"
"MINAMBIENTE","2016-10-12","","20.66666667"
"MINAMBIENTE","2016-10-11","","18.54166667"
"MINAMBIENTE","2016-10-10","","13.45833333"
"MINAMBIENTE","2016-10-09","","8.47826087"
"MINAMBIENTE","2016-10-08","","24.54166667"
"MINAMBIENTE","2016-10-07","","32.41666667"
"MINAMBIENTE","2016-10-06","","16.0"
"MINAMBIENTE","2016-10-05","","21.54166667"
"MINAMBIENTE","2016-10-04","","23.66666667"
"MINAMBIENTE","2016-10-03","","22.25"
"MINAMBIENTE","2016-10-02","","12.5"
"MINAMBIENTE","2016-10-01","","21.41666667"
"MINAMBIENTE","2016-09-30","","24.79166667"
"MINAMBIENTE","2016-09-29","","28.70833333"
"MINAMBIENTE","2016-09-28","","10.0"
"MINAMBIENTE","2016-09-27","","9.625"
"MINAMBIENTE","2016-09-26","","8.16666667"
"MINAMBIENTE","2016-09-25","","6.2173913"
"MINAMBIENTE","2016-09-24","","7.47826087"
"MINAMBIENTE","2016-09-23","","8.16666667"
"MINAMBIENTE","2016-09-22","","9.29166667"
"MINAMBIENTE","2016-09-21","","8.20833333"
"MINAMBIENTE","2016-09-20","","8.29166667"
"MINAMBIENTE","2016-09-19","","6.42857143"
"MINAMBIENTE","2016-09-18","","5.30434783"
"MINAMBIENTE","2016-09-17","","7.20833333"
"MINAMBIENTE","2016-09-16","","16.08333333"
"MINAMBIENTE","2016-09-15","","7.875"
"MINAMBIENTE","2016-09-14","","17.08695652"
"MINAMBIENTE","2016-09-13","","36.89473684"
"MINAMBIENTE","2016-09-12","","25.875"
"MINAMBIENTE","2016-09-11","","7.85714286"
"MINAMBIENTE","2016-09-10","","6.95833333"
"MINAMBIENTE","2016-09-09","","6.875"
"MINAMBIENTE","2016-09-08","","13.16666667"
"MINAMBIENTE","2016-09-07","","10.52173913"
"MINAMBIENTE","2016-09-06","","6.70833333"
"MINAMBIENTE","2016-09-05","","8.7826087"
"MINAMBIENTE","2016-09-04","","4.80952381"
"MINAMBIENTE","2016-09-03","","9.375"
"MINAMBIENTE","2016-09-02","","16.33333333"
"MINAMBIENTE","2016-09-01","","10.26086957"
"MINAMBIENTE","2016-08-31","","9.54166667"
"MINAMBIENTE","2016-08-30","","7.375"
"MINAMBIENTE","2016-08-29","","11.45833333"
"MINAMBIENTE","2016-08-28","","8.30434783"
"MINAMBIENTE","2016-08-27","","14.625"
"MINAMBIENTE","2016-08-26","","10.88888889"
"MINAMBIENTE","2016-08-25","","13.95833333"
"MINAMBIENTE","2016-08-24","","32.04166667"
"MINAMBIENTE","2016-08-23","","13.58333333"
"MINAMBIENTE","2016-08-22","","10.20833333"
"MINAMBIENTE","2016-08-21","","8.73913043"
"MINAMBIENTE","2016-08-20","","12.13043478"
"MINAMBIENTE","2016-08-19","","12.20833333"
"MINAMBIENTE","2016-08-18","","10.54166667"
"MINAMBIENTE","2016-08-17","","9.66666667"
"MINAMBIENTE","2016-08-16","","7.43478261"
"MINAMBIENTE","2016-08-15","","6.47826087"
"MINAMBIENTE","2016-08-14","","5.95652174"
"MINAMBIENTE","2016-08-13","","8.83333333"
"MINAMBIENTE","2016-08-12","","13.375"
"MINAMBIENTE","2016-08-11","","8.58333333"
"MINAMBIENTE","2016-08-10","","10.0"
"MINAMBIENTE","2016-08-09","","8.54166667"
"MINAMBIENTE","2016-08-08","","9.375"
"MINAMBIENTE","2016-08-07","","7.125"
"MINAMBIENTE","2016-08-06","","10.5"
"MINAMBIENTE","2016-08-05","","10.0"
"MINAMBIENTE","2016-08-04","","9.58333333"
"MINAMBIENTE","2016-08-03","","7.2173913"
"MINAMBIENTE","2016-08-02","","5.80952381"
"MINAMBIENTE","2016-08-01","","7.30434783"
"MINAMBIENTE","2016-07-31","","4.6"
"MINAMBIENTE","2016-07-30","","7.36842105"
"MINAMBIENTE","2016-07-29","","4.95454545"
"MINAMBIENTE","2016-07-28","","5.73913043"
"MINAMBIENTE","2016-07-27","","7.2"
"MINAMBIENTE","2016-07-26","","10.65"
"MINAMBIENTE","2016-07-25","","5.95833333"
"MINAMBIENTE","2016-07-24","","13.875"
"MINAMBIENTE","2016-07-23","","9.16666667"
"MINAMBIENTE","2016-07-22","","9.66666667"
"MINAMBIENTE","2016-07-21","","7.33333333"
"MINAMBIENTE","2016-07-20","","5.91666667"
"MINAMBIENTE","2016-07-19","","8.83333333"
"MINAMBIENTE","2016-07-18","","5.63636364"
"MINAMBIENTE","2016-07-17","","4.52380952"
"MINAMBIENTE","2016-07-16","","16.31818182"
"MINAMBIENTE","2016-07-15","","10.39130435"
"MINAMBIENTE","2016-07-14","","6.65217391"
"MINAMBIENTE","2016-07-13","","5.08333333"
"MINAMBIENTE","2016-07-12","","10.5"
"MINAMBIENTE","2016-07-11","","6.23809524"
"MINAMBIENTE","2016-07-10","","4.375"
"MINAMBIENTE","2016-07-09","","4.23809524"
"MINAMBIENTE","2016-07-08","","4.5"
"MINAMBIENTE","2016-07-07","","7.27272727"
"MINAMBIENTE","2016-07-06","","17.26086957"
"MINAMBIENTE","2016-07-05","","8.41666667"
"MINAMBIENTE","2016-07-04","","4.82608696"
"MINAMBIENTE","2016-07-03","","6.5"
"MINAMBIENTE","2016-07-02","","5.33333333"
"MINAMBIENTE","2016-07-01","","6.56521739"
"MINAMBIENTE","2016-06-30","","7.79166667"
"MINAMBIENTE","2016-06-29","","6.70833333"
"MINAMBIENTE","2016-06-28","","5.20833333"
"MINAMBIENTE","2016-06-27","","7.04545455"
"MINAMBIENTE","2016-06-26","","5.0"
"MINAMBIENTE","2016-06-25","","6.65"
"MINAMBIENTE","2016-06-24","","6.90909091"
"MINAMBIENTE","2016-06-23","","8.59090909"
"MINAMBIENTE","2016-06-22","","5.375"
"MINAMBIENTE","2016-06-21","","9.2173913"
"MINAMBIENTE","2016-06-20","","10.20833333"
"MINAMBIENTE","2016-06-19","","8.54166667"
"MINAMBIENTE","2016-06-18","","11.5"
"MINAMBIENTE","2016-06-17","","10.33333333"
"MINAMBIENTE","2016-06-16","","9.08333333"
"MINAMBIENTE","2016-06-15","","12.79166667"
"MINAMBIENTE","2016-06-14","","13.75"
"MINAMBIENTE","2016-06-13","","10.70833333"
"MINAMBIENTE","2016-06-12","","8.91666667"
"MINAMBIENTE","2016-06-11","","10.5"
"MINAMBIENTE","2016-06-10","","13.875"
"MINAMBIENTE","2016-06-09","","13.41666667"
"MINAMBIENTE","2016-06-08","","10.76190476"
"MINAMBIENTE","2016-06-07","","23.33333333"
"MINAMBIENTE","2016-06-06","","12.125"
"MINAMBIENTE","2016-06-05","","15.45833333"
"MINAMBIENTE","2016-06-04","","24.91666667"
"MINAMBIENTE","2016-06-03","","16.45833333"
"MINAMBIENTE","2016-06-02","","10.25"
"MINAMBIENTE","2016-06-01","","7.5"
"MINAMBIENTE","2016-05-31","","13.04347826"
"MINAMBIENTE","2016-05-30","","16.875"
"MINAMBIENTE","2016-05-29","","10.95833333"
"MINAMBIENTE","2016-05-28","","8.91666667"
"MINAMBIENTE","2016-05-27","","17.66666667"
"MINAMBIENTE","2016-05-26","","22.5"
"MINAMBIENTE","2016-05-25","","13.16666667"
"MINAMBIENTE","2016-05-24","","8.66666667"
"MINAMBIENTE","2016-05-23","","6.63636364"
"MINAMBIENTE","2016-05-22","","4.08695652"
"MINAMBIENTE","2016-05-21","","6.63636364"
"MINAMBIENTE","2016-05-20","","7.70833333"
"MINAMBIENTE","2016-05-19","","7.5"
"MINAMBIENTE","2016-05-18","","9.125"
"MINAMBIENTE","2016-05-17","","7.91666667"
"MINAMBIENTE","2016-05-16","","8.41666667"
"MINAMBIENTE","2016-05-15","","5.18181818"
"MINAMBIENTE","2016-05-14","","6.0"
"MINAMBIENTE","2016-05-13","","13.73913043"
"MINAMBIENTE","2016-05-12","","9.20833333"
"MINAMBIENTE","2016-05-11","","9.77272727"
"MINAMBIENTE","2016-05-10","","13.0"
"MINAMBIENTE","2016-05-09","","5.71428571"
"MINAMBIENTE","2016-05-08","","15.75"
"MINAMBIENTE","2016-05-07","","16.0"
"MINAMBIENTE","2016-05-06","","13.08333333"
"MINAMBIENTE","2016-05-05","","14.0"
"MINAMBIENTE","2016-05-04","","25.73913043"
"MINAMBIENTE","2016-05-03","","22.875"
"MINAMBIENTE","2016-05-02","","11.0"
"MINAMBIENTE","2016-05-01","","4.45833333"
"MINAMBIENTE","2016-04-30","","12.25"
"MINAMBIENTE","2016-04-29","","18.39130435"
"MINAMBIENTE","2016-04-28","","24.625"
"MINAMBIENTE","2016-04-27","","27.75"
"MINAMBIENTE","2016-04-26","","27.16666667"
"MINAMBIENTE","2016-04-25","","32.25"
"MINAMBIENTE","2016-04-24","","16.0"
"MINAMBIENTE","2016-04-23","","12.0"
"MINAMBIENTE","2016-04-22","","8.20833333"
"MINAMBIENTE","2016-04-21","","10.5"
"MINAMBIENTE","2016-04-20","","10.92857143"
"MINAMBIENTE","2016-04-15","","17.14285714"
"MINAMBIENTE","2016-04-14","","27.81818182"
"MINAMBIENTE","2016-04-13","","30.04166667"
"MINAMBIENTE","2016-04-12","","24.45833333"
"MINAMBIENTE","2016-04-11","","31.66666667"
"MINAMBIENTE","2016-04-10","","16.25"
"MINAMBIENTE","2016-04-09","","8.29166667"
"MINAMBIENTE","2016-04-08","","13.20833333"
"MINAMBIENTE","2016-04-07","","12.5"
"MINAMBIENTE","2016-04-06","","17.75"
"MINAMBIENTE","2016-04-05","","33.39130435"
"MINAMBIENTE","2016-04-04","","27.91666667"
"MINAMBIENTE","2016-04-03","","29.83333333"
"MINAMBIENTE","2016-04-02","","25.27777778"
"MINAMBIENTE","2016-04-01","","32.16666667"
"MINAMBIENTE","2016-03-31","","30.66666667"
"MINAMBIENTE","2016-03-30","","24.33333333"
"MINAMBIENTE","2016-03-29","","36.54166667"
"MINAMBIENTE","2016-03-28","","41.83333333"
"MINAMBIENTE","2016-03-27","","23.875"
"MINAMBIENTE","2016-03-26","","17.25"
"MINAMBIENTE","2016-03-25","","16.41666667"
"MINAMBIENTE","2016-03-24","","16.08333333"
"MINAMBIENTE","2016-03-23","","25.04166667"
"MINAMBIENTE","2016-03-22","","17.54166667"
"MINAMBIENTE","2016-03-21","","12.0"
"MINAMBIENTE","2016-03-20","","10.875"
"MINAMBIENTE","2016-03-19","","8.875"
"MINAMBIENTE","2016-03-18","","8.83333333"
"MINAMBIENTE","2016-03-17","","20.04166667"
"MINAMBIENTE","2016-03-16","","18.91666667"
"MINAMBIENTE","2016-03-15","","26.29166667"
"MINAMBIENTE","2016-03-14","","42.76190476"
"MINAMBIENTE","2016-03-13","","35.29166667"
"MINAMBIENTE","2016-03-12","","36.75"
"MINAMBIENTE","2016-03-11","","45.08333333"
"MINAMBIENTE","2016-03-10","","47.25"
"MINAMBIENTE","2016-03-09","","44.5"
"MINAMBIENTE","2016-03-08","","41.125"
"MINAMBIENTE","2016-03-07","","53.66666667"
"MINAMBIENTE","2016-03-06","","36.04166667"
"MINAMBIENTE","2016-03-05","","39.29166667"
"MINAMBIENTE","2016-03-04","","38.83333333"
"MINAMBIENTE","2016-03-03","","19.95833333"
"MINAMBIENTE","2016-03-02","","29.0"
"MINAMBIENTE","2016-03-01","","34.75"
"MINAMBIENTE","2016-02-29","","25.04166667"
"MINAMBIENTE","2016-02-28","","13.79166667"
"MINAMBIENTE","2016-02-27","","25.66666667"
"MINAMBIENTE","2016-02-26","","38.5"
"MINAMBIENTE","2016-02-25","","34.66666667"
"MINAMBIENTE","2016-02-24","","18.25"
"MINAMBIENTE","2016-02-23","","17.08333333"
"MINAMBIENTE","2016-02-22","","21.20833333"
"MINAMBIENTE","2016-02-21","","11.25"
"MINAMBIENTE","2016-02-20","","16.625"
"MINAMBIENTE","2016-02-19","","16.91666667"
"MINAMBIENTE","2016-02-18","","23.875"
"MINAMBIENTE","2016-02-17","","19.16666667"
"MINAMBIENTE","2016-02-16","","9.5"
"MINAMBIENTE","2016-02-15","","12.33333333"
"MINAMBIENTE","2016-02-14","","10.41666667"
"MINAMBIENTE","2016-02-13","","18.20833333"
"MINAMBIENTE","2016-02-12","","13.16666667"
"MINAMBIENTE","2016-02-11","","8.33333333"
"MINAMBIENTE","2016-02-10","","10.59090909"
"MINAMBIENTE","2016-02-09","","14.83333333"
"MINAMBIENTE","2016-02-08","","15.83333333"
"MINAMBIENTE","2016-02-07","","18.08333333"
"MINAMBIENTE","2016-02-06","","25.36363636"
"MINAMBIENTE","2016-02-05","","33.2173913"
"MINAMBIENTE","2016-02-04","","51.47826087"
"MINAMBIENTE","2016-02-03","","68.66666667"
"MINAMBIENTE","2016-02-02","","47.70833333"
"MINAMBIENTE","2016-02-01","","30.17391304"
"MINAMBIENTE","2016-01-31","","48.04166667"
"MINAMBIENTE","2016-01-30","","47.875"
"MINAMBIENTE","2016-01-29","","41.13043478"
"MINAMBIENTE","2016-01-28","","31.84210526"
"MINAMBIENTE","2016-01-27","","27.68181818"
"MINAMBIENTE","2016-01-26","","40.75"
"MINAMBIENTE","2016-01-25","","32.5"
"MINAMBIENTE","2016-01-24","","32.66666667"
"MINAMBIENTE","2016-01-23","","41.91666667"
"MINAMBIENTE","2016-01-22","","49.91666667"
"MINAMBIENTE","2016-01-21","","53.5"
"MINAMBIENTE","2016-01-20","","46.25"
"MINAMBIENTE","2016-01-19","","38.45833333"
"MINAMBIENTE","2016-01-18","","32.04166667"
"MINAMBIENTE","2016-01-17","","32.5"
"MINAMBIENTE","2016-01-16","","22.73913043"
"MINAMBIENTE","2016-01-15","","34.66666667"
"MINAMBIENTE","2016-01-14","","43.75"
"MINAMBIENTE","2016-01-13","","35.625"
"MINAMBIENTE","2016-01-12","","32.29166667"
"MINAMBIENTE","2016-01-11","","27.16666667"
"MINAMBIENTE","2016-01-10","","25.0"
"MINAMBIENTE","2016-01-09","","31.29166667"
"MINAMBIENTE","2016-01-08","","32.20833333"
"MINAMBIENTE","2016-01-07","","38.375"
"MINAMBIENTE","2016-01-06","","23.95833333"
"MINAMBIENTE","2016-01-05","","29.20833333"
"MINAMBIENTE","2016-01-04","","21.625"
"MINAMBIENTE","2016-01-03","","9.33333333"
"MINAMBIENTE","2016-01-02","","6.33333333"
"MINAMBIENTE","2016-01-01","","8.23809524"
"MINAMBIENTE","2015-12-31","","6.68181818"
"MINAMBIENTE","2015-12-30","","8.66666667"
"MINAMBIENTE","2015-12-29","","9.625"
"MINAMBIENTE","2015-12-28","","11.95833333"
"MINAMBIENTE","2015-12-27","","9.625"
"MINAMBIENTE","2015-12-26","","9.16666667"
"MINAMBIENTE","2015-12-25","","9.29166667"
"MINAMBIENTE","2015-12-24","","11.33333333"
"MINAMBIENTE","2015-12-23","","13.375"
"MINAMBIENTE","2015-12-22","","10.41666667"
"MINAMBIENTE","2015-12-21","","11.29166667"
"MINAMBIENTE","2015-12-20","","10.20833333"
"MINAMBIENTE","2015-12-19","","8.25"
"MINAMBIENTE","2015-12-18","","15.65217391"
"MINAMBIENTE","2015-12-17","","10.66666667"
"MINAMBIENTE","2015-12-16","","12.625"
"MINAMBIENTE","2015-12-15","","15.7826087"
"MINAMBIENTE","2015-12-14","","16.58333333"
"MINAMBIENTE","2015-12-13","","15.0"
"MINAMBIENTE","2015-12-12","","14.79166667"
"MINAMBIENTE","2015-12-11","","14.125"
"MINAMBIENTE","2015-12-10","","19.54166667"
"MINAMBIENTE","2015-12-09","","11.45833333"
"MINAMBIENTE","2015-12-08","","25.16666667"
"MINAMBIENTE","2015-12-07","","16.17391304"
"MINAMBIENTE","2015-12-06","","7.85714286"
"MINAMBIENTE","2015-12-05","","10.82608696"
"MINAMBIENTE","2015-12-04","","14.09090909"
"MINAMBIENTE","2015-12-03","","19.7826087"
"MINAMBIENTE","2015-12-02","","8.08695652"
"MINAMBIENTE","2015-12-01","","8.70833333"
"MINAMBIENTE","2015-11-30","","9.0"
"MINAMBIENTE","2015-11-29","","14.33333333"
"MINAMBIENTE","2015-11-28","","24.54166667"
"MINAMBIENTE","2015-11-27","","16.875"
"MINAMBIENTE","2015-11-26","","10.75"
"MINAMBIENTE","2015-11-25","","8.95652174"
"MINAMBIENTE","2015-11-24","","14.91666667"
"MINAMBIENTE","2015-11-23","","15.58333333"
"MINAMBIENTE","2015-11-22","","7.04545455"
"MINAMBIENTE","2015-11-21","","21.08333333"
"MINAMBIENTE","2015-11-20","","34.29166667"
"MINAMBIENTE","2015-11-19","","27.16666667"
"MINAMBIENTE","2015-11-18","","16.13636364"
"MINAMBIENTE","2015-11-17","","6.54545455"
"MINAMBIENTE","2015-11-16","","6.2173913"
"MINAMBIENTE","2015-11-15","","5.375"
"MINAMBIENTE","2015-11-14","","5.38095238"
"MINAMBIENTE","2015-11-13","","8.20833333"
"MINAMBIENTE","2015-11-12","","12.16666667"
"MINAMBIENTE","2015-11-11","","7.82608696"
"MINAMBIENTE","2015-11-10","","7.20833333"
"MINAMBIENTE","2015-11-09","","6.7826087"
"MINAMBIENTE","2015-11-08","","4.57894737"
"MINAMBIENTE","2015-11-07","","21.69565217"
"MINAMBIENTE","2015-11-06","","33.20833333"
"MINAMBIENTE","2015-11-05","","27.95833333"
"MINAMBIENTE","2015-11-04","","24.91304348"
"MINAMBIENTE","2015-11-03","","27.125"
"MINAMBIENTE","2015-11-02","","14.875"
"MINAMBIENTE","2015-11-01","","18.66666667"
"MINAMBIENTE","2015-10-31","","58.08333333"
"MINAMBIENTE","2015-10-30","","23.95833333"
"MINAMBIENTE","2015-10-29","","19.25"
"MINAMBIENTE","2015-10-28","","10.25"
"MINAMBIENTE","2015-10-27","","10.22727273"
"MINAMBIENTE","2015-10-26","","9.54166667"
"MINAMBIENTE","2015-10-25","","9.09090909"
"MINAMBIENTE","2015-10-24","","17.2"
"MINAMBIENTE","2015-10-23","","13.45833333"
"MINAMBIENTE","2015-10-22","","26.75"
"MINAMBIENTE","2015-10-21","","14.2173913"
"MINAMBIENTE","2015-10-20","","13.04347826"
"MINAMBIENTE","2015-10-19","","11.65217391"
"MINAMBIENTE","2015-10-18","","8.5"
"MINAMBIENTE","2015-10-17","","7.73913043"
"MINAMBIENTE","2015-10-16","","5.60869565"
"MINAMBIENTE","2015-10-15","","5.54545455"
"MINAMBIENTE","2015-10-14","","26.04166667"
"MINAMBIENTE","2015-10-13","","25.20833333"
"MINAMBIENTE","2015-10-12","","15.33333333"
"MINAMBIENTE","2015-10-11","","11.70833333"
"MINAMBIENTE","2015-10-10","","11.70833333"
"MINAMBIENTE","2015-10-09","","8.375"
"MINAMBIENTE","2015-10-08","","9.16666667"
"MINAMBIENTE","2015-10-07","","13.29166667"
"MINAMBIENTE","2015-10-06","","9.34782609"
"MINAMBIENTE","2015-10-05","","7.47619048"
"MINAMBIENTE","2015-10-04","","6.34782609"
"MINAMBIENTE","2015-10-03","","9.73913043"
"MINAMBIENTE","2015-10-02","","24.68181818"
"MINAMBIENTE","2015-10-01","","30.91666667"
"MINAMBIENTE","2015-09-30","","18.875"
"MINAMBIENTE","2015-09-29","","9.33333333"
"MINAMBIENTE","2015-09-28","","11.20833333"
"MINAMBIENTE","2015-09-27","","7.5"
"MINAMBIENTE","2015-09-26","","9.95833333"
"MINAMBIENTE","2015-09-25","","12.45833333"
"MINAMBIENTE","2015-09-24","","11.95454545"
"MINAMBIENTE","2015-09-23","","9.58333333"
"MINAMBIENTE","2015-09-22","","8.60869565"
"MINAMBIENTE","2015-09-21","","7.0"
"MINAMBIENTE","2015-09-20","","4.42105263"
"MINAMBIENTE","2015-09-19","","9.09090909"
"MINAMBIENTE","2015-09-18","","11.58333333"
"MINAMBIENTE","2015-09-17","","42.83333333"
"MINAMBIENTE","2015-09-16","","13.625"
"MINAMBIENTE","2015-09-15","","10.04166667"
"MINAMBIENTE","2015-09-14","","9.5"
"MINAMBIENTE","2015-09-13","","6.17391304"
"MINAMBIENTE","2015-09-12","","6.875"
"MINAMBIENTE","2015-09-11","","6.25"
"MINAMBIENTE","2015-09-10","","8.08333333"
"MINAMBIENTE","2015-09-09","","7.04347826"
"MINAMBIENTE","2015-09-08","","8.54545455"
"MINAMBIENTE","2015-09-07","","6.72727273"
"MINAMBIENTE","2015-09-06","","6.5"
"MINAMBIENTE","2015-09-05","","11.95652174"
"MINAMBIENTE","2015-09-04","","12.25"
"MINAMBIENTE","2015-09-03","","7.5"
"MINAMBIENTE","2015-09-02","","12.125"
"MINAMBIENTE","2015-09-01","","7.63636364"
"MINAMBIENTE","2015-08-31","","7.43478261"
"MINAMBIENTE","2015-08-30","","4.54166667"
"MINAMBIENTE","2015-08-29","","6.08333333"
"MINAMBIENTE","2015-08-28","","7.625"
"MINAMBIENTE","2015-08-27","","21.20833333"
"MINAMBIENTE","2015-08-26","","15.91666667"
"MINAMBIENTE","2015-08-25","","14.79166667"
"MINAMBIENTE","2015-08-24","","10.75"
"MINAMBIENTE","2015-08-23","","14.04166667"
"MINAMBIENTE","2015-08-22","","24.83333333"
"MINAMBIENTE","2015-08-21","","15.08333333"
"MINAMBIENTE","2015-08-20","","5.66666667"
"MINAMBIENTE","2015-08-19","","6.70833333"
"MINAMBIENTE","2015-08-18","","9.0"
"MINAMBIENTE","2015-08-17","","6.83333333"
"MINAMBIENTE","2015-08-16","","10.33333333"
"MINAMBIENTE","2015-08-15","","13.58333333"
"MINAMBIENTE","2015-08-14","","11.5"
"MINAMBIENTE","2015-08-13","","7.45833333"
"MINAMBIENTE","2015-08-12","","9.16666667"
"MINAMBIENTE","2015-08-11","","7.54166667"
"MINAMBIENTE","2015-08-10","","7.95833333"
"MINAMBIENTE","2015-08-09","","7.375"
"MINAMBIENTE","2015-08-08","","5.52173913"
"MINAMBIENTE","2015-08-07","","4.91304348"
"MINAMBIENTE","2015-08-06","","9.58333333"
"MINAMBIENTE","2015-08-05","","7.54166667"
"MINAMBIENTE","2015-08-04","","6.75"
"MINAMBIENTE","2015-08-03","","7.73913043"
"MINAMBIENTE","2015-08-02","","8.25"
"MINAMBIENTE","2015-08-01","","10.875"
"MINAMBIENTE","2015-07-31","","8.66666667"
"MINAMBIENTE","2015-07-30","","12.91304348"
"MINAMBIENTE","2015-07-29","","10.08695652"
"MINAMBIENTE","2015-07-28","","11.58333333"
"MINAMBIENTE","2015-07-27","","12.70833333"
"MINAMBIENTE","2015-07-26","","4.625"
"MINAMBIENTE","2015-07-25","","7.04347826"
"MINAMBIENTE","2015-07-24","","12.33333333"
"MINAMBIENTE","2015-07-23","","8.72727273"
"MINAMBIENTE","2015-07-22","","10.95833333"
"MINAMBIENTE","2015-07-21","","20.875"
"MINAMBIENTE","2015-07-20","","10.58333333"
"MINAMBIENTE","2015-07-19","","14.625"
"MINAMBIENTE","2015-07-18","","8.70833333"
"MINAMBIENTE","2015-07-17","","7.65217391"
"MINAMBIENTE","2015-07-16","","8.08333333"
"MINAMBIENTE","2015-07-15","","6.41666667"
"MINAMBIENTE","2015-07-14","","8.52173913"
"MINAMBIENTE","2015-07-13","","13.125"
"MINAMBIENTE","2015-07-11","","5.5"
"MINAMBIENTE","2015-07-10","","8.39130435"
"MINAMBIENTE","2015-07-09","","11.13043478"
"MINAMBIENTE","2015-07-08","","8.625"
"MINAMBIENTE","2015-07-07","","9.375"
"MINAMBIENTE","2015-07-06","","6.25"
"MINAMBIENTE","2015-07-05","","3.77272727"
"MINAMBIENTE","2015-07-04","","3.82608696"
"MINAMBIENTE","2015-07-03","","9.39130435"
"MINAMBIENTE","2015-07-02","","6.16666667"
"MINAMBIENTE","2015-07-01","","10.16666667"
"MINAMBIENTE","2015-06-30","","12.625"
"MINAMBIENTE","2015-06-29","","7.875"
"MINAMBIENTE","2015-06-28","","6.45833333"
"MINAMBIENTE","2015-06-27","","7.5"
"MINAMBIENTE","2015-06-26","","11.79166667"
"MINAMBIENTE","2015-06-25","","7.33333333"
"MINAMBIENTE","2015-06-24","","7.39130435"
"MINAMBIENTE","2015-06-23","","7.04166667"
"MINAMBIENTE","2015-06-22","","8.79166667"
"MINAMBIENTE","2015-06-21","","6.33333333"
"MINAMBIENTE","2015-06-20","","7.29166667"
"MINAMBIENTE","2015-06-19","","7.54166667"
"MINAMBIENTE","2015-06-18","","7.04545455"
"MINAMBIENTE","2015-06-17","","4.91304348"
"MINAMBIENTE","2015-06-16","","5.7826087"
"MINAMBIENTE","2015-06-15","","7.875"
"MINAMBIENTE","2015-06-14","","5.04545455"
"MINAMBIENTE","2015-06-13","","8.84210526"
"MINAMBIENTE","2015-06-12","","6.625"
"MINAMBIENTE","2015-06-11","","15.83333333"
"MINAMBIENTE","2015-06-10","","8.95833333"
"MINAMBIENTE","2015-06-09","","12.39130435"
"MINAMBIENTE","2015-06-08","","6.7"
"MINAMBIENTE","2015-06-07","","6.41666667"
"MINAMBIENTE","2015-06-06","","10.625"
"MINAMBIENTE","2015-06-05","","10.58333333"
"MINAMBIENTE","2015-06-04","","10.25"
"MINAMBIENTE","2015-06-03","","7.79166667"
"MINAMBIENTE","2015-06-02","","6.375"
"MINAMBIENTE","2015-06-01","","9.625"
"MINAMBIENTE","2015-05-31","","6.125"
"MINAMBIENTE","2015-05-30","","12.20833333"
"MINAMBIENTE","2015-05-29","","16.33333333"
"MINAMBIENTE","2015-05-28","","9.70588235"
"MINAMBIENTE","2015-05-27","","14.125"
"MINAMBIENTE","2015-05-26","","9.45833333"
"MINAMBIENTE","2015-05-25","","12.04347826"
"MINAMBIENTE","2015-05-24","","5.20833333"
"MINAMBIENTE","2015-05-23","","5.75"
"MINAMBIENTE","2015-05-22","","9.91666667"
"MINAMBIENTE","2015-05-21","","7.04347826"
"MINAMBIENTE","2015-05-20","","9.76190476"
"MINAMBIENTE","2015-05-19","","11.83333333"
"MINAMBIENTE","2015-05-18","","7.47826087"
"MINAMBIENTE","2015-05-17","","8.08333333"
"MINAMBIENTE","2015-05-16","","11.08333333"
"MINAMBIENTE","2015-05-15","","11.91666667"
"MINAMBIENTE","2015-05-14","","11.79166667"
"MINAMBIENTE","2015-05-13","","10.75"
"MINAMBIENTE","2015-05-12","","12.58333333"
"MINAMBIENTE","2015-05-11","","16.2173913"
"MINAMBIENTE","2015-05-10","","14.34782609"
"MINAMBIENTE","2015-05-09","","7.25"
"MINAMBIENTE","2015-05-08","","13.33333333"
"MINAMBIENTE","2015-05-07","","20.33333333"
"MINAMBIENTE","2015-05-06","","23.13043478"
"MINAMBIENTE","2015-05-05","","22.91666667"
"MINAMBIENTE","2015-05-04","","30.125"
"MINAMBIENTE","2015-05-03","","26.125"
"MINAMBIENTE","2015-05-02","","30.54545455"
"MINAMBIENTE","2015-05-01","","31.625"
"MINAMBIENTE","2015-04-30","","20.375"
"MINAMBIENTE","2015-04-29","","15.95652174"
"MINAMBIENTE","2015-04-28","","8.625"
"MINAMBIENTE","2015-04-27","","6.41666667"
"MINAMBIENTE","2015-04-26","","6.45833333"
"MINAMBIENTE","2015-04-25","","11.75"
"MINAMBIENTE","2015-04-24","","14.375"
"MINAMBIENTE","2015-04-23","","15.45833333"
"MINAMBIENTE","2015-04-22","","15.42857143"
"MINAMBIENTE","2015-04-21","","9.375"
"MINAMBIENTE","2015-04-20","","14.95833333"
"MINAMBIENTE","2015-04-19","","10.95833333"
"MINAMBIENTE","2015-04-18","","20.95833333"
"MINAMBIENTE","2015-04-17","","35.20833333"
"MINAMBIENTE","2015-04-16","","22.68181818"
"MINAMBIENTE","2015-04-15","","15.54166667"
"MINAMBIENTE","2015-04-14","","16.79166667"
"MINAMBIENTE","2015-04-13","","14.25"
"MINAMBIENTE","2015-04-12","","8.375"
"MINAMBIENTE","2015-04-11","","16.20833333"
"MINAMBIENTE","2015-04-10","","15.95833333"
"MINAMBIENTE","2015-04-09","","14.125"
"MINAMBIENTE","2015-04-08","","15.04166667"
"MINAMBIENTE","2015-04-07","","14.875"
"MINAMBIENTE","2015-04-06","","17.0"
"MINAMBIENTE","2015-04-05","","11.70833333"
"MINAMBIENTE","2015-04-04","","14.58333333"
"MINAMBIENTE","2015-04-03","","12.86956522"
"MINAMBIENTE","2015-04-02","","18.20833333"
"MINAMBIENTE","2015-04-01","","22.125"
"MINAMBIENTE","2015-03-31","","33.58333333"
"MINAMBIENTE","2015-03-30","","36.0"
"MINAMBIENTE","2015-03-29","","18.79166667"
"MINAMBIENTE","2015-03-28","","32.54166667"
"MINAMBIENTE","2015-03-27","","23.95833333"
"MINAMBIENTE","2015-03-26","","30.125"
"MINAMBIENTE","2015-03-25","","30.95454545"
"MINAMBIENTE","2015-03-24","","39.91666667"
"MINAMBIENTE","2015-03-23","","21.375"
"MINAMBIENTE","2015-03-22","","19.625"
"MINAMBIENTE","2015-03-21","","25.58333333"
"MINAMBIENTE","2015-03-20","","28.16666667"
"MINAMBIENTE","2015-03-19","","39.0"
"MINAMBIENTE","2015-03-18","","38.33333333"
"MINAMBIENTE","2015-03-17","","39.125"
"MINAMBIENTE","2015-03-16","","23.20833333"
"MINAMBIENTE","2015-03-15","","20.70833333"
"MINAMBIENTE","2015-03-14","","21.20833333"
"MINAMBIENTE","2015-03-13","","18.95833333"
"MINAMBIENTE","2015-03-12","","18.71428571"
"MINAMBIENTE","2015-03-11","","14.33333333"
"MINAMBIENTE","2015-03-10","","17.20833333"
"MINAMBIENTE","2015-03-09","","16.95833333"
"MINAMBIENTE","2015-03-08","","12.125"
"MINAMBIENTE","2015-03-07","","16.08333333"
"MINAMBIENTE","2015-03-06","","20.29166667"
"MINAMBIENTE","2015-03-05","","24.54166667"
"MINAMBIENTE","2015-03-04","","20.33333333"
"MINAMBIENTE","2015-03-03","","21.41666667"
"MINAMBIENTE","2015-03-02","","38.54166667"
"MINAMBIENTE","2015-03-01","","17.75"
"MINAMBIENTE","2015-02-28","","10.58333333"
"MINAMBIENTE","2015-02-27","","21.58333333"
"MINAMBIENTE","2015-02-26","","25.75"
"MINAMBIENTE","2015-02-25","","29.125"
"MINAMBIENTE","2015-02-24","","30.58333333"
"MINAMBIENTE","2015-02-23","","25.25"
"MINAMBIENTE","2015-02-22","","18.70833333"
"MINAMBIENTE","2015-02-21","","29.41666667"
"MINAMBIENTE","2015-02-20","","35.16666667"
"MINAMBIENTE","2015-02-19","","33.375"
"MINAMBIENTE","2015-02-18","","39.875"
"MINAMBIENTE","2015-02-17","","26.70833333"
"MINAMBIENTE","2015-02-16","","19.20833333"
"MINAMBIENTE","2015-02-15","","9.875"
"MINAMBIENTE","2015-02-14","","10.20833333"
"MINAMBIENTE","2015-02-13","","16.33333333"
"MINAMBIENTE","2015-02-12","","17.16666667"
"MINAMBIENTE","2015-02-11","","27.20833333"
"MINAMBIENTE","2015-02-10","","33.625"
"MINAMBIENTE","2015-02-09","","25.94736842"
"MINAMBIENTE","2015-02-08","","29.875"
"MINAMBIENTE","2015-02-07","","34.39130435"
"MINAMBIENTE","2015-02-06","","39.45833333"
"MINAMBIENTE","2015-02-05","","13.125"
"MINAMBIENTE","2015-02-04","","8.91666667"
"MINAMBIENTE","2015-02-03","","8.91666667"
"MINAMBIENTE","2015-02-02","","9.20833333"
"MINAMBIENTE","2015-02-01","","7.5"
"MINAMBIENTE","2015-01-31","","9.70833333"
"MINAMBIENTE","2015-01-30","","20.70833333"
"MINAMBIENTE","2015-01-29","","14.16666667"
"MINAMBIENTE","2015-01-28","","18.70833333"
"MINAMBIENTE","2015-01-27","","31.83333333"
"MINAMBIENTE","2015-01-26","","21.20833333"
"MINAMBIENTE","2015-01-25","","12.95833333"
"MINAMBIENTE","2015-01-24","","28.58333333"
"MINAMBIENTE","2015-01-23","","36.54166667"
"MINAMBIENTE","2015-01-22","","27.95833333"
"MINAMBIENTE","2015-01-21","","14.0"
"MINAMBIENTE","2015-01-20","","13.54545455"
"MINAMBIENTE","2015-01-19","","25.95833333"
"MINAMBIENTE","2015-01-18","","26.0"
"MINAMBIENTE","2015-01-17","","35.95833333"
"MINAMBIENTE","2015-01-16","","24.08333333"
"MINAMBIENTE","2015-01-15","","24.16666667"
"MINAMBIENTE","2015-01-14","","15.26086957"
"MINAMBIENTE","2015-01-13","","18.29166667"
"MINAMBIENTE","2015-01-12","","6.77272727"
"MINAMBIENTE","2015-01-11","","8.1"
"MINAMBIENTE","2015-01-10","","10.80952381"
"MINAMBIENTE","2015-01-09","","13.45833333"
"MINAMBIENTE","2015-01-08","","18.0"
"MINAMBIENTE","2015-01-07","","10.75"
"MINAMBIENTE","2015-01-06","","10.0"
"MINAMBIENTE","2015-01-05","","7.95652174"
"MINAMBIENTE","2015-01-04","","12.66666667"
"MINAMBIENTE","2015-01-03","","10.25"
"MINAMBIENTE","2015-01-02","","8.25"
"MINAMBIENTE","2015-01-01","","11.25"
"MINAMBIENTE","2014-12-31","","6.93181818"
"MINAMBIENTE","2014-12-30","","13.30303031"
"MINAMBIENTE","2014-12-29","","12.02777778"
"MINAMBIENTE","2014-12-28","","9.56944445"
"MINAMBIENTE","2014-12-27","","13.0138889"
"MINAMBIENTE","2014-12-26","","9.39583333"
"MINAMBIENTE","2014-12-25","","17.52777778"
"MINAMBIENTE","2014-12-24","","11.70833333"
"MINAMBIENTE","2014-12-23","","14.46527778"
"MINAMBIENTE","2014-12-22","","20.07638889"
"MINAMBIENTE","2014-12-21","","39.07638888"
"MINAMBIENTE","2014-12-20","","38.18055555"
"MINAMBIENTE","2014-12-19","","42.44202899"
"MINAMBIENTE","2014-12-18","","38.53472222"
"MINAMBIENTE","2014-12-17","","38.94444445"
"MINAMBIENTE","2014-12-16","","33.72222223"
"MINAMBIENTE","2014-12-15","","37.29861111"
"MINAMBIENTE","2014-12-14","","25.11805555"
"MINAMBIENTE","2014-12-13","","43.27083333"
"MINAMBIENTE","2014-12-12","","18.15972223"
"MINAMBIENTE","2014-12-11","","20.65277778"
"MINAMBIENTE","2014-12-10","","41.09722222"
"MINAMBIENTE","2014-12-09","","34.45833333"
"MINAMBIENTE","2014-12-08","","35.98611112"
"MINAMBIENTE","2014-12-07","","43.02083333"
"MINAMBIENTE","2014-12-06","","35.87500001"
"MINAMBIENTE","2014-12-05","","36.23611112"
"MINAMBIENTE","2014-12-04","","23.18055555"
"MINAMBIENTE","2014-12-03","","13.65277778"
"MINAMBIENTE","2014-12-02","","9.90972221"
"MINAMBIENTE","2014-12-01","","13.40972222"
"MINAMBIENTE","2014-11-30","","8.91666666"
"MINAMBIENTE","2014-11-29","","10.98611111"
"MINAMBIENTE","2014-11-28","","13.8263889"
"MINAMBIENTE","2014-11-27","","28.40277778"
"MINAMBIENTE","2014-11-26","","29.87681159"
"MINAMBIENTE","2014-11-25","","7.71527778"
"MINAMBIENTE","2014-11-24","","7.34027777"
"MINAMBIENTE","2014-11-23","","10.22916667"
"MINAMBIENTE","2014-11-22","","35.36805555"
"MINAMBIENTE","2014-11-21","","30.20138889"
"MINAMBIENTE","2014-11-20","","37.13888888"
"MINAMBIENTE","2014-11-19","","27.81249999"
"MINAMBIENTE","2014-11-18","","25.54545454"
"MINAMBIENTE","2014-11-17","","6.93181819"
"MINAMBIENTE","2014-11-16","","12.84027777"
"MINAMBIENTE","2014-11-15","","28.83333333"
"MINAMBIENTE","2014-11-14","","21.83333333"
"MINAMBIENTE","2014-11-13","","17.46527778"
"MINAMBIENTE","2014-11-12","","19.87878788"
"MINAMBIENTE","2014-11-11","","23.77083334"
"MINAMBIENTE","2014-11-10","","30.94444445"
"MINAMBIENTE","2014-11-09","","21.87500001"
"MINAMBIENTE","2014-11-08","","23.60416667"
"MINAMBIENTE","2014-11-07","","21.20833335"
"MINAMBIENTE","2014-11-06","","56.95833333"
"MINAMBIENTE","2014-11-05","","31.34722222"
"MINAMBIENTE","2014-11-04","","21.94444444"
"MINAMBIENTE","2014-11-03","","4.8030303"
"MINAMBIENTE","2014-11-02","","7.75833334"
"MINAMBIENTE","2014-11-01","","24.09027778"
"MINAMBIENTE","2014-10-31","","19.38194445"
"MINAMBIENTE","2014-10-30","","25.84722222"
"MINAMBIENTE","2014-10-29","","22.31944444"
"MINAMBIENTE","2014-10-28","","19.50694444"
"MINAMBIENTE","2014-10-27","","19.83333333"
"MINAMBIENTE","2014-10-26","","17.25694444"
"MINAMBIENTE","2014-10-25","","29.375"
"MINAMBIENTE","2014-10-24","","35.72916666"
"MINAMBIENTE","2014-10-23","","18.96212121"
"MINAMBIENTE","2014-10-22","","12.10144927"
"MINAMBIENTE","2014-10-21","","10.68181819"
"MINAMBIENTE","2014-10-20","","15.25"
"MINAMBIENTE","2014-10-19","","18.24305555"
"MINAMBIENTE","2014-10-18","","20.52083333"
"MINAMBIENTE","2014-10-17","","16.99305556"
"MINAMBIENTE","2014-10-16","","15.9318182"
"MINAMBIENTE","2014-10-15","","8.6439394"
"MINAMBIENTE","2014-10-14","","11.26388889"
"MINAMBIENTE","2014-10-13","","7.09027777"
"MINAMBIENTE","2014-10-12","","6.71527778"
"MINAMBIENTE","2014-10-11","","15.99305556"
"MINAMBIENTE","2014-10-10","","31.8409091"
"MINAMBIENTE","2014-10-09","","28.46969696"
"MINAMBIENTE","2014-10-08","","40.47916667"
"MINAMBIENTE","2014-10-07","","17.36111111"
"MINAMBIENTE","2014-10-06","","11.20138889"
"MINAMBIENTE","2014-10-05","","17.4375"
"MINAMBIENTE","2014-10-04","","22.26388889"
"MINAMBIENTE","2014-10-03","","10.96527778"
"MINAMBIENTE","2014-10-02","","9.9375"
"MINAMBIENTE","2014-10-01","","10.49305555"
"MINAMBIENTE","2014-09-30","","12.50694445"
"MINAMBIENTE","2014-09-29","","11.21969698"
"MINAMBIENTE","2014-09-28","","10.0625"
"MINAMBIENTE","2014-09-27","","9.86805555"
"MINAMBIENTE","2014-09-26","","18.72916667"
"MINAMBIENTE","2014-09-25","","15.3888889"
"MINAMBIENTE","2014-09-24","","15.6984127"
"MINAMBIENTE","2014-09-23","","13.28030303"
"MINAMBIENTE","2014-09-22","","16.60416666"
"MINAMBIENTE","2014-09-21","","14.79166666"
"MINAMBIENTE","2014-09-20","","14.98484849"
"MINAMBIENTE","2014-09-19","","26.9469697"
"MINAMBIENTE","2014-09-18","","23.89583333"
"MINAMBIENTE","2014-09-17","","24.12878788"
"MINAMBIENTE","2014-09-16","","12.1875"
"MINAMBIENTE","2014-09-15","","8.86111111"
"MINAMBIENTE","2014-09-14","","5.82638889"
"MINAMBIENTE","2014-09-13","","8.5"
"MINAMBIENTE","2014-09-12","","14.30555555"
"MINAMBIENTE","2014-09-11","","10.99305555"
"MINAMBIENTE","2014-09-10","","17.46212121"
"MINAMBIENTE","2014-09-09","","10.88194444"
"MINAMBIENTE","2014-09-08","","11.34027779"
"MINAMBIENTE","2014-09-07","","7.86111111"
"MINAMBIENTE","2014-09-06","","8.05303031"
"MINAMBIENTE","2014-09-05","","11.87878787"
"MINAMBIENTE","2014-09-04","","10.54166668"
"MINAMBIENTE","2014-09-03","","10.11805556"
"MINAMBIENTE","2014-09-02","","21.125"
"MINAMBIENTE","2014-09-01","","12.36805555"
"MINAMBIENTE","2014-08-31","","8.98611111"
"MINAMBIENTE","2014-08-30","","9.91666666"
"MINAMBIENTE","2014-08-29","","8.77083334"
"MINAMBIENTE","2014-08-28","","21.40151515"
"MINAMBIENTE","2014-08-27","","19.01388889"
"MINAMBIENTE","2014-08-26","","11.5625"
"MINAMBIENTE","2014-08-25","","13.30555556"
"MINAMBIENTE","2014-08-24","","13.61805557"
"MINAMBIENTE","2014-08-23","","15.81250001"
"MINAMBIENTE","2014-08-22","","16.54861112"
"MINAMBIENTE","2014-08-21","","16.47916667"
"MINAMBIENTE","2014-08-20","","15.84722223"
"MINAMBIENTE","2014-08-19","","12.4469697"
"MINAMBIENTE","2014-08-18","","6.44444443"
"MINAMBIENTE","2014-08-17","","6.83333333"
"MINAMBIENTE","2014-08-16","","11.02777779"
"MINAMBIENTE","2014-08-15","","7.9375"
"MINAMBIENTE","2014-08-14","","8.26388889"
"MINAMBIENTE","2014-08-13","","8.50694444"
"MINAMBIENTE","2014-08-12","","10.40972223"
"MINAMBIENTE","2014-08-11","","8.9236111"
"MINAMBIENTE","2014-08-10","","7.89583333"
"MINAMBIENTE","2014-08-09","","12.92361111"
"MINAMBIENTE","2014-08-08","","13.56944445"
"MINAMBIENTE","2014-08-07","","6.48611111"
"MINAMBIENTE","2014-08-06","","11.57638889"
"MINAMBIENTE","2014-08-05","","12.62499999"
"MINAMBIENTE","2014-08-04","","14.09722222"
"MINAMBIENTE","2014-08-03","","9.33333334"
"MINAMBIENTE","2014-08-02","","11.02777778"
"MINAMBIENTE","2014-08-01","","10.84090909"
"MINAMBIENTE","2014-07-31","","7.57971015"
"MINAMBIENTE","2014-07-30","","8.625"
"MINAMBIENTE","2014-07-21","","8.67647059"
"MINAMBIENTE","2014-07-20","","8.11111112"
"MINAMBIENTE","2014-07-19","","8.85416667"
"MINAMBIENTE","2014-07-18","","7.1875"
"MINAMBIENTE","2014-07-17","","10.36111111"
"MINAMBIENTE","2014-07-16","","7.86805555"
"MINAMBIENTE","2014-07-15","","10.38888889"
"MINAMBIENTE","2014-07-14","","10.79861111"
"MINAMBIENTE","2014-07-13","","8.78472223"
"MINAMBIENTE","2014-07-12","","8.49305556"
"MINAMBIENTE","2014-07-11","","9.96212121"
"MINAMBIENTE","2014-07-10","","10.93749999"
"MINAMBIENTE","2014-07-09","","9.73913044"
"MINAMBIENTE","2014-07-08","","11.00757575"
"MINAMBIENTE","2014-07-07","","10.31818182"
"MINAMBIENTE","2014-07-06","","7.15277778"
"MINAMBIENTE","2014-07-05","","8.22916666"
"MINAMBIENTE","2014-07-04","","10.45833333"
"MINAMBIENTE","2014-07-03","","14.86805555"
"MINAMBIENTE","2014-07-02","","11.29861111"
"MINAMBIENTE","2014-07-01","","11.67361112"
"MINAMBIENTE","2014-06-30","","9.85416666"
"MINAMBIENTE","2014-06-29","","6.10416667"
"MINAMBIENTE","2014-06-28","","20.28472223"
"MINAMBIENTE","2014-06-27","","43.78472222"
"MINAMBIENTE","2014-06-26","","22.50694445"
"MINAMBIENTE","2014-06-25","","18.14583334"
"MINAMBIENTE","2014-06-24","","13.75"
"MINAMBIENTE","2014-06-23","","7.54166667"
"MINAMBIENTE","2014-06-22","","9.34027777"
"MINAMBIENTE","2014-06-21","","12.13888889"
"MINAMBIENTE","2014-06-20","","10.9621212"
"MINAMBIENTE","2014-06-19","","11.84722222"
"MINAMBIENTE","2014-06-18","","16.79861113"
"MINAMBIENTE","2014-06-17","","13.58333333"
"MINAMBIENTE","2014-06-16","","6.75694444"
"MINAMBIENTE","2014-06-15","","5.63636364"
"MINAMBIENTE","2014-06-14","","11.06944444"
"MINAMBIENTE","2014-06-13","","12.66666667"
"MINAMBIENTE","2014-06-12","","8.12500001"
"MINAMBIENTE","2014-06-11","","10.5"
"MINAMBIENTE","2014-06-10","","11.67361111"
"MINAMBIENTE","2014-06-09","","10.66666668"
"MINAMBIENTE","2014-06-08","","9.45138889"
"MINAMBIENTE","2014-06-07","","12.65972223"
"MINAMBIENTE","2014-06-06","","13.42361111"
"MINAMBIENTE","2014-06-05","","12.06944445"
"MINAMBIENTE","2014-06-04","","18.15972222"
"MINAMBIENTE","2014-06-03","","16.18750001"
"MINAMBIENTE","2014-06-02","","7.95138889"
"MINAMBIENTE","2014-06-01","","8.23611111"
"MINAMBIENTE","2014-05-31","","9.19444445"
"MINAMBIENTE","2014-05-30","","13.4469697"
"MINAMBIENTE","2014-05-29","","15.23333334"
"MINAMBIENTE","2014-05-28","","8.20370369"
"MINAMBIENTE","2014-05-27","","13.76851852"
"MINAMBIENTE","2014-05-26","","9.95833334"
"MINAMBIENTE","2014-05-25","","7.0"
"MINAMBIENTE","2014-05-24","","10.57017544"
"MINAMBIENTE","2014-05-23","","15.29365079"
"MINAMBIENTE","2014-05-22","","13.86111111"
"MINAMBIENTE","2014-05-21","","24.36190477"
"MINAMBIENTE","2014-05-20","","6.86111112"
"MINAMBIENTE","2014-05-19","","6.89583333"
"MINAMBIENTE","2014-05-18","","8.31818183"
"MINAMBIENTE","2014-05-17","","22.41666668"
"MINAMBIENTE","2014-05-16","","12.68055556"
"MINAMBIENTE","2014-05-15","","12.03787879"
"MINAMBIENTE","2014-05-14","","6.33333334"
"MINAMBIENTE","2014-05-13","","13.1439394"
"MINAMBIENTE","2014-05-12","","21.89583333"
"MINAMBIENTE","2014-05-11","","13.63888889"
"MINAMBIENTE","2014-05-10","","18.47222221"
"MINAMBIENTE","2014-05-09","","17.26984127"
"MINAMBIENTE","2014-05-08","","33.18888888"
"MINAMBIENTE","2014-05-07","","24.40151515"
"MINAMBIENTE","2014-05-06","","20.6884058"
"MINAMBIENTE","2014-05-05","","15.34722223"
"MINAMBIENTE","2014-05-04","","12.40972222"
"MINAMBIENTE","2014-05-03","","17.48484849"
"MINAMBIENTE","2014-05-02","","11.16666666"
"MINAMBIENTE","2014-05-01","","10.70833333"
"MINAMBIENTE","2014-04-30","","11.36805555"
"MINAMBIENTE","2014-04-29","","8.4375"
"MINAMBIENTE","2014-04-28","","11.65277777"
"MINAMBIENTE","2014-04-27","","10.05555556"
"MINAMBIENTE","2014-04-26","","9.47916667"
"MINAMBIENTE","2014-04-25","","12.02777778"
"MINAMBIENTE","2014-04-24","","15.08333333"
"MINAMBIENTE","2014-04-23","","20.17361112"
"MINAMBIENTE","2014-04-22","","20.28472222"
"MINAMBIENTE","2014-04-21","","9.83333332"
"MINAMBIENTE","2014-04-20","","4.6862745"
"MINAMBIENTE","2014-04-19","","10.89583333"
"MINAMBIENTE","2014-04-18","","7.30555556"
"MINAMBIENTE","2014-04-17","","7.5"
"MINAMBIENTE","2014-04-16","","24.60416667"
"MINAMBIENTE","2014-04-15","","19.44444444"
"MINAMBIENTE","2014-04-14","","19.77083333"
"MINAMBIENTE","2014-04-13","","13.36805556"
"MINAMBIENTE","2014-04-12","","15.20138889"
"MINAMBIENTE","2014-04-11","","16.29861112"
"MINAMBIENTE","2014-04-10","","15.08333334"
"MINAMBIENTE","2014-04-09","","12.26388889"
"MINAMBIENTE","2014-04-08","","10.43055555"
"MINAMBIENTE","2014-04-07","","8.90277778"
"MINAMBIENTE","2014-04-06","","5.01515151"
"MINAMBIENTE","2014-04-05","","10.59027778"
"MINAMBIENTE","2014-04-04","","20.90277778"
"MINAMBIENTE","2014-04-03","","25.84027777"
"MINAMBIENTE","2014-04-02","","19.06349207"
"MINAMBIENTE","2014-04-01","","26.375"
"MINAMBIENTE","2014-03-31","","36.10416668"
"MINAMBIENTE","2014-03-30","","37.95138888"
"MINAMBIENTE","2014-03-29","","35.31249999"
"MINAMBIENTE","2014-03-28","","23.50694444"
"MINAMBIENTE","2014-03-27","","19.27777778"
"MINAMBIENTE","2014-03-26","","21.6153846"
