"Estacion","Fecha inicial","Fecha final","PM10"
"PANCE","2021-07-27","","20.26086957"
"PANCE","2021-07-26","","27.58333333"
"PANCE","2021-07-25","","17.54166667"
"PANCE","2021-07-24","","39.83333333"
"PANCE","2021-07-23","","39.04166667"
"PANCE","2021-07-22","","47.66666667"
"PANCE","2021-07-21","","49.08333333"
"PANCE","2021-07-20","","34.79166667"
"PANCE","2021-07-19","","41.21052632"
"PANCE","2021-07-18","","39.33333333"
"PANCE","2021-07-17","","34.58333333"
"PANCE","2021-07-16","","42.45833333"
"PANCE","2021-07-15","","38.91666667"
"PANCE","2021-07-14","","43.76190476"
"PANCE","2021-07-13","","29.125"
"PANCE","2021-07-12","","29.45833333"
"PANCE","2021-07-11","","31.41666667"
"PANCE","2021-07-10","","28.125"
"PANCE","2021-07-09","","42.41666667"
"PANCE","2021-07-08","","59.45833333"
"PANCE","2021-07-07","","48.79166667"
"PANCE","2021-07-06","","45.33333333"
"PANCE","2021-07-05","","50.70833333"
"PANCE","2021-07-04","","43.91666667"
"PANCE","2021-07-03","","41.45833333"
"PANCE","2021-07-02","","33.54166667"
"PANCE","2021-07-01","","24.25"
"PANCE","2021-06-30","","33.33333333"
"PANCE","2021-06-29","","30.95833333"
"PANCE","2021-06-28","","42.41666667"
"PANCE","2021-06-27","","25.70833333"
"PANCE","2021-06-26","","30.625"
"PANCE","2021-06-25","","25.91666667"
"PANCE","2021-06-24","","28.71428571"
"PANCE","2021-06-23","","33.08333333"
"PANCE","2021-06-22","","40.16666667"
"PANCE","2021-06-21","","37.16666667"
"PANCE","2021-06-20","","22.33333333"
"PANCE","2021-06-19","","37.66666667"
"PANCE","2021-06-18","","44.29166667"
"PANCE","2021-06-17","","33.91666667"
"PANCE","2021-06-16","","26.70833333"
"PANCE","2021-06-15","","13.58333333"
"PANCE","2021-06-14","","28.45833333"
"PANCE","2021-06-13","","18.625"
"PANCE","2021-06-12","","31.8"
"PANCE","2021-06-08","","18.0"
"PANCE","2021-06-07","","17.91666667"
"PANCE","2021-06-06","","31.16666667"
"PANCE","2021-06-05","","29.625"
"PANCE","2021-06-04","","15.75"
"PANCE","2021-06-03","","21.04166667"
"PANCE","2021-06-02","","31.125"
"PANCE","2021-06-01","","23.875"
"PANCE","2021-05-31","","20.33333333"
"PANCE","2021-05-30","","18.83333333"
"PANCE","2021-05-29","","17.75"
"PANCE","2021-05-28","","19.45833333"
"PANCE","2021-05-27","","21.20833333"
"PANCE","2021-05-26","","19.20833333"
"PANCE","2021-05-25","","26.33333333"
"PANCE","2021-05-24","","21.16666667"
"PANCE","2021-05-23","","17.125"
"PANCE","2021-05-22","","20.95833333"
"PANCE","2021-05-21","","24.75"
"PANCE","2021-05-20","","21.875"
"PANCE","2021-05-19","","21.125"
"PANCE","2021-05-18","","11.875"
"PANCE","2021-05-17","","11.16666667"
"PANCE","2021-05-16","","9.45833333"
"PANCE","2021-05-15","","19.625"
"PANCE","2021-05-14","","16.0"
"PANCE","2021-05-13","","20.83333333"
"PANCE","2021-05-12","","17.25"
"PANCE","2021-05-11","","18.54166667"
"PANCE","2021-05-10","","16.75"
"PANCE","2021-05-09","","14.25"
"PANCE","2021-05-08","","10.91666667"
"PANCE","2021-05-07","","18.95833333"
"PANCE","2021-05-06","","20.375"
"PANCE","2021-05-05","","19.375"
"PANCE","2021-05-04","","18.54166667"
"PANCE","2021-05-03","","10.75"
"PANCE","2021-05-02","","9.75"
"PANCE","2021-05-01","","13.95833333"
"PANCE","2021-04-30","","15.33333333"
"PANCE","2021-04-29","","14.125"
"PANCE","2021-04-28","","13.83333333"
"PANCE","2021-04-27","","24.125"
"PANCE","2021-04-26","","23.30434783"
"PANCE","2021-04-25","","26.375"
"PANCE","2021-04-24","","24.91666667"
"PANCE","2021-04-23","","23.91304348"
"PANCE","2021-04-22","","34.41666667"
"PANCE","2021-04-21","","21.375"
"PANCE","2021-04-20","","20.60869565"
"PANCE","2021-04-19","","13.41666667"
"PANCE","2021-04-18","","24.29411765"
"PANCE","2021-04-17","","30.25"
"PANCE","2021-04-16","","15.18181818"
"PANCE","2021-04-06","","13.0"
"PANCE","2021-04-05","","24.4"
"PANCE","2021-04-04","","16.125"
"PANCE","2021-04-03","","21.75"
"PANCE","2021-04-02","","29.33333333"
"PANCE","2021-04-01","","22.6"
"PANCE","2021-03-31","","38.33333333"
"PANCE","2021-03-30","","40.04166667"
"PANCE","2021-03-29","","28.95833333"
"PANCE","2021-03-28","","26.66666667"
"PANCE","2021-03-27","","31.23809524"
"PANCE","2021-03-26","","23.08695652"
"PANCE","2021-03-25","","32.91666667"
"PANCE","2021-03-24","","21.625"
"PANCE","2021-03-23","","20.91666667"
"PANCE","2021-03-22","","15.70833333"
"PANCE","2021-03-21","","26.33333333"
"PANCE","2021-03-20","","22.54166667"
"PANCE","2021-03-19","","22.625"
"PANCE","2021-03-18","","11.83333333"
"PANCE","2021-03-17","","28.04166667"
"PANCE","2021-03-16","","32.70833333"
"PANCE","2021-03-15","","21.25"
"PANCE","2021-03-14","","29.45833333"
"PANCE","2021-03-13","","24.83333333"
"PANCE","2021-03-12","","22.23076923"
"PANCE","2021-03-11","","15.35294118"
"PANCE","2021-03-10","","24.79166667"
"PANCE","2021-03-09","","27.08333333"
"PANCE","2021-03-08","","23.29166667"
"PANCE","2021-03-07","","41.29166667"
"PANCE","2021-03-06","","35.16666667"
"PANCE","2021-03-05","","24.5"
"PANCE","2021-03-04","","16.54166667"
"PANCE","2021-03-03","","16.125"
"PANCE","2021-03-02","","18.16666667"
"PANCE","2021-03-01","","18.95833333"
"PANCE","2021-02-28","","19.54166667"
"PANCE","2021-02-27","","21.66666667"
"PANCE","2021-02-26","","27.04166667"
"PANCE","2021-02-25","","50.75"
"PANCE","2021-02-24","","51.16666667"
"PANCE","2021-02-23","","23.375"
"PANCE","2021-02-22","","20.13043478"
"PANCE","2021-02-21","","21.625"
"PANCE","2021-02-20","","35.83333333"
"PANCE","2021-02-19","","17.83333333"
"PANCE","2021-02-18","","18.125"
"PANCE","2021-02-17","","31.95833333"
"PANCE","2021-02-16","","34.04166667"
"PANCE","2021-02-15","","19.95833333"
"PANCE","2021-02-14","","23.91666667"
"PANCE","2021-02-13","","21.70833333"
"PANCE","2021-02-12","","20.54166667"
"PANCE","2021-02-11","","24.33333333"
"PANCE","2021-02-10","","12.0"
"PANCE","2021-02-09","","29.20833333"
"PANCE","2021-02-08","","37.625"
"PANCE","2021-02-07","","38.08333333"
"PANCE","2021-02-06","","42.125"
"PANCE","2021-02-05","","36.625"
"PANCE","2021-02-04","","34.875"
"PANCE","2021-02-03","","39.91666667"
"PANCE","2021-02-02","","28.95833333"
"PANCE","2021-02-01","","42.04166667"
"PANCE","2021-01-31","","49.20833333"
"PANCE","2021-01-30","","50.29166667"
"PANCE","2021-01-29","","37.70833333"
"PANCE","2021-01-28","","49.20833333"
"PANCE","2021-01-27","","41.54166667"
"PANCE","2021-01-26","","36.5"
"PANCE","2021-01-25","","40.04166667"
"PANCE","2021-01-24","","32.08333333"
"PANCE","2021-01-23","","25.33333333"
"PANCE","2021-01-22","","28.29166667"
"PANCE","2021-01-21","","33.70833333"
"PANCE","2021-01-20","","46.20833333"
"PANCE","2021-01-19","","42.04166667"
"PANCE","2021-01-18","","43.29166667"
"PANCE","2021-01-17","","31.41666667"
"PANCE","2021-01-16","","30.04166667"
"PANCE","2021-01-15","","36.33333333"
"PANCE","2021-01-14","","42.75"
"PANCE","2021-01-13","","33.66666667"
"PANCE","2021-01-12","","27.41666667"
"PANCE","2021-01-11","","19.79166667"
"PANCE","2021-01-10","","24.66666667"
"PANCE","2021-01-09","","21.79166667"
"PANCE","2021-01-08","","25.375"
"PANCE","2021-01-07","","23.95833333"
"PANCE","2021-01-06","","19.95833333"
"PANCE","2021-01-05","","16.04166667"
"PANCE","2021-01-04","","18.125"
"PANCE","2021-01-03","","16.75"
"PANCE","2021-01-02","","17.04166667"
"PANCE","2021-01-01","","16.625"
"PANCE","2020-12-31","","28.5"
"PANCE","2020-12-30","","24.625"
"PANCE","2020-12-29","","32.66666667"
"PANCE","2020-12-28","","20.45833333"
"PANCE","2020-12-27","","16.625"
"PANCE","2020-12-26","","8.33333333"
"PANCE","2020-12-25","","17.08333333"
"PANCE","2020-12-24","","27.08333333"
"PANCE","2020-12-23","","32.30434783"
"PANCE","2020-12-22","","37.20833333"
"PANCE","2020-12-21","","24.95833333"
"PANCE","2020-12-20","","18.625"
"PANCE","2020-12-19","","25.95833333"
"PANCE","2020-12-18","","30.95833333"
"PANCE","2020-12-17","","38.125"
"PANCE","2020-12-16","","38.95833333"
"PANCE","2020-12-15","","31.625"
"PANCE","2020-12-14","","31.70833333"
"PANCE","2020-12-13","","28.375"
"PANCE","2020-12-12","","38.16666667"
"PANCE","2020-12-11","","32.08333333"
"PANCE","2020-12-10","","26.45833333"
"PANCE","2020-12-09","","23.33333333"
"PANCE","2020-12-08","","35.0"
"PANCE","2020-12-07","","46.375"
"PANCE","2020-12-06","","38.08695652"
"PANCE","2020-12-05","","37.33333333"
"PANCE","2020-12-04","","30.71428571"
"PANCE","2020-12-03","","23.83333333"
"PANCE","2020-12-02","","21.0"
"PANCE","2020-12-01","","30.83333333"
"PANCE","2020-11-30","","16.625"
"PANCE","2020-11-29","","34.25"
"PANCE","2020-11-28","","34.375"
"PANCE","2020-11-27","","16.45454545"
"PANCE","2020-11-26","","28.95833333"
"PANCE","2020-11-25","","30.79166667"
"PANCE","2020-11-24","","30.54166667"
"PANCE","2020-11-23","","29.41666667"
"PANCE","2020-11-22","","25.79166667"
"PANCE","2020-11-21","","17.375"
"PANCE","2020-11-20","","19.91666667"
"PANCE","2020-11-19","","24.125"
"PANCE","2020-11-18","","26.41666667"
"PANCE","2020-11-17","","27.16666667"
"PANCE","2020-11-16","","22.875"
"PANCE","2020-11-15","","22.04166667"
"PANCE","2020-11-14","","16.375"
"PANCE","2020-11-13","","37.95833333"
"PANCE","2020-11-12","","31.375"
"PANCE","2020-11-11","","22.66666667"
"PANCE","2020-11-10","","28.20833333"
"PANCE","2020-11-09","","21.41666667"
"PANCE","2020-11-08","","35.375"
"PANCE","2020-11-07","","42.25"
"PANCE","2020-11-06","","35.27272727"
"PANCE","2020-11-05","","31.91666667"
"PANCE","2020-11-04","","34.58333333"
"PANCE","2020-11-03","","33.08333333"
"PANCE","2020-11-02","","25.75"
"PANCE","2020-11-01","","13.0"
"PANCE","2020-10-31","","23.19047619"
"PANCE","2020-10-30","","22.79166667"
"PANCE","2020-10-29","","28.875"
"PANCE","2020-10-28","","28.0"
"PANCE","2020-10-27","","44.875"
"PANCE","2020-10-26","","38.45833333"
"PANCE","2020-10-25","","30.91666667"
"PANCE","2020-10-24","","26.83333333"
"PANCE","2020-10-23","","36.04166667"
"PANCE","2020-10-22","","42.875"
"PANCE","2020-10-21","","19.33333333"
"PANCE","2020-10-20","","30.04166667"
"PANCE","2020-10-19","","17.875"
"PANCE","2020-10-18","","33.08333333"
"PANCE","2020-10-17","","48.125"
"PANCE","2020-10-16","","48.625"
"PANCE","2020-10-15","","51.52173913"
"PANCE","2020-10-14","","36.80952381"
"PANCE","2020-10-13","","33.66666667"
"PANCE","2020-10-12","","29.0"
"PANCE","2020-10-11","","35.45833333"
"PANCE","2020-10-10","","52.53333333"
"PANCE","2020-10-08","","35.42857143"
"PANCE","2020-10-07","","44.54166667"
"PANCE","2020-10-06","","42.625"
"PANCE","2020-10-05","","24.20833333"
"PANCE","2020-10-04","","16.45833333"
"PANCE","2020-10-03","","24.04166667"
"PANCE","2020-10-02","","43.95833333"
"PANCE","2020-10-01","","43.16666667"
"PANCE","2020-09-30","","39.82608696"
"PANCE","2020-09-29","","36.79166667"
"PANCE","2020-09-28","","39.33333333"
"PANCE","2020-09-27","","39.45833333"
"PANCE","2020-09-26","","46.33333333"
"PANCE","2020-09-25","","43.08333333"
"PANCE","2020-09-24","","49.125"
"PANCE","2020-09-23","","49.29166667"
"PANCE","2020-09-22","","35.33333333"
"PANCE","2020-09-21","","38.08333333"
"PANCE","2020-09-20","","33.91666667"
"PANCE","2020-09-19","","42.66666667"
"PANCE","2020-09-18","","25.54166667"
"PANCE","2020-09-17","","25.75"
"PANCE","2020-09-16","","40.16666667"
"PANCE","2020-09-15","","47.0"
"PANCE","2020-09-14","","42.04166667"
"PANCE","2020-09-13","","46.125"
"PANCE","2020-09-12","","37.58333333"
"PANCE","2020-09-11","","39.22727273"
"PANCE","2020-09-10","","42.39130435"
"PANCE","2020-09-09","","27.08333333"
"PANCE","2020-09-08","","21.79166667"
"PANCE","2020-09-07","","33.33333333"
"PANCE","2020-09-06","","30.16666667"
"PANCE","2020-09-05","","39.75"
"PANCE","2020-09-04","","38.79166667"
"PANCE","2020-09-03","","38.16666667"
"PANCE","2020-09-02","","27.375"
"PANCE","2020-09-01","","26.5"
"PANCE","2020-08-31","","34.7826087"
"PANCE","2020-08-30","","24.58333333"
"PANCE","2020-08-29","","17.66666667"
"PANCE","2020-08-28","","36.58333333"
"PANCE","2020-08-27","","46.375"
"PANCE","2020-08-26","","37.04166667"
"PANCE","2020-08-25","","19.52173913"
"PANCE","2020-08-24","","36.70833333"
"PANCE","2020-08-23","","31.58333333"
"PANCE","2020-08-22","","27.91666667"
"PANCE","2020-08-21","","27.75"
"PANCE","2020-08-20","","23.91666667"
"PANCE","2020-08-19","","19.29166667"
"PANCE","2020-08-18","","27.66666667"
"PANCE","2020-08-17","","30.79166667"
"PANCE","2020-08-16","","39.58333333"
"PANCE","2020-08-15","","39.375"
"PANCE","2020-08-14","","42.5"
"PANCE","2020-08-13","","47.16666667"
"PANCE","2020-08-12","","42.95833333"
"PANCE","2020-08-11","","55.5"
"PANCE","2020-08-10","","47.5"
"PANCE","2020-08-09","","35.41666667"
"PANCE","2020-08-08","","55.125"
"PANCE","2020-08-07","","70.11111111"
"PANCE","2020-08-06","","56.46153846"
"PANCE","2020-08-05","","48.20833333"
"PANCE","2020-08-04","","55.125"
"PANCE","2020-08-03","","42.16666667"
"PANCE","2020-08-02","","29.125"
"PANCE","2020-08-01","","27.95833333"
"PANCE","2020-07-31","","30.2173913"
"PANCE","2020-07-30","","40.58333333"
"PANCE","2020-07-29","","35.08333333"
"PANCE","2020-07-28","","39.66666667"
"PANCE","2020-07-27","","39.625"
"PANCE","2020-07-26","","33.95833333"
"PANCE","2020-07-25","","20.58333333"
"PANCE","2020-07-24","","21.0"
"PANCE","2020-07-23","","24.25"
"PANCE","2020-07-22","","22.61538462"
"PANCE","2020-06-19","","25.875"
"PANCE","2020-06-18","","35.75"
"PANCE","2020-06-17","","31.54166667"
"PANCE","2020-06-16","","34.125"
"PANCE","2020-06-15","","44.5"
"PANCE","2020-06-14","","38.625"
"PANCE","2020-06-13","","47.125"
"PANCE","2020-06-12","","31.375"
"PANCE","2020-06-11","","22.04166667"
"PANCE","2020-06-10","","29.91666667"
"PANCE","2020-06-09","","37.41666667"
"PANCE","2020-06-08","","42.16666667"
"PANCE","2020-06-07","","41.04166667"
"PANCE","2020-06-06","","39.79166667"
"PANCE","2020-06-05","","37.04166667"
"PANCE","2020-06-04","","35.25"
"PANCE","2020-06-03","","14.125"
"PANCE","2020-06-02","","29.79166667"
"PANCE","2020-06-01","","24.875"
"PANCE","2020-05-31","","21.26086957"
"PANCE","2020-05-30","","16.5"
"PANCE","2020-05-29","","12.41666667"
"PANCE","2020-05-28","","28.20833333"
"PANCE","2020-05-27","","36.66666667"
"PANCE","2020-05-26","","31.66666667"
"PANCE","2020-05-25","","31.54166667"
"PANCE","2020-05-24","","31.33333333"
"PANCE","2020-05-23","","30.66666667"
"PANCE","2020-05-22","","34.5"
"PANCE","2020-05-21","","33.125"
"PANCE","2020-05-20","","27.0"
"PANCE","2020-05-19","","22.25"
"PANCE","2020-05-18","","27.70833333"
"PANCE","2020-05-17","","27.66666667"
"PANCE","2020-05-16","","39.66666667"
"PANCE","2020-05-15","","38.33333333"
"PANCE","2020-05-14","","33.79166667"
"PANCE","2020-05-13","","31.33333333"
"PANCE","2020-05-12","","23.41666667"
"PANCE","2020-05-11","","20.25"
"PANCE","2020-05-10","","35.75"
"PANCE","2020-05-09","","44.20833333"
"PANCE","2020-05-08","","49.45833333"
"PANCE","2020-05-07","","55.91666667"
"PANCE","2020-05-06","","37.79166667"
"PANCE","2020-05-05","","33.54166667"
"PANCE","2020-05-04","","31.04166667"
"PANCE","2020-05-03","","27.375"
"PANCE","2020-05-02","","30.04166667"
"PANCE","2020-05-01","","24.20833333"
"PANCE","2020-04-30","","26.45454545"
"PANCE","2020-04-29","","23.75"
"PANCE","2020-04-28","","15.79166667"
"PANCE","2020-04-27","","22.41666667"
"PANCE","2020-04-26","","19.5"
"PANCE","2020-04-25","","22.20833333"
"PANCE","2020-04-24","","21.95833333"
"PANCE","2020-04-23","","24.83333333"
"PANCE","2020-04-22","","26.83333333"
"PANCE","2020-04-21","","25.33333333"
"PANCE","2020-04-20","","26.86666667"
"PANCE","2020-04-13","","14.91666667"
"PANCE","2020-04-12","","14.75"
"PANCE","2020-04-11","","15.95833333"
"PANCE","2020-04-10","","21.41666667"
"PANCE","2020-04-09","","21.5"
"PANCE","2020-04-08","","26.75"
"PANCE","2020-04-07","","26.625"
"PANCE","2020-04-06","","25.83333333"
"PANCE","2020-04-05","","25.0"
"PANCE","2020-04-04","","26.5"
"PANCE","2020-04-03","","23.16666667"
"PANCE","2020-04-02","","17.06666667"
"PANCE","2020-03-27","","28.9"
"PANCE","2020-03-26","","22.66666667"
"PANCE","2020-03-25","","41.5"
"PANCE","2020-03-24","","25.91666667"
"PANCE","2020-03-23","","30.08333333"
"PANCE","2020-03-22","","24.375"
"PANCE","2020-03-21","","25.5"
"PANCE","2020-03-20","","31.33333333"
"PANCE","2020-03-19","","46.29166667"
"PANCE","2020-03-18","","38.58333333"
"PANCE","2020-03-17","","35.875"
"PANCE","2020-03-16","","38.70833333"
"PANCE","2020-03-15","","26.125"
"PANCE","2020-03-14","","17.04166667"
"PANCE","2020-03-13","","21.52380952"
"PANCE","2020-03-12","","25.625"
"PANCE","2020-03-11","","35.08333333"
"PANCE","2020-03-10","","25.85"
"PANCE","2020-03-09","","59.79166667"
"PANCE","2020-03-08","","38.08333333"
"PANCE","2020-03-07","","33.79166667"
"PANCE","2020-03-06","","44.5"
"PANCE","2020-03-05","","54.29166667"
"PANCE","2020-03-04","","58.66666667"
"PANCE","2020-03-03","","37.79166667"
"PANCE","2020-03-02","","37.5"
"PANCE","2020-03-01","","33.83333333"
"PANCE","2020-02-29","","40.56521739"
"PANCE","2020-02-28","","29.5"
"PANCE","2020-02-27","","33.45833333"
"PANCE","2020-02-26","","12.58333333"
"PANCE","2020-02-25","","24.91666667"
"PANCE","2020-02-24","","22.29166667"
"PANCE","2020-02-23","","28.04166667"
"PANCE","2020-02-22","","32.5"
"PANCE","2020-02-21","","21.70833333"
"PANCE","2020-02-20","","43.29166667"
"PANCE","2020-02-19","","56.20833333"
"PANCE","2020-02-18","","59.375"
"PANCE","2020-02-17","","47.79166667"
"PANCE","2020-02-16","","43.0"
"PANCE","2020-02-15","","49.86666667"
"PANCE","2020-02-14","","52.13333333"
"PANCE","2020-02-13","","50.45"
"PANCE","2020-02-12","","49.625"
"PANCE","2020-02-11","","50.79166667"
"PANCE","2020-02-10","","41.33333333"
"PANCE","2020-02-09","","33.375"
"PANCE","2020-02-08","","41.91666667"
"PANCE","2020-02-07","","50.29166667"
"PANCE","2020-02-06","","40.79166667"
"PANCE","2020-02-05","","42.91666667"
"PANCE","2020-02-04","","34.08333333"
"PANCE","2020-02-03","","42.04166667"
"PANCE","2020-02-02","","28.75"
"PANCE","2020-02-01","","53.70833333"
"PANCE","2020-01-31","","45.04347826"
"PANCE","2020-01-30","","35.0"
"PANCE","2020-01-29","","27.42857143"
"PANCE","2020-01-28","","16.58823529"
"PANCE","2020-01-27","","16.11111111"
"PANCE","2020-01-25","","48.25"
"PANCE","2020-01-24","","45.41666667"
"PANCE","2020-01-23","","36.29166667"
"PANCE","2020-01-22","","26.70833333"
"PANCE","2020-01-21","","18.33333333"
"PANCE","2020-01-20","","41.45833333"
"PANCE","2020-01-19","","48.0"
"PANCE","2020-01-18","","50.79166667"
"PANCE","2020-01-17","","51.04166667"
"PANCE","2020-01-16","","48.0"
"PANCE","2020-01-15","","50.54166667"
"PANCE","2020-01-14","","57.375"
"PANCE","2020-01-13","","48.70833333"
"PANCE","2020-01-12","","42.25"
"PANCE","2020-01-11","","44.08333333"
"PANCE","2020-01-10","","59.58333333"
"PANCE","2020-01-09","","56.375"
"PANCE","2020-01-08","","47.0"
"PANCE","2020-01-07","","31.5"
"PANCE","2020-01-06","","21.66666667"
"PANCE","2020-01-05","","21.625"
"PANCE","2020-01-04","","27.5"
"PANCE","2020-01-03","","20.54166667"
"PANCE","2020-01-02","","14.125"
"PANCE","2020-01-01","","12.71428571"
"PANCE","2019-12-31","","8.56521739"
"PANCE","2019-12-30","","19.91666667"
"PANCE","2019-12-29","","27.91666667"
"PANCE","2019-12-28","","40.75"
"PANCE","2019-12-27","","35.08333333"
"PANCE","2019-12-26","","30.91666667"
"PANCE","2019-12-25","","26.83333333"
"PANCE","2019-12-24","","36.54166667"
"PANCE","2019-12-23","","23.95"
"PANCE","2019-12-22","","50.54166667"
"PANCE","2019-12-21","","40.79166667"
"PANCE","2019-12-20","","44.45833333"
"PANCE","2019-12-19","","34.5"
"PANCE","2019-12-18","","30.13043478"
"PANCE","2019-12-17","","32.42857143"
"PANCE","2019-12-16","","33.66666667"
"PANCE","2019-12-15","","26.125"
"PANCE","2019-12-14","","18.41666667"
"PANCE","2019-12-13","","14.95833333"
"PANCE","2019-12-12","","21.54166667"
"PANCE","2019-12-11","","28.41666667"
"PANCE","2019-12-10","","40.20833333"
"PANCE","2019-12-09","","39.20833333"
"PANCE","2019-12-08","","27.04166667"
"PANCE","2019-12-07","","16.25"
"PANCE","2019-12-06","","15.58333333"
"PANCE","2019-12-05","","24.47826087"
"PANCE","2019-12-04","","22.54166667"
"PANCE","2019-12-03","","33.125"
"PANCE","2019-12-02","","30.20833333"
"PANCE","2019-12-01","","38.70833333"
"PANCE","2019-11-30","","36.83333333"
"PANCE","2019-11-29","","33.54166667"
"PANCE","2019-11-28","","40.08333333"
"PANCE","2019-11-27","","56.0"
"PANCE","2019-11-26","","59.08333333"
"PANCE","2019-11-25","","42.16666667"
"PANCE","2019-11-24","","30.875"
"PANCE","2019-11-23","","26.45833333"
"PANCE","2019-11-22","","14.83333333"
"PANCE","2019-11-21","","24.95833333"
"PANCE","2019-11-20","","28.20833333"
"PANCE","2019-11-19","","35.125"
"PANCE","2019-11-18","","19.83333333"
"PANCE","2019-11-17","","20.83333333"
"PANCE","2019-11-16","","20.29166667"
"PANCE","2019-11-15","","13.375"
"PANCE","2019-11-12","","11.125"
"PANCE","2019-11-11","","27.83333333"
"PANCE","2019-11-10","","19.33333333"
"PANCE","2019-11-09","","19.95833333"
"PANCE","2019-11-08","","36.95833333"
"PANCE","2019-11-07","","29.66666667"
"PANCE","2019-11-06","","29.25"
"PANCE","2019-11-05","","22.0"
"PANCE","2019-11-04","","16.22222222"
"PANCE","2019-11-03","","29.70833333"
"PANCE","2019-11-02","","26.95833333"
"PANCE","2019-11-01","","14.52941176"
"PANCE","2019-10-31","","24.0"
"PANCE","2019-10-30","","19.63157895"
"PANCE","2019-10-29","","13.2"
"PANCE","2019-10-28","","19.2"
"PANCE","2019-10-27","","31.0"
"PANCE","2019-10-26","","21.66666667"
"PANCE","2019-10-25","","20.83333333"
"PANCE","2019-10-24","","17.0"
"PANCE","2019-10-23","","9.81818182"
"PANCE","2019-10-22","","8.71428571"
"PANCE","2019-10-21","","10.78571429"
"PANCE","2019-10-18","","9.13333333"
"PANCE","2019-10-17","","21.875"
"PANCE","2019-10-16","","24.22222222"
"PANCE","2019-10-15","","23.16666667"
"PANCE","2019-10-14","","27.375"
"PANCE","2019-10-13","","15.41666667"
"PANCE","2019-10-12","","31.0"
"PANCE","2019-10-11","","39.45833333"
"PANCE","2019-10-10","","39.66666667"
"PANCE","2019-10-09","","33.0"
"PANCE","2019-10-08","","51.33333333"
"PANCE","2019-09-30","","12.9"
"PANCE","2019-09-29","","29.25"
"PANCE","2019-09-28","","24.5"
"PANCE","2019-09-27","","32.45833333"
"PANCE","2019-09-26","","16.66666667"
"PANCE","2019-09-25","","26.20833333"
"PANCE","2019-09-24","","35.86956522"
"PANCE","2019-09-23","","28.83333333"
"PANCE","2019-09-22","","27.25"
"PANCE","2019-09-21","","30.66666667"
"PANCE","2019-09-20","","16.5"
"PANCE","2019-09-19","","16.08333333"
"PANCE","2019-09-18","","11.31818182"
"PANCE","2019-09-17","","34.25"
"PANCE","2019-09-16","","33.58333333"
"PANCE","2019-09-15","","29.66666667"
"PANCE","2019-09-14","","41.0"
"PANCE","2019-09-13","","29.375"
"PANCE","2019-09-12","","26.08333333"
"PANCE","2019-09-11","","53.0"
"PANCE","2019-09-10","","50.375"
"PANCE","2019-09-09","","64.60869565"
"PANCE","2019-09-08","","55.66666667"
"PANCE","2019-09-07","","57.16666667"
"PANCE","2019-09-06","","62.41666667"
"PANCE","2019-09-05","","54.125"
"PANCE","2019-09-04","","64.79166667"
"PANCE","2019-09-03","","53.25"
"PANCE","2019-09-02","","42.70833333"
"PANCE","2019-09-01","","49.95833333"
"PANCE","2019-08-31","","62.58333333"
"PANCE","2019-08-30","","56.25"
"PANCE","2019-08-29","","53.46153846"
"PANCE","2019-08-28","","43.25"
"PANCE","2019-08-27","","37.95833333"
"PANCE","2019-08-26","","51.58333333"
"PANCE","2019-08-25","","41.54166667"
"PANCE","2019-08-24","","50.45833333"
"PANCE","2019-08-23","","47.875"
"PANCE","2019-08-22","","56.91666667"
"PANCE","2019-08-21","","42.79166667"
"PANCE","2019-08-20","","54.20833333"
"PANCE","2019-08-19","","65.75"
"PANCE","2019-08-18","","66.75"
"PANCE","2019-08-17","","67.57142857"
"PANCE","2019-08-16","","71.375"
"PANCE","2019-08-15","","99.78947368"
"PANCE","2019-08-14","","48.8"
"PANCE","2019-08-13","","45.16666667"
"PANCE","2019-08-12","","35.5"
"PANCE","2019-08-11","","40.45833333"
"PANCE","2019-08-10","","45.08333333"
"PANCE","2019-08-09","","38.625"
"PANCE","2019-08-08","","43.54166667"
"PANCE","2019-08-07","","35.54166667"
"PANCE","2019-08-06","","29.54166667"
"PANCE","2019-08-05","","30.73913043"
"PANCE","2019-08-04","","37.25"
"PANCE","2019-08-03","","44.45833333"
"PANCE","2019-08-02","","41.83333333"
"PANCE","2019-08-01","","38.08333333"
"PANCE","2019-07-31","","40.33333333"
"PANCE","2019-07-30","","50.5"
"PANCE","2019-07-29","","31.20833333"
"PANCE","2019-07-28","","38.29166667"
"PANCE","2019-07-27","","38.22727273"
"PANCE","2019-07-26","","34.08333333"
"PANCE","2019-07-25","","36.375"
"PANCE","2019-07-24","","28.29166667"
"PANCE","2019-07-23","","21.54166667"
"PANCE","2019-07-22","","34.125"
"PANCE","2019-07-21","","45.5"
"PANCE","2019-07-20","","48.70833333"
"PANCE","2019-07-19","","58.5"
"PANCE","2019-07-18","","47.83333333"
"PANCE","2019-07-17","","41.41666667"
"PANCE","2019-07-16","","33.34782609"
"PANCE","2019-07-15","","20.70833333"
"PANCE","2019-07-14","","29.54166667"
"PANCE","2019-07-13","","39.33333333"
"PANCE","2019-07-12","","35.04166667"
"PANCE","2019-07-11","","28.91666667"
"PANCE","2019-07-10","","38.95833333"
"PANCE","2019-07-09","","19.79166667"
"PANCE","2019-07-08","","21.5"
"PANCE","2019-07-07","","24.0"
"PANCE","2019-07-06","","30.16666667"
"PANCE","2019-07-05","","24.83333333"
"PANCE","2019-07-04","","31.31578947"
"PANCE","2019-07-03","","37.125"
"PANCE","2019-06-28","","36.82608696"
"PANCE","2019-06-27","","39.875"
"PANCE","2019-06-26","","27.5"
"PANCE","2019-06-25","","18.08695652"
"PANCE","2019-06-24","","39.58333333"
"PANCE","2019-06-23","","40.875"
"PANCE","2019-06-22","","55.625"
"PANCE","2019-06-21","","51.39130435"
"PANCE","2019-06-20","","54.0"
"PANCE","2019-06-19","","44.3125"
"PANCE","2019-06-18","","30.0"
"PANCE","2019-06-17","","40.0"
"PANCE","2019-06-16","","14.5"
"PANCE","2019-06-15","","10.5"
"PANCE","2019-06-14","","18.19047619"
"PANCE","2019-06-13","","30.53846154"
"PANCE","2019-06-10","","27.52941176"
"PANCE","2019-06-09","","28.04166667"
"PANCE","2019-06-08","","21.45833333"
"PANCE","2019-06-07","","9.66666667"
"PANCE","2019-06-06","","22.30434783"
"PANCE","2019-06-05","","22.125"
"PANCE","2019-06-04","","29.29166667"
"PANCE","2019-06-03","","19.0"
"PANCE","2019-06-02","","14.79166667"
"PANCE","2019-06-01","","16.66666667"
"PANCE","2019-05-31","","8.85714286"
"PANCE","2019-05-30","","23.2173913"
"PANCE","2019-05-29","","20.20833333"
"PANCE","2019-05-28","","16.33333333"
"PANCE","2019-05-27","","28.29166667"
"PANCE","2019-05-26","","17.58333333"
"PANCE","2019-05-25","","11.58333333"
"PANCE","2019-05-24","","21.625"
"PANCE","2019-05-23","","12.7"
"PANCE","2019-05-22","","22.20833333"
"PANCE","2019-05-21","","29.95833333"
"PANCE","2019-05-20","","20.66666667"
"PANCE","2019-05-19","","5.9"
"PANCE","2019-05-18","","17.3"
"PANCE","2019-05-17","","17.39130435"
"PANCE","2019-05-16","","13.41666667"
"PANCE","2019-05-15","","18.5"
"PANCE","2019-05-14","","23.70833333"
"PANCE","2019-05-13","","27.58333333"
"PANCE","2019-05-12","","21.90909091"
"PANCE","2019-05-11","","23.66666667"
"PANCE","2019-05-10","","11.125"
"PANCE","2019-05-09","","9.5"
"PANCE","2019-05-08","","19.66666667"
"PANCE","2019-05-07","","38.7826087"
"PANCE","2019-05-06","","43.04166667"
"PANCE","2019-05-05","","34.95833333"
"PANCE","2019-05-04","","41.16666667"
"PANCE","2019-05-03","","40.16666667"
"PANCE","2019-05-02","","46.83333333"
"PANCE","2019-05-01","","41.29166667"
"PANCE","2019-04-30","","42.0"
"PANCE","2019-04-29","","40.38095238"
"PANCE","2019-04-28","","26.54166667"
"PANCE","2019-04-27","","21.29166667"
"PANCE","2019-04-26","","28.29166667"
"PANCE","2019-04-25","","34.45833333"
"PANCE","2019-04-24","","31.90909091"
"PANCE","2019-04-23","","18.47619048"
"PANCE","2019-04-22","","17.59090909"
"PANCE","2019-04-21","","8.26086957"
"PANCE","2019-04-20","","18.875"
"PANCE","2019-04-19","","9.79166667"
"PANCE","2019-04-18","","17.25"
"PANCE","2019-04-17","","21.41666667"
"PANCE","2019-04-16","","31.79166667"
"PANCE","2019-04-15","","18.54166667"
"PANCE","2019-04-14","","24.58333333"
"PANCE","2019-04-13","","19.91304348"
"PANCE","2019-04-12","","18.45833333"
"PANCE","2019-04-11","","28.41666667"
"PANCE","2019-04-10","","24.875"
"PANCE","2019-04-09","","24.66666667"
"PANCE","2019-04-08","","35.08333333"
"PANCE","2019-04-07","","31.875"
"PANCE","2019-04-06","","19.54166667"
"PANCE","2019-04-05","","13.45454545"
"PANCE","2019-04-02","","17.5"
"PANCE","2019-04-01","","17.95652174"
"PANCE","2019-03-31","","40.08333333"
"PANCE","2019-03-30","","37.16666667"
"PANCE","2019-03-29","","18.20833333"
"PANCE","2019-03-28","","52.59090909"
"PANCE","2019-03-27","","47.0"
"PANCE","2019-03-26","","36.75"
"PANCE","2019-03-25","","40.125"
"PANCE","2019-03-24","","39.45833333"
"PANCE","2019-03-23","","44.29166667"
"PANCE","2019-03-22","","30.0"
"PANCE","2019-03-21","","37.79166667"
"PANCE","2019-03-20","","39.375"
"PANCE","2019-03-19","","17.375"
"PANCE","2019-03-18","","39.75"
"PANCE","2019-03-17","","45.20833333"
"PANCE","2019-03-16","","44.70833333"
"PANCE","2019-03-15","","33.54166667"
"PANCE","2019-03-14","","25.86363636"
"PANCE","2019-03-13","","45.95833333"
"PANCE","2019-03-12","","32.47826087"
"PANCE","2019-03-11","","41.75"
"PANCE","2019-03-10","","40.25"
"PANCE","2019-03-09","","57.70833333"
"PANCE","2019-03-08","","48.625"
"PANCE","2019-03-07","","53.86956522"
"PANCE","2019-03-06","","49.20833333"
"PANCE","2019-03-05","","49.41666667"
"PANCE","2019-03-04","","49.92857143"
"PANCE","2019-02-28","","23.41666667"
"PANCE","2019-02-27","","19.47058824"
"PANCE","2019-02-26","","25.40909091"
"PANCE","2019-02-25","","28.28571429"
"PANCE","2019-02-24","","24.04545455"
"PANCE","2019-02-23","","29.83333333"
"PANCE","2019-02-22","","28.33333333"
"PANCE","2019-02-21","","25.83333333"
"PANCE","2019-02-20","","31.5"
"PANCE","2019-02-19","","26.13043478"
"PANCE","2019-02-18","","31.16666667"
"PANCE","2019-02-17","","25.70833333"
"PANCE","2019-02-16","","48.125"
"PANCE","2019-02-15","","48.95833333"
"PANCE","2019-02-14","","47.95833333"
"PANCE","2019-02-13","","45.45833333"
"PANCE","2019-02-12","","38.95833333"
"PANCE","2019-02-11","","36.91666667"
"PANCE","2019-02-10","","25.25"
"PANCE","2019-02-09","","32.95833333"
"PANCE","2019-02-08","","17.45833333"
"PANCE","2019-02-07","","33.375"
"PANCE","2019-02-06","","56.20833333"
"PANCE","2019-02-05","","61.375"
"PANCE","2019-02-04","","52.875"
"PANCE","2019-02-03","","36.125"
"PANCE","2019-02-02","","31.08333333"
"PANCE","2019-02-01","","18.41666667"
"PANCE","2019-01-31","","34.7826087"
"PANCE","2019-01-30","","41.125"
"PANCE","2019-01-29","","40.16666667"
"PANCE","2019-01-28","","27.45833333"
"PANCE","2019-01-27","","34.95833333"
"PANCE","2019-01-26","","47.79166667"
"PANCE","2019-01-25","","45.29166667"
"PANCE","2019-01-24","","49.875"
"PANCE","2019-01-23","","47.70833333"
"PANCE","2019-01-22","","44.70833333"
"PANCE","2019-01-21","","41.29166667"
"PANCE","2019-01-20","","37.25"
"PANCE","2019-01-19","","53.54166667"
"PANCE","2019-01-18","","56.625"
"PANCE","2019-01-17","","47.28571429"
"PANCE","2019-01-16","","34.63636364"
"PANCE","2019-01-15","","31.26086957"
"PANCE","2019-01-14","","10.875"
"PANCE","2019-01-13","","14.54166667"
"PANCE","2019-01-12","","30.08333333"
"PANCE","2019-01-11","","25.70833333"
"PANCE","2019-01-10","","15.25"
"PANCE","2019-01-09","","8.94736842"
"PANCE","2019-01-08","","22.20833333"
"PANCE","2019-01-07","","16.83333333"
"PANCE","2019-01-06","","28.625"
"PANCE","2019-01-05","","38.375"
"PANCE","2019-01-04","","46.75"
"PANCE","2019-01-03","","29.875"
"PANCE","2019-01-02","","24.83333333"
"PANCE","2019-01-01","","30.79166667"
"PANCE","2018-12-31","","34.45833333"
"PANCE","2018-12-30","","41.625"
"PANCE","2018-12-29","","40.41666667"
"PANCE","2018-12-28","","48.93333333"
"PANCE","2018-12-27","","51.9047619"
"PANCE","2018-12-26","","42.83333333"
"PANCE","2018-12-25","","43.33333333"
"PANCE","2018-12-24","","40.875"
"PANCE","2018-12-23","","37.0"
"PANCE","2018-12-22","","27.79166667"
"PANCE","2018-12-21","","23.95652174"
"PANCE","2018-12-20","","31.75"
"PANCE","2018-12-19","","46.375"
"PANCE","2018-12-18","","44.0"
"PANCE","2018-12-17","","45.58333333"
"PANCE","2018-12-15","","38.0"
"PANCE","2018-12-14","","30.41666667"
"PANCE","2018-12-13","","53.75"
"PANCE","2018-12-12","","52.26086957"
"PANCE","2018-12-11","","57.41666667"
"PANCE","2018-12-10","","43.7826087"
"PANCE","2018-12-09","","36.875"
"PANCE","2018-12-08","","30.08333333"
"PANCE","2018-12-07","","22.20833333"
"PANCE","2018-12-06","","14.38095238"
"PANCE","2018-12-05","","13.83333333"
"PANCE","2018-12-04","","24.45454545"
"PANCE","2018-12-03","","22.95833333"
"PANCE","2018-12-02","","15.69565217"
"PANCE","2018-12-01","","15.27272727"
"PANCE","2018-11-30","","13.47826087"
"PANCE","2018-11-29","","33.16666667"
"PANCE","2018-11-28","","29.41666667"
"PANCE","2018-11-27","","12.31818182"
"PANCE","2018-11-26","","14.56521739"
"PANCE","2018-11-25","","21.33333333"
"PANCE","2018-11-24","","23.5"
"PANCE","2018-11-23","","26.26086957"
"PANCE","2018-11-22","","28.79166667"
"PANCE","2018-11-21","","14.94736842"
"PANCE","2018-11-20","","29.29166667"
"PANCE","2018-11-19","","26.23809524"
"PANCE","2018-11-18","","33.70833333"
"PANCE","2018-11-17","","47.45833333"
"PANCE","2018-11-16","","42.30434783"
"PANCE","2018-11-15","","39.29166667"
"PANCE","2018-11-14","","23.83333333"
"PANCE","2018-11-13","","23.25"
"PANCE","2018-11-12","","19.625"
"PANCE","2018-11-11","","18.54166667"
"PANCE","2018-11-10","","29.20833333"
"PANCE","2018-11-09","","22.53846154"
"PANCE","2018-11-08","","33.17647059"
"PANCE","2018-11-07","","30.45833333"
"PANCE","2018-11-06","","27.125"
"PANCE","2018-11-05","","10.0"
"PANCE","2018-11-04","","12.7826087"
"PANCE","2018-11-03","","16.125"
"PANCE","2018-11-02","","13.41666667"
"PANCE","2018-11-01","","14.73913043"
"PANCE","2018-10-31","","21.0"
"PANCE","2018-10-30","","23.29166667"
"PANCE","2018-10-29","","20.08333333"
"PANCE","2018-10-28","","21.73913043"
"PANCE","2018-10-27","","16.375"
"PANCE","2018-10-26","","25.25"
"PANCE","2018-10-25","","30.3"
"PANCE","2018-10-24","","26.29166667"
"PANCE","2018-10-23","","22.83333333"
"PANCE","2018-10-22","","14.08695652"
"PANCE","2018-10-21","","20.42105263"
"PANCE","2018-10-20","","13.5"
"PANCE","2018-10-19","","39.04166667"
"PANCE","2018-10-18","","26.91304348"
"PANCE","2018-10-17","","34.16666667"
"PANCE","2018-10-16","","29.58333333"
"PANCE","2018-10-15","","31.33333333"
"PANCE","2018-10-14","","31.08333333"
"PANCE","2018-10-13","","27.0"
"PANCE","2018-10-12","","27.81818182"
"PANCE","2018-10-11","","26.5"
"PANCE","2018-10-10","","13.625"
"PANCE","2018-10-09","","23.0"
"PANCE","2018-10-08","","19.36363636"
"PANCE","2018-10-07","","32.26086957"
"PANCE","2018-10-06","","28.08333333"
"PANCE","2018-10-05","","9.375"
"PANCE","2018-10-04","","11.61904762"
"PANCE","2018-10-03","","41.70833333"
"PANCE","2018-10-02","","31.66666667"
"PANCE","2018-10-01","","20.85"
"PANCE","2018-09-30","","27.26086957"
"PANCE","2018-09-29","","29.125"
"PANCE","2018-09-28","","25.79166667"
"PANCE","2018-09-27","","19.22727273"
"PANCE","2018-09-26","","44.95833333"
"PANCE","2018-09-25","","47.41666667"
"PANCE","2018-09-24","","37.625"
"PANCE","2018-09-23","","31.79166667"
"PANCE","2018-09-22","","33.95833333"
"PANCE","2018-09-21","","34.20833333"
"PANCE","2018-09-20","","37.25"
"PANCE","2018-09-19","","21.75"
"PANCE","2018-09-18","","27.75"
"PANCE","2018-09-13","","30.22222222"
"PANCE","2018-09-12","","49.2173913"
"PANCE","2018-09-11","","45.70833333"
"PANCE","2018-09-10","","59.57142857"
"PANCE","2018-09-09","","44.30434783"
"PANCE","2018-09-08","","41.33333333"
"PANCE","2018-09-07","","33.25"
"PANCE","2018-09-06","","36.75"
"PANCE","2018-09-05","","37.4375"
"PANCE","2018-09-04","","35.20833333"
"PANCE","2018-09-03","","32.27272727"
"PANCE","2018-09-01","","40.77272727"
"PANCE","2018-08-31","","47.66666667"
"PANCE","2018-08-30","","48.79166667"
"PANCE","2018-08-29","","40.43478261"
"PANCE","2018-08-28","","44.70833333"
"PANCE","2018-08-27","","33.29166667"
"PANCE","2018-08-26","","38.29166667"
"PANCE","2018-08-25","","37.58333333"
"PANCE","2018-08-24","","40.58333333"
"PANCE","2018-08-23","","40.09090909"
"PANCE","2018-08-21","","29.5"
"PANCE","2018-08-20","","42.04166667"
"PANCE","2018-08-19","","43.29166667"
"PANCE","2018-08-18","","50.875"
"PANCE","2018-08-17","","69.6875"
"PANCE","2018-08-15","","28.82608696"
"PANCE","2018-08-14","","28.0"
"PANCE","2018-08-13","","32.20833333"
"PANCE","2018-08-12","","48.83333333"
"PANCE","2018-08-11","","32.95833333"
"PANCE","2018-08-10","","43.34782609"
"PANCE","2018-08-09","","54.04166667"
"PANCE","2018-08-08","","52.7"
"PANCE","2018-08-06","","32.86666667"
"PANCE","2018-08-05","","21.27272727"
"PANCE","2018-08-04","","18.29166667"
"PANCE","2018-08-03","","29.20833333"
"PANCE","2018-08-02","","34.45833333"
"PANCE","2018-08-01","","25.33333333"
"PANCE","2018-07-31","","11.23809524"
"PANCE","2018-07-30","","22.0"
"PANCE","2018-07-29","","38.95833333"
"PANCE","2018-07-28","","28.95833333"
"PANCE","2018-07-27","","48.91666667"
"PANCE","2018-07-26","","44.76923077"
"PANCE","2018-07-25","","31.93333333"
"PANCE","2018-07-24","","22.20833333"
"PANCE","2018-07-23","","40.54166667"
"PANCE","2018-07-22","","33.29166667"
"PANCE","2018-07-21","","47.375"
"PANCE","2018-07-20","","38.29166667"
"PANCE","2018-07-19","","47.0"
"PANCE","2018-07-18","","35.73913043"
"PANCE","2018-07-17","","43.375"
"PANCE","2018-07-16","","25.43478261"
"PANCE","2018-07-15","","26.75"
"PANCE","2018-07-14","","42.65217391"
"PANCE","2018-07-13","","44.625"
"PANCE","2018-07-12","","49.25"
"PANCE","2018-07-11","","48.27272727"
"PANCE","2018-07-10","","48.84210526"
"PANCE","2018-07-09","","45.79166667"
"PANCE","2018-07-08","","42.08333333"
"PANCE","2018-07-07","","41.16666667"
"PANCE","2018-07-06","","51.33333333"
"PANCE","2018-07-05","","46.875"
"PANCE","2018-07-04","","40.25"
"PANCE","2018-07-03","","34.20833333"
"PANCE","2018-07-02","","20.375"
"PANCE","2018-07-01","","22.69565217"
"PANCE","2018-06-30","","13.54166667"
"PANCE","2018-06-29","","27.0"
"PANCE","2018-06-28","","7.57142857"
"PANCE","2018-06-27","","32.45833333"
"PANCE","2018-06-26","","33.16666667"
"PANCE","2018-06-25","","32.75"
"PANCE","2018-06-24","","26.45833333"
"PANCE","2018-06-23","","35.95833333"
"PANCE","2018-06-22","","51.95652174"
"PANCE","2018-06-21","","38.08695652"
"PANCE","2018-06-20","","36.33333333"
"PANCE","2018-06-19","","28.45833333"
"PANCE","2018-06-18","","39.30434783"
"PANCE","2018-06-17","","45.08333333"
"PANCE","2018-06-16","","42.79166667"
"PANCE","2018-06-15","","32.08333333"
"PANCE","2018-06-14","","36.08333333"
"PANCE","2018-06-13","","37.625"
"PANCE","2018-06-12","","32.75"
"PANCE","2018-06-11","","14.7826087"
"PANCE","2018-06-10","","15.54166667"
"PANCE","2018-06-09","","31.08695652"
"PANCE","2018-06-08","","63.61538462"
"PANCE","2018-06-07","","35.0"
"PANCE","2018-06-06","","19.42105263"
"PANCE","2018-06-05","","30.53846154"
"PANCE","2018-06-01","","17.1875"
"PANCE","2018-05-31","","29.0"
"PANCE","2018-05-30","","11.57142857"
"PANCE","2018-05-29","","24.30434783"
"PANCE","2018-05-28","","14.33333333"
"PANCE","2018-05-27","","16.14285714"
"PANCE","2018-05-26","","21.34782609"
"PANCE","2018-05-25","","28.25"
"PANCE","2018-05-24","","25.54166667"
"PANCE","2018-05-23","","19.58333333"
"PANCE","2018-05-22","","33.11111111"
"PANCE","2018-05-21","","19.16666667"
"PANCE","2018-05-20","","13.81818182"
"PANCE","2018-05-19","","22.52173913"
"PANCE","2018-05-18","","16.70833333"
"PANCE","2018-05-17","","29.54166667"
"PANCE","2018-05-16","","24.0"
"PANCE","2018-05-15","","23.66666667"
"PANCE","2018-05-14","","19.125"
"PANCE","2018-05-13","","17.45833333"
"PANCE","2018-05-12","","26.45833333"
"PANCE","2018-05-11","","28.95833333"
"PANCE","2018-05-10","","26.85"
"PANCE","2018-05-09","","15.6"
"PANCE","2018-05-08","","21.04347826"
"PANCE","2018-05-07","","13.95454545"
"PANCE","2018-05-06","","17.13043478"
"PANCE","2018-05-05","","19.57894737"
"PANCE","2018-05-04","","30.30434783"
"PANCE","2018-05-03","","20.91666667"
"PANCE","2018-05-02","","30.66666667"
"PANCE","2018-05-01","","23.0"
"PANCE","2018-04-30","","37.875"
"PANCE","2018-04-29","","21.75"
"PANCE","2018-04-28","","16.91666667"
"PANCE","2018-04-27","","22.58333333"
"PANCE","2018-04-26","","34.54545455"
"PANCE","2018-04-25","","30.9"
"PANCE","2018-04-24","","21.08333333"
"PANCE","2018-04-23","","27.69565217"
"PANCE","2018-04-22","","31.25"
"PANCE","2018-04-21","","47.70833333"
"PANCE","2018-04-20","","27.70833333"
"PANCE","2018-04-19","","45.20833333"
"PANCE","2018-04-18","","34.69565217"
"PANCE","2018-04-17","","32.08333333"
"PANCE","2018-04-16","","31.08333333"
"PANCE","2018-04-15","","30.60869565"
"PANCE","2018-04-14","","20.26086957"
"PANCE","2018-04-13","","25.75"
"PANCE","2018-04-12","","17.17391304"
"PANCE","2018-04-11","","22.72727273"
"PANCE","2018-04-10","","19.75"
"PANCE","2018-04-09","","30.33333333"
"PANCE","2018-04-08","","29.16666667"
"PANCE","2018-04-07","","21.83333333"
"PANCE","2018-04-06","","10.77272727"
"PANCE","2018-04-05","","19.83333333"
"PANCE","2018-04-04","","14.79166667"
"PANCE","2018-04-03","","17.26086957"
"PANCE","2018-04-02","","12.56521739"
"PANCE","2018-04-01","","14.41666667"
"PANCE","2018-03-31","","8.56521739"
"PANCE","2018-03-30","","29.47619048"
"PANCE","2018-03-29","","41.95833333"
"PANCE","2018-03-28","","34.91666667"
"PANCE","2018-03-27","","21.91666667"
"PANCE","2018-03-26","","24.36842105"
"PANCE","2018-03-25","","30.77272727"
"PANCE","2018-03-24","","20.125"
"PANCE","2018-03-23","","36.75"
"PANCE","2018-03-22","","41.375"
"PANCE","2018-03-21","","38.08333333"
"PANCE","2018-03-20","","23.60869565"
"PANCE","2018-03-19","","22.71428571"
"PANCE","2018-03-18","","29.875"
"PANCE","2018-03-17","","35.29166667"
"PANCE","2018-03-16","","42.875"
"PANCE","2018-03-15","","42.04347826"
"PANCE","2018-03-14","","46.83333333"
"PANCE","2018-03-13","","42.875"
"PANCE","2018-03-12","","40.81818182"
"PANCE","2018-03-11","","38.41666667"
"PANCE","2018-03-10","","43.41666667"
"PANCE","2018-03-09","","55.125"
"PANCE","2018-03-08","","47.54166667"
"PANCE","2018-03-07","","53.22727273"
"PANCE","2018-03-06","","29.41666667"
"PANCE","2018-03-05","","25.0"
"PANCE","2018-03-04","","24.26086957"
"PANCE","2018-03-03","","34.83333333"
"PANCE","2018-03-02","","29.70833333"
"PANCE","2018-03-01","","42.625"
"PANCE","2018-02-28","","42.375"
"PANCE","2018-02-27","","34.45833333"
"PANCE","2018-02-26","","23.86956522"
"PANCE","2018-02-25","","15.41666667"
"PANCE","2018-02-24","","11.25"
"PANCE","2018-02-23","","23.91666667"
"PANCE","2018-02-22","","23.13043478"
"PANCE","2018-02-21","","24.91666667"
"PANCE","2018-02-20","","22.66666667"
"PANCE","2018-02-19","","17.65217391"
"PANCE","2018-02-18","","16.34782609"
"PANCE","2018-02-17","","16.45833333"
"PANCE","2018-02-16","","14.05"
"PANCE","2018-02-15","","13.40909091"
"PANCE","2018-02-14","","34.04761905"
"PANCE","2018-02-13","","39.91666667"
"PANCE","2018-02-12","","29.91666667"
"PANCE","2018-02-11","","11.20833333"
"PANCE","2018-02-10","","24.91666667"
"PANCE","2018-02-09","","30.75"
"PANCE","2018-02-08","","39.45833333"
"PANCE","2018-02-07","","30.70833333"
"PANCE","2018-02-06","","22.70833333"
"PANCE","2018-02-05","","25.27272727"
"PANCE","2018-02-04","","30.54166667"
"PANCE","2018-02-03","","20.5"
"PANCE","2018-02-02","","23.70833333"
"PANCE","2018-02-01","","40.79166667"
"PANCE","2018-01-31","","45.70833333"
"PANCE","2018-01-30","","39.70833333"
"PANCE","2018-01-29","","41.69565217"
"PANCE","2018-01-28","","46.375"
"PANCE","2018-01-27","","53.73913043"
"PANCE","2018-01-26","","58.73913043"
"PANCE","2018-01-25","","29.91304348"
"PANCE","2018-01-24","","38.70833333"
"PANCE","2018-01-23","","26.83333333"
"PANCE","2018-01-22","","46.5"
"PANCE","2018-01-21","","42.16666667"
"PANCE","2018-01-20","","49.875"
"PANCE","2018-01-19","","34.66666667"
"PANCE","2018-01-18","","34.79166667"
"PANCE","2018-01-17","","19.58333333"
"PANCE","2018-01-16","","14.69565217"
"PANCE","2018-01-15","","20.75"
"PANCE","2018-01-14","","22.04166667"
"PANCE","2018-01-13","","16.95652174"
"PANCE","2018-01-12","","29.95833333"
"PANCE","2018-01-11","","29.70833333"
"PANCE","2018-01-10","","28.14285714"
"PANCE","2018-01-09","","19.22222222"
"PANCE","2018-01-08","","17.25"
"PANCE","2018-01-07","","18.40909091"
"PANCE","2018-01-06","","19.38095238"
"PANCE","2018-01-05","","18.15789474"
"PANCE","2018-01-04","","17.04166667"
"PANCE","2018-01-03","","18.375"
"PANCE","2018-01-02","","15.08333333"
"PANCE","2018-01-01","","20.52631579"
"PANCE","2017-12-31","","15.90909091"
"PANCE","2017-12-30","","16.7"
"PANCE","2017-12-29","","19.34782609"
"PANCE","2017-12-28","","17.59090909"
"PANCE","2017-12-27","","20.25"
"PANCE","2017-12-26","","12.40909091"
"PANCE","2017-12-25","","14.95833333"
"PANCE","2017-12-24","","22.625"
"PANCE","2017-12-23","","32.08333333"
"PANCE","2017-12-22","","33.2173913"
"PANCE","2017-12-21","","39.45833333"
"PANCE","2017-12-20","","40.29166667"
"PANCE","2017-12-19","","40.41666667"
"PANCE","2017-12-18","","38.0"
"PANCE","2017-12-17","","41.58333333"
"PANCE","2017-12-16","","51.25"
"PANCE","2017-12-15","","53.45833333"
"PANCE","2017-12-14","","41.83333333"
"PANCE","2017-12-13","","33.66666667"
"PANCE","2017-12-12","","10.91666667"
"PANCE","2017-12-11","","8.2"
"PANCE","2017-12-09","","22.0"
"PANCE","2017-12-08","","16.91666667"
"PANCE","2017-12-04","","28.57142857"
"PANCE","2017-12-03","","21.56521739"
"PANCE","2017-12-02","","19.33333333"
"PANCE","2017-12-01","","25.90909091"
"PANCE","2017-11-30","","31.20833333"
"PANCE","2017-11-29","","28.54166667"
"PANCE","2017-11-28","","36.04166667"
"PANCE","2017-11-27","","28.875"
"PANCE","2017-11-26","","29.25"
"PANCE","2017-11-25","","36.2173913"
"PANCE","2017-11-24","","17.875"
"PANCE","2017-11-23","","23.33333333"
"PANCE","2017-11-22","","25.91666667"
"PANCE","2017-11-21","","17.2"
"PANCE","2017-11-20","","11.5625"
"PANCE","2017-11-19","","10.0"
"PANCE","2017-11-18","","21.16666667"
"PANCE","2017-11-17","","15.52941176"
"PANCE","2017-11-16","","12.18181818"
"PANCE","2017-11-15","","13.35"
"PANCE","2017-11-14","","13.73913043"
"PANCE","2017-11-13","","19.91666667"
"PANCE","2017-11-12","","27.79166667"
"PANCE","2017-11-11","","25.66666667"
"PANCE","2017-11-10","","13.56521739"
"PANCE","2017-11-09","","21.26086957"
"PANCE","2017-11-08","","18.0"
"PANCE","2017-11-07","","24.43478261"
"PANCE","2017-11-06","","18.625"
"PANCE","2017-11-05","","11.66666667"
"PANCE","2017-11-04","","12.17391304"
"PANCE","2017-11-03","","29.75"
"PANCE","2017-11-02","","20.875"
"PANCE","2017-11-01","","38.5"
"PANCE","2017-10-31","","33.79166667"
"PANCE","2017-10-30","","25.91304348"
"PANCE","2017-10-29","","34.08333333"
"PANCE","2017-10-28","","18.75"
"PANCE","2017-10-27","","27.25"
"PANCE","2017-10-26","","26.08333333"
"PANCE","2017-10-25","","47.58333333"
"PANCE","2017-10-24","","18.5"
"PANCE","2017-10-23","","38.3"
"PANCE","2017-10-22","","24.20833333"
"PANCE","2017-10-21","","35.375"
"PANCE","2017-10-20","","43.77272727"
"PANCE","2017-10-19","","36.0"
"PANCE","2017-10-18","","39.2173913"
"PANCE","2017-10-17","","36.83333333"
"PANCE","2017-10-16","","34.95833333"
"PANCE","2017-10-15","","44.08333333"
"PANCE","2017-10-14","","41.20833333"
"PANCE","2017-10-13","","38.20833333"
"PANCE","2017-10-12","","33.91666667"
"PANCE","2017-10-11","","36.81818182"
"PANCE","2017-10-10","","41.91666667"
"PANCE","2017-10-09","","30.5"
"PANCE","2017-10-08","","39.29166667"
"PANCE","2017-10-07","","37.625"
"PANCE","2017-10-06","","27.70833333"
"PANCE","2017-10-05","","13.25"
"PANCE","2017-10-04","","14.2173913"
"PANCE","2017-10-03","","25.79166667"
"PANCE","2017-10-02","","29.08333333"
"PANCE","2017-10-01","","22.2173913"
"PANCE","2017-09-30","","13.58333333"
"PANCE","2017-09-29","","23.66666667"
"PANCE","2017-09-28","","16.375"
"PANCE","2017-09-27","","45.28571429"
"PANCE","2017-09-26","","31.875"
"PANCE","2017-09-23","","28.72727273"
"PANCE","2017-09-22","","38.0"
"PANCE","2017-09-21","","30.4"
"PANCE","2017-09-20","","52.25"
"PANCE","2017-08-09","","56.66666667"
"PANCE","2017-08-08","","51.5"
"PANCE","2017-08-05","","38.05882353"
"PANCE","2017-08-04","","40.66666667"
"PANCE","2017-08-03","","51.875"
"PANCE","2017-08-02","","48.375"
"PANCE","2017-08-01","","38.95833333"
"PANCE","2017-07-31","","39.52173913"
"PANCE","2017-07-30","","44.04166667"
"PANCE","2017-07-29","","40.66666667"
"PANCE","2017-07-28","","34.65217391"
"PANCE","2017-07-27","","41.13043478"
"PANCE","2017-07-26","","37.91666667"
"PANCE","2017-07-25","","45.41666667"
"PANCE","2017-07-24","","43.125"
"PANCE","2017-07-23","","40.75"
"PANCE","2017-07-22","","41.29166667"
"PANCE","2017-07-21","","39.5"
"PANCE","2017-07-20","","19.70833333"
"PANCE","2017-07-19","","21.57142857"
"PANCE","2017-07-18","","41.77272727"
"PANCE","2017-07-17","","45.0"
"PANCE","2017-07-16","","27.81818182"
"PANCE","2017-07-15","","42.79166667"
"PANCE","2017-07-14","","42.13636364"
"PANCE","2017-07-13","","31.19047619"
"PANCE","2017-07-12","","37.26086957"
"PANCE","2017-07-11","","33.59090909"
"PANCE","2017-07-10","","36.08333333"
"PANCE","2017-07-09","","43.23809524"
"PANCE","2017-07-08","","57.04347826"
"PANCE","2017-07-07","","49.40909091"
"PANCE","2017-07-06","","55.45454545"
"PANCE","2017-07-05","","41.875"
"PANCE","2017-07-04","","42.79166667"
"PANCE","2017-07-03","","38.47826087"
"PANCE","2017-07-02","","46.43478261"
"PANCE","2017-07-01","","50.2173913"
"PANCE","2017-06-30","","42.09090909"
"PANCE","2017-06-29","","44.72727273"
"PANCE","2017-06-28","","40.27272727"
"PANCE","2017-06-27","","21.84210526"
"PANCE","2017-06-26","","29.39130435"
"PANCE","2017-06-25","","30.41666667"
"PANCE","2017-06-24","","32.33333333"
"PANCE","2017-06-23","","36.70833333"
"PANCE","2017-06-22","","38.30434783"
"PANCE","2017-06-21","","25.75"
"PANCE","2017-06-20","","25.72727273"
"PANCE","2017-06-19","","19.30434783"
"PANCE","2017-06-18","","29.54166667"
"PANCE","2017-06-17","","30.55555556"
"PANCE","2017-06-16","","40.45454545"
"PANCE","2017-06-15","","37.58333333"
"PANCE","2017-06-14","","27.56521739"
"PANCE","2017-06-13","","24.56521739"
"PANCE","2017-06-12","","16.77272727"
"PANCE","2017-06-11","","20.44444444"
"PANCE","2017-06-10","","42.07692308"
"PANCE","2017-06-07","","28.42857143"
"PANCE","2017-06-06","","44.46153846"
"PANCE","2017-06-01","","43.61538462"
"PANCE","2017-05-31","","47.70833333"
"PANCE","2017-05-30","","39.5"
"PANCE","2017-05-29","","30.75"
"PANCE","2017-05-28","","33.52173913"
"PANCE","2017-05-27","","36.33333333"
"PANCE","2017-05-26","","40.33333333"
"PANCE","2017-05-25","","36.375"
"PANCE","2017-05-24","","40.41666667"
"PANCE","2017-05-23","","31.90909091"
"PANCE","2017-05-22","","15.2173913"
"PANCE","2017-05-21","","17.09090909"
"PANCE","2017-05-20","","25.875"
"PANCE","2017-05-19","","33.33333333"
"PANCE","2017-05-18","","30.33333333"
"PANCE","2017-05-17","","21.95833333"
"PANCE","2017-05-16","","12.4"
"PANCE","2017-05-15","","34.375"
"PANCE","2017-05-14","","18.83333333"
"PANCE","2017-05-13","","16.86956522"
"PANCE","2017-05-12","","14.75"
"PANCE","2017-05-11","","16.28571429"
"PANCE","2017-05-10","","11.0"
"PANCE","2017-05-09","","17.56521739"
"PANCE","2017-05-08","","18.52173913"
"PANCE","2017-05-07","","15.39130435"
"PANCE","2017-05-06","","11.77777778"
"PANCE","2017-05-05","","9.4"
"PANCE","2017-05-04","","31.375"
"PANCE","2017-05-03","","23.60869565"
"PANCE","2017-05-02","","17.5"
"PANCE","2017-05-01","","20.7826087"
"PANCE","2017-04-30","","23.70833333"
"PANCE","2017-04-29","","36.83333333"
"PANCE","2017-04-28","","51.16666667"
"PANCE","2017-04-27","","34.25"
"PANCE","2017-04-26","","16.91304348"
"PANCE","2017-04-25","","35.25"
"PANCE","2017-04-24","","30.10526316"
"PANCE","2017-04-23","","31.0"
"PANCE","2017-04-22","","37.875"
"PANCE","2017-04-21","","29.875"
"PANCE","2017-04-20","","18.04166667"
"PANCE","2017-04-19","","21.54166667"
"PANCE","2017-04-18","","23.25"
"PANCE","2017-04-17","","18.61111111"
"PANCE","2017-04-16","","28.58333333"
"PANCE","2017-04-15","","31.41666667"
"PANCE","2017-04-14","","13.5"
"PANCE","2017-04-13","","22.875"
"PANCE","2017-04-12","","20.16666667"
"PANCE","2017-04-11","","25.81818182"
"PANCE","2017-04-10","","39.29166667"
"PANCE","2017-04-09","","17.26086957"
"PANCE","2017-04-08","","30.875"
"PANCE","2017-04-07","","60.45833333"
"PANCE","2017-04-06","","52.125"
"PANCE","2017-04-05","","54.82608696"
"PANCE","2017-04-04","","44.70833333"
"PANCE","2017-04-03","","37.58333333"
"PANCE","2017-04-02","","36.04166667"
"PANCE","2017-04-01","","31.70833333"
"PANCE","2017-03-31","","15.41666667"
"PANCE","2017-03-30","","25.875"
"PANCE","2017-03-29","","34.82608696"
"PANCE","2017-03-28","","36.54166667"
"PANCE","2017-03-27","","23.54166667"
"PANCE","2017-03-26","","16.26086957"
"PANCE","2017-03-25","","25.375"
"PANCE","2017-03-24","","22.47826087"
"PANCE","2017-03-23","","25.83333333"
"PANCE","2017-03-22","","33.61904762"
"PANCE","2017-03-21","","35.20833333"
"PANCE","2017-03-20","","26.59090909"
"PANCE","2017-03-19","","26.79166667"
"PANCE","2017-03-18","","30.625"
"PANCE","2017-03-17","","23.875"
"PANCE","2017-03-16","","29.0"
"PANCE","2017-03-15","","19.25"
"PANCE","2017-03-14","","16.58333333"
"PANCE","2017-03-13","","21.0"
"PANCE","2017-03-12","","12.36363636"
"PANCE","2017-03-11","","23.04166667"
"PANCE","2017-03-10","","16.20833333"
"PANCE","2017-03-09","","37.33333333"
"PANCE","2017-03-08","","29.29166667"
"PANCE","2017-03-07","","17.36363636"
"PANCE","2017-03-06","","35.58333333"
"PANCE","2017-03-05","","43.20833333"
"PANCE","2017-03-04","","38.20833333"
"PANCE","2017-03-03","","24.20833333"
"PANCE","2017-03-02","","21.45833333"
"PANCE","2017-03-01","","31.5"
"PANCE","2017-02-28","","26.7826087"
"PANCE","2017-02-27","","29.75"
"PANCE","2017-02-26","","30.5"
"PANCE","2017-02-25","","43.75"
"PANCE","2017-02-24","","72.04166667"
"PANCE","2017-02-23","","47.04166667"
"PANCE","2017-02-22","","26.58333333"
"PANCE","2017-02-21","","33.70833333"
"PANCE","2017-02-20","","41.91666667"
"PANCE","2017-02-19","","50.25"
"PANCE","2017-02-18","","46.875"
"PANCE","2017-02-17","","34.25"
"PANCE","2017-02-16","","37.16666667"
"PANCE","2017-02-15","","34.58333333"
"PANCE","2017-02-14","","35.30434783"
"PANCE","2017-02-13","","20.5"
"PANCE","2017-02-12","","15.81818182"
"PANCE","2017-02-11","","28.29166667"
"PANCE","2017-02-10","","34.33333333"
"PANCE","2017-02-09","","38.70833333"
"PANCE","2017-02-08","","44.29166667"
"PANCE","2017-02-07","","46.54166667"
"PANCE","2017-02-06","","46.95833333"
"PANCE","2017-02-05","","44.08333333"
"PANCE","2017-02-04","","38.20833333"
"PANCE","2017-02-03","","31.20833333"
"PANCE","2017-02-02","","32.08333333"
"PANCE","2017-02-01","","32.33333333"
"PANCE","2017-01-31","","42.04761905"
"PANCE","2017-01-30","","43.125"
"PANCE","2017-01-29","","51.08333333"
"PANCE","2017-01-28","","35.5"
"PANCE","2017-01-27","","59.04166667"
"PANCE","2017-01-26","","56.25"
"PANCE","2017-01-25","","47.04166667"
"PANCE","2017-01-24","","42.25"
"PANCE","2017-01-23","","36.375"
"PANCE","2017-01-22","","21.125"
"PANCE","2017-01-21","","15.27272727"
"PANCE","2017-01-20","","16.08333333"
"PANCE","2017-01-19","","29.54166667"
"PANCE","2017-01-18","","14.83333333"
"PANCE","2017-01-17","","29.04166667"
"PANCE","2017-01-16","","18.66666667"
"PANCE","2017-01-15","","26.0"
"PANCE","2017-01-14","","21.20833333"
"PANCE","2017-01-13","","29.04166667"
"PANCE","2017-01-12","","18.58333333"
"PANCE","2017-01-11","","20.54166667"
"PANCE","2017-01-10","","25.5"
"PANCE","2017-01-09","","27.58333333"
"PANCE","2017-01-08","","22.08333333"
"PANCE","2017-01-07","","38.79166667"
"PANCE","2017-01-06","","40.91666667"
"PANCE","2017-01-05","","30.5"
"PANCE","2017-01-03","","21.2"
"PANCE","2017-01-02","","23.52380952"
"PANCE","2017-01-01","","41.04166667"
"PANCE","2016-12-31","","31.33333333"
"PANCE","2016-12-30","","23.54166667"
"PANCE","2016-12-29","","39.79166667"
"PANCE","2016-12-28","","39.16666667"
"PANCE","2016-12-27","","34.0"
"PANCE","2016-12-26","","26.875"
"PANCE","2016-12-25","","24.625"
"PANCE","2016-12-24","","24.125"
"PANCE","2016-12-23","","30.70833333"
"PANCE","2016-12-22","","30.5"
"PANCE","2016-12-20","","26.95833333"
"PANCE","2016-12-19","","37.0"
"PANCE","2016-12-18","","28.375"
"PANCE","2016-12-17","","20.625"
"PANCE","2016-12-16","","27.54166667"
"PANCE","2016-12-15","","39.08333333"
"PANCE","2016-12-14","","41.47826087"
"PANCE","2016-12-13","","43.58333333"
"PANCE","2016-12-12","","39.41666667"
"PANCE","2016-12-11","","27.20833333"
"PANCE","2016-12-10","","35.29166667"
"PANCE","2016-12-09","","23.2173913"
"PANCE","2016-12-08","","31.625"
"PANCE","2016-12-07","","28.79166667"
"PANCE","2016-12-06","","29.5"
"PANCE","2016-12-05","","22.66666667"
"PANCE","2016-12-04","","33.5"
"PANCE","2016-12-03","","26.82608696"
"PANCE","2016-12-02","","33.375"
"PANCE","2016-12-01","","39.75"
"PANCE","2016-11-30","","34.1"
"PANCE","2016-11-29","","33.45833333"
"PANCE","2016-11-28","","27.41666667"
"PANCE","2016-11-27","","20.29166667"
"PANCE","2016-11-26","","18.58333333"
"PANCE","2016-11-25","","24.29166667"
"PANCE","2016-11-24","","35.7826087"
"PANCE","2016-11-23","","44.125"
"PANCE","2016-11-22","","41.08333333"
"PANCE","2016-11-21","","33.375"
"PANCE","2016-11-20","","24.41666667"
"PANCE","2016-11-19","","12.2173913"
"PANCE","2016-11-18","","26.20833333"
"PANCE","2016-11-17","","30.08333333"
"PANCE","2016-11-16","","24.20833333"
"PANCE","2016-11-15","","22.375"
"PANCE","2016-11-14","","14.58333333"
"PANCE","2016-11-13","","18.20833333"
"PANCE","2016-11-12","","31.86956522"
"PANCE","2016-11-11","","24.29166667"
"PANCE","2016-11-10","","38.45833333"
"PANCE","2016-11-09","","30.33333333"
"PANCE","2016-11-08","","25.91666667"
"PANCE","2016-11-07","","21.0"
"PANCE","2016-11-04","","17.4"
"PANCE","2016-11-03","","23.04347826"
"PANCE","2016-11-02","","34.38461538"
"PANCE","2016-10-30","","30.625"
"PANCE","2016-10-29","","20.04166667"
"PANCE","2016-10-28","","22.95833333"
"PANCE","2016-10-27","","32.66666667"
"PANCE","2016-10-26","","25.17391304"
"PANCE","2016-10-25","","13.09090909"
"PANCE","2016-10-15","","40.57142857"
"PANCE","2016-10-14","","31.54166667"
"PANCE","2016-10-13","","32.75"
"PANCE","2016-10-12","","38.66666667"
"PANCE","2016-10-11","","18.70833333"
"PANCE","2016-10-10","","32.0"
"PANCE","2016-10-09","","13.95238095"
"PANCE","2016-10-08","","22.20833333"
"PANCE","2016-10-07","","28.66666667"
"PANCE","2016-10-06","","30.21052632"
"PANCE","2016-10-05","","31.26086957"
"PANCE","2016-10-04","","18.41666667"
"PANCE","2016-10-03","","24.25"
"PANCE","2016-10-02","","24.66666667"
"PANCE","2016-10-01","","16.09090909"
"PANCE","2016-09-30","","40.91666667"
"PANCE","2016-09-29","","42.79166667"
"PANCE","2016-09-28","","52.95833333"
"PANCE","2016-09-27","","37.47826087"
"PANCE","2016-09-26","","46.45833333"
"PANCE","2016-09-25","","37.33333333"
"PANCE","2016-09-24","","46.5"
"PANCE","2016-09-23","","29.0"
"PANCE","2016-09-22","","27.69565217"
"PANCE","2016-09-21","","36.875"
"PANCE","2016-09-20","","41.08333333"
"PANCE","2016-09-19","","31.0"
"PANCE","2016-09-18","","22.45"
"PANCE","2016-09-17","","37.375"
"PANCE","2016-09-16","","41.58333333"
"PANCE","2016-09-15","","36.25"
"PANCE","2016-09-14","","12.46153846"
"PANCE","2016-09-13","","23.81818182"
"PANCE","2016-09-12","","19.64705882"
"PANCE","2016-09-11","","29.45"
"PANCE","2016-09-10","","27.54545455"
"PANCE","2016-09-09","","27.26315789"
"PANCE","2016-09-08","","33.25"
"PANCE","2016-09-07","","27.58333333"
"PANCE","2016-09-06","","26.46666667"
"PANCE","2016-08-31","","57.29411765"
"PANCE","2016-08-30","","50.0"
"PANCE","2016-08-29","","35.29166667"
"PANCE","2016-08-28","","40.16666667"
"PANCE","2016-08-27","","40.75"
"PANCE","2016-08-26","","38.875"
"PANCE","2016-08-25","","40.75"
"PANCE","2016-08-24","","52.70833333"
"PANCE","2016-08-23","","55.58333333"
"PANCE","2016-08-22","","30.66666667"
"PANCE","2016-08-21","","33.77272727"
"PANCE","2016-08-20","","40.58333333"
"PANCE","2016-08-19","","37.58333333"
"PANCE","2016-08-18","","39.29166667"
"PANCE","2016-08-17","","38.91666667"
"PANCE","2016-08-16","","49.29166667"
"PANCE","2016-08-15","","40.79166667"
"PANCE","2016-08-14","","44.58333333"
"PANCE","2016-08-13","","52.58333333"
"PANCE","2016-08-12","","50.0"
"PANCE","2016-08-11","","49.7"
"PANCE","2016-08-10","","50.23529412"
"PANCE","2016-08-09","","58.47619048"
"PANCE","2016-08-08","","49.47826087"
"PANCE","2016-08-07","","51.41666667"
"PANCE","2016-08-06","","48.375"
"PANCE","2016-08-05","","48.95833333"
"PANCE","2016-08-04","","50.95833333"
"PANCE","2016-08-03","","48.91666667"
"PANCE","2016-08-02","","47.29166667"
"PANCE","2016-08-01","","38.45833333"
"PANCE","2016-07-31","","49.75"
"PANCE","2016-07-30","","42.33333333"
"PANCE","2016-07-29","","42.41666667"
"PANCE","2016-07-28","","32.31818182"
"PANCE","2016-07-27","","38.88888889"
"PANCE","2016-07-26","","39.625"
"PANCE","2016-07-25","","23.56521739"
"PANCE","2016-07-24","","27.125"
"PANCE","2016-07-23","","36.33333333"
"PANCE","2016-07-22","","32.58333333"
"PANCE","2016-07-21","","29.35"
"PANCE","2016-07-20","","36.375"
"PANCE","2016-07-19","","42.58333333"
"PANCE","2016-07-18","","32.2173913"
"PANCE","2016-07-17","","38.75"
"PANCE","2016-07-16","","43.47826087"
"PANCE","2016-07-15","","41.58333333"
"PANCE","2016-07-14","","49.29166667"
"PANCE","2016-07-13","","37.91304348"
"PANCE","2016-07-12","","41.5"
"PANCE","2016-07-11","","39.66666667"
"PANCE","2016-07-10","","34.25"
"PANCE","2016-07-09","","38.08333333"
"PANCE","2016-07-08","","51.75"
"PANCE","2016-07-07","","47.41666667"
"PANCE","2016-07-06","","28.86956522"
"PANCE","2016-07-05","","27.08333333"
"PANCE","2016-07-04","","28.25"
"PANCE","2016-07-03","","26.95833333"
"PANCE","2016-07-02","","30.45833333"
"PANCE","2016-07-01","","32.5"
"PANCE","2016-06-30","","48.04347826"
"PANCE","2016-06-29","","45.20833333"
"PANCE","2016-06-28","","44.41666667"
"PANCE","2016-06-27","","42.45833333"
"PANCE","2016-06-26","","30.91666667"
"PANCE","2016-06-25","","26.75"
"PANCE","2016-06-24","","39.0"
"PANCE","2016-06-23","","49.375"
"PANCE","2016-06-22","","58.92857143"
"PANCE","2016-06-20","","28.6"
"PANCE","2016-06-19","","31.75"
"PANCE","2016-06-18","","57.16666667"
"PANCE","2016-06-17","","56.0"
"PANCE","2016-06-16","","54.33333333"
"PANCE","2016-06-15","","55.125"
"PANCE","2016-06-14","","30.04166667"
"PANCE","2016-06-13","","31.16666667"
"PANCE","2016-06-12","","48.875"
"PANCE","2016-06-11","","53.29166667"
"PANCE","2016-06-10","","40.70833333"
"PANCE","2016-06-09","","38.2173913"
"PANCE","2016-06-08","","29.66666667"
"PANCE","2016-06-07","","28.20833333"
"PANCE","2016-06-06","","22.91666667"
"PANCE","2016-06-05","","26.41666667"
"PANCE","2016-06-04","","24.375"
"PANCE","2016-06-03","","34.57142857"
"PANCE","2016-05-31","","12.77777778"
"PANCE","2016-05-30","","22.75"
"PANCE","2016-05-29","","18.5"
"PANCE","2016-05-28","","39.0"
"PANCE","2016-05-27","","38.25"
"PANCE","2016-05-26","","18.82352941"
"PANCE","2016-05-25","","42.25"
"PANCE","2016-05-24","","58.33333333"
"PANCE","2016-05-23","","43.29166667"
"PANCE","2016-05-22","","38.25"
"PANCE","2016-05-21","","56.17391304"
"PANCE","2016-05-20","","57.20833333"
"PANCE","2016-05-19","","51.54166667"
"PANCE","2016-05-18","","36.95833333"
"PANCE","2016-05-17","","29.41666667"
"PANCE","2016-05-16","","39.58333333"
"PANCE","2016-05-15","","27.54166667"
"PANCE","2016-05-14","","46.125"
"PANCE","2016-05-13","","43.5"
"PANCE","2016-05-12","","43.625"
"PANCE","2016-05-11","","27.25"
"PANCE","2016-05-10","","13.45833333"
"PANCE","2016-05-09","","17.69565217"
"PANCE","2016-05-08","","23.04166667"
"PANCE","2016-05-07","","15.0"
"PANCE","2016-05-06","","30.25"
"PANCE","2016-05-05","","20.6"
"PANCE","2016-05-03","","26.86666667"
"PANCE","2016-05-02","","18.625"
"PANCE","2016-05-01","","25.43478261"
"PANCE","2016-04-30","","22.38888889"
"PANCE","2016-04-29","","29.91304348"
"PANCE","2016-04-28","","19.85714286"
"PANCE","2016-04-26","","27.0"
"PANCE","2016-04-25","","30.08333333"
"PANCE","2016-04-24","","29.04166667"
"PANCE","2016-04-23","","30.41666667"
"PANCE","2016-04-22","","56.75"
"PANCE","2016-04-21","","46.83333333"
"PANCE","2016-04-20","","50.75"
"PANCE","2016-04-19","","50.95833333"
"PANCE","2016-04-18","","48.20833333"
"PANCE","2016-04-17","","41.20833333"
"PANCE","2016-04-16","","27.33333333"
"PANCE","2016-04-15","","36.125"
"PANCE","2016-04-14","","36.95833333"
"PANCE","2016-04-13","","34.79166667"
"PANCE","2016-04-12","","18.04166667"
"PANCE","2016-04-11","","19.36363636"
"PANCE","2016-04-10","","30.58333333"
"PANCE","2016-04-09","","31.20833333"
"PANCE","2016-04-08","","46.95833333"
"PANCE","2016-04-07","","36.39130435"
"PANCE","2016-04-06","","45.20833333"
"PANCE","2016-04-05","","49.83333333"
"PANCE","2016-04-04","","32.20833333"
"PANCE","2016-04-03","","30.5"
"PANCE","2016-04-02","","20.73684211"
"PANCE","2016-04-01","","35.0"
"PANCE","2016-03-31","","26.7826087"
"PANCE","2016-03-30","","35.875"
"PANCE","2016-03-29","","48.70833333"
"PANCE","2016-03-28","","40.66666667"
"PANCE","2016-03-27","","31.375"
"PANCE","2016-03-26","","39.04166667"
"PANCE","2016-03-25","","34.54166667"
"PANCE","2016-03-24","","40.83333333"
"PANCE","2016-03-23","","37.90909091"
"PANCE","2016-03-22","","44.45833333"
"PANCE","2016-03-21","","33.83333333"
"PANCE","2016-03-20","","29.66666667"
"PANCE","2016-03-19","","47.25"
"PANCE","2016-03-18","","30.66666667"
"PANCE","2016-03-17","","21.54166667"
"PANCE","2016-03-16","","38.60869565"
"PANCE","2016-03-15","","38.26086957"
"PANCE","2016-03-14","","41.33333333"
"PANCE","2016-03-13","","46.58333333"
"PANCE","2016-03-12","","41.5"
"PANCE","2016-03-11","","37.60869565"
"PANCE","2016-03-10","","47.25"
"PANCE","2016-03-09","","40.95652174"
"PANCE","2016-03-08","","38.875"
"PANCE","2016-03-07","","31.70833333"
"PANCE","2016-03-06","","29.27272727"
"PANCE","2016-03-05","","24.16666667"
"PANCE","2016-03-04","","24.375"
"PANCE","2016-03-03","","46.47826087"
"PANCE","2016-03-02","","26.08333333"
"PANCE","2016-03-01","","36.79166667"
"PANCE","2016-02-29","","38.13636364"
"PANCE","2016-02-28","","46.70833333"
"PANCE","2016-02-27","","40.39130435"
"PANCE","2016-02-26","","34.33333333"
"PANCE","2016-02-25","","39.91304348"
"PANCE","2016-02-24","","39.33333333"
"PANCE","2016-02-23","","33.45833333"
"PANCE","2016-02-22","","23.83333333"
"PANCE","2016-02-21","","18.95833333"
"PANCE","2016-02-20","","50.05"
"PANCE","2016-02-19","","50.66666667"
"PANCE","2016-02-18","","49.375"
"PANCE","2016-02-17","","47.91666667"
"PANCE","2016-02-16","","64.52173913"
"PANCE","2016-02-15","","50.70833333"
"PANCE","2016-02-14","","40.5"
"PANCE","2016-02-13","","37.20833333"
"PANCE","2016-02-12","","38.45833333"
"PANCE","2016-02-11","","46.83333333"
"PANCE","2016-02-10","","58.29166667"
"PANCE","2016-02-09","","57.625"
"PANCE","2016-02-08","","48.65217391"
"PANCE","2016-02-07","","48.25"
"PANCE","2016-02-06","","48.125"
"PANCE","2016-02-05","","24.375"
"PANCE","2016-02-04","","45.20833333"
"PANCE","2016-02-03","","50.75"
"PANCE","2016-02-02","","51.33333333"
"PANCE","2016-02-01","","45.375"
"PANCE","2016-01-31","","32.45833333"
"PANCE","2016-01-30","","34.25"
"PANCE","2016-01-29","","51.54166667"
"PANCE","2016-01-28","","51.91666667"
"PANCE","2016-01-27","","50.69565217"
"PANCE","2016-01-26","","38.5"
"PANCE","2016-01-25","","36.08333333"
"PANCE","2016-01-24","","53.16666667"
"PANCE","2016-01-23","","58.08333333"
"PANCE","2016-01-22","","66.95833333"
"PANCE","2016-01-21","","66.125"
"PANCE","2016-01-20","","59.08333333"
"PANCE","2016-01-19","","51.25"
"PANCE","2016-01-18","","45.38095238"
"PANCE","2016-01-17","","49.08333333"
"PANCE","2016-01-16","","52.04545455"
"PANCE","2016-01-15","","57.25"
"PANCE","2016-01-14","","53.91666667"
"PANCE","2016-01-13","","39.2173913"
"PANCE","2016-01-12","","23.91666667"
"PANCE","2016-01-11","","18.5"
"PANCE","2016-01-10","","21.875"
"PANCE","2016-01-09","","33.54166667"
"PANCE","2016-01-08","","32.79166667"
"PANCE","2016-01-07","","32.95833333"
"PANCE","2016-01-06","","24.0"
"PANCE","2016-01-05","","35.04347826"
"PANCE","2016-01-04","","23.86956522"
"PANCE","2016-01-03","","22.375"
"PANCE","2016-01-02","","26.16666667"
"PANCE","2016-01-01","","32.95833333"
"PANCE","2015-12-31","","39.375"
"PANCE","2015-12-30","","49.70833333"
"PANCE","2015-12-29","","49.08333333"
"PANCE","2015-12-28","","55.86666667"
"PANCE","2015-12-24","","55.69230769"
"PANCE","2015-12-23","","62.83333333"
"PANCE","2015-12-22","","53.75"
"PANCE","2015-12-21","","46.91666667"
"PANCE","2015-12-20","","48.04166667"
"PANCE","2015-12-19","","46.875"
"PANCE","2015-12-18","","49.20833333"
"PANCE","2015-12-17","","33.0"
"PANCE","2015-12-16","","49.83333333"
"PANCE","2015-12-15","","38.17391304"
"PANCE","2015-12-14","","51.54166667"
"PANCE","2015-12-13","","39.54166667"
"PANCE","2015-12-12","","46.125"
"PANCE","2015-12-11","","56.41666667"
"PANCE","2015-12-10","","45.41666667"
"PANCE","2015-12-09","","49.15"
"PANCE","2015-12-08","","45.875"
"PANCE","2015-12-07","","55.26086957"
"PANCE","2015-12-06","","40.375"
"PANCE","2015-12-05","","51.30434783"
"PANCE","2015-12-04","","68.25"
"PANCE","2015-12-03","","52.56521739"
"PANCE","2015-12-02","","55.95652174"
"PANCE","2015-12-01","","57.16666667"
"PANCE","2015-11-30","","48.52173913"
"PANCE","2015-11-29","","37.91666667"
"PANCE","2015-11-28","","43.0"
"PANCE","2015-11-27","","47.79166667"
"PANCE","2015-11-26","","44.875"
"PANCE","2015-11-25","","35.54545455"
"PANCE","2015-11-24","","37.33333333"
"PANCE","2015-11-23","","37.75"
"PANCE","2015-11-22","","25.71428571"
"PANCE","2015-11-21","","33.5"
"PANCE","2015-11-20","","31.43478261"
"PANCE","2015-11-19","","26.83333333"
"PANCE","2015-11-18","","20.7826087"
"PANCE","2015-11-17","","25.25"
"PANCE","2015-11-16","","34.625"
"PANCE","2015-11-15","","33.125"
"PANCE","2015-11-14","","42.20833333"
"PANCE","2015-11-13","","53.20833333"
"PANCE","2015-11-12","","61.26086957"
"PANCE","2015-11-11","","43.04545455"
"PANCE","2015-11-10","","41.29166667"
"PANCE","2015-11-09","","29.20833333"
"PANCE","2015-11-08","","20.33333333"
"PANCE","2015-11-07","","13.35714286"
"PANCE","2015-11-06","","24.47826087"
"PANCE","2015-11-05","","29.83333333"
"PANCE","2015-11-04","","27.125"
"PANCE","2015-11-03","","25.45833333"
"PANCE","2015-11-02","","13.59090909"
"PANCE","2015-11-01","","15.25"
"PANCE","2015-10-31","","32.20833333"
"PANCE","2015-10-30","","30.375"
"PANCE","2015-10-29","","39.04347826"
"PANCE","2015-10-28","","36.34782609"
"PANCE","2015-10-27","","33.125"
"PANCE","2015-10-26","","25.75"
"PANCE","2015-10-25","","16.25"
"PANCE","2015-10-24","","26.08333333"
"PANCE","2015-10-23","","40.5"
"PANCE","2015-10-22","","49.26086957"
"PANCE","2015-10-21","","48.66666667"
"PANCE","2015-10-20","","51.41666667"
"PANCE","2015-10-19","","42.6"
"PANCE","2015-10-18","","39.88235294"
"PANCE","2015-10-17","","37.95652174"
"PANCE","2015-10-16","","16.70833333"
"PANCE","2015-10-15","","19.5"
"PANCE","2015-10-14","","23.2173913"
"PANCE","2015-10-13","","26.54166667"
"PANCE","2015-10-12","","31.34782609"
"PANCE","2015-10-11","","20.20833333"
"PANCE","2015-10-10","","44.73684211"
"PANCE","2015-10-09","","52.13043478"
"PANCE","2015-10-08","","65.75"
"PANCE","2015-10-07","","62.64285714"
"PANCE","2015-10-06","","49.82608696"
"PANCE","2015-10-05","","48.7826087"
"PANCE","2015-10-04","","45.0"
"PANCE","2015-10-03","","46.04347826"
"PANCE","2015-10-02","","35.66666667"
"PANCE","2015-10-01","","27.66666667"
"PANCE","2015-09-30","","31.43478261"
"PANCE","2015-09-29","","68.77272727"
"PANCE","2015-09-28","","65.875"
"PANCE","2015-09-27","","49.5"
"PANCE","2015-09-26","","57.86956522"
"PANCE","2015-09-25","","56.08695652"
"PANCE","2015-09-24","","62.83333333"
"PANCE","2015-09-23","","51.20833333"
"PANCE","2015-09-22","","45.58333333"
"PANCE","2015-09-21","","45.58333333"
"PANCE","2015-09-20","","37.91666667"
"PANCE","2015-09-19","","31.66666667"
"PANCE","2015-09-18","","33.08333333"
"PANCE","2015-09-17","","46.20833333"
"PANCE","2015-09-16","","61.08333333"
"PANCE","2015-09-15","","59.17391304"
"PANCE","2015-09-14","","42.18181818"
"PANCE","2015-09-11","","25.125"
"PANCE","2015-09-10","","36.65217391"
"PANCE","2015-09-09","","33.33333333"
"PANCE","2015-09-08","","46.72727273"
"PANCE","2015-09-07","","35.27272727"
"PANCE","2015-09-06","","50.0"
"PANCE","2015-09-05","","63.16666667"
"PANCE","2015-09-04","","57.0"
"PANCE","2015-09-03","","60.08333333"
"PANCE","2015-09-02","","59.54545455"
"PANCE","2015-09-01","","62.5"
"PANCE","2015-08-31","","63.65217391"
"PANCE","2015-08-30","","82.91666667"
"PANCE","2015-08-29","","49.76923077"
"PANCE","2015-08-28","","102.0"
"PANCE","2015-08-25","","43.4375"
"PANCE","2015-08-24","","46.86956522"
"PANCE","2015-08-23","","52.125"
"PANCE","2015-08-22","","54.625"
"PANCE","2015-08-21","","47.5"
"PANCE","2015-08-20","","38.70833333"
"PANCE","2015-08-19","","41.29166667"
"PANCE","2015-08-18","","25.08333333"
"PANCE","2015-08-17","","24.16666667"
"PANCE","2015-08-16","","27.375"
"PANCE","2015-08-15","","26.30434783"
"PANCE","2015-08-14","","36.29166667"
"PANCE","2015-08-13","","55.58333333"
"PANCE","2015-08-12","","40.625"
"PANCE","2015-08-11","","41.66666667"
"PANCE","2015-08-10","","34.625"
"PANCE","2015-08-09","","44.625"
"PANCE","2015-08-08","","44.20833333"
"PANCE","2015-08-07","","46.83333333"
"PANCE","2015-08-06","","40.39130435"
"PANCE","2015-08-05","","35.875"
"PANCE","2015-08-04","","32.7826087"
"PANCE","2015-08-03","","37.33333333"
"PANCE","2015-08-02","","47.29166667"
"PANCE","2015-08-01","","44.29166667"
"PANCE","2015-07-31","","81.0"
"PANCE","2015-07-30","","30.6"
"PANCE","2015-07-29","","20.7826087"
"PANCE","2015-07-28","","38.33333333"
"PANCE","2015-07-27","","49.16666667"
"PANCE","2015-07-26","","36.0"
"PANCE","2015-07-25","","28.20833333"
"PANCE","2015-07-24","","35.17391304"
"PANCE","2015-07-23","","19.45833333"
"PANCE","2015-07-22","","22.29166667"
"PANCE","2015-07-21","","20.25"
"PANCE","2015-07-20","","8.86363636"
"PANCE","2015-07-19","","29.82608696"
"PANCE","2015-07-18","","46.54166667"
"PANCE","2015-07-17","","35.04166667"
"PANCE","2015-07-16","","34.7826087"
"PANCE","2015-07-15","","35.20833333"
"PANCE","2015-07-14","","36.29166667"
"PANCE","2015-07-13","","36.33333333"
"PANCE","2015-07-12","","38.0"
"PANCE","2015-07-11","","49.5"
"PANCE","2015-07-10","","49.52173913"
"PANCE","2015-07-09","","43.54166667"
"PANCE","2015-07-08","","20.70833333"
"PANCE","2015-07-07","","14.73913043"
"PANCE","2015-07-06","","37.79166667"
"PANCE","2015-07-05","","49.29166667"
"PANCE","2015-07-04","","68.375"
"PANCE","2015-07-03","","47.70833333"
"PANCE","2015-07-02","","40.29166667"
"PANCE","2015-07-01","","47.875"
"PANCE","2015-06-30","","40.30434783"
"PANCE","2015-06-29","","36.625"
"PANCE","2015-06-28","","25.83333333"
"PANCE","2015-06-27","","36.72727273"
"PANCE","2015-06-26","","33.13043478"
"PANCE","2015-06-25","","33.70833333"
"PANCE","2015-06-24","","24.625"
"PANCE","2015-06-23","","38.45833333"
"PANCE","2015-06-22","","26.04166667"
"PANCE","2015-06-21","","33.04166667"
"PANCE","2015-06-20","","30.70833333"
"PANCE","2015-06-19","","47.625"
"PANCE","2015-06-18","","45.125"
"PANCE","2015-06-17","","40.95652174"
"PANCE","2015-06-16","","29.875"
"PANCE","2015-06-15","","36.45833333"
"PANCE","2015-06-14","","42.08695652"
"PANCE","2015-06-13","","49.09090909"
"PANCE","2015-06-12","","25.45454545"
"PANCE","2015-06-11","","29.27777778"
"PANCE","2015-06-10","","28.13043478"
"PANCE","2015-06-09","","18.875"
"PANCE","2015-06-08","","13.08333333"
"PANCE","2015-06-07","","21.25"
"PANCE","2015-06-06","","25.79166667"
"PANCE","2015-06-05","","31.33333333"
"PANCE","2015-06-04","","40.33333333"
"PANCE","2015-06-03","","34.375"
"PANCE","2015-06-02","","35.04166667"
"PANCE","2015-06-01","","30.25"
"PANCE","2015-05-31","","22.08333333"
"PANCE","2015-05-30","","30.375"
"PANCE","2015-05-29","","20.0"
"PANCE","2015-05-28","","20.73913043"
"PANCE","2015-05-27","","18.15789474"
"PANCE","2015-05-26","","33.75"
"PANCE","2015-05-25","","19.65217391"
"PANCE","2015-05-24","","19.66666667"
"PANCE","2015-05-23","","53.25"
"PANCE","2015-05-22","","31.17391304"
"PANCE","2015-05-21","","28.04166667"
"PANCE","2015-05-20","","43.39130435"
"PANCE","2015-05-19","","30.25"
"PANCE","2015-05-18","","33.54166667"
"PANCE","2015-05-17","","29.41666667"
"PANCE","2015-05-16","","35.08333333"
"PANCE","2015-05-15","","32.58333333"
"PANCE","2015-05-14","","43.625"
"PANCE","2015-05-13","","44.29166667"
"PANCE","2015-05-12","","40.16666667"
"PANCE","2015-05-11","","35.41666667"
"PANCE","2015-05-10","","23.45833333"
"PANCE","2015-05-09","","30.30434783"
"PANCE","2015-05-08","","31.58333333"
"PANCE","2015-05-07","","22.54166667"
"PANCE","2015-05-06","","19.08333333"
"PANCE","2015-05-05","","20.08333333"
"PANCE","2015-05-04","","20.41666667"
"PANCE","2015-05-03","","15.82608696"
"PANCE","2015-05-02","","34.16666667"
"PANCE","2015-05-01","","25.83333333"
"PANCE","2015-04-30","","30.875"
"PANCE","2015-04-29","","37.0"
"PANCE","2015-04-28","","40.56521739"
"PANCE","2015-04-27","","31.625"
"PANCE","2015-04-26","","27.58333333"
"PANCE","2015-04-25","","33.0"
"PANCE","2015-04-24","","33.69565217"
"PANCE","2015-04-23","","33.5"
"PANCE","2015-04-22","","26.125"
"PANCE","2015-04-21","","18.82608696"
"PANCE","2015-04-20","","15.61538462"
"PANCE","2015-04-15","","12.69230769"
"PANCE","2015-04-14","","17.0"
"PANCE","2015-04-13","","46.625"
"PANCE","2015-04-12","","35.95833333"
"PANCE","2015-04-11","","25.95652174"
"PANCE","2015-04-10","","34.66666667"
"PANCE","2015-04-09","","27.0"
"PANCE","2015-04-08","","24.7826087"
"PANCE","2015-04-07","","20.72727273"
"PANCE","2015-04-06","","24.79166667"
"PANCE","2015-04-05","","20.625"
"PANCE","2015-04-04","","17.83333333"
"PANCE","2015-04-03","","20.375"
"PANCE","2015-04-02","","16.66666667"
"PANCE","2015-04-01","","25.91304348"
"PANCE","2015-03-31","","41.73913043"
"PANCE","2015-03-30","","21.625"
"PANCE","2015-03-29","","9.33333333"
"PANCE","2015-03-28","","24.66666667"
"PANCE","2015-03-27","","33.625"
"PANCE","2015-03-26","","29.45833333"
"PANCE","2015-03-25","","30.45833333"
"PANCE","2015-03-24","","29.25"
"PANCE","2015-03-23","","19.54166667"
"PANCE","2015-03-22","","19.2173913"
"PANCE","2015-03-21","","14.0"
"PANCE","2015-03-20","","16.5"
"PANCE","2015-03-19","","15.66666667"
"PANCE","2015-03-18","","8.1"
"PANCE","2015-03-17","","15.20833333"
"PANCE","2015-03-16","","14.8"
"PANCE","2015-03-15","","25.125"
"PANCE","2015-03-14","","11.25"
"PANCE","2015-03-13","","16.33333333"
"PANCE","2015-03-12","","14.95454545"
"PANCE","2015-03-11","","32.33333333"
"PANCE","2015-03-10","","33.39130435"
"PANCE","2015-03-09","","33.43478261"
"PANCE","2015-03-08","","32.75"
"PANCE","2015-03-07","","26.39130435"
"PANCE","2015-03-06","","29.70833333"
"PANCE","2015-03-05","","17.25"
"PANCE","2015-03-04","","9.0"
"PANCE","2015-03-03","","24.875"
"PANCE","2015-03-02","","16.43478261"
"PANCE","2015-03-01","","20.625"
"PANCE","2015-02-28","","26.66666667"
"PANCE","2015-02-27","","29.0"
"PANCE","2015-02-26","","40.45833333"
"PANCE","2015-02-25","","35.375"
"PANCE","2015-02-24","","38.5"
"PANCE","2015-02-23","","44.65217391"
"PANCE","2015-02-22","","39.29166667"
"PANCE","2015-02-21","","31.20833333"
"PANCE","2015-02-20","","28.76923077"
"PANCE","2015-02-19","","16.0"
"PANCE","2015-02-16","","28.5"
"PANCE","2015-02-15","","30.56521739"
"PANCE","2015-02-14","","36.91666667"
"PANCE","2015-02-13","","38.7"
"PANCE","2015-02-12","","33.45833333"
"PANCE","2015-02-11","","26.86956522"
"PANCE","2015-02-10","","11.45"
"PANCE","2015-02-09","","13.8"
"PANCE","2015-02-08","","12.5"
"PANCE","2015-02-07","","15.30434783"
"PANCE","2015-02-06","","31.625"
"PANCE","2015-02-05","","27.375"
"PANCE","2015-02-04","","42.83333333"
"PANCE","2015-02-03","","31.60869565"
"PANCE","2015-02-02","","28.91666667"
"PANCE","2015-02-01","","25.13043478"
"PANCE","2015-01-31","","18.625"
"PANCE","2015-01-30","","21.45833333"
"PANCE","2015-01-29","","33.58333333"
"PANCE","2015-01-28","","34.58333333"
"PANCE","2015-01-27","","22.45833333"
"PANCE","2015-01-26","","23.54166667"
"PANCE","2015-01-25","","24.875"
"PANCE","2015-01-24","","16.39130435"
"PANCE","2015-01-23","","14.25"
"PANCE","2015-01-22","","5.66666667"
"PANCE","2015-01-21","","16.66666667"
"PANCE","2015-01-20","","20.33333333"
"PANCE","2015-01-19","","12.0"
"PANCE","2015-01-18","","10.05"
"PANCE","2015-01-17","","12.39130435"
"PANCE","2015-01-16","","24.25"
"PANCE","2015-01-15","","15.17391304"
"PANCE","2015-01-14","","27.95652174"
"PANCE","2015-01-13","","35.70833333"
"PANCE","2015-01-12","","44.125"
"PANCE","2015-01-11","","36.75"
"PANCE","2015-01-10","","34.0"
"PANCE","2015-01-09","","53.0"
"PANCE","2015-01-08","","49.125"
"PANCE","2015-01-07","","40.95833333"
"PANCE","2015-01-06","","37.95652174"
"PANCE","2015-01-05","","25.16666667"
"PANCE","2015-01-04","","28.20833333"
"PANCE","2015-01-03","","27.08333333"
"PANCE","2015-01-02","","22.41666667"
"PANCE","2015-01-01","","25.45833333"
"PANCE","2014-12-31","","30.875"
"PANCE","2014-12-30","","24.0"
"PANCE","2014-12-29","","24.75"
"PANCE","2014-12-28","","9.0"
"PANCE","2014-12-04","","33.26666667"
"PANCE","2014-12-03","","34.56521739"
"PANCE","2014-12-02","","37.33333333"
"PANCE","2014-12-01","","37.33333333"
"PANCE","2014-11-30","","41.20833333"
"PANCE","2014-11-29","","36.41666667"
"PANCE","2014-11-28","","38.41666667"
"PANCE","2014-11-27","","19.54166667"
"PANCE","2014-11-26","","14.375"
"PANCE","2014-11-25","","15.91666667"
"PANCE","2014-11-24","","35.30434783"
"PANCE","2014-11-23","","23.91666667"
"PANCE","2014-11-22","","12.08333333"
"PANCE","2014-11-21","","23.25"
"PANCE","2014-11-20","","25.16666667"
"PANCE","2014-11-19","","22.375"
"PANCE","2014-11-18","","22.34782609"
"PANCE","2014-11-17","","27.125"
"PANCE","2014-11-16","","22.95833333"
"PANCE","2014-11-15","","17.79166667"
"PANCE","2014-11-14","","27.875"
"PANCE","2014-11-13","","19.95833333"
"PANCE","2014-11-12","","11.40909091"
"PANCE","2014-11-11","","14.34782609"
"PANCE","2014-11-10","","8.23809524"
"PANCE","2014-11-09","","16.20833333"
"PANCE","2014-11-08","","10.0"
"PANCE","2014-11-07","","23.25"
"PANCE","2014-11-06","","10.75"
"PANCE","2014-11-05","","11.5"
"PANCE","2014-11-04","","18.69565217"
"PANCE","2014-11-03","","23.0"
"PANCE","2014-11-02","","20.625"
"PANCE","2014-11-01","","27.58333333"
"PANCE","2014-10-31","","11.16666667"
"PANCE","2014-10-30","","15.5"
"PANCE","2014-10-29","","27.7826087"
"PANCE","2014-10-28","","32.33333333"
"PANCE","2014-10-27","","29.16666667"
"PANCE","2014-10-26","","12.47619048"
"PANCE","2014-10-25","","8.80952381"
"PANCE","2014-10-24","","23.875"
"PANCE","2014-10-23","","17.04166667"
"PANCE","2014-10-22","","27.46666667"
"PANCE","2014-10-21","","23.0"
"PANCE","2014-10-20","","21.70588235"
"PANCE","2014-10-19","","6.45454545"
"PANCE","2014-10-18","","14.0"
"PANCE","2014-10-17","","34.375"
"PANCE","2014-10-16","","46.125"
"PANCE","2014-10-15","","35.625"
"PANCE","2014-10-14","","31.26086957"
"PANCE","2014-10-13","","31.72222222"
"PANCE","2014-10-12","","30.60869565"
"PANCE","2014-10-11","","16.56521739"
"PANCE","2014-10-10","","19.5"
"PANCE","2014-10-09","","18.85714286"
"PANCE","2014-10-08","","6.72727273"
"PANCE","2014-10-07","","21.36363636"
"PANCE","2014-10-06","","23.04347826"
"PANCE","2014-10-05","","11.125"
"PANCE","2014-10-04","","32.5"
"PANCE","2014-10-03","","39.66666667"
"PANCE","2014-10-02","","57.16666667"
"PANCE","2014-10-01","","43.04166667"
"PANCE","2014-09-30","","34.0"
"PANCE","2014-09-29","","31.33333333"
"PANCE","2014-09-28","","34.33333333"
"PANCE","2014-09-27","","34.0"
"PANCE","2014-09-26","","34.91666667"
"PANCE","2014-09-25","","38.58333333"
"PANCE","2014-09-24","","31.25"
"PANCE","2014-09-23","","22.16666667"
"PANCE","2014-09-22","","11.17391304"
"PANCE","2014-09-21","","22.83333333"
"PANCE","2014-09-20","","16.5"
"PANCE","2014-09-19","","30.79166667"
"PANCE","2014-09-18","","22.79166667"
"PANCE","2014-09-17","","36.47826087"
"PANCE","2014-09-16","","48.5"
"PANCE","2014-09-15","","24.625"
"PANCE","2014-09-14","","31.5"
"PANCE","2014-09-13","","52.54166667"
"PANCE","2014-09-12","","55.75"
"PANCE","2014-09-11","","57.58333333"
"PANCE","2014-09-10","","46.20833333"
"PANCE","2014-09-09","","50.73913043"
"PANCE","2014-09-08","","52.04166667"
"PANCE","2014-09-07","","41.04166667"
"PANCE","2014-09-06","","49.0"
"PANCE","2014-09-05","","45.66666667"
"PANCE","2014-09-04","","46.43478261"
"PANCE","2014-09-03","","42.83333333"
"PANCE","2014-09-02","","45.54166667"
"PANCE","2014-09-01","","79.77777778"
"PANCE","2014-08-29","","28.0"
"PANCE","2014-08-28","","46.52173913"
"PANCE","2014-08-27","","28.54166667"
"PANCE","2014-08-26","","44.375"
"PANCE","2014-08-25","","46.25"
"PANCE","2014-08-24","","42.75"
"PANCE","2014-08-23","","50.29166667"
"PANCE","2014-08-22","","69.04347826"
"PANCE","2014-08-21","","48.54166667"
"PANCE","2014-08-20","","45.25"
"PANCE","2014-08-19","","36.66666667"
"PANCE","2014-08-18","","44.875"
"PANCE","2014-08-17","","50.04166667"
"PANCE","2014-08-16","","55.33333333"
"PANCE","2014-08-15","","71.125"
"PANCE","2014-08-14","","34.47826087"
"PANCE","2014-08-13","","42.43478261"
"PANCE","2014-08-12","","48.06666667"
"PANCE","2014-08-11","","32.0"
"PANCE","2014-08-08","","39.61111111"
"PANCE","2014-08-07","","37.0"
"PANCE","2014-08-06","","49.41666667"
"PANCE","2014-08-05","","58.625"
"PANCE","2014-08-04","","44.34782609"
"PANCE","2014-08-03","","32.875"
"PANCE","2014-08-02","","63.45833333"
"PANCE","2014-08-01","","50.7826087"
"PANCE","2014-07-31","","50.47826087"
"PANCE","2014-07-30","","40.16666667"
"PANCE","2014-07-29","","39.91666667"
"PANCE","2014-07-28","","38.08333333"
"PANCE","2014-07-27","","41.79166667"
"PANCE","2014-07-26","","41.58333333"
"PANCE","2014-07-25","","40.375"
"PANCE","2014-07-24","","43.79166667"
"PANCE","2014-07-23","","38.29166667"
"PANCE","2014-07-22","","47.33333333"
"PANCE","2014-07-21","","37.95833333"
"PANCE","2014-07-20","","43.20833333"
"PANCE","2014-07-19","","42.0"
"PANCE","2014-07-18","","37.59090909"
"PANCE","2014-07-17","","46.08695652"
"PANCE","2014-07-16","","55.45833333"
"PANCE","2014-07-15","","46.91666667"
"PANCE","2014-07-14","","36.54166667"
"PANCE","2014-07-13","","30.16666667"
"PANCE","2014-07-12","","38.91666667"
"PANCE","2014-07-11","","45.66666667"
"PANCE","2014-07-10","","41.66666667"
"PANCE","2014-07-09","","41.08333333"
"PANCE","2014-07-08","","39.54166667"
"PANCE","2014-07-07","","35.41666667"
"PANCE","2014-07-06","","26.7826087"
"PANCE","2014-07-05","","28.70833333"
"PANCE","2014-07-04","","27.04166667"
"PANCE","2014-07-03","","29.20833333"
"PANCE","2014-07-02","","18.79166667"
"PANCE","2014-07-01","","27.52173913"
"PANCE","2014-06-30","","22.0"
"PANCE","2014-06-29","","37.08333333"
"PANCE","2014-06-28","","36.29166667"
"PANCE","2014-06-27","","35.04166667"
"PANCE","2014-06-26","","33.54166667"
"PANCE","2014-06-25","","22.08333333"
"PANCE","2014-06-24","","33.20833333"
"PANCE","2014-06-23","","43.33333333"
"PANCE","2014-06-22","","50.70833333"
"PANCE","2014-06-21","","44.45833333"
"PANCE","2014-06-20","","30.66666667"
"PANCE","2014-06-19","","38.83333333"
"PANCE","2014-06-18","","43.125"
"PANCE","2014-06-17","","34.70833333"
"PANCE","2014-06-16","","35.625"
"PANCE","2014-06-15","","27.375"
"PANCE","2014-06-14","","40.16666667"
"PANCE","2014-06-13","","39.04166667"
"PANCE","2014-06-12","","38.29166667"
"PANCE","2014-06-11","","38.41666667"
"PANCE","2014-06-10","","36.83333333"
"PANCE","2014-06-09","","32.20833333"
"PANCE","2014-06-08","","18.5"
"PANCE","2014-06-07","","22.70833333"
"PANCE","2014-06-06","","37.60869565"
"PANCE","2014-06-05","","37.95833333"
"PANCE","2014-06-04","","39.45833333"
"PANCE","2014-06-03","","27.625"
"PANCE","2014-06-02","","17.83333333"
"PANCE","2014-06-01","","29.20833333"
"PANCE","2014-05-31","","35.75"
"PANCE","2014-05-30","","30.83333333"
"PANCE","2014-05-29","","16.35714286"
"PANCE","2014-05-28","","23.4"
"PANCE","2014-05-27","","41.39130435"
"PANCE","2014-05-26","","44.0"
"PANCE","2014-05-25","","30.91666667"
"PANCE","2014-05-24","","26.625"
"PANCE","2014-05-23","","37.8"
"PANCE","2014-05-22","","37.88888889"
"PANCE","2014-05-21","","37.43478261"
"PANCE","2014-05-20","","32.79166667"
"PANCE","2014-05-19","","26.375"
"PANCE","2014-05-18","","29.66666667"
"PANCE","2014-05-17","","41.45833333"
"PANCE","2014-05-16","","34.25"
"PANCE","2014-05-15","","25.75"
"PANCE","2014-05-14","","27.54166667"
"PANCE","2014-05-13","","31.41666667"
"PANCE","2014-05-12","","20.41666667"
"PANCE","2014-05-11","","10.13043478"
"PANCE","2014-05-10","","19.70833333"
"PANCE","2014-05-09","","11.34782609"
"PANCE","2014-05-08","","22.41666667"
"PANCE","2014-05-07","","19.66666667"
"PANCE","2014-05-06","","21.625"
"PANCE","2014-05-05","","22.54166667"
"PANCE","2014-05-04","","18.91666667"
"PANCE","2014-05-03","","20.04166667"
"PANCE","2014-05-02","","20.5"
"PANCE","2014-05-01","","25.375"
"PANCE","2014-04-30","","26.47826087"
"PANCE","2014-04-29","","21.33333333"
"PANCE","2014-04-28","","19.91666667"
"PANCE","2014-04-27","","12.54166667"
"PANCE","2014-04-26","","11.125"
"PANCE","2014-04-25","","30.86956522"
"PANCE","2014-04-24","","22.125"
"PANCE","2014-04-23","","13.90909091"
"PANCE","2014-04-22","","23.08333333"
"PANCE","2014-04-21","","33.79166667"
"PANCE","2014-04-20","","30.70833333"
"PANCE","2014-04-19","","27.75"
"PANCE","2014-04-18","","27.29166667"
"PANCE","2014-04-17","","29.30434783"
"PANCE","2014-04-16","","29.20833333"
"PANCE","2014-04-15","","17.0"
"PANCE","2014-04-14","","38.90909091"
"PANCE","2014-04-13","","39.95833333"
"PANCE","2014-04-12","","43.58333333"
"PANCE","2014-04-11","","42.41666667"
"PANCE","2014-04-10","","34.20833333"
"PANCE","2014-04-09","","31.04166667"
"PANCE","2014-04-08","","30.04545455"
"PANCE","2014-04-07","","28.54166667"
"PANCE","2014-04-06","","31.91666667"
"PANCE","2014-04-05","","35.625"
"PANCE","2014-04-04","","31.04166667"
"PANCE","2014-04-03","","31.875"
"PANCE","2014-04-02","","51.79166667"
"PANCE","2014-04-01","","50.66666667"
"PANCE","2014-03-31","","49.375"
"PANCE","2014-03-30","","64.0"
"PANCE","2014-03-29","","30.35714286"
"PANCE","2014-03-28","","38.69565217"
"PANCE","2014-03-27","","27.125"
"PANCE","2014-03-26","","20.79166667"
"PANCE","2014-03-25","","27.54166667"
"PANCE","2014-03-24","","22.79166667"
"PANCE","2014-03-23","","36.66666667"
"PANCE","2014-03-22","","33.04166667"
"PANCE","2014-03-21","","27.0"
"PANCE","2014-03-20","","48.70833333"
"PANCE","2014-03-19","","51.08333333"
"PANCE","2014-03-18","","35.91666667"
"PANCE","2014-03-17","","28.625"
"PANCE","2014-03-16","","36.75"
"PANCE","2014-03-15","","36.54166667"
"PANCE","2014-03-14","","33.79166667"
"PANCE","2014-03-13","","35.625"
"PANCE","2014-03-12","","34.625"
"PANCE","2014-03-11","","28.0"
"PANCE","2014-03-10","","22.58333333"
"PANCE","2014-03-09","","18.09090909"
"PANCE","2014-03-08","","23.91666667"
"PANCE","2014-03-07","","26.54166667"
"PANCE","2014-03-06","","29.13043478"
"PANCE","2014-03-05","","26.875"
"PANCE","2014-03-04","","33.20833333"
"PANCE","2014-03-03","","18.58333333"
"PANCE","2014-03-02","","18.91666667"
"PANCE","2014-03-01","","13.0"
"PANCE","2014-02-28","","22.30434783"
"PANCE","2014-02-27","","21.56521739"
"PANCE","2014-02-26","","29.79166667"
"PANCE","2014-02-25","","28.41666667"
"PANCE","2014-02-24","","24.25"
"PANCE","2014-02-23","","23.16666667"
"PANCE","2014-02-22","","21.75"
"PANCE","2014-02-21","","30.875"
"PANCE","2014-02-20","","31.52173913"
"PANCE","2014-02-19","","29.79166667"
"PANCE","2014-02-18","","31.86956522"
"PANCE","2014-02-17","","28.6"
"PANCE","2014-02-16","","32.0"
"PANCE","2014-02-12","","21.86956522"
"PANCE","2014-02-11","","47.45833333"
"PANCE","2014-02-10","","38.70833333"
"PANCE","2014-02-09","","31.2173913"
"PANCE","2014-02-08","","48.875"
"PANCE","2014-02-07","","45.04166667"
"PANCE","2014-02-06","","50.0"
"PANCE","2014-02-05","","21.83333333"
"PANCE","2014-02-04","","35.45833333"
"PANCE","2014-02-03","","37.75"
"PANCE","2014-02-02","","26.0"
"PANCE","2014-02-01","","42.875"
"PANCE","2014-01-31","","30.91666667"
"PANCE","2014-01-30","","16.66666667"
"PANCE","2014-01-29","","26.125"
"PANCE","2014-01-28","","38.83333333"
"PANCE","2014-01-27","","26.41666667"
"PANCE","2014-01-26","","16.125"
"PANCE","2014-01-25","","26.5"
"PANCE","2014-01-24","","39.375"
"PANCE","2014-01-23","","36.95833333"
"PANCE","2014-01-22","","36.625"
"PANCE","2014-01-21","","20.58333333"
"PANCE","2014-01-20","","20.375"
"PANCE","2014-01-19","","27.95833333"
"PANCE","2014-01-18","","44.66666667"
"PANCE","2014-01-17","","38.08333333"
"PANCE","2014-01-16","","43.14285714"
"PANCE","2014-01-15","","52.0"
"PANCE","2014-01-14","","25.8"
"PANCE","2014-01-13","","25.39130435"
"PANCE","2014-01-12","","28.625"
"PANCE","2014-01-11","","22.0"
"PANCE","2014-01-10","","15.16666667"
"PANCE","2014-01-09","","27.83333333"
"PANCE","2014-01-08","","15.70833333"
"PANCE","2014-01-07","","18.95833333"
"PANCE","2014-01-06","","9.91666667"
"PANCE","2014-01-05","","30.66666667"
"PANCE","2014-01-04","","32.375"
"PANCE","2014-01-03","","19.16666667"
"PANCE","2014-01-02","","17.20833333"
"PANCE","2014-01-01","","14.75"
"PANCE","2013-12-31","","16.66666667"
"PANCE","2013-12-30","","23.66666667"
"PANCE","2013-12-29","","28.625"
"PANCE","2013-12-28","","38.04166667"
"PANCE","2013-12-27","","37.75"
"PANCE","2013-12-26","","27.04166667"
"PANCE","2013-12-25","","29.375"
"PANCE","2013-12-24","","31.33333333"
"PANCE","2013-12-23","","13.625"
"PANCE","2013-12-22","","23.875"
"PANCE","2013-12-21","","19.95652174"
"PANCE","2013-12-20","","38.66666667"
"PANCE","2013-12-19","","26.5"
"PANCE","2013-12-18","","27.29166667"
"PANCE","2013-12-17","","24.875"
"PANCE","2013-12-16","","30.53846154"
"PANCE","2013-12-15","","37.71428571"
"PANCE","2013-12-14","","31.34782609"
"PANCE","2013-12-13","","33.95833333"
"PANCE","2013-12-12","","39.83333333"
"PANCE","2013-12-11","","40.83333333"
"PANCE","2013-12-10","","32.25"
"PANCE","2013-12-09","","27.45833333"
"PANCE","2013-12-08","","14.91666667"
"PANCE","2013-12-07","","17.54166667"
"PANCE","2013-12-06","","28.2173913"
"PANCE","2013-12-05","","41.5"
"PANCE","2013-12-04","","35.83333333"
"PANCE","2013-12-03","","26.54166667"
"PANCE","2013-12-02","","14.25"
"PANCE","2013-12-01","","24.125"
"PANCE","2013-11-30","","15.91666667"
"PANCE","2013-11-29","","25.08333333"
"PANCE","2013-11-28","","19.70833333"
"PANCE","2013-11-27","","18.625"
"PANCE","2013-11-26","","20.95833333"
"PANCE","2013-11-25","","19.66666667"
"PANCE","2013-11-24","","16.95833333"
"PANCE","2013-11-23","","31.66666667"
"PANCE","2013-11-22","","25.83333333"
"PANCE","2013-11-21","","27.33333333"
"PANCE","2013-11-20","","18.08333333"
"PANCE","2013-11-19","","20.625"
"PANCE","2013-11-18","","27.79166667"
"PANCE","2013-11-17","","28.08695652"
"PANCE","2013-11-16","","40.04166667"
"PANCE","2013-11-15","","31.45833333"
"PANCE","2013-11-14","","44.26086957"
"PANCE","2013-11-13","","48.0"
"PANCE","2013-11-07","","39.73333333"
"PANCE","2013-11-06","","36.20833333"
"PANCE","2013-11-05","","33.86666667"
"PANCE","2013-10-29","","32.4375"
"PANCE","2013-10-28","","34.75"
"PANCE","2013-10-27","","24.79166667"
"PANCE","2013-10-26","","29.5"
"PANCE","2013-10-25","","47.5"
"PANCE","2013-10-24","","37.70833333"
"PANCE","2013-10-23","","35.45833333"
"PANCE","2013-10-22","","20.79166667"
"PANCE","2013-10-21","","23.08333333"
"PANCE","2013-10-20","","39.875"
"PANCE","2013-10-19","","42.86956522"
"PANCE","2013-10-18","","42.25"
"PANCE","2013-10-17","","30.75"
"PANCE","2013-10-16","","39.13043478"
"PANCE","2013-10-15","","23.95833333"
"PANCE","2013-10-14","","14.95833333"
"PANCE","2013-10-13","","17.5"
"PANCE","2013-10-12","","25.625"
"PANCE","2013-10-11","","41.0"
"PANCE","2013-10-10","","41.07142857"
"PANCE","2013-10-07","","39.14285714"
"PANCE","2013-10-06","","38.17391304"
"PANCE","2013-10-05","","46.54166667"
"PANCE","2013-10-04","","30.33333333"
"PANCE","2013-10-03","","32.66666667"
"PANCE","2013-10-02","","44.16666667"
"PANCE","2013-10-01","","35.625"
"PANCE","2013-09-30","","31.58333333"
"PANCE","2013-09-29","","15.04347826"
"PANCE","2013-09-28","","33.375"
"PANCE","2013-09-27","","45.66666667"
"PANCE","2013-09-26","","42.58333333"
"PANCE","2013-09-25","","40.625"
"PANCE","2013-09-24","","40.79166667"
"PANCE","2013-09-23","","36.91666667"
"PANCE","2013-09-22","","44.0"
"PANCE","2013-09-21","","44.45833333"
"PANCE","2013-09-20","","59.875"
"PANCE","2013-09-19","","52.75"
"PANCE","2013-09-18","","35.29166667"
"PANCE","2013-09-17","","32.19047619"
"PANCE","2013-09-16","","32.70833333"
"PANCE","2013-09-15","","31.41666667"
"PANCE","2013-09-14","","45.33333333"
"PANCE","2013-09-13","","37.58333333"
"PANCE","2013-09-12","","31.58333333"
"PANCE","2013-09-11","","33.0"
"PANCE","2013-09-10","","18.375"
"PANCE","2013-09-09","","23.58333333"
"PANCE","2013-09-08","","33.79166667"
"PANCE","2013-09-07","","33.54166667"
"PANCE","2013-09-06","","23.75"
"PANCE","2013-09-05","","42.33333333"
"PANCE","2013-09-04","","42.13636364"
"PANCE","2013-09-03","","54.54166667"
"PANCE","2013-09-02","","41.83333333"
"PANCE","2013-09-01","","57.58333333"
"PANCE","2013-08-10","","33.33333333"
"PANCE","2013-08-09","","34.20833333"
"PANCE","2013-08-08","","21.125"
"PANCE","2013-08-07","","31.60869565"
"PANCE","2013-08-06","","47.625"
"PANCE","2013-08-05","","38.25"
"PANCE","2013-08-04","","39.125"
"PANCE","2013-08-03","","41.875"
"PANCE","2013-08-02","","36.125"
"PANCE","2013-08-01","","45.42857143"
"PANCE","2013-07-30","","23.66666667"
"PANCE","2013-07-29","","36.0"
"PANCE","2013-07-28","","50.33333333"
"PANCE","2013-07-27","","38.25"
"PANCE","2013-07-26","","36.27272727"
"PANCE","2013-07-25","","47.0"
"PANCE","2013-07-24","","43.27272727"
"PANCE","2013-07-23","","43.875"
"PANCE","2013-07-22","","32.92307692"
"PANCE","2013-07-21","","39.23809524"
"PANCE","2013-07-20","","36.26086957"
"PANCE","2013-07-19","","37.26086957"
"PANCE","2013-07-18","","47.39130435"
"PANCE","2013-07-17","","45.0"
"PANCE","2013-07-16","","57.13043478"
"PANCE","2013-07-15","","42.66666667"
"PANCE","2013-07-14","","49.73913043"
"PANCE","2013-07-13","","28.29166667"
"PANCE","2013-07-12","","38.95833333"
"PANCE","2013-07-11","","41.125"
"PANCE","2013-07-10","","46.57142857"
"PANCE","2013-07-04","","38.0"
"PANCE","2013-07-03","","48.625"
"PANCE","2013-07-02","","48.41666667"
"PANCE","2013-07-01","","21.79166667"
"PANCE","2013-06-30","","40.04166667"
"PANCE","2013-06-29","","30.625"
"PANCE","2013-06-28","","35.20833333"
"PANCE","2013-06-27","","39.91666667"
"PANCE","2013-06-26","","46.52173913"
"PANCE","2013-06-25","","46.25"
"PANCE","2013-06-24","","33.04166667"
"PANCE","2013-06-23","","49.41666667"
"PANCE","2013-06-22","","48.25"
"PANCE","2013-06-21","","38.91666667"
"PANCE","2013-06-20","","38.33333333"
"PANCE","2013-06-19","","36.0"
"PANCE","2013-06-18","","44.54166667"
"PANCE","2013-06-17","","34.29166667"
"PANCE","2013-06-16","","35.33333333"
"PANCE","2013-06-15","","31.875"
"PANCE","2013-06-14","","24.54166667"
"PANCE","2013-06-13","","39.45833333"
"PANCE","2013-06-12","","32.20833333"
"PANCE","2013-06-11","","33.75"
"PANCE","2013-06-10","","44.04166667"
"PANCE","2013-06-09","","35.25"
"PANCE","2013-06-08","","58.08333333"
"PANCE","2013-06-07","","53.39130435"
"PANCE","2013-06-06","","42.45833333"
"PANCE","2013-06-05","","33.04166667"
"PANCE","2013-06-04","","41.25"
"PANCE","2013-06-03","","30.25"
"PANCE","2013-06-02","","23.79166667"
"PANCE","2013-06-01","","21.75"
"PANCE","2013-05-31","","13.43478261"
"PANCE","2013-05-30","","22.45833333"
"PANCE","2013-05-29","","22.54166667"
"PANCE","2013-05-28","","24.20833333"
"PANCE","2013-05-27","","30.92857143"
"PANCE","2013-05-25","","28.47058824"
"PANCE","2013-05-24","","29.33333333"
"PANCE","2013-05-23","","15.58333333"
"PANCE","2013-05-22","","19.95833333"
"PANCE","2013-05-21","","10.04166667"
"PANCE","2013-05-20","","28.8"
"PANCE","2013-05-19","","28.46666667"
"PANCE","2013-05-18","","32.54166667"
"PANCE","2013-05-17","","25.66666667"
"PANCE","2013-05-16","","18.125"
"PANCE","2013-05-15","","21.58333333"
"PANCE","2013-05-14","","31.58333333"
"PANCE","2013-05-13","","32.875"
"PANCE","2013-05-12","","29.16666667"
"PANCE","2013-05-11","","30.29166667"
"PANCE","2013-05-10","","27.83333333"
"PANCE","2013-05-09","","21.04166667"
"PANCE","2013-05-08","","41.23076923"
"PANCE","2013-04-28","","17.66666667"
"PANCE","2013-04-27","","15.25"
"PANCE","2013-04-26","","22.875"
"PANCE","2013-04-25","","20.30769231"
"PANCE","2013-04-19","","13.0"
"PANCE","2013-04-18","","18.66666667"
"PANCE","2013-04-17","","29.91666667"
"PANCE","2013-04-16","","35.25"
"PANCE","2013-04-15","","31.04166667"
"PANCE","2013-04-14","","32.95833333"
"PANCE","2013-04-13","","44.79166667"
"PANCE","2013-04-12","","35.04166667"
"PANCE","2013-04-11","","28.125"
"PANCE","2013-04-10","","42.625"
"PANCE","2013-04-09","","35.66666667"
"PANCE","2013-04-05","","37.83333333"
"PANCE","2013-04-04","","51.04347826"
"PANCE","2013-04-03","","34.66666667"
"PANCE","2013-04-02","","30.39130435"
"PANCE","2013-04-01","","39.38461538"
"PANCE","2013-03-19","","19.0"
"PANCE","2013-03-14","","19.75"
"PANCE","2013-03-13","","19.25"
"PANCE","2013-03-12","","32.375"
"PANCE","2013-03-11","","37.04166667"
"PANCE","2013-03-10","","34.95833333"
"PANCE","2013-03-09","","46.75"
"PANCE","2013-03-08","","40.125"
"PANCE","2013-03-07","","15.33333333"
"PANCE","2013-03-05","","46.4"
"PANCE","2013-03-04","","50.08695652"
"PANCE","2013-03-03","","31.375"
"PANCE","2013-03-02","","40.125"
"PANCE","2013-03-01","","13.20833333"
"PANCE","2013-02-28","","24.58823529"
"PANCE","2005-12-16","","28.585"
"PANCE","2005-12-15","","42.61"
"PANCE","2005-12-14","","8.25833333"
"PANCE","2005-12-13","","26.12458333"
"PANCE","2005-12-12","","17.9775"
"PANCE","2005-12-11","","28.78791667"
"PANCE","2005-12-10","","27.8125"
"PANCE","2005-12-09","","17.67173913"
"PANCE","2005-12-08","","19.51583333"
"PANCE","2005-12-07","","16.42363636"
"PANCE","2005-12-06","","10.33375"
"PANCE","2005-12-05","","4.63375"
"PANCE","2005-12-04","","14.22833333"
"PANCE","2005-12-03","","25.5075"
"PANCE","2005-12-02","","23.195"
"PANCE","2005-12-01","","21.575"
"PANCE","2005-11-30","","19.30791667"
"PANCE","2005-11-29","","18.03708333"
"PANCE","2005-11-28","","19.64291667"
"PANCE","2005-11-27","","17.97958333"
"PANCE","2005-11-26","","25.93"
"PANCE","2005-11-25","","27.19"
"PANCE","2005-11-24","","26.21416667"
"PANCE","2005-11-23","","8.20791667"
"PANCE","2005-11-22","","5.034"
"PANCE","2005-11-21","","10.10083333"
"PANCE","2005-11-20","","15.74208333"
"PANCE","2005-11-19","","19.21833333"
"PANCE","2005-11-17","","3.58916667"
"PANCE","2005-11-16","","6.39318182"
"PANCE","2005-11-15","","5.76611111"
"PANCE","2005-11-14","","7.65125"
"PANCE","2005-11-13","","7.29916667"
"PANCE","2005-11-12","","7.7525"
"PANCE","2005-11-11","","2.72708333"
"PANCE","2005-11-10","","3.60583333"
"PANCE","2005-11-09","","6.30041667"
"PANCE","2005-11-08","","5.04625"
"PANCE","2005-11-07","","2.6525"
"PANCE","2005-11-06","","8.60458333"
"PANCE","2005-11-05","","8.39541667"
"PANCE","2005-11-04","","6.68625"
"PANCE","2005-11-03","","16.27833333"
"PANCE","2005-11-02","","17.42208333"
"PANCE","2005-11-01","","4.87416667"
"PANCE","2005-10-31","","9.51125"
"PANCE","2005-10-30","","9.51333333"
"PANCE","2005-10-29","","9.76375"
"PANCE","2005-10-28","","8.70083333"
"PANCE","2005-10-27","","14.26434783"
"PANCE","2005-10-26","","14.61125"
"PANCE","2005-10-25","","8.09583333"
"PANCE","2005-10-24","","5.46583333"
"PANCE","2005-10-23","","5.05791667"
"PANCE","2005-10-22","","4.40958333"
"PANCE","2005-10-21","","6.32222222"
"PANCE","2005-10-20","","6.35208333"
"PANCE","2005-10-19","","15.37416667"
"PANCE","2005-10-18","","3.87041667"
"PANCE","2005-10-17","","9.26791667"
"PANCE","2005-10-16","","8.89083333"
"PANCE","2005-10-14","","11.49875"
"PANCE","2005-10-13","","7.99166667"
"PANCE","2005-10-12","","0.41761905"
"PANCE","2005-10-11","","0.07708333"
"PANCE","2005-10-10","","0.08541667"
"PANCE","2005-10-09","","0.0875"
"PANCE","2005-10-08","","0.07291667"
"PANCE","2005-10-07","","0.0675"
"PANCE","2005-10-06","","0.08416667"
"PANCE","2005-10-05","","0.08083333"
"PANCE","2005-10-04","","0.09166667"
"PANCE","2005-10-03","","0.07708333"
"PANCE","2005-10-02","","0.09083333"
"PANCE","2005-10-01","","0.07916667"
"PANCE","2005-06-29","","9.57791667"
"PANCE","2005-06-28","","9.06375"
"PANCE","2005-06-27","","15.29041667"
"PANCE","2005-06-26","","25.09347826"
"PANCE","2005-06-25","","22.28333333"
"PANCE","2005-06-24","","19.3675"
"PANCE","2005-06-23","","19.82833333"
"PANCE","2005-06-22","","16.0475"
"PANCE","2005-06-21","","20.23583333"
"PANCE","2005-06-20","","13.62708333"
"PANCE","2005-06-19","","23.017"
"PANCE","2005-06-18","","23.07375"
"PANCE","2005-06-17","","27.4675"
"PANCE","2005-06-16","","25.88052632"
"PANCE","2005-06-15","","20.60291667"
"PANCE","2005-06-14","","13.68625"
"PANCE","2005-06-13","","17.36875"
"PANCE","2005-06-12","","10.42875"
"PANCE","2005-06-11","","24.02583333"
"PANCE","2005-06-10","","26.71416667"
"PANCE","2005-06-09","","24.64083333"
"PANCE","2005-06-08","","20.91541667"
"PANCE","2005-06-07","","11.58625"
"PANCE","2005-06-06","","6.82708333"
"PANCE","2005-06-05","","9.07666667"
"PANCE","2005-06-04","","28.14291667"
"PANCE","2005-06-03","","26.56541667"
"PANCE","2005-06-02","","15.5825"
"PANCE","2005-06-01","","28.84133333"
"PANCE","2005-05-31","","20.83916667"
"PANCE","2005-05-30","","13.97916667"
"PANCE","2005-05-29","","16.72625"
"PANCE","2005-05-28","","22.55833333"
"PANCE","2005-05-27","","18.96583333"
"PANCE","2005-05-26","","16.42458333"
"PANCE","2005-05-25","","17.74"
"PANCE","2005-05-24","","10.11458333"
"PANCE","2005-05-23","","9.87375"
"PANCE","2005-05-22","","19.59421053"
"PANCE","2005-05-21","","17.66708333"
"PANCE","2005-05-20","","23.42375"
"PANCE","2005-05-19","","19.5175"
"PANCE","2005-05-18","","9.56541667"
"PANCE","2005-05-17","","12.99791667"
"PANCE","2005-05-16","","8.5525"
"PANCE","2005-05-15","","7.81157895"
"PANCE","2005-05-14","","12.62541667"
"PANCE","2005-05-13","","22.4825"
"PANCE","2005-05-12","","23.94166667"
"PANCE","2005-05-11","","25.2725"
"PANCE","2005-05-10","","13.18291667"
"PANCE","2005-05-09","","8.91043478"
"PANCE","2005-05-08","","9.69458333"
"PANCE","2005-05-07","","18.38625"
"PANCE","2005-05-06","","12.33291667"
"PANCE","2005-05-05","","18.02916667"
"PANCE","2005-05-04","","13.37291667"
"PANCE","2005-05-03","","8.78875"
"PANCE","2005-05-02","","13.26708333"
"PANCE","2005-05-01","","16.62333333"
"PANCE","2005-04-30","","10.46083333"
"PANCE","2005-04-29","","16.9175"
"PANCE","2005-04-28","","18.62833333"
"PANCE","2005-04-27","","22.73708333"
"PANCE","2005-04-26","","13.26875"
"PANCE","2005-04-25","","11.74375"
"PANCE","2005-04-24","","7.86458333"
"PANCE","2005-04-23","","12.22052632"
"PANCE","2005-04-22","","30.37041667"
"PANCE","2005-04-21","","20.19333333"
"PANCE","2005-04-20","","10.99526316"
"PANCE","2005-04-19","","24.42541667"
"PANCE","2005-04-18","","27.28875"
"PANCE","2005-04-17","","23.60833333"
"PANCE","2005-04-16","","41.82333333"
"PANCE","2005-04-15","","47.02458333"
"PANCE","2005-04-14","","27.55"
"PANCE","2005-04-13","","24.88958333"
"PANCE","2005-04-12","","23.31875"
"PANCE","2005-04-11","","12.67791667"
"PANCE","2005-04-10","","20.18166667"
"PANCE","2005-04-09","","21.24416667"
"PANCE","2005-04-08","","14.81833333"
"PANCE","2005-04-07","","23.20375"
"PANCE","2005-04-06","","24.95375"
"PANCE","2005-04-05","","24.94875"
"PANCE","2005-04-04","","20.13583333"
"PANCE","2005-04-03","","20.4225"
"PANCE","2005-04-02","","22.52291667"
"PANCE","2005-04-01","","18.73166667"
"PANCE","2005-03-31","","23.64916667"
"PANCE","2005-03-30","","14.05666667"
"PANCE","2005-03-29","","8.77916667"
"PANCE","2005-03-28","","13.99958333"
"PANCE","2005-03-27","","10.06083333"
"PANCE","2005-03-26","","10.16363636"
"PANCE","2005-03-25","","7.55333333"
"PANCE","2005-03-24","","28.62958333"
"PANCE","2005-03-23","","32.79083333"
"PANCE","2005-03-22","","24.69583333"
"PANCE","2005-03-21","","13.28590909"
"PANCE","2005-03-20","","11.99708333"
"PANCE","2005-03-19","","14.15583333"
"PANCE","2005-03-18","","14.15458333"
"PANCE","2005-03-17","","26.12708333"
"PANCE","2005-03-16","","26.64958333"
"PANCE","2005-03-15","","25.4725"
"PANCE","2005-03-14","","17.53833333"
"PANCE","2005-03-13","","12.64541667"
"PANCE","2005-03-12","","27.09625"
"PANCE","2005-03-11","","19.86833333"
"PANCE","2005-03-10","","8.72458333"
"PANCE","2005-03-09","","11.35708333"
"PANCE","2005-03-08","","16.26458333"
"PANCE","2005-03-07","","7.00125"
"PANCE","2005-03-06","","13.54416667"
"PANCE","2005-03-05","","9.84166667"
"PANCE","2005-03-04","","12.6675"
"PANCE","2005-03-03","","23.65958333"
"PANCE","2005-03-02","","20.82416667"
"PANCE","2005-02-28","","17.32833333"
"PANCE","2005-02-27","","21.80333333"
"PANCE","2005-02-26","","26.00875"
"PANCE","2005-02-25","","30.15125"
"PANCE","2005-02-24","","3.93727273"
"PANCE","2004-10-30","","0.10888889"
"PANCE","2004-10-29","","0.116"
"PANCE","2004-10-28","","2.5365"
"PANCE","2004-10-27","","0.11117647"
"PANCE","2004-10-26","","0.11545455"
"PANCE","2004-10-25","","18.39941176"
"PANCE","2004-10-24","","17.51333333"
"PANCE","2004-10-23","","9.8525"
"PANCE","2004-10-22","","18.43833333"
"PANCE","2004-10-21","","5.73416667"
"PANCE","2004-10-20","","6.30388889"
"PANCE","2004-10-19","","8.79708333"
"PANCE","2004-10-18","","8.83666667"
"PANCE","2004-10-17","","12.66173913"
"PANCE","2004-10-16","","17.37708333"
"PANCE","2004-10-15","","19.13375"
"PANCE","2004-10-14","","23.1025"
"PANCE","2004-10-13","","15.13666667"
"PANCE","2004-10-12","","5.79416667"
"PANCE","2004-10-11","","21.52291667"
"PANCE","2004-10-10","","14.03041667"
"PANCE","2004-10-09","","22.22333333"
"PANCE","2004-10-08","","20.45541667"
"PANCE","2004-10-07","","7.60833333"
"PANCE","2004-10-06","","11.03625"
"PANCE","2004-10-05","","15.59708333"
"PANCE","2004-10-04","","16.60956522"
"PANCE","2004-10-03","","19.36875"
"PANCE","2004-10-02","","19.18916667"
"PANCE","2004-10-01","","13.34333333"
"PANCE","2004-01-31","","31.81541667"
"PANCE","2004-01-30","","38.53"
"PANCE","2004-01-29","","30.82333333"
"PANCE","2004-01-28","","29.32291667"
"PANCE","2004-01-27","","21.63916667"
"PANCE","2004-01-26","","22.50083333"
"PANCE","2004-01-25","","22.78333333"
"PANCE","2004-01-24","","24.29916667"
"PANCE","2004-01-23","","18.5225"
"PANCE","2004-01-22","","8.15"
"PANCE","2004-01-21","","22.77875"
"PANCE","2004-01-20","","29.8925"
"PANCE","2004-01-19","","24.12083333"
"PANCE","2004-01-18","","22.9773913"
"PANCE","2004-01-17","","7.37583333"
"PANCE","2004-01-16","","6.15791667"
"PANCE","2004-01-15","","24.09608696"
"PANCE","2004-01-14","","27.85291667"
"PANCE","2004-01-13","","21.565"
"PANCE","2004-01-12","","16.27375"
"PANCE","2004-01-11","","13.61041667"
"PANCE","2004-01-10","","10.5325"
"PANCE","2004-01-09","","10.38375"
"PANCE","2004-01-08","","8.86916667"
"PANCE","2004-01-07","","6.64291667"
"PANCE","2004-01-06","","9.4475"
"PANCE","2004-01-05","","12.31708333"
"PANCE","2004-01-04","","20.20826087"
"PANCE","2004-01-03","","16.64652174"
"PANCE","2004-01-02","","12.07541667"
"PANCE","2004-01-01","","17.44416667"
"PANCE","2003-12-31","","17.92125"
"PANCE","2003-12-30","","12.02"
"PANCE","2003-12-29","","16.37583333"
"PANCE","2003-12-28","","6.74291667"
"PANCE","2003-12-27","","6.63166667"
"PANCE","2003-12-26","","10.63652174"
"PANCE","2003-12-25","","21.325"
"PANCE","2003-12-24","","38.65"
"PANCE","2003-12-23","","38.82"
"PANCE","2003-12-22","","26.5375"
"PANCE","2003-12-21","","35.23166667"
"PANCE","2003-12-20","","50.71958333"
"PANCE","2003-12-19","","49.49833333"
"PANCE","2003-12-18","","52.48583333"
"PANCE","2003-12-17","","45.34416667"
"PANCE","2003-12-16","","34.0125"
"PANCE","2003-12-15","","24.49833333"
"PANCE","2003-12-14","","20.92375"
"PANCE","2003-12-13","","25.26130435"
"PANCE","2003-12-12","","29.44333333"
"PANCE","2003-12-11","","21.38583333"
"PANCE","2003-12-10","","16.46"
