"Estacion","Fecha inicial","Fecha final","PM10"
"PUENTE ARANDA","2021-02-28","","30.64444444"
"PUENTE ARANDA","2021-02-27","","47.2875"
"PUENTE ARANDA","2021-02-26","","45.20434783"
"PUENTE ARANDA","2021-02-25","","22.94736842"
"PUENTE ARANDA","2021-02-24","","56.86666667"
"PUENTE ARANDA","2021-02-23","","35.90869565"
"PUENTE ARANDA","2021-02-22","","30.33809524"
"PUENTE ARANDA","2021-02-21","","32.3"
"PUENTE ARANDA","2021-02-20","","56.25833333"
"PUENTE ARANDA","2021-02-19","","37.33636364"
"PUENTE ARANDA","2021-02-18","","56.09166667"
"PUENTE ARANDA","2021-02-17","","60.85416667"
"PUENTE ARANDA","2021-02-16","","56.23333333"
"PUENTE ARANDA","2021-02-15","","52.62608696"
"PUENTE ARANDA","2021-02-14","","57.38333333"
"PUENTE ARANDA","2021-02-13","","36.65833333"
"PUENTE ARANDA","2021-02-12","","54.39166667"
"PUENTE ARANDA","2021-02-11","","34.66"
"PUENTE ARANDA","2021-02-10","","28.32"
"PUENTE ARANDA","2021-02-09","","50.05833333"
"PUENTE ARANDA","2021-02-08","","38.97391304"
"PUENTE ARANDA","2021-02-07","","31.0125"
"PUENTE ARANDA","2021-02-06","","36.12916667"
"PUENTE ARANDA","2021-02-05","","22.89583333"
"PUENTE ARANDA","2021-02-04","","37.2375"
"PUENTE ARANDA","2021-02-03","","32.85833333"
"PUENTE ARANDA","2021-02-02","","30.88333333"
"PUENTE ARANDA","2021-02-01","","28.5047619"
"PUENTE ARANDA","2021-01-31","","24.36086957"
"PUENTE ARANDA","2021-01-30","","38.30416667"
"PUENTE ARANDA","2021-01-29","","52.92916667"
"PUENTE ARANDA","2021-01-28","","62.29583333"
"PUENTE ARANDA","2021-01-27","","41.37916667"
"PUENTE ARANDA","2021-01-26","","46.69166667"
"PUENTE ARANDA","2021-01-25","","30.29583333"
"PUENTE ARANDA","2021-01-24","","28.38333333"
"PUENTE ARANDA","2021-01-23","","31.10454545"
"PUENTE ARANDA","2021-01-22","","42.26086957"
"PUENTE ARANDA","2021-01-21","","52.77916667"
"PUENTE ARANDA","2021-01-20","","50.1875"
"PUENTE ARANDA","2021-01-19","","56.36818182"
"PUENTE ARANDA","2021-01-18","","42.42608696"
"PUENTE ARANDA","2021-01-17","","31.29090909"
"PUENTE ARANDA","2021-01-16","","43.83913043"
"PUENTE ARANDA","2021-01-15","","60.61304348"
"PUENTE ARANDA","2021-01-14","","55.59545455"
"PUENTE ARANDA","2021-01-13","","38.06086957"
"PUENTE ARANDA","2021-01-12","","17.175"
"PUENTE ARANDA","2021-01-11","","10.93684211"
"PUENTE ARANDA","2021-01-10","","13.27272727"
"PUENTE ARANDA","2021-01-09","","24.60909091"
"PUENTE ARANDA","2021-01-08","","43.15"
"PUENTE ARANDA","2021-01-07","","27.79130435"
"PUENTE ARANDA","2021-01-06","","34.98181818"
"PUENTE ARANDA","2021-01-05","","41.42631579"
"PUENTE ARANDA","2021-01-04","","26.73809524"
"PUENTE ARANDA","2021-01-03","","15.055"
"PUENTE ARANDA","2021-01-02","","19.705"
"PUENTE ARANDA","2021-01-01","","21.32272727"
"PUENTE ARANDA","2020-12-31","","45.13913043"
"PUENTE ARANDA","2020-12-30","","42.6173913"
"PUENTE ARANDA","2020-12-29","","35.875"
"PUENTE ARANDA","2020-12-28","","36.05"
"PUENTE ARANDA","2020-12-27","","20.975"
"PUENTE ARANDA","2020-12-26","","25.83157895"
"PUENTE ARANDA","2020-12-25","","18.82941176"
"PUENTE ARANDA","2020-12-24","","30.49565217"
"PUENTE ARANDA","2020-12-23","","79.00416667"
"PUENTE ARANDA","2020-12-22","","51.17391304"
"PUENTE ARANDA","2020-12-21","","50.79583333"
"PUENTE ARANDA","2020-12-20","","15.94375"
"PUENTE ARANDA","2020-12-19","","38.16956522"
"PUENTE ARANDA","2020-12-18","","40.59166667"
"PUENTE ARANDA","2020-12-17","","39.2125"
"PUENTE ARANDA","2020-12-16","","40.1"
"PUENTE ARANDA","2020-12-15","","62.93043478"
"PUENTE ARANDA","2020-12-14","","49.84782609"
"PUENTE ARANDA","2020-12-13","","25.63913043"
"PUENTE ARANDA","2020-12-12","","58.24583333"
"PUENTE ARANDA","2020-12-11","","56.35833333"
"PUENTE ARANDA","2020-12-10","","72.40416667"
"PUENTE ARANDA","2020-12-09","","43.05"
"PUENTE ARANDA","2020-12-08","","53.61363636"
"PUENTE ARANDA","2020-12-07","","53.48333333"
"PUENTE ARANDA","2020-12-06","","25.64166667"
"PUENTE ARANDA","2020-12-05","","46.2625"
"PUENTE ARANDA","2020-12-04","","49.14347826"
"PUENTE ARANDA","2020-12-03","","38.05416667"
"PUENTE ARANDA","2020-12-02","","49.0826087"
"PUENTE ARANDA","2020-12-01","","41.8"
"PUENTE ARANDA","2020-11-30","","37.27391304"
"PUENTE ARANDA","2020-11-29","","24.58095238"
"PUENTE ARANDA","2020-11-28","","32.66363636"
"PUENTE ARANDA","2020-11-27","","39.87727273"
"PUENTE ARANDA","2020-11-26","","53.6375"
"PUENTE ARANDA","2020-11-25","","42.16666667"
"PUENTE ARANDA","2020-11-24","","51.07619048"
"PUENTE ARANDA","2020-11-23","","53.75909091"
"PUENTE ARANDA","2020-11-22","","43.32916667"
"PUENTE ARANDA","2020-11-21","","37.54347826"
"PUENTE ARANDA","2020-11-20","","33.54761905"
"PUENTE ARANDA","2020-11-19","","45.96521739"
"PUENTE ARANDA","2020-11-18","","40.34583333"
"PUENTE ARANDA","2020-11-17","","34.00833333"
"PUENTE ARANDA","2020-11-16","","25.24705882"
"PUENTE ARANDA","2020-11-15","","36.78571429"
"PUENTE ARANDA","2020-11-14","","53.8375"
"PUENTE ARANDA","2020-11-13","","33.75625"
"PUENTE ARANDA","2020-11-12","","48.85416667"
"PUENTE ARANDA","2020-11-11","","42.93043478"
"PUENTE ARANDA","2020-11-10","","51.25416667"
"PUENTE ARANDA","2020-11-09","","40.18181818"
"PUENTE ARANDA","2020-11-08","","43.95416667"
"PUENTE ARANDA","2020-11-07","","54.61666667"
"PUENTE ARANDA","2020-11-06","","68.175"
"PUENTE ARANDA","2020-11-05","","37.05454545"
"PUENTE ARANDA","2020-11-04","","49.56521739"
"PUENTE ARANDA","2020-11-03","","40.11818182"
"PUENTE ARANDA","2020-11-02","","24.395"
"PUENTE ARANDA","2020-11-01","","19.92"
"PUENTE ARANDA","2020-10-31","","34.51818182"
"PUENTE ARANDA","2020-10-30","","30.88695652"
"PUENTE ARANDA","2020-10-29","","41.2826087"
"PUENTE ARANDA","2020-10-28","","34.2173913"
"PUENTE ARANDA","2020-10-27","","41.00434783"
"PUENTE ARANDA","2020-10-26","","46.6375"
"PUENTE ARANDA","2020-10-25","","48.79583333"
"PUENTE ARANDA","2020-10-24","","28.47826087"
"PUENTE ARANDA","2020-10-23","","23.39090909"
"PUENTE ARANDA","2020-10-22","","21.52631579"
"PUENTE ARANDA","2020-10-21","","22.41904762"
"PUENTE ARANDA","2020-10-20","","34.0875"
"PUENTE ARANDA","2020-10-19","","35.65833333"
"PUENTE ARANDA","2020-10-18","","14.9125"
"PUENTE ARANDA","2020-10-17","","20.87894737"
"PUENTE ARANDA","2020-10-16","","15.93043478"
"PUENTE ARANDA","2020-10-15","","29.32173913"
"PUENTE ARANDA","2020-10-14","","38.13913043"
"PUENTE ARANDA","2020-10-13","","10.57272727"
"PUENTE ARANDA","2020-10-12","","17.145"
"PUENTE ARANDA","2020-10-11","","17.08181818"
"PUENTE ARANDA","2020-10-10","","28.95"
"PUENTE ARANDA","2020-10-09","","11.24761905"
"PUENTE ARANDA","2020-10-08","","21.52380952"
"PUENTE ARANDA","2020-10-07","","42.6625"
"PUENTE ARANDA","2020-10-06","","42.85"
"PUENTE ARANDA","2020-10-05","","18.16363636"
"PUENTE ARANDA","2020-10-04","","8.84545455"
"PUENTE ARANDA","2020-10-03","","26.19130435"
"PUENTE ARANDA","2020-10-02","","38.08333333"
"PUENTE ARANDA","2020-10-01","","22.43043478"
"PUENTE ARANDA","2020-09-30","","13.02222222"
"PUENTE ARANDA","2020-09-29","","21.34444444"
"PUENTE ARANDA","2020-09-28","","28.87727273"
"PUENTE ARANDA","2020-09-27","","22.47391304"
"PUENTE ARANDA","2020-09-26","","42.34166667"
"PUENTE ARANDA","2020-09-25","","22.61578947"
"PUENTE ARANDA","2020-09-24","","13.9047619"
"PUENTE ARANDA","2020-09-23","","20.035"
"PUENTE ARANDA","2020-09-22","","41.55652174"
"PUENTE ARANDA","2020-09-21","","19.26842105"
"PUENTE ARANDA","2020-09-20","","20.9875"
"PUENTE ARANDA","2020-09-19","","37.6125"
"PUENTE ARANDA","2020-09-18","","45.81818182"
"PUENTE ARANDA","2020-09-17","","51.6"
"PUENTE ARANDA","2020-09-16","","35.03478261"
"PUENTE ARANDA","2020-09-15","","35.56521739"
"PUENTE ARANDA","2020-09-14","","23.73181818"
"PUENTE ARANDA","2020-09-13","","16.40416667"
"PUENTE ARANDA","2020-09-12","","30.45833333"
"PUENTE ARANDA","2020-09-11","","36.8"
"PUENTE ARANDA","2020-09-10","","36.20833333"
"PUENTE ARANDA","2020-09-09","","49.38333333"
"PUENTE ARANDA","2020-09-08","","23.87"
"PUENTE ARANDA","2020-09-07","","41.23913043"
"PUENTE ARANDA","2020-09-06","","10.06153846"
"PUENTE ARANDA","2020-09-05","","19.145"
"PUENTE ARANDA","2020-09-04","","12.64166667"
"PUENTE ARANDA","2020-09-03","","26.09166667"
"PUENTE ARANDA","2020-09-02","","31.85"
"PUENTE ARANDA","2020-09-01","","26.96818182"
"PUENTE ARANDA","2020-08-31","","34.37826087"
"PUENTE ARANDA","2020-08-30","","19.09"
"PUENTE ARANDA","2020-08-29","","49.95416667"
"PUENTE ARANDA","2020-08-28","","26.15416667"
"PUENTE ARANDA","2020-08-27","","25.43181818"
"PUENTE ARANDA","2020-08-26","","44.38333333"
"PUENTE ARANDA","2020-08-25","","37.6875"
"PUENTE ARANDA","2020-08-17","","35.22"
"PUENTE ARANDA","2020-08-16","","20.9"
"PUENTE ARANDA","2020-08-15","","33.79130435"
"PUENTE ARANDA","2020-08-14","","30.75217391"
"PUENTE ARANDA","2020-08-13","","27.72083333"
"PUENTE ARANDA","2020-08-12","","31.3125"
"PUENTE ARANDA","2020-08-11","","27.03333333"
"PUENTE ARANDA","2020-08-10","","14.91818182"
"PUENTE ARANDA","2020-08-09","","7.67727273"
"PUENTE ARANDA","2020-08-08","","9.98571429"
"PUENTE ARANDA","2020-08-07","","9.9"
"PUENTE ARANDA","2020-08-06","","15.325"
"PUENTE ARANDA","2020-08-05","","11.14166667"
"PUENTE ARANDA","2020-08-04","","13.9375"
"PUENTE ARANDA","2020-08-03","","14.46666667"
"PUENTE ARANDA","2020-08-02","","12.65"
"PUENTE ARANDA","2020-08-01","","18.39166667"
"PUENTE ARANDA","2020-07-31","","16.27391304"
"PUENTE ARANDA","2020-07-30","","23.32083333"
"PUENTE ARANDA","2020-07-29","","25.25416667"
"PUENTE ARANDA","2020-07-28","","33.1"
"PUENTE ARANDA","2020-07-27","","14.17894737"
"PUENTE ARANDA","2020-07-26","","14.44166667"
"PUENTE ARANDA","2020-07-25","","19.25833333"
"PUENTE ARANDA","2020-07-24","","31.14166667"
"PUENTE ARANDA","2020-07-23","","39.32916667"
"PUENTE ARANDA","2020-07-22","","48.34583333"
"PUENTE ARANDA","2020-07-21","","23.35833333"
"PUENTE ARANDA","2020-07-20","","7.15416667"
"PUENTE ARANDA","2020-07-19","","16.87619048"
"PUENTE ARANDA","2020-07-18","","25.24583333"
"PUENTE ARANDA","2020-07-17","","26.34347826"
"PUENTE ARANDA","2020-07-16","","29.9625"
"PUENTE ARANDA","2020-07-15","","25.00869565"
"PUENTE ARANDA","2020-07-14","","15.84166667"
"PUENTE ARANDA","2020-07-13","","20.65416667"
"PUENTE ARANDA","2020-07-12","","22.79166667"
"PUENTE ARANDA","2020-07-11","","28.40833333"
"PUENTE ARANDA","2020-07-10","","24.90833333"
"PUENTE ARANDA","2020-07-09","","20.95416667"
"PUENTE ARANDA","2020-07-08","","31.6125"
"PUENTE ARANDA","2020-07-07","","23.84583333"
"PUENTE ARANDA","2020-07-06","","27.25217391"
"PUENTE ARANDA","2020-07-05","","24.96666667"
"PUENTE ARANDA","2020-07-04","","15.60434783"
"PUENTE ARANDA","2020-07-03","","36.05"
"PUENTE ARANDA","2020-07-02","","20.49130435"
"PUENTE ARANDA","2020-07-01","","46.10416667"
"PUENTE ARANDA","2020-06-30","","44.80869565"
"PUENTE ARANDA","2020-06-29","","7.35833333"
"PUENTE ARANDA","2020-06-28","","18.6875"
"PUENTE ARANDA","2020-06-27","","27.13333333"
"PUENTE ARANDA","2020-06-26","","28.03333333"
"PUENTE ARANDA","2020-06-25","","77.71666667"
"PUENTE ARANDA","2020-06-24","","112.50833333"
"PUENTE ARANDA","2020-06-23","","30.20434783"
"PUENTE ARANDA","2020-06-22","","13.85833333"
"PUENTE ARANDA","2020-06-21","","7.88636364"
"PUENTE ARANDA","2020-06-20","","17.06666667"
"PUENTE ARANDA","2020-06-19","","29.36666667"
"PUENTE ARANDA","2020-06-18","","49.775"
"PUENTE ARANDA","2020-06-17","","26.1125"
"PUENTE ARANDA","2020-06-16","","29.63333333"
"PUENTE ARANDA","2020-06-15","","6.38"
"PUENTE ARANDA","2020-06-14","","12.20416667"
"PUENTE ARANDA","2020-06-13","","33.9125"
"PUENTE ARANDA","2020-06-12","","27.125"
"PUENTE ARANDA","2020-06-11","","28.28695652"
"PUENTE ARANDA","2020-06-10","","31.19166667"
"PUENTE ARANDA","2020-06-09","","33.2125"
"PUENTE ARANDA","2020-06-08","","23.32083333"
"PUENTE ARANDA","2020-06-07","","11.53333333"
"PUENTE ARANDA","2020-06-06","","15.545"
"PUENTE ARANDA","2020-06-05","","13.50833333"
"PUENTE ARANDA","2020-06-04","","24.875"
"PUENTE ARANDA","2020-06-03","","40.6625"
"PUENTE ARANDA","2020-06-02","","44.88571429"
"PUENTE ARANDA","2020-06-01","","20.25238095"
"PUENTE ARANDA","2020-05-31","","17.15909091"
"PUENTE ARANDA","2020-05-30","","29.97826087"
"PUENTE ARANDA","2020-05-29","","28.55263158"
"PUENTE ARANDA","2020-05-28","","34.13333333"
"PUENTE ARANDA","2020-05-27","","11.53333333"
"PUENTE ARANDA","2020-05-26","","11.35"
"PUENTE ARANDA","2020-05-25","","8.50416667"
"PUENTE ARANDA","2020-05-24","","12.50416667"
"PUENTE ARANDA","2020-05-23","","15.34166667"
"PUENTE ARANDA","2020-05-22","","15.50416667"
"PUENTE ARANDA","2020-05-21","","17.6375"
"PUENTE ARANDA","2020-05-20","","29.95"
"PUENTE ARANDA","2020-05-19","","18.7125"
"PUENTE ARANDA","2020-05-18","","10.65652174"
"PUENTE ARANDA","2020-05-17","","6.59583333"
"PUENTE ARANDA","2020-05-16","","9.55909091"
"PUENTE ARANDA","2020-05-15","","42.30869565"
"PUENTE ARANDA","2020-05-14","","40.14166667"
"PUENTE ARANDA","2020-05-13","","36.95217391"
"PUENTE ARANDA","2020-05-12","","27.67916667"
"PUENTE ARANDA","2020-05-11","","21.56666667"
"PUENTE ARANDA","2020-05-10","","9.00833333"
"PUENTE ARANDA","2020-05-09","","10.27826087"
"PUENTE ARANDA","2020-05-08","","22.34166667"
"PUENTE ARANDA","2020-05-07","","14.7"
"PUENTE ARANDA","2020-05-06","","24.35"
"PUENTE ARANDA","2020-05-05","","19.7875"
"PUENTE ARANDA","2020-05-04","","16.8625"
"PUENTE ARANDA","2020-05-03","","17.27826087"
"PUENTE ARANDA","2020-05-02","","21.2826087"
"PUENTE ARANDA","2020-05-01","","14.78947368"
"PUENTE ARANDA","2020-04-30","","40.67826087"
"PUENTE ARANDA","2020-04-29","","43.65833333"
"PUENTE ARANDA","2020-04-28","","27.9375"
"PUENTE ARANDA","2020-04-27","","27.175"
"PUENTE ARANDA","2020-04-26","","22.80952381"
"PUENTE ARANDA","2020-04-25","","28.17272727"
"PUENTE ARANDA","2020-04-24","","32.57727273"
"PUENTE ARANDA","2020-04-23","","14.38333333"
"PUENTE ARANDA","2020-04-22","","24.4375"
"PUENTE ARANDA","2020-04-21","","27.34"
"PUENTE ARANDA","2020-04-20","","22.95909091"
"PUENTE ARANDA","2020-04-19","","32.9"
"PUENTE ARANDA","2020-04-18","","43.33809524"
"PUENTE ARANDA","2020-04-17","","40.63478261"
"PUENTE ARANDA","2020-04-16","","51.5"
"PUENTE ARANDA","2020-04-15","","36.60434783"
"PUENTE ARANDA","2020-04-14","","28.7173913"
"PUENTE ARANDA","2020-04-13","","29.64166667"
"PUENTE ARANDA","2020-04-12","","14.5826087"
"PUENTE ARANDA","2020-04-11","","13.60434783"
"PUENTE ARANDA","2020-04-10","","15.92083333"
"PUENTE ARANDA","2020-04-09","","14.40833333"
"PUENTE ARANDA","2020-04-08","","23.79166667"
"PUENTE ARANDA","2020-04-07","","14.5125"
"PUENTE ARANDA","2020-04-06","","17.2125"
"PUENTE ARANDA","2020-04-05","","12.79166667"
"PUENTE ARANDA","2020-04-04","","15.02173913"
"PUENTE ARANDA","2020-04-03","","23.24347826"
"PUENTE ARANDA","2020-04-02","","17.86666667"
"PUENTE ARANDA","2020-04-01","","30.64166667"
"PUENTE ARANDA","2020-03-31","","33.73913043"
"PUENTE ARANDA","2020-03-30","","52.35217391"
"PUENTE ARANDA","2020-03-29","","51.1625"
"PUENTE ARANDA","2020-03-28","","50.1"
"PUENTE ARANDA","2020-03-27","","54.05833333"
"PUENTE ARANDA","2020-03-26","","42.65294118"
"PUENTE ARANDA","2020-03-25","","43.225"
"PUENTE ARANDA","2020-03-24","","55.55833333"
"PUENTE ARANDA","2020-03-23","","49.08333333"
"PUENTE ARANDA","2020-03-22","","32.7"
"PUENTE ARANDA","2020-03-21","","35.62173913"
"PUENTE ARANDA","2020-03-20","","59.78695652"
"PUENTE ARANDA","2020-03-19","","71.9375"
"PUENTE ARANDA","2020-03-18","","76.17083333"
"PUENTE ARANDA","2020-03-17","","66.1125"
"PUENTE ARANDA","2020-03-16","","52.54285714"
"PUENTE ARANDA","2020-03-15","","27.33333333"
"PUENTE ARANDA","2020-03-14","","30.23913043"
"PUENTE ARANDA","2020-03-13","","51.075"
"PUENTE ARANDA","2020-03-12","","46.20833333"
"PUENTE ARANDA","2020-03-11","","36.73333333"
"PUENTE ARANDA","2020-03-10","","51.19166667"
"PUENTE ARANDA","2020-03-09","","43.19166667"
"PUENTE ARANDA","2020-03-08","","46.23043478"
"PUENTE ARANDA","2020-03-07","","64.30869565"
"PUENTE ARANDA","2020-03-06","","73.94583333"
"PUENTE ARANDA","2020-03-05","","55.5"
"PUENTE ARANDA","2020-03-04","","47.53043478"
"PUENTE ARANDA","2020-03-03","","50.97916667"
"PUENTE ARANDA","2020-03-02","","42.38"
"PUENTE ARANDA","2020-03-01","","41.825"
"PUENTE ARANDA","2020-02-29","","47.73913043"
"PUENTE ARANDA","2020-02-28","","56.32916667"
"PUENTE ARANDA","2020-02-27","","47.19166667"
"PUENTE ARANDA","2020-02-26","","42.5047619"
"PUENTE ARANDA","2020-02-25","","50.81904762"
"PUENTE ARANDA","2020-02-24","","34.37894737"
"PUENTE ARANDA","2020-02-23","","29.74347826"
"PUENTE ARANDA","2020-02-22","","52.9"
"PUENTE ARANDA","2020-02-21","","64.04166667"
"PUENTE ARANDA","2020-02-20","","49.09166667"
"PUENTE ARANDA","2020-02-19","","34.4826087"
"PUENTE ARANDA","2020-02-18","","36.85"
"PUENTE ARANDA","2020-02-17","","25.54583333"
"PUENTE ARANDA","2020-02-16","","20.35416667"
"PUENTE ARANDA","2020-02-15","","24.97826087"
"PUENTE ARANDA","2020-02-14","","37.57083333"
"PUENTE ARANDA","2020-02-13","","58.97916667"
"PUENTE ARANDA","2020-02-12","","46.69166667"
"PUENTE ARANDA","2020-02-11","","40.12727273"
"PUENTE ARANDA","2020-02-10","","39.47826087"
"PUENTE ARANDA","2020-02-09","","59.65"
"PUENTE ARANDA","2020-02-08","","74.24347826"
"PUENTE ARANDA","2020-02-07","","87.33333333"
"PUENTE ARANDA","2020-02-06","","70.13043478"
"PUENTE ARANDA","2020-02-05","","74.2173913"
"PUENTE ARANDA","2020-02-04","","65.0"
"PUENTE ARANDA","2020-02-03","","48.33478261"
"PUENTE ARANDA","2020-02-02","","41.79166667"
"PUENTE ARANDA","2020-02-01","","44.82916667"
"PUENTE ARANDA","2020-01-31","","30.91304348"
"PUENTE ARANDA","2020-01-30","","53.75"
"PUENTE ARANDA","2020-01-29","","63.83333333"
"PUENTE ARANDA","2020-01-28","","60.70833333"
"PUENTE ARANDA","2020-01-27","","51.83333333"
"PUENTE ARANDA","2020-01-26","","26.72916667"
"PUENTE ARANDA","2020-01-25","","55.92083333"
"PUENTE ARANDA","2020-01-24","","52.9625"
"PUENTE ARANDA","2020-01-23","","45.29166667"
"PUENTE ARANDA","2020-01-22","","47.66666667"
"PUENTE ARANDA","2020-01-21","","61.08333333"
"PUENTE ARANDA","2020-01-20","","42.33333333"
"PUENTE ARANDA","2020-01-19","","18.95833333"
"PUENTE ARANDA","2020-01-18","","17.04166667"
"PUENTE ARANDA","2020-01-17","","17.95416667"
"PUENTE ARANDA","2020-01-16","","33.41666667"
"PUENTE ARANDA","2020-01-15","","39.54615385"
"PUENTE ARANDA","2020-01-14","","34.025"
"PUENTE ARANDA","2020-01-13","","25.74583333"
"PUENTE ARANDA","2020-01-12","","26.18333333"
"PUENTE ARANDA","2020-01-11","","42.92916667"
"PUENTE ARANDA","2020-01-10","","35.08571429"
"PUENTE ARANDA","2020-01-09","","58.125"
"PUENTE ARANDA","2020-01-08","","56.20833333"
"PUENTE ARANDA","2020-01-07","","52.25"
"PUENTE ARANDA","2020-01-06","","37.58333333"
"PUENTE ARANDA","2020-01-05","","27.625"
"PUENTE ARANDA","2020-01-04","","55.20833333"
"PUENTE ARANDA","2020-01-03","","43.54166667"
"PUENTE ARANDA","2020-01-02","","31.375"
"PUENTE ARANDA","2020-01-01","","37.47826087"
"PUENTE ARANDA","2019-12-31","","33.08695652"
"PUENTE ARANDA","2019-12-30","","40.82608696"
"PUENTE ARANDA","2019-12-29","","43.625"
"PUENTE ARANDA","2019-12-28","","58.95833333"
"PUENTE ARANDA","2019-12-27","","27.875"
"PUENTE ARANDA","2019-12-26","","19.29166667"
"PUENTE ARANDA","2019-12-25","","55.77727273"
"PUENTE ARANDA","2019-12-24","","22.625"
"PUENTE ARANDA","2019-12-23","","28.875"
"PUENTE ARANDA","2019-12-22","","22.20833333"
"PUENTE ARANDA","2019-12-21","","27.0"
"PUENTE ARANDA","2019-12-20","","39.875"
"PUENTE ARANDA","2019-12-19","","53.45833333"
"PUENTE ARANDA","2019-12-18","","54.20833333"
"PUENTE ARANDA","2019-12-17","","50.125"
"PUENTE ARANDA","2019-12-16","","42.08695652"
"PUENTE ARANDA","2019-12-15","","38.875"
"PUENTE ARANDA","2019-12-14","","47.95833333"
"PUENTE ARANDA","2019-12-13","","62.83333333"
"PUENTE ARANDA","2019-12-12","","48.20833333"
"PUENTE ARANDA","2019-12-11","","63.16666667"
"PUENTE ARANDA","2019-12-10","","57.08333333"
"PUENTE ARANDA","2019-12-09","","55.73913043"
"PUENTE ARANDA","2019-12-08","","35.45833333"
"PUENTE ARANDA","2019-12-07","","72.5"
"PUENTE ARANDA","2019-12-06","","84.0"
"PUENTE ARANDA","2019-12-05","","52.75"
"PUENTE ARANDA","2019-12-04","","65.9"
"PUENTE ARANDA","2019-12-03","","49.58333333"
"PUENTE ARANDA","2019-12-02","","29.91666667"
"PUENTE ARANDA","2019-12-01","","17.5625"
"PUENTE ARANDA","2019-11-30","","48.75"
"PUENTE ARANDA","2019-11-29","","76.41666667"
"PUENTE ARANDA","2019-11-28","","41.41666667"
"PUENTE ARANDA","2019-11-27","","36.45833333"
"PUENTE ARANDA","2019-11-26","","33.08333333"
"PUENTE ARANDA","2019-11-25","","47.04166667"
"PUENTE ARANDA","2019-11-24","","46.125"
"PUENTE ARANDA","2019-11-23","","45.20833333"
"PUENTE ARANDA","2019-11-22","","39.68333333"
"PUENTE ARANDA","2019-11-21","","36.33333333"
"PUENTE ARANDA","2019-11-20","","51.58333333"
"PUENTE ARANDA","2019-11-19","","53.5"
"PUENTE ARANDA","2019-11-18","","52.20833333"
"PUENTE ARANDA","2019-11-17","","35.125"
"PUENTE ARANDA","2019-11-16","","43.75"
"PUENTE ARANDA","2019-11-15","","51.42857143"
"PUENTE ARANDA","2019-11-14","","42.08333333"
"PUENTE ARANDA","2019-11-13","","52.79166667"
"PUENTE ARANDA","2019-11-12","","41.375"
"PUENTE ARANDA","2019-11-11","","26.17391304"
"PUENTE ARANDA","2019-11-10","","44.04166667"
"PUENTE ARANDA","2019-11-09","","45.25"
"PUENTE ARANDA","2019-11-08","","34.79166667"
"PUENTE ARANDA","2019-11-07","","41.125"
"PUENTE ARANDA","2019-11-06","","40.41666667"
"PUENTE ARANDA","2019-11-05","","33.0952381"
"PUENTE ARANDA","2019-11-04","","29.33333333"
"PUENTE ARANDA","2019-11-03","","35.91666667"
"PUENTE ARANDA","2019-11-02","","58.08333333"
"PUENTE ARANDA","2019-11-01","","65.25"
"PUENTE ARANDA","2019-10-31","","49.20833333"
"PUENTE ARANDA","2019-10-30","","69.43478261"
"PUENTE ARANDA","2019-10-29","","43.16666667"
"PUENTE ARANDA","2019-10-28","","28.40909091"
"PUENTE ARANDA","2019-10-27","","27.45833333"
"PUENTE ARANDA","2019-10-26","","25.95833333"
"PUENTE ARANDA","2019-10-25","","26.29166667"
"PUENTE ARANDA","2019-10-24","","40.875"
"PUENTE ARANDA","2019-10-23","","59.625"
"PUENTE ARANDA","2019-10-22","","59.33333333"
"PUENTE ARANDA","2019-10-21","","46.45454545"
"PUENTE ARANDA","2019-10-19","","36.68421053"
"PUENTE ARANDA","2019-10-18","","48.95833333"
"PUENTE ARANDA","2019-10-17","","55.66666667"
"PUENTE ARANDA","2019-10-16","","46.04761905"
"PUENTE ARANDA","2019-10-15","","58.52380952"
"PUENTE ARANDA","2019-10-14","","23.83333333"
"PUENTE ARANDA","2019-10-13","","12.75"
"PUENTE ARANDA","2019-10-12","","27.83333333"
"PUENTE ARANDA","2019-10-11","","48.29166667"
"PUENTE ARANDA","2019-10-10","","69.08333333"
"PUENTE ARANDA","2019-10-09","","48.29166667"
"PUENTE ARANDA","2019-10-08","","50.45833333"
"PUENTE ARANDA","2019-10-07","","46.43478261"
"PUENTE ARANDA","2019-10-06","","42.04166667"
"PUENTE ARANDA","2019-10-05","","63.625"
"PUENTE ARANDA","2019-10-04","","49.54166667"
"PUENTE ARANDA","2019-10-03","","33.30434783"
"PUENTE ARANDA","2019-10-02","","50.0"
"PUENTE ARANDA","2019-10-01","","60.125"
"PUENTE ARANDA","2019-09-30","","54.79166667"
"PUENTE ARANDA","2019-09-29","","33.33333333"
"PUENTE ARANDA","2019-09-28","","45.83333333"
"PUENTE ARANDA","2019-09-27","","41.20833333"
"PUENTE ARANDA","2019-09-26","","26.33333333"
"PUENTE ARANDA","2019-09-25","","37.58333333"
"PUENTE ARANDA","2019-09-24","","46.29166667"
"PUENTE ARANDA","2019-09-23","","42.29166667"
"PUENTE ARANDA","2019-09-22","","38.25"
"PUENTE ARANDA","2019-09-21","","27.91666667"
"PUENTE ARANDA","2019-09-20","","85.04166667"
"PUENTE ARANDA","2019-09-19","","46.04166667"
"PUENTE ARANDA","2019-09-18","","68.125"
"PUENTE ARANDA","2019-09-17","","66.0"
"PUENTE ARANDA","2019-09-16","","48.65217391"
"PUENTE ARANDA","2019-09-15","","16.54166667"
"PUENTE ARANDA","2019-09-14","","19.79166667"
"PUENTE ARANDA","2019-09-13","","19.66666667"
"PUENTE ARANDA","2019-09-12","","33.41666667"
"PUENTE ARANDA","2019-09-11","","26.69565217"
"PUENTE ARANDA","2019-09-10","","41.79166667"
"PUENTE ARANDA","2019-09-09","","19.58333333"
"PUENTE ARANDA","2019-09-08","","15.75"
"PUENTE ARANDA","2019-09-07","","18.45833333"
"PUENTE ARANDA","2019-09-06","","23.66666667"
"PUENTE ARANDA","2019-09-05","","18.04166667"
"PUENTE ARANDA","2019-09-04","","27.125"
"PUENTE ARANDA","2019-09-03","","37.04166667"
"PUENTE ARANDA","2019-09-02","","24.53043478"
"PUENTE ARANDA","2019-09-01","","19.725"
"PUENTE ARANDA","2019-08-30","","55.09090909"
"PUENTE ARANDA","2019-08-29","","19.20416667"
"PUENTE ARANDA","2019-08-28","","17.3125"
"PUENTE ARANDA","2019-08-27","","30.16086957"
"PUENTE ARANDA","2019-08-26","","24.45833333"
"PUENTE ARANDA","2019-08-25","","18.04166667"
"PUENTE ARANDA","2019-08-24","","18.25"
"PUENTE ARANDA","2019-08-23","","29.95652174"
"PUENTE ARANDA","2019-08-22","","35.4"
"PUENTE ARANDA","2019-08-21","","20.0"
"PUENTE ARANDA","2019-08-20","","37.77272727"
"PUENTE ARANDA","2019-08-19","","10.875"
"PUENTE ARANDA","2019-08-18","","28.375"
"PUENTE ARANDA","2019-08-17","","57.54166667"
"PUENTE ARANDA","2019-08-16","","62.08333333"
"PUENTE ARANDA","2019-08-15","","30.95454545"
"PUENTE ARANDA","2019-08-14","","16.29166667"
"PUENTE ARANDA","2019-08-13","","15.20833333"
"PUENTE ARANDA","2019-08-12","","11.70833333"
"PUENTE ARANDA","2019-08-11","","7.66666667"
"PUENTE ARANDA","2019-08-10","","21.83333333"
"PUENTE ARANDA","2019-08-09","","15.0"
"PUENTE ARANDA","2019-08-08","","20.37391304"
"PUENTE ARANDA","2019-08-07","","11.75"
"PUENTE ARANDA","2019-08-06","","19.69166667"
"PUENTE ARANDA","2019-08-05","","21.83333333"
"PUENTE ARANDA","2019-08-04","","13.53181818"
"PUENTE ARANDA","2019-08-03","","24.44347826"
"PUENTE ARANDA","2019-08-02","","23.08333333"
"PUENTE ARANDA","2019-08-01","","24.79444444"
"PUENTE ARANDA","2019-07-31","","15.5"
"PUENTE ARANDA","2019-07-30","","21.125"
"PUENTE ARANDA","2019-07-29","","17.04166667"
"PUENTE ARANDA","2019-07-28","","15.45833333"
"PUENTE ARANDA","2019-07-27","","27.16666667"
"PUENTE ARANDA","2019-07-26","","19.45833333"
"PUENTE ARANDA","2019-07-25","","36.875"
"PUENTE ARANDA","2019-07-24","","23.56521739"
"PUENTE ARANDA","2019-07-23","","23.39130435"
"PUENTE ARANDA","2019-07-22","","20.125"
"PUENTE ARANDA","2019-07-21","","11.08333333"
"PUENTE ARANDA","2019-07-20","","10.075"
"PUENTE ARANDA","2019-07-19","","12.67083333"
"PUENTE ARANDA","2019-07-18","","20.18695652"
"PUENTE ARANDA","2019-07-17","","17.75"
"PUENTE ARANDA","2019-07-16","","43.4375"
"PUENTE ARANDA","2019-07-15","","18.25"
"PUENTE ARANDA","2019-07-14","","5.67916667"
"PUENTE ARANDA","2019-07-13","","15.66666667"
"PUENTE ARANDA","2019-07-12","","22.65"
"PUENTE ARANDA","2019-07-11","","25.125"
"PUENTE ARANDA","2019-07-10","","14.04166667"
"PUENTE ARANDA","2019-07-09","","32.70833333"
"PUENTE ARANDA","2019-07-08","","15.25"
"PUENTE ARANDA","2019-07-07","","10.4375"
"PUENTE ARANDA","2019-07-06","","23.28571429"
"PUENTE ARANDA","2019-07-05","","43.07272727"
"PUENTE ARANDA","2019-07-04","","47.325"
"PUENTE ARANDA","2019-07-03","","28.625"
"PUENTE ARANDA","2019-07-02","","31.84583333"
"PUENTE ARANDA","2019-07-01","","15.95416667"
"PUENTE ARANDA","2019-06-30","","16.69166667"
"PUENTE ARANDA","2019-06-29","","24.09583333"
"PUENTE ARANDA","2019-06-28","","22.25714286"
"PUENTE ARANDA","2019-06-27","","32.29166667"
"PUENTE ARANDA","2019-06-26","","24.97083333"
"PUENTE ARANDA","2019-06-25","","27.10416667"
"PUENTE ARANDA","2019-06-24","","11.35416667"
"PUENTE ARANDA","2019-06-23","","7.91666667"
"PUENTE ARANDA","2019-06-22","","16.59565217"
"PUENTE ARANDA","2019-06-21","","13.57916667"
"PUENTE ARANDA","2019-06-20","","15.59565217"
"PUENTE ARANDA","2019-06-19","","14.16666667"
"PUENTE ARANDA","2019-06-18","","11.69166667"
"PUENTE ARANDA","2019-06-17","","11.66666667"
"PUENTE ARANDA","2019-06-16","","10.25"
"PUENTE ARANDA","2019-06-15","","28.45909091"
"PUENTE ARANDA","2019-06-14","","33.1173913"
"PUENTE ARANDA","2019-06-13","","38.91304348"
"PUENTE ARANDA","2019-06-12","","30.24347826"
"PUENTE ARANDA","2019-06-11","","25.54761905"
"PUENTE ARANDA","2019-06-10","","18.35"
"PUENTE ARANDA","2019-06-09","","11.90454545"
"PUENTE ARANDA","2019-06-08","","38.81428571"
"PUENTE ARANDA","2019-06-07","","38.35882353"
"PUENTE ARANDA","2019-06-06","","42.26086957"
"PUENTE ARANDA","2019-06-05","","24.30454545"
"PUENTE ARANDA","2019-06-04","","27.29565217"
"PUENTE ARANDA","2019-06-03","","17.89166667"
"PUENTE ARANDA","2019-06-02","","26.29166667"
"PUENTE ARANDA","2019-06-01","","32.45833333"
"PUENTE ARANDA","2019-05-31","","43.08333333"
"PUENTE ARANDA","2019-05-30","","64.25"
"PUENTE ARANDA","2019-05-29","","61.7"
"PUENTE ARANDA","2019-05-28","","42.85"
"PUENTE ARANDA","2019-05-27","","63.275"
"PUENTE ARANDA","2019-05-26","","38.77619048"
"PUENTE ARANDA","2019-05-25","","56.0375"
"PUENTE ARANDA","2019-05-24","","39.95833333"
"PUENTE ARANDA","2019-05-23","","57.08333333"
"PUENTE ARANDA","2019-05-22","","36.37"
"PUENTE ARANDA","2019-05-21","","37.08333333"
"PUENTE ARANDA","2019-05-20","","25.63636364"
"PUENTE ARANDA","2019-05-19","","24.45833333"
"PUENTE ARANDA","2019-05-18","","59.70833333"
"PUENTE ARANDA","2019-05-17","","41.04166667"
"PUENTE ARANDA","2019-05-16","","42.13043478"
"PUENTE ARANDA","2019-05-15","","18.25"
"PUENTE ARANDA","2019-05-14","","18.91666667"
"PUENTE ARANDA","2019-05-13","","27.04166667"
"PUENTE ARANDA","2019-05-12","","23.75"
"PUENTE ARANDA","2019-05-11","","53.65"
"PUENTE ARANDA","2019-05-10","","47.70833333"
"PUENTE ARANDA","2019-05-09","","34.58333333"
"PUENTE ARANDA","2019-05-08","","30.0"
"PUENTE ARANDA","2019-05-07","","27.875"
"PUENTE ARANDA","2019-05-06","","19.03913043"
"PUENTE ARANDA","2019-05-05","","16.04166667"
"PUENTE ARANDA","2019-05-04","","36.75"
"PUENTE ARANDA","2019-05-03","","39.79166667"
"PUENTE ARANDA","2019-05-02","","50.84583333"
"PUENTE ARANDA","2019-05-01","","49.05263158"
"PUENTE ARANDA","2019-04-30","","33.92916667"
"PUENTE ARANDA","2019-04-29","","25.375"
"PUENTE ARANDA","2019-04-28","","15.37916667"
"PUENTE ARANDA","2019-04-27","","33.75"
"PUENTE ARANDA","2019-04-26","","40.91666667"
"PUENTE ARANDA","2019-04-25","","45.33333333"
"PUENTE ARANDA","2019-04-24","","42.45833333"
"PUENTE ARANDA","2019-04-23","","56.58333333"
"PUENTE ARANDA","2019-04-22","","40.625"
"PUENTE ARANDA","2019-04-21","","21.60869565"
"PUENTE ARANDA","2019-04-20","","20.3625"
"PUENTE ARANDA","2019-04-19","","26.29166667"
"PUENTE ARANDA","2019-04-18","","40.30434783"
"PUENTE ARANDA","2019-04-17","","68.125"
"PUENTE ARANDA","2019-04-16","","62.05416667"
"PUENTE ARANDA","2019-04-15","","32.7"
"PUENTE ARANDA","2019-04-14","","51.38095238"
"PUENTE ARANDA","2019-04-13","","47.95833333"
"PUENTE ARANDA","2019-04-12","","45.375"
"PUENTE ARANDA","2019-04-11","","61.26666667"
"PUENTE ARANDA","2019-04-10","","55.95833333"
"PUENTE ARANDA","2019-04-09","","70.41666667"
"PUENTE ARANDA","2019-04-08","","62.23809524"
"PUENTE ARANDA","2019-04-07","","42.375"
"PUENTE ARANDA","2019-04-06","","38.54166667"
"PUENTE ARANDA","2019-04-05","","52.9"
"PUENTE ARANDA","2019-04-04","","39.7826087"
"PUENTE ARANDA","2019-04-03","","66.58333333"
"PUENTE ARANDA","2019-04-02","","41.0"
"PUENTE ARANDA","2019-04-01","","46.29583333"
"PUENTE ARANDA","2019-03-31","","32.27"
"PUENTE ARANDA","2019-03-30","","40.79166667"
"PUENTE ARANDA","2019-03-29","","62.04166667"
"PUENTE ARANDA","2019-03-28","","100.56521739"
"PUENTE ARANDA","2019-03-27","","83.125"
"PUENTE ARANDA","2019-03-26","","77.375"
"PUENTE ARANDA","2019-03-25","","62.40909091"
"PUENTE ARANDA","2019-03-24","","56.75"
"PUENTE ARANDA","2019-03-23","","49.58333333"
"PUENTE ARANDA","2019-03-22","","46.91666667"
"PUENTE ARANDA","2019-03-21","","65.81666667"
"PUENTE ARANDA","2019-03-20","","64.04166667"
"PUENTE ARANDA","2019-03-19","","47.53333333"
"PUENTE ARANDA","2019-03-18","","53.62083333"
"PUENTE ARANDA","2019-03-17","","31.45833333"
"PUENTE ARANDA","2019-03-16","","47.25"
"PUENTE ARANDA","2019-03-15","","53.08333333"
"PUENTE ARANDA","2019-03-14","","51.17391304"
"PUENTE ARANDA","2019-03-13","","57.50416667"
"PUENTE ARANDA","2019-03-12","","59.58333333"
"PUENTE ARANDA","2019-03-11","","35.43478261"
"PUENTE ARANDA","2019-03-10","","24.39130435"
"PUENTE ARANDA","2019-03-09","","39.5"
"PUENTE ARANDA","2019-03-08","","76.95833333"
"PUENTE ARANDA","2019-03-07","","79.125"
"PUENTE ARANDA","2019-03-06","","66.27083333"
"PUENTE ARANDA","2019-03-05","","64.79166667"
"PUENTE ARANDA","2019-03-04","","68.625"
"PUENTE ARANDA","2019-03-03","","41.5"
"PUENTE ARANDA","2019-03-02","","66.43333333"
"PUENTE ARANDA","2019-03-01","","74.41666667"
"PUENTE ARANDA","2019-02-28","","50.29166667"
"PUENTE ARANDA","2019-02-27","","62.25"
"PUENTE ARANDA","2019-02-26","","75.70833333"
"PUENTE ARANDA","2019-02-25","","50.70833333"
"PUENTE ARANDA","2019-02-24","","38.875"
"PUENTE ARANDA","2019-02-23","","65.375"
"PUENTE ARANDA","2019-02-22","","66.33333333"
"PUENTE ARANDA","2019-02-21","","48.54166667"
"PUENTE ARANDA","2019-02-20","","45.95833333"
"PUENTE ARANDA","2019-02-19","","48.14347826"
"PUENTE ARANDA","2019-02-18","","60.16666667"
"PUENTE ARANDA","2019-02-17","","45.25"
"PUENTE ARANDA","2019-02-16","","47.875"
"PUENTE ARANDA","2019-02-15","","82.09090909"
"PUENTE ARANDA","2019-02-14","","85.33333333"
"PUENTE ARANDA","2019-02-13","","58.95454545"
"PUENTE ARANDA","2019-02-12","","62.13913043"
"PUENTE ARANDA","2019-02-11","","69.60869565"
"PUENTE ARANDA","2019-02-10","","48.23478261"
"PUENTE ARANDA","2019-02-09","","50.79166667"
"PUENTE ARANDA","2019-02-08","","48.70833333"
"PUENTE ARANDA","2019-02-07","","62.44166667"
"PUENTE ARANDA","2019-02-06","","64.275"
"PUENTE ARANDA","2019-02-05","","80.83333333"
"PUENTE ARANDA","2019-02-04","","68.5"
"PUENTE ARANDA","2019-02-03","","38.02083333"
"PUENTE ARANDA","2019-02-02","","68.91666667"
"PUENTE ARANDA","2019-02-01","","58.68181818"
"PUENTE ARANDA","2019-01-31","","87.33333333"
"PUENTE ARANDA","2019-01-30","","82.16666667"
"PUENTE ARANDA","2019-01-29","","59.41666667"
"PUENTE ARANDA","2019-01-28","","59.29166667"
"PUENTE ARANDA","2019-01-27","","37.08333333"
"PUENTE ARANDA","2019-01-26","","35.33333333"
"PUENTE ARANDA","2019-01-25","","40.04166667"
"PUENTE ARANDA","2019-01-24","","28.8"
"PUENTE ARANDA","2019-01-23","","25.675"
"PUENTE ARANDA","2019-01-22","","31.33333333"
"PUENTE ARANDA","2019-01-21","","41.94782609"
"PUENTE ARANDA","2019-01-20","","21.83333333"
"PUENTE ARANDA","2019-01-19","","31.23333333"
"PUENTE ARANDA","2019-01-18","","32.375"
"PUENTE ARANDA","2019-01-17","","44.72727273"
"PUENTE ARANDA","2019-01-16","","39.125"
"PUENTE ARANDA","2019-01-15","","44.04166667"
"PUENTE ARANDA","2019-01-14","","40.0"
"PUENTE ARANDA","2019-01-13","","45.66666667"
"PUENTE ARANDA","2019-01-12","","69.46666667"
"PUENTE ARANDA","2019-01-11","","49.0"
"PUENTE ARANDA","2019-01-10","","29.29166667"
"PUENTE ARANDA","2019-01-09","","43.69565217"
"PUENTE ARANDA","2019-01-08","","39.41666667"
"PUENTE ARANDA","2019-01-07","","37.125"
"PUENTE ARANDA","2019-01-06","","35.45833333"
"PUENTE ARANDA","2019-01-05","","45.83333333"
"PUENTE ARANDA","2019-01-04","","33.83636364"
"PUENTE ARANDA","2019-01-03","","16.66666667"
"PUENTE ARANDA","2019-01-02","","14.91666667"
"PUENTE ARANDA","2019-01-01","","20.13043478"
"PUENTE ARANDA","2018-12-31","","33.96956522"
"PUENTE ARANDA","2018-12-30","","38.05555556"
"PUENTE ARANDA","2018-12-29","","27.33913043"
"PUENTE ARANDA","2018-12-28","","38.25"
"PUENTE ARANDA","2018-12-27","","28.34583333"
"PUENTE ARANDA","2018-12-26","","38.67727273"
"PUENTE ARANDA","2018-12-25","","48.16666667"
"PUENTE ARANDA","2018-12-24","","46.07142857"
"PUENTE ARANDA","2018-12-23","","38.31818182"
"PUENTE ARANDA","2018-12-22","","38.50952381"
"PUENTE ARANDA","2018-12-21","","58.33333333"
"PUENTE ARANDA","2018-12-20","","75.48695652"
"PUENTE ARANDA","2018-12-19","","50.33333333"
"PUENTE ARANDA","2018-12-18","","74.43478261"
"PUENTE ARANDA","2018-12-17","","58.2"
"PUENTE ARANDA","2018-12-16","","36.34761905"
"PUENTE ARANDA","2018-12-15","","59.34166667"
"PUENTE ARANDA","2018-12-14","","67.875"
"PUENTE ARANDA","2018-12-13","","41.875"
"PUENTE ARANDA","2018-12-12","","41.125"
"PUENTE ARANDA","2018-12-11","","53.625"
"PUENTE ARANDA","2018-12-10","","49.04545455"
"PUENTE ARANDA","2018-12-09","","39.21666667"
"PUENTE ARANDA","2018-12-08","","47.62857143"
"PUENTE ARANDA","2018-12-07","","47.08333333"
"PUENTE ARANDA","2018-12-06","","62.95833333"
"PUENTE ARANDA","2018-12-05","","49.54166667"
"PUENTE ARANDA","2018-12-04","","59.25"
"PUENTE ARANDA","2018-12-03","","61.25"
"PUENTE ARANDA","2018-12-02","","40.81304348"
"PUENTE ARANDA","2018-12-01","","47.66666667"
"PUENTE ARANDA","2018-11-30","","54.33333333"
"PUENTE ARANDA","2018-11-29","","68.0"
"PUENTE ARANDA","2018-11-28","","39.20833333"
"PUENTE ARANDA","2018-11-27","","65.0"
"PUENTE ARANDA","2018-11-26","","60.17391304"
"PUENTE ARANDA","2018-11-25","","38.41666667"
"PUENTE ARANDA","2018-11-24","","78.08333333"
"PUENTE ARANDA","2018-11-23","","49.0625"
"PUENTE ARANDA","2018-11-22","","69.625"
"PUENTE ARANDA","2018-11-21","","61.95833333"
"PUENTE ARANDA","2018-11-20","","41.41666667"
"PUENTE ARANDA","2018-11-19","","52.56521739"
"PUENTE ARANDA","2018-11-18","","35.35833333"
"PUENTE ARANDA","2018-11-17","","47.375"
"PUENTE ARANDA","2018-11-16","","67.20833333"
"PUENTE ARANDA","2018-11-15","","86.08695652"
"PUENTE ARANDA","2018-11-14","","90.20833333"
"PUENTE ARANDA","2018-11-13","","71.04166667"
"PUENTE ARANDA","2018-11-12","","25.27272727"
"PUENTE ARANDA","2018-11-11","","41.09090909"
"PUENTE ARANDA","2018-11-10","","35.79166667"
"PUENTE ARANDA","2018-11-09","","47.2625"
"PUENTE ARANDA","2018-11-08","","58.19047619"
"PUENTE ARANDA","2018-11-07","","41.075"
"PUENTE ARANDA","2018-11-06","","43.94166667"
"PUENTE ARANDA","2018-11-05","","22.7375"
"PUENTE ARANDA","2018-11-04","","46.625"
"PUENTE ARANDA","2018-11-03","","41.97916667"
"PUENTE ARANDA","2018-11-02","","37.1875"
"PUENTE ARANDA","2018-11-01","","25.14285714"
"PUENTE ARANDA","2018-10-29","","30.43181818"
"PUENTE ARANDA","2018-10-28","","34.5125"
"PUENTE ARANDA","2018-10-27","","20.775"
"PUENTE ARANDA","2018-10-26","","41.70833333"
"PUENTE ARANDA","2018-10-25","","42.5"
"PUENTE ARANDA","2018-10-24","","33.125"
"PUENTE ARANDA","2018-10-23","","25.625"
"PUENTE ARANDA","2018-10-22","","39.54166667"
"PUENTE ARANDA","2018-10-21","","19.42083333"
"PUENTE ARANDA","2018-10-20","","37.20833333"
"PUENTE ARANDA","2018-10-19","","54.41666667"
"PUENTE ARANDA","2018-10-18","","78.79166667"
"PUENTE ARANDA","2018-10-17","","60.8125"
"PUENTE ARANDA","2018-10-16","","35.73913043"
"PUENTE ARANDA","2018-10-15","","24.40416667"
"PUENTE ARANDA","2018-10-14","","48.04761905"
"PUENTE ARANDA","2018-10-13","","66.625"
"PUENTE ARANDA","2018-10-12","","79.70833333"
"PUENTE ARANDA","2018-10-11","","49.875"
"PUENTE ARANDA","2018-10-10","","42.79166667"
"PUENTE ARANDA","2018-10-09","","44.44444444"
"PUENTE ARANDA","2018-10-07","","36.5"
"PUENTE ARANDA","2018-10-06","","37.41666667"
"PUENTE ARANDA","2018-10-05","","58.16666667"
"PUENTE ARANDA","2018-10-04","","37.04166667"
"PUENTE ARANDA","2018-10-03","","54.45833333"
"PUENTE ARANDA","2018-10-02","","45.25"
"PUENTE ARANDA","2018-09-29","","33.42"
"PUENTE ARANDA","2018-09-28","","40.95652174"
"PUENTE ARANDA","2018-09-27","","38.17083333"
"PUENTE ARANDA","2018-09-26","","36.71666667"
"PUENTE ARANDA","2018-09-25","","33.25"
"PUENTE ARANDA","2018-09-24","","17.03333333"
"PUENTE ARANDA","2018-09-23","","18.67222222"
"PUENTE ARANDA","2018-09-22","","24.85714286"
"PUENTE ARANDA","2018-09-21","","35.22727273"
"PUENTE ARANDA","2018-09-20","","22.79545455"
"PUENTE ARANDA","2018-09-19","","40.0"
"PUENTE ARANDA","2018-09-18","","36.36363636"
"PUENTE ARANDA","2018-09-17","","40.39130435"
"PUENTE ARANDA","2018-09-16","","20.49047619"
"PUENTE ARANDA","2018-09-15","","49.70833333"
"PUENTE ARANDA","2018-09-14","","58.41666667"
"PUENTE ARANDA","2018-09-13","","69.20833333"
"PUENTE ARANDA","2018-09-12","","68.41666667"
"PUENTE ARANDA","2018-09-11","","54.39583333"
"PUENTE ARANDA","2018-09-10","","40.52631579"
"PUENTE ARANDA","2018-09-09","","15.50434783"
"PUENTE ARANDA","2018-09-08","","25.05"
"PUENTE ARANDA","2018-09-07","","35.53478261"
"PUENTE ARANDA","2018-09-06","","57.875"
"PUENTE ARANDA","2018-09-05","","39.95833333"
"PUENTE ARANDA","2018-09-04","","19.83333333"
"PUENTE ARANDA","2018-09-03","","30.75909091"
"PUENTE ARANDA","2018-09-02","","34.30434783"
"PUENTE ARANDA","2018-09-01","","47.31818182"
"PUENTE ARANDA","2018-08-31","","41.95652174"
"PUENTE ARANDA","2018-08-30","","32.83333333"
"PUENTE ARANDA","2018-08-29","","26.75"
"PUENTE ARANDA","2018-08-28","","46.875"
"PUENTE ARANDA","2018-08-27","","18.825"
"PUENTE ARANDA","2018-08-26","","12.79166667"
"PUENTE ARANDA","2018-08-25","","20.08333333"
"PUENTE ARANDA","2018-08-24","","25.69545455"
"PUENTE ARANDA","2018-08-23","","35.90416667"
"PUENTE ARANDA","2018-08-22","","18.66666667"
"PUENTE ARANDA","2018-08-21","","16.29166667"
"PUENTE ARANDA","2018-08-20","","12.79166667"
"PUENTE ARANDA","2018-08-19","","9.28333333"
"PUENTE ARANDA","2018-08-18","","23.84166667"
"PUENTE ARANDA","2018-08-17","","22.75"
"PUENTE ARANDA","2018-08-16","","30.89166667"
"PUENTE ARANDA","2018-08-15","","25.54166667"
"PUENTE ARANDA","2018-08-14","","34.17916667"
"PUENTE ARANDA","2018-08-13","","30.27916667"
"PUENTE ARANDA","2018-08-12","","14.95909091"
"PUENTE ARANDA","2018-08-11","","21.73913043"
"PUENTE ARANDA","2018-08-10","","20.92916667"
"PUENTE ARANDA","2018-08-09","","17.79565217"
"PUENTE ARANDA","2018-08-08","","21.675"
"PUENTE ARANDA","2018-08-07","","17.82916667"
"PUENTE ARANDA","2018-08-06","","22.25"
"PUENTE ARANDA","2018-08-05","","15.16666667"
"PUENTE ARANDA","2018-08-04","","28.91666667"
"PUENTE ARANDA","2018-08-03","","53.08333333"
"PUENTE ARANDA","2018-08-02","","31.675"
"PUENTE ARANDA","2018-08-01","","42.13043478"
"PUENTE ARANDA","2018-07-31","","43.20833333"
"PUENTE ARANDA","2018-07-30","","35.625"
"PUENTE ARANDA","2018-07-29","","18.45"
"PUENTE ARANDA","2018-07-28","","27.6625"
"PUENTE ARANDA","2018-07-27","","22.29565217"
"PUENTE ARANDA","2018-07-26","","21.5375"
"PUENTE ARANDA","2018-07-25","","35.5"
"PUENTE ARANDA","2018-07-24","","31.75"
"PUENTE ARANDA","2018-07-23","","35.40434783"
"PUENTE ARANDA","2018-07-22","","37.83333333"
"PUENTE ARANDA","2018-07-21","","33.79166667"
"PUENTE ARANDA","2018-07-20","","21.70833333"
"PUENTE ARANDA","2018-07-19","","25.05416667"
"PUENTE ARANDA","2018-07-18","","29.625"
"PUENTE ARANDA","2018-07-17","","24.66666667"
"PUENTE ARANDA","2018-07-16","","27.0875"
"PUENTE ARANDA","2018-07-15","","13.18695652"
"PUENTE ARANDA","2018-07-14","","16.5"
"PUENTE ARANDA","2018-07-13","","17.83333333"
"PUENTE ARANDA","2018-07-12","","18.79166667"
"PUENTE ARANDA","2018-07-11","","16.70833333"
"PUENTE ARANDA","2018-07-10","","22.6625"
"PUENTE ARANDA","2018-07-09","","20.08333333"
"PUENTE ARANDA","2018-07-08","","18.64347826"
"PUENTE ARANDA","2018-07-07","","30.8"
"PUENTE ARANDA","2018-07-06","","40.85833333"
"PUENTE ARANDA","2018-07-05","","21.41666667"
"PUENTE ARANDA","2018-07-04","","32.40416667"
"PUENTE ARANDA","2018-07-03","","47.0"
"PUENTE ARANDA","2018-07-02","","33.25"
"PUENTE ARANDA","2018-07-01","","31.0"
"PUENTE ARANDA","2018-06-30","","39.29166667"
"PUENTE ARANDA","2018-06-29","","43.0"
"PUENTE ARANDA","2018-06-28","","35.5"
"PUENTE ARANDA","2018-06-27","","37.08333333"
"PUENTE ARANDA","2018-06-26","","38.0"
"PUENTE ARANDA","2018-06-25","","22.875"
"PUENTE ARANDA","2018-06-24","","12.225"
"PUENTE ARANDA","2018-06-23","","23.70833333"
"PUENTE ARANDA","2018-06-22","","43.225"
"PUENTE ARANDA","2018-06-21","","36.75"
"PUENTE ARANDA","2018-06-20","","20.8125"
"PUENTE ARANDA","2018-06-19","","18.29166667"
"PUENTE ARANDA","2018-06-18","","17.83333333"
"PUENTE ARANDA","2018-06-17","","14.25416667"
"PUENTE ARANDA","2018-06-16","","24.65416667"
"PUENTE ARANDA","2018-06-15","","30.9125"
"PUENTE ARANDA","2018-06-14","","25.58333333"
"PUENTE ARANDA","2018-06-13","","29.57142857"
"PUENTE ARANDA","2018-06-12","","33.29166667"
"PUENTE ARANDA","2018-06-11","","20.29166667"
"PUENTE ARANDA","2018-06-10","","14.125"
"PUENTE ARANDA","2018-06-09","","16.41666667"
"PUENTE ARANDA","2018-06-08","","37.52083333"
"PUENTE ARANDA","2018-06-07","","39.6875"
"PUENTE ARANDA","2018-06-06","","25.61666667"
"PUENTE ARANDA","2018-06-05","","26.95416667"
"PUENTE ARANDA","2018-06-04","","16.45833333"
"PUENTE ARANDA","2018-06-03","","15.50416667"
"PUENTE ARANDA","2018-06-02","","53.04545455"
"PUENTE ARANDA","2018-06-01","","56.83333333"
"PUENTE ARANDA","2018-05-31","","29.98636364"
"PUENTE ARANDA","2018-05-30","","46.375"
"PUENTE ARANDA","2018-05-29","","41.25833333"
"PUENTE ARANDA","2018-05-28","","39.33333333"
"PUENTE ARANDA","2018-05-27","","31.625"
"PUENTE ARANDA","2018-05-26","","22.25"
"PUENTE ARANDA","2018-05-25","","40.7"
"PUENTE ARANDA","2018-05-24","","36.70833333"
"PUENTE ARANDA","2018-05-23","","32.20909091"
"PUENTE ARANDA","2018-05-22","","62.75416667"
"PUENTE ARANDA","2018-05-21","","30.31818182"
"PUENTE ARANDA","2018-05-20","","25.45833333"
"PUENTE ARANDA","2018-05-19","","52.0"
"PUENTE ARANDA","2018-05-18","","71.85416667"
"PUENTE ARANDA","2018-05-17","","37.70833333"
"PUENTE ARANDA","2018-05-16","","34.14583333"
"PUENTE ARANDA","2018-05-15","","32.04166667"
"PUENTE ARANDA","2018-05-14","","27.58333333"
"PUENTE ARANDA","2018-05-13","","30.1625"
"PUENTE ARANDA","2018-05-12","","30.04166667"
"PUENTE ARANDA","2018-05-11","","44.11666667"
"PUENTE ARANDA","2018-05-10","","52.70833333"
"PUENTE ARANDA","2018-05-09","","41.1"
"PUENTE ARANDA","2018-05-08","","33.0625"
"PUENTE ARANDA","2018-05-07","","45.68181818"
"PUENTE ARANDA","2018-05-06","","32.43478261"
"PUENTE ARANDA","2018-05-05","","44.73333333"
"PUENTE ARANDA","2018-05-04","","53.33333333"
"PUENTE ARANDA","2018-05-03","","44.28571429"
"PUENTE ARANDA","2018-05-02","","35.2"
"PUENTE ARANDA","2018-05-01","","54.90869565"
"PUENTE ARANDA","2018-04-30","","46.84782609"
"PUENTE ARANDA","2018-04-29","","43.04166667"
"PUENTE ARANDA","2018-04-28","","55.29166667"
"PUENTE ARANDA","2018-04-27","","51.45833333"
"PUENTE ARANDA","2018-04-26","","31.45"
"PUENTE ARANDA","2018-04-25","","50.91304348"
"PUENTE ARANDA","2018-04-24","","55.47826087"
"PUENTE ARANDA","2018-04-23","","27.95652174"
"PUENTE ARANDA","2018-04-22","","35.84166667"
"PUENTE ARANDA","2018-04-21","","44.75"
"PUENTE ARANDA","2018-04-20","","36.41666667"
"PUENTE ARANDA","2018-04-19","","27.66666667"
"PUENTE ARANDA","2018-04-18","","46.42916667"
"PUENTE ARANDA","2018-04-17","","77.08333333"
"PUENTE ARANDA","2018-04-16","","69.70833333"
"PUENTE ARANDA","2018-04-15","","42.0"
"PUENTE ARANDA","2018-04-14","","49.04166667"
"PUENTE ARANDA","2018-04-13","","74.70833333"
"PUENTE ARANDA","2018-04-12","","55.66666667"
"PUENTE ARANDA","2018-04-11","","69.66666667"
"PUENTE ARANDA","2018-04-10","","54.625"
"PUENTE ARANDA","2018-04-09","","71.95833333"
"PUENTE ARANDA","2018-04-08","","59.0"
"PUENTE ARANDA","2018-04-07","","60.125"
"PUENTE ARANDA","2018-04-06","","41.7125"
"PUENTE ARANDA","2018-04-05","","49.79166667"
"PUENTE ARANDA","2018-04-04","","53.41666667"
"PUENTE ARANDA","2018-04-03","","50.52916667"
"PUENTE ARANDA","2018-04-02","","43.22083333"
"PUENTE ARANDA","2018-04-01","","19.2173913"
"PUENTE ARANDA","2018-03-31","","28.31818182"
"PUENTE ARANDA","2018-03-30","","35.75"
"PUENTE ARANDA","2018-03-29","","19.54166667"
"PUENTE ARANDA","2018-03-28","","68.5"
"PUENTE ARANDA","2018-03-27","","85.47826087"
"PUENTE ARANDA","2018-03-26","","66.29166667"
"PUENTE ARANDA","2018-03-25","","46.375"
"PUENTE ARANDA","2018-03-24","","58.5625"
"PUENTE ARANDA","2018-03-23","","95.73913043"
"PUENTE ARANDA","2018-03-22","","71.54166667"
"PUENTE ARANDA","2018-03-21","","61.66666667"
"PUENTE ARANDA","2018-03-20","","64.69230769"
"PUENTE ARANDA","2018-03-17","","74.56521739"
"PUENTE ARANDA","2018-03-16","","65.65217391"
"PUENTE ARANDA","2018-03-15","","85.04166667"
"PUENTE ARANDA","2018-03-14","","68.07727273"
"PUENTE ARANDA","2018-03-13","","60.82608696"
"PUENTE ARANDA","2018-03-12","","57.26086957"
"PUENTE ARANDA","2018-03-11","","25.125"
"PUENTE ARANDA","2018-03-10","","47.41666667"
"PUENTE ARANDA","2018-03-09","","35.08333333"
"PUENTE ARANDA","2018-03-08","","39.95454545"
"PUENTE ARANDA","2018-03-07","","42.75416667"
"PUENTE ARANDA","2018-03-06","","52.79166667"
"PUENTE ARANDA","2018-03-05","","81.30434783"
"PUENTE ARANDA","2018-03-04","","64.54166667"
"PUENTE ARANDA","2018-03-03","","60.16666667"
"PUENTE ARANDA","2018-03-02","","52.0"
"PUENTE ARANDA","2018-03-01","","77.08333333"
"PUENTE ARANDA","2018-02-28","","73.25"
"PUENTE ARANDA","2018-02-27","","85.025"
"PUENTE ARANDA","2018-02-26","","57.375"
"PUENTE ARANDA","2018-02-25","","47.29166667"
"PUENTE ARANDA","2018-02-24","","47.47916667"
"PUENTE ARANDA","2018-02-23","","62.04166667"
"PUENTE ARANDA","2018-02-22","","63.625"
"PUENTE ARANDA","2018-02-21","","77.66666667"
"PUENTE ARANDA","2018-02-20","","64.29166667"
"PUENTE ARANDA","2018-02-19","","67.83333333"
"PUENTE ARANDA","2018-02-18","","35.625"
"PUENTE ARANDA","2018-02-17","","44.75"
"PUENTE ARANDA","2018-02-16","","53.95833333"
"PUENTE ARANDA","2018-02-15","","51.70833333"
"PUENTE ARANDA","2018-02-14","","52.625"
"PUENTE ARANDA","2018-02-13","","79.79166667"
"PUENTE ARANDA","2018-02-12","","68.08695652"
"PUENTE ARANDA","2018-02-11","","40.54545455"
"PUENTE ARANDA","2018-02-10","","38.70833333"
"PUENTE ARANDA","2018-02-09","","53.83333333"
"PUENTE ARANDA","2018-02-08","","79.91666667"
"PUENTE ARANDA","2018-02-07","","56.96521739"
"PUENTE ARANDA","2018-02-06","","75.95833333"
"PUENTE ARANDA","2018-02-05","","56.16666667"
"PUENTE ARANDA","2018-02-04","","42.75"
"PUENTE ARANDA","2018-02-03","","75.41666667"
"PUENTE ARANDA","2018-02-02","","62.75"
"PUENTE ARANDA","2018-02-01","","83.16666667"
"PUENTE ARANDA","2018-01-31","","63.66666667"
"PUENTE ARANDA","2018-01-30","","67.0"
"PUENTE ARANDA","2018-01-29","","43.625"
"PUENTE ARANDA","2018-01-28","","37.09130435"
"PUENTE ARANDA","2018-01-27","","64.29583333"
"PUENTE ARANDA","2018-01-26","","61.34166667"
"PUENTE ARANDA","2018-01-25","","49.69565217"
"PUENTE ARANDA","2018-01-24","","48.86956522"
"PUENTE ARANDA","2018-01-23","","43.83333333"
"PUENTE ARANDA","2018-01-22","","38.125"
"PUENTE ARANDA","2018-01-21","","25.625"
"PUENTE ARANDA","2018-01-20","","27.33333333"
"PUENTE ARANDA","2018-01-19","","39.95833333"
"PUENTE ARANDA","2018-01-18","","34.56521739"
"PUENTE ARANDA","2018-01-17","","50.875"
"PUENTE ARANDA","2018-01-16","","52.75"
"PUENTE ARANDA","2018-01-15","","62.43478261"
"PUENTE ARANDA","2018-01-14","","40.20833333"
"PUENTE ARANDA","2018-01-13","","46.4375"
"PUENTE ARANDA","2018-01-12","","45.73913043"
"PUENTE ARANDA","2018-01-11","","36.97826087"
"PUENTE ARANDA","2018-01-10","","43.1375"
"PUENTE ARANDA","2018-01-09","","43.41666667"
"PUENTE ARANDA","2018-01-08","","32.83333333"
"PUENTE ARANDA","2018-01-07","","45.70833333"
"PUENTE ARANDA","2018-01-06","","30.70833333"
"PUENTE ARANDA","2018-01-05","","55.125"
"PUENTE ARANDA","2018-01-04","","66.16666667"
"PUENTE ARANDA","2018-01-03","","51.17391304"
"PUENTE ARANDA","2018-01-02","","47.625"
"PUENTE ARANDA","2018-01-01","","31.20434783"
"PUENTE ARANDA","2017-12-31","","34.8875"
"PUENTE ARANDA","2017-12-30","","42.66666667"
"PUENTE ARANDA","2017-12-29","","47.875"
"PUENTE ARANDA","2017-12-28","","33.75"
"PUENTE ARANDA","2017-12-27","","38.70833333"
"PUENTE ARANDA","2017-12-26","","47.0"
"PUENTE ARANDA","2017-12-25","","51.2625"
"PUENTE ARANDA","2017-12-24","","40.91666667"
"PUENTE ARANDA","2017-12-23","","51.125"
"PUENTE ARANDA","2017-12-22","","42.83333333"
"PUENTE ARANDA","2017-12-21","","84.75"
"PUENTE ARANDA","2017-12-20","","73.625"
"PUENTE ARANDA","2017-12-19","","82.375"
"PUENTE ARANDA","2017-12-18","","66.16666667"
"PUENTE ARANDA","2017-12-17","","46.04166667"
"PUENTE ARANDA","2017-12-16","","63.29166667"
"PUENTE ARANDA","2017-12-15","","61.30434783"
"PUENTE ARANDA","2017-12-14","","49.58333333"
"PUENTE ARANDA","2017-12-13","","44.75"
"PUENTE ARANDA","2017-12-12","","49.0"
"PUENTE ARANDA","2017-12-11","","32.29166667"
"PUENTE ARANDA","2017-12-10","","38.08333333"
"PUENTE ARANDA","2017-12-09","","65.375"
"PUENTE ARANDA","2017-12-08","","39.41666667"
"PUENTE ARANDA","2017-12-07","","76.19166667"
"PUENTE ARANDA","2017-12-06","","59.41666667"
"PUENTE ARANDA","2017-12-05","","43.13043478"
"PUENTE ARANDA","2017-12-04","","54.18181818"
"PUENTE ARANDA","2017-12-03","","30.875"
"PUENTE ARANDA","2017-12-02","","72.375"
"PUENTE ARANDA","2017-12-01","","64.29166667"
"PUENTE ARANDA","2017-11-30","","68.70833333"
"PUENTE ARANDA","2017-11-29","","42.41666667"
"PUENTE ARANDA","2017-11-28","","54.33333333"
"PUENTE ARANDA","2017-11-27","","52.04166667"
"PUENTE ARANDA","2017-11-26","","38.54166667"
"PUENTE ARANDA","2017-11-25","","43.04166667"
"PUENTE ARANDA","2017-11-24","","67.66666667"
"PUENTE ARANDA","2017-11-23","","89.20833333"
"PUENTE ARANDA","2017-11-22","","82.75"
"PUENTE ARANDA","2017-11-21","","75.20833333"
"PUENTE ARANDA","2017-11-20","","48.875"
"PUENTE ARANDA","2017-11-19","","34.125"
"PUENTE ARANDA","2017-11-18","","58.95833333"
"PUENTE ARANDA","2017-11-17","","44.81304348"
"PUENTE ARANDA","2017-11-16","","62.56521739"
"PUENTE ARANDA","2017-11-15","","49.625"
"PUENTE ARANDA","2017-11-14","","60.66666667"
"PUENTE ARANDA","2017-11-13","","40.75416667"
"PUENTE ARANDA","2017-11-12","","48.07916667"
"PUENTE ARANDA","2017-11-11","","48.0"
"PUENTE ARANDA","2017-11-10","","73.83333333"
"PUENTE ARANDA","2017-11-09","","78.91666667"
"PUENTE ARANDA","2017-11-08","","70.29166667"
"PUENTE ARANDA","2017-11-07","","88.68181818"
"PUENTE ARANDA","2017-11-06","","66.91666667"
"PUENTE ARANDA","2017-11-05","","63.66666667"
"PUENTE ARANDA","2017-11-04","","59.0"
"PUENTE ARANDA","2017-11-03","","82.0"
"PUENTE ARANDA","2017-11-02","","63.875"
"PUENTE ARANDA","2017-11-01","","76.75"
"PUENTE ARANDA","2017-10-31","","66.70833333"
"PUENTE ARANDA","2017-10-30","","53.56521739"
"PUENTE ARANDA","2017-10-29","","25.66666667"
"PUENTE ARANDA","2017-10-28","","46.125"
"PUENTE ARANDA","2017-10-27","","80.36363636"
"PUENTE ARANDA","2017-10-26","","93.29166667"
"PUENTE ARANDA","2017-10-25","","53.875"
"PUENTE ARANDA","2017-10-24","","41.125"
"PUENTE ARANDA","2017-10-23","","34.125"
"PUENTE ARANDA","2017-10-22","","22.17391304"
"PUENTE ARANDA","2017-10-21","","51.75"
"PUENTE ARANDA","2017-10-20","","61.36666667"
"PUENTE ARANDA","2017-10-19","","66.66666667"
"PUENTE ARANDA","2017-10-18","","24.90909091"
"PUENTE ARANDA","2017-10-17","","26.09090909"
"PUENTE ARANDA","2017-10-16","","16.29166667"
"PUENTE ARANDA","2017-10-15","","26.375"
"PUENTE ARANDA","2017-10-14","","35.16666667"
"PUENTE ARANDA","2017-10-13","","38.25"
"PUENTE ARANDA","2017-10-12","","72.4875"
"PUENTE ARANDA","2017-10-11","","61.9047619"
"PUENTE ARANDA","2017-10-10","","90.08695652"
"PUENTE ARANDA","2017-10-09","","77.08695652"
"PUENTE ARANDA","2017-10-08","","53.05"
"PUENTE ARANDA","2017-10-07","","34.45833333"
"PUENTE ARANDA","2017-10-06","","47.91666667"
"PUENTE ARANDA","2017-10-05","","33.25"
"PUENTE ARANDA","2017-10-04","","35.04166667"
"PUENTE ARANDA","2017-10-03","","58.20833333"
"PUENTE ARANDA","2017-10-02","","51.16666667"
"PUENTE ARANDA","2017-10-01","","37.73333333"
"PUENTE ARANDA","2017-09-30","","28.91666667"
"PUENTE ARANDA","2017-09-29","","37.15416667"
"PUENTE ARANDA","2017-09-28","","56.66666667"
"PUENTE ARANDA","2017-09-27","","73.08695652"
"PUENTE ARANDA","2017-09-26","","71.29166667"
"PUENTE ARANDA","2017-09-25","","22.52173913"
"PUENTE ARANDA","2017-09-24","","19.79166667"
"PUENTE ARANDA","2017-09-23","","38.125"
"PUENTE ARANDA","2017-09-22","","67.27272727"
"PUENTE ARANDA","2017-09-21","","59.875"
"PUENTE ARANDA","2017-09-20","","61.5"
"PUENTE ARANDA","2017-09-19","","58.25"
"PUENTE ARANDA","2017-09-18","","25.91666667"
"PUENTE ARANDA","2017-09-17","","19.95217391"
"PUENTE ARANDA","2017-09-16","","35.4625"
"PUENTE ARANDA","2017-09-15","","33.66666667"
"PUENTE ARANDA","2017-09-14","","39.25"
"PUENTE ARANDA","2017-09-13","","38.04166667"
"PUENTE ARANDA","2017-09-12","","42.10869565"
"PUENTE ARANDA","2017-09-11","","40.0"
"PUENTE ARANDA","2017-09-10","","31.30434783"
"PUENTE ARANDA","2017-09-09","","35.80869565"
"PUENTE ARANDA","2017-09-08","","63.58333333"
"PUENTE ARANDA","2017-09-07","","47.0"
"PUENTE ARANDA","2017-09-06","","42.35"
"PUENTE ARANDA","2017-09-05","","39.125"
"PUENTE ARANDA","2017-09-04","","42.34782609"
"PUENTE ARANDA","2017-09-03","","19.70833333"
"PUENTE ARANDA","2017-09-02","","28.04166667"
"PUENTE ARANDA","2017-09-01","","37.37916667"
"PUENTE ARANDA","2017-08-31","","30.17391304"
"PUENTE ARANDA","2017-08-30","","21.875"
"PUENTE ARANDA","2017-08-29","","50.16666667"
"PUENTE ARANDA","2017-08-28","","39.25"
"PUENTE ARANDA","2017-08-27","","37.66666667"
"PUENTE ARANDA","2017-08-26","","43.375"
"PUENTE ARANDA","2017-08-25","","42.33333333"
"PUENTE ARANDA","2017-08-24","","40.75"
"PUENTE ARANDA","2017-08-23","","46.95"
"PUENTE ARANDA","2017-08-22","","25.7826087"
"PUENTE ARANDA","2017-08-21","","22.875"
"PUENTE ARANDA","2017-08-20","","28.08695652"
"PUENTE ARANDA","2017-08-19","","44.375"
"PUENTE ARANDA","2017-08-18","","56.08695652"
"PUENTE ARANDA","2017-08-17","","56.45833333"
"PUENTE ARANDA","2017-08-16","","39.55833333"
"PUENTE ARANDA","2017-08-15","","60.68181818"
"PUENTE ARANDA","2017-08-14","","46.33181818"
"PUENTE ARANDA","2017-08-13","","21.33333333"
"PUENTE ARANDA","2017-08-12","","32.16666667"
"PUENTE ARANDA","2017-08-11","","51.3125"
"PUENTE ARANDA","2017-08-10","","58.45454545"
"PUENTE ARANDA","2017-08-09","","24.875"
"PUENTE ARANDA","2017-08-08","","37.33333333"
"PUENTE ARANDA","2017-08-07","","23.97916667"
"PUENTE ARANDA","2017-08-06","","23.50416667"
"PUENTE ARANDA","2017-08-05","","20.41666667"
"PUENTE ARANDA","2017-08-04","","26.40833333"
"PUENTE ARANDA","2017-08-03","","53.42857143"
"PUENTE ARANDA","2017-08-02","","66.75"
"PUENTE ARANDA","2017-08-01","","51.13043478"
"PUENTE ARANDA","2017-07-31","","22.87826087"
"PUENTE ARANDA","2017-07-30","","12.30434783"
"PUENTE ARANDA","2017-07-29","","18.0"
"PUENTE ARANDA","2017-07-28","","20.5"
"PUENTE ARANDA","2017-07-27","","35.18181818"
"PUENTE ARANDA","2017-07-26","","16.42916667"
"PUENTE ARANDA","2017-07-25","","18.8875"
"PUENTE ARANDA","2017-07-24","","21.75"
"PUENTE ARANDA","2017-07-23","","15.9047619"
"PUENTE ARANDA","2017-07-22","","19.625"
"PUENTE ARANDA","2017-07-21","","32.79583333"
"PUENTE ARANDA","2017-07-20","","23.75"
"PUENTE ARANDA","2017-07-19","","25.83333333"
"PUENTE ARANDA","2017-07-18","","33.13043478"
"PUENTE ARANDA","2017-07-17","","54.45833333"
"PUENTE ARANDA","2017-07-16","","66.20833333"
"PUENTE ARANDA","2017-07-15","","65.70833333"
"PUENTE ARANDA","2017-07-14","","58.47826087"
"PUENTE ARANDA","2017-07-13","","29.45833333"
"PUENTE ARANDA","2017-07-12","","22.56521739"
"PUENTE ARANDA","2017-07-11","","23.04347826"
"PUENTE ARANDA","2017-07-10","","17.49583333"
"PUENTE ARANDA","2017-07-09","","15.16666667"
"PUENTE ARANDA","2017-07-08","","29.24166667"
"PUENTE ARANDA","2017-07-07","","23.125"
"PUENTE ARANDA","2017-07-06","","20.87916667"
"PUENTE ARANDA","2017-07-05","","36.8375"
"PUENTE ARANDA","2017-07-04","","22.29166667"
"PUENTE ARANDA","2017-07-03","","11.125"
"PUENTE ARANDA","2017-07-02","","10.66666667"
"PUENTE ARANDA","2017-07-01","","16.66666667"
"PUENTE ARANDA","2017-06-30","","22.91666667"
"PUENTE ARANDA","2017-06-29","","58.95833333"
"PUENTE ARANDA","2017-06-28","","63.75"
"PUENTE ARANDA","2017-06-27","","54.08695652"
"PUENTE ARANDA","2017-06-26","","28.70416667"
"PUENTE ARANDA","2017-06-25","","12.625"
"PUENTE ARANDA","2017-06-24","","45.66666667"
"PUENTE ARANDA","2017-06-23","","49.29565217"
"PUENTE ARANDA","2017-06-22","","46.0"
"PUENTE ARANDA","2017-06-21","","21.56521739"
"PUENTE ARANDA","2017-06-20","","36.0375"
"PUENTE ARANDA","2017-06-19","","28.625"
"PUENTE ARANDA","2017-06-18","","50.58333333"
"PUENTE ARANDA","2017-06-17","","76.79166667"
"PUENTE ARANDA","2017-06-16","","53.375"
"PUENTE ARANDA","2017-06-15","","47.16666667"
"PUENTE ARANDA","2017-06-14","","29.64583333"
"PUENTE ARANDA","2017-06-13","","39.0826087"
"PUENTE ARANDA","2017-06-12","","37.45833333"
"PUENTE ARANDA","2017-06-11","","33.26086957"
"PUENTE ARANDA","2017-06-10","","32.79166667"
"PUENTE ARANDA","2017-06-09","","79.04347826"
"PUENTE ARANDA","2017-06-08","","87.56666667"
"PUENTE ARANDA","2017-06-07","","58.82608696"
"PUENTE ARANDA","2017-06-06","","53.83333333"
"PUENTE ARANDA","2017-06-05","","18.50526316"
"PUENTE ARANDA","2017-06-04","","18.19166667"
"PUENTE ARANDA","2017-06-03","","31.70833333"
"PUENTE ARANDA","2017-06-02","","34.54545455"
"PUENTE ARANDA","2017-06-01","","32.78695652"
"PUENTE ARANDA","2017-05-31","","36.33333333"
"PUENTE ARANDA","2017-05-30","","31.14166667"
"PUENTE ARANDA","2017-05-29","","29.375"
"PUENTE ARANDA","2017-05-28","","27.7826087"
"PUENTE ARANDA","2017-05-27","","45.05217391"
"PUENTE ARANDA","2017-05-26","","43.19583333"
"PUENTE ARANDA","2017-05-25","","20.79166667"
"PUENTE ARANDA","2017-05-24","","24.70833333"
"PUENTE ARANDA","2017-05-23","","46.0"
"PUENTE ARANDA","2017-05-22","","50.04347826"
"PUENTE ARANDA","2017-05-21","","37.625"
"PUENTE ARANDA","2017-05-20","","34.54166667"
"PUENTE ARANDA","2017-05-19","","56.60869565"
"PUENTE ARANDA","2017-05-18","","45.54166667"
"PUENTE ARANDA","2017-05-17","","78.79166667"
"PUENTE ARANDA","2017-05-16","","42.28333333"
"PUENTE ARANDA","2017-05-15","","54.95217391"
"PUENTE ARANDA","2017-05-14","","29.82916667"
"PUENTE ARANDA","2017-05-13","","41.95833333"
"PUENTE ARANDA","2017-05-12","","48.68181818"
"PUENTE ARANDA","2017-05-11","","64.91666667"
"PUENTE ARANDA","2017-05-10","","50.31304348"
"PUENTE ARANDA","2017-05-09","","45.20833333"
"PUENTE ARANDA","2017-05-08","","48.0"
"PUENTE ARANDA","2017-05-07","","48.29166667"
"PUENTE ARANDA","2017-05-06","","38.72857143"
"PUENTE ARANDA","2017-05-05","","52.0"
"PUENTE ARANDA","2017-05-04","","43.04782609"
"PUENTE ARANDA","2017-05-03","","58.81818182"
"PUENTE ARANDA","2017-05-02","","47.43636364"
"PUENTE ARANDA","2017-05-01","","18.0625"
"PUENTE ARANDA","2017-04-30","","11.05"
"PUENTE ARANDA","2017-04-29","","27.41666667"
"PUENTE ARANDA","2017-04-28","","29.82272727"
"PUENTE ARANDA","2017-04-27","","58.27272727"
"PUENTE ARANDA","2017-04-26","","39.30434783"
"PUENTE ARANDA","2017-04-25","","59.56521739"
"PUENTE ARANDA","2017-04-24","","49.535"
"PUENTE ARANDA","2017-04-23","","25.56666667"
"PUENTE ARANDA","2017-04-22","","54.9375"
"PUENTE ARANDA","2017-04-21","","48.59130435"
"PUENTE ARANDA","2017-04-20","","75.76521739"
"PUENTE ARANDA","2017-04-19","","48.90909091"
"PUENTE ARANDA","2017-04-18","","44.45833333"
"PUENTE ARANDA","2017-04-17","","39.43478261"
"PUENTE ARANDA","2017-04-16","","18.66666667"
"PUENTE ARANDA","2017-04-15","","22.04166667"
"PUENTE ARANDA","2017-04-14","","20.45833333"
"PUENTE ARANDA","2017-04-13","","30.4125"
"PUENTE ARANDA","2017-04-12","","68.47826087"
"PUENTE ARANDA","2017-04-11","","69.08333333"
"PUENTE ARANDA","2017-04-10","","73.04166667"
"PUENTE ARANDA","2017-04-09","","41.33333333"
"PUENTE ARANDA","2017-04-08","","69.04166667"
"PUENTE ARANDA","2017-04-07","","104.375"
"PUENTE ARANDA","2017-04-06","","84.60869565"
"PUENTE ARANDA","2017-04-05","","79.61666667"
"PUENTE ARANDA","2017-04-04","","68.33333333"
"PUENTE ARANDA","2017-04-03","","53.37083333"
"PUENTE ARANDA","2017-04-02","","26.25"
"PUENTE ARANDA","2017-04-01","","30.0952381"
"PUENTE ARANDA","2017-03-31","","46.98333333"
"PUENTE ARANDA","2017-03-30","","70.41666667"
"PUENTE ARANDA","2017-03-29","","43.7826087"
"PUENTE ARANDA","2017-03-28","","51.39130435"
"PUENTE ARANDA","2017-03-27","","48.08333333"
"PUENTE ARANDA","2017-03-26","","26.79166667"
"PUENTE ARANDA","2017-03-25","","64.79166667"
"PUENTE ARANDA","2017-03-24","","56.08333333"
"PUENTE ARANDA","2017-03-23","","62.125"
"PUENTE ARANDA","2017-03-22","","50.08333333"
"PUENTE ARANDA","2017-03-21","","61.5"
"PUENTE ARANDA","2017-03-20","","56.95833333"
"PUENTE ARANDA","2017-03-19","","56.0"
"PUENTE ARANDA","2017-03-18","","67.45833333"
"PUENTE ARANDA","2017-03-17","","62.70833333"
"PUENTE ARANDA","2017-03-16","","47.58333333"
"PUENTE ARANDA","2017-03-15","","49.66666667"
"PUENTE ARANDA","2017-03-14","","48.79166667"
"PUENTE ARANDA","2017-03-13","","41.79166667"
"PUENTE ARANDA","2017-03-12","","29.68181818"
"PUENTE ARANDA","2017-03-11","","50.875"
"PUENTE ARANDA","2017-03-10","","36.0"
"PUENTE ARANDA","2017-03-09","","36.875"
"PUENTE ARANDA","2017-03-08","","45.0"
"PUENTE ARANDA","2017-03-07","","62.33333333"
"PUENTE ARANDA","2017-03-06","","41.5375"
"PUENTE ARANDA","2017-03-05","","38.95652174"
"PUENTE ARANDA","2017-03-04","","65.86363636"
"PUENTE ARANDA","2017-03-03","","36.46818182"
"PUENTE ARANDA","2017-03-02","","53.13636364"
"PUENTE ARANDA","2017-03-01","","62.66666667"
"PUENTE ARANDA","2017-02-28","","71.27916667"
"PUENTE ARANDA","2017-02-27","","58.20833333"
"PUENTE ARANDA","2017-02-26","","36.1625"
"PUENTE ARANDA","2017-02-25","","56.73913043"
"PUENTE ARANDA","2017-02-24","","66.04166667"
"PUENTE ARANDA","2017-02-23","","66.33333333"
"PUENTE ARANDA","2017-02-22","","63.66666667"
"PUENTE ARANDA","2017-02-21","","68.53478261"
"PUENTE ARANDA","2017-02-20","","63.0"
"PUENTE ARANDA","2017-02-19","","65.83333333"
"PUENTE ARANDA","2017-02-18","","62.08333333"
"PUENTE ARANDA","2017-02-17","","42.58333333"
"PUENTE ARANDA","2017-02-16","","66.75"
"PUENTE ARANDA","2017-02-15","","73.375"
"PUENTE ARANDA","2017-02-14","","44.45833333"
"PUENTE ARANDA","2017-02-13","","35.20833333"
"PUENTE ARANDA","2017-02-12","","35.025"
"PUENTE ARANDA","2017-02-11","","62.69565217"
"PUENTE ARANDA","2017-02-10","","62.79166667"
"PUENTE ARANDA","2017-02-09","","90.08333333"
"PUENTE ARANDA","2017-02-08","","71.39130435"
"PUENTE ARANDA","2017-02-07","","42.66666667"
"PUENTE ARANDA","2017-02-06","","61.34782609"
"PUENTE ARANDA","2017-02-05","","29.79166667"
"PUENTE ARANDA","2017-02-04","","56.64583333"
"PUENTE ARANDA","2017-02-03","","51.5"
"PUENTE ARANDA","2017-02-02","","58.70833333"
"PUENTE ARANDA","2017-02-01","","62.84782609"
"PUENTE ARANDA","2017-01-31","","51.25"
"PUENTE ARANDA","2017-01-30","","67.7375"
"PUENTE ARANDA","2017-01-29","","28.79166667"
"PUENTE ARANDA","2017-01-28","","49.95454545"
"PUENTE ARANDA","2017-01-27","","36.0"
"PUENTE ARANDA","2017-01-26","","30.85"
"PUENTE ARANDA","2017-01-25","","47.68181818"
"PUENTE ARANDA","2017-01-24","","72.0"
"PUENTE ARANDA","2017-01-23","","65.95652174"
"PUENTE ARANDA","2017-01-22","","42.375"
"PUENTE ARANDA","2017-01-21","","44.0"
"PUENTE ARANDA","2017-01-20","","60.58333333"
"PUENTE ARANDA","2017-01-19","","52.29166667"
"PUENTE ARANDA","2017-01-18","","50.33333333"
"PUENTE ARANDA","2017-01-17","","42.625"
"PUENTE ARANDA","2017-01-16","","37.45833333"
"PUENTE ARANDA","2017-01-15","","34.39583333"
"PUENTE ARANDA","2017-01-14","","51.04166667"
"PUENTE ARANDA","2017-01-13","","55.91666667"
"PUENTE ARANDA","2017-01-12","","47.04166667"
"PUENTE ARANDA","2017-01-11","","44.73913043"
"PUENTE ARANDA","2017-01-10","","48.59583333"
"PUENTE ARANDA","2017-01-09","","34.6625"
"PUENTE ARANDA","2017-01-08","","26.75"
"PUENTE ARANDA","2017-01-07","","26.58333333"
"PUENTE ARANDA","2017-01-06","","39.86956522"
"PUENTE ARANDA","2017-01-05","","61.16666667"
"PUENTE ARANDA","2017-01-04","","58.875"
"PUENTE ARANDA","2017-01-03","","49.0"
"PUENTE ARANDA","2017-01-02","","23.15416667"
"PUENTE ARANDA","2017-01-01","","17.39130435"
"PUENTE ARANDA","2016-12-31","","27.15"
"PUENTE ARANDA","2016-12-30","","42.5"
"PUENTE ARANDA","2016-12-29","","58.70833333"
"PUENTE ARANDA","2016-12-28","","47.5"
"PUENTE ARANDA","2016-12-27","","61.375"
"PUENTE ARANDA","2016-12-26","","61.33333333"
"PUENTE ARANDA","2016-12-25","","59.40434783"
"PUENTE ARANDA","2016-12-24","","60.76363636"
"PUENTE ARANDA","2016-12-23","","73.08333333"
"PUENTE ARANDA","2016-12-22","","48.66666667"
"PUENTE ARANDA","2016-12-21","","51.25"
"PUENTE ARANDA","2016-12-20","","61.63636364"
"PUENTE ARANDA","2016-12-19","","82.91666667"
"PUENTE ARANDA","2016-12-18","","41.375"
"PUENTE ARANDA","2016-12-17","","70.29166667"
"PUENTE ARANDA","2016-12-16","","84.70833333"
"PUENTE ARANDA","2016-12-15","","71.29166667"
"PUENTE ARANDA","2016-12-14","","87.25"
"PUENTE ARANDA","2016-12-13","","92.70833333"
"PUENTE ARANDA","2016-12-12","","55.25"
"PUENTE ARANDA","2016-12-11","","44.49583333"
"PUENTE ARANDA","2016-12-10","","42.91666667"
"PUENTE ARANDA","2016-12-09","","60.91666667"
"PUENTE ARANDA","2016-12-08","","76.45416667"
"PUENTE ARANDA","2016-12-07","","67.16666667"
"PUENTE ARANDA","2016-12-06","","87.04347826"
"PUENTE ARANDA","2016-12-05","","63.79166667"
"PUENTE ARANDA","2016-12-04","","39.16666667"
"PUENTE ARANDA","2016-12-03","","45.87916667"
"PUENTE ARANDA","2016-12-02","","68.125"
"PUENTE ARANDA","2016-12-01","","78.91666667"
"PUENTE ARANDA","2016-11-30","","53.90909091"
"PUENTE ARANDA","2016-11-29","","63.15833333"
"PUENTE ARANDA","2016-11-28","","64.04166667"
"PUENTE ARANDA","2016-11-27","","58.4125"
"PUENTE ARANDA","2016-11-26","","67.70416667"
"PUENTE ARANDA","2016-11-25","","73.68333333"
"PUENTE ARANDA","2016-11-24","","126.45454545"
"PUENTE ARANDA","2016-11-23","","66.23333333"
"PUENTE ARANDA","2016-11-22","","93.41666667"
"PUENTE ARANDA","2016-11-21","","56.625"
"PUENTE ARANDA","2016-11-20","","38.79166667"
"PUENTE ARANDA","2016-11-19","","53.27916667"
"PUENTE ARANDA","2016-11-18","","45.09583333"
"PUENTE ARANDA","2016-11-17","","51.97916667"
"PUENTE ARANDA","2016-11-16","","38.2173913"
"PUENTE ARANDA","2016-11-15","","33.16666667"
"PUENTE ARANDA","2016-11-14","","30.25"
"PUENTE ARANDA","2016-11-13","","43.79166667"
"PUENTE ARANDA","2016-11-12","","63.5"
"PUENTE ARANDA","2016-11-11","","38.375"
"PUENTE ARANDA","2016-11-10","","68.96818182"
"PUENTE ARANDA","2016-11-09","","58.45"
"PUENTE ARANDA","2016-11-08","","73.875"
"PUENTE ARANDA","2016-11-07","","37.51666667"
"PUENTE ARANDA","2016-11-06","","27.58333333"
"PUENTE ARANDA","2016-11-05","","23.58333333"
"PUENTE ARANDA","2016-11-04","","28.66666667"
"PUENTE ARANDA","2016-11-03","","65.29166667"
"PUENTE ARANDA","2016-11-02","","54.5"
"PUENTE ARANDA","2016-11-01","","79.33333333"
"PUENTE ARANDA","2016-10-31","","83.13043478"
"PUENTE ARANDA","2016-10-30","","38.125"
"PUENTE ARANDA","2016-10-29","","37.70833333"
"PUENTE ARANDA","2016-10-28","","53.4"
"PUENTE ARANDA","2016-10-27","","63.625"
"PUENTE ARANDA","2016-10-26","","53.34782609"
"PUENTE ARANDA","2016-10-25","","57.94166667"
"PUENTE ARANDA","2016-10-24","","63.91666667"
"PUENTE ARANDA","2016-10-23","","37.66666667"
"PUENTE ARANDA","2016-10-22","","61.04166667"
"PUENTE ARANDA","2016-10-21","","81.17083333"
"PUENTE ARANDA","2016-10-20","","42.46521739"
"PUENTE ARANDA","2016-10-19","","55.05909091"
"PUENTE ARANDA","2016-10-18","","42.86956522"
"PUENTE ARANDA","2016-10-17","","36.0"
"PUENTE ARANDA","2016-10-16","","22.87083333"
"PUENTE ARANDA","2016-10-15","","22.33333333"
"PUENTE ARANDA","2016-10-14","","37.7625"
"PUENTE ARANDA","2016-10-13","","60.25"
"PUENTE ARANDA","2016-10-12","","64.52173913"
"PUENTE ARANDA","2016-10-11","","56.33333333"
"PUENTE ARANDA","2016-10-10","","43.58333333"
"PUENTE ARANDA","2016-10-09","","28.95833333"
"PUENTE ARANDA","2016-10-08","","50.95833333"
"PUENTE ARANDA","2016-10-07","","64.41666667"
"PUENTE ARANDA","2016-10-06","","53.08333333"
"PUENTE ARANDA","2016-10-05","","71.44444444"
"PUENTE ARANDA","2016-09-29","","90.13333333"
"PUENTE ARANDA","2016-09-28","","59.83333333"
"PUENTE ARANDA","2016-09-27","","41.0"
"PUENTE ARANDA","2016-09-26","","42.625"
"PUENTE ARANDA","2016-09-25","","21.79166667"
"PUENTE ARANDA","2016-09-24","","33.0"
"PUENTE ARANDA","2016-09-23","","48.375"
"PUENTE ARANDA","2016-09-22","","53.70833333"
"PUENTE ARANDA","2016-09-21","","32.66666667"
"PUENTE ARANDA","2016-09-20","","30.625"
"PUENTE ARANDA","2016-09-19","","25.70833333"
"PUENTE ARANDA","2016-09-18","","28.875"
"PUENTE ARANDA","2016-09-17","","42.0"
"PUENTE ARANDA","2016-09-16","","68.95833333"
"PUENTE ARANDA","2016-09-15","","40.625"
"PUENTE ARANDA","2016-09-14","","60.58333333"
"PUENTE ARANDA","2016-09-13","","75.625"
"PUENTE ARANDA","2016-09-12","","49.29166667"
"PUENTE ARANDA","2016-09-11","","23.625"
"PUENTE ARANDA","2016-09-10","","33.33333333"
"PUENTE ARANDA","2016-09-09","","28.25"
"PUENTE ARANDA","2016-09-08","","66.66666667"
"PUENTE ARANDA","2016-09-07","","34.20833333"
"PUENTE ARANDA","2016-09-06","","33.04166667"
"PUENTE ARANDA","2016-09-05","","26.875"
"PUENTE ARANDA","2016-09-04","","36.56521739"
"PUENTE ARANDA","2016-09-03","","53.375"
"PUENTE ARANDA","2016-09-02","","47.91666667"
"PUENTE ARANDA","2016-09-01","","29.375"
"PUENTE ARANDA","2016-08-31","","59.375"
"PUENTE ARANDA","2016-08-30","","31.58333333"
"PUENTE ARANDA","2016-08-29","","58.66666667"
"PUENTE ARANDA","2016-08-28","","27.20833333"
"PUENTE ARANDA","2016-08-27","","47.58333333"
"PUENTE ARANDA","2016-08-26","","35.52173913"
"PUENTE ARANDA","2016-08-25","","44.45833333"
"PUENTE ARANDA","2016-08-24","","62.30434783"
"PUENTE ARANDA","2016-08-23","","52.26086957"
"PUENTE ARANDA","2016-08-22","","31.25"
"PUENTE ARANDA","2016-08-21","","27.66666667"
"PUENTE ARANDA","2016-08-20","","53.66666667"
"PUENTE ARANDA","2016-08-19","","64.0"
"PUENTE ARANDA","2016-08-18","","51.375"
"PUENTE ARANDA","2016-08-17","","42.625"
"PUENTE ARANDA","2016-08-16","","39.70833333"
"PUENTE ARANDA","2016-08-15","","24.66666667"
"PUENTE ARANDA","2016-08-14","","24.70833333"
"PUENTE ARANDA","2016-08-13","","33.29166667"
"PUENTE ARANDA","2016-08-12","","56.79166667"
"PUENTE ARANDA","2016-08-11","","27.79166667"
"PUENTE ARANDA","2016-08-10","","33.91666667"
"PUENTE ARANDA","2016-08-09","","31.25"
"PUENTE ARANDA","2016-08-08","","43.58333333"
"PUENTE ARANDA","2016-08-07","","22.83333333"
"PUENTE ARANDA","2016-08-06","","31.91666667"
"PUENTE ARANDA","2016-08-05","","51.20833333"
"PUENTE ARANDA","2016-08-04","","33.54166667"
"PUENTE ARANDA","2016-08-03","","27.41666667"
"PUENTE ARANDA","2016-08-02","","21.79166667"
"PUENTE ARANDA","2016-08-01","","31.125"
"PUENTE ARANDA","2016-07-31","","25.75"
"PUENTE ARANDA","2016-07-30","","40.91666667"
"PUENTE ARANDA","2016-07-29","","30.66666667"
"PUENTE ARANDA","2016-07-28","","24.41666667"
"PUENTE ARANDA","2016-07-27","","30.625"
"PUENTE ARANDA","2016-07-26","","47.26086957"
"PUENTE ARANDA","2016-07-25","","28.29166667"
"PUENTE ARANDA","2016-07-24","","42.625"
"PUENTE ARANDA","2016-07-23","","40.875"
"PUENTE ARANDA","2016-07-22","","40.17391304"
"PUENTE ARANDA","2016-07-21","","37.25"
"PUENTE ARANDA","2016-07-20","","21.95833333"
"PUENTE ARANDA","2016-07-19","","48.75"
"PUENTE ARANDA","2016-07-18","","33.70833333"
"PUENTE ARANDA","2016-07-17","","21.91666667"
"PUENTE ARANDA","2016-07-16","","57.875"
"PUENTE ARANDA","2016-07-15","","51.45833333"
"PUENTE ARANDA","2016-07-14","","41.625"
"PUENTE ARANDA","2016-07-13","","46.79166667"
"PUENTE ARANDA","2016-07-12","","48.58333333"
"PUENTE ARANDA","2016-07-11","","36.91666667"
"PUENTE ARANDA","2016-07-10","","14.41666667"
"PUENTE ARANDA","2016-07-09","","22.41666667"
"PUENTE ARANDA","2016-07-08","","26.58333333"
"PUENTE ARANDA","2016-07-07","","26.29166667"
"PUENTE ARANDA","2016-07-06","","33.20833333"
"PUENTE ARANDA","2016-07-05","","29.375"
"PUENTE ARANDA","2016-07-04","","21.125"
"PUENTE ARANDA","2016-07-03","","23.54166667"
"PUENTE ARANDA","2016-07-02","","22.95833333"
"PUENTE ARANDA","2016-07-01","","23.125"
"PUENTE ARANDA","2016-06-30","","23.33333333"
"PUENTE ARANDA","2016-06-29","","27.54166667"
"PUENTE ARANDA","2016-06-28","","30.56521739"
"PUENTE ARANDA","2016-06-27","","29.625"
"PUENTE ARANDA","2016-06-26","","18.25"
"PUENTE ARANDA","2016-06-25","","39.29166667"
"PUENTE ARANDA","2016-06-24","","35.58333333"
"PUENTE ARANDA","2016-06-23","","45.45454545"
"PUENTE ARANDA","2016-06-22","","29.625"
"PUENTE ARANDA","2016-06-21","","20.20833333"
"PUENTE ARANDA","2016-06-20","","21.79166667"
"PUENTE ARANDA","2016-06-19","","17.54166667"
"PUENTE ARANDA","2016-06-18","","32.04166667"
"PUENTE ARANDA","2016-06-17","","35.41666667"
"PUENTE ARANDA","2016-06-16","","28.875"
"PUENTE ARANDA","2016-06-15","","24.41666667"
"PUENTE ARANDA","2016-06-14","","29.125"
"PUENTE ARANDA","2016-06-13","","38.70833333"
"PUENTE ARANDA","2016-06-12","","28.5"
"PUENTE ARANDA","2016-06-11","","35.125"
"PUENTE ARANDA","2016-06-10","","35.29166667"
"PUENTE ARANDA","2016-06-09","","37.54166667"
"PUENTE ARANDA","2016-06-08","","35.39130435"
"PUENTE ARANDA","2016-06-07","","72.91666667"
"PUENTE ARANDA","2016-06-06","","50.33333333"
"PUENTE ARANDA","2016-06-05","","60.79166667"
"PUENTE ARANDA","2016-06-04","","86.33333333"
"PUENTE ARANDA","2016-06-03","","64.79166667"
"PUENTE ARANDA","2016-06-02","","51.91666667"
"PUENTE ARANDA","2016-06-01","","50.08333333"
"PUENTE ARANDA","2016-05-31","","51.30434783"
"PUENTE ARANDA","2016-05-30","","44.16666667"
"PUENTE ARANDA","2016-05-29","","34.91666667"
"PUENTE ARANDA","2016-05-28","","28.41666667"
"PUENTE ARANDA","2016-05-27","","73.45833333"
"PUENTE ARANDA","2016-05-26","","66.08333333"
"PUENTE ARANDA","2016-05-25","","58.33333333"
"PUENTE ARANDA","2016-05-24","","35.82608696"
"PUENTE ARANDA","2016-05-23","","29.54166667"
"PUENTE ARANDA","2016-05-22","","16.75"
"PUENTE ARANDA","2016-05-21","","34.45833333"
"PUENTE ARANDA","2016-05-20","","34.45833333"
"PUENTE ARANDA","2016-05-19","","40.79166667"
"PUENTE ARANDA","2016-05-18","","39.95833333"
"PUENTE ARANDA","2016-05-17","","47.88888889"
"PUENTE ARANDA","2016-05-15","","22.53846154"
"PUENTE ARANDA","2016-05-14","","29.54166667"
"PUENTE ARANDA","2016-05-13","","50.625"
"PUENTE ARANDA","2016-05-12","","58.875"
"PUENTE ARANDA","2016-05-11","","63.13043478"
"PUENTE ARANDA","2016-05-10","","45.91666667"
"PUENTE ARANDA","2016-05-09","","18.66666667"
"PUENTE ARANDA","2016-05-08","","34.36363636"
"PUENTE ARANDA","2016-05-07","","44.08695652"
"PUENTE ARANDA","2016-05-06","","47.91666667"
"PUENTE ARANDA","2016-05-05","","55.04166667"
"PUENTE ARANDA","2016-05-04","","65.83333333"
"PUENTE ARANDA","2016-05-03","","61.16666667"
"PUENTE ARANDA","2016-05-02","","52.5"
"PUENTE ARANDA","2016-05-01","","19.91666667"
"PUENTE ARANDA","2016-04-30","","35.75"
"PUENTE ARANDA","2016-04-29","","57.0"
"PUENTE ARANDA","2016-04-28","","57.79166667"
"PUENTE ARANDA","2016-04-27","","64.66666667"
"PUENTE ARANDA","2016-04-26","","71.29166667"
"PUENTE ARANDA","2016-04-25","","70.91666667"
"PUENTE ARANDA","2016-04-24","","32.58333333"
"PUENTE ARANDA","2016-04-23","","48.33333333"
"PUENTE ARANDA","2016-04-22","","34.625"
"PUENTE ARANDA","2016-04-21","","41.34782609"
"PUENTE ARANDA","2016-04-20","","57.08333333"
"PUENTE ARANDA","2016-04-19","","60.625"
"PUENTE ARANDA","2016-04-18","","31.79166667"
"PUENTE ARANDA","2016-04-17","","23.08333333"
"PUENTE ARANDA","2016-04-16","","51.5"
"PUENTE ARANDA","2016-04-15","","65.0"
"PUENTE ARANDA","2016-04-14","","89.25"
"PUENTE ARANDA","2016-04-13","","57.66666667"
"PUENTE ARANDA","2016-04-12","","54.5"
"PUENTE ARANDA","2016-04-11","","61.79166667"
"PUENTE ARANDA","2016-04-10","","38.33333333"
"PUENTE ARANDA","2016-04-09","","42.58333333"
"PUENTE ARANDA","2016-04-08","","67.0"
"PUENTE ARANDA","2016-04-07","","51.75"
"PUENTE ARANDA","2016-04-06","","53.83333333"
"PUENTE ARANDA","2016-04-05","","76.5"
"PUENTE ARANDA","2016-04-04","","57.04166667"
"PUENTE ARANDA","2016-04-03","","52.45833333"
"PUENTE ARANDA","2016-04-02","","47.79166667"
"PUENTE ARANDA","2016-04-01","","74.95833333"
"PUENTE ARANDA","2016-03-31","","58.0"
"PUENTE ARANDA","2016-03-30","","73.20833333"
"PUENTE ARANDA","2016-03-29","","79.58333333"
"PUENTE ARANDA","2016-03-28","","82.0"
"PUENTE ARANDA","2016-03-27","","55.08333333"
"PUENTE ARANDA","2016-03-26","","44.83333333"
"PUENTE ARANDA","2016-03-25","","44.58333333"
"PUENTE ARANDA","2016-03-24","","52.41666667"
"PUENTE ARANDA","2016-03-23","","59.0"
"PUENTE ARANDA","2016-03-22","","62.73913043"
"PUENTE ARANDA","2016-03-21","","38.33333333"
"PUENTE ARANDA","2016-03-20","","31.25"
"PUENTE ARANDA","2016-03-19","","42.33333333"
"PUENTE ARANDA","2016-03-18","","41.09090909"
"PUENTE ARANDA","2016-03-17","","51.58333333"
"PUENTE ARANDA","2016-03-16","","47.45833333"
"PUENTE ARANDA","2016-03-15","","57.375"
"PUENTE ARANDA","2016-03-14","","74.0"
"PUENTE ARANDA","2016-03-13","","75.45833333"
"PUENTE ARANDA","2016-03-12","","69.20833333"
"PUENTE ARANDA","2016-03-11","","95.66666667"
"PUENTE ARANDA","2016-03-10","","94.125"
"PUENTE ARANDA","2016-03-09","","85.33333333"
"PUENTE ARANDA","2016-03-08","","81.70833333"
"PUENTE ARANDA","2016-03-07","","91.20833333"
"PUENTE ARANDA","2016-03-06","","73.875"
"PUENTE ARANDA","2016-03-05","","97.54166667"
"PUENTE ARANDA","2016-03-04","","98.70833333"
"PUENTE ARANDA","2016-03-03","","71.04166667"
"PUENTE ARANDA","2016-03-02","","83.04166667"
"PUENTE ARANDA","2016-03-01","","106.29166667"
"PUENTE ARANDA","2016-02-29","","74.66666667"
"PUENTE ARANDA","2016-02-28","","42.875"
"PUENTE ARANDA","2016-02-27","","71.5"
"PUENTE ARANDA","2016-02-26","","63.70833333"
"PUENTE ARANDA","2016-02-25","","81.70833333"
"PUENTE ARANDA","2016-02-24","","77.20833333"
"PUENTE ARANDA","2016-02-23","","54.54166667"
"PUENTE ARANDA","2016-02-22","","60.95833333"
"PUENTE ARANDA","2016-02-21","","35.79166667"
"PUENTE ARANDA","2016-02-20","","46.75"
"PUENTE ARANDA","2016-02-19","","50.83333333"
"PUENTE ARANDA","2016-02-18","","81.54166667"
"PUENTE ARANDA","2016-02-17","","77.25"
"PUENTE ARANDA","2016-02-16","","47.20833333"
"PUENTE ARANDA","2016-02-15","","50.41666667"
"PUENTE ARANDA","2016-02-14","","30.75"
"PUENTE ARANDA","2016-02-13","","47.5"
"PUENTE ARANDA","2016-02-12","","41.91666667"
"PUENTE ARANDA","2016-02-11","","46.54166667"
"PUENTE ARANDA","2016-02-10","","61.20833333"
"PUENTE ARANDA","2016-02-09","","46.29166667"
"PUENTE ARANDA","2016-02-08","","29.41666667"
"PUENTE ARANDA","2016-02-07","","35.70833333"
"PUENTE ARANDA","2016-02-06","","57.0"
"PUENTE ARANDA","2016-02-05","","80.33333333"
"PUENTE ARANDA","2016-02-04","","82.16666667"
"PUENTE ARANDA","2016-02-03","","114.95833333"
"PUENTE ARANDA","2016-02-02","","113.08333333"
"PUENTE ARANDA","2016-02-01","","83.125"
"PUENTE ARANDA","2016-01-31","","70.33333333"
"PUENTE ARANDA","2016-01-30","","99.29166667"
"PUENTE ARANDA","2016-01-29","","102.72727273"
"PUENTE ARANDA","2016-01-28","","86.25"
"PUENTE ARANDA","2016-01-27","","72.04166667"
"PUENTE ARANDA","2016-01-26","","104.83333333"
"PUENTE ARANDA","2016-01-25","","84.83333333"
"PUENTE ARANDA","2016-01-24","","66.08333333"
"PUENTE ARANDA","2016-01-23","","92.5"
"PUENTE ARANDA","2016-01-22","","92.91666667"
"PUENTE ARANDA","2016-01-21","","105.70833333"
"PUENTE ARANDA","2016-01-20","","98.375"
"PUENTE ARANDA","2016-01-19","","91.79166667"
"PUENTE ARANDA","2016-01-18","","88.54166667"
"PUENTE ARANDA","2016-01-17","","69.79166667"
"PUENTE ARANDA","2016-01-16","","84.33333333"
"PUENTE ARANDA","2016-01-15","","99.625"
"PUENTE ARANDA","2016-01-14","","98.79166667"
"PUENTE ARANDA","2016-01-13","","80.90909091"
"PUENTE ARANDA","2016-01-12","","66.45833333"
"PUENTE ARANDA","2016-01-11","","58.17391304"
"PUENTE ARANDA","2016-01-10","","45.45833333"
"PUENTE ARANDA","2016-01-09","","64.95833333"
"PUENTE ARANDA","2016-01-08","","58.29166667"
"PUENTE ARANDA","2016-01-07","","64.20833333"
"PUENTE ARANDA","2016-01-06","","57.625"
"PUENTE ARANDA","2016-01-05","","76.75"
"PUENTE ARANDA","2016-01-04","","53.66666667"
"PUENTE ARANDA","2016-01-03","","31.625"
"PUENTE ARANDA","2016-01-02","","25.875"
"PUENTE ARANDA","2016-01-01","","29.65217391"
"PUENTE ARANDA","2015-12-31","","16.82608696"
"PUENTE ARANDA","2015-12-30","","33.54166667"
"PUENTE ARANDA","2015-12-29","","43.66666667"
"PUENTE ARANDA","2015-12-28","","42.16666667"
"PUENTE ARANDA","2015-12-27","","38.58333333"
"PUENTE ARANDA","2015-12-26","","28.125"
"PUENTE ARANDA","2015-12-25","","28.66666667"
"PUENTE ARANDA","2015-12-24","","42.79166667"
"PUENTE ARANDA","2015-12-23","","56.04166667"
"PUENTE ARANDA","2015-12-22","","38.45833333"
"PUENTE ARANDA","2015-12-21","","47.54166667"
"PUENTE ARANDA","2015-12-20","","30.41666667"
"PUENTE ARANDA","2015-12-19","","35.83333333"
"PUENTE ARANDA","2015-12-18","","71.95833333"
"PUENTE ARANDA","2015-12-17","","49.79166667"
"PUENTE ARANDA","2015-12-16","","67.95833333"
"PUENTE ARANDA","2015-12-15","","69.20833333"
"PUENTE ARANDA","2015-12-14","","75.66666667"
"PUENTE ARANDA","2015-12-13","","50.25"
"PUENTE ARANDA","2015-12-12","","60.33333333"
"PUENTE ARANDA","2015-12-11","","58.91666667"
"PUENTE ARANDA","2015-12-10","","52.5"
"PUENTE ARANDA","2015-12-09","","64.91666667"
"PUENTE ARANDA","2015-12-08","","72.5"
"PUENTE ARANDA","2015-12-07","","71.20833333"
"PUENTE ARANDA","2015-12-06","","42.375"
"PUENTE ARANDA","2015-12-05","","68.58333333"
"PUENTE ARANDA","2015-12-04","","58.16666667"
"PUENTE ARANDA","2015-12-03","","60.79166667"
"PUENTE ARANDA","2015-12-02","","37.0"
"PUENTE ARANDA","2015-12-01","","36.83333333"
"PUENTE ARANDA","2015-11-30","","39.83333333"
"PUENTE ARANDA","2015-11-29","","51.25"
"PUENTE ARANDA","2015-11-28","","83.66666667"
"PUENTE ARANDA","2015-11-27","","78.75"
"PUENTE ARANDA","2015-11-26","","71.375"
"PUENTE ARANDA","2015-11-25","","89.58333333"
"PUENTE ARANDA","2015-11-24","","87.04166667"
"PUENTE ARANDA","2015-11-23","","71.29166667"
"PUENTE ARANDA","2015-11-22","","33.125"
"PUENTE ARANDA","2015-11-21","","69.29166667"
"PUENTE ARANDA","2015-11-20","","99.375"
"PUENTE ARANDA","2015-11-19","","75.45833333"
"PUENTE ARANDA","2015-11-18","","50.33333333"
"PUENTE ARANDA","2015-11-17","","44.39130435"
"PUENTE ARANDA","2015-11-16","","31.33333333"
"PUENTE ARANDA","2015-11-15","","28.875"
"PUENTE ARANDA","2015-11-14","","34.66666667"
"PUENTE ARANDA","2015-11-13","","61.5"
"PUENTE ARANDA","2015-11-12","","65.0"
"PUENTE ARANDA","2015-11-11","","48.875"
"PUENTE ARANDA","2015-11-10","","48.45833333"
"PUENTE ARANDA","2015-11-09","","45.75"
"PUENTE ARANDA","2015-11-08","","29.66666667"
"PUENTE ARANDA","2015-11-07","","39.54166667"
"PUENTE ARANDA","2015-11-06","","67.58333333"
"PUENTE ARANDA","2015-11-05","","63.45833333"
"PUENTE ARANDA","2015-11-04","","90.54166667"
"PUENTE ARANDA","2015-11-03","","70.125"
"PUENTE ARANDA","2015-11-02","","34.125"
"PUENTE ARANDA","2015-11-01","","30.0"
"PUENTE ARANDA","2015-10-31","","94.73913043"
"PUENTE ARANDA","2015-10-30","","93.04166667"
"PUENTE ARANDA","2015-10-29","","73.95833333"
"PUENTE ARANDA","2015-10-28","","61.04166667"
"PUENTE ARANDA","2015-10-27","","43.0"
"PUENTE ARANDA","2015-10-26","","39.25"
"PUENTE ARANDA","2015-10-25","","26.70833333"
"PUENTE ARANDA","2015-10-24","","63.375"
"PUENTE ARANDA","2015-10-23","","62.70833333"
"PUENTE ARANDA","2015-10-22","","93.83333333"
"PUENTE ARANDA","2015-10-21","","58.625"
"PUENTE ARANDA","2015-10-20","","50.45833333"
"PUENTE ARANDA","2015-10-19","","59.5"
"PUENTE ARANDA","2015-10-18","","31.5"
"PUENTE ARANDA","2015-10-17","","47.16666667"
"PUENTE ARANDA","2015-10-16","","44.45833333"
"PUENTE ARANDA","2015-10-15","","39.43478261"
"PUENTE ARANDA","2015-10-14","","62.0"
"PUENTE ARANDA","2015-10-13","","56.0"
"PUENTE ARANDA","2015-10-12","","47.66666667"
"PUENTE ARANDA","2015-10-11","","47.83333333"
"PUENTE ARANDA","2015-10-10","","67.83333333"
"PUENTE ARANDA","2015-10-09","","72.83333333"
"PUENTE ARANDA","2015-10-08","","50.56521739"
"PUENTE ARANDA","2015-10-07","","55.72727273"
"PUENTE ARANDA","2015-10-06","","50.66666667"
"PUENTE ARANDA","2015-10-05","","38.83333333"
"PUENTE ARANDA","2015-10-04","","26.375"
"PUENTE ARANDA","2015-10-03","","36.41666667"
"PUENTE ARANDA","2015-10-02","","54.5"
"PUENTE ARANDA","2015-09-24","","49.16666667"
"PUENTE ARANDA","2015-09-23","","37.04166667"
"PUENTE ARANDA","2015-09-22","","35.70833333"
"PUENTE ARANDA","2015-09-21","","36.625"
"PUENTE ARANDA","2015-09-20","","16.70833333"
"PUENTE ARANDA","2015-09-19","","42.29166667"
"PUENTE ARANDA","2015-09-18","","44.66666667"
"PUENTE ARANDA","2015-09-17","","102.70833333"
"PUENTE ARANDA","2015-09-16","","77.45833333"
"PUENTE ARANDA","2015-09-15","","59.45833333"
"PUENTE ARANDA","2015-09-14","","35.08333333"
"PUENTE ARANDA","2015-09-13","","34.08333333"
"PUENTE ARANDA","2015-09-12","","40.04166667"
"PUENTE ARANDA","2015-09-11","","42.375"
"PUENTE ARANDA","2015-09-10","","40.0"
"PUENTE ARANDA","2015-09-09","","48.94736842"
"PUENTE ARANDA","2015-09-08","","70.0"
"PUENTE ARANDA","2015-09-07","","40.0"
"PUENTE ARANDA","2015-09-06","","26.33333333"
"PUENTE ARANDA","2015-09-05","","56.33333333"
"PUENTE ARANDA","2015-09-04","","66.17391304"
"PUENTE ARANDA","2015-09-03","","55.0"
"PUENTE ARANDA","2015-09-02","","68.0"
"PUENTE ARANDA","2015-09-01","","32.5"
"PUENTE ARANDA","2015-08-31","","26.04166667"
"PUENTE ARANDA","2015-08-30","","25.91666667"
"PUENTE ARANDA","2015-08-29","","26.70833333"
"PUENTE ARANDA","2015-08-28","","28.75"
"PUENTE ARANDA","2015-08-27","","74.0"
"PUENTE ARANDA","2015-08-26","","60.16666667"
"PUENTE ARANDA","2015-08-25","","46.16666667"
"PUENTE ARANDA","2015-08-24","","35.45833333"
"PUENTE ARANDA","2015-08-23","","45.04166667"
"PUENTE ARANDA","2015-08-22","","64.75"
"PUENTE ARANDA","2015-08-21","","43.29166667"
"PUENTE ARANDA","2015-08-20","","30.29166667"
"PUENTE ARANDA","2015-08-19","","56.08333333"
"PUENTE ARANDA","2015-08-18","","35.08333333"
"PUENTE ARANDA","2015-08-17","","22.125"
"PUENTE ARANDA","2015-08-16","","21.2"
"PUENTE ARANDA","2015-08-14","","15.75"
"PUENTE ARANDA","2015-08-13","","47.58333333"
"PUENTE ARANDA","2015-08-12","","45.04166667"
"PUENTE ARANDA","2015-08-11","","45.33333333"
"PUENTE ARANDA","2015-08-10","","48.83333333"
"PUENTE ARANDA","2015-08-09","","23.33333333"
"PUENTE ARANDA","2015-08-08","","28.45833333"
"PUENTE ARANDA","2015-08-07","","37.75"
"PUENTE ARANDA","2015-08-06","","36.66666667"
"PUENTE ARANDA","2015-08-05","","26.83333333"
"PUENTE ARANDA","2015-08-04","","23.5"
"PUENTE ARANDA","2015-08-03","","29.54166667"
"PUENTE ARANDA","2015-08-02","","13.54166667"
"PUENTE ARANDA","2015-08-01","","48.58333333"
"PUENTE ARANDA","2015-07-31","","28.60869565"
"PUENTE ARANDA","2015-07-30","","34.60869565"
"PUENTE ARANDA","2015-07-29","","27.45833333"
"PUENTE ARANDA","2015-07-28","","48.56521739"
"PUENTE ARANDA","2015-07-27","","27.0"
"PUENTE ARANDA","2015-07-26","","20.04166667"
"PUENTE ARANDA","2015-07-25","","32.75"
"PUENTE ARANDA","2015-07-24","","55.83333333"
"PUENTE ARANDA","2015-07-23","","34.41666667"
"PUENTE ARANDA","2015-07-22","","30.95652174"
"PUENTE ARANDA","2015-07-21","","46.625"
"PUENTE ARANDA","2015-07-20","","29.08333333"
"PUENTE ARANDA","2015-07-19","","38.91666667"
"PUENTE ARANDA","2015-07-18","","35.375"
"PUENTE ARANDA","2015-07-17","","29.79166667"
"PUENTE ARANDA","2015-07-16","","43.54166667"
"PUENTE ARANDA","2015-07-15","","26.375"
"PUENTE ARANDA","2015-07-14","","62.2173913"
"PUENTE ARANDA","2015-07-13","","79.70833333"
"PUENTE ARANDA","2015-07-12","","17.58333333"
"PUENTE ARANDA","2015-07-11","","25.95833333"
"PUENTE ARANDA","2015-07-10","","37.125"
"PUENTE ARANDA","2015-07-09","","57.375"
"PUENTE ARANDA","2015-07-08","","42.79166667"
"PUENTE ARANDA","2015-07-07","","49.58333333"
"PUENTE ARANDA","2015-07-06","","30.25"
"PUENTE ARANDA","2015-07-05","","10.33333333"
"PUENTE ARANDA","2015-07-04","","35.40909091"
"PUENTE ARANDA","2015-07-03","","49.41666667"
"PUENTE ARANDA","2015-07-02","","45.25"
"PUENTE ARANDA","2015-07-01","","48.91666667"
"PUENTE ARANDA","2015-06-30","","74.33333333"
"PUENTE ARANDA","2015-06-29","","35.70833333"
"PUENTE ARANDA","2015-06-28","","17.5"
"PUENTE ARANDA","2015-06-27","","20.58333333"
"PUENTE ARANDA","2015-06-26","","24.0"
"PUENTE ARANDA","2015-06-25","","23.79166667"
"PUENTE ARANDA","2015-06-24","","24.5"
"PUENTE ARANDA","2015-06-23","","24.20833333"
"PUENTE ARANDA","2015-06-22","","29.375"
"PUENTE ARANDA","2015-06-21","","24.91666667"
"PUENTE ARANDA","2015-06-20","","32.70833333"
"PUENTE ARANDA","2015-06-19","","29.70833333"
"PUENTE ARANDA","2015-06-18","","35.41666667"
"PUENTE ARANDA","2015-06-17","","39.95833333"
"PUENTE ARANDA","2015-06-16","","30.79166667"
"PUENTE ARANDA","2015-06-15","","29.16666667"
"PUENTE ARANDA","2015-06-14","","24.70833333"
"PUENTE ARANDA","2015-06-13","","43.45833333"
"PUENTE ARANDA","2015-06-12","","45.20833333"
"PUENTE ARANDA","2015-06-11","","45.91666667"
"PUENTE ARANDA","2015-06-10","","41.70833333"
"PUENTE ARANDA","2015-06-09","","53.33333333"
"PUENTE ARANDA","2015-06-08","","27.0"
"PUENTE ARANDA","2015-06-07","","40.58333333"
"PUENTE ARANDA","2015-06-06","","41.41666667"
"PUENTE ARANDA","2015-06-05","","43.375"
"PUENTE ARANDA","2015-06-04","","38.5"
"PUENTE ARANDA","2015-06-03","","40.25"
"PUENTE ARANDA","2015-06-02","","32.45833333"
"PUENTE ARANDA","2015-06-01","","37.04545455"
"PUENTE ARANDA","2015-05-31","","34.04166667"
"PUENTE ARANDA","2015-05-30","","68.95833333"
"PUENTE ARANDA","2015-05-29","","53.71428571"
"PUENTE ARANDA","2015-05-28","","47.95454545"
"PUENTE ARANDA","2015-05-27","","49.04166667"
"PUENTE ARANDA","2015-05-26","","41.70833333"
"PUENTE ARANDA","2015-05-25","","35.41666667"
"PUENTE ARANDA","2015-05-24","","29.875"
"PUENTE ARANDA","2015-05-23","","35.0"
"PUENTE ARANDA","2015-05-22","","67.125"
"PUENTE ARANDA","2015-05-21","","40.04166667"
"PUENTE ARANDA","2015-05-20","","39.54166667"
"PUENTE ARANDA","2015-05-19","","44.79166667"
"PUENTE ARANDA","2015-05-18","","20.04166667"
"PUENTE ARANDA","2015-05-17","","25.08333333"
"PUENTE ARANDA","2015-05-16","","38.375"
"PUENTE ARANDA","2015-05-15","","42.73333333"
"PUENTE ARANDA","2015-05-14","","40.9"
"PUENTE ARANDA","2015-05-13","","56.73913043"
"PUENTE ARANDA","2015-05-12","","78.47826087"
"PUENTE ARANDA","2015-05-11","","66.66666667"
"PUENTE ARANDA","2015-05-10","","34.20833333"
"PUENTE ARANDA","2015-05-09","","29.625"
"PUENTE ARANDA","2015-05-08","","59.66666667"
"PUENTE ARANDA","2015-05-07","","73.29166667"
"PUENTE ARANDA","2015-05-06","","76.83333333"
"PUENTE ARANDA","2015-05-05","","76.625"
"PUENTE ARANDA","2015-05-04","","75.86956522"
"PUENTE ARANDA","2015-05-03","","53.95833333"
"PUENTE ARANDA","2015-05-02","","99.95833333"
"PUENTE ARANDA","2015-05-01","","78.91666667"
"PUENTE ARANDA","2015-04-30","","89.83333333"
"PUENTE ARANDA","2015-04-29","","65.625"
"PUENTE ARANDA","2015-04-28","","66.95833333"
"PUENTE ARANDA","2015-04-27","","66.0"
"PUENTE ARANDA","2015-04-26","","21.14285714"
"PUENTE ARANDA","2015-04-25","","46.45833333"
"PUENTE ARANDA","2015-04-24","","63.625"
"PUENTE ARANDA","2015-04-23","","74.08333333"
"PUENTE ARANDA","2015-04-22","","70.375"
"PUENTE ARANDA","2015-04-21","","48.58333333"
"PUENTE ARANDA","2015-04-20","","56.16666667"
"PUENTE ARANDA","2015-04-19","","36.54166667"
"PUENTE ARANDA","2015-04-18","","44.79166667"
"PUENTE ARANDA","2015-04-17","","56.17391304"
"PUENTE ARANDA","2015-04-16","","45.375"
"PUENTE ARANDA","2015-04-15","","55.875"
"PUENTE ARANDA","2015-04-14","","48.79166667"
"PUENTE ARANDA","2015-04-13","","40.41666667"
"PUENTE ARANDA","2015-04-12","","22.91666667"
"PUENTE ARANDA","2015-04-11","","52.625"
"PUENTE ARANDA","2015-04-10","","63.33333333"
"PUENTE ARANDA","2015-04-09","","48.60869565"
"PUENTE ARANDA","2015-04-08","","74.1"
"PUENTE ARANDA","2015-04-07","","54.57142857"
"PUENTE ARANDA","2015-04-06","","60.91666667"
"PUENTE ARANDA","2015-04-05","","40.91666667"
"PUENTE ARANDA","2015-04-04","","31.83333333"
"PUENTE ARANDA","2015-04-03","","25.0"
"PUENTE ARANDA","2015-04-02","","52.04761905"
"PUENTE ARANDA","2015-04-01","","70.91666667"
"PUENTE ARANDA","2015-03-31","","97.95454545"
"PUENTE ARANDA","2015-03-30","","80.95833333"
"PUENTE ARANDA","2015-03-29","","53.125"
"PUENTE ARANDA","2015-03-28","","102.79166667"
"PUENTE ARANDA","2015-03-27","","98.33333333"
"PUENTE ARANDA","2015-03-26","","88.29166667"
"PUENTE ARANDA","2015-03-25","","87.41666667"
"PUENTE ARANDA","2015-03-24","","90.75"
"PUENTE ARANDA","2015-03-23","","51.75"
"PUENTE ARANDA","2015-03-22","","57.875"
"PUENTE ARANDA","2015-03-21","","44.29166667"
"PUENTE ARANDA","2015-03-20","","57.625"
"PUENTE ARANDA","2015-03-19","","79.25"
"PUENTE ARANDA","2015-03-18","","67.375"
"PUENTE ARANDA","2015-03-17","","77.625"
"PUENTE ARANDA","2015-03-16","","53.29166667"
"PUENTE ARANDA","2015-03-15","","60.16666667"
"PUENTE ARANDA","2015-03-14","","66.375"
"PUENTE ARANDA","2015-03-13","","68.29166667"
"PUENTE ARANDA","2015-03-12","","88.79166667"
"PUENTE ARANDA","2015-03-11","","58.375"
"PUENTE ARANDA","2015-03-10","","46.08333333"
"PUENTE ARANDA","2015-03-09","","47.33333333"
"PUENTE ARANDA","2015-03-08","","27.54166667"
"PUENTE ARANDA","2015-03-07","","57.29166667"
"PUENTE ARANDA","2015-03-06","","70.75"
"PUENTE ARANDA","2015-03-05","","63.58333333"
"PUENTE ARANDA","2015-03-04","","55.375"
"PUENTE ARANDA","2015-03-03","","62.54166667"
"PUENTE ARANDA","2015-03-02","","75.16666667"
"PUENTE ARANDA","2015-03-01","","47.16666667"
"PUENTE ARANDA","2015-02-28","","51.45833333"
"PUENTE ARANDA","2015-02-27","","69.45833333"
"PUENTE ARANDA","2015-02-26","","67.71428571"
"PUENTE ARANDA","2015-02-25","","77.66666667"
"PUENTE ARANDA","2015-02-24","","103.04166667"
"PUENTE ARANDA","2015-02-23","","70.70833333"
"PUENTE ARANDA","2015-02-22","","47.25"
"PUENTE ARANDA","2015-02-21","","91.54166667"
"PUENTE ARANDA","2015-02-20","","77.95833333"
"PUENTE ARANDA","2015-02-19","","68.125"
"PUENTE ARANDA","2015-02-18","","92.40909091"
"PUENTE ARANDA","2015-02-17","","90.41666667"
"PUENTE ARANDA","2015-02-16","","71.04166667"
"PUENTE ARANDA","2015-02-15","","35.08333333"
"PUENTE ARANDA","2015-02-14","","52.95833333"
"PUENTE ARANDA","2015-02-13","","48.91666667"
"PUENTE ARANDA","2015-02-12","","66.75"
"PUENTE ARANDA","2015-02-11","","84.58333333"
"PUENTE ARANDA","2015-02-10","","100.79166667"
"PUENTE ARANDA","2015-02-09","","51.375"
"PUENTE ARANDA","2015-02-08","","57.58333333"
"PUENTE ARANDA","2015-02-07","","90.54166667"
"PUENTE ARANDA","2015-02-06","","89.83333333"
"PUENTE ARANDA","2015-02-05","","47.04166667"
"PUENTE ARANDA","2015-02-04","","42.41666667"
"PUENTE ARANDA","2015-02-03","","35.625"
"PUENTE ARANDA","2015-02-02","","33.375"
"PUENTE ARANDA","2015-02-01","","18.625"
"PUENTE ARANDA","2015-01-31","","55.41666667"
"PUENTE ARANDA","2015-01-30","","82.13043478"
"PUENTE ARANDA","2015-01-29","","58.29166667"
"PUENTE ARANDA","2015-01-28","","67.16666667"
"PUENTE ARANDA","2015-01-27","","66.33333333"
"PUENTE ARANDA","2015-01-26","","62.20833333"
"PUENTE ARANDA","2015-01-25","","44.54166667"
"PUENTE ARANDA","2015-01-24","","69.625"
"PUENTE ARANDA","2015-01-23","","87.21052632"
"PUENTE ARANDA","2015-01-22","","79.65"
"PUENTE ARANDA","2015-01-21","","85.70833333"
"PUENTE ARANDA","2015-01-20","","60.18181818"
"PUENTE ARANDA","2015-01-19","","82.13043478"
"PUENTE ARANDA","2015-01-18","","66.29166667"
"PUENTE ARANDA","2015-01-17","","97.65217391"
"PUENTE ARANDA","2015-01-16","","89.22727273"
"PUENTE ARANDA","2015-01-15","","81.58333333"
"PUENTE ARANDA","2015-01-14","","61.81818182"
"PUENTE ARANDA","2015-01-13","","64.85714286"
"PUENTE ARANDA","2015-01-12","","35.70833333"
"PUENTE ARANDA","2015-01-11","","35.41666667"
"PUENTE ARANDA","2015-01-10","","64.0"
"PUENTE ARANDA","2015-01-09","","48.26086957"
"PUENTE ARANDA","2015-01-08","","84.0952381"
"PUENTE ARANDA","2015-01-07","","65.59090909"
"PUENTE ARANDA","2015-01-06","","79.31578947"
"PUENTE ARANDA","2015-01-05","","58.79166667"
"PUENTE ARANDA","2015-01-04","","32.16666667"
"PUENTE ARANDA","2015-01-03","","38.66666667"
"PUENTE ARANDA","2015-01-02","","37.45833333"
"PUENTE ARANDA","2015-01-01","","55.82608696"
"PUENTE ARANDA","2014-12-31","","36.81060606"
"PUENTE ARANDA","2014-12-30","","62.875"
"PUENTE ARANDA","2014-12-29","","65.17500001"
"PUENTE ARANDA","2014-12-28","","40.40972223"
"PUENTE ARANDA","2014-12-27","","58.23484848"
"PUENTE ARANDA","2014-12-26","","48.05555556"
"PUENTE ARANDA","2014-12-25","","80.28472223"
"PUENTE ARANDA","2014-12-24","","76.49019609"
"PUENTE ARANDA","2014-12-23","","57.16666667"
"PUENTE ARANDA","2014-12-22","","76.17361112"
"PUENTE ARANDA","2014-12-21","","94.54861112"
"PUENTE ARANDA","2014-12-20","","95.9090909"
"PUENTE ARANDA","2014-12-19","","121.09722223"
"PUENTE ARANDA","2014-12-18","","151.42857143"
"PUENTE ARANDA","2014-12-17","","125.00694445"
"PUENTE ARANDA","2014-12-16","","110.49090909"
"PUENTE ARANDA","2014-12-15","","99.20588236"
"PUENTE ARANDA","2014-12-14","","60.84722221"
"PUENTE ARANDA","2014-12-13","","114.38596491"
"PUENTE ARANDA","2014-12-12","","71.16666667"
"PUENTE ARANDA","2014-12-11","","72.85507246"
"PUENTE ARANDA","2014-12-10","","85.61666667"
"PUENTE ARANDA","2014-12-09","","81.27500001"
"PUENTE ARANDA","2014-12-08","","109.02777777"
"PUENTE ARANDA","2014-12-07","","104.79166667"
"PUENTE ARANDA","2014-12-06","","98.04861111"
"PUENTE ARANDA","2014-12-05","","112.86666667"
"PUENTE ARANDA","2014-12-04","","86.21929824"
"PUENTE ARANDA","2014-12-03","","59.13888889"
"PUENTE ARANDA","2014-12-02","","51.77272728"
"PUENTE ARANDA","2014-12-01","","76.51587301"
"PUENTE ARANDA","2014-11-30","","37.88888888"
"PUENTE ARANDA","2014-11-29","","59.18055555"
"PUENTE ARANDA","2014-11-28","","94.08333334"
"PUENTE ARANDA","2014-11-27","","119.20833333"
"PUENTE ARANDA","2014-11-26","","101.40972221"
"PUENTE ARANDA","2014-11-25","","100.04861112"
"PUENTE ARANDA","2014-11-24","","74.00694444"
"PUENTE ARANDA","2014-11-23","","48.5"
"PUENTE ARANDA","2014-11-22","","137.28472221"
"PUENTE ARANDA","2014-11-21","","83.85714285"
"PUENTE ARANDA","2014-11-20","","98.22916667"
"PUENTE ARANDA","2014-11-19","","88.68985508"
"PUENTE ARANDA","2014-11-18","","120.57142858"
"PUENTE ARANDA","2014-11-17","","32.33333333"
"PUENTE ARANDA","2014-11-16","","53.72916667"
"PUENTE ARANDA","2014-11-15","","102.9375"
"PUENTE ARANDA","2014-11-14","","59.76388889"
"PUENTE ARANDA","2014-11-13","","67.10416667"
"PUENTE ARANDA","2014-11-12","","63.08333333"
"PUENTE ARANDA","2014-11-11","","59.125"
"PUENTE ARANDA","2014-11-10","","70.88888888"
"PUENTE ARANDA","2014-11-09","","55.04166665"
"PUENTE ARANDA","2014-11-08","","106.18055556"
"PUENTE ARANDA","2014-11-07","","102.34722222"
"PUENTE ARANDA","2014-11-06","","162.98611112"
"PUENTE ARANDA","2014-11-05","","93.1875"
"PUENTE ARANDA","2014-11-04","","114.54444445"
"PUENTE ARANDA","2014-11-03","","47.66666666"
"PUENTE ARANDA","2014-11-02","","67.3263889"
"PUENTE ARANDA","2014-11-01","","101.74305555"
"PUENTE ARANDA","2014-10-31","","90.34027778"
"PUENTE ARANDA","2014-10-30","","130.31746032"
"PUENTE ARANDA","2014-10-29","","131.48205128"
"PUENTE ARANDA","2014-10-28","","109.86666666"
"PUENTE ARANDA","2014-10-27","","68.43939393"
"PUENTE ARANDA","2014-10-26","","63.05555555"
"PUENTE ARANDA","2014-10-25","","93.94202898"
"PUENTE ARANDA","2014-10-24","","133.96078431"
"PUENTE ARANDA","2014-10-23","","111.6984127"
"PUENTE ARANDA","2014-10-22","","71.2638889"
"PUENTE ARANDA","2014-10-21","","76.97916667"
"PUENTE ARANDA","2014-10-20","","97.64583333"
"PUENTE ARANDA","2014-10-19","","50.61805556"
"PUENTE ARANDA","2014-10-18","","82.75694445"
"PUENTE ARANDA","2014-10-17","","66.1969697"
"PUENTE ARANDA","2014-10-16","","87.63194443"
"PUENTE ARANDA","2014-10-15","","50.89166666"
"PUENTE ARANDA","2014-10-14","","50.0486111"
"PUENTE ARANDA","2014-10-13","","27.63194445"
"PUENTE ARANDA","2014-10-12","","27.65972223"
"PUENTE ARANDA","2014-10-11","","71.04861111"
"PUENTE ARANDA","2014-10-10","","107.97727273"
"PUENTE ARANDA","2014-10-09","","60.74603175"
"PUENTE ARANDA","2014-10-08","","86.38888889"
"PUENTE ARANDA","2014-10-07","","60.59722222"
"PUENTE ARANDA","2014-10-06","","59.50694444"
"PUENTE ARANDA","2014-10-05","","60.52777778"
"PUENTE ARANDA","2014-10-04","","73.13194445"
"PUENTE ARANDA","2014-10-03","","50.81578946"
"PUENTE ARANDA","2014-10-02","","47.40277776"
"PUENTE ARANDA","2014-10-01","","57.09583333"
"PUENTE ARANDA","2014-09-30","","71.52380952"
"PUENTE ARANDA","2014-09-29","","54.34027778"
"PUENTE ARANDA","2014-09-28","","35.97222223"
"PUENTE ARANDA","2014-09-27","","57.13194445"
"PUENTE ARANDA","2014-09-26","","79.95238096"
"PUENTE ARANDA","2014-09-25","","77.525"
"PUENTE ARANDA","2014-09-24","","65.93137256"
"PUENTE ARANDA","2014-09-23","","75.76388889"
"PUENTE ARANDA","2014-09-22","","56.16666666"
"PUENTE ARANDA","2014-09-21","","49.13888889"
"PUENTE ARANDA","2014-09-20","","62.34027778"
"PUENTE ARANDA","2014-09-19","","82.53508773"
"PUENTE ARANDA","2014-09-18","","71.82638889"
"PUENTE ARANDA","2014-09-17","","101.16666667"
"PUENTE ARANDA","2014-09-16","","65.20454545"
"PUENTE ARANDA","2014-09-15","","52.97916666"
"PUENTE ARANDA","2014-09-14","","31.02083334"
"PUENTE ARANDA","2014-09-13","","52.29166667"
"PUENTE ARANDA","2014-09-12","","55.13888889"
"PUENTE ARANDA","2014-09-11","","53.75396826"
"PUENTE ARANDA","2014-09-10","","87.00833333"
"PUENTE ARANDA","2014-09-09","","60.58333333"
"PUENTE ARANDA","2014-09-08","","51.84027778"
"PUENTE ARANDA","2014-09-07","","28.17361112"
"PUENTE ARANDA","2014-09-06","","46.36111111"
"PUENTE ARANDA","2014-09-05","","72.18253969"
"PUENTE ARANDA","2014-09-04","","47.14583333"
"PUENTE ARANDA","2014-09-03","","65.02083333"
"PUENTE ARANDA","2014-09-02","","100.26984127"
"PUENTE ARANDA","2014-09-01","","65.57638888"
"PUENTE ARANDA","2014-08-31","","35.36111112"
"PUENTE ARANDA","2014-08-30","","57.50793651"
"PUENTE ARANDA","2014-08-29","","57.20138889"
"PUENTE ARANDA","2014-08-28","","73.52083333"
"PUENTE ARANDA","2014-08-27","","70.35606061"
"PUENTE ARANDA","2014-08-26","","49.87878788"
"PUENTE ARANDA","2014-08-25","","62.02777778"
"PUENTE ARANDA","2014-08-24","","50.375"
"PUENTE ARANDA","2014-08-23","","66.80555556"
"PUENTE ARANDA","2014-08-22","","76.35416668"
"PUENTE ARANDA","2014-08-21","","83.89393939"
"PUENTE ARANDA","2014-08-20","","85.34166667"
"PUENTE ARANDA","2014-08-19","","57.25"
"PUENTE ARANDA","2014-08-18","","22.06944444"
"PUENTE ARANDA","2014-08-17","","26.05555555"
"PUENTE ARANDA","2014-08-16","","54.45833333"
"PUENTE ARANDA","2014-08-15","","41.06944445"
"PUENTE ARANDA","2014-08-14","","46.38888887"
"PUENTE ARANDA","2014-07-23","","55.35416667"
"PUENTE ARANDA","2014-07-22","","65.79861111"
"PUENTE ARANDA","2014-07-21","","49.48611111"
"PUENTE ARANDA","2014-07-20","","26.13888888"
"PUENTE ARANDA","2014-07-19","","36.20833333"
"PUENTE ARANDA","2014-07-18","","40.86805555"
"PUENTE ARANDA","2014-07-17","","59.3125"
"PUENTE ARANDA","2014-07-16","","42.8125"
"PUENTE ARANDA","2014-07-15","","44.11111111"
"PUENTE ARANDA","2014-07-14","","36.0530303"
"PUENTE ARANDA","2014-07-13","","27.375"
"PUENTE ARANDA","2014-07-12","","31.24305555"
"PUENTE ARANDA","2014-07-11","","41.35606061"
"PUENTE ARANDA","2014-07-10","","66.8888889"
"PUENTE ARANDA","2014-07-09","","44.66666667"
"PUENTE ARANDA","2014-07-08","","38.00757576"
"PUENTE ARANDA","2014-07-07","","35.88194445"
"PUENTE ARANDA","2014-07-06","","27.3611111"
"PUENTE ARANDA","2014-07-05","","36.84722223"
"PUENTE ARANDA","2014-07-04","","65.9375"
"PUENTE ARANDA","2014-07-03","","67.00757576"
"PUENTE ARANDA","2014-07-02","","42.20138889"
"PUENTE ARANDA","2014-07-01","","42.21212121"
"PUENTE ARANDA","2014-06-30","","42.33333333"
"PUENTE ARANDA","2014-06-29","","30.91666667"
"PUENTE ARANDA","2014-06-28","","89.00000001"
"PUENTE ARANDA","2014-06-27","","197.92424243"
"PUENTE ARANDA","2014-06-26","","102.17361112"
"PUENTE ARANDA","2014-06-25","","52.3125"
"PUENTE ARANDA","2014-06-24","","43.71527778"
"PUENTE ARANDA","2014-06-23","","23.47222224"
"PUENTE ARANDA","2014-06-22","","24.77083333"
"PUENTE ARANDA","2014-06-21","","53.28787879"
"PUENTE ARANDA","2014-06-20","","32.07936508"
"PUENTE ARANDA","2014-06-19","","29.125"
"PUENTE ARANDA","2014-06-18","","58.71527778"
"PUENTE ARANDA","2014-06-17","","47.75694445"
"PUENTE ARANDA","2014-06-16","","31.54347826"
"PUENTE ARANDA","2014-06-15","","21.00694444"
"PUENTE ARANDA","2014-06-14","","43.33333333"
"PUENTE ARANDA","2014-06-13","","58.84722223"
"PUENTE ARANDA","2014-06-12","","56.97916667"
"PUENTE ARANDA","2014-06-11","","48.925"
"PUENTE ARANDA","2014-06-10","","56.27777778"
"PUENTE ARANDA","2014-06-09","","45.80158731"
"PUENTE ARANDA","2014-06-08","","35.45138889"
"PUENTE ARANDA","2014-06-07","","43.25"
"PUENTE ARANDA","2014-06-06","","65.22222222"
"PUENTE ARANDA","2014-06-05","","57.49305555"
"PUENTE ARANDA","2014-06-04","","65.59722222"
"PUENTE ARANDA","2014-06-03","","78.15833334"
"PUENTE ARANDA","2014-06-02","","28.39583333"
"PUENTE ARANDA","2014-06-01","","32.45833333"
"PUENTE ARANDA","2014-05-31","","46.52083334"
"PUENTE ARANDA","2014-05-30","","85.07017545"
"PUENTE ARANDA","2014-05-29","","82.68181818"
"PUENTE ARANDA","2014-05-28","","66.34090909"
"PUENTE ARANDA","2014-05-27","","73.52083333"
"PUENTE ARANDA","2014-05-26","","94.77777776"
"PUENTE ARANDA","2014-05-25","","67.45138889"
"PUENTE ARANDA","2014-05-24","","81.97619048"
"PUENTE ARANDA","2014-05-23","","87.04545453"
"PUENTE ARANDA","2014-05-22","","67.02777778"
"PUENTE ARANDA","2014-05-21","","109.19047619"
"PUENTE ARANDA","2014-05-20","","64.54861111"
"PUENTE ARANDA","2014-05-19","","48.26666667"
"PUENTE ARANDA","2014-05-18","","33.89583334"
"PUENTE ARANDA","2014-05-17","","75.50694445"
"PUENTE ARANDA","2014-05-16","","59.94444445"
"PUENTE ARANDA","2014-05-15","","61.41666668"
"PUENTE ARANDA","2014-05-14","","37.44696969"
"PUENTE ARANDA","2014-05-13","","49.84722222"
"PUENTE ARANDA","2014-05-12","","70.125"
"PUENTE ARANDA","2014-05-11","","36.95833333"
"PUENTE ARANDA","2014-05-10","","48.42361112"
"PUENTE ARANDA","2014-05-09","","34.71527779"
"PUENTE ARANDA","2014-05-08","","52.4236111"
"PUENTE ARANDA","2014-05-07","","65.70138889"
"PUENTE ARANDA","2014-05-06","","66.77083334"
"PUENTE ARANDA","2014-05-05","","63.91666667"
"PUENTE ARANDA","2014-05-04","","52.7638889"
"PUENTE ARANDA","2014-05-03","","46.74999999"
"PUENTE ARANDA","2014-05-02","","43.34027778"
"PUENTE ARANDA","2014-05-01","","38.625"
"PUENTE ARANDA","2014-04-30","","47.36805557"
"PUENTE ARANDA","2014-04-29","","34.86111111"
"PUENTE ARANDA","2014-04-28","","45.72361111"
"PUENTE ARANDA","2014-04-27","","36.89583333"
"PUENTE ARANDA","2014-04-26","","37.5625"
"PUENTE ARANDA","2014-04-25","","46.86111111"
"PUENTE ARANDA","2014-04-24","","35.3125"
"PUENTE ARANDA","2014-04-23","","52.40972223"
"PUENTE ARANDA","2014-04-22","","52.69444444"
"PUENTE ARANDA","2014-04-21","","46.03472222"
"PUENTE ARANDA","2014-04-20","","19.16666668"
"PUENTE ARANDA","2014-04-19","","23.125"
"PUENTE ARANDA","2014-04-18","","22.48611111"
"PUENTE ARANDA","2014-04-17","","23.75694445"
"PUENTE ARANDA","2014-04-16","","52.40972222"
"PUENTE ARANDA","2014-04-15","","55.10416666"
"PUENTE ARANDA","2014-04-14","","66.06944443"
"PUENTE ARANDA","2014-04-13","","48.80555555"
"PUENTE ARANDA","2014-04-12","","53.22916667"
"PUENTE ARANDA","2014-04-11","","53.36111112"
"PUENTE ARANDA","2014-04-10","","53.77777777"
"PUENTE ARANDA","2014-04-09","","51.95833332"
"PUENTE ARANDA","2014-04-08","","42.72916667"
"PUENTE ARANDA","2014-04-07","","30.36111111"
"PUENTE ARANDA","2014-04-06","","19.09722222"
"PUENTE ARANDA","2014-04-05","","40.40972222"
"PUENTE ARANDA","2014-04-04","","61.65972223"
"PUENTE ARANDA","2014-04-03","","57.65277778"
"PUENTE ARANDA","2014-04-02","","51.41666665"
"PUENTE ARANDA","2014-04-01","","71.21527778"
"PUENTE ARANDA","2014-03-31","","88.17361111"
"PUENTE ARANDA","2014-03-30","","75.33333334"
"PUENTE ARANDA","2014-03-29","","86.50694445"
"PUENTE ARANDA","2014-03-28","","74.8611111"
"PUENTE ARANDA","2014-03-27","","53.40277778"
"PUENTE ARANDA","2014-03-26","","58.63888888"
"PUENTE ARANDA","2014-03-25","","50.71527778"
"PUENTE ARANDA","2014-03-24","","43.24305556"
"PUENTE ARANDA","2014-03-23","","46.08333334"
"PUENTE ARANDA","2014-03-22","","50.41666666"
"PUENTE ARANDA","2014-03-21","","59.8125"
"PUENTE ARANDA","2014-03-20","","45.14583334"
"PUENTE ARANDA","2014-03-19","","58.09027778"
"PUENTE ARANDA","2014-03-18","","67.47916667"
"PUENTE ARANDA","2014-03-17","","58.39583333"
"PUENTE ARANDA","2014-03-16","","63.71527778"
"PUENTE ARANDA","2014-03-15","","70.33333334"
"PUENTE ARANDA","2014-03-14","","60.2121212"
"PUENTE ARANDA","2014-03-13","","75.93055555"
"PUENTE ARANDA","2014-03-12","","58.14583333"
"PUENTE ARANDA","2014-03-11","","78.97916667"
"PUENTE ARANDA","2014-03-10","","63.22222222"
"PUENTE ARANDA","2014-03-09","","40.88888889"
"PUENTE ARANDA","2014-03-08","","52.65277777"
"PUENTE ARANDA","2014-03-07","","91.25"
"PUENTE ARANDA","2014-03-06","","68.32575758"
"PUENTE ARANDA","2014-03-05","","68.15972221"
"PUENTE ARANDA","2014-03-04","","58.04861111"
"PUENTE ARANDA","2014-03-03","","66.04861111"
"PUENTE ARANDA","2014-03-02","","30.25"
"PUENTE ARANDA","2014-03-01","","34.0"
"PUENTE ARANDA","2014-02-28","","55.22916667"
"PUENTE ARANDA","2014-02-27","","61.72916667"
"PUENTE ARANDA","2014-02-26","","60.64583333"
"PUENTE ARANDA","2014-02-25","","84.05555555"
"PUENTE ARANDA","2014-02-24","","57.11805555"
"PUENTE ARANDA","2014-02-23","","54.40277778"
"PUENTE ARANDA","2014-02-22","","65.76388889"
"PUENTE ARANDA","2014-02-21","","60.76388889"
"PUENTE ARANDA","2014-02-20","","83.27777778"
"PUENTE ARANDA","2014-02-19","","68.66666666"
"PUENTE ARANDA","2014-02-18","","65.74305555"
"PUENTE ARANDA","2014-02-17","","82.63194445"
"PUENTE ARANDA","2014-02-16","","67.5942029"
"PUENTE ARANDA","2014-02-15","","64.4861111"
"PUENTE ARANDA","2014-02-14","","79.42361111"
"PUENTE ARANDA","2014-02-13","","74.32638889"
"PUENTE ARANDA","2014-02-12","","59.13194444"
"PUENTE ARANDA","2014-02-11","","40.92361111"
"PUENTE ARANDA","2014-02-10","","47.24999999"
"PUENTE ARANDA","2014-02-09","","41.56944445"
"PUENTE ARANDA","2014-02-08","","33.99275363"
"PUENTE ARANDA","2014-02-07","","72.56944445"
"PUENTE ARANDA","2014-02-06","","69.70138888"
"PUENTE ARANDA","2014-02-05","","64.68055556"
"PUENTE ARANDA","2014-02-04","","76.7013889"
"PUENTE ARANDA","2014-02-03","","60.68055556"
"PUENTE ARANDA","2014-02-02","","48.99305556"
"PUENTE ARANDA","2014-02-01","","56.36805555"
"PUENTE ARANDA","2014-01-31","","50.84722222"
"PUENTE ARANDA","2014-01-30","","75.29861111"
"PUENTE ARANDA","2014-01-29","","59.73611111"
"PUENTE ARANDA","2014-01-28","","61.68055555"
"PUENTE ARANDA","2014-01-27","","63.85507247"
"PUENTE ARANDA","2014-01-26","","40.65972222"
"PUENTE ARANDA","2014-01-25","","52.94444445"
"PUENTE ARANDA","2014-01-24","","77.5763889"
"PUENTE ARANDA","2014-01-23","","47.51388888"
"PUENTE ARANDA","2014-01-22","","66.17222222"
"PUENTE ARANDA","2014-01-21","","67.81249999"
"PUENTE ARANDA","2014-01-20","","34.08333333"
"PUENTE ARANDA","2014-01-19","","18.45833334"
"PUENTE ARANDA","2014-01-18","","25.84027778"
"PUENTE ARANDA","2014-01-17","","36.32638889"
"PUENTE ARANDA","2014-01-16","","64.09722223"
"PUENTE ARANDA","2014-01-15","","65.77083333"
"PUENTE ARANDA","2014-01-14","","52.3263889"
"PUENTE ARANDA","2014-01-13","","64.40277778"
"PUENTE ARANDA","2014-01-12","","56.80555556"
"PUENTE ARANDA","2014-01-11","","61.37499999"
"PUENTE ARANDA","2014-01-10","","62.09722223"
"PUENTE ARANDA","2014-01-09","","53.63888888"
"PUENTE ARANDA","2014-01-06","","28.72222223"
"PUENTE ARANDA","2014-01-05","","35.14583333"
"PUENTE ARANDA","2014-01-04","","32.47222222"
"PUENTE ARANDA","2014-01-03","","35.41666667"
"PUENTE ARANDA","2014-01-02","","38.67361111"
"PUENTE ARANDA","2014-01-01","","29.60416667"
"PUENTE ARANDA","2013-12-31","","44.71111111"
"PUENTE ARANDA","2013-12-30","","39.26190476"
"PUENTE ARANDA","2013-12-29","","22.34027777"
"PUENTE ARANDA","2013-12-28","","34.90277777"
"PUENTE ARANDA","2013-12-27","","51.22916667"
"PUENTE ARANDA","2013-12-26","","58.90277778"
"PUENTE ARANDA","2013-12-25","","30.59722222"
"PUENTE ARANDA","2013-12-24","","51.12499999"
"PUENTE ARANDA","2013-12-23","","35.63194445"
"PUENTE ARANDA","2013-12-22","","33.11805555"
"PUENTE ARANDA","2013-12-21","","47.48333334"
"PUENTE ARANDA","2013-12-20","","70.32575758"
"PUENTE ARANDA","2013-12-19","","52.01388889"
"PUENTE ARANDA","2013-12-18","","58.89583334"
"PUENTE ARANDA","2013-12-17","","61.02777778"
"PUENTE ARANDA","2013-12-16","","50.11805556"
"PUENTE ARANDA","2013-12-15","","52.02083334"
"PUENTE ARANDA","2013-12-14","","56.09027778"
"PUENTE ARANDA","2013-12-13","","51.35416667"
"PUENTE ARANDA","2013-12-12","","40.71527778"
"PUENTE ARANDA","2013-12-11","","58.80555555"
"PUENTE ARANDA","2013-12-10","","40.52777778"
"PUENTE ARANDA","2013-12-09","","39.29166667"
"PUENTE ARANDA","2013-12-08","","49.48611112"
"PUENTE ARANDA","2013-12-07","","59.37499999"
"PUENTE ARANDA","2013-12-06","","45.83333333"
"PUENTE ARANDA","2013-12-05","","56.00694445"
"PUENTE ARANDA","2013-12-04","","46.26388889"
"PUENTE ARANDA","2013-12-03","","64.12499999"
"PUENTE ARANDA","2013-12-02","","40.34920634"
"PUENTE ARANDA","2013-12-01","","42.3125"
"PUENTE ARANDA","2013-11-30","","76.24999999"
"PUENTE ARANDA","2013-11-29","","81.06944445"
"PUENTE ARANDA","2013-11-28","","55.77083332"
"PUENTE ARANDA","2013-11-27","","63.45833333"
"PUENTE ARANDA","2013-11-26","","75.72916667"
"PUENTE ARANDA","2013-11-25","","59.375"
"PUENTE ARANDA","2013-11-24","","45.8125"
"PUENTE ARANDA","2013-11-23","","73.61805556"
"PUENTE ARANDA","2013-11-22","","65.11805556"
"PUENTE ARANDA","2013-11-21","","74.36111111"
"PUENTE ARANDA","2013-11-20","","75.36805555"
"PUENTE ARANDA","2013-11-19","","59.34722223"
"PUENTE ARANDA","2013-11-18","","57.44444444"
"PUENTE ARANDA","2013-11-17","","58.5486111"
"PUENTE ARANDA","2013-11-16","","49.34027778"
"PUENTE ARANDA","2013-11-15","","33.4375"
"PUENTE ARANDA","2013-11-14","","56.46527778"
"PUENTE ARANDA","2013-11-13","","53.125"
"PUENTE ARANDA","2013-11-12","","51.5"
"PUENTE ARANDA","2013-11-11","","31.6875"
"PUENTE ARANDA","2013-11-10","","46.02777778"
"PUENTE ARANDA","2013-11-09","","76.61111111"
"PUENTE ARANDA","2013-11-08","","74.6875"
"PUENTE ARANDA","2013-11-07","","44.29166667"
"PUENTE ARANDA","2013-11-06","","65.13194445"
"PUENTE ARANDA","2013-11-05","","55.63888889"
"PUENTE ARANDA","2013-11-04","","25.83333334"
"PUENTE ARANDA","2013-11-03","","30.72222222"
"PUENTE ARANDA","2013-11-02","","44.80555555"
"PUENTE ARANDA","2013-11-01","","33.83333334"
"PUENTE ARANDA","2013-10-31","","36.97916667"
"PUENTE ARANDA","2013-10-30","","68.24305556"
"PUENTE ARANDA","2013-10-29","","69.02777779"
"PUENTE ARANDA","2013-10-28","","69.97916668"
"PUENTE ARANDA","2013-10-27","","49.77083333"
"PUENTE ARANDA","2013-10-26","","50.02083333"
"PUENTE ARANDA","2013-10-25","","31.66666667"
"PUENTE ARANDA","2013-10-24","","37.32539683"
"PUENTE ARANDA","2013-10-23","","64.52083333"
"PUENTE ARANDA","2013-10-22","","37.67361111"
"PUENTE ARANDA","2013-10-21","","44.53472223"
"PUENTE ARANDA","2013-10-20","","60.1111111"
"PUENTE ARANDA","2013-10-19","","48.18055555"
"PUENTE ARANDA","2013-10-18","","72.24305556"
"PUENTE ARANDA","2013-10-17","","31.24305555"
"PUENTE ARANDA","2013-10-16","","61.94444444"
"PUENTE ARANDA","2013-10-15","","52.71527778"
"PUENTE ARANDA","2013-10-14","","32.63888889"
"PUENTE ARANDA","2013-10-13","","39.00694444"
"PUENTE ARANDA","2013-10-12","","50.86805554"
"PUENTE ARANDA","2013-10-11","","61.125"
"PUENTE ARANDA","2013-10-10","","54.64583333"
"PUENTE ARANDA","2013-10-09","","49.5"
"PUENTE ARANDA","2013-10-08","","32.74305555"
"PUENTE ARANDA","2013-10-07","","39.27777778"
"PUENTE ARANDA","2013-10-06","","27.06944445"
"PUENTE ARANDA","2013-10-05","","41.41666667"
"PUENTE ARANDA","2013-10-04","","33.86111111"
"PUENTE ARANDA","2013-10-03","","41.1875"
"PUENTE ARANDA","2013-10-02","","38.55555555"
"PUENTE ARANDA","2013-10-01","","80.09027778"
"PUENTE ARANDA","2013-09-30","","30.04166667"
"PUENTE ARANDA","2013-09-29","","21.38888889"
"PUENTE ARANDA","2013-09-28","","27.72916667"
"PUENTE ARANDA","2013-09-27","","26.29861111"
"PUENTE ARANDA","2013-09-26","","32.24305555"
"PUENTE ARANDA","2013-09-25","","24.49305556"
"PUENTE ARANDA","2013-09-24","","27.84722223"
"PUENTE ARANDA","2013-09-23","","25.10416666"
"PUENTE ARANDA","2013-09-22","","24.4861111"
"PUENTE ARANDA","2013-09-21","","52.59722223"
"PUENTE ARANDA","2013-09-20","","26.77083334"
"PUENTE ARANDA","2013-09-19","","20.65277778"
"PUENTE ARANDA","2013-09-18","","36.44444445"
"PUENTE ARANDA","2013-09-17","","38.68055556"
"PUENTE ARANDA","2013-09-16","","25.04861111"
"PUENTE ARANDA","2013-09-15","","16.52083334"
"PUENTE ARANDA","2013-09-14","","35.05555557"
"PUENTE ARANDA","2013-09-13","","72.78472222"
"PUENTE ARANDA","2013-09-12","","76.80555556"
"PUENTE ARANDA","2013-09-11","","45.34027778"
"PUENTE ARANDA","2013-09-10","","40.7013889"
"PUENTE ARANDA","2013-09-09","","38.45138888"
"PUENTE ARANDA","2013-09-08","","20.63888889"
"PUENTE ARANDA","2013-09-07","","35.55555556"
"PUENTE ARANDA","2013-09-06","","31.45138888"
"PUENTE ARANDA","2013-09-05","","53.57638889"
"PUENTE ARANDA","2013-09-04","","93.94444444"
"PUENTE ARANDA","2013-09-03","","81.80555555"
"PUENTE ARANDA","2013-09-02","","65.64583334"
"PUENTE ARANDA","2013-09-01","","21.45138888"
"PUENTE ARANDA","2013-08-31","","24.07638889"
"PUENTE ARANDA","2013-08-30","","32.71527777"
"PUENTE ARANDA","2013-08-29","","25.6"
"PUENTE ARANDA","2013-08-25","","50.2"
"PUENTE ARANDA","2013-08-24","","58.10416667"
"PUENTE ARANDA","2013-08-23","","44.09027778"
"PUENTE ARANDA","2013-08-22","","36.43055556"
"PUENTE ARANDA","2013-08-21","","23.72727273"
"PUENTE ARANDA","2013-08-20","","24.05555555"
"PUENTE ARANDA","2013-08-19","","24.97222222"
"PUENTE ARANDA","2013-08-18","","23.95833332"
"PUENTE ARANDA","2013-08-17","","29.84722223"
"PUENTE ARANDA","2013-08-16","","26.20138889"
"PUENTE ARANDA","2013-08-15","","23.81944445"
"PUENTE ARANDA","2013-08-14","","40.06944444"
"PUENTE ARANDA","2013-08-13","","47.77777779"
"PUENTE ARANDA","2013-08-12","","48.79166667"
"PUENTE ARANDA","2013-08-11","","39.59722223"
"PUENTE ARANDA","2013-08-10","","57.95138889"
"PUENTE ARANDA","2013-08-09","","84.43055555"
"PUENTE ARANDA","2013-08-08","","56.76388889"
"PUENTE ARANDA","2013-08-07","","51.24305555"
"PUENTE ARANDA","2013-08-06","","72.70833333"
"PUENTE ARANDA","2013-08-05","","45.13888889"
"PUENTE ARANDA","2013-08-04","","33.20833333"
"PUENTE ARANDA","2013-08-03","","31.99305555"
"PUENTE ARANDA","2013-08-02","","28.3125"
"PUENTE ARANDA","2013-08-01","","40.15277778"
"PUENTE ARANDA","2013-07-31","","29.24305555"
"PUENTE ARANDA","2013-07-30","","37.11805555"
"PUENTE ARANDA","2013-07-29","","25.6875"
"PUENTE ARANDA","2013-07-28","","11.69444443"
"PUENTE ARANDA","2013-07-27","","21.7986111"
"PUENTE ARANDA","2013-07-26","","23.70138889"
"PUENTE ARANDA","2013-07-25","","21.73611111"
"PUENTE ARANDA","2013-07-24","","27.47916667"
"PUENTE ARANDA","2013-07-23","","34.70138889"
"PUENTE ARANDA","2013-07-22","","29.42361111"
"PUENTE ARANDA","2013-07-21","","16.10526315"
"PUENTE ARANDA","2013-07-20","","37.27272728"
"PUENTE ARANDA","2013-07-19","","43.40972223"
"PUENTE ARANDA","2013-07-18","","29.15277778"
"PUENTE ARANDA","2013-07-17","","23.84027778"
"PUENTE ARANDA","2013-07-16","","25.2986111"
"PUENTE ARANDA","2013-07-15","","23.5"
"PUENTE ARANDA","2013-07-14","","42.18055557"
"PUENTE ARANDA","2013-07-13","","47.47916667"
"PUENTE ARANDA","2013-07-12","","46.99305555"
"PUENTE ARANDA","2013-07-11","","37.94444445"
"PUENTE ARANDA","2013-07-10","","21.95833334"
"PUENTE ARANDA","2013-07-09","","34.49999999"
"PUENTE ARANDA","2013-07-08","","28.09027778"
"PUENTE ARANDA","2013-07-07","","18.79861112"
"PUENTE ARANDA","2013-07-06","","24.46527777"
"PUENTE ARANDA","2013-07-05","","42.44444444"
"PUENTE ARANDA","2013-07-04","","80.61594203"
"PUENTE ARANDA","2013-07-03","","77.11111111"
"PUENTE ARANDA","2013-07-02","","41.1875"
"PUENTE ARANDA","2013-07-01","","27.78472223"
"PUENTE ARANDA","2013-06-30","","44.46527777"
"PUENTE ARANDA","2013-06-29","","65.35416667"
"PUENTE ARANDA","2013-06-28","","37.4375"
"PUENTE ARANDA","2013-06-27","","48.79861111"
"PUENTE ARANDA","2013-06-26","","45.17361111"
"PUENTE ARANDA","2013-06-25","","54.21527777"
"PUENTE ARANDA","2013-06-24","","25.82638889"
"PUENTE ARANDA","2013-06-23","","24.93055556"
"PUENTE ARANDA","2013-06-22","","35.0"
"PUENTE ARANDA","2013-06-21","","35.15277778"
"PUENTE ARANDA","2013-06-20","","22.00757575"
"PUENTE ARANDA","2013-06-19","","21.04861111"
"PUENTE ARANDA","2013-06-18","","34.15277777"
"PUENTE ARANDA","2013-06-17","","43.31944443"
"PUENTE ARANDA","2013-06-16","","18.68055555"
"PUENTE ARANDA","2013-06-15","","29.65972221"
"PUENTE ARANDA","2013-06-14","","55.01388888"
"PUENTE ARANDA","2013-06-13","","43.78472223"
"PUENTE ARANDA","2013-06-12","","34.45138888"
"PUENTE ARANDA","2013-06-11","","34.77777777"
"PUENTE ARANDA","2013-06-10","","19.64492754"
"PUENTE ARANDA","2013-06-09","","14.01388888"
"PUENTE ARANDA","2013-06-08","","18.84722222"
"PUENTE ARANDA","2013-06-07","","29.22916668"
"PUENTE ARANDA","2013-06-06","","45.21527777"
"PUENTE ARANDA","2013-06-05","","33.21969697"
"PUENTE ARANDA","2013-06-04","","25.27777778"
"PUENTE ARANDA","2013-06-03","","19.86805555"
"PUENTE ARANDA","2013-06-02","","28.76388889"
"PUENTE ARANDA","2013-06-01","","69.19444445"
"PUENTE ARANDA","2013-05-31","","40.94444444"
"PUENTE ARANDA","2013-05-30","","78.81944445"
"PUENTE ARANDA","2013-05-29","","87.41666667"
"PUENTE ARANDA","2013-05-28","","51.22916666"
"PUENTE ARANDA","2013-05-27","","52.14583333"
"PUENTE ARANDA","2013-05-26","","31.39583333"
"PUENTE ARANDA","2013-05-25","","52.52777778"
"PUENTE ARANDA","2013-05-24","","35.31944444"
"PUENTE ARANDA","2013-05-23","","45.61805555"
"PUENTE ARANDA","2013-05-22","","43.15972223"
"PUENTE ARANDA","2013-05-21","","41.34722223"
"PUENTE ARANDA","2013-05-20","","42.13194445"
"PUENTE ARANDA","2013-05-19","","20.74999999"
"PUENTE ARANDA","2013-05-18","","48.04166667"
"PUENTE ARANDA","2013-05-17","","42.36111111"
"PUENTE ARANDA","2013-05-16","","56.99305555"
"PUENTE ARANDA","2013-05-15","","48.22222221"
"PUENTE ARANDA","2013-05-14","","30.83333334"
"PUENTE ARANDA","2013-05-13","","28.39583333"
"PUENTE ARANDA","2013-05-12","","39.02777778"
"PUENTE ARANDA","2013-05-11","","54.43055556"
"PUENTE ARANDA","2013-05-10","","48.05555555"
"PUENTE ARANDA","2013-05-09","","35.65972224"
"PUENTE ARANDA","2013-05-08","","44.0625"
"PUENTE ARANDA","2013-05-07","","59.77777779"
"PUENTE ARANDA","2013-05-06","","41.72916668"
"PUENTE ARANDA","2013-05-05","","31.69444445"
"PUENTE ARANDA","2013-05-04","","69.53472222"
"PUENTE ARANDA","2013-05-03","","56.38194444"
"PUENTE ARANDA","2013-05-02","","46.57638889"
"PUENTE ARANDA","2013-05-01","","43.83333333"
"PUENTE ARANDA","2013-04-30","","51.8125"
"PUENTE ARANDA","2013-04-29","","47.75"
"PUENTE ARANDA","2013-04-28","","46.91666667"
"PUENTE ARANDA","2013-04-27","","51.90277778"
"PUENTE ARANDA","2013-04-26","","56.26388888"
"PUENTE ARANDA","2013-04-25","","55.6875"
"PUENTE ARANDA","2013-04-24","","51.60416667"
"PUENTE ARANDA","2013-04-23","","64.78472222"
"PUENTE ARANDA","2013-04-22","","39.33333332"
"PUENTE ARANDA","2013-04-20","","37.40151515"
"PUENTE ARANDA","2013-04-19","","49.27777778"
"PUENTE ARANDA","2013-04-18","","48.51388889"
"PUENTE ARANDA","2013-04-17","","41.77083333"
"PUENTE ARANDA","2013-04-16","","25.16666668"
"PUENTE ARANDA","2013-04-11","","65.25"
"PUENTE ARANDA","2013-04-10","","67.96527777"
"PUENTE ARANDA","2013-04-09","","61.07638889"
"PUENTE ARANDA","2013-04-08","","60.55555555"
"PUENTE ARANDA","2013-04-07","","49.50694445"
"PUENTE ARANDA","2013-04-06","","84.13888889"
"PUENTE ARANDA","2013-04-05","","75.57638889"
"PUENTE ARANDA","2013-04-04","","77.70833334"
"PUENTE ARANDA","2013-04-03","","81.99305555"
"PUENTE ARANDA","2013-04-02","","50.54166666"
"PUENTE ARANDA","2013-04-01","","39.08333333"
"PUENTE ARANDA","2013-03-31","","16.90277778"
"PUENTE ARANDA","2013-03-30","","19.7013889"
"PUENTE ARANDA","2013-03-29","","31.00694445"
"PUENTE ARANDA","2013-03-28","","36.95833334"
"PUENTE ARANDA","2013-03-27","","48.75641025"
"PUENTE ARANDA","2013-03-25","","38.46428572"
"PUENTE ARANDA","2013-03-24","","51.11805555"
"PUENTE ARANDA","2013-03-23","","87.06944445"
"PUENTE ARANDA","2013-03-22","","56.41666666"
"PUENTE ARANDA","2013-03-21","","56.9861111"
"PUENTE ARANDA","2013-03-20","","67.9861111"
"PUENTE ARANDA","2013-03-19","","57.81944445"
"PUENTE ARANDA","2013-03-18","","61.4375"
"PUENTE ARANDA","2013-03-17","","47.38888889"
"PUENTE ARANDA","2013-03-16","","86.60416667"
"PUENTE ARANDA","2013-03-15","","69.42424245"
"PUENTE ARANDA","2013-03-14","","62.95833334"
"PUENTE ARANDA","2013-03-13","","56.90972223"
"PUENTE ARANDA","2013-03-12","","61.53472223"
"PUENTE ARANDA","2013-03-11","","64.41666667"
"PUENTE ARANDA","2013-03-10","","42.67361112"
"PUENTE ARANDA","2013-03-09","","42.63888889"
"PUENTE ARANDA","2013-03-08","","56.34027778"
"PUENTE ARANDA","2013-03-07","","57.65972222"
"PUENTE ARANDA","2013-03-06","","57.50694443"
"PUENTE ARANDA","2013-03-05","","43.25694445"
"PUENTE ARANDA","2013-03-04","","61.37121212"
"PUENTE ARANDA","2013-03-03","","48.79166666"
"PUENTE ARANDA","2013-03-02","","38.62499999"
"PUENTE ARANDA","2013-03-01","","37.9513889"
"PUENTE ARANDA","2013-02-28","","37.0486111"
"PUENTE ARANDA","2013-02-27","","40.82638888"
"PUENTE ARANDA","2013-02-26","","48.44444445"
"PUENTE ARANDA","2013-02-25","","48.07638889"
"PUENTE ARANDA","2013-02-24","","29.77083333"
"PUENTE ARANDA","2013-02-23","","44.27777777"
"PUENTE ARANDA","2013-02-22","","42.50694445"
"PUENTE ARANDA","2013-02-21","","41.29166667"
"PUENTE ARANDA","2013-02-20","","49.68055555"
"PUENTE ARANDA","2013-02-19","","47.30555555"
"PUENTE ARANDA","2013-02-18","","56.5"
"PUENTE ARANDA","2013-02-17","","64.40909091"
"PUENTE ARANDA","2013-02-16","","64.18055555"
"PUENTE ARANDA","2013-02-15","","78.13888889"
"PUENTE ARANDA","2013-02-14","","72.60416666"
"PUENTE ARANDA","2013-02-13","","71.35416667"
"PUENTE ARANDA","2013-02-12","","62.15277778"
"PUENTE ARANDA","2013-02-10","","37.0"
"PUENTE ARANDA","2013-02-09","","39.0"
"PUENTE ARANDA","2013-02-08","","62.8888889"
"PUENTE ARANDA","2013-02-07","","81.15277778"
"PUENTE ARANDA","2013-02-06","","70.0625"
"PUENTE ARANDA","2013-02-05","","63.34027777"
"PUENTE ARANDA","2013-02-04","","70.43055557"
"PUENTE ARANDA","2013-02-03","","44.45833333"
"PUENTE ARANDA","2013-02-02","","49.40277778"
"PUENTE ARANDA","2013-02-01","","61.5"
"PUENTE ARANDA","2013-01-31","","52.55555555"
"PUENTE ARANDA","2013-01-30","","71.52777777"
"PUENTE ARANDA","2013-01-29","","73.94696969"
"PUENTE ARANDA","2013-01-28","","49.51666668"
"PUENTE ARANDA","2013-01-27","","56.49999999"
"PUENTE ARANDA","2013-01-26","","60.76388888"
"PUENTE ARANDA","2013-01-25","","58.9385965"
"PUENTE ARANDA","2013-01-24","","69.24242425"
"PUENTE ARANDA","2013-01-23","","63.52083333"
"PUENTE ARANDA","2013-01-22","","62.14583333"
"PUENTE ARANDA","2013-01-21","","53.72222222"
"PUENTE ARANDA","2013-01-20","","42.69444445"
"PUENTE ARANDA","2013-01-19","","66.1969697"
"PUENTE ARANDA","2013-01-18","","58.99305555"
"PUENTE ARANDA","2013-01-17","","79.71527777"
"PUENTE ARANDA","2013-01-16","","72.04861111"
"PUENTE ARANDA","2013-01-15","","66.84027778"
"PUENTE ARANDA","2013-01-14","","69.69444445"
"PUENTE ARANDA","2013-01-13","","61.70138888"
"PUENTE ARANDA","2013-01-12","","58.15972223"
"PUENTE ARANDA","2013-01-11","","64.96825397"
"PUENTE ARANDA","2013-01-10","","49.02083334"
"PUENTE ARANDA","2013-01-09","","38.31249999"
"PUENTE ARANDA","2013-01-08","","35.10416668"
"PUENTE ARANDA","2013-01-07","","30.56944444"
"PUENTE ARANDA","2013-01-06","","31.63333334"
"PUENTE ARANDA","2013-01-05","","34.18750002"
"PUENTE ARANDA","2013-01-04","","44.27777778"
"PUENTE ARANDA","2013-01-03","","52.22916667"
"PUENTE ARANDA","2013-01-02","","32.34722223"
"PUENTE ARANDA","2013-01-01","","24.52083333"
"PUENTE ARANDA","2012-12-31","","28.72916666"
"PUENTE ARANDA","2012-12-30","","24.38194445"
"PUENTE ARANDA","2012-12-29","","41.09722223"
"PUENTE ARANDA","2012-12-28","","35.06944445"
"PUENTE ARANDA","2012-12-27","","26.78472223"
"PUENTE ARANDA","2012-12-26","","35.08333333"
"PUENTE ARANDA","2012-12-25","","57.35416667"
"PUENTE ARANDA","2012-12-24","","39.15277778"
"PUENTE ARANDA","2012-12-23","","34.39583334"
"PUENTE ARANDA","2012-12-22","","66.02777777"
"PUENTE ARANDA","2012-12-21","","83.47499999"
"PUENTE ARANDA","2012-12-20","","63.71527777"
"PUENTE ARANDA","2012-12-19","","78.8125"
"PUENTE ARANDA","2012-12-18","","63.55555556"
"PUENTE ARANDA","2012-12-17","","59.19444445"
"PUENTE ARANDA","2012-12-16","","48.15277778"
"PUENTE ARANDA","2012-12-15","","45.27083333"
"PUENTE ARANDA","2012-12-14","","56.6875"
"PUENTE ARANDA","2012-12-13","","64.02777778"
"PUENTE ARANDA","2012-12-12","","80.96969698"
"PUENTE ARANDA","2012-12-11","","77.76388889"
"PUENTE ARANDA","2012-12-10","","58.77777779"
"PUENTE ARANDA","2012-12-09","","23.43055556"
"PUENTE ARANDA","2012-12-08","","51.84027778"
"PUENTE ARANDA","2012-12-07","","88.84848485"
"PUENTE ARANDA","2012-12-06","","35.83333335"
"PUENTE ARANDA","2012-12-05","","47.41228071"
"PUENTE ARANDA","2012-12-04","","61.37500001"
"PUENTE ARANDA","2012-12-03","","46.02777778"
"PUENTE ARANDA","2012-12-02","","31.53472222"
"PUENTE ARANDA","2012-12-01","","53.9375"
"PUENTE ARANDA","2012-11-30","","55.1875"
"PUENTE ARANDA","2012-11-29","","45.00757576"
"PUENTE ARANDA","2012-11-28","","79.36111111"
"PUENTE ARANDA","2012-11-27","","56.5763889"
"PUENTE ARANDA","2012-11-26","","35.47222222"
"PUENTE ARANDA","2012-11-25","","48.86111111"
"PUENTE ARANDA","2012-11-24","","63.06944444"
"PUENTE ARANDA","2012-11-23","","66.9236111"
"PUENTE ARANDA","2012-11-22","","95.09722223"
"PUENTE ARANDA","2012-11-21","","86.16666667"
"PUENTE ARANDA","2012-11-20","","81.42361111"
"PUENTE ARANDA","2012-11-19","","76.79861111"
"PUENTE ARANDA","2012-11-18","","48.90277778"
"PUENTE ARANDA","2012-11-17","","51.60416667"
"PUENTE ARANDA","2012-11-16","","67.53472222"
"PUENTE ARANDA","2012-11-15","","76.35416666"
"PUENTE ARANDA","2012-11-14","","88.57638889"
"PUENTE ARANDA","2012-11-13","","66.85416667"
"PUENTE ARANDA","2012-11-12","","51.875"
"PUENTE ARANDA","2012-11-11","","35.9375"
"PUENTE ARANDA","2012-11-10","","70.38194444"
"PUENTE ARANDA","2012-11-09","","55.78472223"
"PUENTE ARANDA","2012-11-08","","60.84027777"
"PUENTE ARANDA","2012-11-07","","75.61805555"
"PUENTE ARANDA","2012-11-06","","50.81944444"
"PUENTE ARANDA","2012-11-05","","24.74305555"
"PUENTE ARANDA","2012-11-04","","54.14583333"
"PUENTE ARANDA","2012-11-03","","72.2013889"
"PUENTE ARANDA","2012-11-02","","84.99305555"
"PUENTE ARANDA","2012-11-01","","62.99999999"
"PUENTE ARANDA","2012-10-31","","74.10833334"
"PUENTE ARANDA","2012-10-30","","60.59722222"
"PUENTE ARANDA","2012-10-29","","56.49305556"
"PUENTE ARANDA","2012-10-28","","35.76388888"
"PUENTE ARANDA","2012-10-27","","56.57638889"
"PUENTE ARANDA","2012-10-26","","71.09722223"
"PUENTE ARANDA","2012-10-25","","63.52083334"
"PUENTE ARANDA","2012-10-24","","43.09027776"
"PUENTE ARANDA","2012-10-23","","46.90277779"
"PUENTE ARANDA","2012-10-22","","66.15277779"
"PUENTE ARANDA","2012-10-21","","57.36111111"
"PUENTE ARANDA","2012-10-20","","46.5138889"
"PUENTE ARANDA","2012-10-19","","46.48611111"
"PUENTE ARANDA","2012-10-18","","40.5"
"PUENTE ARANDA","2012-10-17","","48.97916668"
"PUENTE ARANDA","2012-10-16","","58.96527778"
"PUENTE ARANDA","2012-10-15","","57.86805557"
"PUENTE ARANDA","2012-10-14","","71.79861111"
"PUENTE ARANDA","2012-10-13","","56.61111112"
"PUENTE ARANDA","2012-10-12","","78.70833333"
"PUENTE ARANDA","2012-10-11","","105.33333333"
"PUENTE ARANDA","2012-10-10","","90.04166668"
"PUENTE ARANDA","2012-10-09","","44.68055556"
"PUENTE ARANDA","2012-10-08","","26.00694445"
"PUENTE ARANDA","2012-10-07","","21.85416667"
"PUENTE ARANDA","2012-10-06","","42.84027778"
"PUENTE ARANDA","2012-10-05","","64.33333333"
"PUENTE ARANDA","2012-10-04","","64.28472222"
"PUENTE ARANDA","2012-10-03","","57.15277778"
"PUENTE ARANDA","2012-10-02","","44.98833334"
"PUENTE ARANDA","2012-10-01","","30.72916667"
"PUENTE ARANDA","2012-09-30","","17.36111112"
"PUENTE ARANDA","2012-09-29","","28.29166668"
"PUENTE ARANDA","2012-09-28","","50.01388888"
"PUENTE ARANDA","2012-09-27","","34.80555555"
"PUENTE ARANDA","2012-09-26","","38.1736111"
"PUENTE ARANDA","2012-09-25","","41.29166666"
"PUENTE ARANDA","2012-09-23","","32.72222222"
"PUENTE ARANDA","2012-09-22","","34.09722222"
"PUENTE ARANDA","2012-09-21","","41.89583333"
"PUENTE ARANDA","2012-09-20","","54.64583333"
"PUENTE ARANDA","2012-09-19","","65.47222222"
"PUENTE ARANDA","2012-09-18","","56.3125"
"PUENTE ARANDA","2012-09-17","","34.375"
"PUENTE ARANDA","2012-09-16","","36.44444445"
"PUENTE ARANDA","2012-09-15","","37.48611111"
"PUENTE ARANDA","2012-09-14","","62.93750001"
"PUENTE ARANDA","2012-09-13","","48.11805555"
"PUENTE ARANDA","2012-09-12","","54.42361112"
"PUENTE ARANDA","2012-09-11","","40.02083333"
"PUENTE ARANDA","2012-09-10","","29.35416667"
"PUENTE ARANDA","2012-09-09","","15.10416667"
"PUENTE ARANDA","2012-09-08","","38.47916667"
"PUENTE ARANDA","2012-09-07","","44.61805556"
"PUENTE ARANDA","2012-09-06","","30.25000001"
"PUENTE ARANDA","2012-09-05","","36.34027778"
"PUENTE ARANDA","2012-09-04","","35.84027777"
"PUENTE ARANDA","2012-09-03","","28.73611113"
"PUENTE ARANDA","2012-09-02","","19.13194444"
"PUENTE ARANDA","2012-09-01","","41.52083334"
"PUENTE ARANDA","2012-08-31","","56.00757576"
"PUENTE ARANDA","2012-08-30","","24.93055555"
"PUENTE ARANDA","2012-08-29","","30.65972222"
"PUENTE ARANDA","2012-08-28","","35.49305556"
"PUENTE ARANDA","2012-08-27","","33.39583334"
"PUENTE ARANDA","2012-08-26","","17.66666667"
"PUENTE ARANDA","2012-08-25","","24.83333333"
"PUENTE ARANDA","2012-08-24","","54.38888889"
"PUENTE ARANDA","2012-08-23","","52.24305556"
"PUENTE ARANDA","2012-08-22","","38.84722223"
"PUENTE ARANDA","2012-08-21","","45.38333334"
"PUENTE ARANDA","2012-08-20","","25.5625"
"PUENTE ARANDA","2012-08-19","","20.19444445"
"PUENTE ARANDA","2012-08-18","","29.05555555"
"PUENTE ARANDA","2012-08-17","","36.26388889"
"PUENTE ARANDA","2012-08-16","","42.11111111"
"PUENTE ARANDA","2012-08-15","","42.09722223"
"PUENTE ARANDA","2012-08-14","","32.72916666"
"PUENTE ARANDA","2012-08-13","","35.68055556"
"PUENTE ARANDA","2012-08-12","","37.68055555"
"PUENTE ARANDA","2012-08-11","","32.48611111"
"PUENTE ARANDA","2012-08-10","","28.5"
"PUENTE ARANDA","2012-08-09","","29.26388889"
"PUENTE ARANDA","2012-08-08","","37.34722222"
"PUENTE ARANDA","2012-08-07","","41.65277778"
"PUENTE ARANDA","2012-08-06","","45.70138888"
"PUENTE ARANDA","2012-08-05","","17.11805556"
"PUENTE ARANDA","2012-08-04","","46.49305555"
"PUENTE ARANDA","2012-08-03","","77.65972223"
"PUENTE ARANDA","2012-08-02","","48.87500001"
"PUENTE ARANDA","2012-08-01","","30.22916667"
"PUENTE ARANDA","2012-07-31","","36.61111113"
"PUENTE ARANDA","2012-07-30","","37.59027778"
"PUENTE ARANDA","2012-07-29","","20.80555555"
"PUENTE ARANDA","2012-07-28","","21.06250001"
"PUENTE ARANDA","2012-07-27","","38.43055555"
"PUENTE ARANDA","2012-07-26","","42.125"
"PUENTE ARANDA","2012-07-25","","44.81944444"
"PUENTE ARANDA","2012-07-24","","32.21527778"
"PUENTE ARANDA","2012-07-23","","41.04166666"
"PUENTE ARANDA","2012-07-22","","14.34027778"
"PUENTE ARANDA","2012-07-21","","19.22916667"
"PUENTE ARANDA","2012-07-20","","17.72222223"
"PUENTE ARANDA","2012-07-19","","29.20833334"
"PUENTE ARANDA","2012-07-11","","31.04545456"
"PUENTE ARANDA","2012-07-10","","30.82638888"
"PUENTE ARANDA","2012-07-09","","25.67361111"
"PUENTE ARANDA","2012-07-08","","16.10416666"
"PUENTE ARANDA","2012-07-07","","22.70138889"
"PUENTE ARANDA","2012-07-06","","27.76388888"
"PUENTE ARANDA","2012-07-05","","41.72619049"
"PUENTE ARANDA","2012-07-04","","44.30555555"
"PUENTE ARANDA","2012-07-03","","39.04166667"
"PUENTE ARANDA","2012-07-02","","21.34722221"
"PUENTE ARANDA","2012-07-01","","16.79166667"
"PUENTE ARANDA","2012-06-30","","31.49305555"
"PUENTE ARANDA","2012-06-29","","46.58333333"
"PUENTE ARANDA","2012-06-28","","31.36363636"
"PUENTE ARANDA","2012-06-27","","31.22916666"
"PUENTE ARANDA","2012-06-26","","31.50757575"
"PUENTE ARANDA","2012-06-25","","34.52173913"
"PUENTE ARANDA","2012-06-24","","29.63194444"
"PUENTE ARANDA","2012-06-23","","63.48611111"
"PUENTE ARANDA","2012-06-22","","56.14583334"
"PUENTE ARANDA","2012-06-21","","34.00694444"
"PUENTE ARANDA","2012-06-20","","41.63194445"
"PUENTE ARANDA","2012-06-19","","41.91666667"
"PUENTE ARANDA","2012-06-18","","24.60144928"
"PUENTE ARANDA","2012-06-17","","38.90277778"
"PUENTE ARANDA","2012-06-16","","43.38888889"
"PUENTE ARANDA","2012-06-15","","38.56249999"
"PUENTE ARANDA","2012-06-14","","45.84027778"
"PUENTE ARANDA","2012-06-13","","44.27777778"
"PUENTE ARANDA","2012-06-12","","29.74305555"
"PUENTE ARANDA","2012-06-11","","15.72727272"
"PUENTE ARANDA","2012-06-10","","16.1875"
"PUENTE ARANDA","2012-06-09","","26.3125"
"PUENTE ARANDA","2012-06-08","","26.59722223"
"PUENTE ARANDA","2012-06-07","","32.8125"
"PUENTE ARANDA","2012-06-06","","43.09027778"
"PUENTE ARANDA","2012-06-05","","40.3888889"
"PUENTE ARANDA","2012-06-04","","62.61111111"
"PUENTE ARANDA","2012-06-03","","28.66666667"
"PUENTE ARANDA","2012-06-02","","23.5625"
"PUENTE ARANDA","2012-06-01","","33.28472222"
"PUENTE ARANDA","2012-05-31","","30.11805556"
"PUENTE ARANDA","2012-05-30","","32.06944445"
"PUENTE ARANDA","2012-05-29","","32.3125"
"PUENTE ARANDA","2012-05-28","","44.05555556"
"PUENTE ARANDA","2012-05-27","","24.61805556"
"PUENTE ARANDA","2012-05-26","","49.65277778"
"PUENTE ARANDA","2012-05-25","","39.8125"
"PUENTE ARANDA","2012-05-24","","45.50833333"
"PUENTE ARANDA","2012-05-23","","47.83333333"
"PUENTE ARANDA","2012-05-22","","30.89583333"
"PUENTE ARANDA","2012-05-21","","27.35416667"
"PUENTE ARANDA","2012-05-20","","36.97916667"
"PUENTE ARANDA","2012-05-19","","30.20138889"
"PUENTE ARANDA","2012-05-18","","59.87499999"
"PUENTE ARANDA","2012-05-17","","36.54166666"
"PUENTE ARANDA","2012-05-16","","50.22916668"
"PUENTE ARANDA","2012-05-15","","54.99999999"
"PUENTE ARANDA","2012-05-14","","47.20138889"
"PUENTE ARANDA","2012-05-13","","16.95833334"
"PUENTE ARANDA","2012-05-12","","30.70138888"
"PUENTE ARANDA","2012-05-11","","85.24999999"
"PUENTE ARANDA","2012-05-10","","80.20833333"
"PUENTE ARANDA","2012-05-09","","79.96527778"
"PUENTE ARANDA","2012-05-08","","75.13888888"
"PUENTE ARANDA","2012-05-07","","48.70833334"
"PUENTE ARANDA","2012-05-06","","43.04166667"
"PUENTE ARANDA","2012-05-05","","53.00694445"
"PUENTE ARANDA","2012-05-04","","50.47916668"
"PUENTE ARANDA","2012-05-03","","43.85416667"
"PUENTE ARANDA","2012-05-02","","45.69444445"
"PUENTE ARANDA","2012-05-01","","18.3125"
"PUENTE ARANDA","2012-04-30","","55.48611111"
"PUENTE ARANDA","2012-04-29","","36.29166668"
"PUENTE ARANDA","2012-04-28","","47.86111112"
"PUENTE ARANDA","2012-04-27","","43.16666667"
"PUENTE ARANDA","2012-04-26","","62.90277778"
"PUENTE ARANDA","2012-04-25","","53.59027778"
"PUENTE ARANDA","2012-04-24","","55.63194445"
"PUENTE ARANDA","2012-04-23","","66.59027777"
"PUENTE ARANDA","2012-04-22","","37.34027778"
"PUENTE ARANDA","2012-04-21","","44.94444445"
"PUENTE ARANDA","2012-04-20","","99.88888889"
"PUENTE ARANDA","2012-04-19","","80.79861111"
"PUENTE ARANDA","2012-04-18","","91.70833333"
"PUENTE ARANDA","2012-04-17","","68.24305556"
"PUENTE ARANDA","2012-04-16","","54.23611111"
"PUENTE ARANDA","2012-04-15","","68.3125"
"PUENTE ARANDA","2012-04-14","","68.61805555"
"PUENTE ARANDA","2012-04-13","","71.76388888"
"PUENTE ARANDA","2012-04-12","","36.45833334"
"PUENTE ARANDA","2012-04-11","","43.99305556"
"PUENTE ARANDA","2012-04-10","","62.45238096"
"PUENTE ARANDA","2012-04-09","","36.71527778"
"PUENTE ARANDA","2012-04-08","","27.97101449"
"PUENTE ARANDA","2012-04-07","","23.42424242"
"PUENTE ARANDA","2012-04-06","","42.26388889"
"PUENTE ARANDA","2012-04-05","","43.72916666"
"PUENTE ARANDA","2012-04-04","","59.77083334"
"PUENTE ARANDA","2012-04-03","","73.25"
"PUENTE ARANDA","2012-04-02","","53.50694444"
"PUENTE ARANDA","2012-04-01","","24.25"
"PUENTE ARANDA","2012-03-31","","26.25"
"PUENTE ARANDA","2012-03-30","","41.86805556"
"PUENTE ARANDA","2012-03-29","","38.82638888"
"PUENTE ARANDA","2012-03-28","","61.77777777"
"PUENTE ARANDA","2012-03-27","","85.34027778"
"PUENTE ARANDA","2012-03-26","","54.70833333"
"PUENTE ARANDA","2012-03-25","","35.59722222"
"PUENTE ARANDA","2012-03-24","","82.78472222"
"PUENTE ARANDA","2012-03-23","","84.5"
"PUENTE ARANDA","2012-03-22","","56.6875"
"PUENTE ARANDA","2012-03-21","","78.17361111"
"PUENTE ARANDA","2012-03-20","","71.94444444"
"PUENTE ARANDA","2012-03-19","","32.50694444"
"PUENTE ARANDA","2012-03-18","","38.40277779"
"PUENTE ARANDA","2012-03-17","","37.84027778"
"PUENTE ARANDA","2012-03-16","","42.30555555"
"PUENTE ARANDA","2012-03-15","","46.64583333"
"PUENTE ARANDA","2012-03-14","","46.46527779"
"PUENTE ARANDA","2012-03-13","","41.8263889"
"PUENTE ARANDA","2012-03-12","","31.61111111"
"PUENTE ARANDA","2012-03-11","","17.5763889"
"PUENTE ARANDA","2012-03-10","","45.63194445"
"PUENTE ARANDA","2012-03-09","","48.20833333"
"PUENTE ARANDA","2012-03-08","","42.51388888"
"PUENTE ARANDA","2012-03-07","","48.375"
"PUENTE ARANDA","2012-03-06","","47.64583334"
"PUENTE ARANDA","2012-03-05","","41.8125"
"PUENTE ARANDA","2012-03-04","","19.88194445"
"PUENTE ARANDA","2012-03-03","","29.59722222"
"PUENTE ARANDA","2012-03-02","","41.25694444"
"PUENTE ARANDA","2012-03-01","","50.88888889"
"PUENTE ARANDA","2012-02-29","","69.29861111"
"PUENTE ARANDA","2012-02-28","","62.77083333"
"PUENTE ARANDA","2012-02-27","","51.63888889"
"PUENTE ARANDA","2012-02-26","","63.63194445"
"PUENTE ARANDA","2012-02-25","","81.31159421"
"PUENTE ARANDA","2012-02-24","","64.28431372"
"PUENTE ARANDA","2012-02-23","","68.59027778"
"PUENTE ARANDA","2012-02-22","","67.86805555"
"PUENTE ARANDA","2012-02-21","","73.34027778"
"PUENTE ARANDA","2012-02-20","","70.86111113"
"PUENTE ARANDA","2012-02-17","","106.09374999"
"PUENTE ARANDA","2012-02-16","","67.92333334"
"PUENTE ARANDA","2012-02-15","","74.09298246"
"PUENTE ARANDA","2012-02-14","","65.8888889"
"PUENTE ARANDA","2012-02-13","","60.73611112"
"PUENTE ARANDA","2012-02-12","","37.5486111"
"PUENTE ARANDA","2012-02-11","","67.85416666"
"PUENTE ARANDA","2012-02-10","","82.83333333"
"PUENTE ARANDA","2012-02-09","","86.33333332"
"PUENTE ARANDA","2012-02-08","","56.91666667"
"PUENTE ARANDA","2012-02-07","","48.1111111"
"PUENTE ARANDA","2012-02-06","","28.05555555"
"PUENTE ARANDA","2012-02-05","","30.61805555"
"PUENTE ARANDA","2012-02-04","","38.6875"
"PUENTE ARANDA","2012-02-03","","62.7638889"
"PUENTE ARANDA","2012-02-02","","94.96527778"
"PUENTE ARANDA","2012-02-01","","71.75"
"PUENTE ARANDA","2012-01-31","","76.34722222"
"PUENTE ARANDA","2012-01-30","","61.11805555"
"PUENTE ARANDA","2012-01-29","","45.58333333"
"PUENTE ARANDA","2012-01-28","","54.43055555"
"PUENTE ARANDA","2012-01-27","","51.21527778"
"PUENTE ARANDA","2012-01-26","","71.88194445"
"PUENTE ARANDA","2012-01-25","","50.34027778"
"PUENTE ARANDA","2012-01-24","","60.24305557"
"PUENTE ARANDA","2012-01-23","","42.86363636"
"PUENTE ARANDA","2012-01-22","","38.8263889"
"PUENTE ARANDA","2012-01-21","","62.11111111"
"PUENTE ARANDA","2012-01-20","","50.39583332"
"PUENTE ARANDA","2012-01-19","","39.03472222"
"PUENTE ARANDA","2012-01-18","","56.97222222"
"PUENTE ARANDA","2012-01-17","","54.52777778"
"PUENTE ARANDA","2012-01-16","","63.09722222"
"PUENTE ARANDA","2012-01-15","","25.11805556"
"PUENTE ARANDA","2012-01-14","","25.69444445"
"PUENTE ARANDA","2012-01-13","","25.625"
"PUENTE ARANDA","2012-01-12","","43.9236111"
"PUENTE ARANDA","2012-01-11","","68.80555556"
"PUENTE ARANDA","2012-01-10","","71.40972223"
"PUENTE ARANDA","2012-01-09","","33.72222223"
"PUENTE ARANDA","2012-01-08","","35.69444445"
"PUENTE ARANDA","2012-01-07","","53.75694445"
"PUENTE ARANDA","2012-01-06","","42.23611111"
"PUENTE ARANDA","2012-01-05","","57.71527779"
"PUENTE ARANDA","2012-01-04","","39.24305555"
"PUENTE ARANDA","2012-01-03","","58.52777778"
"PUENTE ARANDA","2012-01-02","","47.95138888"
"PUENTE ARANDA","2012-01-01","","50.88888888"
"PUENTE ARANDA","2011-12-31","","18.95138889"
"PUENTE ARANDA","2011-12-30","","35.56944446"
"PUENTE ARANDA","2011-12-29","","49.57638889"
"PUENTE ARANDA","2011-12-28","","45.79166667"
"PUENTE ARANDA","2011-12-27","","48.56944445"
"PUENTE ARANDA","2011-12-26","","41.78787878"
"PUENTE ARANDA","2011-12-25","","39.74305556"
"PUENTE ARANDA","2011-12-24","","25.54166667"
"PUENTE ARANDA","2011-12-23","","60.30555556"
"PUENTE ARANDA","2011-12-22","","39.51388888"
"PUENTE ARANDA","2011-12-21","","32.0625"
"PUENTE ARANDA","2011-12-20","","51.13888889"
"PUENTE ARANDA","2011-12-19","","54.14583333"
"PUENTE ARANDA","2011-12-18","","60.41666666"
"PUENTE ARANDA","2011-12-17","","52.72916666"
"PUENTE ARANDA","2011-12-16","","55.78472223"
"PUENTE ARANDA","2011-12-15","","62.23611111"
"PUENTE ARANDA","2011-12-14","","76.73611112"
"PUENTE ARANDA","2011-12-13","","78.14583333"
"PUENTE ARANDA","2011-12-12","","80.29861111"
"PUENTE ARANDA","2011-12-11","","81.88194445"
"PUENTE ARANDA","2011-12-10","","77.09722222"
"PUENTE ARANDA","2011-12-09","","78.66666667"
"PUENTE ARANDA","2011-12-08","","74.13888888"
"PUENTE ARANDA","2011-12-07","","70.71969697"
"PUENTE ARANDA","2011-12-06","","55.72916667"
"PUENTE ARANDA","2011-12-05","","49.54861111"
"PUENTE ARANDA","2011-12-04","","55.66666666"
"PUENTE ARANDA","2011-12-03","","72.15972222"
"PUENTE ARANDA","2011-12-02","","73.79166666"
"PUENTE ARANDA","2011-12-01","","52.6875"
"PUENTE ARANDA","2011-11-30","","51.45833332"
"PUENTE ARANDA","2011-11-29","","44.71527779"
"PUENTE ARANDA","2011-11-28","","72.29861111"
"PUENTE ARANDA","2011-11-27","","64.88888889"
"PUENTE ARANDA","2011-11-26","","78.40972221"
"PUENTE ARANDA","2011-11-25","","88.68750001"
"PUENTE ARANDA","2011-11-24","","64.65972222"
"PUENTE ARANDA","2011-11-23","","57.18055555"
"PUENTE ARANDA","2011-11-22","","73.54166666"
"PUENTE ARANDA","2011-11-21","","49.01388888"
"PUENTE ARANDA","2011-11-20","","30.70833334"
"PUENTE ARANDA","2011-11-19","","32.7986111"
"PUENTE ARANDA","2011-11-18","","41.38194444"
"PUENTE ARANDA","2011-11-17","","48.05555555"
"PUENTE ARANDA","2011-11-16","","73.47916667"
"PUENTE ARANDA","2011-11-15","","60.95833333"
"PUENTE ARANDA","2011-11-14","","46.22916668"
"PUENTE ARANDA","2011-11-13","","59.44444444"
"PUENTE ARANDA","2011-11-12","","50.6736111"
"PUENTE ARANDA","2011-11-11","","70.0530303"
"PUENTE ARANDA","2011-11-10","","80.72222222"
"PUENTE ARANDA","2011-11-09","","54.76388889"
"PUENTE ARANDA","2011-11-08","","61.46527777"
"PUENTE ARANDA","2011-11-07","","50.31944444"
"PUENTE ARANDA","2011-11-06","","64.33333333"
"PUENTE ARANDA","2011-11-05","","102.00694445"
"PUENTE ARANDA","2011-11-04","","104.30555555"
"PUENTE ARANDA","2011-11-03","","86.625"
"PUENTE ARANDA","2011-11-02","","89.00694444"
"PUENTE ARANDA","2011-11-01","","104.81249999"
"PUENTE ARANDA","2011-10-31","","76.95138889"
"PUENTE ARANDA","2011-10-30","","44.08333334"
"PUENTE ARANDA","2011-10-29","","44.80555555"
"PUENTE ARANDA","2011-10-28","","63.18749999"
"PUENTE ARANDA","2011-10-27","","86.72916665"
"PUENTE ARANDA","2011-10-26","","84.14583333"
"PUENTE ARANDA","2011-10-25","","52.61111111"
"PUENTE ARANDA","2011-10-24","","37.44444444"
"PUENTE ARANDA","2011-10-23","","53.60416666"
"PUENTE ARANDA","2011-10-22","","41.76388889"
"PUENTE ARANDA","2011-10-21","","68.24242424"
"PUENTE ARANDA","2011-10-20","","40.52777778"
"PUENTE ARANDA","2011-10-19","","36.09999998"
"PUENTE ARANDA","2011-10-18","","23.53846154"
"PUENTE ARANDA","2011-10-17","","19.80555555"
"PUENTE ARANDA","2011-10-16","","28.97222223"
"PUENTE ARANDA","2011-10-15","","27.72222222"
"PUENTE ARANDA","2011-10-14","","48.95098039"
"PUENTE ARANDA","2011-10-13","","37.95833333"
"PUENTE ARANDA","2011-10-12","","37.13194445"
"PUENTE ARANDA","2011-10-11","","58.54166666"
"PUENTE ARANDA","2011-10-10","","65.71212122"
"PUENTE ARANDA","2011-10-09","","56.70833333"
"PUENTE ARANDA","2011-10-08","","64.32638889"
"PUENTE ARANDA","2011-10-07","","65.14583334"
"PUENTE ARANDA","2011-10-06","","84.16666668"
"PUENTE ARANDA","2011-10-05","","83.70833334"
"PUENTE ARANDA","2011-10-04","","70.38888889"
"PUENTE ARANDA","2011-10-03","","56.19444444"
"PUENTE ARANDA","2011-10-02","","62.59027778"
"PUENTE ARANDA","2011-10-01","","62.26388889"
"PUENTE ARANDA","2011-09-30","","72.19444445"
"PUENTE ARANDA","2011-09-29","","63.59722222"
"PUENTE ARANDA","2011-09-28","","74.12499999"
"PUENTE ARANDA","2011-09-27","","71.45138889"
"PUENTE ARANDA","2011-09-26","","36.80555555"
"PUENTE ARANDA","2011-09-25","","21.83333332"
"PUENTE ARANDA","2011-09-24","","66.54166668"
"PUENTE ARANDA","2011-09-23","","91.14583333"
"PUENTE ARANDA","2011-09-22","","73.51388889"
"PUENTE ARANDA","2011-09-21","","76.19444444"
"PUENTE ARANDA","2011-09-20","","75.97916667"
"PUENTE ARANDA","2011-09-19","","45.53472222"
"PUENTE ARANDA","2011-09-18","","44.25694444"
"PUENTE ARANDA","2011-09-17","","52.8611111"
"PUENTE ARANDA","2011-09-16","","72.9375"
"PUENTE ARANDA","2011-09-15","","42.56249999"
"PUENTE ARANDA","2011-09-14","","65.81060606"
"PUENTE ARANDA","2011-09-13","","60.08333333"
"PUENTE ARANDA","2011-09-12","","35.34722222"
"PUENTE ARANDA","2011-09-11","","25.06944445"
"PUENTE ARANDA","2011-09-10","","86.55303031"
"PUENTE ARANDA","2011-09-09","","64.3888889"
"PUENTE ARANDA","2011-09-08","","92.17361111"
"PUENTE ARANDA","2011-09-07","","53.88888888"
"PUENTE ARANDA","2011-09-06","","44.63888888"
"PUENTE ARANDA","2011-09-05","","55.33333333"
"PUENTE ARANDA","2011-09-04","","35.13194444"
"PUENTE ARANDA","2011-09-03","","62.35416666"
"PUENTE ARANDA","2011-09-02","","41.49305556"
"PUENTE ARANDA","2011-09-01","","36.73611112"
"PUENTE ARANDA","2011-08-31","","40.91666666"
"PUENTE ARANDA","2011-08-30","","75.86805556"
"PUENTE ARANDA","2011-08-29","","50.61111111"
"PUENTE ARANDA","2011-08-28","","31.68055556"
"PUENTE ARANDA","2011-08-27","","63.8888889"
"PUENTE ARANDA","2011-08-26","","49.04861111"
"PUENTE ARANDA","2011-08-25","","65.56060605"
"PUENTE ARANDA","2011-08-24","","63.08333332"
"PUENTE ARANDA","2011-08-23","","44.42361111"
"PUENTE ARANDA","2011-08-22","","63.72222222"
"PUENTE ARANDA","2011-08-21","","42.22222223"
"PUENTE ARANDA","2011-08-20","","64.94444445"
"PUENTE ARANDA","2011-08-19","","62.13095238"
"PUENTE ARANDA","2011-08-18","","57.77777777"
"PUENTE ARANDA","2011-08-17","","73.46969697"
"PUENTE ARANDA","2011-08-16","","43.54166667"
"PUENTE ARANDA","2011-08-15","","28.01449276"
"PUENTE ARANDA","2011-08-14","","35.91666667"
"PUENTE ARANDA","2011-08-13","","55.72916667"
"PUENTE ARANDA","2011-08-12","","54.07638888"
"PUENTE ARANDA","2011-08-11","","50.11111111"
"PUENTE ARANDA","2011-08-10","","56.46527778"
"PUENTE ARANDA","2011-08-09","","59.95138889"
"PUENTE ARANDA","2011-08-08","","52.80555555"
"PUENTE ARANDA","2011-08-07","","16.875"
"PUENTE ARANDA","2011-08-06","","62.37499999"
"PUENTE ARANDA","2011-08-05","","66.36805556"
"PUENTE ARANDA","2011-08-04","","76.0"
"PUENTE ARANDA","2011-08-03","","69.74305556"
"PUENTE ARANDA","2011-08-02","","80.75694444"
"PUENTE ARANDA","2011-08-01","","78.50694445"
"PUENTE ARANDA","2011-07-31","","46.28472222"
"PUENTE ARANDA","2011-07-30","","44.79861112"
"PUENTE ARANDA","2011-07-29","","62.52083333"
"PUENTE ARANDA","2011-07-28","","41.38194443"
"PUENTE ARANDA","2011-07-27","","33.94444444"
"PUENTE ARANDA","2011-07-26","","42.0"
"PUENTE ARANDA","2011-07-25","","30.43055556"
"PUENTE ARANDA","2011-07-24","","18.46527778"
"PUENTE ARANDA","2011-07-23","","24.95138889"
"PUENTE ARANDA","2011-07-22","","32.57638889"
"PUENTE ARANDA","2011-07-21","","29.84722223"
"PUENTE ARANDA","2011-07-20","","27.4375"
"PUENTE ARANDA","2011-07-19","","40.22916666"
"PUENTE ARANDA","2011-07-18","","40.91666667"
"PUENTE ARANDA","2011-07-17","","39.73611112"
"PUENTE ARANDA","2011-07-16","","50.53472223"
"PUENTE ARANDA","2011-07-15","","75.90972221"
"PUENTE ARANDA","2011-07-14","","89.34027778"
"PUENTE ARANDA","2011-07-13","","65.53472222"
"PUENTE ARANDA","2011-07-12","","45.22916665"
"PUENTE ARANDA","2011-07-11","","35.81944443"
"PUENTE ARANDA","2011-07-10","","19.96527778"
"PUENTE ARANDA","2011-07-09","","30.83333334"
"PUENTE ARANDA","2011-07-08","","43.97222222"
"PUENTE ARANDA","2011-07-07","","36.625"
"PUENTE ARANDA","2011-07-06","","51.95138888"
"PUENTE ARANDA","2011-07-05","","50.1736111"
"PUENTE ARANDA","2011-07-04","","23.97916667"
"PUENTE ARANDA","2011-07-03","","45.04861112"
"PUENTE ARANDA","2011-07-02","","62.97222223"
"PUENTE ARANDA","2011-07-01","","66.04166666"
"PUENTE ARANDA","2011-06-30","","51.57575759"
"PUENTE ARANDA","2011-06-29","","67.29166667"
"PUENTE ARANDA","2011-06-28","","54.1875"
"PUENTE ARANDA","2011-06-27","","16.81884058"
"PUENTE ARANDA","2011-06-26","","19.81944444"
"PUENTE ARANDA","2011-06-25","","45.40277778"
"PUENTE ARANDA","2011-06-24","","56.80555555"
"PUENTE ARANDA","2011-06-23","","47.58333333"
"PUENTE ARANDA","2011-06-22","","39.36111111"
"PUENTE ARANDA","2011-06-21","","54.84027778"
"PUENTE ARANDA","2011-06-20","","69.98611111"
"PUENTE ARANDA","2011-06-19","","29.98611111"
"PUENTE ARANDA","2011-06-18","","37.40277778"
"PUENTE ARANDA","2011-06-17","","44.73913043"
"PUENTE ARANDA","2011-06-16","","48.68749999"
"PUENTE ARANDA","2011-06-15","","55.84027778"
"PUENTE ARANDA","2011-06-14","","30.71969698"
"PUENTE ARANDA","2011-06-13","","27.76811594"
"PUENTE ARANDA","2011-06-12","","10.77777778"
"PUENTE ARANDA","2011-06-11","","30.58333333"
"PUENTE ARANDA","2011-06-10","","60.66666666"
"PUENTE ARANDA","2011-06-09","","55.03623188"
"PUENTE ARANDA","2011-06-08","","71.85416666"
"PUENTE ARANDA","2011-06-07","","68.47916667"
"PUENTE ARANDA","2011-06-06","","47.61594203"
"PUENTE ARANDA","2011-06-05","","42.11805555"
"PUENTE ARANDA","2011-06-04","","54.58695653"
"PUENTE ARANDA","2011-06-03","","49.61111111"
"PUENTE ARANDA","2011-06-02","","62.72916667"
"PUENTE ARANDA","2011-06-01","","56.875"
"PUENTE ARANDA","2011-05-31","","36.30555555"
"PUENTE ARANDA","2011-05-30","","27.375"
"PUENTE ARANDA","2011-05-29","","36.33333333"
"PUENTE ARANDA","2011-05-28","","31.61805556"
"PUENTE ARANDA","2011-05-27","","48.95833333"
"PUENTE ARANDA","2011-05-26","","62.68939394"
"PUENTE ARANDA","2011-05-25","","47.45138889"
"PUENTE ARANDA","2011-05-24","","70.45138889"
"PUENTE ARANDA","2011-05-23","","57.15972223"
"PUENTE ARANDA","2011-05-22","","47.85416666"
"PUENTE ARANDA","2011-05-21","","73.57971015"
"PUENTE ARANDA","2011-05-20","","87.19444445"
"PUENTE ARANDA","2011-05-19","","46.625"
"PUENTE ARANDA","2011-05-18","","50.02777777"
"PUENTE ARANDA","2011-05-17","","38.00694444"
"PUENTE ARANDA","2011-05-16","","43.30555555"
"PUENTE ARANDA","2011-05-15","","47.62698413"
"PUENTE ARANDA","2011-05-14","","41.92028985"
"PUENTE ARANDA","2011-05-13","","44.0952381"
"PUENTE ARANDA","2011-05-12","","66.15277778"
"PUENTE ARANDA","2011-05-11","","60.02083333"
"PUENTE ARANDA","2011-05-10","","47.76388888"
"PUENTE ARANDA","2011-05-09","","42.41666667"
"PUENTE ARANDA","2011-05-08","","27.71527779"
"PUENTE ARANDA","2011-05-07","","40.9236111"
"PUENTE ARANDA","2011-05-06","","41.73333332"
"PUENTE ARANDA","2011-05-04","","51.52380954"
"PUENTE ARANDA","2011-05-03","","33.52083333"
"PUENTE ARANDA","2011-05-02","","32.01388889"
"PUENTE ARANDA","2011-05-01","","36.1388889"
"PUENTE ARANDA","2011-04-30","","74.13888888"
"PUENTE ARANDA","2011-04-29","","84.86363636"
"PUENTE ARANDA","2011-04-28","","64.33333334"
"PUENTE ARANDA","2011-04-27","","59.41666667"
"PUENTE ARANDA","2011-04-26","","47.14285714"
"PUENTE ARANDA","2011-04-24","","31.80303032"
"PUENTE ARANDA","2011-04-23","","19.76388888"
"PUENTE ARANDA","2011-04-22","","16.77536233"
"PUENTE ARANDA","2011-04-21","","24.50694445"
"PUENTE ARANDA","2011-04-20","","30.99999999"
"PUENTE ARANDA","2011-04-19","","36.96527777"
"PUENTE ARANDA","2011-04-18","","56.30303031"
"PUENTE ARANDA","2011-04-17","","34.61111111"
"PUENTE ARANDA","2011-04-16","","69.1969697"
"PUENTE ARANDA","2011-04-15","","48.13768116"
"PUENTE ARANDA","2011-04-14","","79.88888888"
"PUENTE ARANDA","2011-04-13","","46.11111111"
"PUENTE ARANDA","2011-04-12","","45.46969698"
"PUENTE ARANDA","2011-04-11","","37.38194445"
"PUENTE ARANDA","2011-04-10","","27.29861112"
"PUENTE ARANDA","2011-04-09","","57.3611111"
"PUENTE ARANDA","2011-04-08","","90.60416668"
"PUENTE ARANDA","2011-04-07","","90.21527778"
"PUENTE ARANDA","2011-04-06","","66.35151515"
"PUENTE ARANDA","2011-04-05","","56.54166666"
"PUENTE ARANDA","2011-04-04","","57.20138889"
"PUENTE ARANDA","2011-04-03","","68.18750001"
"PUENTE ARANDA","2011-04-02","","77.07638889"
"PUENTE ARANDA","2011-04-01","","72.38888889"
"PUENTE ARANDA","2011-03-31","","68.92361112"
"PUENTE ARANDA","2011-03-30","","67.65972221"
"PUENTE ARANDA","2011-03-29","","52.67361111"
"PUENTE ARANDA","2011-03-28","","38.11111112"
"PUENTE ARANDA","2011-03-27","","22.72916668"
"PUENTE ARANDA","2011-03-26","","26.82638889"
"PUENTE ARANDA","2011-03-25","","36.68840579"
"PUENTE ARANDA","2011-03-24","","56.05797101"
"PUENTE ARANDA","2011-03-23","","52.11111113"
"PUENTE ARANDA","2011-03-22","","58.95454546"
"PUENTE ARANDA","2011-03-21","","33.67361111"
"PUENTE ARANDA","2011-03-20","","61.22916666"
"PUENTE ARANDA","2011-03-19","","67.1884058"
"PUENTE ARANDA","2011-03-18","","64.1231884"
"PUENTE ARANDA","2011-03-17","","124.49275362"
"PUENTE ARANDA","2011-03-16","","86.87499999"
"PUENTE ARANDA","2011-03-15","","66.13043478"
"PUENTE ARANDA","2011-03-14","","43.8125"
"PUENTE ARANDA","2011-03-13","","29.78985507"
"PUENTE ARANDA","2011-03-12","","36.31944445"
"PUENTE ARANDA","2011-03-11","","38.11594203"
"PUENTE ARANDA","2011-03-10","","44.09090909"
"PUENTE ARANDA","2011-03-09","","44.93055555"
"PUENTE ARANDA","2011-03-08","","72.1875"
"PUENTE ARANDA","2011-03-07","","76.59027778"
"PUENTE ARANDA","2011-03-06","","35.09027778"
"PUENTE ARANDA","2011-03-05","","86.13888889"
"PUENTE ARANDA","2011-03-04","","77.91666666"
"PUENTE ARANDA","2011-03-02","","25.20833335"
"PUENTE ARANDA","2011-03-01","","37.20833333"
"PUENTE ARANDA","2011-02-28","","60.14492755"
"PUENTE ARANDA","2011-02-27","","50.16666667"
"PUENTE ARANDA","2011-02-26","","79.81249999"
"PUENTE ARANDA","2011-02-25","","68.10869565"
"PUENTE ARANDA","2011-02-24","","57.60416666"
"PUENTE ARANDA","2011-02-23","","50.69166668"
"PUENTE ARANDA","2011-02-22","","72.20454545"
"PUENTE ARANDA","2011-02-21","","69.4236111"
"PUENTE ARANDA","2011-02-20","","43.27083334"
"PUENTE ARANDA","2011-02-19","","56.28472221"
"PUENTE ARANDA","2011-02-18","","60.09166667"
"PUENTE ARANDA","2011-02-17","","60.24305555"
"PUENTE ARANDA","2011-02-16","","75.18939394"
"PUENTE ARANDA","2011-02-15","","77.9375"
"PUENTE ARANDA","2011-02-14","","78.51666667"
"PUENTE ARANDA","2011-02-13","","49.45833335"
"PUENTE ARANDA","2011-02-12","","60.72916667"
"PUENTE ARANDA","2011-02-11","","83.53472223"
"PUENTE ARANDA","2011-02-10","","62.51388889"
"PUENTE ARANDA","2011-02-09","","44.41666667"
"PUENTE ARANDA","2011-02-08","","57.86231884"
"PUENTE ARANDA","2011-02-07","","48.61805555"
"PUENTE ARANDA","2011-02-06","","37.0625"
"PUENTE ARANDA","2011-02-05","","66.88194445"
"PUENTE ARANDA","2011-02-04","","87.4513889"
"PUENTE ARANDA","2011-02-03","","75.28472223"
"PUENTE ARANDA","2011-02-02","","32.76190477"
"PUENTE ARANDA","2011-02-01","","52.08333333"
"PUENTE ARANDA","2011-01-31","","56.26388889"
"PUENTE ARANDA","2011-01-30","","45.90277778"
"PUENTE ARANDA","2011-01-29","","63.99305555"
"PUENTE ARANDA","2011-01-28","","82.54347825"
"PUENTE ARANDA","2011-01-27","","85.56250002"
"PUENTE ARANDA","2011-01-26","","80.10144927"
"PUENTE ARANDA","2011-01-25","","93.79861111"
"PUENTE ARANDA","2011-01-24","","59.62500001"
"PUENTE ARANDA","2011-01-23","","48.30555555"
"PUENTE ARANDA","2011-01-22","","74.8030303"
"PUENTE ARANDA","2011-01-21","","57.53623188"
"PUENTE ARANDA","2011-01-20","","75.5"
"PUENTE ARANDA","2011-01-19","","85.45833333"
"PUENTE ARANDA","2011-01-18","","86.58333334"
"PUENTE ARANDA","2011-01-17","","87.0"
"PUENTE ARANDA","2011-01-16","","63.375"
"PUENTE ARANDA","2011-01-15","","62.9375"
"PUENTE ARANDA","2011-01-14","","58.33333333"
"PUENTE ARANDA","2011-01-13","","65.68840579"
"PUENTE ARANDA","2011-01-12","","107.09027778"
"PUENTE ARANDA","2011-01-11","","53.35185183"
"PUENTE ARANDA","2011-01-07","","69.65909091"
"PUENTE ARANDA","2011-01-06","","53.53472223"
"PUENTE ARANDA","2011-01-05","","58.61594203"
"PUENTE ARANDA","2011-01-04","","76.72222222"
"PUENTE ARANDA","2011-01-03","","55.1439394"
"PUENTE ARANDA","2011-01-02","","40.1590909"
"PUENTE ARANDA","2011-01-01","","52.94444445"
"PUENTE ARANDA","2010-12-31","","65.45833333"
"PUENTE ARANDA","2010-12-30","","74.5"
"PUENTE ARANDA","2010-12-29","","35.92361111"
"PUENTE ARANDA","2010-12-28","","98.13043478"
"PUENTE ARANDA","2010-12-27","","61.40909091"
"PUENTE ARANDA","2010-12-26","","24.8611111"
"PUENTE ARANDA","2010-12-25","","67.58333333"
"PUENTE ARANDA","2010-12-24","","67.74305556"
"PUENTE ARANDA","2010-12-23","","93.0"
"PUENTE ARANDA","2010-12-22","","114.54166667"
"PUENTE ARANDA","2010-12-21","","68.93055555"
"PUENTE ARANDA","2010-12-20","","42.77777778"
"PUENTE ARANDA","2010-12-19","","66.13194444"
"PUENTE ARANDA","2010-12-18","","57.42361111"
"PUENTE ARANDA","2010-12-17","","92.70138889"
"PUENTE ARANDA","2010-12-16","","66.76086956"
"PUENTE ARANDA","2010-12-15","","79.52777779"
"PUENTE ARANDA","2010-12-14","","68.2826087"
"PUENTE ARANDA","2010-12-13","","48.9513889"
"PUENTE ARANDA","2010-12-12","","78.28985508"
"PUENTE ARANDA","2010-12-11","","83.86956521"
"PUENTE ARANDA","2010-12-10","","93.79166668"
"PUENTE ARANDA","2010-12-09","","86.84722223"
"PUENTE ARANDA","2010-12-08","","100.59090908"
"PUENTE ARANDA","2010-12-07","","68.46212121"
"PUENTE ARANDA","2010-12-06","","76.47916668"
"PUENTE ARANDA","2010-12-05","","52.52272727"
"PUENTE ARANDA","2010-12-04","","57.8611111"
"PUENTE ARANDA","2010-12-03","","59.09027778"
"PUENTE ARANDA","2010-12-02","","46.51388889"
"PUENTE ARANDA","2010-12-01","","68.49305555"
"PUENTE ARANDA","2010-11-30","","66.66666667"
"PUENTE ARANDA","2010-11-29","","68.33333335"
"PUENTE ARANDA","2010-11-28","","68.18055555"
"PUENTE ARANDA","2010-11-27","","49.69444444"
"PUENTE ARANDA","2010-11-26","","89.5625"
"PUENTE ARANDA","2010-11-25","","67.81944444"
"PUENTE ARANDA","2010-11-24","","68.74305555"
"PUENTE ARANDA","2010-11-23","","71.92361111"
"PUENTE ARANDA","2010-11-22","","84.49305555"
"PUENTE ARANDA","2010-11-21","","59.11805555"
"PUENTE ARANDA","2010-11-20","","68.25"
"PUENTE ARANDA","2010-11-19","","65.11111111"
"PUENTE ARANDA","2010-11-18","","82.57638888"
"PUENTE ARANDA","2010-11-17","","58.70833334"
"PUENTE ARANDA","2010-11-16","","37.59848485"
"PUENTE ARANDA","2010-11-15","","32.99305555"
"PUENTE ARANDA","2010-11-14","","21.03333334"
"PUENTE ARANDA","2010-11-13","","70.1111111"
"PUENTE ARANDA","2010-11-12","","85.62318839"
"PUENTE ARANDA","2010-11-11","","71.95833333"
"PUENTE ARANDA","2010-11-10","","56.47916667"
"PUENTE ARANDA","2010-11-09","","50.75694444"
"PUENTE ARANDA","2010-11-08","","38.6111111"
"PUENTE ARANDA","2010-11-07","","27.66666666"
"PUENTE ARANDA","2010-11-06","","47.84027779"
"PUENTE ARANDA","2010-11-05","","82.42361112"
"PUENTE ARANDA","2010-11-04","","83.97222223"
"PUENTE ARANDA","2010-11-03","","53.07246376"
"PUENTE ARANDA","2010-11-02","","93.88888889"
"PUENTE ARANDA","2010-11-01","","51.81944445"
"PUENTE ARANDA","2010-10-31","","35.53472222"
"PUENTE ARANDA","2010-10-30","","54.06944445"
"PUENTE ARANDA","2010-10-29","","55.97727273"
"PUENTE ARANDA","2010-10-28","","45.94927536"
"PUENTE ARANDA","2010-10-27","","57.84722223"
"PUENTE ARANDA","2010-10-26","","60.15972222"
"PUENTE ARANDA","2010-10-25","","56.46527778"
"PUENTE ARANDA","2010-10-24","","42.61111111"
"PUENTE ARANDA","2010-10-23","","99.52777778"
"PUENTE ARANDA","2010-10-22","","92.30555556"
"PUENTE ARANDA","2010-10-21","","80.84027778"
"PUENTE ARANDA","2010-10-20","","50.25000001"
"PUENTE ARANDA","2010-10-19","","42.31944444"
"PUENTE ARANDA","2010-10-18","","41.20833333"
"PUENTE ARANDA","2010-10-17","","36.13194445"
"PUENTE ARANDA","2010-10-16","","53.56944443"
"PUENTE ARANDA","2010-10-15","","79.67361111"
"PUENTE ARANDA","2010-10-14","","48.125"
"PUENTE ARANDA","2010-10-13","","27.40972222"
"PUENTE ARANDA","2010-10-12","","42.99305556"
"PUENTE ARANDA","2010-10-11","","33.36805558"
"PUENTE ARANDA","2010-10-10","","36.45454545"
"PUENTE ARANDA","2010-10-09","","43.1736111"
"PUENTE ARANDA","2010-10-08","","50.4236111"
"PUENTE ARANDA","2010-10-07","","62.36111111"
"PUENTE ARANDA","2010-10-06","","79.31944445"
"PUENTE ARANDA","2010-10-05","","53.92361111"
"PUENTE ARANDA","2010-10-04","","46.97222223"
"PUENTE ARANDA","2010-10-03","","63.5"
"PUENTE ARANDA","2010-10-02","","73.19444445"
"PUENTE ARANDA","2010-10-01","","118.18055556"
"PUENTE ARANDA","2010-09-30","","90.9375"
"PUENTE ARANDA","2010-09-29","","102.9375"
"PUENTE ARANDA","2010-09-28","","61.86111112"
"PUENTE ARANDA","2010-09-27","","81.75757575"
"PUENTE ARANDA","2010-09-26","","58.57638889"
"PUENTE ARANDA","2010-09-25","","81.02083333"
"PUENTE ARANDA","2010-09-24","","73.59722223"
"PUENTE ARANDA","2010-09-23","","72.60416666"
"PUENTE ARANDA","2010-09-22","","68.47222222"
"PUENTE ARANDA","2010-09-21","","87.9375"
"PUENTE ARANDA","2010-09-20","","64.34722222"
"PUENTE ARANDA","2010-09-19","","49.61805555"
"PUENTE ARANDA","2010-09-18","","52.94444445"
"PUENTE ARANDA","2010-09-17","","75.72916668"
"PUENTE ARANDA","2010-09-16","","56.40277778"
"PUENTE ARANDA","2010-09-15","","55.69444445"
"PUENTE ARANDA","2010-09-14","","45.76388888"
"PUENTE ARANDA","2010-09-13","","68.02777778"
"PUENTE ARANDA","2010-09-12","","68.39583334"
"PUENTE ARANDA","2010-09-11","","93.67361111"
"PUENTE ARANDA","2010-09-10","","86.49305555"
"PUENTE ARANDA","2010-09-09","","72.59027778"
"PUENTE ARANDA","2010-09-08","","56.82575758"
"PUENTE ARANDA","2010-09-07","","52.79861112"
"PUENTE ARANDA","2010-09-06","","42.90972222"
"PUENTE ARANDA","2010-09-05","","41.40972223"
"PUENTE ARANDA","2010-09-04","","63.92361111"
"PUENTE ARANDA","2010-09-03","","55.43750001"
"PUENTE ARANDA","2010-09-02","","48.88888889"
"PUENTE ARANDA","2010-09-01","","75.3125"
"PUENTE ARANDA","2010-08-31","","62.34722222"
"PUENTE ARANDA","2010-08-30","","46.45138888"
"PUENTE ARANDA","2010-08-29","","34.43750001"
"PUENTE ARANDA","2010-08-28","","36.23611111"
"PUENTE ARANDA","2010-08-27","","96.79166667"
"PUENTE ARANDA","2010-08-26","","47.55555556"
"PUENTE ARANDA","2010-08-25","","96.60416666"
"PUENTE ARANDA","2010-08-24","","87.35416667"
"PUENTE ARANDA","2010-08-23","","97.47916667"
"PUENTE ARANDA","2010-08-22","","56.53472222"
"PUENTE ARANDA","2010-08-21","","56.84722223"
"PUENTE ARANDA","2010-08-20","","78.50694444"
"PUENTE ARANDA","2010-08-19","","60.67361111"
"PUENTE ARANDA","2010-08-18","","83.34722223"
"PUENTE ARANDA","2010-08-17","","93.20138889"
"PUENTE ARANDA","2010-08-16","","27.64583333"
"PUENTE ARANDA","2010-08-15","","35.25757576"
"PUENTE ARANDA","2010-08-14","","42.96527778"
"PUENTE ARANDA","2010-08-13","","39.74999999"
"PUENTE ARANDA","2010-08-12","","35.95833333"
"PUENTE ARANDA","2010-08-11","","50.96527777"
"PUENTE ARANDA","2010-08-10","","36.4236111"
"PUENTE ARANDA","2010-08-09","","30.90277778"
"PUENTE ARANDA","2010-08-08","","29.43939394"
"PUENTE ARANDA","2010-08-07","","65.95138889"
"PUENTE ARANDA","2010-08-06","","46.86805555"
"PUENTE ARANDA","2010-08-05","","35.56944444"
"PUENTE ARANDA","2010-08-04","","37.22916668"
"PUENTE ARANDA","2010-08-03","","82.36111112"
"PUENTE ARANDA","2010-08-02","","52.38888889"
"PUENTE ARANDA","2010-08-01","","44.81944444"
"PUENTE ARANDA","2010-07-31","","81.49305555"
"PUENTE ARANDA","2010-07-30","","117.13888889"
"PUENTE ARANDA","2010-07-29","","105.19444444"
"PUENTE ARANDA","2010-07-28","","54.5625"
"PUENTE ARANDA","2010-07-27","","29.80555555"
"PUENTE ARANDA","2010-07-26","","34.46527778"
"PUENTE ARANDA","2010-07-25","","27.29861111"
"PUENTE ARANDA","2010-07-24","","32.08333334"
"PUENTE ARANDA","2010-07-23","","44.69444444"
"PUENTE ARANDA","2010-07-22","","80.02777778"
"PUENTE ARANDA","2010-07-21","","81.06944444"
"PUENTE ARANDA","2010-07-20","","42.32638888"
"PUENTE ARANDA","2010-07-19","","38.72222223"
"PUENTE ARANDA","2010-07-18","","39.76388888"
"PUENTE ARANDA","2010-07-17","","36.59722222"
"PUENTE ARANDA","2010-07-16","","49.47222223"
"PUENTE ARANDA","2010-07-15","","58.64583333"
"PUENTE ARANDA","2010-07-14","","56.98484848"
"PUENTE ARANDA","2010-07-13","","106.26666667"
"PUENTE ARANDA","2010-07-12","","84.94999999"
"PUENTE ARANDA","2010-07-09","","33.62820513"
"PUENTE ARANDA","2010-07-08","","48.25"
"PUENTE ARANDA","2010-07-07","","57.77083333"
"PUENTE ARANDA","2010-07-06","","37.3888889"
"PUENTE ARANDA","2010-07-05","","39.61805555"
"PUENTE ARANDA","2010-07-04","","36.84027778"
"PUENTE ARANDA","2010-07-03","","59.15277778"
"PUENTE ARANDA","2010-07-02","","73.95138889"
"PUENTE ARANDA","2010-07-01","","78.18939394"
"PUENTE ARANDA","2010-06-30","","72.63194444"
"PUENTE ARANDA","2010-06-29","","35.61363636"
"PUENTE ARANDA","2010-06-28","","53.42361111"
"PUENTE ARANDA","2010-06-27","","16.45138889"
"PUENTE ARANDA","2010-06-26","","25.29166666"
"PUENTE ARANDA","2010-06-25","","55.45833334"
"PUENTE ARANDA","2010-06-24","","59.6875"
"PUENTE ARANDA","2010-06-23","","68.2986111"
"PUENTE ARANDA","2010-06-22","","79.3125"
"PUENTE ARANDA","2010-06-21","","50.53472223"
"PUENTE ARANDA","2010-06-20","","22.01388889"
"PUENTE ARANDA","2010-06-19","","45.13194444"
"PUENTE ARANDA","2010-06-18","","57.13725491"
"PUENTE ARANDA","2010-06-17","","53.51388889"
"PUENTE ARANDA","2010-06-16","","51.0"
"PUENTE ARANDA","2010-06-15","","61.88888888"
"PUENTE ARANDA","2010-06-14","","44.22222223"
"PUENTE ARANDA","2010-06-13","","31.01388889"
"PUENTE ARANDA","2010-06-12","","36.45833333"
"PUENTE ARANDA","2010-06-11","","57.875"
"PUENTE ARANDA","2010-06-10","","38.57638889"
"PUENTE ARANDA","2010-06-09","","41.45833334"
"PUENTE ARANDA","2010-06-08","","73.5"
"PUENTE ARANDA","2010-06-07","","17.38888889"
"PUENTE ARANDA","2010-06-06","","22.05555555"
"PUENTE ARANDA","2010-06-05","","28.55555555"
"PUENTE ARANDA","2010-06-04","","37.59722223"
"PUENTE ARANDA","2010-06-03","","42.55555556"
"PUENTE ARANDA","2010-06-02","","44.73611112"
"PUENTE ARANDA","2010-06-01","","49.72222223"
"PUENTE ARANDA","2010-05-31","","39.32638889"
"PUENTE ARANDA","2010-05-30","","40.32638888"
"PUENTE ARANDA","2010-05-29","","70.73611111"
"PUENTE ARANDA","2010-05-28","","84.69444444"
"PUENTE ARANDA","2010-05-27","","38.9375"
"PUENTE ARANDA","2010-05-26","","67.75694444"
"PUENTE ARANDA","2010-05-25","","73.5625"
"PUENTE ARANDA","2010-05-24","","74.54861111"
"PUENTE ARANDA","2010-05-23","","53.01388889"
"PUENTE ARANDA","2010-05-22","","79.64583333"
"PUENTE ARANDA","2010-05-21","","55.4375"
"PUENTE ARANDA","2010-05-20","","62.85416667"
"PUENTE ARANDA","2010-05-19","","43.11805556"
"PUENTE ARANDA","2010-05-18","","56.86805556"
"PUENTE ARANDA","2010-05-17","","30.35416668"
"PUENTE ARANDA","2010-05-16","","24.66666667"
"PUENTE ARANDA","2010-05-15","","35.70138888"
"PUENTE ARANDA","2010-05-14","","30.48611112"
"PUENTE ARANDA","2010-05-13","","35.51388889"
"PUENTE ARANDA","2010-05-12","","39.13888889"
"PUENTE ARANDA","2010-05-11","","42.74305555"
"PUENTE ARANDA","2010-05-10","","38.12500001"
"PUENTE ARANDA","2010-05-09","","28.11111111"
"PUENTE ARANDA","2010-05-08","","35.62499999"
"PUENTE ARANDA","2010-05-07","","55.54166667"
"PUENTE ARANDA","2010-05-06","","47.09027778"
"PUENTE ARANDA","2010-05-05","","52.73611111"
"PUENTE ARANDA","2010-05-04","","54.87878788"
"PUENTE ARANDA","2010-04-26","","56.83333332"
"PUENTE ARANDA","2010-04-25","","50.45138889"
"PUENTE ARANDA","2010-04-24","","35.36111111"
"PUENTE ARANDA","2010-04-23","","67.67361111"
"PUENTE ARANDA","2010-04-22","","45.0763889"
"PUENTE ARANDA","2010-04-21","","97.45833334"
"PUENTE ARANDA","2010-04-20","","95.15277777"
"PUENTE ARANDA","2010-04-19","","50.57638888"
"PUENTE ARANDA","2010-04-18","","74.20833334"
"PUENTE ARANDA","2010-04-17","","92.4375"
"PUENTE ARANDA","2010-04-16","","79.74305555"
"PUENTE ARANDA","2010-04-15","","59.02272727"
"PUENTE ARANDA","2010-04-14","","50.79861111"
"PUENTE ARANDA","2010-04-13","","63.57638889"
"PUENTE ARANDA","2010-04-12","","83.88888888"
"PUENTE ARANDA","2010-04-11","","44.9375"
"PUENTE ARANDA","2010-04-10","","59.43055555"
"PUENTE ARANDA","2010-04-09","","47.27777778"
"PUENTE ARANDA","2010-04-08","","69.96527778"
"PUENTE ARANDA","2010-04-07","","60.10416667"
"PUENTE ARANDA","2010-04-06","","47.56944444"
"PUENTE ARANDA","2010-04-05","","62.75694445"
"PUENTE ARANDA","2010-04-04","","57.36805555"
"PUENTE ARANDA","2010-04-03","","56.42361112"
"PUENTE ARANDA","2010-04-02","","63.84722223"
"PUENTE ARANDA","2010-04-01","","100.97222222"
"PUENTE ARANDA","2010-03-31","","62.81944444"
"PUENTE ARANDA","2010-03-30","","63.6875"
"PUENTE ARANDA","2010-03-29","","66.09722223"
"PUENTE ARANDA","2010-03-28","","47.88888889"
"PUENTE ARANDA","2010-03-27","","98.14583333"
"PUENTE ARANDA","2010-03-26","","91.35416667"
"PUENTE ARANDA","2010-03-25","","87.31944445"
"PUENTE ARANDA","2010-03-24","","56.54166666"
"PUENTE ARANDA","2010-03-23","","83.98611111"
"PUENTE ARANDA","2010-03-22","","52.64583334"
"PUENTE ARANDA","2010-03-21","","30.73611111"
"PUENTE ARANDA","2010-03-20","","36.44444444"
"PUENTE ARANDA","2010-03-19","","39.89583333"
"PUENTE ARANDA","2010-03-18","","77.64285715"
"PUENTE ARANDA","2010-03-17","","74.71428571"
"PUENTE ARANDA","2010-03-16","","84.88888889"
"PUENTE ARANDA","2010-03-15","","99.59027778"
"PUENTE ARANDA","2010-03-14","","65.15972223"
"PUENTE ARANDA","2010-03-13","","94.92361112"
"PUENTE ARANDA","2010-03-12","","69.18055555"
"PUENTE ARANDA","2010-03-11","","44.78030303"
"PUENTE ARANDA","2010-03-10","","54.25694443"
"PUENTE ARANDA","2010-03-09","","66.54166667"
"PUENTE ARANDA","2010-03-08","","60.47916665"
"PUENTE ARANDA","2010-03-07","","55.05555555"
"PUENTE ARANDA","2010-03-06","","55.47916667"
"PUENTE ARANDA","2010-03-05","","59.96527779"
"PUENTE ARANDA","2010-03-04","","98.27777778"
"PUENTE ARANDA","2010-03-03","","81.20833334"
"PUENTE ARANDA","2010-03-02","","80.2013889"
"PUENTE ARANDA","2010-03-01","","45.38888889"
"PUENTE ARANDA","2010-02-28","","58.5"
"PUENTE ARANDA","2010-02-27","","74.65972222"
"PUENTE ARANDA","2010-02-26","","80.08333334"
"PUENTE ARANDA","2010-02-25","","115.34722223"
"PUENTE ARANDA","2010-02-24","","82.61111112"
"PUENTE ARANDA","2010-02-23","","79.8125"
"PUENTE ARANDA","2010-02-22","","71.47916668"
"PUENTE ARANDA","2010-02-21","","30.56249999"
"PUENTE ARANDA","2010-02-20","","51.95138889"
"PUENTE ARANDA","2010-02-19","","59.49999999"
"PUENTE ARANDA","2010-02-18","","79.43055555"
"PUENTE ARANDA","2010-02-17","","85.13194445"
"PUENTE ARANDA","2010-02-16","","108.08333334"
"PUENTE ARANDA","2010-02-15","","116.41666666"
"PUENTE ARANDA","2010-02-14","","62.50000001"
"PUENTE ARANDA","2010-02-13","","87.40972223"
"PUENTE ARANDA","2010-02-12","","56.85416666"
"PUENTE ARANDA","2010-02-11","","70.625"
"PUENTE ARANDA","2010-02-10","","65.96527778"
"PUENTE ARANDA","2010-02-09","","57.68939393"
"PUENTE ARANDA","2010-02-08","","70.60416667"
"PUENTE ARANDA","2010-02-07","","46.45833333"
"PUENTE ARANDA","2010-02-06","","53.83333333"
"PUENTE ARANDA","2010-02-05","","75.10416667"
"PUENTE ARANDA","2010-02-04","","44.01388889"
"PUENTE ARANDA","2010-02-03","","51.8125"
"PUENTE ARANDA","2010-02-02","","35.99305555"
"PUENTE ARANDA","2010-02-01","","49.94444445"
"PUENTE ARANDA","2010-01-31","","30.76388889"
"PUENTE ARANDA","2010-01-30","","47.28472223"
"PUENTE ARANDA","2010-01-29","","50.11111111"
"PUENTE ARANDA","2010-01-28","","65.66666668"
"PUENTE ARANDA","2010-01-27","","92.31944445"
"PUENTE ARANDA","2010-01-26","","72.39583333"
"PUENTE ARANDA","2010-01-25","","63.69444445"
"PUENTE ARANDA","2010-01-24","","58.07638889"
"PUENTE ARANDA","2010-01-23","","95.42361111"
"PUENTE ARANDA","2010-01-22","","84.9513889"
"PUENTE ARANDA","2010-01-21","","50.29166666"
"PUENTE ARANDA","2010-01-20","","40.71527778"
"PUENTE ARANDA","2010-01-19","","49.83333333"
"PUENTE ARANDA","2010-01-18","","56.88888888"
"PUENTE ARANDA","2010-01-17","","33.06944445"
"PUENTE ARANDA","2010-01-16","","41.06944445"
"PUENTE ARANDA","2010-01-15","","54.84722222"
"PUENTE ARANDA","2010-01-14","","67.01388888"
"PUENTE ARANDA","2010-01-13","","93.83333334"
"PUENTE ARANDA","2010-01-12","","84.61111112"
"PUENTE ARANDA","2010-01-11","","56.59722223"
"PUENTE ARANDA","2010-01-10","","63.28472222"
"PUENTE ARANDA","2010-01-09","","72.83333333"
"PUENTE ARANDA","2010-01-08","","36.44444445"
"PUENTE ARANDA","2010-01-07","","52.25694445"
"PUENTE ARANDA","2010-01-06","","85.24305556"
"PUENTE ARANDA","2010-01-05","","87.40972223"
"PUENTE ARANDA","2010-01-04","","82.21527777"
"PUENTE ARANDA","2010-01-03","","48.47222223"
"PUENTE ARANDA","2010-01-02","","64.55555555"
"PUENTE ARANDA","2010-01-01","","59.85185184"
