"Estacion","Fecha inicial","Fecha final","PM10"
"SAN CRISTOBAL","2021-02-28","","20.47826087"
"SAN CRISTOBAL","2021-02-27","","26.25"
"SAN CRISTOBAL","2021-02-26","","25.66666667"
"SAN CRISTOBAL","2021-02-25","","13.0"
"SAN CRISTOBAL","2021-02-24","","27.58333333"
"SAN CRISTOBAL","2021-02-23","","21.58333333"
"SAN CRISTOBAL","2021-02-22","","19.20833333"
"SAN CRISTOBAL","2021-02-21","","28.45833333"
"SAN CRISTOBAL","2021-02-20","","35.5"
"SAN CRISTOBAL","2021-02-19","","35.75"
"SAN CRISTOBAL","2021-02-18","","37.95833333"
"SAN CRISTOBAL","2021-02-17","","34.70833333"
"SAN CRISTOBAL","2021-02-16","","35.375"
"SAN CRISTOBAL","2021-02-15","","29.47826087"
"SAN CRISTOBAL","2021-02-14","","26.95833333"
"SAN CRISTOBAL","2021-02-13","","22.625"
"SAN CRISTOBAL","2021-02-12","","43.66666667"
"SAN CRISTOBAL","2021-02-11","","36.25"
"SAN CRISTOBAL","2021-02-10","","24.5"
"SAN CRISTOBAL","2021-02-09","","35.18181818"
"SAN CRISTOBAL","2021-02-08","","22.18181818"
"SAN CRISTOBAL","2021-02-07","","18.0"
"SAN CRISTOBAL","2021-02-06","","21.77272727"
"SAN CRISTOBAL","2021-02-05","","12.04166667"
"SAN CRISTOBAL","2021-02-04","","20.30434783"
"SAN CRISTOBAL","2021-02-03","","15.95833333"
"SAN CRISTOBAL","2021-02-02","","19.41666667"
"SAN CRISTOBAL","2021-02-01","","17.10526316"
"SAN CRISTOBAL","2021-01-31","","11.30434783"
"SAN CRISTOBAL","2021-01-30","","18.875"
"SAN CRISTOBAL","2021-01-29","","38.20833333"
"SAN CRISTOBAL","2021-01-28","","44.33333333"
"SAN CRISTOBAL","2021-01-27","","17.41666667"
"SAN CRISTOBAL","2021-01-26","","24.0"
"SAN CRISTOBAL","2021-01-25","","12.14285714"
"SAN CRISTOBAL","2021-01-24","","11.58333333"
"SAN CRISTOBAL","2021-01-23","","10.16666667"
"SAN CRISTOBAL","2021-01-22","","19.625"
"SAN CRISTOBAL","2021-01-21","","27.66666667"
"SAN CRISTOBAL","2021-01-20","","25.41666667"
"SAN CRISTOBAL","2021-01-19","","27.5"
"SAN CRISTOBAL","2021-01-18","","20.04545455"
"SAN CRISTOBAL","2021-01-17","","17.58333333"
"SAN CRISTOBAL","2021-01-16","","34.45833333"
"SAN CRISTOBAL","2021-01-15","","46.17391304"
"SAN CRISTOBAL","2021-01-14","","30.20833333"
"SAN CRISTOBAL","2021-01-13","","16.70833333"
"SAN CRISTOBAL","2021-01-12","","9.30434783"
"SAN CRISTOBAL","2021-01-11","","4.71428571"
"SAN CRISTOBAL","2021-01-10","","7.40909091"
"SAN CRISTOBAL","2021-01-09","","8.95652174"
"SAN CRISTOBAL","2021-01-08","","14.31818182"
"SAN CRISTOBAL","2021-01-07","","13.375"
"SAN CRISTOBAL","2021-01-06","","18.76190476"
"SAN CRISTOBAL","2021-01-05","","25.08333333"
"SAN CRISTOBAL","2021-01-04","","20.25"
"SAN CRISTOBAL","2021-01-03","","14.77272727"
"SAN CRISTOBAL","2021-01-02","","13.25"
"SAN CRISTOBAL","2021-01-01","","19.66666667"
"SAN CRISTOBAL","2020-12-31","","35.39130435"
"SAN CRISTOBAL","2020-12-30","","32.33333333"
"SAN CRISTOBAL","2020-12-29","","33.40909091"
"SAN CRISTOBAL","2020-12-28","","26.5"
"SAN CRISTOBAL","2020-12-27","","19.45833333"
"SAN CRISTOBAL","2020-12-26","","18.79166667"
"SAN CRISTOBAL","2020-12-25","","21.33333333"
"SAN CRISTOBAL","2020-12-24","","18.45833333"
"SAN CRISTOBAL","2020-12-23","","24.70833333"
"SAN CRISTOBAL","2020-12-22","","19.33333333"
"SAN CRISTOBAL","2020-12-21","","23.77272727"
"SAN CRISTOBAL","2020-12-20","","11.83333333"
"SAN CRISTOBAL","2020-12-19","","18.2"
"SAN CRISTOBAL","2020-12-18","","21.91666667"
"SAN CRISTOBAL","2020-12-17","","15.70833333"
"SAN CRISTOBAL","2020-12-16","","14.29166667"
"SAN CRISTOBAL","2020-12-15","","26.13043478"
"SAN CRISTOBAL","2020-12-14","","17.7826087"
"SAN CRISTOBAL","2020-12-13","","13.91666667"
"SAN CRISTOBAL","2020-12-12","","26.79166667"
"SAN CRISTOBAL","2020-12-11","","32.79166667"
"SAN CRISTOBAL","2020-12-10","","54.66666667"
"SAN CRISTOBAL","2020-12-09","","22.29166667"
"SAN CRISTOBAL","2020-12-08","","26.33333333"
"SAN CRISTOBAL","2020-12-07","","32.91666667"
"SAN CRISTOBAL","2020-12-06","","12.82608696"
"SAN CRISTOBAL","2020-12-05","","15.08333333"
"SAN CRISTOBAL","2020-12-04","","18.16666667"
"SAN CRISTOBAL","2020-12-03","","30.08333333"
"SAN CRISTOBAL","2020-12-02","","15.0"
"SAN CRISTOBAL","2020-12-01","","26.04166667"
"SAN CRISTOBAL","2020-11-30","","20.0"
"SAN CRISTOBAL","2020-11-29","","12.83333333"
"SAN CRISTOBAL","2020-11-28","","25.83333333"
"SAN CRISTOBAL","2020-11-27","","34.91304348"
"SAN CRISTOBAL","2020-11-26","","35.125"
"SAN CRISTOBAL","2020-11-25","","28.66666667"
"SAN CRISTOBAL","2020-11-24","","37.16666667"
"SAN CRISTOBAL","2020-11-23","","35.8125"
"SAN CRISTOBAL","2020-11-22","","25.18181818"
"SAN CRISTOBAL","2020-11-21","","17.95833333"
"SAN CRISTOBAL","2020-11-20","","22.34782609"
"SAN CRISTOBAL","2020-11-19","","24.0"
"SAN CRISTOBAL","2020-11-18","","31.70833333"
"SAN CRISTOBAL","2020-11-17","","27.48"
"SAN CRISTOBAL","2020-11-16","","15.16666667"
"SAN CRISTOBAL","2020-11-15","","22.0"
"SAN CRISTOBAL","2020-11-14","","36.45833333"
"SAN CRISTOBAL","2020-11-13","","24.91666667"
"SAN CRISTOBAL","2020-11-12","","25.625"
"SAN CRISTOBAL","2020-11-11","","18.79166667"
"SAN CRISTOBAL","2020-11-10","","34.375"
"SAN CRISTOBAL","2020-11-09","","32.65217391"
"SAN CRISTOBAL","2020-11-08","","30.04347826"
"SAN CRISTOBAL","2020-11-07","","38.45833333"
"SAN CRISTOBAL","2020-11-06","","50.82608696"
"SAN CRISTOBAL","2020-11-05","","29.3"
"SAN CRISTOBAL","2020-11-04","","36.22727273"
"SAN CRISTOBAL","2020-11-03","","37.41666667"
"SAN CRISTOBAL","2020-11-02","","30.56521739"
"SAN CRISTOBAL","2020-11-01","","25.5"
"SAN CRISTOBAL","2020-10-31","","34.86363636"
"SAN CRISTOBAL","2020-10-30","","34.875"
"SAN CRISTOBAL","2020-10-29","","34.875"
"SAN CRISTOBAL","2020-10-28","","24.95833333"
"SAN CRISTOBAL","2020-10-27","","40.73913043"
"SAN CRISTOBAL","2020-10-26","","39.90909091"
"SAN CRISTOBAL","2020-10-25","","30.04166667"
"SAN CRISTOBAL","2020-10-24","","16.40909091"
"SAN CRISTOBAL","2020-10-23","","14.13043478"
"SAN CRISTOBAL","2020-10-22","","11.54166667"
"SAN CRISTOBAL","2020-10-21","","13.66666667"
"SAN CRISTOBAL","2020-10-20","","23.75"
"SAN CRISTOBAL","2020-10-19","","33.90909091"
"SAN CRISTOBAL","2020-10-15","","15.95238095"
"SAN CRISTOBAL","2020-10-14","","20.26086957"
"SAN CRISTOBAL","2020-10-13","","11.77777778"
"SAN CRISTOBAL","2020-10-12","","14.0"
"SAN CRISTOBAL","2020-10-11","","11.47619048"
"SAN CRISTOBAL","2020-10-10","","13.47058824"
"SAN CRISTOBAL","2020-10-09","","9.83333333"
"SAN CRISTOBAL","2020-10-08","","8.75"
"SAN CRISTOBAL","2020-10-07","","21.63684211"
"SAN CRISTOBAL","2020-10-06","","20.30434783"
"SAN CRISTOBAL","2020-10-05","","13.875"
"SAN CRISTOBAL","2020-10-04","","7.14583333"
"SAN CRISTOBAL","2020-10-03","","12.0625"
"SAN CRISTOBAL","2020-10-02","","14.33333333"
"SAN CRISTOBAL","2020-10-01","","14.82916667"
"SAN CRISTOBAL","2020-09-30","","10.52380952"
"SAN CRISTOBAL","2020-09-29","","9.92916667"
"SAN CRISTOBAL","2020-09-28","","9.38333333"
"SAN CRISTOBAL","2020-09-27","","13.425"
"SAN CRISTOBAL","2020-09-26","","23.83333333"
"SAN CRISTOBAL","2020-09-25","","10.6"
"SAN CRISTOBAL","2020-09-24","","7.9125"
"SAN CRISTOBAL","2020-09-23","","9.625"
"SAN CRISTOBAL","2020-09-22","","17.75"
"SAN CRISTOBAL","2020-09-21","","9.97916667"
"SAN CRISTOBAL","2020-09-20","","9.60434783"
"SAN CRISTOBAL","2020-09-19","","22.80454545"
"SAN CRISTOBAL","2020-09-18","","29.55652174"
"SAN CRISTOBAL","2020-09-17","","30.89545455"
"SAN CRISTOBAL","2020-09-16","","31.25"
"SAN CRISTOBAL","2020-09-15","","18.39130435"
"SAN CRISTOBAL","2020-09-14","","17.80833333"
"SAN CRISTOBAL","2020-09-13","","8.82608696"
"SAN CRISTOBAL","2020-09-12","","18.4"
"SAN CRISTOBAL","2020-09-11","","24.2375"
"SAN CRISTOBAL","2020-09-10","","18.65833333"
"SAN CRISTOBAL","2020-09-09","","15.0"
"SAN CRISTOBAL","2020-09-08","","18.9125"
"SAN CRISTOBAL","2020-09-07","","15.91666667"
"SAN CRISTOBAL","2020-09-06","","8.47368421"
"SAN CRISTOBAL","2020-09-05","","10.10833333"
"SAN CRISTOBAL","2020-09-04","","8.87916667"
"SAN CRISTOBAL","2020-09-03","","16.03333333"
"SAN CRISTOBAL","2020-09-02","","22.70869565"
"SAN CRISTOBAL","2020-09-01","","17.75833333"
"SAN CRISTOBAL","2020-08-31","","24.86521739"
"SAN CRISTOBAL","2020-08-30","","19.17916667"
"SAN CRISTOBAL","2020-08-29","","37.63181818"
"SAN CRISTOBAL","2020-08-28","","21.95833333"
"SAN CRISTOBAL","2020-08-27","","13.03043478"
"SAN CRISTOBAL","2020-08-26","","21.32083333"
"SAN CRISTOBAL","2020-08-25","","28.4"
"SAN CRISTOBAL","2020-08-24","","15.53846154"
"SAN CRISTOBAL","2020-08-21","","15.0"
"SAN CRISTOBAL","2020-08-20","","16.625"
"SAN CRISTOBAL","2020-08-19","","26.16666667"
"SAN CRISTOBAL","2020-08-18","","39.75"
"SAN CRISTOBAL","2020-08-17","","26.92727273"
"SAN CRISTOBAL","2020-08-16","","12.125"
"SAN CRISTOBAL","2020-08-15","","9.73913043"
"SAN CRISTOBAL","2020-08-14","","11.95833333"
"SAN CRISTOBAL","2020-08-13","","9.4125"
"SAN CRISTOBAL","2020-08-12","","17.63333333"
"SAN CRISTOBAL","2020-08-11","","14.64583333"
"SAN CRISTOBAL","2020-08-10","","12.70833333"
"SAN CRISTOBAL","2020-08-09","","7.04166667"
"SAN CRISTOBAL","2020-08-08","","6.94583333"
"SAN CRISTOBAL","2020-08-07","","7.57916667"
"SAN CRISTOBAL","2020-08-06","","11.65833333"
"SAN CRISTOBAL","2020-08-05","","8.875"
"SAN CRISTOBAL","2020-08-04","","10.29166667"
"SAN CRISTOBAL","2020-08-03","","16.83333333"
"SAN CRISTOBAL","2020-08-02","","10.41666667"
"SAN CRISTOBAL","2020-08-01","","12.70833333"
"SAN CRISTOBAL","2020-07-31","","13.73913043"
"SAN CRISTOBAL","2020-07-30","","11.20833333"
"SAN CRISTOBAL","2020-07-29","","12.58333333"
"SAN CRISTOBAL","2020-07-28","","14.95833333"
"SAN CRISTOBAL","2020-07-27","","12.85"
"SAN CRISTOBAL","2020-07-26","","8.83333333"
"SAN CRISTOBAL","2020-07-25","","10.16315789"
"SAN CRISTOBAL","2020-07-24","","14.14166667"
"SAN CRISTOBAL","2020-07-23","","21.80833333"
"SAN CRISTOBAL","2020-07-22","","18.66666667"
"SAN CRISTOBAL","2020-07-21","","12.02083333"
"SAN CRISTOBAL","2020-07-20","","5.955"
"SAN CRISTOBAL","2020-07-19","","7.625"
"SAN CRISTOBAL","2020-07-18","","9.25"
"SAN CRISTOBAL","2020-07-17","","7.55"
"SAN CRISTOBAL","2020-07-16","","11.625"
"SAN CRISTOBAL","2020-07-15","","10.27272727"
"SAN CRISTOBAL","2020-07-14","","7.50833333"
"SAN CRISTOBAL","2020-07-13","","8.0"
"SAN CRISTOBAL","2020-07-12","","14.75"
"SAN CRISTOBAL","2020-07-11","","14.20833333"
"SAN CRISTOBAL","2020-07-10","","15.0"
"SAN CRISTOBAL","2020-07-09","","10.08333333"
"SAN CRISTOBAL","2020-07-08","","16.44782609"
"SAN CRISTOBAL","2020-07-07","","13.54166667"
"SAN CRISTOBAL","2020-07-06","","17.13636364"
"SAN CRISTOBAL","2020-07-05","","26.0"
"SAN CRISTOBAL","2020-07-04","","8.70833333"
"SAN CRISTOBAL","2020-07-03","","13.125"
"SAN CRISTOBAL","2020-07-02","","13.0"
"SAN CRISTOBAL","2020-07-01","","20.20833333"
"SAN CRISTOBAL","2020-06-30","","29.30434783"
"SAN CRISTOBAL","2020-06-29","","6.87083333"
"SAN CRISTOBAL","2020-06-28","","10.30434783"
"SAN CRISTOBAL","2020-06-27","","20.91666667"
"SAN CRISTOBAL","2020-06-26","","9.29583333"
"SAN CRISTOBAL","2020-06-25","","61.90909091"
"SAN CRISTOBAL","2020-06-24","","108.375"
"SAN CRISTOBAL","2020-06-23","","25.70833333"
"SAN CRISTOBAL","2020-06-22","","6.625"
"SAN CRISTOBAL","2020-06-21","","6.76842105"
"SAN CRISTOBAL","2020-06-20","","4.55625"
"SAN CRISTOBAL","2020-06-19","","17.66666667"
"SAN CRISTOBAL","2020-06-18","","27.08695652"
"SAN CRISTOBAL","2020-06-17","","17.45833333"
"SAN CRISTOBAL","2020-06-16","","18.25"
"SAN CRISTOBAL","2020-06-15","","5.13913043"
"SAN CRISTOBAL","2020-06-14","","6.19130435"
"SAN CRISTOBAL","2020-06-13","","12.20833333"
"SAN CRISTOBAL","2020-06-12","","23.68181818"
"SAN CRISTOBAL","2020-06-11","","23.375"
"SAN CRISTOBAL","2020-06-10","","20.875"
"SAN CRISTOBAL","2020-06-09","","16.95833333"
"SAN CRISTOBAL","2020-06-08","","15.45833333"
"SAN CRISTOBAL","2020-06-07","","8.04166667"
"SAN CRISTOBAL","2020-06-06","","10.875"
"SAN CRISTOBAL","2020-06-05","","11.0"
"SAN CRISTOBAL","2020-06-04","","9.47619048"
"SAN CRISTOBAL","2020-06-03","","27.16666667"
"SAN CRISTOBAL","2020-06-02","","19.5"
"SAN CRISTOBAL","2020-06-01","","12.25"
"SAN CRISTOBAL","2020-05-31","","16.60869565"
"SAN CRISTOBAL","2020-05-30","","19.54166667"
"SAN CRISTOBAL","2020-05-29","","16.5"
"SAN CRISTOBAL","2020-05-28","","18.79166667"
"SAN CRISTOBAL","2020-05-27","","7.70833333"
"SAN CRISTOBAL","2020-05-26","","6.82608696"
"SAN CRISTOBAL","2020-05-25","","4.45833333"
"SAN CRISTOBAL","2020-05-24","","7.45833333"
"SAN CRISTOBAL","2020-05-23","","10.91666667"
"SAN CRISTOBAL","2020-05-22","","11.25"
"SAN CRISTOBAL","2020-05-21","","10.69565217"
"SAN CRISTOBAL","2020-05-20","","17.16666667"
"SAN CRISTOBAL","2020-05-19","","11.875"
"SAN CRISTOBAL","2020-05-18","","8.56521739"
"SAN CRISTOBAL","2020-05-17","","3.86956522"
"SAN CRISTOBAL","2020-05-16","","5.58333333"
"SAN CRISTOBAL","2020-05-15","","13.86363636"
"SAN CRISTOBAL","2020-05-14","","19.33333333"
"SAN CRISTOBAL","2020-05-13","","19.625"
"SAN CRISTOBAL","2020-05-12","","23.375"
"SAN CRISTOBAL","2020-05-11","","14.41666667"
"SAN CRISTOBAL","2020-05-10","","8.86956522"
"SAN CRISTOBAL","2020-05-09","","6.14285714"
"SAN CRISTOBAL","2020-05-08","","9.16818182"
"SAN CRISTOBAL","2020-05-07","","8.41666667"
"SAN CRISTOBAL","2020-05-06","","10.625"
"SAN CRISTOBAL","2020-05-05","","9.3"
"SAN CRISTOBAL","2020-05-04","","11.875"
"SAN CRISTOBAL","2020-05-03","","9.20833333"
"SAN CRISTOBAL","2020-05-02","","15.91666667"
"SAN CRISTOBAL","2020-05-01","","8.5"
"SAN CRISTOBAL","2020-04-30","","24.25263158"
"SAN CRISTOBAL","2020-04-29","","21.34347826"
"SAN CRISTOBAL","2020-04-28","","19.1625"
"SAN CRISTOBAL","2020-04-27","","22.35217391"
"SAN CRISTOBAL","2020-04-26","","17.29166667"
"SAN CRISTOBAL","2020-04-25","","21.9"
"SAN CRISTOBAL","2020-04-24","","17.16666667"
"SAN CRISTOBAL","2020-04-23","","9.7375"
"SAN CRISTOBAL","2020-04-22","","14.4625"
"SAN CRISTOBAL","2020-04-21","","16.66086957"
"SAN CRISTOBAL","2020-04-20","","18.37727273"
"SAN CRISTOBAL","2020-04-19","","21.33333333"
"SAN CRISTOBAL","2020-04-18","","36.66666667"
"SAN CRISTOBAL","2020-04-17","","35.33333333"
"SAN CRISTOBAL","2020-04-16","","39.77916667"
"SAN CRISTOBAL","2020-04-15","","31.13043478"
"SAN CRISTOBAL","2020-04-14","","25.73684211"
"SAN CRISTOBAL","2020-04-13","","24.64166667"
"SAN CRISTOBAL","2020-04-12","","15.82608696"
"SAN CRISTOBAL","2020-04-11","","8.77391304"
"SAN CRISTOBAL","2020-04-10","","10.32916667"
"SAN CRISTOBAL","2020-04-09","","11.95238095"
"SAN CRISTOBAL","2020-04-08","","12.9"
"SAN CRISTOBAL","2020-04-07","","9.525"
"SAN CRISTOBAL","2020-04-06","","8.425"
"SAN CRISTOBAL","2020-04-05","","8.50869565"
"SAN CRISTOBAL","2020-04-04","","6.39130435"
"SAN CRISTOBAL","2020-04-03","","16.6125"
"SAN CRISTOBAL","2020-04-02","","11.3125"
"SAN CRISTOBAL","2020-04-01","","21.785"
"SAN CRISTOBAL","2020-03-31","","25.07894737"
"SAN CRISTOBAL","2020-03-30","","47.15238095"
"SAN CRISTOBAL","2020-03-29","","49.72083333"
"SAN CRISTOBAL","2020-03-28","","44.5875"
"SAN CRISTOBAL","2020-03-27","","40.10833333"
"SAN CRISTOBAL","2020-03-26","","36.89545455"
"SAN CRISTOBAL","2020-03-25","","32.50909091"
"SAN CRISTOBAL","2020-03-24","","44.0875"
"SAN CRISTOBAL","2020-03-23","","42.7826087"
"SAN CRISTOBAL","2020-03-22","","31.04545455"
"SAN CRISTOBAL","2020-03-21","","33.49565217"
"SAN CRISTOBAL","2020-03-20","","49.74347826"
"SAN CRISTOBAL","2020-03-19","","80.73913043"
"SAN CRISTOBAL","2020-03-18","","78.625"
"SAN CRISTOBAL","2020-03-17","","62.75"
"SAN CRISTOBAL","2020-03-16","","44.99565217"
"SAN CRISTOBAL","2020-03-15","","26.16956522"
"SAN CRISTOBAL","2020-03-14","","27.77272727"
"SAN CRISTOBAL","2020-03-13","","52.23043478"
"SAN CRISTOBAL","2020-03-12","","40.20869565"
"SAN CRISTOBAL","2020-03-11","","55.625"
"SAN CRISTOBAL","2020-03-10","","46.66086957"
"SAN CRISTOBAL","2020-03-09","","43.50434783"
"SAN CRISTOBAL","2020-03-08","","42.16666667"
"SAN CRISTOBAL","2020-03-07","","66.83333333"
"SAN CRISTOBAL","2020-03-06","","75.0"
"SAN CRISTOBAL","2020-03-05","","43.34782609"
"SAN CRISTOBAL","2020-03-04","","45.485"
"SAN CRISTOBAL","2020-03-03","","44.0625"
"SAN CRISTOBAL","2020-03-02","","39.08333333"
"SAN CRISTOBAL","2020-03-01","","35.0826087"
"SAN CRISTOBAL","2020-02-29","","48.7"
"SAN CRISTOBAL","2020-02-28","","49.95833333"
"SAN CRISTOBAL","2020-02-27","","44.2125"
"SAN CRISTOBAL","2020-02-26","","43.23333333"
"SAN CRISTOBAL","2020-02-25","","51.92173913"
"SAN CRISTOBAL","2020-02-24","","25.53636364"
"SAN CRISTOBAL","2020-02-23","","25.3826087"
"SAN CRISTOBAL","2020-02-22","","52.50833333"
"SAN CRISTOBAL","2020-02-21","","43.6173913"
"SAN CRISTOBAL","2020-02-20","","35.7826087"
"SAN CRISTOBAL","2020-02-19","","24.85416667"
"SAN CRISTOBAL","2020-02-18","","25.87083333"
"SAN CRISTOBAL","2020-02-17","","25.5"
"SAN CRISTOBAL","2020-02-16","","21.41666667"
"SAN CRISTOBAL","2020-02-15","","26.73913043"
"SAN CRISTOBAL","2020-02-14","","28.03913043"
"SAN CRISTOBAL","2020-02-13","","39.59130435"
"SAN CRISTOBAL","2020-02-12","","39.29166667"
"SAN CRISTOBAL","2020-02-11","","28.85833333"
"SAN CRISTOBAL","2020-02-10","","24.7"
"SAN CRISTOBAL","2020-02-09","","38.12916667"
"SAN CRISTOBAL","2020-02-08","","58.91363636"
"SAN CRISTOBAL","2020-02-07","","61.44782609"
"SAN CRISTOBAL","2020-02-06","","31.48695652"
"SAN CRISTOBAL","2020-02-05","","40.15"
"SAN CRISTOBAL","2020-02-04","","32.20416667"
"SAN CRISTOBAL","2020-02-03","","35.66666667"
"SAN CRISTOBAL","2020-02-02","","37.31818182"
"SAN CRISTOBAL","2020-02-01","","32.54285714"
"SAN CRISTOBAL","2020-01-31","","30.08636364"
"SAN CRISTOBAL","2020-01-30","","33.45833333"
"SAN CRISTOBAL","2020-01-29","","46.29166667"
"SAN CRISTOBAL","2020-01-28","","43.66666667"
"SAN CRISTOBAL","2020-01-27","","35.43181818"
"SAN CRISTOBAL","2020-01-26","","26.08695652"
"SAN CRISTOBAL","2020-01-25","","49.19583333"
"SAN CRISTOBAL","2020-01-24","","43.5"
"SAN CRISTOBAL","2020-01-23","","47.20833333"
"SAN CRISTOBAL","2020-01-22","","38.00833333"
"SAN CRISTOBAL","2020-01-21","","46.04782609"
"SAN CRISTOBAL","2020-01-20","","29.06818182"
"SAN CRISTOBAL","2020-01-19","","14.47083333"
"SAN CRISTOBAL","2020-01-18","","11.675"
"SAN CRISTOBAL","2020-01-17","","7.39583333"
"SAN CRISTOBAL","2020-01-16","","16.53846154"
"SAN CRISTOBAL","2020-01-15","","18.15294118"
"SAN CRISTOBAL","2020-01-14","","22.72916667"
"SAN CRISTOBAL","2020-01-13","","19.625"
"SAN CRISTOBAL","2020-01-12","","15.5375"
"SAN CRISTOBAL","2020-01-11","","28.29166667"
"SAN CRISTOBAL","2020-01-10","","26.66666667"
"SAN CRISTOBAL","2020-01-09","","23.55555556"
"SAN CRISTOBAL","2020-01-08","","41.6"
"SAN CRISTOBAL","2020-01-07","","38.46153846"
"SAN CRISTOBAL","2020-01-06","","31.33333333"
"SAN CRISTOBAL","2020-01-05","","25.61111111"
"SAN CRISTOBAL","2020-01-04","","36.25263158"
"SAN CRISTOBAL","2020-01-03","","47.16666667"
"SAN CRISTOBAL","2020-01-02","","31.14583333"
"SAN CRISTOBAL","2020-01-01","","26.05652174"
"SAN CRISTOBAL","2019-12-31","","29.7826087"
"SAN CRISTOBAL","2019-12-30","","34.7"
"SAN CRISTOBAL","2019-12-29","","16.57142857"
"SAN CRISTOBAL","2019-12-28","","26.30434783"
"SAN CRISTOBAL","2019-12-27","","16.08333333"
"SAN CRISTOBAL","2019-12-26","","12.5"
"SAN CRISTOBAL","2019-12-25","","40.48181818"
"SAN CRISTOBAL","2019-12-24","","26.47083333"
"SAN CRISTOBAL","2019-12-23","","16.975"
"SAN CRISTOBAL","2019-12-22","","13.3"
"SAN CRISTOBAL","2019-12-21","","16.00833333"
"SAN CRISTOBAL","2019-12-20","","23.29166667"
"SAN CRISTOBAL","2019-12-19","","21.17391304"
"SAN CRISTOBAL","2019-12-18","","31.0"
"SAN CRISTOBAL","2019-12-17","","26.675"
"SAN CRISTOBAL","2019-12-16","","25.57142857"
"SAN CRISTOBAL","2019-12-14","","21.86666667"
"SAN CRISTOBAL","2019-12-13","","59.125"
"SAN CRISTOBAL","2019-12-12","","50.91666667"
"SAN CRISTOBAL","2019-12-11","","40.19047619"
"SAN CRISTOBAL","2019-12-10","","24.45454545"
"SAN CRISTOBAL","2019-12-09","","28.0"
"SAN CRISTOBAL","2019-12-08","","29.13043478"
"SAN CRISTOBAL","2019-12-07","","51.58333333"
"SAN CRISTOBAL","2019-12-06","","55.16666667"
"SAN CRISTOBAL","2019-12-05","","23.34583333"
"SAN CRISTOBAL","2019-12-04","","29.25"
"SAN CRISTOBAL","2019-12-03","","29.75"
"SAN CRISTOBAL","2019-12-02","","23.20833333"
"SAN CRISTOBAL","2019-12-01","","13.69130435"
"SAN CRISTOBAL","2019-11-30","","39.13043478"
"SAN CRISTOBAL","2019-11-29","","48.0"
"SAN CRISTOBAL","2019-11-28","","23.58333333"
"SAN CRISTOBAL","2019-11-27","","11.63333333"
"SAN CRISTOBAL","2019-11-26","","13.33333333"
"SAN CRISTOBAL","2019-11-25","","23.6"
"SAN CRISTOBAL","2019-11-24","","31.43478261"
"SAN CRISTOBAL","2019-11-23","","36.19166667"
"SAN CRISTOBAL","2019-11-22","","23.70833333"
"SAN CRISTOBAL","2019-11-21","","28.25"
"SAN CRISTOBAL","2019-11-20","","33.79166667"
"SAN CRISTOBAL","2019-11-19","","40.54166667"
"SAN CRISTOBAL","2019-11-18","","35.16666667"
"SAN CRISTOBAL","2019-11-17","","25.375"
"SAN CRISTOBAL","2019-11-16","","29.45833333"
"SAN CRISTOBAL","2019-11-15","","36.625"
"SAN CRISTOBAL","2019-11-14","","27.79166667"
"SAN CRISTOBAL","2019-11-13","","40.375"
"SAN CRISTOBAL","2019-11-12","","25.54166667"
"SAN CRISTOBAL","2019-11-11","","11.73913043"
"SAN CRISTOBAL","2019-11-10","","24.95652174"
"SAN CRISTOBAL","2019-11-09","","21.0"
"SAN CRISTOBAL","2019-11-08","","22.375"
"SAN CRISTOBAL","2019-11-07","","25.20833333"
"SAN CRISTOBAL","2019-11-06","","32.43478261"
"SAN CRISTOBAL","2019-11-05","","20.77272727"
"SAN CRISTOBAL","2019-11-04","","18.20833333"
"SAN CRISTOBAL","2019-11-03","","19.66666667"
"SAN CRISTOBAL","2019-11-02","","39.54166667"
"SAN CRISTOBAL","2019-11-01","","38.75"
"SAN CRISTOBAL","2019-10-31","","30.04166667"
"SAN CRISTOBAL","2019-10-30","","34.83333333"
"SAN CRISTOBAL","2019-10-29","","28.17391304"
"SAN CRISTOBAL","2019-10-28","","16.04166667"
"SAN CRISTOBAL","2019-10-27","","14.75"
"SAN CRISTOBAL","2019-10-26","","19.54166667"
"SAN CRISTOBAL","2019-10-25","","16.0"
"SAN CRISTOBAL","2019-10-24","","17.91666667"
"SAN CRISTOBAL","2019-10-23","","23.25"
"SAN CRISTOBAL","2019-10-22","","35.91666667"
"SAN CRISTOBAL","2019-10-21","","39.27272727"
"SAN CRISTOBAL","2019-10-20","","17.875"
"SAN CRISTOBAL","2019-10-19","","14.91666667"
"SAN CRISTOBAL","2019-10-18","","24.08333333"
"SAN CRISTOBAL","2019-10-17","","27.79166667"
"SAN CRISTOBAL","2019-10-16","","27.54166667"
"SAN CRISTOBAL","2019-10-15","","39.22727273"
"SAN CRISTOBAL","2019-10-14","","19.16666667"
"SAN CRISTOBAL","2019-10-13","","16.73913043"
"SAN CRISTOBAL","2019-10-12","","24.79166667"
"SAN CRISTOBAL","2019-10-11","","25.54166667"
"SAN CRISTOBAL","2019-10-10","","35.875"
"SAN CRISTOBAL","2019-10-09","","31.08333333"
"SAN CRISTOBAL","2019-10-08","","21.41666667"
"SAN CRISTOBAL","2019-10-07","","25.29166667"
"SAN CRISTOBAL","2019-10-06","","24.625"
"SAN CRISTOBAL","2019-10-05","","23.125"
"SAN CRISTOBAL","2019-10-04","","22.16666667"
"SAN CRISTOBAL","2019-10-03","","9.45833333"
"SAN CRISTOBAL","2019-10-02","","33.16666667"
"SAN CRISTOBAL","2019-10-01","","36.20833333"
"SAN CRISTOBAL","2019-09-30","","18.625"
"SAN CRISTOBAL","2019-09-29","","18.41666667"
"SAN CRISTOBAL","2019-09-28","","22.41666667"
"SAN CRISTOBAL","2019-09-27","","26.2173913"
"SAN CRISTOBAL","2019-09-26","","21.5"
"SAN CRISTOBAL","2019-09-25","","20.73913043"
"SAN CRISTOBAL","2019-09-24","","25.08333333"
"SAN CRISTOBAL","2019-09-23","","21.91666667"
"SAN CRISTOBAL","2019-09-22","","15.79166667"
"SAN CRISTOBAL","2019-09-21","","18.16666667"
"SAN CRISTOBAL","2019-09-20","","23.875"
"SAN CRISTOBAL","2019-09-19","","28.65217391"
"SAN CRISTOBAL","2019-09-18","","52.79166667"
"SAN CRISTOBAL","2019-09-17","","44.70833333"
"SAN CRISTOBAL","2019-09-16","","23.91304348"
"SAN CRISTOBAL","2019-09-15","","14.25"
"SAN CRISTOBAL","2019-09-14","","12.95833333"
"SAN CRISTOBAL","2019-09-13","","18.875"
"SAN CRISTOBAL","2019-09-12","","22.60869565"
"SAN CRISTOBAL","2019-09-11","","15.41666667"
"SAN CRISTOBAL","2019-09-10","","28.34782609"
"SAN CRISTOBAL","2019-09-09","","9.875"
"SAN CRISTOBAL","2019-09-08","","11.125"
"SAN CRISTOBAL","2019-09-07","","16.18181818"
"SAN CRISTOBAL","2019-09-06","","13.29166667"
"SAN CRISTOBAL","2019-09-05","","15.13043478"
"SAN CRISTOBAL","2019-09-04","","11.625"
"SAN CRISTOBAL","2019-09-03","","16.54166667"
"SAN CRISTOBAL","2019-09-02","","11.04166667"
"SAN CRISTOBAL","2019-09-01","","10.125"
"SAN CRISTOBAL","2019-08-31","","13.79166667"
"SAN CRISTOBAL","2019-08-30","","23.91666667"
"SAN CRISTOBAL","2019-08-29","","12.82608696"
"SAN CRISTOBAL","2019-08-28","","8.04166667"
"SAN CRISTOBAL","2019-08-27","","16.0"
"SAN CRISTOBAL","2019-08-26","","11.79166667"
"SAN CRISTOBAL","2019-08-25","","9.34782609"
"SAN CRISTOBAL","2019-08-24","","7.81818182"
"SAN CRISTOBAL","2019-08-23","","13.375"
"SAN CRISTOBAL","2019-08-22","","24.04166667"
"SAN CRISTOBAL","2019-08-21","","17.86956522"
"SAN CRISTOBAL","2019-08-20","","24.63636364"
"SAN CRISTOBAL","2019-08-19","","8.63636364"
"SAN CRISTOBAL","2019-08-18","","19.45833333"
"SAN CRISTOBAL","2019-08-17","","45.25"
"SAN CRISTOBAL","2019-08-16","","66.32608696"
"SAN CRISTOBAL","2019-08-15","","34.69230769"
"SAN CRISTOBAL","2019-08-14","","12.9375"
"SAN CRISTOBAL","2019-08-13","","6.94166667"
"SAN CRISTOBAL","2019-08-12","","11.77916667"
"SAN CRISTOBAL","2019-08-11","","6.22083333"
"SAN CRISTOBAL","2019-08-10","","13.82608696"
"SAN CRISTOBAL","2019-08-09","","11.625"
"SAN CRISTOBAL","2019-08-08","","15.04166667"
"SAN CRISTOBAL","2019-08-07","","13.4625"
"SAN CRISTOBAL","2019-08-06","","16.59545455"
"SAN CRISTOBAL","2019-08-05","","16.62173913"
"SAN CRISTOBAL","2019-08-04","","7.95416667"
"SAN CRISTOBAL","2019-08-03","","11.6826087"
"SAN CRISTOBAL","2019-08-02","","17.41666667"
"SAN CRISTOBAL","2019-08-01","","23.75"
"SAN CRISTOBAL","2019-07-31","","16.125"
"SAN CRISTOBAL","2019-07-30","","17.5"
"SAN CRISTOBAL","2019-07-29","","22.58333333"
"SAN CRISTOBAL","2019-07-28","","12.59166667"
"SAN CRISTOBAL","2019-07-27","","17.33333333"
"SAN CRISTOBAL","2019-07-26","","11.95833333"
"SAN CRISTOBAL","2019-07-25","","28.9625"
"SAN CRISTOBAL","2019-07-24","","21.3125"
"SAN CRISTOBAL","2019-07-23","","12.03333333"
"SAN CRISTOBAL","2019-07-22","","15.14782609"
"SAN CRISTOBAL","2019-07-21","","7.3"
"SAN CRISTOBAL","2019-07-20","","8.03809524"
"SAN CRISTOBAL","2019-07-19","","8.33913043"
"SAN CRISTOBAL","2019-07-18","","11.77083333"
"SAN CRISTOBAL","2019-07-17","","22.875"
"SAN CRISTOBAL","2019-07-16","","14.675"
"SAN CRISTOBAL","2019-07-15","","17.29166667"
"SAN CRISTOBAL","2019-07-14","","4.35416667"
"SAN CRISTOBAL","2019-07-13","","11.30416667"
"SAN CRISTOBAL","2019-07-12","","22.7"
"SAN CRISTOBAL","2019-07-11","","18.9125"
"SAN CRISTOBAL","2019-07-10","","11.5125"
"SAN CRISTOBAL","2019-07-09","","29.74583333"
"SAN CRISTOBAL","2019-07-08","","12.77272727"
"SAN CRISTOBAL","2019-07-07","","6.10454545"
"SAN CRISTOBAL","2019-07-06","","10.39583333"
"SAN CRISTOBAL","2019-07-05","","19.35833333"
"SAN CRISTOBAL","2019-07-04","","39.12916667"
"SAN CRISTOBAL","2019-07-03","","21.7"
"SAN CRISTOBAL","2019-07-02","","23.0"
"SAN CRISTOBAL","2019-07-01","","12.725"
"SAN CRISTOBAL","2019-06-30","","12.7826087"
"SAN CRISTOBAL","2019-06-29","","10.32272727"
"SAN CRISTOBAL","2019-06-28","","12.42307692"
"SAN CRISTOBAL","2019-06-27","","31.76923077"
"SAN CRISTOBAL","2019-06-26","","13.625"
"SAN CRISTOBAL","2019-06-25","","24.27272727"
"SAN CRISTOBAL","2019-06-24","","7.17083333"
"SAN CRISTOBAL","2019-06-23","","6.40416667"
"SAN CRISTOBAL","2019-06-22","","7.2375"
"SAN CRISTOBAL","2019-06-21","","4.71666667"
"SAN CRISTOBAL","2019-06-20","","4.83333333"
"SAN CRISTOBAL","2019-06-19","","6.95"
"SAN CRISTOBAL","2019-06-18","","10.93333333"
"SAN CRISTOBAL","2019-06-17","","4.76190476"
"SAN CRISTOBAL","2019-06-16","","6.66666667"
"SAN CRISTOBAL","2019-06-15","","16.375"
"SAN CRISTOBAL","2019-06-14","","16.69565217"
"SAN CRISTOBAL","2019-06-13","","15.125"
"SAN CRISTOBAL","2019-06-12","","13.91666667"
"SAN CRISTOBAL","2019-06-11","","13.34782609"
"SAN CRISTOBAL","2019-06-10","","12.40909091"
"SAN CRISTOBAL","2019-06-09","","8.625"
"SAN CRISTOBAL","2019-06-08","","18.25"
"SAN CRISTOBAL","2019-06-07","","20.29166667"
"SAN CRISTOBAL","2019-06-06","","16.90416667"
"SAN CRISTOBAL","2019-06-05","","16.00434783"
"SAN CRISTOBAL","2019-06-04","","15.22727273"
"SAN CRISTOBAL","2019-06-03","","8.92916667"
"SAN CRISTOBAL","2019-06-02","","13.54166667"
"SAN CRISTOBAL","2019-06-01","","27.17391304"
"SAN CRISTOBAL","2019-05-31","","40.71304348"
"SAN CRISTOBAL","2019-05-30","","35.44583333"
"SAN CRISTOBAL","2019-05-29","","22.54166667"
"SAN CRISTOBAL","2019-05-28","","16.375"
"SAN CRISTOBAL","2019-05-27","","35.25454545"
"SAN CRISTOBAL","2019-05-26","","14.45833333"
"SAN CRISTOBAL","2019-05-25","","27.51666667"
"SAN CRISTOBAL","2019-05-24","","21.23478261"
"SAN CRISTOBAL","2019-05-23","","25.75454545"
"SAN CRISTOBAL","2019-05-22","","24.91304348"
"SAN CRISTOBAL","2019-05-21","","17.39130435"
"SAN CRISTOBAL","2019-05-20","","19.79565217"
"SAN CRISTOBAL","2019-05-19","","18.5125"
"SAN CRISTOBAL","2019-05-18","","33.5"
"SAN CRISTOBAL","2019-05-17","","28.5"
"SAN CRISTOBAL","2019-05-16","","13.64166667"
"SAN CRISTOBAL","2019-05-15","","11.77083333"
"SAN CRISTOBAL","2019-05-14","","9.64583333"
"SAN CRISTOBAL","2019-05-13","","8.9375"
"SAN CRISTOBAL","2019-05-12","","11.05217391"
"SAN CRISTOBAL","2019-05-11","","36.7125"
"SAN CRISTOBAL","2019-05-10","","34.93913043"
"SAN CRISTOBAL","2019-05-09","","19.90952381"
"SAN CRISTOBAL","2019-05-08","","11.8"
"SAN CRISTOBAL","2019-05-07","","14.45454545"
"SAN CRISTOBAL","2019-05-06","","10.50434783"
"SAN CRISTOBAL","2019-05-05","","9.92916667"
"SAN CRISTOBAL","2019-05-04","","17.10416667"
"SAN CRISTOBAL","2019-05-03","","25.17826087"
"SAN CRISTOBAL","2019-05-02","","24.39130435"
"SAN CRISTOBAL","2019-05-01","","20.91666667"
"SAN CRISTOBAL","2019-04-30","","19.125"
"SAN CRISTOBAL","2019-04-29","","11.33333333"
"SAN CRISTOBAL","2019-04-28","","6.6625"
"SAN CRISTOBAL","2019-04-27","","13.79166667"
"SAN CRISTOBAL","2019-04-26","","12.83333333"
"SAN CRISTOBAL","2019-04-25","","19.54166667"
"SAN CRISTOBAL","2019-04-24","","25.375"
"SAN CRISTOBAL","2019-04-23","","37.79166667"
"SAN CRISTOBAL","2019-04-22","","22.62608696"
"SAN CRISTOBAL","2019-04-21","","18.41363636"
"SAN CRISTOBAL","2019-04-20","","13.66956522"
"SAN CRISTOBAL","2019-04-19","","13.32380952"
"SAN CRISTOBAL","2019-04-18","","24.59545455"
"SAN CRISTOBAL","2019-04-17","","40.95454545"
"SAN CRISTOBAL","2019-04-16","","27.075"
"SAN CRISTOBAL","2019-04-15","","23.07083333"
"SAN CRISTOBAL","2019-04-14","","25.59090909"
"SAN CRISTOBAL","2019-04-13","","33.7826087"
"SAN CRISTOBAL","2019-04-12","","28.45833333"
"SAN CRISTOBAL","2019-04-11","","38.69130435"
"SAN CRISTOBAL","2019-04-10","","41.82083333"
"SAN CRISTOBAL","2019-04-09","","36.9173913"
"SAN CRISTOBAL","2019-04-08","","41.125"
"SAN CRISTOBAL","2019-04-07","","38.375"
"SAN CRISTOBAL","2019-04-06","","41.95454545"
"SAN CRISTOBAL","2019-04-05","","46.68181818"
"SAN CRISTOBAL","2019-04-04","","37.90909091"
"SAN CRISTOBAL","2019-04-03","","42.13043478"
"SAN CRISTOBAL","2019-04-02","","25.72"
"SAN CRISTOBAL","2019-04-01","","44.89411765"
"SAN CRISTOBAL","2019-03-31","","16.61304348"
"SAN CRISTOBAL","2019-03-30","","26.72173913"
"SAN CRISTOBAL","2019-03-29","","48.65454545"
"SAN CRISTOBAL","2019-03-28","","67.125"
"SAN CRISTOBAL","2019-03-27","","56.58333333"
"SAN CRISTOBAL","2019-03-26","","55.375"
"SAN CRISTOBAL","2019-03-25","","40.52173913"
"SAN CRISTOBAL","2019-03-24","","41.29166667"
"SAN CRISTOBAL","2019-03-23","","44.60869565"
"SAN CRISTOBAL","2019-03-22","","36.54545455"
"SAN CRISTOBAL","2019-03-21","","44.30434783"
"SAN CRISTOBAL","2019-03-20","","33.81304348"
"SAN CRISTOBAL","2019-03-19","","35.70833333"
"SAN CRISTOBAL","2019-03-18","","32.41666667"
"SAN CRISTOBAL","2019-03-17","","24.77083333"
"SAN CRISTOBAL","2019-03-16","","26.87083333"
"SAN CRISTOBAL","2019-03-15","","28.29166667"
"SAN CRISTOBAL","2019-03-14","","37.16666667"
"SAN CRISTOBAL","2019-03-13","","34.75"
"SAN CRISTOBAL","2019-03-12","","35.7"
"SAN CRISTOBAL","2019-03-11","","17.625"
"SAN CRISTOBAL","2019-03-10","","17.25"
"SAN CRISTOBAL","2019-03-09","","21.925"
"SAN CRISTOBAL","2019-03-08","","45.95833333"
"SAN CRISTOBAL","2019-03-07","","59.95833333"
"SAN CRISTOBAL","2019-03-06","","50.58333333"
"SAN CRISTOBAL","2019-03-05","","46.875"
"SAN CRISTOBAL","2019-03-04","","35.54166667"
"SAN CRISTOBAL","2019-03-03","","34.15"
"SAN CRISTOBAL","2019-03-02","","46.27272727"
"SAN CRISTOBAL","2019-03-01","","50.75"
"SAN CRISTOBAL","2019-02-28","","37.375"
"SAN CRISTOBAL","2019-02-27","","36.12173913"
"SAN CRISTOBAL","2019-02-26","","52.875"
"SAN CRISTOBAL","2019-02-25","","38.91666667"
"SAN CRISTOBAL","2019-02-24","","27.01304348"
"SAN CRISTOBAL","2019-02-23","","44.45833333"
"SAN CRISTOBAL","2019-02-22","","44.33333333"
"SAN CRISTOBAL","2019-02-21","","28.91304348"
"SAN CRISTOBAL","2019-02-20","","29.70833333"
"SAN CRISTOBAL","2019-02-19","","29.575"
"SAN CRISTOBAL","2019-02-18","","45.83333333"
"SAN CRISTOBAL","2019-02-17","","32.15"
"SAN CRISTOBAL","2019-02-16","","43.17826087"
"SAN CRISTOBAL","2019-02-15","","37.3875"
"SAN CRISTOBAL","2019-02-14","","62.75"
"SAN CRISTOBAL","2019-02-13","","32.54583333"
"SAN CRISTOBAL","2019-02-12","","29.7"
"SAN CRISTOBAL","2019-02-11","","32.37826087"
"SAN CRISTOBAL","2019-02-10","","35.33333333"
"SAN CRISTOBAL","2019-02-09","","24.95833333"
"SAN CRISTOBAL","2019-02-08","","31.58333333"
"SAN CRISTOBAL","2019-02-07","","41.66666667"
"SAN CRISTOBAL","2019-02-06","","27.2875"
"SAN CRISTOBAL","2019-02-05","","33.52916667"
"SAN CRISTOBAL","2019-02-04","","42.97142857"
"SAN CRISTOBAL","2019-02-03","","23.54166667"
"SAN CRISTOBAL","2019-02-02","","46.49565217"
"SAN CRISTOBAL","2019-02-01","","37.32916667"
"SAN CRISTOBAL","2019-01-31","","44.73636364"
"SAN CRISTOBAL","2019-01-30","","52.03913043"
"SAN CRISTOBAL","2019-01-29","","32.99583333"
"SAN CRISTOBAL","2019-01-28","","41.99090909"
"SAN CRISTOBAL","2019-01-27","","44.27916667"
"SAN CRISTOBAL","2019-01-26","","28.5125"
"SAN CRISTOBAL","2019-01-25","","18.79166667"
"SAN CRISTOBAL","2019-01-24","","26.64347826"
"SAN CRISTOBAL","2019-01-23","","16.58333333"
"SAN CRISTOBAL","2019-01-22","","16.9173913"
"SAN CRISTOBAL","2019-01-21","","20.7"
"SAN CRISTOBAL","2019-01-20","","12.51666667"
"SAN CRISTOBAL","2019-01-19","","14.87083333"
"SAN CRISTOBAL","2019-01-18","","17.09090909"
"SAN CRISTOBAL","2019-01-17","","19.40833333"
"SAN CRISTOBAL","2019-01-16","","20.97083333"
"SAN CRISTOBAL","2019-01-15","","28.74347826"
"SAN CRISTOBAL","2019-01-14","","22.89090909"
"SAN CRISTOBAL","2019-01-13","","37.79166667"
"SAN CRISTOBAL","2019-01-12","","37.07083333"
"SAN CRISTOBAL","2019-01-11","","37.08333333"
"SAN CRISTOBAL","2019-01-10","","23.72916667"
"SAN CRISTOBAL","2019-01-09","","38.33333333"
"SAN CRISTOBAL","2019-01-08","","31.125"
"SAN CRISTOBAL","2019-01-07","","28.825"
"SAN CRISTOBAL","2019-01-06","","24.96521739"
"SAN CRISTOBAL","2019-01-05","","26.11666667"
"SAN CRISTOBAL","2019-01-04","","16.64210526"
"SAN CRISTOBAL","2019-01-03","","9.3173913"
"SAN CRISTOBAL","2019-01-02","","11.56666667"
"SAN CRISTOBAL","2019-01-01","","20.95714286"
"SAN CRISTOBAL","2018-12-31","","14.02083333"
"SAN CRISTOBAL","2018-12-30","","13.08695652"
"SAN CRISTOBAL","2018-12-29","","13.25"
"SAN CRISTOBAL","2018-12-28","","17.0"
"SAN CRISTOBAL","2018-12-27","","10.38095238"
"SAN CRISTOBAL","2018-12-26","","16.8875"
"SAN CRISTOBAL","2018-12-25","","20.25"
"SAN CRISTOBAL","2018-12-24","","16.875"
"SAN CRISTOBAL","2018-12-23","","18.89130435"
"SAN CRISTOBAL","2018-12-22","","19.42083333"
"SAN CRISTOBAL","2018-12-21","","16.64583333"
"SAN CRISTOBAL","2018-12-20","","27.4875"
"SAN CRISTOBAL","2018-12-19","","20.7125"
"SAN CRISTOBAL","2018-12-18","","25.17391304"
"SAN CRISTOBAL","2018-12-17","","26.40833333"
"SAN CRISTOBAL","2018-12-16","","16.625"
"SAN CRISTOBAL","2018-12-15","","18.725"
"SAN CRISTOBAL","2018-12-14","","15.55416667"
"SAN CRISTOBAL","2018-12-13","","12.0875"
"SAN CRISTOBAL","2018-12-12","","13.03333333"
"SAN CRISTOBAL","2018-12-11","","13.10416667"
"SAN CRISTOBAL","2018-12-10","","19.35217391"
"SAN CRISTOBAL","2018-12-09","","19.92608696"
"SAN CRISTOBAL","2018-12-08","","25.44166667"
"SAN CRISTOBAL","2018-12-07","","23.13333333"
"SAN CRISTOBAL","2018-12-06","","40.125"
"SAN CRISTOBAL","2018-12-05","","41.33333333"
"SAN CRISTOBAL","2018-12-04","","41.0125"
"SAN CRISTOBAL","2018-12-03","","45.41666667"
"SAN CRISTOBAL","2018-12-02","","29.23333333"
"SAN CRISTOBAL","2018-12-01","","35.05416667"
"SAN CRISTOBAL","2018-11-30","","30.8"
"SAN CRISTOBAL","2018-11-29","","32.91666667"
"SAN CRISTOBAL","2018-11-28","","23.39130435"
"SAN CRISTOBAL","2018-11-27","","45.58333333"
"SAN CRISTOBAL","2018-11-26","","28.83333333"
"SAN CRISTOBAL","2018-11-25","","17.75"
"SAN CRISTOBAL","2018-11-24","","31.04166667"
"SAN CRISTOBAL","2018-11-23","","38.90434783"
"SAN CRISTOBAL","2018-11-22","","45.7826087"
"SAN CRISTOBAL","2018-11-21","","25.44090909"
"SAN CRISTOBAL","2018-11-20","","15.32608696"
"SAN CRISTOBAL","2018-11-19","","22.0"
"SAN CRISTOBAL","2018-11-18","","20.075"
"SAN CRISTOBAL","2018-11-17","","25.34782609"
"SAN CRISTOBAL","2018-11-16","","35.44210526"
"SAN CRISTOBAL","2018-11-15","","53.55416667"
"SAN CRISTOBAL","2018-11-14","","38.91666667"
"SAN CRISTOBAL","2018-11-13","","30.7047619"
"SAN CRISTOBAL","2018-11-12","","9.2875"
"SAN CRISTOBAL","2018-11-11","","11.7375"
"SAN CRISTOBAL","2018-11-10","","22.6875"
"SAN CRISTOBAL","2018-11-09","","40.20952381"
"SAN CRISTOBAL","2018-11-08","","27.37916667"
"SAN CRISTOBAL","2018-11-07","","23.0173913"
"SAN CRISTOBAL","2018-11-06","","26.84583333"
"SAN CRISTOBAL","2018-11-05","","22.21904762"
"SAN CRISTOBAL","2018-11-04","","29.93636364"
"SAN CRISTOBAL","2018-11-03","","22.87916667"
"SAN CRISTOBAL","2018-11-02","","15.79166667"
"SAN CRISTOBAL","2018-11-01","","12.84782609"
"SAN CRISTOBAL","2018-10-31","","20.58095238"
"SAN CRISTOBAL","2018-10-30","","20.87391304"
"SAN CRISTOBAL","2018-10-29","","16.45263158"
"SAN CRISTOBAL","2018-10-28","","23.14210526"
"SAN CRISTOBAL","2018-10-27","","11.4047619"
"SAN CRISTOBAL","2018-10-26","","16.83913043"
"SAN CRISTOBAL","2018-10-25","","35.75333333"
"SAN CRISTOBAL","2018-10-24","","15.6"
"SAN CRISTOBAL","2018-10-23","","21.40454545"
"SAN CRISTOBAL","2018-10-22","","23.075"
"SAN CRISTOBAL","2018-10-21","","16.47826087"
"SAN CRISTOBAL","2018-10-20","","27.9875"
"SAN CRISTOBAL","2018-10-19","","47.72083333"
"SAN CRISTOBAL","2018-10-18","","52.06666667"
"SAN CRISTOBAL","2018-10-17","","22.94782609"
"SAN CRISTOBAL","2018-10-16","","17.47083333"
"SAN CRISTOBAL","2018-10-15","","13.00833333"
"SAN CRISTOBAL","2018-10-14","","29.30416667"
"SAN CRISTOBAL","2018-10-13","","41.57083333"
"SAN CRISTOBAL","2018-10-12","","45.65833333"
"SAN CRISTOBAL","2018-10-11","","33.86666667"
"SAN CRISTOBAL","2018-10-10","","34.77916667"
"SAN CRISTOBAL","2018-10-09","","32.09166667"
"SAN CRISTOBAL","2018-10-08","","19.09166667"
"SAN CRISTOBAL","2018-10-07","","21.37083333"
"SAN CRISTOBAL","2018-10-06","","19.72916667"
"SAN CRISTOBAL","2018-10-05","","38.30833333"
"SAN CRISTOBAL","2018-10-04","","26.83333333"
"SAN CRISTOBAL","2018-10-03","","28.33333333"
"SAN CRISTOBAL","2018-10-02","","24.37272727"
"SAN CRISTOBAL","2018-10-01","","25.95833333"
"SAN CRISTOBAL","2018-09-30","","22.27272727"
"SAN CRISTOBAL","2018-09-29","","23.1"
"SAN CRISTOBAL","2018-09-28","","19.16818182"
"SAN CRISTOBAL","2018-09-27","","15.59583333"
"SAN CRISTOBAL","2018-09-26","","15.01666667"
"SAN CRISTOBAL","2018-09-25","","16.57083333"
"SAN CRISTOBAL","2018-09-24","","9.3375"
"SAN CRISTOBAL","2018-09-23","","11.10416667"
"SAN CRISTOBAL","2018-09-22","","15.9625"
"SAN CRISTOBAL","2018-09-21","","17.3875"
"SAN CRISTOBAL","2018-09-20","","13.12083333"
"SAN CRISTOBAL","2018-09-19","","19.43333333"
"SAN CRISTOBAL","2018-09-18","","14.15833333"
"SAN CRISTOBAL","2018-09-17","","17.9125"
"SAN CRISTOBAL","2018-09-16","","13.36666667"
"SAN CRISTOBAL","2018-09-15","","32.92352941"
"SAN CRISTOBAL","2018-09-14","","34.77727273"
"SAN CRISTOBAL","2018-09-13","","45.68095238"
"SAN CRISTOBAL","2018-09-12","","41.225"
"SAN CRISTOBAL","2018-09-11","","29.0826087"
"SAN CRISTOBAL","2018-09-10","","21.55"
"SAN CRISTOBAL","2018-09-09","","16.50869565"
"SAN CRISTOBAL","2018-09-08","","21.64782609"
"SAN CRISTOBAL","2018-09-07","","24.10833333"
"SAN CRISTOBAL","2018-09-06","","42.52"
"SAN CRISTOBAL","2018-09-05","","17.225"
"SAN CRISTOBAL","2018-09-04","","15.77083333"
"SAN CRISTOBAL","2018-09-03","","15.47083333"
"SAN CRISTOBAL","2018-09-02","","17.28333333"
"SAN CRISTOBAL","2018-09-01","","23.19130435"
"SAN CRISTOBAL","2018-08-31","","26.30416667"
"SAN CRISTOBAL","2018-08-30","","23.76086957"
"SAN CRISTOBAL","2018-08-29","","15.925"
"SAN CRISTOBAL","2018-08-28","","19.3625"
"SAN CRISTOBAL","2018-08-27","","17.3125"
"SAN CRISTOBAL","2018-08-26","","11.24583333"
"SAN CRISTOBAL","2018-08-25","","12.35909091"
"SAN CRISTOBAL","2018-08-24","","18.06190476"
"SAN CRISTOBAL","2018-08-23","","21.99130435"
"SAN CRISTOBAL","2018-08-22","","13.85217391"
"SAN CRISTOBAL","2018-08-21","","14.05"
"SAN CRISTOBAL","2018-08-20","","12.8"
"SAN CRISTOBAL","2018-08-19","","11.60416667"
"SAN CRISTOBAL","2018-08-18","","17.89583333"
"SAN CRISTOBAL","2018-08-17","","16.39583333"
"SAN CRISTOBAL","2018-08-16","","21.73333333"
"SAN CRISTOBAL","2018-08-15","","21.47916667"
"SAN CRISTOBAL","2018-08-14","","23.5875"
"SAN CRISTOBAL","2018-08-13","","20.49583333"
"SAN CRISTOBAL","2018-08-12","","13.19583333"
"SAN CRISTOBAL","2018-08-11","","13.6125"
"SAN CRISTOBAL","2018-08-10","","12.47083333"
"SAN CRISTOBAL","2018-08-09","","12.9125"
"SAN CRISTOBAL","2018-08-08","","16.1"
"SAN CRISTOBAL","2018-08-07","","13.61818182"
"SAN CRISTOBAL","2018-08-06","","15.92608696"
"SAN CRISTOBAL","2018-08-05","","15.04166667"
"SAN CRISTOBAL","2018-08-04","","24.13636364"
"SAN CRISTOBAL","2018-08-03","","23.44166667"
"SAN CRISTOBAL","2018-08-02","","14.8375"
"SAN CRISTOBAL","2018-08-01","","17.02916667"
"SAN CRISTOBAL","2018-07-31","","25.45"
"SAN CRISTOBAL","2018-07-30","","23.27894737"
"SAN CRISTOBAL","2018-07-29","","18.96666667"
"SAN CRISTOBAL","2018-07-28","","20.8375"
"SAN CRISTOBAL","2018-07-27","","18.01818182"
"SAN CRISTOBAL","2018-07-26","","14.32916667"
"SAN CRISTOBAL","2018-07-25","","20.83333333"
"SAN CRISTOBAL","2018-07-24","","17.17083333"
"SAN CRISTOBAL","2018-07-23","","24.17083333"
"SAN CRISTOBAL","2018-07-22","","36.875"
"SAN CRISTOBAL","2018-07-21","","30.80869565"
"SAN CRISTOBAL","2018-07-20","","20.38333333"
"SAN CRISTOBAL","2018-07-19","","16.7625"
"SAN CRISTOBAL","2018-07-18","","21.73333333"
"SAN CRISTOBAL","2018-07-17","","21.74347826"
"SAN CRISTOBAL","2018-07-16","","18.85"
"SAN CRISTOBAL","2018-07-15","","13.33333333"
"SAN CRISTOBAL","2018-07-14","","16.775"
"SAN CRISTOBAL","2018-07-13","","14.5"
"SAN CRISTOBAL","2018-07-12","","16.3125"
"SAN CRISTOBAL","2018-07-11","","15.4375"
"SAN CRISTOBAL","2018-07-10","","15.4"
"SAN CRISTOBAL","2018-07-06","","15.84347826"
"SAN CRISTOBAL","2018-07-05","","12.42083333"
"SAN CRISTOBAL","2018-07-04","","18.9625"
"SAN CRISTOBAL","2018-07-03","","24.62916667"
"SAN CRISTOBAL","2018-07-02","","18.87391304"
"SAN CRISTOBAL","2018-07-01","","23.20416667"
"SAN CRISTOBAL","2018-06-30","","31.07916667"
"SAN CRISTOBAL","2018-06-29","","19.83333333"
"SAN CRISTOBAL","2018-06-28","","19.24583333"
"SAN CRISTOBAL","2018-06-27","","28.13333333"
"SAN CRISTOBAL","2018-06-26","","22.75833333"
"SAN CRISTOBAL","2018-06-25","","12.7"
"SAN CRISTOBAL","2018-06-24","","12.01666667"
"SAN CRISTOBAL","2018-06-23","","17.07916667"
"SAN CRISTOBAL","2018-06-22","","20.32083333"
"SAN CRISTOBAL","2018-06-21","","19.45416667"
"SAN CRISTOBAL","2018-06-20","","13.22083333"
"SAN CRISTOBAL","2018-06-19","","10.13636364"
"SAN CRISTOBAL","2018-06-18","","10.60833333"
"SAN CRISTOBAL","2018-06-17","","12.24166667"
"SAN CRISTOBAL","2018-06-16","","15.71666667"
"SAN CRISTOBAL","2018-06-15","","16.24583333"
"SAN CRISTOBAL","2018-06-14","","16.57916667"
"SAN CRISTOBAL","2018-06-13","","19.55"
"SAN CRISTOBAL","2018-06-12","","19.71666667"
"SAN CRISTOBAL","2018-06-11","","12.94583333"
"SAN CRISTOBAL","2018-06-10","","15.2625"
"SAN CRISTOBAL","2018-06-09","","13.50416667"
"SAN CRISTOBAL","2018-06-08","","17.05"
"SAN CRISTOBAL","2018-06-07","","16.5125"
"SAN CRISTOBAL","2018-06-06","","17.09583333"
"SAN CRISTOBAL","2018-06-05","","18.14166667"
"SAN CRISTOBAL","2018-06-04","","14.6375"
"SAN CRISTOBAL","2018-06-03","","14.3625"
"SAN CRISTOBAL","2018-06-02","","16.10416667"
"SAN CRISTOBAL","2018-06-01","","19.85652174"
"SAN CRISTOBAL","2018-05-31","","18.49583333"
"SAN CRISTOBAL","2018-05-30","","27.0"
"SAN CRISTOBAL","2018-05-29","","24.25416667"
"SAN CRISTOBAL","2018-05-28","","25.17916667"
"SAN CRISTOBAL","2018-05-27","","24.79583333"
"SAN CRISTOBAL","2018-05-26","","16.75833333"
"SAN CRISTOBAL","2018-05-25","","23.54583333"
"SAN CRISTOBAL","2018-05-24","","18.7"
"SAN CRISTOBAL","2018-05-23","","18.77083333"
"SAN CRISTOBAL","2018-05-22","","23.79130435"
"SAN CRISTOBAL","2018-05-21","","23.3"
"SAN CRISTOBAL","2018-05-20","","15.41363636"
"SAN CRISTOBAL","2018-05-19","","26.77083333"
"SAN CRISTOBAL","2018-05-18","","29.925"
"SAN CRISTOBAL","2018-05-17","","22.68333333"
"SAN CRISTOBAL","2018-05-16","","18.675"
"SAN CRISTOBAL","2018-05-15","","22.45416667"
"SAN CRISTOBAL","2018-05-14","","26.67916667"
"SAN CRISTOBAL","2018-05-13","","19.32083333"
"SAN CRISTOBAL","2018-05-12","","21.9125"
"SAN CRISTOBAL","2018-05-11","","36.05714286"
"SAN CRISTOBAL","2018-05-10","","45.20833333"
"SAN CRISTOBAL","2018-05-09","","35.91666667"
"SAN CRISTOBAL","2018-05-08","","41.875"
"SAN CRISTOBAL","2018-05-07","","37.2125"
"SAN CRISTOBAL","2018-05-06","","28.37916667"
"SAN CRISTOBAL","2018-05-05","","30.34166667"
"SAN CRISTOBAL","2018-05-04","","37.6125"
"SAN CRISTOBAL","2018-05-03","","29.42173913"
"SAN CRISTOBAL","2018-05-02","","22.35"
"SAN CRISTOBAL","2018-05-01","","37.09166667"
"SAN CRISTOBAL","2018-04-30","","30.8375"
"SAN CRISTOBAL","2018-04-29","","36.4173913"
"SAN CRISTOBAL","2018-04-28","","51.6826087"
"SAN CRISTOBAL","2018-04-27","","30.60833333"
"SAN CRISTOBAL","2018-04-26","","26.58333333"
"SAN CRISTOBAL","2018-04-25","","29.15217391"
"SAN CRISTOBAL","2018-04-24","","31.8625"
"SAN CRISTOBAL","2018-04-23","","23.10833333"
"SAN CRISTOBAL","2018-04-22","","23.95833333"
"SAN CRISTOBAL","2018-04-21","","29.45"
"SAN CRISTOBAL","2018-04-20","","24.79166667"
"SAN CRISTOBAL","2018-04-19","","18.77727273"
"SAN CRISTOBAL","2018-04-18","","24.49166667"
"SAN CRISTOBAL","2018-04-17","","40.11363636"
"SAN CRISTOBAL","2018-04-16","","38.21666667"
"SAN CRISTOBAL","2018-04-15","","24.17916667"
"SAN CRISTOBAL","2018-04-14","","33.575"
"SAN CRISTOBAL","2018-04-13","","45.72272727"
"SAN CRISTOBAL","2018-04-12","","40.04166667"
"SAN CRISTOBAL","2018-04-11","","48.93333333"
"SAN CRISTOBAL","2018-04-10","","43.64347826"
"SAN CRISTOBAL","2018-04-09","","42.75833333"
"SAN CRISTOBAL","2018-04-08","","38.8"
"SAN CRISTOBAL","2018-04-07","","46.05652174"
"SAN CRISTOBAL","2018-04-06","","39.55"
"SAN CRISTOBAL","2018-04-05","","46.21666667"
"SAN CRISTOBAL","2018-04-04","","37.31304348"
"SAN CRISTOBAL","2018-04-03","","41.15833333"
"SAN CRISTOBAL","2018-04-02","","35.125"
"SAN CRISTOBAL","2018-04-01","","26.49583333"
"SAN CRISTOBAL","2018-03-31","","27.33333333"
"SAN CRISTOBAL","2018-03-30","","30.36666667"
"SAN CRISTOBAL","2018-03-29","","19.55416667"
"SAN CRISTOBAL","2018-03-28","","32.81666667"
"SAN CRISTOBAL","2018-03-27","","51.20833333"
"SAN CRISTOBAL","2018-03-26","","40.8125"
"SAN CRISTOBAL","2018-03-25","","39.9875"
"SAN CRISTOBAL","2018-03-24","","40.78333333"
"SAN CRISTOBAL","2018-03-23","","52.10434783"
"SAN CRISTOBAL","2018-03-22","","42.96666667"
"SAN CRISTOBAL","2018-03-21","","43.3875"
"SAN CRISTOBAL","2018-03-20","","47.2375"
"SAN CRISTOBAL","2018-03-19","","34.32916667"
"SAN CRISTOBAL","2018-03-18","","50.83333333"
"SAN CRISTOBAL","2018-03-17","","43.90454545"
"SAN CRISTOBAL","2018-03-16","","40.40869565"
"SAN CRISTOBAL","2018-03-15","","55.06666667"
"SAN CRISTOBAL","2018-03-14","","37.38333333"
"SAN CRISTOBAL","2018-03-13","","37.36086957"
"SAN CRISTOBAL","2018-03-12","","31.74166667"
"SAN CRISTOBAL","2018-03-11","","25.24583333"
"SAN CRISTOBAL","2018-03-10","","24.93043478"
"SAN CRISTOBAL","2018-03-09","","23.94166667"
"SAN CRISTOBAL","2018-03-08","","22.09166667"
"SAN CRISTOBAL","2018-03-07","","21.29583333"
"SAN CRISTOBAL","2018-03-06","","24.20454545"
"SAN CRISTOBAL","2018-03-05","","36.51304348"
"SAN CRISTOBAL","2018-03-04","","49.66086957"
"SAN CRISTOBAL","2018-03-03","","42.35833333"
"SAN CRISTOBAL","2018-03-02","","37.35416667"
"SAN CRISTOBAL","2018-03-01","","51.54615385"
"SAN CRISTOBAL","2018-02-28","","46.6625"
"SAN CRISTOBAL","2018-02-27","","47.67083333"
"SAN CRISTOBAL","2018-02-26","","45.08333333"
"SAN CRISTOBAL","2018-02-25","","41.1625"
"SAN CRISTOBAL","2018-02-24","","38.0"
"SAN CRISTOBAL","2018-02-23","","54.40869565"
"SAN CRISTOBAL","2018-02-22","","46.4"
"SAN CRISTOBAL","2018-02-21","","48.9"
"SAN CRISTOBAL","2018-02-20","","40.59583333"
"SAN CRISTOBAL","2018-02-19","","47.78333333"
"SAN CRISTOBAL","2018-02-18","","28.66666667"
"SAN CRISTOBAL","2018-02-17","","27.215"
"SAN CRISTOBAL","2018-02-16","","26.925"
"SAN CRISTOBAL","2018-02-15","","31.94285714"
"SAN CRISTOBAL","2018-02-14","","38.125"
"SAN CRISTOBAL","2018-02-13","","52.84166667"
"SAN CRISTOBAL","2018-02-12","","32.135"
"SAN CRISTOBAL","2018-02-11","","22.95416667"
"SAN CRISTOBAL","2018-02-10","","27.96818182"
"SAN CRISTOBAL","2018-02-09","","28.73478261"
"SAN CRISTOBAL","2018-02-08","","49.87083333"
"SAN CRISTOBAL","2018-02-07","","39.81304348"
"SAN CRISTOBAL","2018-02-06","","54.62727273"
"SAN CRISTOBAL","2018-02-05","","39.93333333"
"SAN CRISTOBAL","2018-02-04","","40.02173913"
"SAN CRISTOBAL","2018-02-03","","48.79090909"
"SAN CRISTOBAL","2018-02-02","","41.44347826"
"SAN CRISTOBAL","2018-02-01","","44.13529412"
"SAN CRISTOBAL","2018-01-31","","21.12272727"
"SAN CRISTOBAL","2018-01-30","","27.63913043"
"SAN CRISTOBAL","2018-01-29","","21.23913043"
"SAN CRISTOBAL","2018-01-28","","22.85263158"
"SAN CRISTOBAL","2018-01-27","","25.17083333"
"SAN CRISTOBAL","2018-01-26","","26.09583333"
"SAN CRISTOBAL","2018-01-25","","25.99583333"
"SAN CRISTOBAL","2018-01-24","","19.20909091"
"SAN CRISTOBAL","2018-01-23","","17.19583333"
"SAN CRISTOBAL","2018-01-22","","21.65"
"SAN CRISTOBAL","2018-01-21","","13.65454545"
"SAN CRISTOBAL","2018-01-20","","17.41818182"
"SAN CRISTOBAL","2018-01-19","","17.16666667"
"SAN CRISTOBAL","2018-01-18","","18.06363636"
"SAN CRISTOBAL","2018-01-17","","27.13888889"
"SAN CRISTOBAL","2018-01-16","","21.40869565"
"SAN CRISTOBAL","2018-01-15","","38.12857143"
"SAN CRISTOBAL","2018-01-14","","37.20526316"
"SAN CRISTOBAL","2018-01-13","","32.95"
"SAN CRISTOBAL","2018-01-12","","25.425"
"SAN CRISTOBAL","2018-01-11","","25.40869565"
"SAN CRISTOBAL","2018-01-10","","26.80833333"
"SAN CRISTOBAL","2018-01-09","","30.52173913"
"SAN CRISTOBAL","2018-01-08","","29.2"
"SAN CRISTOBAL","2018-01-07","","30.1875"
"SAN CRISTOBAL","2018-01-06","","29.35416667"
"SAN CRISTOBAL","2018-01-05","","38.03913043"
"SAN CRISTOBAL","2018-01-04","","33.67727273"
"SAN CRISTOBAL","2018-01-03","","18.32857143"
"SAN CRISTOBAL","2018-01-02","","26.28333333"
"SAN CRISTOBAL","2018-01-01","","28.13043478"
"SAN CRISTOBAL","2017-12-31","","33.35"
"SAN CRISTOBAL","2017-12-30","","34.90833333"
"SAN CRISTOBAL","2017-12-29","","42.4875"
"SAN CRISTOBAL","2017-12-28","","26.8625"
"SAN CRISTOBAL","2017-12-27","","23.0875"
"SAN CRISTOBAL","2017-12-26","","40.43043478"
"SAN CRISTOBAL","2017-12-25","","51.65416667"
"SAN CRISTOBAL","2017-12-24","","28.1625"
"SAN CRISTOBAL","2017-12-23","","36.15833333"
"SAN CRISTOBAL","2017-12-22","","32.13333333"
"SAN CRISTOBAL","2017-12-21","","51.78333333"
"SAN CRISTOBAL","2017-12-20","","35.90434783"
"SAN CRISTOBAL","2017-12-19","","46.18636364"
"SAN CRISTOBAL","2017-12-18","","27.70416667"
"SAN CRISTOBAL","2017-12-17","","23.59583333"
"SAN CRISTOBAL","2017-12-16","","33.9173913"
"SAN CRISTOBAL","2017-12-15","","27.87272727"
"SAN CRISTOBAL","2017-12-14","","30.65833333"
"SAN CRISTOBAL","2017-12-13","","35.04583333"
"SAN CRISTOBAL","2017-12-12","","39.76521739"
"SAN CRISTOBAL","2017-12-11","","31.175"
"SAN CRISTOBAL","2017-12-10","","31.99166667"
"SAN CRISTOBAL","2017-12-09","","45.48695652"
"SAN CRISTOBAL","2017-12-08","","22.2875"
"SAN CRISTOBAL","2017-12-07","","40.825"
"SAN CRISTOBAL","2017-12-06","","22.85833333"
"SAN CRISTOBAL","2017-12-05","","19.59166667"
"SAN CRISTOBAL","2017-12-04","","24.2875"
"SAN CRISTOBAL","2017-12-03","","16.55416667"
"SAN CRISTOBAL","2017-12-02","","42.01818182"
"SAN CRISTOBAL","2017-12-01","","47.77272727"
"SAN CRISTOBAL","2017-11-30","","42.0625"
"SAN CRISTOBAL","2017-11-29","","27.42608696"
"SAN CRISTOBAL","2017-11-28","","23.95416667"
"SAN CRISTOBAL","2017-11-27","","25.27916667"
"SAN CRISTOBAL","2017-11-26","","19.26111111"
"SAN CRISTOBAL","2017-11-25","","23.83478261"
"SAN CRISTOBAL","2017-11-24","","43.47916667"
"SAN CRISTOBAL","2017-11-23","","35.75833333"
"SAN CRISTOBAL","2017-11-22","","40.09565217"
"SAN CRISTOBAL","2017-11-21","","43.75833333"
"SAN CRISTOBAL","2017-11-20","","32.33181818"
"SAN CRISTOBAL","2017-11-19","","29.8"
"SAN CRISTOBAL","2017-11-18","","36.47916667"
"SAN CRISTOBAL","2017-11-17","","32.32608696"
"SAN CRISTOBAL","2017-11-16","","51.97083333"
"SAN CRISTOBAL","2017-11-15","","40.44583333"
"SAN CRISTOBAL","2017-11-14","","28.52083333"
"SAN CRISTOBAL","2017-11-13","","23.2826087"
"SAN CRISTOBAL","2017-11-12","","21.0875"
"SAN CRISTOBAL","2017-11-11","","35.85454545"
"SAN CRISTOBAL","2017-11-10","","53.05"
"SAN CRISTOBAL","2017-11-09","","55.68636364"
"SAN CRISTOBAL","2017-11-08","","35.95"
"SAN CRISTOBAL","2017-11-07","","34.75"
"SAN CRISTOBAL","2017-11-06","","35.74583333"
"SAN CRISTOBAL","2017-11-05","","29.02083333"
"SAN CRISTOBAL","2017-11-04","","29.545"
"SAN CRISTOBAL","2017-11-03","","47.4875"
"SAN CRISTOBAL","2017-11-02","","35.27083333"
"SAN CRISTOBAL","2017-11-01","","52.86363636"
"SAN CRISTOBAL","2017-10-31","","33.49565217"
"SAN CRISTOBAL","2017-10-30","","28.60434783"
"SAN CRISTOBAL","2017-10-29","","19.47083333"
"SAN CRISTOBAL","2017-10-28","","36.67083333"
"SAN CRISTOBAL","2017-10-27","","36.775"
"SAN CRISTOBAL","2017-10-26","","54.4625"
"SAN CRISTOBAL","2017-10-25","","30.87826087"
"SAN CRISTOBAL","2017-10-24","","18.91666667"
"SAN CRISTOBAL","2017-10-23","","22.64166667"
"SAN CRISTOBAL","2017-10-22","","15.23333333"
"SAN CRISTOBAL","2017-10-21","","27.8625"
"SAN CRISTOBAL","2017-10-20","","26.20416667"
"SAN CRISTOBAL","2017-10-19","","37.77826087"
"SAN CRISTOBAL","2017-10-18","","19.51304348"
"SAN CRISTOBAL","2017-10-17","","12.04583333"
"SAN CRISTOBAL","2017-10-16","","13.03333333"
"SAN CRISTOBAL","2017-10-15","","18.45217391"
"SAN CRISTOBAL","2017-10-14","","20.77083333"
"SAN CRISTOBAL","2017-10-13","","20.64782609"
"SAN CRISTOBAL","2017-10-12","","27.43478261"
"SAN CRISTOBAL","2017-10-11","","29.8826087"
"SAN CRISTOBAL","2017-10-10","","47.58695652"
"SAN CRISTOBAL","2017-10-09","","48.89130435"
"SAN CRISTOBAL","2017-10-08","","26.26956522"
"SAN CRISTOBAL","2017-10-07","","15.98333333"
"SAN CRISTOBAL","2017-10-06","","21.39583333"
"SAN CRISTOBAL","2017-10-05","","22.17916667"
"SAN CRISTOBAL","2017-10-04","","21.09130435"
"SAN CRISTOBAL","2017-10-03","","38.95238095"
"SAN CRISTOBAL","2017-10-02","","42.4"
"SAN CRISTOBAL","2017-10-01","","24.86521739"
"SAN CRISTOBAL","2017-09-30","","18.37391304"
"SAN CRISTOBAL","2017-09-29","","23.85"
"SAN CRISTOBAL","2017-09-28","","32.88333333"
"SAN CRISTOBAL","2017-09-27","","39.575"
"SAN CRISTOBAL","2017-09-26","","27.43333333"
"SAN CRISTOBAL","2017-09-25","","15.46666667"
"SAN CRISTOBAL","2017-09-24","","10.65833333"
"SAN CRISTOBAL","2017-09-23","","21.29166667"
"SAN CRISTOBAL","2017-09-22","","36.46818182"
"SAN CRISTOBAL","2017-09-21","","27.025"
"SAN CRISTOBAL","2017-09-20","","41.33043478"
"SAN CRISTOBAL","2017-09-19","","36.175"
"SAN CRISTOBAL","2017-09-18","","16.79583333"
"SAN CRISTOBAL","2017-09-17","","12.76666667"
"SAN CRISTOBAL","2017-09-16","","17.7125"
"SAN CRISTOBAL","2017-09-15","","20.625"
"SAN CRISTOBAL","2017-09-14","","24.8625"
"SAN CRISTOBAL","2017-09-13","","17.2875"
"SAN CRISTOBAL","2017-09-12","","18.07916667"
"SAN CRISTOBAL","2017-09-11","","17.19583333"
"SAN CRISTOBAL","2017-09-10","","19.13043478"
"SAN CRISTOBAL","2017-09-09","","22.40869565"
"SAN CRISTOBAL","2017-09-08","","47.70416667"
"SAN CRISTOBAL","2017-09-07","","38.38695652"
"SAN CRISTOBAL","2017-09-06","","21.35217391"
"SAN CRISTOBAL","2017-09-05","","19.63333333"
"SAN CRISTOBAL","2017-09-01","","27.51666667"
"SAN CRISTOBAL","2017-08-31","","18.92272727"
"SAN CRISTOBAL","2017-08-30","","17.23333333"
"SAN CRISTOBAL","2017-08-29","","27.74761905"
"SAN CRISTOBAL","2017-08-28","","23.64583333"
"SAN CRISTOBAL","2017-08-27","","29.95416667"
"SAN CRISTOBAL","2017-08-26","","25.54583333"
"SAN CRISTOBAL","2017-08-25","","23.74090909"
"SAN CRISTOBAL","2017-08-24","","22.08888889"
"SAN CRISTOBAL","2017-08-23","","23.2875"
"SAN CRISTOBAL","2017-08-22","","16.74761905"
"SAN CRISTOBAL","2017-08-21","","14.57916667"
"SAN CRISTOBAL","2017-08-20","","20.5125"
"SAN CRISTOBAL","2017-08-19","","35.82916667"
"SAN CRISTOBAL","2017-08-18","","42.32608696"
"SAN CRISTOBAL","2017-08-17","","36.48666667"
"SAN CRISTOBAL","2017-08-16","","28.67083333"
"SAN CRISTOBAL","2017-08-15","","35.935"
"SAN CRISTOBAL","2017-08-14","","35.04583333"
"SAN CRISTOBAL","2017-08-13","","21.85"
"SAN CRISTOBAL","2017-08-12","","26.95"
"SAN CRISTOBAL","2017-08-11","","27.2375"
"SAN CRISTOBAL","2017-08-10","","26.80416667"
"SAN CRISTOBAL","2017-08-09","","19.78888889"
"SAN CRISTOBAL","2017-08-08","","19.64545455"
"SAN CRISTOBAL","2017-08-07","","16.84583333"
"SAN CRISTOBAL","2017-08-06","","18.3"
"SAN CRISTOBAL","2017-08-05","","18.85416667"
"SAN CRISTOBAL","2017-08-04","","16.7375"
"SAN CRISTOBAL","2017-08-03","","31.5125"
"SAN CRISTOBAL","2017-08-02","","35.34166667"
"SAN CRISTOBAL","2017-08-01","","28.19130435"
"SAN CRISTOBAL","2017-07-31","","18.29583333"
"SAN CRISTOBAL","2017-07-30","","11.40833333"
"SAN CRISTOBAL","2017-07-29","","15.50416667"
"SAN CRISTOBAL","2017-07-28","","14.81904762"
"SAN CRISTOBAL","2017-07-27","","19.71666667"
"SAN CRISTOBAL","2017-07-26","","8.44166667"
"SAN CRISTOBAL","2017-07-25","","10.93"
"SAN CRISTOBAL","2017-07-24","","13.83478261"
"SAN CRISTOBAL","2017-07-23","","10.75416667"
"SAN CRISTOBAL","2017-07-22","","12.38421053"
"SAN CRISTOBAL","2017-07-21","","23.70833333"
"SAN CRISTOBAL","2017-07-20","","14.8125"
"SAN CRISTOBAL","2017-07-19","","14.02380952"
"SAN CRISTOBAL","2017-07-18","","16.64761905"
"SAN CRISTOBAL","2017-07-17","","25.59583333"
"SAN CRISTOBAL","2017-07-16","","30.55217391"
"SAN CRISTOBAL","2017-07-15","","44.94347826"
"SAN CRISTOBAL","2017-07-14","","34.45416667"
"SAN CRISTOBAL","2017-07-13","","18.28333333"
"SAN CRISTOBAL","2017-07-12","","13.84285714"
"SAN CRISTOBAL","2017-07-11","","12.81666667"
"SAN CRISTOBAL","2017-07-10","","13.65"
"SAN CRISTOBAL","2017-07-09","","9.0"
"SAN CRISTOBAL","2017-07-08","","17.975"
"SAN CRISTOBAL","2017-07-07","","14.1"
"SAN CRISTOBAL","2017-07-06","","11.49583333"
"SAN CRISTOBAL","2017-07-05","","16.32173913"
"SAN CRISTOBAL","2017-07-04","","15.8875"
"SAN CRISTOBAL","2017-07-03","","10.75833333"
"SAN CRISTOBAL","2017-07-02","","7.2625"
"SAN CRISTOBAL","2017-07-01","","12.34090909"
"SAN CRISTOBAL","2017-06-30","","14.73333333"
"SAN CRISTOBAL","2017-06-29","","27.39583333"
"SAN CRISTOBAL","2017-06-28","","32.21666667"
"SAN CRISTOBAL","2017-06-27","","27.01111111"
"SAN CRISTOBAL","2017-06-26","","11.49285714"
"SAN CRISTOBAL","2017-06-25","","6.24285714"
"SAN CRISTOBAL","2017-06-24","","12.93076923"
"SAN CRISTOBAL","2017-06-23","","13.00625"
"SAN CRISTOBAL","2017-06-22","","21.71764706"
"SAN CRISTOBAL","2017-06-21","","9.51538462"
"SAN CRISTOBAL","2017-06-20","","26.25384615"
"SAN CRISTOBAL","2017-06-19","","7.85"
"SAN CRISTOBAL","2017-06-18","","27.81666667"
"SAN CRISTOBAL","2017-06-17","","33.50588235"
"SAN CRISTOBAL","2017-06-16","","16.48888889"
"SAN CRISTOBAL","2017-06-15","","12.01666667"
"SAN CRISTOBAL","2017-06-14","","6.89375"
"SAN CRISTOBAL","2017-06-13","","17.31666667"
"SAN CRISTOBAL","2017-06-12","","15.8"
"SAN CRISTOBAL","2017-06-11","","21.6125"
"SAN CRISTOBAL","2017-06-10","","6.025"
"SAN CRISTOBAL","2017-06-09","","42.78"
"SAN CRISTOBAL","2017-06-08","","49.77272727"
"SAN CRISTOBAL","2017-06-07","","24.69166667"
"SAN CRISTOBAL","2017-06-06","","28.2826087"
"SAN CRISTOBAL","2017-06-05","","19.1826087"
"SAN CRISTOBAL","2017-06-04","","13.84583333"
"SAN CRISTOBAL","2017-06-03","","17.59166667"
"SAN CRISTOBAL","2017-06-02","","21.7173913"
"SAN CRISTOBAL","2017-06-01","","27.82083333"
"SAN CRISTOBAL","2017-05-31","","22.475"
"SAN CRISTOBAL","2017-05-30","","24.23913043"
"SAN CRISTOBAL","2017-05-29","","19.80833333"
"SAN CRISTOBAL","2017-05-28","","16.33333333"
"SAN CRISTOBAL","2017-05-27","","17.80833333"
"SAN CRISTOBAL","2017-05-26","","23.19583333"
"SAN CRISTOBAL","2017-05-25","","18.05416667"
"SAN CRISTOBAL","2017-05-24","","14.36521739"
"SAN CRISTOBAL","2017-05-23","","25.84090909"
"SAN CRISTOBAL","2017-05-22","","24.375"
"SAN CRISTOBAL","2017-05-21","","25.91666667"
"SAN CRISTOBAL","2017-05-20","","16.12916667"
"SAN CRISTOBAL","2017-05-19","","22.32083333"
"SAN CRISTOBAL","2017-05-18","","20.33333333"
"SAN CRISTOBAL","2017-05-17","","35.57083333"
"SAN CRISTOBAL","2017-05-16","","23.49565217"
"SAN CRISTOBAL","2017-05-15","","28.42727273"
"SAN CRISTOBAL","2017-05-14","","19.25"
"SAN CRISTOBAL","2017-05-13","","33.05833333"
"SAN CRISTOBAL","2017-05-12","","41.80416667"
"SAN CRISTOBAL","2017-05-11","","50.875"
"SAN CRISTOBAL","2017-05-05","","28.07"
"SAN CRISTOBAL","2017-05-04","","22.91666667"
"SAN CRISTOBAL","2017-05-03","","33.75"
"SAN CRISTOBAL","2017-05-02","","33.34583333"
"SAN CRISTOBAL","2017-05-01","","13.76956522"
"SAN CRISTOBAL","2017-04-30","","9.40434783"
"SAN CRISTOBAL","2017-04-29","","13.15833333"
"SAN CRISTOBAL","2017-04-28","","17.06086957"
"SAN CRISTOBAL","2017-04-27","","20.54166667"
"SAN CRISTOBAL","2017-04-26","","19.05217391"
"SAN CRISTOBAL","2017-04-25","","27.30833333"
"SAN CRISTOBAL","2017-04-24","","21.43333333"
"SAN CRISTOBAL","2017-04-23","","14.71666667"
"SAN CRISTOBAL","2017-04-22","","23.12916667"
"SAN CRISTOBAL","2017-04-21","","25.9625"
"SAN CRISTOBAL","2017-04-20","","42.41904762"
"SAN CRISTOBAL","2017-04-19","","25.13333333"
"SAN CRISTOBAL","2017-04-18","","21.30833333"
"SAN CRISTOBAL","2017-04-17","","13.10833333"
"SAN CRISTOBAL","2017-04-16","","11.62173913"
"SAN CRISTOBAL","2017-04-15","","11.35416667"
"SAN CRISTOBAL","2017-04-14","","8.72857143"
"SAN CRISTOBAL","2017-04-13","","13.89166667"
"SAN CRISTOBAL","2017-04-12","","32.20434783"
"SAN CRISTOBAL","2017-04-11","","40.60416667"
"SAN CRISTOBAL","2017-04-10","","38.18695652"
"SAN CRISTOBAL","2017-04-09","","31.27083333"
"SAN CRISTOBAL","2017-04-08","","49.83181818"
"SAN CRISTOBAL","2017-04-07","","61.7375"
"SAN CRISTOBAL","2017-04-06","","33.43913043"
"SAN CRISTOBAL","2017-04-05","","41.14583333"
"SAN CRISTOBAL","2017-04-04","","45.75714286"
"SAN CRISTOBAL","2017-03-31","","60.7"
"SAN CRISTOBAL","2017-03-30","","41.48333333"
"SAN CRISTOBAL","2017-03-29","","18.96086957"
"SAN CRISTOBAL","2017-03-28","","32.03333333"
"SAN CRISTOBAL","2017-03-27","","24.93913043"
"SAN CRISTOBAL","2017-03-26","","24.0125"
"SAN CRISTOBAL","2017-03-25","","42.92272727"
"SAN CRISTOBAL","2017-03-24","","30.88333333"
"SAN CRISTOBAL","2017-03-23","","40.18181818"
"SAN CRISTOBAL","2017-03-22","","23.77826087"
"SAN CRISTOBAL","2017-03-21","","47.13478261"
"SAN CRISTOBAL","2017-03-20","","45.12727273"
"SAN CRISTOBAL","2017-03-19","","41.54583333"
"SAN CRISTOBAL","2017-03-18","","43.50434783"
"SAN CRISTOBAL","2017-03-17","","46.45"
"SAN CRISTOBAL","2017-03-16","","40.81363636"
"SAN CRISTOBAL","2017-03-15","","34.32083333"
"SAN CRISTOBAL","2017-03-14","","27.06363636"
"SAN CRISTOBAL","2017-03-13","","26.12083333"
"SAN CRISTOBAL","2017-03-12","","26.68181818"
"SAN CRISTOBAL","2017-03-11","","23.9125"
"SAN CRISTOBAL","2017-03-10","","21.155"
"SAN CRISTOBAL","2017-03-09","","17.24166667"
"SAN CRISTOBAL","2017-03-08","","33.72380952"
"SAN CRISTOBAL","2017-03-07","","30.08571429"
"SAN CRISTOBAL","2017-03-06","","21.0"
"SAN CRISTOBAL","2017-03-05","","18.74545455"
"SAN CRISTOBAL","2017-03-04","","16.11428571"
"SAN CRISTOBAL","2017-03-03","","14.3875"
"SAN CRISTOBAL","2017-03-02","","21.74782609"
"SAN CRISTOBAL","2017-03-01","","33.96666667"
"SAN CRISTOBAL","2017-02-28","","30.52352941"
"SAN CRISTOBAL","2017-02-27","","28.13913043"
"SAN CRISTOBAL","2017-02-26","","28.66190476"
"SAN CRISTOBAL","2017-02-25","","38.20909091"
"SAN CRISTOBAL","2017-02-24","","36.65454545"
"SAN CRISTOBAL","2017-02-23","","42.44583333"
"SAN CRISTOBAL","2017-02-22","","38.55652174"
"SAN CRISTOBAL","2017-02-21","","46.63333333"
"SAN CRISTOBAL","2017-02-20","","46.35217391"
"SAN CRISTOBAL","2017-02-19","","69.0"
"SAN CRISTOBAL","2017-02-18","","45.13478261"
"SAN CRISTOBAL","2017-02-17","","30.7125"
"SAN CRISTOBAL","2017-02-16","","35.7826087"
"SAN CRISTOBAL","2017-02-15","","39.15"
"SAN CRISTOBAL","2017-02-14","","31.1173913"
"SAN CRISTOBAL","2017-02-13","","29.22083333"
"SAN CRISTOBAL","2017-02-12","","37.85217391"
"SAN CRISTOBAL","2017-02-11","","33.33636364"
"SAN CRISTOBAL","2017-02-10","","53.14545455"
"SAN CRISTOBAL","2017-02-09","","61.48181818"
"SAN CRISTOBAL","2017-02-08","","34.00869565"
"SAN CRISTOBAL","2017-02-07","","19.19565217"
"SAN CRISTOBAL","2017-02-06","","32.27222222"
"SAN CRISTOBAL","2017-02-05","","20.70869565"
"SAN CRISTOBAL","2017-02-04","","27.08947368"
"SAN CRISTOBAL","2017-02-03","","21.65416667"
"SAN CRISTOBAL","2017-02-02","","24.46666667"
"SAN CRISTOBAL","2017-02-01","","20.46086957"
"SAN CRISTOBAL","2017-01-31","","26.59166667"
"SAN CRISTOBAL","2017-01-30","","28.50869565"
"SAN CRISTOBAL","2017-01-29","","12.36666667"
"SAN CRISTOBAL","2017-01-28","","21.09565217"
"SAN CRISTOBAL","2017-01-27","","13.37391304"
"SAN CRISTOBAL","2017-01-26","","10.09565217"
"SAN CRISTOBAL","2017-01-25","","17.25217391"
"SAN CRISTOBAL","2017-01-24","","49.50952381"
"SAN CRISTOBAL","2017-01-23","","42.64210526"
"SAN CRISTOBAL","2017-01-22","","30.37368421"
"SAN CRISTOBAL","2017-01-21","","29.49583333"
"SAN CRISTOBAL","2017-01-20","","47.13913043"
"SAN CRISTOBAL","2017-01-19","","28.19583333"
"SAN CRISTOBAL","2017-01-18","","33.42608696"
"SAN CRISTOBAL","2017-01-17","","33.54615385"
"SAN CRISTOBAL","2017-01-16","","25.06363636"
"SAN CRISTOBAL","2017-01-15","","25.95833333"
"SAN CRISTOBAL","2017-01-14","","39.27826087"
"SAN CRISTOBAL","2017-01-13","","31.60833333"
"SAN CRISTOBAL","2017-01-12","","21.64285714"
"SAN CRISTOBAL","2017-01-11","","26.12916667"
"SAN CRISTOBAL","2017-01-10","","25.26086957"
"SAN CRISTOBAL","2017-01-09","","19.64545455"
"SAN CRISTOBAL","2017-01-08","","19.69545455"
"SAN CRISTOBAL","2017-01-07","","11.89166667"
"SAN CRISTOBAL","2017-01-03","","13.15"
"SAN CRISTOBAL","2017-01-02","","10.29545455"
"SAN CRISTOBAL","2017-01-01","","13.21111111"
"SAN CRISTOBAL","2016-12-31","","15.90909091"
"SAN CRISTOBAL","2016-12-30","","11.90833333"
"SAN CRISTOBAL","2016-12-29","","23.08571429"
"SAN CRISTOBAL","2016-12-28","","18.69166667"
"SAN CRISTOBAL","2016-12-27","","28.96818182"
"SAN CRISTOBAL","2016-12-26","","34.34545455"
"SAN CRISTOBAL","2016-12-25","","35.59047619"
"SAN CRISTOBAL","2016-12-24","","24.72173913"
"SAN CRISTOBAL","2016-12-23","","48.62608696"
"SAN CRISTOBAL","2016-12-22","","31.84166667"
"SAN CRISTOBAL","2016-12-21","","32.13913043"
"SAN CRISTOBAL","2016-12-20","","33.32916667"
"SAN CRISTOBAL","2016-12-19","","54.83684211"
"SAN CRISTOBAL","2016-12-18","","20.05416667"
"SAN CRISTOBAL","2016-12-17","","40.9173913"
"SAN CRISTOBAL","2016-12-16","","54.50833333"
"SAN CRISTOBAL","2016-12-15","","43.89130435"
"SAN CRISTOBAL","2016-12-14","","46.66190476"
"SAN CRISTOBAL","2016-12-13","","32.54285714"
"SAN CRISTOBAL","2016-12-12","","16.9047619"
"SAN CRISTOBAL","2016-12-11","","14.61578947"
"SAN CRISTOBAL","2016-12-10","","18.13181818"
"SAN CRISTOBAL","2016-12-09","","38.425"
"SAN CRISTOBAL","2016-12-08","","26.06363636"
"SAN CRISTOBAL","2016-12-07","","18.92727273"
"SAN CRISTOBAL","2016-12-06","","22.36190476"
"SAN CRISTOBAL","2016-12-05","","21.56521739"
"SAN CRISTOBAL","2016-12-04","","12.91363636"
"SAN CRISTOBAL","2016-12-03","","22.10416667"
"SAN CRISTOBAL","2016-12-02","","32.2826087"
"SAN CRISTOBAL","2016-12-01","","30.6"
"SAN CRISTOBAL","2016-11-30","","23.10434783"
"SAN CRISTOBAL","2016-11-29","","26.44166667"
"SAN CRISTOBAL","2016-11-28","","35.36956522"
"SAN CRISTOBAL","2016-11-27","","30.90833333"
"SAN CRISTOBAL","2016-11-26","","29.89545455"
"SAN CRISTOBAL","2016-11-25","","41.79"
"SAN CRISTOBAL","2016-11-23","","20.27083333"
"SAN CRISTOBAL","2016-11-22","","32.9047619"
"SAN CRISTOBAL","2016-11-21","","36.36666667"
"SAN CRISTOBAL","2016-11-20","","27.2875"
"SAN CRISTOBAL","2016-11-19","","32.24782609"
"SAN CRISTOBAL","2016-11-18","","26.35416667"
"SAN CRISTOBAL","2016-11-17","","34.76"
"SAN CRISTOBAL","2016-11-16","","32.88181818"
"SAN CRISTOBAL","2016-11-15","","18.01"
"SAN CRISTOBAL","2016-11-14","","26.24117647"
"SAN CRISTOBAL","2016-11-13","","24.56086957"
"SAN CRISTOBAL","2016-11-12","","45.75217391"
"SAN CRISTOBAL","2016-11-11","","16.7125"
"SAN CRISTOBAL","2016-11-10","","29.69565217"
"SAN CRISTOBAL","2016-11-09","","26.00434783"
"SAN CRISTOBAL","2016-11-08","","38.62608696"
"SAN CRISTOBAL","2016-11-07","","20.1375"
"SAN CRISTOBAL","2016-11-06","","19.62916667"
"SAN CRISTOBAL","2016-11-05","","13.2"
"SAN CRISTOBAL","2016-11-04","","21.46111111"
"SAN CRISTOBAL","2016-11-03","","33.33913043"
"SAN CRISTOBAL","2016-11-02","","34.79166667"
"SAN CRISTOBAL","2016-11-01","","29.99166667"
"SAN CRISTOBAL","2016-10-31","","52.74"
"SAN CRISTOBAL","2016-10-30","","10.63478261"
"SAN CRISTOBAL","2016-10-29","","29.53333333"
"SAN CRISTOBAL","2016-10-28","","36.78"
"SAN CRISTOBAL","2016-10-27","","43.61666667"
"SAN CRISTOBAL","2016-10-26","","45.36521739"
"SAN CRISTOBAL","2016-10-25","","32.39565217"
"SAN CRISTOBAL","2016-10-24","","45.12857143"
"SAN CRISTOBAL","2016-10-23","","22.93333333"
"SAN CRISTOBAL","2016-10-22","","33.25416667"
"SAN CRISTOBAL","2016-10-21","","25.46666667"
"SAN CRISTOBAL","2016-10-20","","25.21363636"
"SAN CRISTOBAL","2016-10-19","","19.36190476"
"SAN CRISTOBAL","2016-10-18","","23.42272727"
"SAN CRISTOBAL","2016-10-17","","13.24761905"
"SAN CRISTOBAL","2016-10-16","","21.18947368"
"SAN CRISTOBAL","2016-10-15","","7.21363636"
"SAN CRISTOBAL","2016-10-14","","21.88181818"
"SAN CRISTOBAL","2016-10-13","","24.41111111"
"SAN CRISTOBAL","2016-10-12","","29.67916667"
"SAN CRISTOBAL","2016-10-11","","20.63636364"
"SAN CRISTOBAL","2016-10-10","","21.18333333"
"SAN CRISTOBAL","2016-10-09","","13.0047619"
"SAN CRISTOBAL","2016-10-08","","40.57826087"
"SAN CRISTOBAL","2016-10-07","","36.61666667"
"SAN CRISTOBAL","2016-10-06","","20.80833333"
"SAN CRISTOBAL","2016-10-05","","30.00869565"
"SAN CRISTOBAL","2016-10-04","","30.39166667"
"SAN CRISTOBAL","2016-10-03","","20.71304348"
"SAN CRISTOBAL","2016-10-02","","19.59583333"
"SAN CRISTOBAL","2016-10-01","","32.2"
"SAN CRISTOBAL","2016-09-30","","29.1375"
"SAN CRISTOBAL","2016-09-29","","33.85833333"
"SAN CRISTOBAL","2016-09-28","","22.30416667"
"SAN CRISTOBAL","2016-09-27","","15.52272727"
"SAN CRISTOBAL","2016-09-26","","15.47826087"
"SAN CRISTOBAL","2016-09-25","","9.0952381"
"SAN CRISTOBAL","2016-09-24","","8.81428571"
"SAN CRISTOBAL","2016-09-23","","15.90869565"
"SAN CRISTOBAL","2016-09-22","","20.09545455"
"SAN CRISTOBAL","2016-09-21","","19.65"
"SAN CRISTOBAL","2016-09-20","","15.95416667"
"SAN CRISTOBAL","2016-09-19","","13.725"
"SAN CRISTOBAL","2016-09-18","","18.04166667"
"SAN CRISTOBAL","2016-09-17","","21.50416667"
"SAN CRISTOBAL","2016-09-16","","24.32083333"
"SAN CRISTOBAL","2016-09-15","","17.275"
"SAN CRISTOBAL","2016-09-14","","32.65416667"
"SAN CRISTOBAL","2016-09-13","","46.92083333"
"SAN CRISTOBAL","2016-09-12","","27.33333333"
"SAN CRISTOBAL","2016-09-11","","15.0125"
"SAN CRISTOBAL","2016-09-10","","20.19583333"
"SAN CRISTOBAL","2016-09-09","","17.30833333"
"SAN CRISTOBAL","2016-09-08","","24.42916667"
"SAN CRISTOBAL","2016-09-07","","18.79130435"
"SAN CRISTOBAL","2016-09-06","","16.05"
"SAN CRISTOBAL","2016-09-05","","14.67083333"
"SAN CRISTOBAL","2016-09-04","","14.62916667"
"SAN CRISTOBAL","2016-09-03","","18.0375"
"SAN CRISTOBAL","2016-09-02","","21.14782609"
"SAN CRISTOBAL","2016-09-01","","15.95217391"
"SAN CRISTOBAL","2016-08-31","","24.79166667"
"SAN CRISTOBAL","2016-08-30","","15.96666667"
"SAN CRISTOBAL","2016-08-29","","23.3125"
"SAN CRISTOBAL","2016-08-28","","17.1173913"
"SAN CRISTOBAL","2016-08-27","","18.49545455"
"SAN CRISTOBAL","2016-08-26","","13.21666667"
"SAN CRISTOBAL","2016-08-25","","21.25217391"
"SAN CRISTOBAL","2016-08-24","","26.82173913"
"SAN CRISTOBAL","2016-08-23","","22.475"
"SAN CRISTOBAL","2016-08-22","","13.98181818"
"SAN CRISTOBAL","2016-08-21","","15.2047619"
"SAN CRISTOBAL","2016-08-20","","26.10869565"
"SAN CRISTOBAL","2016-08-19","","31.08181818"
"SAN CRISTOBAL","2016-08-18","","19.35454545"
"SAN CRISTOBAL","2016-08-17","","17.66666667"
"SAN CRISTOBAL","2016-08-16","","13.20833333"
"SAN CRISTOBAL","2016-08-15","","12.305"
"SAN CRISTOBAL","2016-08-14","","12.03333333"
"SAN CRISTOBAL","2016-08-13","","12.34347826"
"SAN CRISTOBAL","2016-08-12","","26.0625"
"SAN CRISTOBAL","2016-08-11","","14.10833333"
"SAN CRISTOBAL","2016-08-10","","12.52083333"
"SAN CRISTOBAL","2016-08-09","","14.22857143"
"SAN CRISTOBAL","2016-08-08","","18.7625"
"SAN CRISTOBAL","2016-08-07","","15.43043478"
"SAN CRISTOBAL","2016-08-06","","17.8125"
"SAN CRISTOBAL","2016-08-05","","25.36086957"
"SAN CRISTOBAL","2016-08-04","","12.175"
"SAN CRISTOBAL","2016-08-03","","10.20434783"
"SAN CRISTOBAL","2016-08-02","","8.85833333"
"SAN CRISTOBAL","2016-08-01","","13.7"
"SAN CRISTOBAL","2016-07-31","","12.14583333"
"SAN CRISTOBAL","2016-07-30","","13.31666667"
"SAN CRISTOBAL","2016-07-29","","11.97083333"
"SAN CRISTOBAL","2016-07-28","","10.59166667"
"SAN CRISTOBAL","2016-07-27","","11.82083333"
"SAN CRISTOBAL","2016-07-26","","16.15416667"
"SAN CRISTOBAL","2016-07-25","","13.61304348"
"SAN CRISTOBAL","2016-07-24","","21.37826087"
"SAN CRISTOBAL","2016-07-23","","19.32916667"
"SAN CRISTOBAL","2016-07-22","","16.01666667"
"SAN CRISTOBAL","2016-07-21","","11.73333333"
"SAN CRISTOBAL","2016-07-20","","11.85416667"
"SAN CRISTOBAL","2016-07-19","","21.25217391"
"SAN CRISTOBAL","2016-07-18","","13.825"
"SAN CRISTOBAL","2016-07-17","","12.7"
"SAN CRISTOBAL","2016-07-16","","23.64583333"
"SAN CRISTOBAL","2016-07-15","","20.8125"
"SAN CRISTOBAL","2016-07-14","","16.55833333"
"SAN CRISTOBAL","2016-07-13","","14.79583333"
"SAN CRISTOBAL","2016-07-12","","24.05833333"
"SAN CRISTOBAL","2016-07-11","","16.55833333"
"SAN CRISTOBAL","2016-07-10","","10.75833333"
"SAN CRISTOBAL","2016-07-09","","12.95833333"
"SAN CRISTOBAL","2016-07-08","","11.96666667"
"SAN CRISTOBAL","2016-07-07","","11.54166667"
"SAN CRISTOBAL","2016-07-06","","18.75"
"SAN CRISTOBAL","2016-07-05","","13.30416667"
"SAN CRISTOBAL","2016-07-04","","12.05652174"
"SAN CRISTOBAL","2016-07-03","","15.91666667"
"SAN CRISTOBAL","2016-07-02","","12.75"
"SAN CRISTOBAL","2016-07-01","","9.54347826"
"SAN CRISTOBAL","2016-06-30","","10.29583333"
"SAN CRISTOBAL","2016-06-29","","11.95652174"
"SAN CRISTOBAL","2016-06-28","","12.35"
"SAN CRISTOBAL","2016-06-27","","18.57916667"
"SAN CRISTOBAL","2016-06-26","","8.18695652"
"SAN CRISTOBAL","2016-06-25","","14.31666667"
"SAN CRISTOBAL","2016-06-24","","9.5375"
"SAN CRISTOBAL","2016-06-23","","14.575"
"SAN CRISTOBAL","2016-06-22","","13.24166667"
"SAN CRISTOBAL","2016-06-21","","10.33636364"
"SAN CRISTOBAL","2016-06-20","","11.07391304"
"SAN CRISTOBAL","2016-06-19","","8.06428571"
"SAN CRISTOBAL","2016-06-18","","19.22857143"
"SAN CRISTOBAL","2016-06-17","","10.73076923"
"SAN CRISTOBAL","2016-06-16","","12.62352941"
"SAN CRISTOBAL","2016-06-15","","14.7125"
"SAN CRISTOBAL","2016-06-14","","14.25882353"
"SAN CRISTOBAL","2016-06-13","","11.56956522"
"SAN CRISTOBAL","2016-06-12","","16.5"
"SAN CRISTOBAL","2016-06-11","","11.98666667"
"SAN CRISTOBAL","2016-06-10","","13.99583333"
"SAN CRISTOBAL","2016-06-09","","16.62083333"
"SAN CRISTOBAL","2016-06-08","","13.00714286"
"SAN CRISTOBAL","2016-06-07","","70.35"
"SAN CRISTOBAL","2016-06-05","","33.56666667"
"SAN CRISTOBAL","2016-06-04","","31.44"
"SAN CRISTOBAL","2016-06-01","","14.91666667"
"SAN CRISTOBAL","2016-05-31","","31.85789474"
"SAN CRISTOBAL","2016-05-29","","18.775"
"SAN CRISTOBAL","2016-05-28","","13.23043478"
"SAN CRISTOBAL","2016-05-27","","24.635"
"SAN CRISTOBAL","2016-05-26","","41.3375"
"SAN CRISTOBAL","2016-05-25","","19.39166667"
"SAN CRISTOBAL","2016-05-24","","14.69444444"
"SAN CRISTOBAL","2016-05-23","","7.09090909"
"SAN CRISTOBAL","2016-05-22","","7.01818182"
"SAN CRISTOBAL","2016-05-21","","9.7"
"SAN CRISTOBAL","2016-05-20","","8.85833333"
"SAN CRISTOBAL","2016-05-19","","10.625"
"SAN CRISTOBAL","2016-05-18","","15.24545455"
"SAN CRISTOBAL","2016-05-17","","12.07391304"
"SAN CRISTOBAL","2016-05-16","","14.22173913"
"SAN CRISTOBAL","2016-05-15","","6.38333333"
"SAN CRISTOBAL","2016-05-14","","8.20869565"
"SAN CRISTOBAL","2016-05-13","","18.7"
"SAN CRISTOBAL","2016-05-12","","15.875"
"SAN CRISTOBAL","2016-05-11","","15.26086957"
"SAN CRISTOBAL","2016-05-10","","21.03913043"
"SAN CRISTOBAL","2016-05-09","","8.7375"
"SAN CRISTOBAL","2016-05-08","","21.07391304"
"SAN CRISTOBAL","2016-05-07","","15.84166667"
"SAN CRISTOBAL","2016-05-06","","15.795"
"SAN CRISTOBAL","2016-05-05","","20.16666667"
"SAN CRISTOBAL","2016-05-04","","36.94782609"
"SAN CRISTOBAL","2016-05-03","","30.30416667"
"SAN CRISTOBAL","2016-05-02","","14.425"
"SAN CRISTOBAL","2016-05-01","","8.9625"
"SAN CRISTOBAL","2016-04-30","","15.3125"
"SAN CRISTOBAL","2016-04-29","","20.87391304"
"SAN CRISTOBAL","2016-04-28","","26.0"
"SAN CRISTOBAL","2016-04-27","","28.9375"
"SAN CRISTOBAL","2016-04-26","","27.79583333"
"SAN CRISTOBAL","2016-04-25","","34.62916667"
"SAN CRISTOBAL","2016-04-24","","20.03333333"
"SAN CRISTOBAL","2016-04-23","","16.7875"
"SAN CRISTOBAL","2016-04-22","","12.16923077"
"SAN CRISTOBAL","2016-04-14","","17.66666667"
"SAN CRISTOBAL","2016-04-13","","40.45"
"SAN CRISTOBAL","2016-04-12","","28.32083333"
"SAN CRISTOBAL","2016-04-11","","41.16666667"
"SAN CRISTOBAL","2016-04-10","","23.85"
"SAN CRISTOBAL","2016-04-09","","17.47916667"
"SAN CRISTOBAL","2016-04-08","","21.08333333"
"SAN CRISTOBAL","2016-04-07","","19.05833333"
"SAN CRISTOBAL","2016-04-06","","31.44583333"
"SAN CRISTOBAL","2016-04-05","","37.0875"
"SAN CRISTOBAL","2016-04-04","","34.28333333"
"SAN CRISTOBAL","2016-04-03","","42.42916667"
"SAN CRISTOBAL","2016-04-02","","27.95833333"
"SAN CRISTOBAL","2016-04-01","","39.4"
"SAN CRISTOBAL","2016-03-31","","30.83333333"
"SAN CRISTOBAL","2016-03-30","","24.65416667"
"SAN CRISTOBAL","2016-03-29","","42.04166667"
"SAN CRISTOBAL","2016-03-28","","51.01666667"
"SAN CRISTOBAL","2016-03-27","","41.79583333"
"SAN CRISTOBAL","2016-03-26","","25.79166667"
"SAN CRISTOBAL","2016-03-25","","19.57083333"
"SAN CRISTOBAL","2016-03-24","","20.7"
"SAN CRISTOBAL","2016-03-23","","29.4375"
"SAN CRISTOBAL","2016-03-22","","25.7"
"SAN CRISTOBAL","2016-03-21","","18.26956522"
"SAN CRISTOBAL","2016-03-20","","18.24583333"
"SAN CRISTOBAL","2016-03-19","","14.56666667"
"SAN CRISTOBAL","2016-03-18","","10.79375"
"SAN CRISTOBAL","2016-03-17","","22.57916667"
"SAN CRISTOBAL","2016-03-16","","24.70416667"
"SAN CRISTOBAL","2016-03-15","","36.54166667"
"SAN CRISTOBAL","2016-03-14","","53.02083333"
"SAN CRISTOBAL","2016-03-13","","39.08333333"
"SAN CRISTOBAL","2016-03-12","","50.125"
"SAN CRISTOBAL","2016-03-11","","59.03043478"
"SAN CRISTOBAL","2016-03-10","","62.60833333"
"SAN CRISTOBAL","2016-03-09","","55.87083333"
"SAN CRISTOBAL","2016-03-08","","57.09166667"
"SAN CRISTOBAL","2016-03-07","","72.47916667"
"SAN CRISTOBAL","2016-03-06","","76.92916667"
"SAN CRISTOBAL","2016-03-05","","64.19166667"
"SAN CRISTOBAL","2016-03-04","","67.9625"
"SAN CRISTOBAL","2016-03-03","","36.00833333"
"SAN CRISTOBAL","2016-03-02","","44.41666667"
"SAN CRISTOBAL","2016-03-01","","52.85"
"SAN CRISTOBAL","2016-02-29","","33.46521739"
"SAN CRISTOBAL","2016-02-28","","29.39583333"
"SAN CRISTOBAL","2016-02-27","","40.97916667"
"SAN CRISTOBAL","2016-02-26","","53.19565217"
"SAN CRISTOBAL","2016-02-25","","53.37916667"
"SAN CRISTOBAL","2016-02-24","","30.6125"
"SAN CRISTOBAL","2016-02-23","","29.4375"
"SAN CRISTOBAL","2016-02-22","","28.72083333"
"SAN CRISTOBAL","2016-02-21","","24.35833333"
"SAN CRISTOBAL","2016-02-20","","25.03333333"
"SAN CRISTOBAL","2016-02-19","","31.92916667"
"SAN CRISTOBAL","2016-02-18","","41.2625"
"SAN CRISTOBAL","2016-02-17","","32.12083333"
"SAN CRISTOBAL","2016-02-16","","19.47391304"
"SAN CRISTOBAL","2016-02-15","","20.24583333"
"SAN CRISTOBAL","2016-02-14","","27.05"
"SAN CRISTOBAL","2016-02-13","","28.9"
"SAN CRISTOBAL","2016-02-12","","27.69166667"
"SAN CRISTOBAL","2016-02-11","","18.87083333"
"SAN CRISTOBAL","2016-02-10","","21.38333333"
"SAN CRISTOBAL","2016-02-09","","18.84782609"
"SAN CRISTOBAL","2016-02-08","","17.85"
"SAN CRISTOBAL","2016-02-07","","22.175"
"SAN CRISTOBAL","2016-02-06","","33.275"
"SAN CRISTOBAL","2016-02-05","","46.04166667"
"SAN CRISTOBAL","2016-02-04","","56.97391304"
"SAN CRISTOBAL","2016-02-03","","74.49166667"
"SAN CRISTOBAL","2016-02-02","","61.35"
"SAN CRISTOBAL","2016-02-01","","32.30769231"
"SAN CRISTOBAL","2016-01-29","","66.3"
"SAN CRISTOBAL","2016-01-28","","35.64736842"
"SAN CRISTOBAL","2016-01-27","","41.75238095"
"SAN CRISTOBAL","2016-01-26","","61.86956522"
"SAN CRISTOBAL","2016-01-25","","47.94782609"
"SAN CRISTOBAL","2016-01-24","","85.29583333"
"SAN CRISTOBAL","2016-01-23","","66.775"
"SAN CRISTOBAL","2016-01-22","","66.8625"
"SAN CRISTOBAL","2016-01-21","","72.79583333"
"SAN CRISTOBAL","2016-01-20","","71.49565217"
"SAN CRISTOBAL","2016-01-19","","59.83181818"
"SAN CRISTOBAL","2016-01-18","","65.64"
"SAN CRISTOBAL","2016-01-17","","90.2375"
"SAN CRISTOBAL","2016-01-16","","39.60833333"
"SAN CRISTOBAL","2016-01-15","","41.54545455"
"SAN CRISTOBAL","2016-01-14","","58.175"
"SAN CRISTOBAL","2016-01-13","","70.52307692"
"SAN CRISTOBAL","2016-01-10","","70.1125"
"SAN CRISTOBAL","2016-01-09","","55.24166667"
"SAN CRISTOBAL","2016-01-08","","44.62083333"
"SAN CRISTOBAL","2016-01-07","","62.44583333"
"SAN CRISTOBAL","2016-01-06","","39.8"
"SAN CRISTOBAL","2016-01-05","","44.92916667"
"SAN CRISTOBAL","2016-01-04","","29.04285714"
"SAN CRISTOBAL","2016-01-03","","6.43333333"
"SAN CRISTOBAL","2016-01-02","","12.19583333"
"SAN CRISTOBAL","2016-01-01","","13.39565217"
"SAN CRISTOBAL","2015-12-31","","8.52173913"
"SAN CRISTOBAL","2015-12-30","","11.20833333"
"SAN CRISTOBAL","2015-12-29","","16.5"
"SAN CRISTOBAL","2015-12-28","","16.0"
"SAN CRISTOBAL","2015-12-27","","15.83333333"
"SAN CRISTOBAL","2015-12-26","","16.125"
"SAN CRISTOBAL","2015-12-25","","18.0"
"SAN CRISTOBAL","2015-12-24","","21.79166667"
"SAN CRISTOBAL","2015-12-23","","17.5"
"SAN CRISTOBAL","2015-12-22","","14.79166667"
"SAN CRISTOBAL","2015-12-21","","19.95833333"
"SAN CRISTOBAL","2015-12-20","","17.75"
"SAN CRISTOBAL","2015-12-19","","12.70833333"
"SAN CRISTOBAL","2015-12-18","","19.375"
"SAN CRISTOBAL","2015-12-17","","14.95833333"
"SAN CRISTOBAL","2015-12-16","","18.08333333"
"SAN CRISTOBAL","2015-12-15","","22.125"
"SAN CRISTOBAL","2015-12-14","","27.29166667"
"SAN CRISTOBAL","2015-12-13","","24.04166667"
"SAN CRISTOBAL","2015-12-12","","19.83333333"
"SAN CRISTOBAL","2015-12-11","","23.875"
"SAN CRISTOBAL","2015-12-10","","19.66666667"
"SAN CRISTOBAL","2015-12-09","","20.70833333"
"SAN CRISTOBAL","2015-12-08","","22.91666667"
"SAN CRISTOBAL","2015-12-07","","24.33333333"
"SAN CRISTOBAL","2015-12-06","","10.54166667"
"SAN CRISTOBAL","2015-12-05","","18.82608696"
"SAN CRISTOBAL","2015-12-04","","18.29166667"
"SAN CRISTOBAL","2015-12-03","","24.17391304"
"SAN CRISTOBAL","2015-12-02","","15.0"
"SAN CRISTOBAL","2015-12-01","","13.66666667"
"SAN CRISTOBAL","2015-11-30","","11.66666667"
"SAN CRISTOBAL","2015-11-29","","18.875"
"SAN CRISTOBAL","2015-11-28","","24.75"
"SAN CRISTOBAL","2015-11-27","","22.58333333"
"SAN CRISTOBAL","2015-11-26","","18.95833333"
"SAN CRISTOBAL","2015-11-25","","19.66666667"
"SAN CRISTOBAL","2015-11-24","","19.54166667"
"SAN CRISTOBAL","2015-11-23","","27.20833333"
"SAN CRISTOBAL","2015-11-22","","18.875"
"SAN CRISTOBAL","2015-11-21","","27.16666667"
"SAN CRISTOBAL","2015-11-20","","57.85714286"
"SAN CRISTOBAL","2015-11-19","","36.83333333"
"SAN CRISTOBAL","2015-11-18","","25.0"
"SAN CRISTOBAL","2015-11-17","","10.0"
"SAN CRISTOBAL","2015-11-16","","10.70833333"
"SAN CRISTOBAL","2015-11-15","","9.5"
"SAN CRISTOBAL","2015-11-14","","8.59090909"
"SAN CRISTOBAL","2015-11-13","","15.70833333"
"SAN CRISTOBAL","2015-11-12","","20.04166667"
"SAN CRISTOBAL","2015-11-11","","12.73913043"
"SAN CRISTOBAL","2015-11-10","","15.70833333"
"SAN CRISTOBAL","2015-11-09","","14.04166667"
"SAN CRISTOBAL","2015-11-08","","10.625"
"SAN CRISTOBAL","2015-11-07","","30.04166667"
"SAN CRISTOBAL","2015-11-06","","44.95833333"
"SAN CRISTOBAL","2015-11-05","","28.375"
"SAN CRISTOBAL","2015-11-04","","29.70833333"
"SAN CRISTOBAL","2015-11-03","","45.125"
"SAN CRISTOBAL","2015-11-02","","23.66666667"
"SAN CRISTOBAL","2015-11-01","","23.70833333"
"SAN CRISTOBAL","2015-10-31","","58.95833333"
"SAN CRISTOBAL","2015-10-30","","25.20833333"
"SAN CRISTOBAL","2015-10-29","","22.91666667"
"SAN CRISTOBAL","2015-10-28","","18.25"
"SAN CRISTOBAL","2015-10-27","","17.33333333"
"SAN CRISTOBAL","2015-10-26","","15.70833333"
"SAN CRISTOBAL","2015-10-25","","14.08333333"
"SAN CRISTOBAL","2015-10-24","","21.58333333"
"SAN CRISTOBAL","2015-10-23","","19.79166667"
"SAN CRISTOBAL","2015-10-22","","30.41666667"
"SAN CRISTOBAL","2015-10-21","","21.0"
"SAN CRISTOBAL","2015-10-20","","23.83333333"
"SAN CRISTOBAL","2015-10-19","","20.07692308"
"SAN CRISTOBAL","2015-10-16","","12.35"
"SAN CRISTOBAL","2015-10-15","","14.83333333"
"SAN CRISTOBAL","2015-10-14","","34.54166667"
"SAN CRISTOBAL","2015-10-13","","33.375"
"SAN CRISTOBAL","2015-10-12","","31.08333333"
"SAN CRISTOBAL","2015-10-11","","37.58333333"
"SAN CRISTOBAL","2015-10-10","","17.16666667"
"SAN CRISTOBAL","2015-10-09","","16.625"
"SAN CRISTOBAL","2015-10-08","","14.83333333"
"SAN CRISTOBAL","2015-10-07","","16.66666667"
"SAN CRISTOBAL","2015-10-06","","18.20833333"
"SAN CRISTOBAL","2015-10-05","","14.25"
"SAN CRISTOBAL","2015-10-04","","10.52173913"
"SAN CRISTOBAL","2015-10-03","","10.625"
"SAN CRISTOBAL","2015-10-02","","33.73333333"
"SAN CRISTOBAL","2015-10-01","","25.5"
"SAN CRISTOBAL","2015-09-30","","25.25"
"SAN CRISTOBAL","2015-09-29","","24.58333333"
"SAN CRISTOBAL","2015-09-28","","20.08333333"
"SAN CRISTOBAL","2015-09-27","","13.66666667"
"SAN CRISTOBAL","2015-09-26","","15.375"
"SAN CRISTOBAL","2015-09-25","","22.70833333"
"SAN CRISTOBAL","2015-09-24","","19.04166667"
"SAN CRISTOBAL","2015-09-23","","14.66666667"
"SAN CRISTOBAL","2015-09-22","","12.83333333"
"SAN CRISTOBAL","2015-09-21","","13.5"
"SAN CRISTOBAL","2015-09-20","","7.63636364"
"SAN CRISTOBAL","2015-09-19","","17.41666667"
"SAN CRISTOBAL","2015-09-18","","17.70833333"
"SAN CRISTOBAL","2015-09-17","","49.38461538"
"SAN CRISTOBAL","2015-09-16","","19.54166667"
"SAN CRISTOBAL","2015-09-15","","21.125"
"SAN CRISTOBAL","2015-09-14","","15.41666667"
"SAN CRISTOBAL","2015-09-13","","24.29166667"
"SAN CRISTOBAL","2015-09-12","","18.45833333"
"SAN CRISTOBAL","2015-09-11","","15.20833333"
"SAN CRISTOBAL","2015-09-10","","16.5"
"SAN CRISTOBAL","2015-09-09","","16.95833333"
"SAN CRISTOBAL","2015-09-08","","18.875"
"SAN CRISTOBAL","2015-09-07","","12.08333333"
"SAN CRISTOBAL","2015-09-06","","9.375"
"SAN CRISTOBAL","2015-09-05","","24.25"
"SAN CRISTOBAL","2015-09-04","","18.625"
"SAN CRISTOBAL","2015-09-03","","19.70833333"
"SAN CRISTOBAL","2015-09-02","","20.69565217"
"SAN CRISTOBAL","2015-09-01","","14.04166667"
"SAN CRISTOBAL","2015-08-31","","11.25"
"SAN CRISTOBAL","2015-08-30","","11.08695652"
"SAN CRISTOBAL","2015-08-29","","14.95833333"
"SAN CRISTOBAL","2015-08-28","","11.29166667"
"SAN CRISTOBAL","2015-08-27","","30.25"
"SAN CRISTOBAL","2015-08-26","","24.54166667"
"SAN CRISTOBAL","2015-08-25","","18.25"
"SAN CRISTOBAL","2015-08-24","","14.125"
"SAN CRISTOBAL","2015-08-23","","17.41666667"
"SAN CRISTOBAL","2015-08-22","","20.91666667"
"SAN CRISTOBAL","2015-08-21","","27.70833333"
"SAN CRISTOBAL","2015-08-20","","14.04166667"
"SAN CRISTOBAL","2015-08-19","","13.75"
"SAN CRISTOBAL","2015-08-18","","14.66666667"
"SAN CRISTOBAL","2015-08-17","","13.45833333"
"SAN CRISTOBAL","2015-08-16","","13.16666667"
"SAN CRISTOBAL","2015-08-15","","18.25"
"SAN CRISTOBAL","2015-08-14","","15.125"
"SAN CRISTOBAL","2015-08-13","","14.66666667"
"SAN CRISTOBAL","2015-08-12","","14.25"
"SAN CRISTOBAL","2015-08-11","","13.54166667"
"SAN CRISTOBAL","2015-08-10","","15.625"
"SAN CRISTOBAL","2015-08-09","","12.08333333"
"SAN CRISTOBAL","2015-08-08","","13.58333333"
"SAN CRISTOBAL","2015-08-07","","16.04166667"
"SAN CRISTOBAL","2015-08-06","","12.45833333"
"SAN CRISTOBAL","2015-08-05","","12.28571429"
"SAN CRISTOBAL","2015-08-04","","10.625"
"SAN CRISTOBAL","2015-08-03","","10.75"
"SAN CRISTOBAL","2015-08-02","","10.04166667"
"SAN CRISTOBAL","2015-08-01","","15.45833333"
"SAN CRISTOBAL","2015-07-31","","12.41666667"
"SAN CRISTOBAL","2015-07-30","","12.25"
"SAN CRISTOBAL","2015-07-29","","9.25"
"SAN CRISTOBAL","2015-07-28","","10.83333333"
"SAN CRISTOBAL","2015-07-27","","9.79166667"
"SAN CRISTOBAL","2015-07-26","","9.43478261"
"SAN CRISTOBAL","2015-07-25","","11.83333333"
"SAN CRISTOBAL","2015-07-24","","15.91666667"
"SAN CRISTOBAL","2015-07-23","","10.54166667"
"SAN CRISTOBAL","2015-07-22","","13.04166667"
"SAN CRISTOBAL","2015-07-21","","24.83333333"
"SAN CRISTOBAL","2015-07-20","","16.76470588"
"SAN CRISTOBAL","2015-07-19","","21.91666667"
"SAN CRISTOBAL","2015-07-18","","13.04166667"
"SAN CRISTOBAL","2015-07-17","","13.70833333"
"SAN CRISTOBAL","2015-07-16","","18.41666667"
"SAN CRISTOBAL","2015-07-15","","10.0"
"SAN CRISTOBAL","2015-07-14","","21.58333333"
"SAN CRISTOBAL","2015-07-13","","21.54166667"
"SAN CRISTOBAL","2015-07-12","","11.33333333"
"SAN CRISTOBAL","2015-07-11","","11.45833333"
"SAN CRISTOBAL","2015-07-10","","15.09090909"
"SAN CRISTOBAL","2015-07-09","","21.5"
"SAN CRISTOBAL","2015-07-08","","17.54166667"
"SAN CRISTOBAL","2015-07-07","","18.30769231"
"SAN CRISTOBAL","2015-07-06","","12.66666667"
"SAN CRISTOBAL","2015-07-05","","12.375"
"SAN CRISTOBAL","2015-07-04","","8.58333333"
"SAN CRISTOBAL","2015-07-03","","18.91304348"
"SAN CRISTOBAL","2015-07-02","","12.91666667"
"SAN CRISTOBAL","2015-07-01","","15.625"
"SAN CRISTOBAL","2015-06-30","","31.54545455"
"SAN CRISTOBAL","2015-06-29","","18.54166667"
"SAN CRISTOBAL","2015-06-28","","7.75"
"SAN CRISTOBAL","2015-06-27","","6.71428571"
"SAN CRISTOBAL","2015-06-26","","8.83333333"
"SAN CRISTOBAL","2015-06-25","","10.625"
"SAN CRISTOBAL","2015-06-24","","10.0"
"SAN CRISTOBAL","2015-06-23","","9.05"
"SAN CRISTOBAL","2015-06-22","","7.79166667"
"SAN CRISTOBAL","2015-06-21","","8.54166667"
"SAN CRISTOBAL","2015-06-20","","14.33333333"
"SAN CRISTOBAL","2015-06-19","","7.95833333"
"SAN CRISTOBAL","2015-06-18","","7.66666667"
"SAN CRISTOBAL","2015-06-17","","7.54545455"
"SAN CRISTOBAL","2015-06-16","","8.08333333"
"SAN CRISTOBAL","2015-06-15","","12.125"
"SAN CRISTOBAL","2015-06-14","","13.0"
"SAN CRISTOBAL","2015-06-13","","16.0952381"
"SAN CRISTOBAL","2015-06-12","","10.375"
"SAN CRISTOBAL","2015-06-11","","19.70833333"
"SAN CRISTOBAL","2015-06-10","","19.125"
"SAN CRISTOBAL","2015-06-09","","15.70833333"
"SAN CRISTOBAL","2015-06-08","","10.0"
"SAN CRISTOBAL","2015-06-07","","17.70833333"
"SAN CRISTOBAL","2015-06-06","","18.04166667"
"SAN CRISTOBAL","2015-06-05","","13.0"
"SAN CRISTOBAL","2015-06-04","","10.70833333"
"SAN CRISTOBAL","2015-06-03","","12.25"
"SAN CRISTOBAL","2015-06-02","","13.17391304"
"SAN CRISTOBAL","2015-06-01","","15.79166667"
"SAN CRISTOBAL","2015-05-31","","16.625"
"SAN CRISTOBAL","2015-05-30","","21.54166667"
"SAN CRISTOBAL","2015-05-29","","23.125"
"SAN CRISTOBAL","2015-05-28","","17.91666667"
"SAN CRISTOBAL","2015-05-27","","22.08333333"
"SAN CRISTOBAL","2015-05-26","","17.625"
"SAN CRISTOBAL","2015-05-25","","15.08333333"
"SAN CRISTOBAL","2015-05-24","","15.375"
"SAN CRISTOBAL","2015-05-23","","23.45833333"
"SAN CRISTOBAL","2015-05-22","","21.04166667"
"SAN CRISTOBAL","2015-05-21","","13.125"
"SAN CRISTOBAL","2015-05-20","","13.66666667"
"SAN CRISTOBAL","2015-05-19","","17.29166667"
"SAN CRISTOBAL","2015-05-18","","12.625"
"SAN CRISTOBAL","2015-05-17","","12.39130435"
"SAN CRISTOBAL","2015-05-16","","16.375"
"SAN CRISTOBAL","2015-05-15","","15.91666667"
"SAN CRISTOBAL","2015-05-14","","17.125"
"SAN CRISTOBAL","2015-05-13","","20.54166667"
"SAN CRISTOBAL","2015-05-12","","21.375"
"SAN CRISTOBAL","2015-05-11","","30.66666667"
"SAN CRISTOBAL","2015-05-10","","23.375"
"SAN CRISTOBAL","2015-05-09","","12.95833333"
"SAN CRISTOBAL","2015-05-08","","22.83333333"
"SAN CRISTOBAL","2015-05-07","","33.25"
"SAN CRISTOBAL","2015-05-06","","37.125"
"SAN CRISTOBAL","2015-05-05","","37.5"
"SAN CRISTOBAL","2015-05-04","","43.33333333"
"SAN CRISTOBAL","2015-05-03","","36.79166667"
"SAN CRISTOBAL","2015-05-02","","51.375"
"SAN CRISTOBAL","2015-05-01","","53.75"
"SAN CRISTOBAL","2015-04-30","","31.125"
"SAN CRISTOBAL","2015-04-29","","20.70833333"
"SAN CRISTOBAL","2015-04-28","","15.0"
"SAN CRISTOBAL","2015-04-27","","9.5"
"SAN CRISTOBAL","2015-04-26","","7.17391304"
"SAN CRISTOBAL","2015-04-25","","13.20833333"
"SAN CRISTOBAL","2015-04-24","","18.5"
"SAN CRISTOBAL","2015-04-23","","21.625"
"SAN CRISTOBAL","2015-04-22","","22.83333333"
"SAN CRISTOBAL","2015-04-21","","14.27272727"
"SAN CRISTOBAL","2015-04-20","","19.66666667"
"SAN CRISTOBAL","2015-04-19","","13.91666667"
"SAN CRISTOBAL","2015-04-18","","24.125"
"SAN CRISTOBAL","2015-04-17","","41.66666667"
"SAN CRISTOBAL","2015-04-16","","24.54166667"
"SAN CRISTOBAL","2015-04-15","","17.625"
"SAN CRISTOBAL","2015-04-14","","21.375"
"SAN CRISTOBAL","2015-04-13","","12.375"
"SAN CRISTOBAL","2015-04-12","","11.20833333"
"SAN CRISTOBAL","2015-04-11","","20.79166667"
"SAN CRISTOBAL","2015-04-10","","21.58333333"
"SAN CRISTOBAL","2015-04-09","","20.16666667"
"SAN CRISTOBAL","2015-04-08","","25.0"
"SAN CRISTOBAL","2015-04-07","","40.68181818"
"SAN CRISTOBAL","2015-04-06","","46.66666667"
"SAN CRISTOBAL","2015-04-05","","32.16666667"
"SAN CRISTOBAL","2015-04-04","","46.60869565"
"SAN CRISTOBAL","2015-04-03","","39.29166667"
"SAN CRISTOBAL","2015-04-02","","43.5"
"SAN CRISTOBAL","2015-04-01","","52.5"
"SAN CRISTOBAL","2015-03-31","","71.70833333"
"SAN CRISTOBAL","2015-03-30","","80.04166667"
"SAN CRISTOBAL","2015-03-29","","47.875"
"SAN CRISTOBAL","2015-03-28","","73.29166667"
"SAN CRISTOBAL","2015-03-27","","67.29166667"
"SAN CRISTOBAL","2015-03-26","","67.875"
"SAN CRISTOBAL","2015-03-25","","68.54166667"
"SAN CRISTOBAL","2015-03-24","","95.45833333"
"SAN CRISTOBAL","2015-03-23","","54.08333333"
"SAN CRISTOBAL","2015-03-22","","56.41666667"
"SAN CRISTOBAL","2015-03-21","","57.91666667"
"SAN CRISTOBAL","2015-03-20","","64.54166667"
"SAN CRISTOBAL","2015-03-19","","82.91666667"
"SAN CRISTOBAL","2015-03-18","","75.70833333"
"SAN CRISTOBAL","2015-03-17","","80.79166667"
"SAN CRISTOBAL","2015-03-16","","50.95833333"
"SAN CRISTOBAL","2015-03-15","","49.08333333"
"SAN CRISTOBAL","2015-03-14","","60.33333333"
"SAN CRISTOBAL","2015-03-13","","63.16666667"
"SAN CRISTOBAL","2015-03-12","","68.5"
"SAN CRISTOBAL","2015-03-11","","36.20833333"
"SAN CRISTOBAL","2015-03-10","","28.66666667"
"SAN CRISTOBAL","2015-03-09","","35.31818182"
"SAN CRISTOBAL","2015-03-08","","41.83333333"
"SAN CRISTOBAL","2015-03-07","","37.91666667"
"SAN CRISTOBAL","2015-03-06","","52.29166667"
"SAN CRISTOBAL","2015-03-05","","60.25"
"SAN CRISTOBAL","2015-03-04","","47.29166667"
"SAN CRISTOBAL","2015-03-03","","60.08333333"
"SAN CRISTOBAL","2015-03-02","","92.08333333"
"SAN CRISTOBAL","2015-03-01","","77.70833333"
"SAN CRISTOBAL","2015-02-28","","32.375"
"SAN CRISTOBAL","2015-02-27","","51.04347826"
"SAN CRISTOBAL","2015-02-26","","60.20833333"
"SAN CRISTOBAL","2015-02-25","","61.41666667"
"SAN CRISTOBAL","2015-02-24","","72.83333333"
"SAN CRISTOBAL","2015-02-21","","81.0"
"SAN CRISTOBAL","2015-02-20","","91.47826087"
"SAN CRISTOBAL","2015-02-19","","84.33333333"
"SAN CRISTOBAL","2015-02-18","","97.91666667"
"SAN CRISTOBAL","2015-02-17","","54.33333333"
"SAN CRISTOBAL","2015-02-16","","42.79166667"
"SAN CRISTOBAL","2015-02-15","","34.83333333"
"SAN CRISTOBAL","2015-02-14","","40.0"
"SAN CRISTOBAL","2015-02-13","","28.875"
"SAN CRISTOBAL","2015-02-12","","28.83333333"
"SAN CRISTOBAL","2015-02-11","","41.58333333"
"SAN CRISTOBAL","2015-02-10","","50.04166667"
"SAN CRISTOBAL","2015-02-09","","40.80952381"
"SAN CRISTOBAL","2015-02-08","","38.95833333"
"SAN CRISTOBAL","2015-02-07","","44.25"
"SAN CRISTOBAL","2015-02-06","","45.79166667"
"SAN CRISTOBAL","2015-02-05","","16.09090909"
"SAN CRISTOBAL","2015-02-04","","10.43478261"
"SAN CRISTOBAL","2015-02-03","","9.70833333"
"SAN CRISTOBAL","2015-02-02","","9.75"
"SAN CRISTOBAL","2015-02-01","","10.18181818"
"SAN CRISTOBAL","2015-01-31","","11.91666667"
"SAN CRISTOBAL","2015-01-30","","21.83333333"
"SAN CRISTOBAL","2015-01-29","","19.25"
"SAN CRISTOBAL","2015-01-28","","25.91666667"
"SAN CRISTOBAL","2015-01-27","","29.79166667"
"SAN CRISTOBAL","2015-01-26","","24.75"
"SAN CRISTOBAL","2015-01-25","","16.95833333"
"SAN CRISTOBAL","2015-01-24","","42.54166667"
"SAN CRISTOBAL","2015-01-23","","63.28571429"
"SAN CRISTOBAL","2015-01-22","","39.125"
"SAN CRISTOBAL","2015-01-21","","28.45833333"
"SAN CRISTOBAL","2015-01-20","","26.875"
"SAN CRISTOBAL","2015-01-19","","43.91666667"
"SAN CRISTOBAL","2015-01-18","","47.5"
"SAN CRISTOBAL","2015-01-17","","62.70833333"
"SAN CRISTOBAL","2015-01-16","","54.54166667"
"SAN CRISTOBAL","2015-01-15","","36.0"
"SAN CRISTOBAL","2015-01-14","","34.33333333"
"SAN CRISTOBAL","2015-01-13","","44.5"
"SAN CRISTOBAL","2015-01-12","","22.33333333"
"SAN CRISTOBAL","2015-01-11","","19.79166667"
"SAN CRISTOBAL","2015-01-10","","26.91666667"
"SAN CRISTOBAL","2015-01-09","","25.125"
"SAN CRISTOBAL","2015-01-08","","30.70833333"
"SAN CRISTOBAL","2015-01-07","","24.29166667"
"SAN CRISTOBAL","2015-01-06","","26.41666667"
"SAN CRISTOBAL","2015-01-05","","21.625"
"SAN CRISTOBAL","2015-01-04","","25.0"
"SAN CRISTOBAL","2015-01-03","","23.0"
"SAN CRISTOBAL","2015-01-02","","22.45833333"
"SAN CRISTOBAL","2015-01-01","","37.45833333"
"SAN CRISTOBAL","2014-12-31","","21.4375"
"SAN CRISTOBAL","2014-12-30","","26.22222224"
"SAN CRISTOBAL","2014-12-29","","27.84722223"
"SAN CRISTOBAL","2014-12-28","","24.52083333"
"SAN CRISTOBAL","2014-12-27","","30.08333334"
"SAN CRISTOBAL","2014-12-26","","25.29166667"
"SAN CRISTOBAL","2014-12-25","","53.86111112"
"SAN CRISTOBAL","2014-12-24","","35.25000001"
"SAN CRISTOBAL","2014-12-23","","25.79861111"
"SAN CRISTOBAL","2014-12-22","","36.72916667"
"SAN CRISTOBAL","2014-12-21","","56.59722223"
"SAN CRISTOBAL","2014-12-20","","52.11805555"
"SAN CRISTOBAL","2014-12-19","","66.36111111"
"SAN CRISTOBAL","2014-12-18","","60.77777778"
"SAN CRISTOBAL","2014-12-17","","55.15972223"
"SAN CRISTOBAL","2014-12-16","","49.25"
"SAN CRISTOBAL","2014-12-15","","64.0625"
"SAN CRISTOBAL","2014-12-14","","39.41666667"
"SAN CRISTOBAL","2014-12-13","","57.79861112"
"SAN CRISTOBAL","2014-12-12","","29.27083333"
"SAN CRISTOBAL","2014-12-11","","36.0486111"
"SAN CRISTOBAL","2014-12-10","","54.18055555"
"SAN CRISTOBAL","2014-12-09","","41.84722223"
"SAN CRISTOBAL","2014-12-08","","55.38888889"
"SAN CRISTOBAL","2014-12-07","","82.36111111"
"SAN CRISTOBAL","2014-12-06","","53.93055555"
"SAN CRISTOBAL","2014-12-05","","58.53472222"
"SAN CRISTOBAL","2014-12-04","","39.67424243"
"SAN CRISTOBAL","2014-12-03","","20.63888889"
"SAN CRISTOBAL","2014-12-02","","19.89583333"
"SAN CRISTOBAL","2014-12-01","","21.46527779"
"SAN CRISTOBAL","2014-11-30","","14.23611112"
"SAN CRISTOBAL","2014-11-29","","21.71527778"
"SAN CRISTOBAL","2014-11-28","","34.49305555"
"SAN CRISTOBAL","2014-11-27","","48.63043477"
"SAN CRISTOBAL","2014-11-26","","58.81944445"
"SAN CRISTOBAL","2014-11-25","","23.32638888"
"SAN CRISTOBAL","2014-11-24","","20.27777778"
"SAN CRISTOBAL","2014-11-23","","21.34027777"
"SAN CRISTOBAL","2014-11-22","","58.68749999"
"SAN CRISTOBAL","2014-11-21","","55.0"
"SAN CRISTOBAL","2014-11-20","","53.01515152"
"SAN CRISTOBAL","2014-11-19","","56.20833334"
"SAN CRISTOBAL","2014-11-18","","68.10416666"
"SAN CRISTOBAL","2014-11-17","","14.32638889"
"SAN CRISTOBAL","2014-11-16","","18.25"
"SAN CRISTOBAL","2014-11-15","","57.81944445"
"SAN CRISTOBAL","2014-11-14","","43.61805555"
"SAN CRISTOBAL","2014-11-13","","51.01388888"
"SAN CRISTOBAL","2014-11-12","","47.72916667"
"SAN CRISTOBAL","2014-11-11","","49.69444445"
"SAN CRISTOBAL","2014-11-10","","58.49305555"
"SAN CRISTOBAL","2014-11-09","","44.06944445"
"SAN CRISTOBAL","2014-11-08","","57.77777778"
"SAN CRISTOBAL","2014-11-07","","33.05000001"
"SAN CRISTOBAL","2014-11-06","","85.89814814"
"SAN CRISTOBAL","2014-11-05","","49.95833333"
"SAN CRISTOBAL","2014-11-04","","50.80555555"
"SAN CRISTOBAL","2014-11-03","","19.40277778"
"SAN CRISTOBAL","2014-11-02","","34.97916666"
"SAN CRISTOBAL","2014-11-01","","48.38194445"
"SAN CRISTOBAL","2014-10-31","","40.92424242"
"SAN CRISTOBAL","2014-10-29","","41.82407407"
"SAN CRISTOBAL","2014-10-28","","38.58333334"
"SAN CRISTOBAL","2014-10-27","","68.51388888"
"SAN CRISTOBAL","2014-10-26","","53.54166667"
"SAN CRISTOBAL","2014-10-25","","66.75"
"SAN CRISTOBAL","2014-10-24","","77.09027778"
"SAN CRISTOBAL","2014-10-23","","54.82608696"
"SAN CRISTOBAL","2014-10-22","","37.46527777"
"SAN CRISTOBAL","2014-10-21","","35.19861113"
"SAN CRISTOBAL","2014-10-20","","36.33333334"
"SAN CRISTOBAL","2014-10-19","","44.45138889"
"SAN CRISTOBAL","2014-10-18","","39.99999999"
"SAN CRISTOBAL","2014-10-17","","32.01944444"
"SAN CRISTOBAL","2014-10-16","","35.48611111"
"SAN CRISTOBAL","2014-10-15","","26.52777778"
"SAN CRISTOBAL","2014-10-14","","30.36805555"
"SAN CRISTOBAL","2014-10-13","","26.99999999"
"SAN CRISTOBAL","2014-10-12","","24.45138888"
"SAN CRISTOBAL","2014-10-11","","33.97916667"
"SAN CRISTOBAL","2014-10-10","","78.72916667"
"SAN CRISTOBAL","2014-10-09","","51.81944444"
"SAN CRISTOBAL","2014-10-08","","78.4375"
"SAN CRISTOBAL","2014-10-07","","35.31818182"
"SAN CRISTOBAL","2014-10-06","","31.19444444"
"SAN CRISTOBAL","2014-10-05","","46.46969697"
"SAN CRISTOBAL","2014-10-04","","57.75"
"SAN CRISTOBAL","2014-10-03","","30.38888888"
"SAN CRISTOBAL","2014-10-02","","37.76190476"
"SAN CRISTOBAL","2014-09-20","","39.75438596"
"SAN CRISTOBAL","2014-09-19","","52.93055556"
"SAN CRISTOBAL","2014-09-18","","55.4236111"
"SAN CRISTOBAL","2014-09-17","","52.81944444"
"SAN CRISTOBAL","2014-09-16","","31.47916666"
"SAN CRISTOBAL","2014-09-15","","27.09027778"
"SAN CRISTOBAL","2014-09-14","","24.36111112"
"SAN CRISTOBAL","2014-09-13","","29.74305555"
"SAN CRISTOBAL","2014-09-12","","33.50694445"
"SAN CRISTOBAL","2014-09-11","","27.94444445"
"SAN CRISTOBAL","2014-09-10","","54.44444444"
"SAN CRISTOBAL","2014-09-09","","37.88888889"
"SAN CRISTOBAL","2014-09-08","","26.84722222"
"SAN CRISTOBAL","2014-09-07","","20.72222222"
"SAN CRISTOBAL","2014-09-06","","27.05555556"
"SAN CRISTOBAL","2014-09-05","","41.01388888"
"SAN CRISTOBAL","2014-09-04","","29.50694444"
"SAN CRISTOBAL","2014-09-03","","29.3125"
"SAN CRISTOBAL","2014-09-02","","71.61805555"
"SAN CRISTOBAL","2014-09-01","","34.35416667"
"SAN CRISTOBAL","2014-08-31","","35.12499999"
"SAN CRISTOBAL","2014-08-30","","40.28472223"
"SAN CRISTOBAL","2014-08-29","","25.63194444"
"SAN CRISTOBAL","2014-08-28","","57.33333334"
"SAN CRISTOBAL","2014-08-27","","31.5"
"SAN CRISTOBAL","2014-08-26","","21.97916666"
"SAN CRISTOBAL","2014-08-25","","32.52777778"
"SAN CRISTOBAL","2014-08-24","","35.69999999"
"SAN CRISTOBAL","2014-08-23","","50.98484849"
"SAN CRISTOBAL","2014-08-22","","50.86805555"
"SAN CRISTOBAL","2014-08-21","","39.04861111"
"SAN CRISTOBAL","2014-08-20","","52.15"
"SAN CRISTOBAL","2014-08-14","","13.0"
"SAN CRISTOBAL","2014-07-18","","17.05555557"
"SAN CRISTOBAL","2014-07-17","","30.27777778"
"SAN CRISTOBAL","2014-07-16","","23.0625"
"SAN CRISTOBAL","2014-07-15","","22.59722222"
"SAN CRISTOBAL","2014-07-14","","26.82638888"
"SAN CRISTOBAL","2014-07-13","","18.73611111"
"SAN CRISTOBAL","2014-07-12","","17.32638889"
"SAN CRISTOBAL","2014-07-11","","19.22916667"
"SAN CRISTOBAL","2014-07-10","","23.72222222"
"SAN CRISTOBAL","2014-07-09","","22.80555554"
"SAN CRISTOBAL","2014-07-08","","18.24305555"
"SAN CRISTOBAL","2014-07-07","","18.125"
"SAN CRISTOBAL","2014-07-06","","24.79861111"
"SAN CRISTOBAL","2014-07-05","","39.29861111"
"SAN CRISTOBAL","2014-07-04","","33.71527777"
"SAN CRISTOBAL","2014-07-03","","50.95138888"
"SAN CRISTOBAL","2014-07-02","","26.59722223"
"SAN CRISTOBAL","2014-07-01","","31.79166666"
"SAN CRISTOBAL","2014-06-30","","26.09027778"
"SAN CRISTOBAL","2014-06-29","","22.60416667"
"SAN CRISTOBAL","2014-06-28","","58.95138888"
"SAN CRISTOBAL","2014-06-27","","210.02083334"
"SAN CRISTOBAL","2014-06-26","","100.18749999"
"SAN CRISTOBAL","2014-06-25","","46.56249999"
"SAN CRISTOBAL","2014-06-24","","40.57291668"
"SAN CRISTOBAL","2014-06-23","","24.35833335"
"SAN CRISTOBAL","2014-06-22","","30.925"
"SAN CRISTOBAL","2014-06-21","","46.42857142"
"SAN CRISTOBAL","2014-06-20","","31.6969697"
"SAN CRISTOBAL","2014-06-19","","24.13194445"
"SAN CRISTOBAL","2014-06-18","","50.38194445"
"SAN CRISTOBAL","2014-06-17","","38.39583333"
"SAN CRISTOBAL","2014-06-16","","21.60416666"
"SAN CRISTOBAL","2014-06-15","","18.76388889"
"SAN CRISTOBAL","2014-06-14","","23.34722222"
"SAN CRISTOBAL","2014-06-13","","31.09722222"
"SAN CRISTOBAL","2014-06-12","","28.51388889"
"SAN CRISTOBAL","2014-06-11","","29.35416668"
"SAN CRISTOBAL","2014-06-10","","26.94444444"
"SAN CRISTOBAL","2014-06-09","","37.20138889"
"SAN CRISTOBAL","2014-06-08","","32.99305555"
"SAN CRISTOBAL","2014-06-07","","37.09848484"
"SAN CRISTOBAL","2014-06-06","","39.06818181"
"SAN CRISTOBAL","2014-06-05","","29.20833333"
"SAN CRISTOBAL","2014-06-04","","41.52777778"
"SAN CRISTOBAL","2014-06-03","","38.23611111"
"SAN CRISTOBAL","2014-06-02","","25.05555555"
"SAN CRISTOBAL","2014-06-01","","24.30555556"
"SAN CRISTOBAL","2014-05-31","","28.56250001"
"SAN CRISTOBAL","2014-05-30","","36.65277779"
"SAN CRISTOBAL","2014-05-29","","40.01666667"
"SAN CRISTOBAL","2014-05-28","","20.25"
"SAN CRISTOBAL","2014-05-23","","32.97222223"
"SAN CRISTOBAL","2014-05-22","","35.80555556"
"SAN CRISTOBAL","2014-05-21","","61.18055556"
"SAN CRISTOBAL","2014-05-20","","24.21527778"
"SAN CRISTOBAL","2014-05-19","","25.375"
"SAN CRISTOBAL","2014-05-18","","22.05555555"
"SAN CRISTOBAL","2014-05-17","","34.0625"
"SAN CRISTOBAL","2014-05-16","","28.77083333"
"SAN CRISTOBAL","2014-05-15","","31.76388889"
"SAN CRISTOBAL","2014-05-14","","22.20138889"
"SAN CRISTOBAL","2014-05-13","","29.15972222"
"SAN CRISTOBAL","2014-05-12","","37.86805555"
"SAN CRISTOBAL","2014-05-11","","37.13194444"
"SAN CRISTOBAL","2014-05-10","","51.49242424"
"SAN CRISTOBAL","2014-05-09","","39.84027778"
"SAN CRISTOBAL","2014-05-08","","63.3125"
"SAN CRISTOBAL","2014-05-07","","53.81944445"
"SAN CRISTOBAL","2014-05-06","","42.9375"
"SAN CRISTOBAL","2014-05-05","","34.68055555"
"SAN CRISTOBAL","2014-05-04","","28.38194445"
"SAN CRISTOBAL","2014-05-03","","33.53472222"
"SAN CRISTOBAL","2014-05-02","","30.34444445"
"SAN CRISTOBAL","2014-05-01","","27.09027778"
"SAN CRISTOBAL","2014-04-30","","29.81249999"
"SAN CRISTOBAL","2014-04-29","","27.88611111"
"SAN CRISTOBAL","2014-04-28","","27.1875"
"SAN CRISTOBAL","2014-04-27","","26.25"
"SAN CRISTOBAL","2014-04-26","","19.3402778"
"SAN CRISTOBAL","2014-04-25","","28.36805555"
"SAN CRISTOBAL","2014-04-24","","25.95138888"
"SAN CRISTOBAL","2014-04-23","","45.02083333"
"SAN CRISTOBAL","2014-04-22","","40.86111111"
"SAN CRISTOBAL","2014-04-21","","23.13194445"
"SAN CRISTOBAL","2014-04-20","","14.36111112"
"SAN CRISTOBAL","2014-04-19","","18.90277778"
"SAN CRISTOBAL","2014-04-18","","18.69444445"
"SAN CRISTOBAL","2014-04-17","","22.83333333"
"SAN CRISTOBAL","2014-04-16","","43.68055556"
"SAN CRISTOBAL","2014-04-15","","26.40972223"
"SAN CRISTOBAL","2014-04-14","","54.29166668"
"SAN CRISTOBAL","2014-04-13","","39.41666666"
"SAN CRISTOBAL","2014-04-12","","43.31944445"
"SAN CRISTOBAL","2014-04-11","","43.00694444"
"SAN CRISTOBAL","2014-04-10","","42.73611111"
"SAN CRISTOBAL","2014-04-09","","29.0625"
"SAN CRISTOBAL","2014-04-08","","26.98611112"
"SAN CRISTOBAL","2014-04-07","","23.10416666"
"SAN CRISTOBAL","2014-04-06","","15.08333333"
"SAN CRISTOBAL","2014-04-05","","21.54166666"
"SAN CRISTOBAL","2014-04-04","","33.30555555"
"SAN CRISTOBAL","2014-04-03","","41.46969697"
"SAN CRISTOBAL","2014-04-02","","43.06060605"
"SAN CRISTOBAL","2014-04-01","","59.23958334"
"SAN CRISTOBAL","2014-03-31","","71.725"
"SAN CRISTOBAL","2014-03-30","","100.38888888"
"SAN CRISTOBAL","2014-03-29","","87.02083334"
"SAN CRISTOBAL","2014-03-28","","51.47916667"
"SAN CRISTOBAL","2014-03-27","","54.76666666"
"SAN CRISTOBAL","2014-03-26","","40.20833333"
"SAN CRISTOBAL","2014-03-25","","28.70138888"
"SAN CRISTOBAL","2014-03-24","","37.90972222"
"SAN CRISTOBAL","2014-03-23","","36.27083334"
"SAN CRISTOBAL","2014-03-22","","47.56944444"
"SAN CRISTOBAL","2014-03-21","","46.4"
"SAN CRISTOBAL","2014-03-18","","29.8333333"
"SAN CRISTOBAL","2014-03-17","","36.0"
"SAN CRISTOBAL","2014-03-16","","57.39215686"
"SAN CRISTOBAL","2014-03-15","","80.87499998"
"SAN CRISTOBAL","2014-03-13","","84.8333333"
"SAN CRISTOBAL","2014-03-11","","44.52564102"
"SAN CRISTOBAL","2014-03-10","","66.33333335"
"SAN CRISTOBAL","2014-03-08","","45.0"
"SAN CRISTOBAL","2014-03-07","","68.32638889"
"SAN CRISTOBAL","2014-03-06","","58.40972223"
"SAN CRISTOBAL","2014-03-05","","64.40579711"
"SAN CRISTOBAL","2014-03-04","","61.82638889"
"SAN CRISTOBAL","2014-03-03","","59.77083334"
"SAN CRISTOBAL","2014-03-02","","43.21527778"
"SAN CRISTOBAL","2014-03-01","","44.64583334"
"SAN CRISTOBAL","2014-02-28","","60.17361111"
"SAN CRISTOBAL","2014-02-27","","42.40972222"
"SAN CRISTOBAL","2014-02-26","","28.59523811"
"SAN CRISTOBAL","2014-02-25","","51.46875"
"SAN CRISTOBAL","2014-02-24","","41.99305557"
"SAN CRISTOBAL","2014-02-23","","64.95138888"
"SAN CRISTOBAL","2014-02-22","","45.1969697"
"SAN CRISTOBAL","2014-02-21","","40.82638888"
"SAN CRISTOBAL","2014-02-20","","63.99305555"
"SAN CRISTOBAL","2014-02-19","","62.0"
"SAN CRISTOBAL","2014-02-18","","67.7638889"
"SAN CRISTOBAL","2014-02-17","","65.59027778"
"SAN CRISTOBAL","2014-02-16","","66.92361111"
"SAN CRISTOBAL","2014-02-15","","64.94444445"
"SAN CRISTOBAL","2014-02-14","","68.03472222"
"SAN CRISTOBAL","2014-02-13","","62.38888889"
"SAN CRISTOBAL","2014-02-12","","36.5138889"
"SAN CRISTOBAL","2014-02-11","","29.39583333"
"SAN CRISTOBAL","2014-02-10","","30.94444444"
"SAN CRISTOBAL","2014-02-09","","36.63194445"
"SAN CRISTOBAL","2014-02-08","","37.50000001"
"SAN CRISTOBAL","2014-02-07","","51.43055555"
"SAN CRISTOBAL","2014-02-06","","68.56944443"
"SAN CRISTOBAL","2014-02-05","","64.55555556"
"SAN CRISTOBAL","2014-02-04","","71.52777779"
"SAN CRISTOBAL","2014-02-03","","47.35416667"
"SAN CRISTOBAL","2014-02-02","","73.80555556"
"SAN CRISTOBAL","2014-02-01","","47.63888889"
"SAN CRISTOBAL","2014-01-31","","41.5"
"SAN CRISTOBAL","2014-01-30","","59.89583333"
"SAN CRISTOBAL","2014-01-29","","48.33333334"
"SAN CRISTOBAL","2014-01-28","","50.98611113"
"SAN CRISTOBAL","2014-01-27","","43.95138888"
"SAN CRISTOBAL","2014-01-26","","58.0"
"SAN CRISTOBAL","2014-01-25","","59.90972222"
"SAN CRISTOBAL","2014-01-24","","64.04861112"
"SAN CRISTOBAL","2014-01-23","","34.99305556"
"SAN CRISTOBAL","2014-01-22","","45.875"
"SAN CRISTOBAL","2014-01-21","","40.71527778"
"SAN CRISTOBAL","2014-01-20","","20.1875"
"SAN CRISTOBAL","2014-01-19","","18.97222223"
"SAN CRISTOBAL","2014-01-18","","15.85416667"
"SAN CRISTOBAL","2014-01-17","","25.70138889"
"SAN CRISTOBAL","2014-01-16","","48.875"
"SAN CRISTOBAL","2014-01-15","","28.45138889"
"SAN CRISTOBAL","2014-01-14","","27.80555555"
"SAN CRISTOBAL","2014-01-13","","34.03472222"
"SAN CRISTOBAL","2014-01-12","","59.24305556"
"SAN CRISTOBAL","2014-01-11","","44.3263889"
"SAN CRISTOBAL","2014-01-10","","38.63194445"
"SAN CRISTOBAL","2014-01-09","","20.77777778"
"SAN CRISTOBAL","2014-01-08","","36.00694445"
"SAN CRISTOBAL","2014-01-07","","39.74305555"
"SAN CRISTOBAL","2014-01-06","","21.02083333"
"SAN CRISTOBAL","2014-01-05","","36.59722222"
"SAN CRISTOBAL","2014-01-04","","16.45833333"
"SAN CRISTOBAL","2014-01-03","","21.02083334"
"SAN CRISTOBAL","2014-01-02","","25.32638889"
"SAN CRISTOBAL","2014-01-01","","21.79166667"
"SAN CRISTOBAL","2013-12-31","","18.8"
"SAN CRISTOBAL","2013-12-30","","18.56944444"
"SAN CRISTOBAL","2013-12-29","","17.8125"
"SAN CRISTOBAL","2013-12-28","","20.58333333"
"SAN CRISTOBAL","2013-12-27","","30.64583333"
"SAN CRISTOBAL","2013-12-26","","29.72916668"
"SAN CRISTOBAL","2013-12-25","","36.13888889"
"SAN CRISTOBAL","2013-12-24","","56.28472223"
"SAN CRISTOBAL","2013-12-23","","40.11111111"
"SAN CRISTOBAL","2013-12-22","","43.31944445"
"SAN CRISTOBAL","2013-12-21","","50.87499999"
"SAN CRISTOBAL","2013-12-20","","56.86805555"
"SAN CRISTOBAL","2013-12-19","","46.82638889"
"SAN CRISTOBAL","2013-12-18","","54.92361111"
"SAN CRISTOBAL","2013-12-17","","41.1574074"
"SAN CRISTOBAL","2013-12-16","","18.81666667"
"SAN CRISTOBAL","2013-12-03","","27.8508772"
"SAN CRISTOBAL","2013-12-02","","24.4375"
"SAN CRISTOBAL","2013-12-01","","35.72916666"
"SAN CRISTOBAL","2013-11-30","","69.36805556"
"SAN CRISTOBAL","2013-11-29","","60.02777778"
"SAN CRISTOBAL","2013-11-28","","62.71969697"
"SAN CRISTOBAL","2013-11-27","","43.84722222"
"SAN CRISTOBAL","2013-11-26","","63.34722222"
"SAN CRISTOBAL","2013-11-25","","53.46527778"
"SAN CRISTOBAL","2013-11-24","","37.86805555"
"SAN CRISTOBAL","2013-11-23","","34.70833333"
"SAN CRISTOBAL","2013-11-22","","44.21527778"
"SAN CRISTOBAL","2013-11-21","","63.13636365"
"SAN CRISTOBAL","2013-11-19","","44.59722222"
"SAN CRISTOBAL","2013-11-18","","43.59722223"
"SAN CRISTOBAL","2013-11-17","","44.36805556"
"SAN CRISTOBAL","2013-11-16","","19.3125"
"SAN CRISTOBAL","2013-11-15","","20.1736111"
"SAN CRISTOBAL","2013-11-14","","23.37878788"
"SAN CRISTOBAL","2013-11-13","","21.37499999"
"SAN CRISTOBAL","2013-11-12","","24.0138889"
"SAN CRISTOBAL","2013-11-11","","13.42361113"
"SAN CRISTOBAL","2013-11-10","","29.22222222"
"SAN CRISTOBAL","2013-11-09","","55.86111111"
"SAN CRISTOBAL","2013-11-08","","53.6111111"
"SAN CRISTOBAL","2013-11-07","","36.71527778"
"SAN CRISTOBAL","2013-11-06","","67.875"
"SAN CRISTOBAL","2013-11-05","","55.16666666"
"SAN CRISTOBAL","2013-11-04","","25.40972222"
"SAN CRISTOBAL","2013-11-03","","43.19444445"
"SAN CRISTOBAL","2013-11-02","","37.20138889"
"SAN CRISTOBAL","2013-11-01","","41.3846154"
"SAN CRISTOBAL","2013-10-31","","34.54861112"
"SAN CRISTOBAL","2013-10-30","","58.16666666"
"SAN CRISTOBAL","2013-10-29","","38.24305555"
"SAN CRISTOBAL","2013-10-28","","33.34126985"
"SAN CRISTOBAL","2013-10-27","","42.99305555"
"SAN CRISTOBAL","2013-10-26","","21.34027779"
"SAN CRISTOBAL","2013-10-25","","14.92361111"
"SAN CRISTOBAL","2013-10-24","","19.19444445"
"SAN CRISTOBAL","2013-10-23","","38.72222223"
"SAN CRISTOBAL","2013-10-22","","36.69444444"
"SAN CRISTOBAL","2013-10-21","","16.9236111"
"SAN CRISTOBAL","2013-10-20","","29.73611111"
"SAN CRISTOBAL","2013-10-19","","16.68749999"
"SAN CRISTOBAL","2013-10-18","","37.12500001"
"SAN CRISTOBAL","2013-10-17","","21.15277778"
"SAN CRISTOBAL","2013-10-16","","42.86805555"
"SAN CRISTOBAL","2013-10-15","","24.95833335"
"SAN CRISTOBAL","2013-10-14","","28.5625"
"SAN CRISTOBAL","2013-10-13","","28.46527778"
"SAN CRISTOBAL","2013-10-12","","32.49305555"
"SAN CRISTOBAL","2013-10-11","","43.61111112"
"SAN CRISTOBAL","2013-10-10","","27.11805555"
"SAN CRISTOBAL","2013-10-09","","29.40972223"
"SAN CRISTOBAL","2013-10-08","","18.83333334"
"SAN CRISTOBAL","2013-10-07","","18.39285713"
"SAN CRISTOBAL","2013-10-06","","15.63888889"
"SAN CRISTOBAL","2013-10-05","","24.03472222"
"SAN CRISTOBAL","2013-10-04","","16.95833334"
"SAN CRISTOBAL","2013-10-03","","20.22916667"
"SAN CRISTOBAL","2013-10-02","","17.85416667"
"SAN CRISTOBAL","2013-10-01","","44.96527778"
"SAN CRISTOBAL","2013-09-30","","17.63636364"
"SAN CRISTOBAL","2013-09-29","","17.63888888"
"SAN CRISTOBAL","2013-09-28","","18.94444445"
"SAN CRISTOBAL","2013-09-27","","19.46527778"
"SAN CRISTOBAL","2013-09-26","","16.50757575"
"SAN CRISTOBAL","2013-09-25","","18.72916667"
"SAN CRISTOBAL","2013-09-24","","18.84027778"
"SAN CRISTOBAL","2013-09-23","","15.20833333"
"SAN CRISTOBAL","2013-09-22","","16.45138889"
"SAN CRISTOBAL","2013-09-21","","38.09722223"
"SAN CRISTOBAL","2013-09-20","","22.25757575"
"SAN CRISTOBAL","2013-09-19","","15.19444445"
"SAN CRISTOBAL","2013-09-18","","21.3125"
"SAN CRISTOBAL","2013-09-17","","26.47222223"
"SAN CRISTOBAL","2013-09-16","","17.6875"
"SAN CRISTOBAL","2013-09-15","","16.29861111"
"SAN CRISTOBAL","2013-09-14","","22.77083334"
"SAN CRISTOBAL","2013-09-13","","63.56944443"
"SAN CRISTOBAL","2013-09-12","","103.47222223"
"SAN CRISTOBAL","2013-09-10","","19.19444445"
"SAN CRISTOBAL","2013-09-09","","22.0625"
"SAN CRISTOBAL","2013-09-08","","12.37500001"
"SAN CRISTOBAL","2013-09-07","","18.40277778"
"SAN CRISTOBAL","2013-09-06","","12.22222222"
"SAN CRISTOBAL","2013-09-05","","17.74305556"
"SAN CRISTOBAL","2013-09-04","","47.20833333"
"SAN CRISTOBAL","2013-09-03","","50.61805556"
"SAN CRISTOBAL","2013-09-02","","50.84722223"
"SAN CRISTOBAL","2013-09-01","","17.625"
"SAN CRISTOBAL","2013-08-31","","14.5625"
"SAN CRISTOBAL","2013-08-30","","17.63888889"
"SAN CRISTOBAL","2013-08-29","","14.27083333"
"SAN CRISTOBAL","2013-08-28","","15.5486111"
"SAN CRISTOBAL","2013-08-27","","12.72916665"
"SAN CRISTOBAL","2013-08-26","","14.93478261"
"SAN CRISTOBAL","2013-08-25","","25.86231883"
"SAN CRISTOBAL","2013-08-24","","47.0289855"
"SAN CRISTOBAL","2013-08-23","","20.65972222"
"SAN CRISTOBAL","2013-08-22","","16.80555555"
"SAN CRISTOBAL","2013-08-21","","15.23611112"
"SAN CRISTOBAL","2013-08-20","","17.83333333"
"SAN CRISTOBAL","2013-08-19","","21.20454546"
"SAN CRISTOBAL","2013-08-18","","28.5625"
"SAN CRISTOBAL","2013-08-17","","15.88636364"
"SAN CRISTOBAL","2013-08-16","","16.375"
"SAN CRISTOBAL","2013-08-15","","15.04166666"
"SAN CRISTOBAL","2013-08-14","","18.68750001"
"SAN CRISTOBAL","2013-08-13","","51.67361111"
"SAN CRISTOBAL","2013-08-12","","25.07638889"
"SAN CRISTOBAL","2013-08-11","","36.20138889"
"SAN CRISTOBAL","2013-08-10","","40.40972223"
"SAN CRISTOBAL","2013-08-09","","65.62500001"
"SAN CRISTOBAL","2013-08-08","","39.61111111"
"SAN CRISTOBAL","2013-08-07","","28.21428572"
"SAN CRISTOBAL","2013-08-06","","52.33333333"
"SAN CRISTOBAL","2013-08-05","","25.56410256"
"SAN CRISTOBAL","2013-08-04","","25.5873016"
"SAN CRISTOBAL","2013-08-03","","24.12500001"
"SAN CRISTOBAL","2013-08-02","","17.17361111"
"SAN CRISTOBAL","2013-08-01","","19.75"
"SAN CRISTOBAL","2013-07-31","","16.36111111"
"SAN CRISTOBAL","2013-07-30","","22.47222223"
"SAN CRISTOBAL","2013-07-29","","13.9621212"
"SAN CRISTOBAL","2013-07-28","","8.29861112"
"SAN CRISTOBAL","2013-07-27","","14.6875"
"SAN CRISTOBAL","2013-07-26","","12.36111111"
"SAN CRISTOBAL","2013-07-25","","12.46527778"
"SAN CRISTOBAL","2013-07-24","","12.0138889"
"SAN CRISTOBAL","2013-07-23","","25.73611111"
"SAN CRISTOBAL","2013-07-22","","14.36111111"
"SAN CRISTOBAL","2013-07-21","","13.20833333"
"SAN CRISTOBAL","2013-07-20","","28.98611111"
"SAN CRISTOBAL","2013-07-19","","24.97222222"
"SAN CRISTOBAL","2013-07-18","","15.25"
"SAN CRISTOBAL","2013-07-17","","13.54166667"
"SAN CRISTOBAL","2013-07-16","","13.46527778"
"SAN CRISTOBAL","2013-07-15","","13.34722222"
"SAN CRISTOBAL","2013-07-14","","34.83333333"
"SAN CRISTOBAL","2013-07-13","","36.60416667"
"SAN CRISTOBAL","2013-07-12","","39.19444444"
"SAN CRISTOBAL","2013-07-11","","28.75"
"SAN CRISTOBAL","2013-07-10","","14.21527777"
"SAN CRISTOBAL","2013-07-09","","18.24999999"
"SAN CRISTOBAL","2013-07-07","","17.10416667"
"SAN CRISTOBAL","2013-07-06","","16.46825398"
"SAN CRISTOBAL","2013-07-05","","22.19444444"
"SAN CRISTOBAL","2013-07-04","","47.38194444"
"SAN CRISTOBAL","2013-07-03","","42.88194445"
"SAN CRISTOBAL","2013-07-02","","24.06944445"
"SAN CRISTOBAL","2013-07-01","","22.16666668"
"SAN CRISTOBAL","2013-06-30","","61.97222222"
"SAN CRISTOBAL","2013-06-29","","45.69444443"
"SAN CRISTOBAL","2013-06-28","","20.04861111"
"SAN CRISTOBAL","2013-06-27","","27.81060606"
"SAN CRISTOBAL","2013-06-26","","24.97222222"
"SAN CRISTOBAL","2013-06-25","","30.22222221"
"SAN CRISTOBAL","2013-06-24","","14.47222223"
"SAN CRISTOBAL","2013-06-23","","26.7986111"
"SAN CRISTOBAL","2013-06-22","","21.27083332"
"SAN CRISTOBAL","2013-06-21","","15.53472223"
"SAN CRISTOBAL","2013-06-20","","13.97222223"
"SAN CRISTOBAL","2013-06-19","","13.36111111"
"SAN CRISTOBAL","2013-06-18","","41.22916666"
"SAN CRISTOBAL","2013-06-17","","34.36805555"
"SAN CRISTOBAL","2013-06-16","","16.10416666"
"SAN CRISTOBAL","2013-06-15","","45.16666667"
"SAN CRISTOBAL","2013-06-14","","26.27083333"
"SAN CRISTOBAL","2013-06-13","","27.95833333"
"SAN CRISTOBAL","2013-06-12","","22.04166667"
"SAN CRISTOBAL","2013-06-11","","24.68055555"
"SAN CRISTOBAL","2013-06-10","","14.72222223"
"SAN CRISTOBAL","2013-06-09","","12.65972223"
"SAN CRISTOBAL","2013-06-08","","15.34027778"
"SAN CRISTOBAL","2013-06-07","","14.40277778"
"SAN CRISTOBAL","2013-06-06","","26.61594203"
"SAN CRISTOBAL","2013-06-05","","18.91304348"
"SAN CRISTOBAL","2013-06-04","","17.0"
"SAN CRISTOBAL","2013-06-03","","14.375"
"SAN CRISTOBAL","2013-06-02","","18.79166667"
"SAN CRISTOBAL","2013-06-01","","60.77083333"
"SAN CRISTOBAL","2013-05-31","","30.27777778"
"SAN CRISTOBAL","2013-05-30","","28.49242424"
"SAN CRISTOBAL","2013-05-29","","30.45833333"
"SAN CRISTOBAL","2013-05-28","","34.5"
"SAN CRISTOBAL","2013-05-27","","39.16666667"
"SAN CRISTOBAL","2013-05-26","","26.0"
"SAN CRISTOBAL","2013-05-25","","37.70833333"
"SAN CRISTOBAL","2013-05-24","","34.58333333"
"SAN CRISTOBAL","2013-05-23","","62.39583333"
"SAN CRISTOBAL","2013-05-22","","57.47916667"
"SAN CRISTOBAL","2013-05-21","","40.8125"
"SAN CRISTOBAL","2013-05-20","","22.95833333"
"SAN CRISTOBAL","2013-05-19","","19.81944445"
"SAN CRISTOBAL","2013-05-18","","23.20833333"
"SAN CRISTOBAL","2013-05-17","","28.20833333"
"SAN CRISTOBAL","2013-05-16","","26.125"
"SAN CRISTOBAL","2013-05-15","","34.27777778"
"SAN CRISTOBAL","2013-05-14","","21.3125"
"SAN CRISTOBAL","2013-05-13","","21.6875"
"SAN CRISTOBAL","2013-05-12","","25.57638889"
"SAN CRISTOBAL","2013-05-11","","42.91666666"
"SAN CRISTOBAL","2013-05-10","","47.11805556"
"SAN CRISTOBAL","2013-05-09","","23.93750001"
"SAN CRISTOBAL","2013-05-08","","31.09166667"
"SAN CRISTOBAL","2013-05-07","","37.66666665"
"SAN CRISTOBAL","2013-05-06","","44.49305556"
"SAN CRISTOBAL","2013-05-05","","41.88194444"
"SAN CRISTOBAL","2013-05-04","","60.8125"
"SAN CRISTOBAL","2013-05-03","","46.29166666"
"SAN CRISTOBAL","2013-05-02","","44.59722223"
"SAN CRISTOBAL","2013-04-26","","54.81944443"
"SAN CRISTOBAL","2013-04-25","","46.72222222"
"SAN CRISTOBAL","2013-04-24","","49.47222223"
"SAN CRISTOBAL","2013-04-23","","64.80952381"
"SAN CRISTOBAL","2013-04-18","","41.85185184"
"SAN CRISTOBAL","2013-04-17","","26.69230769"
"SAN CRISTOBAL","2013-04-11","","53.335"
"SAN CRISTOBAL","2013-04-10","","54.15384616"
"SAN CRISTOBAL","2013-04-09","","56.44927537"
"SAN CRISTOBAL","2013-04-08","","50.77777777"
"SAN CRISTOBAL","2013-04-07","","49.60416668"
"SAN CRISTOBAL","2013-04-06","","59.29861112"
"SAN CRISTOBAL","2013-04-05","","67.34027778"
"SAN CRISTOBAL","2013-04-04","","62.0"
"SAN CRISTOBAL","2013-04-03","","67.70833333"
"SAN CRISTOBAL","2013-04-02","","35.85416667"
"SAN CRISTOBAL","2013-04-01","","35.07692308"
"SAN CRISTOBAL","2013-03-21","","76.47916668"
"SAN CRISTOBAL","2013-03-20","","71.91666668"
"SAN CRISTOBAL","2013-03-19","","62.13194445"
"SAN CRISTOBAL","2013-03-18","","38.6969697"
"SAN CRISTOBAL","2013-03-14","","52.27777778"
"SAN CRISTOBAL","2013-03-13","","35.43055555"
"SAN CRISTOBAL","2013-02-28","","29.69791668"
"SAN CRISTOBAL","2013-02-27","","32.39583333"
"SAN CRISTOBAL","2013-02-26","","32.92361112"
"SAN CRISTOBAL","2013-02-25","","35.56249999"
"SAN CRISTOBAL","2013-02-24","","32.26388889"
"SAN CRISTOBAL","2013-02-23","","38.11111111"
"SAN CRISTOBAL","2013-02-22","","34.38194444"
"SAN CRISTOBAL","2013-02-21","","29.30303029"
"SAN CRISTOBAL","2013-02-20","","32.8263889"
"SAN CRISTOBAL","2013-02-19","","39.69444444"
"SAN CRISTOBAL","2013-02-18","","38.5625"
"SAN CRISTOBAL","2013-02-17","","51.08333333"
"SAN CRISTOBAL","2013-02-16","","43.59027778"
"SAN CRISTOBAL","2013-02-15","","53.76388889"
"SAN CRISTOBAL","2013-02-14","","69.29166666"
"SAN CRISTOBAL","2013-02-13","","59.59027777"
"SAN CRISTOBAL","2013-02-12","","56.79166667"
"SAN CRISTOBAL","2013-02-11","","53.73611111"
"SAN CRISTOBAL","2013-02-10","","53.28985508"
"SAN CRISTOBAL","2013-02-09","","72.41666667"
"SAN CRISTOBAL","2013-02-08","","69.08333333"
"SAN CRISTOBAL","2013-02-07","","53.84126984"
"SAN CRISTOBAL","2013-02-06","","85.36666667"
"SAN CRISTOBAL","2013-02-05","","64.30555556"
"SAN CRISTOBAL","2013-02-04","","64.43750001"
"SAN CRISTOBAL","2013-02-03","","66.15277778"
"SAN CRISTOBAL","2013-02-02","","34.51388889"
"SAN CRISTOBAL","2013-02-01","","39.77083333"
"SAN CRISTOBAL","2013-01-31","","39.12499999"
"SAN CRISTOBAL","2013-01-27","","38.85555554"
"SAN CRISTOBAL","2013-01-26","","49.00694445"
"SAN CRISTOBAL","2013-01-25","","56.53787878"
"SAN CRISTOBAL","2013-01-24","","55.62500001"
"SAN CRISTOBAL","2013-01-23","","44.49242424"
"SAN CRISTOBAL","2013-01-22","","33.3095238"
"SAN CRISTOBAL","2013-01-21","","28.95833333"
"SAN CRISTOBAL","2013-01-20","","38.03472222"
"SAN CRISTOBAL","2013-01-19","","46.61111111"
"SAN CRISTOBAL","2013-01-18","","56.92361111"
"SAN CRISTOBAL","2013-01-17","","88.21666667"
"SAN CRISTOBAL","2013-01-16","","65.83333333"
"SAN CRISTOBAL","2013-01-15","","67.22916668"
"SAN CRISTOBAL","2013-01-14","","75.02777778"
"SAN CRISTOBAL","2013-01-13","","58.25925926"
"SAN CRISTOBAL","2013-01-12","","72.33333333"
"SAN CRISTOBAL","2013-01-11","","40.59259259"
"SAN CRISTOBAL","2013-01-10","","39.4"
"SAN CRISTOBAL","2013-01-09","","20.40972222"
"SAN CRISTOBAL","2013-01-08","","23.45833333"
"SAN CRISTOBAL","2013-01-07","","29.12820515"
"SAN CRISTOBAL","2013-01-05","","22.51666666"
"SAN CRISTOBAL","2013-01-04","","25.98611111"
"SAN CRISTOBAL","2013-01-03","","25.83333334"
"SAN CRISTOBAL","2013-01-02","","19.5625"
"SAN CRISTOBAL","2013-01-01","","31.40277777"
"SAN CRISTOBAL","2012-12-31","","20.45833334"
"SAN CRISTOBAL","2012-12-30","","20.25694444"
"SAN CRISTOBAL","2012-12-29","","27.72916667"
"SAN CRISTOBAL","2012-12-28","","29.9513889"
"SAN CRISTOBAL","2012-12-27","","20.47916666"
"SAN CRISTOBAL","2012-12-26","","22.43055555"
"SAN CRISTOBAL","2012-12-25","","45.86805556"
"SAN CRISTOBAL","2012-12-24","","30.93055555"
"SAN CRISTOBAL","2012-12-23","","32.50694445"
"SAN CRISTOBAL","2012-12-22","","40.91666666"
"SAN CRISTOBAL","2012-12-21","","33.33333334"
"SAN CRISTOBAL","2012-12-20","","35.6031746"
"SAN CRISTOBAL","2012-12-19","","32.67361111"
"SAN CRISTOBAL","2012-12-18","","60.47222223"
"SAN CRISTOBAL","2012-12-17","","51.97916667"
"SAN CRISTOBAL","2012-12-16","","51.40277778"
"SAN CRISTOBAL","2012-12-15","","50.61805555"
"SAN CRISTOBAL","2012-12-14","","50.81944445"
"SAN CRISTOBAL","2012-12-13","","63.41666667"
"SAN CRISTOBAL","2012-12-12","","54.38888888"
"SAN CRISTOBAL","2012-12-11","","44.01388888"
"SAN CRISTOBAL","2012-12-10","","26.44871795"
"SAN CRISTOBAL","2012-12-08","","28.52222222"
"SAN CRISTOBAL","2012-12-07","","78.25757575"
"SAN CRISTOBAL","2012-12-05","","31.58333335"
"SAN CRISTOBAL","2012-12-04","","65.63194444"
"SAN CRISTOBAL","2012-12-03","","54.87500001"
"SAN CRISTOBAL","2012-12-01","","42.05555557"
"SAN CRISTOBAL","2012-11-30","","55.1875"
"SAN CRISTOBAL","2012-11-29","","63.84848484"
"SAN CRISTOBAL","2012-11-28","","68.11805555"
"SAN CRISTOBAL","2012-11-27","","44.75"
"SAN CRISTOBAL","2012-11-26","","21.53846155"
"SAN CRISTOBAL","2012-11-25","","29.36956522"
"SAN CRISTOBAL","2012-11-24","","36.74305555"
"SAN CRISTOBAL","2012-11-23","","96.24242425"
"SAN CRISTOBAL","2012-11-22","","45.625"
"SAN CRISTOBAL","2012-11-21","","58.91666667"
"SAN CRISTOBAL","2012-11-20","","42.97101449"
"SAN CRISTOBAL","2012-11-19","","66.92592592"
"SAN CRISTOBAL","2012-11-18","","42.1111111"
"SAN CRISTOBAL","2012-11-17","","70.04861111"
"SAN CRISTOBAL","2012-11-16","","75.01388888"
"SAN CRISTOBAL","2012-11-15","","67.63194445"
"SAN CRISTOBAL","2012-11-14","","67.8125"
"SAN CRISTOBAL","2012-11-13","","59.20289855"
"SAN CRISTOBAL","2012-11-12","","47.48611111"
"SAN CRISTOBAL","2012-11-11","","18.05555555"
"SAN CRISTOBAL","2012-11-10","","34.34722223"
"SAN CRISTOBAL","2012-11-09","","26.73611111"
"SAN CRISTOBAL","2012-11-08","","27.32638889"
"SAN CRISTOBAL","2012-11-07","","35.83333334"
"SAN CRISTOBAL","2012-11-06","","22.91666668"
"SAN CRISTOBAL","2012-11-02","","62.43333334"
"SAN CRISTOBAL","2012-11-01","","25.43055555"
"SAN CRISTOBAL","2012-10-31","","38.99305555"
"SAN CRISTOBAL","2012-10-30","","38.0"
"SAN CRISTOBAL","2012-10-29","","33.18055555"
"SAN CRISTOBAL","2012-10-28","","26.89583334"
"SAN CRISTOBAL","2012-10-27","","37.22916666"
"SAN CRISTOBAL","2012-10-26","","37.51388889"
"SAN CRISTOBAL","2012-10-25","","36.76388889"
"SAN CRISTOBAL","2012-10-24","","24.89583333"
"SAN CRISTOBAL","2012-10-23","","40.49999999"
"SAN CRISTOBAL","2012-10-22","","62.63194445"
"SAN CRISTOBAL","2012-10-21","","63.45614035"
"SAN CRISTOBAL","2012-10-20","","44.62499999"
"SAN CRISTOBAL","2012-10-19","","63.97222223"
"SAN CRISTOBAL","2012-10-18","","55.17361111"
"SAN CRISTOBAL","2012-10-17","","56.38194445"
"SAN CRISTOBAL","2012-10-16","","57.85416666"
"SAN CRISTOBAL","2012-10-15","","61.51515151"
"SAN CRISTOBAL","2012-10-14","","66.67000001"
"SAN CRISTOBAL","2012-10-13","","55.7986111"
"SAN CRISTOBAL","2012-10-12","","49.61111111"
"SAN CRISTOBAL","2012-10-11","","79.68055556"
"SAN CRISTOBAL","2012-10-10","","61.80416668"
"SAN CRISTOBAL","2012-10-09","","25.45138889"
"SAN CRISTOBAL","2012-10-08","","19.43055555"
"SAN CRISTOBAL","2012-10-07","","21.20833334"
"SAN CRISTOBAL","2012-10-06","","46.75694445"
"SAN CRISTOBAL","2012-10-05","","72.0486111"
"SAN CRISTOBAL","2012-10-04","","39.56349205"
"SAN CRISTOBAL","2012-10-03","","31.75694444"
"SAN CRISTOBAL","2012-10-02","","31.02777778"
"SAN CRISTOBAL","2012-10-01","","24.02777778"
"SAN CRISTOBAL","2012-09-28","","28.13333333"
"SAN CRISTOBAL","2012-09-27","","22.9236111"
"SAN CRISTOBAL","2012-09-26","","23.38194445"
"SAN CRISTOBAL","2012-09-25","","26.35416666"
"SAN CRISTOBAL","2012-09-24","","35.61111111"
"SAN CRISTOBAL","2012-09-23","","31.95138889"
"SAN CRISTOBAL","2012-09-22","","22.06944444"
"SAN CRISTOBAL","2012-09-21","","24.72222221"
"SAN CRISTOBAL","2012-09-20","","30.87499999"
"SAN CRISTOBAL","2012-09-19","","47.6060606"
"SAN CRISTOBAL","2012-09-18","","26.75362318"
"SAN CRISTOBAL","2012-09-17","","24.65972221"
"SAN CRISTOBAL","2012-09-16","","21.61363636"
"SAN CRISTOBAL","2012-09-15","","27.91666667"
"SAN CRISTOBAL","2012-09-14","","48.06944444"
"SAN CRISTOBAL","2012-09-13","","43.29861111"
"SAN CRISTOBAL","2012-09-12","","30.0"
"SAN CRISTOBAL","2012-09-11","","16.82608697"
"SAN CRISTOBAL","2012-09-10","","15.20833333"
"SAN CRISTOBAL","2012-09-09","","14.25"
"SAN CRISTOBAL","2012-09-08","","19.40277777"
"SAN CRISTOBAL","2012-09-07","","23.00694445"
"SAN CRISTOBAL","2012-09-06","","21.15972222"
"SAN CRISTOBAL","2012-09-05","","23.79861111"
"SAN CRISTOBAL","2012-09-04","","19.50724639"
"SAN CRISTOBAL","2012-09-03","","18.37499999"
"SAN CRISTOBAL","2012-09-02","","16.525"
"SAN CRISTOBAL","2012-09-01","","20.70138889"
"SAN CRISTOBAL","2012-08-31","","28.93055556"
"SAN CRISTOBAL","2012-08-30","","16.47916666"
"SAN CRISTOBAL","2012-08-29","","18.51449276"
"SAN CRISTOBAL","2012-08-28","","30.49275363"
"SAN CRISTOBAL","2012-08-27","","33.93939394"
"SAN CRISTOBAL","2012-08-26","","12.80434782"
"SAN CRISTOBAL","2012-08-25","","18.25"
"SAN CRISTOBAL","2012-08-24","","33.84722223"
"SAN CRISTOBAL","2012-08-23","","47.85416667"
"SAN CRISTOBAL","2012-08-22","","24.55555556"
"SAN CRISTOBAL","2012-08-21","","20.89130435"
"SAN CRISTOBAL","2012-08-20","","22.76388889"
"SAN CRISTOBAL","2012-08-19","","20.86231885"
"SAN CRISTOBAL","2012-08-18","","31.4375"
"SAN CRISTOBAL","2012-08-17","","26.95238095"
"SAN CRISTOBAL","2012-08-16","","36.44444445"
"SAN CRISTOBAL","2012-08-15","","24.33333334"
"SAN CRISTOBAL","2012-08-14","","13.41304348"
"SAN CRISTOBAL","2012-08-13","","13.08333334"
"SAN CRISTOBAL","2012-08-11","","16.05555557"
"SAN CRISTOBAL","2012-08-10","","16.92222223"
"SAN CRISTOBAL","2012-08-09","","17.93055556"
"SAN CRISTOBAL","2012-08-08","","19.13194445"
"SAN CRISTOBAL","2012-08-07","","45.77777778"
"SAN CRISTOBAL","2012-08-06","","31.90277779"
"SAN CRISTOBAL","2012-08-05","","14.66666666"
"SAN CRISTOBAL","2012-08-04","","25.07638888"
"SAN CRISTOBAL","2012-08-03","","52.79861111"
"SAN CRISTOBAL","2012-08-02","","20.20138889"
"SAN CRISTOBAL","2012-08-01","","15.88194446"
"SAN CRISTOBAL","2012-07-31","","13.04999999"
"SAN CRISTOBAL","2012-07-26","","16.88541666"
"SAN CRISTOBAL","2012-07-25","","15.08333333"
"SAN CRISTOBAL","2012-07-24","","11.88194444"
"SAN CRISTOBAL","2012-07-23","","16.49305555"
"SAN CRISTOBAL","2012-07-22","","13.02777778"
"SAN CRISTOBAL","2012-07-21","","17.94444445"
"SAN CRISTOBAL","2012-07-20","","14.52777779"
"SAN CRISTOBAL","2012-07-19","","18.6875"
"SAN CRISTOBAL","2012-07-18","","13.43055556"
"SAN CRISTOBAL","2012-07-17","","22.43055555"
"SAN CRISTOBAL","2012-07-16","","25.72222223"
"SAN CRISTOBAL","2012-07-15","","22.80555556"
"SAN CRISTOBAL","2012-07-14","","23.22916668"
"SAN CRISTOBAL","2012-07-13","","49.68055556"
"SAN CRISTOBAL","2012-07-12","","43.27083333"
"SAN CRISTOBAL","2012-07-11","","19.625"
"SAN CRISTOBAL","2012-07-10","","20.27777778"
"SAN CRISTOBAL","2012-07-09","","16.75694443"
"SAN CRISTOBAL","2012-07-08","","13.85416666"
"SAN CRISTOBAL","2012-07-07","","15.24999999"
"SAN CRISTOBAL","2012-07-06","","21.98611111"
"SAN CRISTOBAL","2012-07-05","","18.88194445"
"SAN CRISTOBAL","2012-07-04","","16.83333333"
"SAN CRISTOBAL","2012-07-03","","16.59722224"
"SAN CRISTOBAL","2012-07-02","","14.07575757"
"SAN CRISTOBAL","2012-07-01","","17.54861111"
"SAN CRISTOBAL","2012-06-30","","18.84722223"
"SAN CRISTOBAL","2012-06-29","","37.65277777"
"SAN CRISTOBAL","2012-06-28","","19.88405797"
"SAN CRISTOBAL","2012-06-27","","15.55303031"
"SAN CRISTOBAL","2012-06-26","","14.15277778"
"SAN CRISTOBAL","2012-06-25","","17.94444444"
"SAN CRISTOBAL","2012-06-24","","18.80555555"
"SAN CRISTOBAL","2012-06-23","","33.72222221"
"SAN CRISTOBAL","2012-06-22","","24.64583334"
"SAN CRISTOBAL","2012-06-21","","19.14583333"
"SAN CRISTOBAL","2012-06-20","","29.97916666"
"SAN CRISTOBAL","2012-06-19","","27.25694444"
"SAN CRISTOBAL","2012-06-18","","18.95652175"
"SAN CRISTOBAL","2012-06-17","","25.22222222"
"SAN CRISTOBAL","2012-06-16","","22.90972223"
"SAN CRISTOBAL","2012-06-15","","21.38888888"
"SAN CRISTOBAL","2012-06-14","","26.82638888"
"SAN CRISTOBAL","2012-06-13","","34.31944444"
"SAN CRISTOBAL","2012-06-12","","18.59027778"
"SAN CRISTOBAL","2012-06-11","","14.81818182"
"SAN CRISTOBAL","2012-06-10","","12.09027777"
"SAN CRISTOBAL","2012-06-09","","12.54861111"
"SAN CRISTOBAL","2012-06-08","","13.16666667"
"SAN CRISTOBAL","2012-06-07","","14.29861112"
"SAN CRISTOBAL","2012-06-06","","26.54166667"
"SAN CRISTOBAL","2012-06-05","","25.85416667"
"SAN CRISTOBAL","2012-06-04","","25.47916667"
"SAN CRISTOBAL","2012-06-03","","18.79861111"
"SAN CRISTOBAL","2012-06-02","","16.90909091"
"SAN CRISTOBAL","2012-06-01","","16.73913043"
"SAN CRISTOBAL","2012-05-31","","18.78947368"
"SAN CRISTOBAL","2012-05-30","","17.63194444"
"SAN CRISTOBAL","2012-05-29","","14.22916667"
"SAN CRISTOBAL","2012-05-28","","14.44444444"
"SAN CRISTOBAL","2012-05-27","","21.33333333"
"SAN CRISTOBAL","2012-05-26","","25.85416667"
"SAN CRISTOBAL","2012-05-25","","16.97222223"
"SAN CRISTOBAL","2012-05-24","","20.11805556"
"SAN CRISTOBAL","2012-05-23","","19.5"
"SAN CRISTOBAL","2012-05-22","","12.4920635"
"SAN CRISTOBAL","2012-05-21","","16.52083333"
"SAN CRISTOBAL","2012-05-20","","19.28125"
"SAN CRISTOBAL","2012-05-19","","24.34090909"
"SAN CRISTOBAL","2012-05-18","","29.51666667"
"SAN CRISTOBAL","2012-05-13","","10.11111113"
"SAN CRISTOBAL","2012-05-12","","21.23611111"
"SAN CRISTOBAL","2012-05-11","","41.89583333"
"SAN CRISTOBAL","2012-05-10","","49.28472222"
"SAN CRISTOBAL","2012-05-09","","26.97916666"
"SAN CRISTOBAL","2012-05-08","","29.06944445"
"SAN CRISTOBAL","2012-05-07","","43.0625"
"SAN CRISTOBAL","2012-05-06","","33.09027779"
"SAN CRISTOBAL","2012-05-05","","33.15277779"
"SAN CRISTOBAL","2012-05-04","","25.125"
"SAN CRISTOBAL","2012-05-03","","22.59027778"
"SAN CRISTOBAL","2012-05-02","","29.27777778"
"SAN CRISTOBAL","2012-05-01","","19.63888888"
"SAN CRISTOBAL","2012-04-30","","35.56944445"
"SAN CRISTOBAL","2012-04-29","","25.82638889"
"SAN CRISTOBAL","2012-04-28","","44.05555555"
"SAN CRISTOBAL","2012-04-27","","24.8263889"
"SAN CRISTOBAL","2012-04-26","","32.13194445"
"SAN CRISTOBAL","2012-04-25","","27.33333332"
"SAN CRISTOBAL","2012-04-24","","22.68055556"
"SAN CRISTOBAL","2012-04-23","","41.87500001"
"SAN CRISTOBAL","2012-04-22","","36.08695653"
"SAN CRISTOBAL","2012-04-21","","56.14583334"
"SAN CRISTOBAL","2012-04-20","","62.8968254"
"SAN CRISTOBAL","2012-04-19","","67.98333333"
"SAN CRISTOBAL","2012-04-18","","72.77083333"
"SAN CRISTOBAL","2012-04-17","","73.68055555"
"SAN CRISTOBAL","2012-04-16","","43.74305555"
"SAN CRISTOBAL","2012-04-15","","51.19444444"
"SAN CRISTOBAL","2012-04-14","","72.83333333"
"SAN CRISTOBAL","2012-04-13","","57.11805555"
"SAN CRISTOBAL","2012-04-12","","44.59027778"
"SAN CRISTOBAL","2012-04-11","","60.49305555"
"SAN CRISTOBAL","2012-04-10","","56.40972221"
"SAN CRISTOBAL","2012-04-09","","41.69444444"
"SAN CRISTOBAL","2012-04-08","","37.02083335"
"SAN CRISTOBAL","2012-04-07","","31.375"
"SAN CRISTOBAL","2012-04-06","","55.47222222"
"SAN CRISTOBAL","2012-04-05","","38.25694444"
"SAN CRISTOBAL","2012-04-04","","21.93055555"
"SAN CRISTOBAL","2012-04-03","","29.14583333"
"SAN CRISTOBAL","2012-04-02","","34.08333334"
"SAN CRISTOBAL","2012-04-01","","15.36805555"
"SAN CRISTOBAL","2012-03-31","","18.03472222"
"SAN CRISTOBAL","2012-03-30","","22.47619046"
"SAN CRISTOBAL","2012-03-28","","46.0"
"SAN CRISTOBAL","2012-03-27","","73.70833334"
"SAN CRISTOBAL","2012-03-26","","53.625"
"SAN CRISTOBAL","2012-03-25","","29.84722222"
"SAN CRISTOBAL","2012-03-24","","65.4375"
"SAN CRISTOBAL","2012-03-23","","70.45138889"
"SAN CRISTOBAL","2012-03-22","","50.21527778"
"SAN CRISTOBAL","2012-03-21","","58.81944445"
"SAN CRISTOBAL","2012-03-20","","44.74305555"
"SAN CRISTOBAL","2012-03-19","","33.20138888"
"SAN CRISTOBAL","2012-03-18","","31.375"
"SAN CRISTOBAL","2012-03-17","","35.95833334"
"SAN CRISTOBAL","2012-03-16","","25.55555555"
"SAN CRISTOBAL","2012-03-15","","31.38888889"
"SAN CRISTOBAL","2012-03-14","","29.2638889"
"SAN CRISTOBAL","2012-03-13","","24.61111111"
"SAN CRISTOBAL","2012-03-12","","19.30555556"
"SAN CRISTOBAL","2012-03-11","","17.79166668"
"SAN CRISTOBAL","2012-03-10","","35.55555556"
"SAN CRISTOBAL","2012-03-09","","35.09027778"
"SAN CRISTOBAL","2012-03-08","","28.5"
"SAN CRISTOBAL","2012-03-05","","44.23809524"
"SAN CRISTOBAL","2012-03-04","","24.30555555"
"SAN CRISTOBAL","2012-03-03","","28.52083333"
"SAN CRISTOBAL","2012-03-02","","32.39583334"
"SAN CRISTOBAL","2012-03-01","","43.6388889"
"SAN CRISTOBAL","2012-02-29","","79.0"
"SAN CRISTOBAL","2012-02-28","","51.38888889"
"SAN CRISTOBAL","2012-02-27","","36.28472224"
"SAN CRISTOBAL","2012-02-26","","69.20833334"
"SAN CRISTOBAL","2012-02-25","","85.8611111"
"SAN CRISTOBAL","2012-02-24","","37.77777777"
"SAN CRISTOBAL","2012-02-23","","37.625"
"SAN CRISTOBAL","2012-02-22","","39.4090909"
"SAN CRISTOBAL","2012-02-21","","60.53472222"
"SAN CRISTOBAL","2012-02-20","","59.725"
"SAN CRISTOBAL","2012-02-19","","58.56944445"
"SAN CRISTOBAL","2012-02-18","","82.70138889"
"SAN CRISTOBAL","2012-02-17","","84.13888889"
"SAN CRISTOBAL","2012-02-16","","74.3"
"SAN CRISTOBAL","2012-02-15","","76.76851852"
"SAN CRISTOBAL","2012-02-14","","55.78030303"
"SAN CRISTOBAL","2012-02-13","","53.86805556"
"SAN CRISTOBAL","2012-02-12","","56.64583332"
"SAN CRISTOBAL","2012-02-11","","63.90972222"
"SAN CRISTOBAL","2012-02-10","","54.77777778"
"SAN CRISTOBAL","2012-02-09","","38.38194445"
"SAN CRISTOBAL","2012-02-08","","27.52777778"
"SAN CRISTOBAL","2012-02-07","","29.32638888"
"SAN CRISTOBAL","2012-02-06","","25.83333334"
"SAN CRISTOBAL","2012-02-05","","26.05555555"
"SAN CRISTOBAL","2012-02-04","","37.3263889"
"SAN CRISTOBAL","2012-02-03","","31.84722222"
"SAN CRISTOBAL","2012-02-02","","33.10416667"
"SAN CRISTOBAL","2012-02-01","","38.00694445"
"SAN CRISTOBAL","2012-01-31","","24.6875"
"SAN CRISTOBAL","2012-01-30","","27.08333333"
"SAN CRISTOBAL","2012-01-29","","28.44444445"
"SAN CRISTOBAL","2012-01-28","","34.09027778"
"SAN CRISTOBAL","2012-01-27","","39.99305555"
"SAN CRISTOBAL","2012-01-26","","74.27083333"
"SAN CRISTOBAL","2012-01-25","","67.64583333"
"SAN CRISTOBAL","2012-01-24","","57.22916667"
"SAN CRISTOBAL","2012-01-23","","40.5"
"SAN CRISTOBAL","2012-01-22","","61.29861111"
"SAN CRISTOBAL","2012-01-21","","35.71527778"
"SAN CRISTOBAL","2012-01-20","","56.97916667"
"SAN CRISTOBAL","2012-01-19","","58.20833333"
"SAN CRISTOBAL","2012-01-18","","65.53968254"
"SAN CRISTOBAL","2012-01-17","","47.67361111"
"SAN CRISTOBAL","2012-01-16","","42.11805555"
"SAN CRISTOBAL","2012-01-15","","33.26388889"
"SAN CRISTOBAL","2012-01-14","","24.03472223"
"SAN CRISTOBAL","2012-01-13","","20.025"
"SAN CRISTOBAL","2012-01-12","","22.43055555"
"SAN CRISTOBAL","2012-01-11","","31.26388888"
"SAN CRISTOBAL","2012-01-10","","44.48611112"
"SAN CRISTOBAL","2012-01-09","","23.90476191"
"SAN CRISTOBAL","2012-01-08","","31.67361111"
"SAN CRISTOBAL","2012-01-07","","40.45833333"
"SAN CRISTOBAL","2012-01-06","","46.29861111"
"SAN CRISTOBAL","2012-01-05","","47.24305555"
"SAN CRISTOBAL","2012-01-04","","38.99305555"
"SAN CRISTOBAL","2012-01-03","","45.78571429"
"SAN CRISTOBAL","2012-01-02","","46.125"
"SAN CRISTOBAL","2012-01-01","","32.90277778"
"SAN CRISTOBAL","2011-12-31","","22.29166668"
"SAN CRISTOBAL","2011-12-30","","27.90277778"
"SAN CRISTOBAL","2011-12-28","","17.16666665"
"SAN CRISTOBAL","2011-12-27","","27.91666667"
"SAN CRISTOBAL","2011-12-26","","22.51388888"
"SAN CRISTOBAL","2011-12-25","","23.15972224"
"SAN CRISTOBAL","2011-12-24","","21.40277778"
"SAN CRISTOBAL","2011-12-23","","26.125"
"SAN CRISTOBAL","2011-12-22","","16.34722223"
"SAN CRISTOBAL","2011-12-21","","13.32638888"
"SAN CRISTOBAL","2011-12-20","","16.91666666"
"SAN CRISTOBAL","2011-12-19","","22.7638889"
"SAN CRISTOBAL","2011-12-18","","33.93055555"
"SAN CRISTOBAL","2011-12-17","","33.93749999"
"SAN CRISTOBAL","2011-12-16","","34.91666668"
"SAN CRISTOBAL","2011-12-15","","46.63194444"
"SAN CRISTOBAL","2011-12-14","","53.90972222"
"SAN CRISTOBAL","2011-12-13","","39.56250001"
"SAN CRISTOBAL","2011-12-12","","33.95833333"
"SAN CRISTOBAL","2011-12-11","","35.66666667"
"SAN CRISTOBAL","2011-12-10","","29.5"
"SAN CRISTOBAL","2011-12-09","","27.26388889"
"SAN CRISTOBAL","2011-12-08","","33.28472223"
"SAN CRISTOBAL","2011-12-07","","49.04861111"
"SAN CRISTOBAL","2011-12-06","","49.19444445"
"SAN CRISTOBAL","2011-12-05","","49.94444443"
"SAN CRISTOBAL","2011-12-04","","41.31944444"
"SAN CRISTOBAL","2011-12-03","","39.0625"
"SAN CRISTOBAL","2011-12-02","","37.52083333"
"SAN CRISTOBAL","2011-12-01","","32.96527778"
"SAN CRISTOBAL","2011-11-30","","33.33333333"
"SAN CRISTOBAL","2011-11-29","","39.91666666"
"SAN CRISTOBAL","2011-11-28","","69.48148147"
"SAN CRISTOBAL","2011-11-25","","61.29629629"
"SAN CRISTOBAL","2011-11-24","","47.47826086"
"SAN CRISTOBAL","2011-11-23","","48.77777778"
"SAN CRISTOBAL","2011-11-22","","47.44166667"
"SAN CRISTOBAL","2011-11-21","","36.43055555"
"SAN CRISTOBAL","2011-11-20","","33.60416666"
"SAN CRISTOBAL","2011-11-19","","39.82638888"
"SAN CRISTOBAL","2011-11-18","","39.08333334"
"SAN CRISTOBAL","2011-11-17","","32.73611111"
"SAN CRISTOBAL","2011-11-16","","41.15277779"
"SAN CRISTOBAL","2011-11-15","","26.33333335"
"SAN CRISTOBAL","2011-11-14","","30.6875"
"SAN CRISTOBAL","2011-11-13","","39.01388889"
"SAN CRISTOBAL","2011-11-12","","23.67361111"
"SAN CRISTOBAL","2011-11-11","","55.68939395"
"SAN CRISTOBAL","2011-11-10","","43.88194444"
"SAN CRISTOBAL","2011-11-09","","33.02083333"
"SAN CRISTOBAL","2011-11-08","","42.37500001"
"SAN CRISTOBAL","2011-11-07","","23.6736111"
"SAN CRISTOBAL","2011-11-06","","38.5625"
"SAN CRISTOBAL","2011-11-05","","37.56944444"
"SAN CRISTOBAL","2011-11-04","","61.14583334"
"SAN CRISTOBAL","2011-11-03","","43.53472222"
"SAN CRISTOBAL","2011-11-02","","37.32638888"
"SAN CRISTOBAL","2011-11-01","","25.20138889"
"SAN CRISTOBAL","2011-10-31","","31.79861111"
"SAN CRISTOBAL","2011-10-30","","26.19444445"
"SAN CRISTOBAL","2011-10-29","","28.15972223"
"SAN CRISTOBAL","2011-10-28","","23.20138889"
"SAN CRISTOBAL","2011-10-27","","26.96527777"
"SAN CRISTOBAL","2011-10-26","","39.22916668"
"SAN CRISTOBAL","2011-10-25","","62.1111111"
"SAN CRISTOBAL","2011-10-24","","64.46969695"
"SAN CRISTOBAL","2011-10-16","","22.55555556"
"SAN CRISTOBAL","2011-10-15","","24.44444445"
"SAN CRISTOBAL","2011-10-14","","34.09027777"
"SAN CRISTOBAL","2011-10-13","","31.14583334"
"SAN CRISTOBAL","2011-10-12","","30.75694445"
"SAN CRISTOBAL","2011-10-11","","39.39583334"
"SAN CRISTOBAL","2011-10-10","","57.78070175"
"SAN CRISTOBAL","2011-10-07","","15.29166665"
"SAN CRISTOBAL","2011-10-06","","54.95454546"
"SAN CRISTOBAL","2011-10-04","","35.28125001"
"SAN CRISTOBAL","2011-10-03","","31.02777779"
"SAN CRISTOBAL","2011-10-02","","31.72916666"
"SAN CRISTOBAL","2011-10-01","","35.41666667"
"SAN CRISTOBAL","2011-09-30","","19.73611111"
"SAN CRISTOBAL","2011-09-29","","22.58333333"
"SAN CRISTOBAL","2011-09-28","","27.86805555"
"SAN CRISTOBAL","2011-09-27","","31.81746031"
"SAN CRISTOBAL","2011-09-26","","17.53472223"
"SAN CRISTOBAL","2011-09-25","","20.74305556"
"SAN CRISTOBAL","2011-09-24","","37.56944444"
"SAN CRISTOBAL","2011-09-23","","44.65972223"
"SAN CRISTOBAL","2011-09-22","","28.68055555"
"SAN CRISTOBAL","2011-09-21","","30.43055555"
"SAN CRISTOBAL","2011-09-20","","39.38194444"
"SAN CRISTOBAL","2011-09-19","","25.34027778"
"SAN CRISTOBAL","2011-09-18","","39.38194444"
"SAN CRISTOBAL","2011-09-17","","28.91666667"
"SAN CRISTOBAL","2011-09-16","","42.68055555"
"SAN CRISTOBAL","2011-09-15","","20.98611111"
"SAN CRISTOBAL","2011-09-14","","42.8611111"
"SAN CRISTOBAL","2011-09-13","","31.11805555"
"SAN CRISTOBAL","2011-09-12","","15.18055555"
"SAN CRISTOBAL","2011-09-11","","16.94444444"
"SAN CRISTOBAL","2011-09-10","","46.29166667"
"SAN CRISTOBAL","2011-09-09","","38.59722221"
"SAN CRISTOBAL","2011-09-08","","55.57246376"
"SAN CRISTOBAL","2011-09-07","","27.80555554"
"SAN CRISTOBAL","2011-09-06","","21.63888889"
"SAN CRISTOBAL","2011-09-05","","30.88194445"
"SAN CRISTOBAL","2011-09-04","","27.47222223"
"SAN CRISTOBAL","2011-09-03","","38.33333335"
"SAN CRISTOBAL","2011-09-02","","26.77777777"
"SAN CRISTOBAL","2011-09-01","","21.34027777"
"SAN CRISTOBAL","2011-08-31","","21.62121213"
"SAN CRISTOBAL","2011-08-30","","31.10606061"
"SAN CRISTOBAL","2011-08-29","","27.0138889"
"SAN CRISTOBAL","2011-08-27","","34.25641025"
"SAN CRISTOBAL","2011-08-26","","30.79629629"
"SAN CRISTOBAL","2011-08-25","","11.87499999"
"SAN CRISTOBAL","2011-08-24","","27.74603174"
"SAN CRISTOBAL","2011-08-23","","27.54166666"
"SAN CRISTOBAL","2011-08-22","","32.83333334"
"SAN CRISTOBAL","2011-08-21","","23.6111111"
"SAN CRISTOBAL","2011-08-20","","35.11111111"
"SAN CRISTOBAL","2011-08-19","","47.84126984"
"SAN CRISTOBAL","2011-08-18","","32.44444445"
"SAN CRISTOBAL","2011-08-17","","27.61111111"
"SAN CRISTOBAL","2011-08-16","","17.64583333"
"SAN CRISTOBAL","2011-08-15","","19.0"
"SAN CRISTOBAL","2011-08-14","","23.63768116"
"SAN CRISTOBAL","2011-08-13","","28.97916667"
"SAN CRISTOBAL","2011-08-12","","24.81944444"
"SAN CRISTOBAL","2011-08-11","","33.08333334"
"SAN CRISTOBAL","2011-08-10","","21.23809523"
"SAN CRISTOBAL","2011-08-09","","26.97619048"
"SAN CRISTOBAL","2011-08-08","","17.25"
"SAN CRISTOBAL","2011-08-07","","17.75"
"SAN CRISTOBAL","2011-08-06","","23.95833333"
"SAN CRISTOBAL","2011-08-05","","18.95833333"
"SAN CRISTOBAL","2011-08-04","","29.625"
"SAN CRISTOBAL","2011-08-03","","29.02777778"
"SAN CRISTOBAL","2011-08-02","","39.47222222"
"SAN CRISTOBAL","2011-08-01","","56.87878788"
"SAN CRISTOBAL","2011-07-31","","28.82608696"
"SAN CRISTOBAL","2011-07-30","","41.07638889"
"SAN CRISTOBAL","2011-07-29","","32.04166667"
"SAN CRISTOBAL","2011-07-28","","19.36956522"
"SAN CRISTOBAL","2011-07-27","","20.14583333"
"SAN CRISTOBAL","2011-07-26","","19.70833333"
"SAN CRISTOBAL","2011-07-25","","16.66666667"
"SAN CRISTOBAL","2011-07-24","","17.11111111"
"SAN CRISTOBAL","2011-07-23","","14.82638889"
"SAN CRISTOBAL","2011-07-22","","20.0"
"SAN CRISTOBAL","2011-07-21","","16.58333333"
"SAN CRISTOBAL","2011-07-20","","21.30555555"
"SAN CRISTOBAL","2011-07-19","","23.38194445"
"SAN CRISTOBAL","2011-07-18","","26.93055555"
"SAN CRISTOBAL","2011-07-17","","26.95833333"
"SAN CRISTOBAL","2011-07-16","","25.22222222"
"SAN CRISTOBAL","2011-07-15","","52.0"
"SAN CRISTOBAL","2011-07-14","","55.06944445"
"SAN CRISTOBAL","2011-07-13","","32.83333333"
"SAN CRISTOBAL","2011-07-12","","26.81944445"
"SAN CRISTOBAL","2011-07-11","","16.52777778"
"SAN CRISTOBAL","2011-07-10","","16.34027778"
"SAN CRISTOBAL","2011-07-09","","22.57638889"
"SAN CRISTOBAL","2011-07-08","","19.95138889"
"SAN CRISTOBAL","2011-07-07","","15.08333333"
"SAN CRISTOBAL","2011-07-06","","26.70833333"
"SAN CRISTOBAL","2011-07-05","","27.5"
"SAN CRISTOBAL","2011-06-30","","22.85185184"
"SAN CRISTOBAL","2011-06-29","","33.64492753"
"SAN CRISTOBAL","2011-06-28","","25.85416666"
"SAN CRISTOBAL","2011-06-27","","14.26388888"
"SAN CRISTOBAL","2011-06-26","","19.91666666"
"SAN CRISTOBAL","2011-06-25","","18.4469697"
"SAN CRISTOBAL","2011-06-24","","26.89130434"
"SAN CRISTOBAL","2011-06-23","","27.17361111"
"SAN CRISTOBAL","2011-06-22","","24.0625"
"SAN CRISTOBAL","2011-06-21","","24.64393939"
"SAN CRISTOBAL","2011-06-20","","38.46527778"
"SAN CRISTOBAL","2011-06-19","","21.20833333"
"SAN CRISTOBAL","2011-06-18","","28.35416667"
"SAN CRISTOBAL","2011-06-17","","30.04347826"
"SAN CRISTOBAL","2011-06-16","","26.40972222"
"SAN CRISTOBAL","2011-06-15","","24.5"
"SAN CRISTOBAL","2011-06-14","","15.48611111"
"SAN CRISTOBAL","2011-06-13","","16.22727273"
"SAN CRISTOBAL","2011-06-12","","16.08333333"
"SAN CRISTOBAL","2011-06-11","","16.95833333"
"SAN CRISTOBAL","2011-06-10","","21.04347826"
"SAN CRISTOBAL","2011-06-09","","29.15277778"
"SAN CRISTOBAL","2011-06-08","","40.36805555"
"SAN CRISTOBAL","2011-06-07","","40.64583333"
"SAN CRISTOBAL","2011-06-06","","42.71527778"
"SAN CRISTOBAL","2011-06-05","","28.9375"
"SAN CRISTOBAL","2011-06-04","","43.41269841"
"SAN CRISTOBAL","2011-06-03","","56.58333333"
"SAN CRISTOBAL","2011-06-02","","53.62878788"
"SAN CRISTOBAL","2011-06-01","","52.52083333"
"SAN CRISTOBAL","2011-05-31","","20.19047619"
"SAN CRISTOBAL","2011-05-30","","21.99999999"
"SAN CRISTOBAL","2011-05-29","","39.02777778"
"SAN CRISTOBAL","2011-05-28","","30.22222222"
"SAN CRISTOBAL","2011-05-27","","28.31666667"
"SAN CRISTOBAL","2011-05-24","","62.52083333"
"SAN CRISTOBAL","2011-05-23","","29.65277777"
"SAN CRISTOBAL","2011-05-22","","31.13888889"
"SAN CRISTOBAL","2011-05-21","","50.77777777"
"SAN CRISTOBAL","2011-05-20","","84.81944445"
"SAN CRISTOBAL","2011-05-19","","52.99305555"
"SAN CRISTOBAL","2011-05-18","","54.75694444"
"SAN CRISTOBAL","2011-05-17","","40.7361111"
"SAN CRISTOBAL","2011-05-16","","53.77272726"
"SAN CRISTOBAL","2011-05-15","","53.56944445"
"SAN CRISTOBAL","2011-05-14","","41.85416666"
"SAN CRISTOBAL","2011-05-13","","49.81944445"
"SAN CRISTOBAL","2011-05-12","","60.25757575"
"SAN CRISTOBAL","2011-05-11","","38.83333333"
"SAN CRISTOBAL","2011-05-10","","29.61111112"
"SAN CRISTOBAL","2011-05-09","","20.50694444"
"SAN CRISTOBAL","2011-05-08","","21.13194445"
"SAN CRISTOBAL","2011-05-07","","22.50694444"
"SAN CRISTOBAL","2011-05-06","","29.09090909"
"SAN CRISTOBAL","2011-05-05","","31.0"
"SAN CRISTOBAL","2011-05-04","","39.43181818"
"SAN CRISTOBAL","2011-05-03","","19.2361111"
"SAN CRISTOBAL","2011-05-02","","25.5763889"
"SAN CRISTOBAL","2011-05-01","","30.46969698"
"SAN CRISTOBAL","2011-04-30","","60.60416668"
"SAN CRISTOBAL","2011-04-29","","67.69444444"
"SAN CRISTOBAL","2011-04-28","","43.4375"
"SAN CRISTOBAL","2011-04-27","","26.60416666"
"SAN CRISTOBAL","2011-04-26","","32.09722223"
"SAN CRISTOBAL","2011-04-25","","30.04166667"
"SAN CRISTOBAL","2011-04-24","","35.3939394"
"SAN CRISTOBAL","2011-04-23","","30.31944444"
"SAN CRISTOBAL","2011-04-22","","40.1666667"
"SAN CRISTOBAL","2011-04-21","","78.83333335"
"SAN CRISTOBAL","2011-04-20","","50.67647059"
"SAN CRISTOBAL","2011-04-19","","53.97500001"
"SAN CRISTOBAL","2011-04-18","","81.11805557"
"SAN CRISTOBAL","2011-04-17","","46.38888888"
"SAN CRISTOBAL","2011-04-16","","64.03472223"
"SAN CRISTOBAL","2011-04-15","","48.15972222"
"SAN CRISTOBAL","2011-04-14","","88.46527778"
"SAN CRISTOBAL","2011-04-13","","62.76388889"
"SAN CRISTOBAL","2011-04-12","","50.29166666"
"SAN CRISTOBAL","2011-04-11","","60.20454545"
"SAN CRISTOBAL","2011-04-10","","56.49305555"
"SAN CRISTOBAL","2011-04-09","","58.58695653"
"SAN CRISTOBAL","2011-04-08","","63.09027778"
"SAN CRISTOBAL","2011-04-07","","70.77083334"
"SAN CRISTOBAL","2011-04-06","","65.00877192"
"SAN CRISTOBAL","2011-04-05","","66.46212121"
"SAN CRISTOBAL","2011-04-04","","66.81944444"
"SAN CRISTOBAL","2011-04-03","","68.64492754"
"SAN CRISTOBAL","2011-04-02","","73.28472223"
"SAN CRISTOBAL","2011-04-01","","54.61111111"
"SAN CRISTOBAL","2011-03-31","","52.46527778"
"SAN CRISTOBAL","2011-03-30","","52.85714284"
"SAN CRISTOBAL","2011-03-28","","34.175"
"SAN CRISTOBAL","2011-03-27","","30.41666666"
"SAN CRISTOBAL","2011-03-26","","26.67361111"
"SAN CRISTOBAL","2011-03-25","","28.61805555"
"SAN CRISTOBAL","2011-03-24","","38.04861111"
"SAN CRISTOBAL","2011-03-23","","51.2173913"
"SAN CRISTOBAL","2011-03-22","","79.77536233"
"SAN CRISTOBAL","2011-03-21","","49.40972222"
"SAN CRISTOBAL","2011-03-20","","69.38888889"
"SAN CRISTOBAL","2011-03-19","","44.63194445"
"SAN CRISTOBAL","2011-03-18","","37.0625"
"SAN CRISTOBAL","2011-03-17","","74.76811594"
"SAN CRISTOBAL","2011-03-16","","81.40972223"
"SAN CRISTOBAL","2011-03-15","","78.84027778"
"SAN CRISTOBAL","2011-03-14","","58.6884058"
"SAN CRISTOBAL","2011-03-13","","49.04166668"
"SAN CRISTOBAL","2011-03-12","","49.24305555"
"SAN CRISTOBAL","2011-03-11","","56.87500001"
"SAN CRISTOBAL","2011-03-10","","47.83333333"
"SAN CRISTOBAL","2011-03-09","","58.33333334"
"SAN CRISTOBAL","2011-03-08","","54.63888888"
"SAN CRISTOBAL","2011-03-07","","74.93589743"
"SAN CRISTOBAL","2011-03-06","","29.74305555"
"SAN CRISTOBAL","2011-03-05","","62.2063492"
"SAN CRISTOBAL","2011-03-04","","32.66666667"
"SAN CRISTOBAL","2011-03-03","","28.39166666"
"SAN CRISTOBAL","2011-03-02","","29.13492063"
"SAN CRISTOBAL","2011-03-01","","32.25"
"SAN CRISTOBAL","2011-02-28","","32.14814816"
"SAN CRISTOBAL","2011-02-27","","36.26388889"
"SAN CRISTOBAL","2011-02-26","","44.13888888"
"SAN CRISTOBAL","2011-02-25","","45.77083333"
"SAN CRISTOBAL","2011-02-24","","70.92028986"
"SAN CRISTOBAL","2011-02-23","","55.1875"
"SAN CRISTOBAL","2011-02-22","","48.28472222"
"SAN CRISTOBAL","2011-02-21","","59.69444445"
"SAN CRISTOBAL","2011-02-20","","58.47222221"
"SAN CRISTOBAL","2011-02-19","","61.70138889"
"SAN CRISTOBAL","2011-02-18","","69.10416666"
"SAN CRISTOBAL","2011-02-17","","56.69444443"
"SAN CRISTOBAL","2011-02-16","","62.70454545"
"SAN CRISTOBAL","2011-02-15","","56.68055556"
"SAN CRISTOBAL","2011-02-14","","73.24305555"
"SAN CRISTOBAL","2011-02-13","","68.45138888"
"SAN CRISTOBAL","2011-02-12","","49.71527777"
"SAN CRISTOBAL","2011-02-11","","98.40972223"
"SAN CRISTOBAL","2011-02-10","","89.7986111"
"SAN CRISTOBAL","2011-02-09","","69.04166668"
"SAN CRISTOBAL","2011-02-08","","80.90277779"
"SAN CRISTOBAL","2011-02-07","","59.15217391"
"SAN CRISTOBAL","2011-02-06","","43.91666666"
"SAN CRISTOBAL","2011-02-05","","78.06944445"
"SAN CRISTOBAL","2011-02-04","","80.70833333"
"SAN CRISTOBAL","2011-02-03","","47.1111111"
"SAN CRISTOBAL","2011-02-02","","30.51388889"
"SAN CRISTOBAL","2011-02-01","","32.72727274"
"SAN CRISTOBAL","2011-01-31","","68.23611113"
"SAN CRISTOBAL","2011-01-23","","55.5"
"SAN CRISTOBAL","2011-01-22","","111.875"
"SAN CRISTOBAL","2011-01-21","","78.85507247"
"SAN CRISTOBAL","2011-01-20","","96.45833333"
"SAN CRISTOBAL","2011-01-19","","106.03472223"
"SAN CRISTOBAL","2011-01-18","","95.62499999"
"SAN CRISTOBAL","2011-01-17","","73.71527778"
"SAN CRISTOBAL","2011-01-16","","80.24305556"
"SAN CRISTOBAL","2011-01-15","","43.125"
"SAN CRISTOBAL","2011-01-14","","32.26388889"
"SAN CRISTOBAL","2011-01-13","","40.93749999"
"SAN CRISTOBAL","2011-01-12","","59.30555555"
"SAN CRISTOBAL","2011-01-11","","36.48611112"
"SAN CRISTOBAL","2011-01-10","","27.65972223"
"SAN CRISTOBAL","2011-01-09","","30.04347827"
"SAN CRISTOBAL","2011-01-08","","43.28472223"
"SAN CRISTOBAL","2011-01-07","","81.93055555"
"SAN CRISTOBAL","2011-01-06","","47.97916666"
"SAN CRISTOBAL","2011-01-05","","67.56944444"
"SAN CRISTOBAL","2011-01-04","","53.72222223"
"SAN CRISTOBAL","2011-01-03","","66.9513889"
"SAN CRISTOBAL","2011-01-02","","56.52777778"
"SAN CRISTOBAL","2011-01-01","","68.49275363"
"SAN CRISTOBAL","2010-12-31","","58.60416668"
"SAN CRISTOBAL","2010-12-30","","62.19166665"
"SAN CRISTOBAL","2010-12-29","","30.38194445"
"SAN CRISTOBAL","2010-12-28","","50.61805556"
"SAN CRISTOBAL","2010-12-27","","52.58333334"
"SAN CRISTOBAL","2010-12-26","","29.39130434"
"SAN CRISTOBAL","2010-12-25","","90.27083333"
"SAN CRISTOBAL","2010-12-24","","47.84027778"
"SAN CRISTOBAL","2010-12-23","","76.03472222"
"SAN CRISTOBAL","2010-12-22","","85.3768116"
"SAN CRISTOBAL","2010-12-21","","71.54347825"
"SAN CRISTOBAL","2010-12-20","","68.76388889"
"SAN CRISTOBAL","2010-12-19","","62.59027778"
"SAN CRISTOBAL","2010-12-18","","69.75694445"
"SAN CRISTOBAL","2010-12-17","","83.43055555"
"SAN CRISTOBAL","2010-12-16","","69.77777778"
"SAN CRISTOBAL","2010-12-15","","84.1875"
"SAN CRISTOBAL","2010-12-14","","64.42361111"
"SAN CRISTOBAL","2010-12-13","","52.31249999"
"SAN CRISTOBAL","2010-12-12","","43.80952383"
"SAN CRISTOBAL","2010-12-11","","77.125"
"SAN CRISTOBAL","2010-12-10","","71.4375"
"SAN CRISTOBAL","2010-12-09","","62.09027778"
"SAN CRISTOBAL","2010-12-08","","80.77083333"
"SAN CRISTOBAL","2010-12-07","","51.04861112"
"SAN CRISTOBAL","2010-12-06","","34.16666666"
"SAN CRISTOBAL","2010-12-05","","33.85416666"
"SAN CRISTOBAL","2010-12-04","","52.13888889"
"SAN CRISTOBAL","2010-12-03","","62.33333333"
"SAN CRISTOBAL","2010-12-02","","56.06944444"
"SAN CRISTOBAL","2010-12-01","","72.20289855"
"SAN CRISTOBAL","2010-11-30","","52.44444444"
"SAN CRISTOBAL","2010-11-29","","53.21527778"
"SAN CRISTOBAL","2010-11-28","","46.17361111"
"SAN CRISTOBAL","2010-11-27","","50.59722222"
"SAN CRISTOBAL","2010-11-26","","70.00694445"
"SAN CRISTOBAL","2010-11-25","","75.74305555"
"SAN CRISTOBAL","2010-11-24","","59.68055555"
"SAN CRISTOBAL","2010-11-23","","71.20833333"
"SAN CRISTOBAL","2010-11-22","","71.55555555"
"SAN CRISTOBAL","2010-11-21","","41.40972222"
"SAN CRISTOBAL","2010-11-20","","70.5138889"
"SAN CRISTOBAL","2010-11-19","","81.3611111"
"SAN CRISTOBAL","2010-11-18","","78.86111112"
"SAN CRISTOBAL","2010-11-17","","54.28472222"
"SAN CRISTOBAL","2010-11-16","","53.18115942"
"SAN CRISTOBAL","2010-11-15","","46.5138889"
"SAN CRISTOBAL","2010-11-14","","47.93055555"
"SAN CRISTOBAL","2010-11-13","","103.6875"
"SAN CRISTOBAL","2010-11-12","","62.83333333"
"SAN CRISTOBAL","2010-11-11","","37.02777779"
"SAN CRISTOBAL","2010-11-10","","65.36805554"
"SAN CRISTOBAL","2010-11-09","","53.27777779"
"SAN CRISTOBAL","2010-11-08","","37.27777778"
"SAN CRISTOBAL","2010-11-07","","32.79166667"
"SAN CRISTOBAL","2010-11-06","","52.59722223"
"SAN CRISTOBAL","2010-11-05","","67.97222223"
"SAN CRISTOBAL","2010-11-04","","90.65972222"
"SAN CRISTOBAL","2010-11-03","","65.39420289"
"SAN CRISTOBAL","2010-11-02","","79.53472223"
"SAN CRISTOBAL","2010-11-01","","48.68055556"
"SAN CRISTOBAL","2010-10-31","","45.15277778"
"SAN CRISTOBAL","2010-10-30","","54.08333333"
"SAN CRISTOBAL","2010-10-29","","57.24305555"
"SAN CRISTOBAL","2010-10-28","","52.69047619"
"SAN CRISTOBAL","2010-10-27","","61.49275361"
"SAN CRISTOBAL","2010-10-26","","85.60256411"
"SAN CRISTOBAL","2010-10-25","","53.00000001"
"SAN CRISTOBAL","2010-10-24","","46.11805556"
"SAN CRISTOBAL","2010-10-23","","78.47222223"
"SAN CRISTOBAL","2010-10-22","","62.77380951"
"SAN CRISTOBAL","2010-10-21","","50.97619048"
"SAN CRISTOBAL","2010-10-20","","53.70833334"
"SAN CRISTOBAL","2010-10-19","","43.02083333"
"SAN CRISTOBAL","2010-10-18","","47.63194445"
"SAN CRISTOBAL","2010-10-17","","27.72916668"
"SAN CRISTOBAL","2010-10-16","","35.98611111"
"SAN CRISTOBAL","2010-10-15","","44.58550725"
"SAN CRISTOBAL","2010-10-14","","35.25757575"
"SAN CRISTOBAL","2010-10-13","","22.875"
"SAN CRISTOBAL","2010-10-12","","35.42424243"
"SAN CRISTOBAL","2010-10-11","","43.25000002"
"SAN CRISTOBAL","2010-10-08","","10.83333335"
"SAN CRISTOBAL","2010-10-07","","57.04166668"
