"Estacion","Fecha inicial","Fecha final","PM2.5"
"SAN CRISTOBAL","2021-02-28","","9.34782609"
"SAN CRISTOBAL","2021-02-27","","16.58333333"
"SAN CRISTOBAL","2021-02-26","","14.79166667"
"SAN CRISTOBAL","2021-02-25","","8.95"
"SAN CRISTOBAL","2021-02-24","","15.375"
"SAN CRISTOBAL","2021-02-23","","12.70833333"
"SAN CRISTOBAL","2021-02-22","","10.75"
"SAN CRISTOBAL","2021-02-21","","20.0"
"SAN CRISTOBAL","2021-02-20","","21.58333333"
"SAN CRISTOBAL","2021-02-19","","23.5"
"SAN CRISTOBAL","2021-02-18","","22.70833333"
"SAN CRISTOBAL","2021-02-17","","18.79166667"
"SAN CRISTOBAL","2021-02-16","","19.16666667"
"SAN CRISTOBAL","2021-02-15","","15.69565217"
"SAN CRISTOBAL","2021-02-14","","16.95833333"
"SAN CRISTOBAL","2021-02-13","","10.04166667"
"SAN CRISTOBAL","2021-02-12","","19.95833333"
"SAN CRISTOBAL","2021-02-11","","19.70833333"
"SAN CRISTOBAL","2021-02-10","","15.77272727"
"SAN CRISTOBAL","2021-02-09","","22.65217391"
"SAN CRISTOBAL","2021-02-08","","9.45833333"
"SAN CRISTOBAL","2021-02-07","","9.41666667"
"SAN CRISTOBAL","2021-02-06","","12.79166667"
"SAN CRISTOBAL","2021-02-05","","7.91666667"
"SAN CRISTOBAL","2021-02-04","","10.41666667"
"SAN CRISTOBAL","2021-02-03","","8.625"
"SAN CRISTOBAL","2021-02-02","","10.08333333"
"SAN CRISTOBAL","2021-02-01","","7.75"
"SAN CRISTOBAL","2021-01-31","","6.2173913"
"SAN CRISTOBAL","2021-01-30","","9.25"
"SAN CRISTOBAL","2021-01-29","","23.33333333"
"SAN CRISTOBAL","2021-01-28","","25.04166667"
"SAN CRISTOBAL","2021-01-27","","9.16666667"
"SAN CRISTOBAL","2021-01-26","","11.875"
"SAN CRISTOBAL","2021-01-25","","7.68181818"
"SAN CRISTOBAL","2021-01-24","","7.08333333"
"SAN CRISTOBAL","2021-01-23","","4.75"
"SAN CRISTOBAL","2021-01-22","","12.2"
"SAN CRISTOBAL","2021-01-21","","14.20833333"
"SAN CRISTOBAL","2021-01-20","","9.79166667"
"SAN CRISTOBAL","2021-01-19","","13.75"
"SAN CRISTOBAL","2021-01-18","","7.90909091"
"SAN CRISTOBAL","2021-01-17","","10.33333333"
"SAN CRISTOBAL","2021-01-16","","20.125"
"SAN CRISTOBAL","2021-01-15","","25.04347826"
"SAN CRISTOBAL","2021-01-14","","16.375"
"SAN CRISTOBAL","2021-01-13","","7.66666667"
"SAN CRISTOBAL","2021-01-12","","3.375"
"SAN CRISTOBAL","2021-01-11","","4.20833333"
"SAN CRISTOBAL","2021-01-10","","3.79166667"
"SAN CRISTOBAL","2021-01-09","","3.91666667"
"SAN CRISTOBAL","2021-01-08","","7.5"
"SAN CRISTOBAL","2021-01-07","","7.25"
"SAN CRISTOBAL","2021-01-06","","8.68181818"
"SAN CRISTOBAL","2021-01-05","","12.79166667"
"SAN CRISTOBAL","2021-01-04","","10.75"
"SAN CRISTOBAL","2021-01-03","","7.16666667"
"SAN CRISTOBAL","2021-01-02","","4.875"
"SAN CRISTOBAL","2021-01-01","","14.625"
"SAN CRISTOBAL","2020-12-31","","25.72727273"
"SAN CRISTOBAL","2020-12-30","","19.95833333"
"SAN CRISTOBAL","2020-12-29","","18.56521739"
"SAN CRISTOBAL","2020-12-28","","14.66666667"
"SAN CRISTOBAL","2020-12-27","","10.75"
"SAN CRISTOBAL","2020-12-26","","9.95833333"
"SAN CRISTOBAL","2020-12-25","","16.2173913"
"SAN CRISTOBAL","2020-12-24","","11.41666667"
"SAN CRISTOBAL","2020-12-23","","13.54166667"
"SAN CRISTOBAL","2020-12-22","","10.16666667"
"SAN CRISTOBAL","2020-12-21","","10.77272727"
"SAN CRISTOBAL","2020-12-20","","4.625"
"SAN CRISTOBAL","2020-12-19","","12.29166667"
"SAN CRISTOBAL","2020-12-18","","10.0"
"SAN CRISTOBAL","2020-12-17","","7.33333333"
"SAN CRISTOBAL","2020-12-16","","7.83333333"
"SAN CRISTOBAL","2020-12-15","","13.39130435"
"SAN CRISTOBAL","2020-12-14","","8.52173913"
"SAN CRISTOBAL","2020-12-13","","6.16666667"
"SAN CRISTOBAL","2020-12-12","","12.20833333"
"SAN CRISTOBAL","2020-12-11","","18.45833333"
"SAN CRISTOBAL","2020-12-10","","33.08333333"
"SAN CRISTOBAL","2020-12-09","","11.25"
"SAN CRISTOBAL","2020-12-08","","17.08333333"
"SAN CRISTOBAL","2020-12-07","","19.125"
"SAN CRISTOBAL","2020-12-06","","6.375"
"SAN CRISTOBAL","2020-12-05","","6.125"
"SAN CRISTOBAL","2020-12-04","","8.25"
"SAN CRISTOBAL","2020-12-03","","16.33333333"
"SAN CRISTOBAL","2020-12-02","","6.70833333"
"SAN CRISTOBAL","2020-12-01","","13.66666667"
"SAN CRISTOBAL","2020-11-30","","6.80952381"
"SAN CRISTOBAL","2020-11-29","","4.875"
"SAN CRISTOBAL","2020-11-28","","18.75"
"SAN CRISTOBAL","2020-11-27","","23.70833333"
"SAN CRISTOBAL","2020-11-26","","19.75"
"SAN CRISTOBAL","2020-11-25","","14.875"
"SAN CRISTOBAL","2020-11-24","","22.70833333"
"SAN CRISTOBAL","2020-11-23","","19.47058824"
"SAN CRISTOBAL","2020-11-22","","14.43478261"
"SAN CRISTOBAL","2020-11-21","","7.70833333"
"SAN CRISTOBAL","2020-11-20","","11.08695652"
"SAN CRISTOBAL","2020-11-19","","14.68181818"
"SAN CRISTOBAL","2020-11-18","","16.70833333"
"SAN CRISTOBAL","2020-11-17","","16.0"
"SAN CRISTOBAL","2020-11-16","","9.125"
"SAN CRISTOBAL","2020-11-15","","14.47826087"
"SAN CRISTOBAL","2020-11-14","","22.83333333"
"SAN CRISTOBAL","2020-11-13","","13.125"
"SAN CRISTOBAL","2020-11-12","","15.875"
"SAN CRISTOBAL","2020-11-11","","10.83333333"
"SAN CRISTOBAL","2020-11-10","","22.83333333"
"SAN CRISTOBAL","2020-11-09","","18.25"
"SAN CRISTOBAL","2020-11-08","","17.41666667"
"SAN CRISTOBAL","2020-11-07","","22.70833333"
"SAN CRISTOBAL","2020-11-06","","29.16666667"
"SAN CRISTOBAL","2020-11-05","","15.95454545"
"SAN CRISTOBAL","2020-11-04","","21.70833333"
"SAN CRISTOBAL","2020-11-03","","22.125"
"SAN CRISTOBAL","2020-11-02","","19.08333333"
"SAN CRISTOBAL","2020-11-01","","16.04"
"SAN CRISTOBAL","2020-10-31","","21.0"
"SAN CRISTOBAL","2020-10-30","","18.54166667"
"SAN CRISTOBAL","2020-10-29","","16.91666667"
"SAN CRISTOBAL","2020-10-28","","10.04166667"
"SAN CRISTOBAL","2020-10-27","","27.13043478"
"SAN CRISTOBAL","2020-10-26","","22.25"
"SAN CRISTOBAL","2020-10-25","","17.5"
"SAN CRISTOBAL","2020-10-24","","9.08695652"
"SAN CRISTOBAL","2020-10-23","","7.16666667"
"SAN CRISTOBAL","2020-10-22","","6.7826087"
"SAN CRISTOBAL","2020-10-21","","7.56521739"
"SAN CRISTOBAL","2020-10-20","","10.41666667"
"SAN CRISTOBAL","2020-10-19","","9.44444444"
"SAN CRISTOBAL","2020-10-16","","7.90909091"
"SAN CRISTOBAL","2020-10-15","","10.91304348"
"SAN CRISTOBAL","2020-10-14","","10.79166667"
"SAN CRISTOBAL","2020-10-13","","8.66666667"
"SAN CRISTOBAL","2020-10-12","","8.79166667"
"SAN CRISTOBAL","2020-10-11","","7.54166667"
"SAN CRISTOBAL","2020-10-10","","8.75"
"SAN CRISTOBAL","2020-10-09","","6.91666667"
"SAN CRISTOBAL","2020-10-07","","7.64666667"
"SAN CRISTOBAL","2020-10-06","","8.42380952"
"SAN CRISTOBAL","2020-10-05","","5.2"
"SAN CRISTOBAL","2020-10-04","","3.27083333"
"SAN CRISTOBAL","2020-10-03","","3.89166667"
"SAN CRISTOBAL","2020-10-02","","3.3375"
"SAN CRISTOBAL","2020-10-01","","4.07916667"
"SAN CRISTOBAL","2020-09-30","","2.25652174"
"SAN CRISTOBAL","2020-09-29","","2.825"
"SAN CRISTOBAL","2020-09-28","","4.15238095"
"SAN CRISTOBAL","2020-09-27","","9.27083333"
"SAN CRISTOBAL","2020-09-26","","6.2047619"
"SAN CRISTOBAL","2020-09-25","","2.56666667"
"SAN CRISTOBAL","2020-09-24","","2.37916667"
"SAN CRISTOBAL","2020-09-23","","3.35"
"SAN CRISTOBAL","2020-09-22","","4.73636364"
"SAN CRISTOBAL","2020-09-21","","3.4875"
"SAN CRISTOBAL","2020-09-20","","5.3375"
"SAN CRISTOBAL","2020-09-19","","12.75416667"
"SAN CRISTOBAL","2020-09-18","","16.23333333"
"SAN CRISTOBAL","2020-09-17","","15.25"
"SAN CRISTOBAL","2020-09-16","","8.02272727"
"SAN CRISTOBAL","2020-09-15","","4.1"
"SAN CRISTOBAL","2020-09-14","","4.25833333"
"SAN CRISTOBAL","2020-09-13","","4.65416667"
"SAN CRISTOBAL","2020-09-12","","10.29545455"
"SAN CRISTOBAL","2020-09-11","","14.00952381"
"SAN CRISTOBAL","2020-09-10","","6.50454545"
"SAN CRISTOBAL","2020-09-09","","5.29583333"
"SAN CRISTOBAL","2020-09-08","","6.35"
"SAN CRISTOBAL","2020-09-07","","4.96666667"
"SAN CRISTOBAL","2020-09-06","","5.0625"
"SAN CRISTOBAL","2020-09-05","","3.30833333"
"SAN CRISTOBAL","2020-09-04","","3.40416667"
"SAN CRISTOBAL","2020-09-03","","6.375"
"SAN CRISTOBAL","2020-09-02","","12.30416667"
"SAN CRISTOBAL","2020-09-01","","5.8826087"
"SAN CRISTOBAL","2020-08-31","","8.60434783"
"SAN CRISTOBAL","2020-08-30","","8.38333333"
"SAN CRISTOBAL","2020-08-29","","17.95"
"SAN CRISTOBAL","2020-08-28","","6.4625"
"SAN CRISTOBAL","2020-08-27","","4.55"
"SAN CRISTOBAL","2020-08-26","","5.27391304"
"SAN CRISTOBAL","2020-08-25","","8.5375"
"SAN CRISTOBAL","2020-08-24","","4.5"
"SAN CRISTOBAL","2020-08-23","","6.90416667"
"SAN CRISTOBAL","2020-08-22","","4.10416667"
"SAN CRISTOBAL","2020-08-21","","3.925"
"SAN CRISTOBAL","2020-08-20","","4.52352941"
"SAN CRISTOBAL","2020-08-19","","8.51052632"
"SAN CRISTOBAL","2020-08-18","","13.99583333"
"SAN CRISTOBAL","2020-08-17","","11.56363636"
"SAN CRISTOBAL","2020-08-16","","3.17142857"
"SAN CRISTOBAL","2020-08-15","","2.43043478"
"SAN CRISTOBAL","2020-08-14","","2.0625"
"SAN CRISTOBAL","2020-08-13","","4.18"
"SAN CRISTOBAL","2020-08-12","","4.25416667"
"SAN CRISTOBAL","2020-08-11","","4.37916667"
"SAN CRISTOBAL","2020-08-10","","3.76666667"
"SAN CRISTOBAL","2020-08-09","","2.4625"
"SAN CRISTOBAL","2020-08-08","","3.3875"
"SAN CRISTOBAL","2020-08-07","","3.14583333"
"SAN CRISTOBAL","2020-08-06","","4.4375"
"SAN CRISTOBAL","2020-08-05","","2.21666667"
"SAN CRISTOBAL","2020-08-04","","4.42083333"
"SAN CRISTOBAL","2020-08-03","","4.37083333"
"SAN CRISTOBAL","2020-08-02","","3.62916667"
"SAN CRISTOBAL","2020-08-01","","4.13333333"
"SAN CRISTOBAL","2020-07-31","","3.13913043"
"SAN CRISTOBAL","2020-07-30","","4.1875"
"SAN CRISTOBAL","2020-07-29","","2.30416667"
"SAN CRISTOBAL","2020-07-28","","3.47894737"
"SAN CRISTOBAL","2020-07-27","","2.20833333"
"SAN CRISTOBAL","2020-07-26","","4.45"
"SAN CRISTOBAL","2020-07-25","","2.97916667"
"SAN CRISTOBAL","2020-07-24","","4.82105263"
"SAN CRISTOBAL","2020-07-23","","5.2125"
"SAN CRISTOBAL","2020-07-22","","4.67916667"
"SAN CRISTOBAL","2020-07-21","","2.62083333"
"SAN CRISTOBAL","2020-07-20","","2.475"
"SAN CRISTOBAL","2020-07-19","","2.56315789"
"SAN CRISTOBAL","2020-07-18","","2.0375"
"SAN CRISTOBAL","2020-07-17","","2.1375"
"SAN CRISTOBAL","2020-07-16","","2.49166667"
"SAN CRISTOBAL","2020-07-15","","3.23478261"
"SAN CRISTOBAL","2020-07-14","","2.36521739"
"SAN CRISTOBAL","2020-07-13","","3.49565217"
"SAN CRISTOBAL","2020-07-12","","6.19090909"
"SAN CRISTOBAL","2020-07-11","","3.9125"
"SAN CRISTOBAL","2020-07-10","","4.64166667"
"SAN CRISTOBAL","2020-07-09","","3.275"
"SAN CRISTOBAL","2020-07-08","","4.525"
"SAN CRISTOBAL","2020-07-07","","5.225"
"SAN CRISTOBAL","2020-07-06","","6.85416667"
"SAN CRISTOBAL","2020-07-05","","9.21666667"
"SAN CRISTOBAL","2020-07-04","","4.62083333"
"SAN CRISTOBAL","2020-07-03","","5.99411765"
"SAN CRISTOBAL","2020-07-02","","4.67916667"
"SAN CRISTOBAL","2020-07-01","","9.23181818"
"SAN CRISTOBAL","2020-06-30","","6.94782609"
"SAN CRISTOBAL","2020-06-29","","2.59166667"
"SAN CRISTOBAL","2020-06-28","","5.2"
"SAN CRISTOBAL","2020-06-27","","4.71304348"
"SAN CRISTOBAL","2020-06-26","","5.23684211"
"SAN CRISTOBAL","2020-06-25","","22.24583333"
"SAN CRISTOBAL","2020-06-24","","25.18333333"
"SAN CRISTOBAL","2020-06-23","","3.99583333"
"SAN CRISTOBAL","2020-06-22","","4.53333333"
"SAN CRISTOBAL","2020-06-21","","3.25"
"SAN CRISTOBAL","2020-06-20","","4.32631579"
"SAN CRISTOBAL","2020-06-19","","6.6875"
"SAN CRISTOBAL","2020-06-18","","9.70416667"
"SAN CRISTOBAL","2020-06-17","","5.6125"
"SAN CRISTOBAL","2020-06-16","","2.56666667"
"SAN CRISTOBAL","2020-06-15","","2.85714286"
"SAN CRISTOBAL","2020-06-14","","3.30416667"
"SAN CRISTOBAL","2020-06-13","","4.7"
"SAN CRISTOBAL","2020-06-12","","14.4"
"SAN CRISTOBAL","2020-06-11","","8.89166667"
"SAN CRISTOBAL","2020-06-10","","9.22666667"
"SAN CRISTOBAL","2020-06-09","","3.66521739"
"SAN CRISTOBAL","2020-06-08","","3.425"
"SAN CRISTOBAL","2020-06-07","","3.39333333"
"SAN CRISTOBAL","2020-06-06","","4.39230769"
"SAN CRISTOBAL","2020-06-05","","4.71538462"
"SAN CRISTOBAL","2020-06-04","","4.37142857"
"SAN CRISTOBAL","2020-06-03","","10.6826087"
"SAN CRISTOBAL","2020-06-02","","4.6375"
"SAN CRISTOBAL","2020-06-01","","5.48823529"
"SAN CRISTOBAL","2020-05-31","","6.74285714"
"SAN CRISTOBAL","2020-05-30","","9.11904762"
"SAN CRISTOBAL","2020-05-29","","6.53333333"
"SAN CRISTOBAL","2020-05-28","","7.91904762"
"SAN CRISTOBAL","2020-05-27","","3.355"
"SAN CRISTOBAL","2020-05-26","","4.68333333"
"SAN CRISTOBAL","2020-05-25","","3.44666667"
"SAN CRISTOBAL","2020-05-24","","3.77857143"
"SAN CRISTOBAL","2020-05-23","","3.81538462"
"SAN CRISTOBAL","2020-05-22","","4.65416667"
"SAN CRISTOBAL","2020-05-21","","5.005"
"SAN CRISTOBAL","2020-05-20","","5.29583333"
"SAN CRISTOBAL","2020-05-19","","4.35217391"
"SAN CRISTOBAL","2020-05-18","","4.08181818"
"SAN CRISTOBAL","2020-05-17","","3.36"
"SAN CRISTOBAL","2020-05-16","","3.81666667"
"SAN CRISTOBAL","2020-05-15","","7.5"
"SAN CRISTOBAL","2020-05-14","","10.25454545"
"SAN CRISTOBAL","2020-05-13","","9.70909091"
"SAN CRISTOBAL","2020-05-12","","14.1"
"SAN CRISTOBAL","2020-05-11","","4.87777778"
"SAN CRISTOBAL","2020-05-10","","5.5"
"SAN CRISTOBAL","2020-05-08","","3.74166667"
"SAN CRISTOBAL","2020-05-07","","5.10434783"
"SAN CRISTOBAL","2020-05-06","","3.96666667"
"SAN CRISTOBAL","2020-05-05","","5.48571429"
"SAN CRISTOBAL","2020-05-04","","6.98571429"
"SAN CRISTOBAL","2020-05-03","","8.4875"
"SAN CRISTOBAL","2020-05-02","","6.92"
"SAN CRISTOBAL","2020-05-01","","5.06923077"
"SAN CRISTOBAL","2020-04-30","","13.24782609"
"SAN CRISTOBAL","2020-04-29","","12.95714286"
"SAN CRISTOBAL","2020-04-28","","13.54782609"
"SAN CRISTOBAL","2020-04-27","","15.8826087"
"SAN CRISTOBAL","2020-04-26","","14.1"
"SAN CRISTOBAL","2020-04-25","","14.29565217"
"SAN CRISTOBAL","2020-04-24","","8.50434783"
"SAN CRISTOBAL","2020-04-23","","4.65833333"
"SAN CRISTOBAL","2020-04-22","","8.99047619"
"SAN CRISTOBAL","2020-04-21","","10.48333333"
"SAN CRISTOBAL","2020-04-20","","12.70416667"
"SAN CRISTOBAL","2020-04-19","","18.59375"
"SAN CRISTOBAL","2020-04-18","","29.64736842"
"SAN CRISTOBAL","2020-04-17","","27.36190476"
"SAN CRISTOBAL","2020-04-16","","28.12083333"
"SAN CRISTOBAL","2020-04-15","","20.48181818"
"SAN CRISTOBAL","2020-04-14","","14.275"
"SAN CRISTOBAL","2020-04-13","","19.25416667"
"SAN CRISTOBAL","2020-04-12","","8.27916667"
"SAN CRISTOBAL","2020-04-11","","4.62083333"
"SAN CRISTOBAL","2020-04-10","","5.9125"
"SAN CRISTOBAL","2020-04-09","","5.61666667"
"SAN CRISTOBAL","2020-04-08","","6.7173913"
"SAN CRISTOBAL","2020-04-07","","3.8375"
"SAN CRISTOBAL","2020-04-06","","4.2125"
"SAN CRISTOBAL","2020-04-05","","5.74545455"
"SAN CRISTOBAL","2020-04-03","","12.12857143"
"SAN CRISTOBAL","2020-04-02","","8.04545455"
"SAN CRISTOBAL","2020-04-01","","13.37083333"
"SAN CRISTOBAL","2020-03-31","","19.82272727"
"SAN CRISTOBAL","2020-03-30","","36.67916667"
"SAN CRISTOBAL","2020-03-29","","38.74545455"
"SAN CRISTOBAL","2020-03-28","","33.85833333"
"SAN CRISTOBAL","2020-03-27","","33.48333333"
"SAN CRISTOBAL","2020-03-26","","28.2"
"SAN CRISTOBAL","2020-03-25","","27.29166667"
"SAN CRISTOBAL","2020-03-24","","33.14166667"
"SAN CRISTOBAL","2020-03-23","","32.19166667"
"SAN CRISTOBAL","2020-03-22","","19.95652174"
"SAN CRISTOBAL","2020-03-21","","26.99130435"
"SAN CRISTOBAL","2020-03-20","","37.70833333"
"SAN CRISTOBAL","2020-03-19","","46.28333333"
"SAN CRISTOBAL","2020-03-18","","45.42083333"
"SAN CRISTOBAL","2020-03-17","","32.15833333"
"SAN CRISTOBAL","2020-03-16","","26.7625"
"SAN CRISTOBAL","2020-03-15","","18.63913043"
"SAN CRISTOBAL","2020-03-14","","14.87083333"
"SAN CRISTOBAL","2020-03-13","","30.49583333"
"SAN CRISTOBAL","2020-03-12","","21.78181818"
"SAN CRISTOBAL","2020-03-11","","26.27916667"
"SAN CRISTOBAL","2020-03-10","","23.4"
"SAN CRISTOBAL","2020-03-09","","21.675"
"SAN CRISTOBAL","2020-03-08","","28.27083333"
"SAN CRISTOBAL","2020-03-07","","37.15833333"
"SAN CRISTOBAL","2020-03-06","","37.67083333"
"SAN CRISTOBAL","2020-03-05","","21.10416667"
"SAN CRISTOBAL","2020-03-04","","22.57826087"
"SAN CRISTOBAL","2020-03-03","","20.87083333"
"SAN CRISTOBAL","2020-03-02","","19.2375"
"SAN CRISTOBAL","2020-03-01","","20.65833333"
"SAN CRISTOBAL","2020-02-29","","26.12608696"
"SAN CRISTOBAL","2020-02-28","","21.64166667"
"SAN CRISTOBAL","2020-02-27","","23.3375"
"SAN CRISTOBAL","2020-02-26","","22.27916667"
"SAN CRISTOBAL","2020-02-25","","21.0375"
"SAN CRISTOBAL","2020-02-24","","14.60416667"
"SAN CRISTOBAL","2020-02-23","","16.24166667"
"SAN CRISTOBAL","2020-02-22","","27.46666667"
"SAN CRISTOBAL","2020-02-21","","23.43333333"
"SAN CRISTOBAL","2020-02-20","","12.975"
"SAN CRISTOBAL","2020-02-19","","10.14583333"
"SAN CRISTOBAL","2020-02-18","","12.3375"
"SAN CRISTOBAL","2020-02-17","","11.10416667"
"SAN CRISTOBAL","2020-02-16","","9.46666667"
"SAN CRISTOBAL","2020-02-15","","11.10434783"
"SAN CRISTOBAL","2020-02-14","","14.74166667"
"SAN CRISTOBAL","2020-02-13","","19.28333333"
"SAN CRISTOBAL","2020-02-12","","16.725"
"SAN CRISTOBAL","2020-02-11","","12.69583333"
"SAN CRISTOBAL","2020-02-10","","11.52173913"
"SAN CRISTOBAL","2020-02-09","","24.76666667"
"SAN CRISTOBAL","2020-02-08","","32.7625"
"SAN CRISTOBAL","2020-02-07","","20.79583333"
"SAN CRISTOBAL","2020-02-06","","12.7125"
"SAN CRISTOBAL","2020-02-05","","13.44583333"
"SAN CRISTOBAL","2020-02-04","","13.17916667"
"SAN CRISTOBAL","2020-02-03","","14.7125"
"SAN CRISTOBAL","2020-02-02","","18.63333333"
"SAN CRISTOBAL","2020-02-01","","15.63333333"
"SAN CRISTOBAL","2020-01-31","","13.86956522"
"SAN CRISTOBAL","2020-01-30","","12.34166667"
"SAN CRISTOBAL","2020-01-29","","21.04583333"
"SAN CRISTOBAL","2020-01-28","","19.80833333"
"SAN CRISTOBAL","2020-01-27","","19.29130435"
"SAN CRISTOBAL","2020-01-26","","16.29166667"
"SAN CRISTOBAL","2020-01-25","","21.65"
"SAN CRISTOBAL","2020-01-24","","16.48333333"
"SAN CRISTOBAL","2020-01-23","","17.54166667"
"SAN CRISTOBAL","2020-01-22","","16.125"
"SAN CRISTOBAL","2020-01-21","","21.60416667"
"SAN CRISTOBAL","2020-01-20","","11.64166667"
"SAN CRISTOBAL","2020-01-19","","6.2"
"SAN CRISTOBAL","2020-01-18","","4.11666667"
"SAN CRISTOBAL","2020-01-17","","3.3375"
"SAN CRISTOBAL","2020-01-16","","4.10588235"
"SAN CRISTOBAL","2020-01-15","","5.39375"
"SAN CRISTOBAL","2020-01-14","","4.90416667"
"SAN CRISTOBAL","2020-01-13","","4.07083333"
"SAN CRISTOBAL","2020-01-12","","5.84166667"
"SAN CRISTOBAL","2020-01-11","","9.44166667"
"SAN CRISTOBAL","2020-01-10","","7.89583333"
"SAN CRISTOBAL","2020-01-09","","1.3125"
"SAN CRISTOBAL","2020-01-08","","16.72857143"
"SAN CRISTOBAL","2020-01-07","","12.86153846"
"SAN CRISTOBAL","2020-01-06","","11.9125"
"SAN CRISTOBAL","2020-01-05","","7.925"
"SAN CRISTOBAL","2020-01-04","","16.45833333"
"SAN CRISTOBAL","2020-01-03","","12.275"
"SAN CRISTOBAL","2020-01-02","","9.12916667"
"SAN CRISTOBAL","2020-01-01","","12.83043478"
"SAN CRISTOBAL","2019-12-31","","11.52608696"
"SAN CRISTOBAL","2019-12-30","","9.36086957"
"SAN CRISTOBAL","2019-12-29","","6.23333333"
"SAN CRISTOBAL","2019-12-28","","5.47916667"
"SAN CRISTOBAL","2019-12-27","","3.25833333"
"SAN CRISTOBAL","2019-12-26","","3.60416667"
"SAN CRISTOBAL","2019-12-25","","18.04583333"
"SAN CRISTOBAL","2019-12-24","","4.39166667"
"SAN CRISTOBAL","2019-12-23","","3.23333333"
"SAN CRISTOBAL","2019-12-22","","4.48333333"
"SAN CRISTOBAL","2019-12-21","","3.7875"
"SAN CRISTOBAL","2019-12-20","","5.69583333"
"SAN CRISTOBAL","2019-12-19","","6.55"
"SAN CRISTOBAL","2019-12-18","","6.45"
"SAN CRISTOBAL","2019-12-17","","8.375"
"SAN CRISTOBAL","2019-12-16","","15.7"
"SAN CRISTOBAL","2019-12-14","","11.87142857"
"SAN CRISTOBAL","2019-12-13","","20.13478261"
"SAN CRISTOBAL","2019-12-12","","15.05"
"SAN CRISTOBAL","2019-12-11","","16.38888889"
"SAN CRISTOBAL","2019-12-10","","5.17142857"
"SAN CRISTOBAL","2019-12-09","","8.67894737"
"SAN CRISTOBAL","2019-12-08","","15.49583333"
"SAN CRISTOBAL","2019-12-07","","17.65416667"
"SAN CRISTOBAL","2019-12-06","","13.4875"
"SAN CRISTOBAL","2019-12-05","","4.69583333"
"SAN CRISTOBAL","2019-12-04","","5.80416667"
"SAN CRISTOBAL","2019-12-03","","6.20416667"
"SAN CRISTOBAL","2019-12-02","","4.57916667"
"SAN CRISTOBAL","2019-12-01","","6.325"
"SAN CRISTOBAL","2019-11-30","","17.29166667"
"SAN CRISTOBAL","2019-11-29","","17.37272727"
"SAN CRISTOBAL","2019-11-28","","7.36666667"
"SAN CRISTOBAL","2019-11-26","","4.55833333"
"SAN CRISTOBAL","2019-11-25","","7.675"
"SAN CRISTOBAL","2019-11-24","","12.12083333"
"SAN CRISTOBAL","2019-11-23","","15.37916667"
"SAN CRISTOBAL","2019-11-22","","12.40833333"
"SAN CRISTOBAL","2019-11-21","","14.5625"
"SAN CRISTOBAL","2019-11-20","","14.49583333"
"SAN CRISTOBAL","2019-11-19","","21.43076923"
"SAN CRISTOBAL","2019-11-17","","7.8"
"SAN CRISTOBAL","2019-08-20","","10.26666667"
"SAN CRISTOBAL","2019-08-19","","5.86470588"
"SAN CRISTOBAL","2019-08-18","","14.06818182"
"SAN CRISTOBAL","2019-08-17","","54.88888889"
"SAN CRISTOBAL","2019-08-16","","49.95789474"
"SAN CRISTOBAL","2019-08-15","","24.13333333"
"SAN CRISTOBAL","2019-08-14","","20.1"
"SAN CRISTOBAL","2019-08-13","","2.75"
"SAN CRISTOBAL","2019-08-12","","3.78333333"
"SAN CRISTOBAL","2019-08-11","","2.54782609"
"SAN CRISTOBAL","2019-08-10","","5.04347826"
"SAN CRISTOBAL","2019-08-09","","3.25416667"
"SAN CRISTOBAL","2019-08-08","","6.17826087"
"SAN CRISTOBAL","2019-08-07","","6.15833333"
"SAN CRISTOBAL","2019-08-06","","9.5875"
"SAN CRISTOBAL","2019-08-05","","10.33333333"
"SAN CRISTOBAL","2019-08-04","","4.45"
"SAN CRISTOBAL","2019-08-03","","4.61666667"
"SAN CRISTOBAL","2019-08-02","","5.56666667"
"SAN CRISTOBAL","2019-08-01","","5.8875"
"SAN CRISTOBAL","2019-07-31","","4.175"
"SAN CRISTOBAL","2019-07-30","","4.62083333"
"SAN CRISTOBAL","2019-07-29","","4.85416667"
"SAN CRISTOBAL","2019-07-28","","4.7375"
"SAN CRISTOBAL","2019-07-27","","5.56666667"
"SAN CRISTOBAL","2019-07-26","","3.72727273"
"SAN CRISTOBAL","2019-07-25","","6.925"
"SAN CRISTOBAL","2019-07-24","","5.825"
"SAN CRISTOBAL","2019-07-23","","4.0173913"
"SAN CRISTOBAL","2019-07-22","","4.49583333"
"SAN CRISTOBAL","2019-07-21","","2.91428571"
"SAN CRISTOBAL","2019-07-20","","2.99047619"
"SAN CRISTOBAL","2019-07-19","","4.42857143"
"SAN CRISTOBAL","2019-07-18","","2.95416667"
"SAN CRISTOBAL","2019-07-17","","5.90909091"
"SAN CRISTOBAL","2019-07-16","","4.26666667"
"SAN CRISTOBAL","2019-07-15","","4.695"
"SAN CRISTOBAL","2019-07-14","","1.90434783"
"SAN CRISTOBAL","2019-07-13","","4.33043478"
"SAN CRISTOBAL","2019-07-12","","5.27916667"
"SAN CRISTOBAL","2019-07-11","","4.78333333"
"SAN CRISTOBAL","2019-07-10","","3.175"
"SAN CRISTOBAL","2019-07-09","","4.97083333"
"SAN CRISTOBAL","2019-07-08","","3.58636364"
"SAN CRISTOBAL","2019-07-07","","3.18421053"
"SAN CRISTOBAL","2019-07-06","","3.27083333"
"SAN CRISTOBAL","2019-07-05","","7.21304348"
"SAN CRISTOBAL","2019-07-04","","8.0173913"
"SAN CRISTOBAL","2019-07-03","","6.76666667"
"SAN CRISTOBAL","2019-07-02","","5.22307692"
"SAN CRISTOBAL","2019-07-01","","5.575"
"SAN CRISTOBAL","2019-06-30","","5.35833333"
"SAN CRISTOBAL","2019-06-29","","4.68333333"
"SAN CRISTOBAL","2019-06-28","","4.68333333"
"SAN CRISTOBAL","2019-06-27","","7.67727273"
"SAN CRISTOBAL","2019-06-26","","3.76086957"
"SAN CRISTOBAL","2019-06-25","","8.90416667"
"SAN CRISTOBAL","2019-06-24","","3.5173913"
"SAN CRISTOBAL","2019-06-23","","3.24166667"
"SAN CRISTOBAL","2019-06-22","","3.45238095"
"SAN CRISTOBAL","2019-06-21","","2.79583333"
"SAN CRISTOBAL","2019-06-20","","2.95416667"
"SAN CRISTOBAL","2019-06-19","","2.96666667"
"SAN CRISTOBAL","2019-06-18","","4.58333333"
"SAN CRISTOBAL","2019-06-13","","7.49333333"
"SAN CRISTOBAL","2019-06-12","","6.98"
"SAN CRISTOBAL","2019-06-11","","13.2"
"SAN CRISTOBAL","2019-06-10","","6.56"
"SAN CRISTOBAL","2019-06-09","","4.25384615"
"SAN CRISTOBAL","2019-06-08","","6.43888889"
"SAN CRISTOBAL","2019-06-07","","4.3"
"SAN CRISTOBAL","2019-06-06","","3.35714286"
"SAN CRISTOBAL","2019-06-05","","5.38"
"SAN CRISTOBAL","2019-06-04","","3.14090909"
"SAN CRISTOBAL","2019-06-03","","3.30952381"
"SAN CRISTOBAL","2019-06-02","","7.37222222"
"SAN CRISTOBAL","2019-06-01","","18.29583333"
"SAN CRISTOBAL","2019-05-31","","20.98181818"
"SAN CRISTOBAL","2019-05-30","","12.8875"
"SAN CRISTOBAL","2019-05-29","","6.70666667"
"SAN CRISTOBAL","2019-05-28","","4.88"
"SAN CRISTOBAL","2019-05-27","","11.8375"
"SAN CRISTOBAL","2019-05-26","","3.01666667"
"SAN CRISTOBAL","2019-05-25","","10.62916667"
"SAN CRISTOBAL","2019-05-24","","8.7625"
"SAN CRISTOBAL","2019-05-23","","11.74285714"
"SAN CRISTOBAL","2019-05-22","","9.65833333"
"SAN CRISTOBAL","2019-05-21","","5.625"
"SAN CRISTOBAL","2019-05-20","","11.43333333"
"SAN CRISTOBAL","2019-05-19","","12.27916667"
"SAN CRISTOBAL","2019-05-18","","14.3375"
"SAN CRISTOBAL","2019-05-17","","10.16521739"
"SAN CRISTOBAL","2019-05-16","","6.87083333"
"SAN CRISTOBAL","2019-05-15","","2.55652174"
"SAN CRISTOBAL","2019-05-14","","4.95"
"SAN CRISTOBAL","2019-05-13","","4.00416667"
"SAN CRISTOBAL","2019-05-12","","4.54583333"
"SAN CRISTOBAL","2019-05-11","","12.91666667"
"SAN CRISTOBAL","2019-05-10","","13.77083333"
"SAN CRISTOBAL","2019-05-09","","9.42916667"
"SAN CRISTOBAL","2019-05-08","","4.10833333"
"SAN CRISTOBAL","2019-05-07","","4.21666667"
"SAN CRISTOBAL","2019-05-06","","3.875"
"SAN CRISTOBAL","2019-05-05","","5.2375"
"SAN CRISTOBAL","2019-05-04","","7.46666667"
"SAN CRISTOBAL","2019-05-03","","12.6625"
"SAN CRISTOBAL","2019-05-02","","11.12608696"
"SAN CRISTOBAL","2019-05-01","","9.00833333"
"SAN CRISTOBAL","2019-04-30","","8.0125"
"SAN CRISTOBAL","2019-04-29","","5.4125"
"SAN CRISTOBAL","2019-04-28","","1.705"
"SAN CRISTOBAL","2019-04-27","","4.31666667"
"SAN CRISTOBAL","2019-04-26","","5.02916667"
"SAN CRISTOBAL","2019-04-25","","6.81666667"
"SAN CRISTOBAL","2019-04-24","","10.6375"
"SAN CRISTOBAL","2019-04-23","","17.95416667"
"SAN CRISTOBAL","2019-04-22","","10.01304348"
"SAN CRISTOBAL","2019-04-21","","11.12916667"
"SAN CRISTOBAL","2019-04-20","","8.17083333"
"SAN CRISTOBAL","2019-04-19","","6.60833333"
"SAN CRISTOBAL","2019-04-18","","11.04166667"
"SAN CRISTOBAL","2019-04-17","","15.95"
"SAN CRISTOBAL","2019-04-16","","12.0875"
"SAN CRISTOBAL","2019-04-15","","11.42083333"
"SAN CRISTOBAL","2019-04-14","","13.675"
"SAN CRISTOBAL","2019-04-13","","19.90833333"
"SAN CRISTOBAL","2019-04-12","","18.41363636"
"SAN CRISTOBAL","2019-04-11","","18.98333333"
"SAN CRISTOBAL","2019-04-10","","20.97916667"
"SAN CRISTOBAL","2019-04-09","","21.50416667"
"SAN CRISTOBAL","2019-04-08","","24.50833333"
"SAN CRISTOBAL","2019-04-07","","23.12916667"
"SAN CRISTOBAL","2019-04-06","","19.15833333"
"SAN CRISTOBAL","2019-04-05","","25.05"
"SAN CRISTOBAL","2019-04-04","","16.65416667"
"SAN CRISTOBAL","2019-04-03","","18.81666667"
"SAN CRISTOBAL","2019-04-02","","14.925"
"SAN CRISTOBAL","2019-04-01","","16.96666667"
"SAN CRISTOBAL","2019-03-31","","11.14166667"
"SAN CRISTOBAL","2019-03-30","","18.14583333"
"SAN CRISTOBAL","2019-03-29","","28.68333333"
"SAN CRISTOBAL","2019-03-28","","37.35833333"
"SAN CRISTOBAL","2019-03-27","","31.65"
"SAN CRISTOBAL","2019-03-26","","32.19166667"
"SAN CRISTOBAL","2019-03-25","","23.37916667"
"SAN CRISTOBAL","2019-03-24","","24.90833333"
"SAN CRISTOBAL","2019-03-23","","24.8375"
"SAN CRISTOBAL","2019-03-22","","20.59545455"
"SAN CRISTOBAL","2019-03-21","","23.13913043"
"SAN CRISTOBAL","2019-03-20","","17.25"
"SAN CRISTOBAL","2019-03-19","","16.57272727"
"SAN CRISTOBAL","2019-03-18","","16.68333333"
"SAN CRISTOBAL","2019-03-17","","14.17727273"
"SAN CRISTOBAL","2019-03-16","","11.40833333"
"SAN CRISTOBAL","2019-03-15","","13.39583333"
"SAN CRISTOBAL","2019-03-14","","19.2125"
"SAN CRISTOBAL","2019-03-13","","18.9625"
"SAN CRISTOBAL","2019-03-12","","16.39583333"
"SAN CRISTOBAL","2019-03-11","","7.7125"
"SAN CRISTOBAL","2019-03-10","","9.275"
"SAN CRISTOBAL","2019-03-09","","12.67083333"
"SAN CRISTOBAL","2019-03-08","","26.34166667"
"SAN CRISTOBAL","2019-03-07","","30.11304348"
"SAN CRISTOBAL","2019-03-06","","24.15"
"SAN CRISTOBAL","2019-03-05","","24.27916667"
"SAN CRISTOBAL","2019-03-04","","19.3625"
"SAN CRISTOBAL","2019-03-03","","18.7625"
"SAN CRISTOBAL","2019-03-02","","21.85833333"
"SAN CRISTOBAL","2019-03-01","","24.975"
"SAN CRISTOBAL","2019-02-28","","19.29583333"
"SAN CRISTOBAL","2019-02-27","","19.55416667"
"SAN CRISTOBAL","2019-02-26","","25.65416667"
"SAN CRISTOBAL","2019-02-25","","19.08333333"
"SAN CRISTOBAL","2019-02-24","","18.5125"
"SAN CRISTOBAL","2019-02-23","","20.3"
"SAN CRISTOBAL","2019-02-22","","17.2875"
"SAN CRISTOBAL","2019-02-21","","14.6"
"SAN CRISTOBAL","2019-02-20","","15.9125"
"SAN CRISTOBAL","2019-02-19","","14.17916667"
"SAN CRISTOBAL","2019-02-18","","22.82916667"
"SAN CRISTOBAL","2019-02-17","","20.25416667"
"SAN CRISTOBAL","2019-02-16","","21.975"
"SAN CRISTOBAL","2019-02-15","","21.12083333"
"SAN CRISTOBAL","2019-02-14","","28.375"
"SAN CRISTOBAL","2019-02-13","","15.47083333"
"SAN CRISTOBAL","2019-02-12","","15.33333333"
"SAN CRISTOBAL","2019-02-11","","12.1875"
"SAN CRISTOBAL","2019-02-10","","13.725"
"SAN CRISTOBAL","2019-02-09","","13.0625"
"SAN CRISTOBAL","2019-02-08","","15.95"
"SAN CRISTOBAL","2019-02-07","","19.47083333"
"SAN CRISTOBAL","2019-02-06","","13.92083333"
"SAN CRISTOBAL","2019-02-05","","14.1625"
"SAN CRISTOBAL","2019-02-04","","18.86818182"
"SAN CRISTOBAL","2019-02-03","","11.425"
"SAN CRISTOBAL","2019-02-02","","25.67083333"
"SAN CRISTOBAL","2019-02-01","","17.00416667"
"SAN CRISTOBAL","2019-01-31","","17.6625"
"SAN CRISTOBAL","2019-01-30","","24.75416667"
"SAN CRISTOBAL","2019-01-29","","18.1625"
"SAN CRISTOBAL","2019-01-28","","19.82083333"
"SAN CRISTOBAL","2019-01-27","","14.4"
"SAN CRISTOBAL","2019-01-26","","10.84166667"
"SAN CRISTOBAL","2019-01-25","","6.94545455"
"SAN CRISTOBAL","2019-01-24","","12.78333333"
"SAN CRISTOBAL","2019-01-23","","7.7875"
"SAN CRISTOBAL","2019-01-22","","11.17083333"
"SAN CRISTOBAL","2019-01-21","","10.27916667"
"SAN CRISTOBAL","2019-01-20","","5.69583333"
"SAN CRISTOBAL","2019-01-19","","7.5625"
"SAN CRISTOBAL","2019-01-18","","10.8875"
"SAN CRISTOBAL","2019-01-17","","10.50833333"
"SAN CRISTOBAL","2019-01-16","","9.125"
"SAN CRISTOBAL","2019-01-15","","12.99166667"
"SAN CRISTOBAL","2019-01-14","","11.94583333"
"SAN CRISTOBAL","2019-01-13","","17.35833333"
"SAN CRISTOBAL","2019-01-12","","19.6875"
"SAN CRISTOBAL","2019-01-11","","17.7625"
"SAN CRISTOBAL","2019-01-10","","10.84583333"
"SAN CRISTOBAL","2019-01-09","","19.82083333"
"SAN CRISTOBAL","2019-01-08","","16.48333333"
"SAN CRISTOBAL","2019-01-07","","17.8625"
"SAN CRISTOBAL","2019-01-06","","15.1"
"SAN CRISTOBAL","2019-01-05","","12.32083333"
"SAN CRISTOBAL","2019-01-04","","9.05416667"
"SAN CRISTOBAL","2019-01-03","","4.12173913"
"SAN CRISTOBAL","2019-01-02","","4.16956522"
"SAN CRISTOBAL","2019-01-01","","10.67826087"
"SAN CRISTOBAL","2018-12-31","","5.77916667"
"SAN CRISTOBAL","2018-12-30","","6.64782609"
"SAN CRISTOBAL","2018-12-29","","5.90416667"
"SAN CRISTOBAL","2018-12-28","","6.95416667"
"SAN CRISTOBAL","2018-12-27","","4.14583333"
"SAN CRISTOBAL","2018-12-26","","7.07916667"
"SAN CRISTOBAL","2018-12-25","","13.27916667"
"SAN CRISTOBAL","2018-12-24","","6.85833333"
"SAN CRISTOBAL","2018-12-23","","11.20833333"
"SAN CRISTOBAL","2018-12-22","","7.175"
"SAN CRISTOBAL","2018-12-21","","7.52083333"
"SAN CRISTOBAL","2018-12-20","","7.9"
"SAN CRISTOBAL","2018-12-19","","8.8375"
"SAN CRISTOBAL","2018-12-18","","9.425"
"SAN CRISTOBAL","2018-12-17","","8.72916667"
"SAN CRISTOBAL","2018-12-16","","7.52083333"
"SAN CRISTOBAL","2018-12-15","","7.55833333"
"SAN CRISTOBAL","2018-12-14","","5.40416667"
"SAN CRISTOBAL","2018-12-13","","5.7625"
"SAN CRISTOBAL","2018-12-12","","5.34583333"
"SAN CRISTOBAL","2018-12-11","","5.42083333"
"SAN CRISTOBAL","2018-12-10","","8.26666667"
"SAN CRISTOBAL","2018-12-09","","10.55416667"
"SAN CRISTOBAL","2018-12-08","","12.31428571"
"SAN CRISTOBAL","2018-12-07","","10.5875"
"SAN CRISTOBAL","2018-12-06","","16.97916667"
"SAN CRISTOBAL","2018-12-05","","16.33333333"
"SAN CRISTOBAL","2018-12-04","","20.56666667"
"SAN CRISTOBAL","2018-12-03","","19.50833333"
"SAN CRISTOBAL","2018-12-02","","13.69166667"
"SAN CRISTOBAL","2018-12-01","","16.90833333"
"SAN CRISTOBAL","2018-11-30","","12.51428571"
"SAN CRISTOBAL","2018-11-29","","24.8"
"SAN CRISTOBAL","2018-11-24","","19.97333333"
"SAN CRISTOBAL","2018-11-23","","20.125"
"SAN CRISTOBAL","2018-11-22","","24.45416667"
"SAN CRISTOBAL","2018-11-21","","9.31666667"
"SAN CRISTOBAL","2018-11-20","","4.62727273"
"SAN CRISTOBAL","2018-11-19","","6.5125"
"SAN CRISTOBAL","2018-11-18","","11.24583333"
"SAN CRISTOBAL","2018-11-17","","12.7"
"SAN CRISTOBAL","2018-11-16","","14.04166667"
"SAN CRISTOBAL","2018-11-15","","27.35833333"
"SAN CRISTOBAL","2018-11-14","","18.42083333"
"SAN CRISTOBAL","2018-11-13","","10.79166667"
"SAN CRISTOBAL","2018-11-12","","4.88333333"
"SAN CRISTOBAL","2018-11-11","","6.3125"
"SAN CRISTOBAL","2018-11-10","","14.20909091"
"SAN CRISTOBAL","2018-11-09","","17.27083333"
"SAN CRISTOBAL","2018-11-08","","10.8375"
"SAN CRISTOBAL","2018-11-07","","12.36666667"
"SAN CRISTOBAL","2018-11-06","","15.58333333"
"SAN CRISTOBAL","2018-11-05","","13.69583333"
"SAN CRISTOBAL","2018-11-04","","16.9375"
"SAN CRISTOBAL","2018-11-03","","12.475"
"SAN CRISTOBAL","2018-11-02","","9.14736842"
"SAN CRISTOBAL","2018-11-01","","8.83125"
"SAN CRISTOBAL","2018-10-31","","9.15833333"
"SAN CRISTOBAL","2018-10-30","","10.035"
"SAN CRISTOBAL","2018-10-29","","9.86666667"
"SAN CRISTOBAL","2018-10-28","","12.29545455"
"SAN CRISTOBAL","2018-10-27","","10.86470588"
"SAN CRISTOBAL","2018-10-26","","8.40416667"
"SAN CRISTOBAL","2018-10-25","","16.03333333"
"SAN CRISTOBAL","2018-10-24","","13.65714286"
"SAN CRISTOBAL","2018-10-23","","9.98695652"
"SAN CRISTOBAL","2018-10-22","","11.22916667"
"SAN CRISTOBAL","2018-10-21","","8.15"
"SAN CRISTOBAL","2018-10-20","","12.61666667"
"SAN CRISTOBAL","2018-10-19","","22.50416667"
"SAN CRISTOBAL","2018-10-18","","23.94545455"
"SAN CRISTOBAL","2018-10-17","","8.99583333"
"SAN CRISTOBAL","2018-10-16","","7.20909091"
"SAN CRISTOBAL","2018-10-12","","29.0375"
"SAN CRISTOBAL","2018-10-11","","18.28333333"
"SAN CRISTOBAL","2018-10-10","","19.7625"
"SAN CRISTOBAL","2018-10-09","","14.5"
"SAN CRISTOBAL","2018-10-08","","7.545"
"SAN CRISTOBAL","2018-10-07","","10.0125"
"SAN CRISTOBAL","2018-10-06","","9.575"
"SAN CRISTOBAL","2018-10-05","","16.63809524"
"SAN CRISTOBAL","2018-10-04","","16.78235294"
"SAN CRISTOBAL","2018-10-03","","10.2"
"SAN CRISTOBAL","2018-10-02","","7.20833333"
"SAN CRISTOBAL","2018-09-30","","8.31666667"
"SAN CRISTOBAL","2018-09-29","","8.725"
"SAN CRISTOBAL","2018-09-28","","10.5125"
"SAN CRISTOBAL","2018-09-27","","5.55416667"
"SAN CRISTOBAL","2018-09-26","","7.6875"
"SAN CRISTOBAL","2018-09-25","","7.5125"
"SAN CRISTOBAL","2018-09-24","","11.30434783"
"SAN CRISTOBAL","2018-09-23","","6.75"
"SAN CRISTOBAL","2018-09-22","","7.44705882"
"SAN CRISTOBAL","2018-09-21","","6.3125"
"SAN CRISTOBAL","2018-09-20","","6.25"
"SAN CRISTOBAL","2018-09-19","","6.00416667"
"SAN CRISTOBAL","2018-09-18","","4.62608696"
"SAN CRISTOBAL","2018-09-17","","6.85"
"SAN CRISTOBAL","2018-09-16","","5.24285714"
"SAN CRISTOBAL","2018-09-15","","17.6"
"SAN CRISTOBAL","2018-09-14","","20.69166667"
"SAN CRISTOBAL","2018-09-13","","28.09166667"
"SAN CRISTOBAL","2018-09-12","","23.1375"
"SAN CRISTOBAL","2018-09-11","","12.04583333"
"SAN CRISTOBAL","2018-09-10","","5.3375"
"SAN CRISTOBAL","2018-09-09","","4.79166667"
"SAN CRISTOBAL","2018-09-08","","7.60869565"
"SAN CRISTOBAL","2018-09-07","","12.575"
"SAN CRISTOBAL","2018-09-06","","17.30416667"
"SAN CRISTOBAL","2018-09-05","","5.6875"
"SAN CRISTOBAL","2018-09-04","","3.97619048"
"SAN CRISTOBAL","2018-09-03","","3.55416667"
"SAN CRISTOBAL","2018-09-02","","5.69166667"
"SAN CRISTOBAL","2018-09-01","","6.93"
"SAN CRISTOBAL","2018-08-31","","6.85416667"
"SAN CRISTOBAL","2018-08-30","","5.16956522"
"SAN CRISTOBAL","2018-08-29","","4.71818182"
"SAN CRISTOBAL","2018-08-28","","7.65416667"
"SAN CRISTOBAL","2018-08-27","","5.20833333"
"SAN CRISTOBAL","2018-08-26","","3.79583333"
"SAN CRISTOBAL","2018-08-25","","4.97916667"
"SAN CRISTOBAL","2018-08-24","","3.74090909"
"SAN CRISTOBAL","2018-08-23","","8.0"
"SAN CRISTOBAL","2018-08-22","","4.39"
"SAN CRISTOBAL","2018-08-21","","3.2875"
"SAN CRISTOBAL","2018-08-20","","3.0875"
"SAN CRISTOBAL","2018-08-19","","2.57391304"
"SAN CRISTOBAL","2018-08-18","","5.2875"
"SAN CRISTOBAL","2018-08-17","","5.84583333"
"SAN CRISTOBAL","2018-08-16","","6.5"
"SAN CRISTOBAL","2018-08-15","","6.02916667"
"SAN CRISTOBAL","2018-08-14","","4.97727273"
"SAN CRISTOBAL","2018-08-13","","4.9625"
"SAN CRISTOBAL","2018-08-12","","3.55"
"SAN CRISTOBAL","2018-08-11","","3.80833333"
"SAN CRISTOBAL","2018-08-10","","3.825"
"SAN CRISTOBAL","2018-08-09","","4.13333333"
"SAN CRISTOBAL","2018-08-08","","4.88333333"
"SAN CRISTOBAL","2018-08-07","","2.45"
"SAN CRISTOBAL","2018-08-06","","3.40454545"
"SAN CRISTOBAL","2018-08-05","","5.25416667"
"SAN CRISTOBAL","2018-08-04","","7.55"
"SAN CRISTOBAL","2018-08-03","","6.29166667"
"SAN CRISTOBAL","2018-08-02","","3.4625"
"SAN CRISTOBAL","2018-08-01","","3.6625"
"SAN CRISTOBAL","2018-07-31","","7.11666667"
"SAN CRISTOBAL","2018-07-30","","5.725"
"SAN CRISTOBAL","2018-07-29","","5.0125"
"SAN CRISTOBAL","2018-07-28","","5.925"
"SAN CRISTOBAL","2018-07-27","","2.94166667"
"SAN CRISTOBAL","2018-07-26","","2.34166667"
"SAN CRISTOBAL","2018-07-25","","5.25833333"
"SAN CRISTOBAL","2018-07-24","","5.29090909"
"SAN CRISTOBAL","2018-07-23","","6.7"
"SAN CRISTOBAL","2018-07-22","","14.35416667"
"SAN CRISTOBAL","2018-07-21","","7.26666667"
"SAN CRISTOBAL","2018-07-20","","5.31818182"
"SAN CRISTOBAL","2018-07-19","","3.80869565"
"SAN CRISTOBAL","2018-07-18","","3.7875"
"SAN CRISTOBAL","2018-07-17","","7.83913043"
"SAN CRISTOBAL","2018-07-16","","5.5375"
"SAN CRISTOBAL","2018-07-15","","3.45833333"
"SAN CRISTOBAL","2018-07-14","","4.45833333"
"SAN CRISTOBAL","2018-07-13","","3.52857143"
"SAN CRISTOBAL","2018-07-12","","4.27368421"
"SAN CRISTOBAL","2018-07-11","","3.49166667"
"SAN CRISTOBAL","2018-07-10","","5.54375"
"SAN CRISTOBAL","2018-07-09","","4.65909091"
"SAN CRISTOBAL","2018-07-08","","4.25652174"
"SAN CRISTOBAL","2018-07-07","","6.6125"
"SAN CRISTOBAL","2018-07-06","","3.875"
"SAN CRISTOBAL","2018-07-05","","2.99583333"
"SAN CRISTOBAL","2018-07-04","","5.74347826"
"SAN CRISTOBAL","2018-07-03","","8.53809524"
"SAN CRISTOBAL","2018-07-02","","6.20833333"
"SAN CRISTOBAL","2018-07-01","","6.825"
"SAN CRISTOBAL","2018-06-30","","8.49583333"
"SAN CRISTOBAL","2018-06-29","","5.40833333"
"SAN CRISTOBAL","2018-06-28","","4.68333333"
"SAN CRISTOBAL","2018-06-27","","7.9"
"SAN CRISTOBAL","2018-06-26","","5.27083333"
"SAN CRISTOBAL","2018-06-25","","3.64090909"
"SAN CRISTOBAL","2018-06-24","","2.4625"
"SAN CRISTOBAL","2018-06-23","","3.52916667"
"SAN CRISTOBAL","2018-06-22","","3.59583333"
"SAN CRISTOBAL","2018-06-21","","5.715"
"SAN CRISTOBAL","2018-06-20","","3.10909091"
"SAN CRISTOBAL","2018-06-19","","2.57142857"
"SAN CRISTOBAL","2018-06-18","","2.24166667"
"SAN CRISTOBAL","2018-06-17","","3.11666667"
"SAN CRISTOBAL","2018-06-16","","4.0"
"SAN CRISTOBAL","2018-06-15","","4.95"
"SAN CRISTOBAL","2018-06-14","","5.03157895"
"SAN CRISTOBAL","2018-06-13","","4.43333333"
"SAN CRISTOBAL","2018-06-12","","3.6"
"SAN CRISTOBAL","2018-06-11","","3.91666667"
"SAN CRISTOBAL","2018-06-10","","2.9826087"
"SAN CRISTOBAL","2018-06-09","","2.74545455"
"SAN CRISTOBAL","2018-06-08","","4.48333333"
"SAN CRISTOBAL","2018-06-07","","4.87083333"
"SAN CRISTOBAL","2018-06-06","","2.46666667"
"SAN CRISTOBAL","2018-06-05","","5.0125"
"SAN CRISTOBAL","2018-06-04","","3.50434783"
"SAN CRISTOBAL","2018-06-03","","3.40416667"
"SAN CRISTOBAL","2018-06-02","","4.725"
"SAN CRISTOBAL","2018-06-01","","5.0"
"SAN CRISTOBAL","2018-05-31","","5.44166667"
"SAN CRISTOBAL","2018-05-30","","5.80833333"
"SAN CRISTOBAL","2018-05-29","","4.24782609"
"SAN CRISTOBAL","2018-05-28","","7.40833333"
"SAN CRISTOBAL","2018-05-27","","6.91666667"
"SAN CRISTOBAL","2018-05-26","","3.3625"
"SAN CRISTOBAL","2018-05-25","","6.425"
"SAN CRISTOBAL","2018-05-24","","6.27"
"SAN CRISTOBAL","2018-05-23","","4.60869565"
"SAN CRISTOBAL","2018-05-22","","5.74166667"
"SAN CRISTOBAL","2018-05-21","","7.2875"
"SAN CRISTOBAL","2018-05-20","","5.625"
"SAN CRISTOBAL","2018-05-19","","10.18333333"
"SAN CRISTOBAL","2018-05-18","","7.2375"
"SAN CRISTOBAL","2018-05-17","","4.39565217"
"SAN CRISTOBAL","2018-05-16","","4.2"
"SAN CRISTOBAL","2018-05-15","","9.5125"
"SAN CRISTOBAL","2018-05-14","","7.70833333"
"SAN CRISTOBAL","2018-05-13","","6.62083333"
"SAN CRISTOBAL","2018-05-12","","5.43333333"
"SAN CRISTOBAL","2018-05-11","","15.69166667"
"SAN CRISTOBAL","2018-05-10","","12.97619048"
"SAN CRISTOBAL","2018-05-09","","14.97916667"
"SAN CRISTOBAL","2018-05-08","","22.4875"
"SAN CRISTOBAL","2018-05-07","","13.6875"
"SAN CRISTOBAL","2018-05-06","","9.4125"
"SAN CRISTOBAL","2018-05-05","","8.12916667"
"SAN CRISTOBAL","2018-05-04","","11.19583333"
"SAN CRISTOBAL","2018-05-03","","7.89583333"
"SAN CRISTOBAL","2018-05-02","","6.81578947"
"SAN CRISTOBAL","2018-05-01","","10.67083333"
"SAN CRISTOBAL","2018-04-30","","5.9"
"SAN CRISTOBAL","2018-04-29","","10.82916667"
"SAN CRISTOBAL","2018-04-28","","14.55416667"
"SAN CRISTOBAL","2018-04-27","","7.00869565"
"SAN CRISTOBAL","2018-04-26","","5.7875"
"SAN CRISTOBAL","2018-04-25","","7.2875"
"SAN CRISTOBAL","2018-04-24","","8.7"
"SAN CRISTOBAL","2018-04-23","","4.35217391"
"SAN CRISTOBAL","2018-04-22","","9.25416667"
"SAN CRISTOBAL","2018-04-21","","8.81666667"
"SAN CRISTOBAL","2018-04-20","","6.40416667"
"SAN CRISTOBAL","2018-04-19","","6.95"
"SAN CRISTOBAL","2018-04-18","","7.20833333"
"SAN CRISTOBAL","2018-04-17","","16.76666667"
"SAN CRISTOBAL","2018-04-16","","15.0826087"
"SAN CRISTOBAL","2018-04-15","","8.90833333"
"SAN CRISTOBAL","2018-04-14","","17.05416667"
"SAN CRISTOBAL","2018-04-13","","24.19583333"
"SAN CRISTOBAL","2018-04-12","","20.18333333"
"SAN CRISTOBAL","2018-04-11","","27.12083333"
"SAN CRISTOBAL","2018-04-10","","24.60416667"
"SAN CRISTOBAL","2018-04-09","","20.29166667"
"SAN CRISTOBAL","2018-04-08","","20.45416667"
"SAN CRISTOBAL","2018-04-07","","23.1125"
"SAN CRISTOBAL","2018-04-06","","19.63333333"
"SAN CRISTOBAL","2018-04-05","","24.88333333"
"SAN CRISTOBAL","2018-04-04","","18.53333333"
"SAN CRISTOBAL","2018-04-03","","24.14782609"
"SAN CRISTOBAL","2018-04-02","","17.40416667"
"SAN CRISTOBAL","2018-04-01","","10.37083333"
"SAN CRISTOBAL","2018-03-31","","10.15833333"
"SAN CRISTOBAL","2018-03-30","","13.475"
"SAN CRISTOBAL","2018-03-29","","4.72"
"SAN CRISTOBAL","2018-03-28","","11.35833333"
"SAN CRISTOBAL","2018-03-27","","27.6173913"
"SAN CRISTOBAL","2018-03-26","","23.25416667"
"SAN CRISTOBAL","2018-03-25","","21.24583333"
"SAN CRISTOBAL","2018-03-24","","22.00833333"
"SAN CRISTOBAL","2018-03-23","","33.3"
"SAN CRISTOBAL","2018-03-22","","31.4375"
"SAN CRISTOBAL","2018-03-21","","31.92272727"
"SAN CRISTOBAL","2018-03-20","","30.99047619"
"SAN CRISTOBAL","2018-03-19","","18.17916667"
"SAN CRISTOBAL","2018-03-18","","30.68095238"
"SAN CRISTOBAL","2018-03-17","","21.27083333"
"SAN CRISTOBAL","2018-03-16","","23.00416667"
"SAN CRISTOBAL","2018-03-15","","27.19583333"
"SAN CRISTOBAL","2018-03-14","","20.79583333"
"SAN CRISTOBAL","2018-03-13","","17.6375"
"SAN CRISTOBAL","2018-03-12","","16.10526316"
"SAN CRISTOBAL","2018-03-11","","7.95"
"SAN CRISTOBAL","2018-03-10","","14.04583333"
"SAN CRISTOBAL","2018-03-09","","10.62916667"
"SAN CRISTOBAL","2018-03-08","","6.98571429"
"SAN CRISTOBAL","2018-03-07","","5.91666667"
"SAN CRISTOBAL","2018-03-06","","12.07391304"
"SAN CRISTOBAL","2018-03-05","","18.09583333"
"SAN CRISTOBAL","2018-03-04","","30.63333333"
"SAN CRISTOBAL","2018-03-03","","22.54583333"
"SAN CRISTOBAL","2018-03-02","","20.43333333"
"SAN CRISTOBAL","2018-03-01","","38.68333333"
"SAN CRISTOBAL","2018-02-28","","29.97916667"
"SAN CRISTOBAL","2018-02-27","","28.87083333"
"SAN CRISTOBAL","2018-02-26","","25.32608696"
"SAN CRISTOBAL","2018-02-25","","26.99166667"
"SAN CRISTOBAL","2018-02-24","","31.02916667"
"SAN CRISTOBAL","2018-02-23","","35.30833333"
"SAN CRISTOBAL","2018-02-22","","32.69047619"
"SAN CRISTOBAL","2018-02-21","","29.07619048"
"SAN CRISTOBAL","2018-02-20","","22.87727273"
"SAN CRISTOBAL","2018-02-19","","27.0625"
"SAN CRISTOBAL","2018-02-18","","17.46666667"
"SAN CRISTOBAL","2018-02-17","","15.33333333"
"SAN CRISTOBAL","2018-02-16","","12.85416667"
"SAN CRISTOBAL","2018-02-15","","22.39583333"
"SAN CRISTOBAL","2018-02-14","","21.38695652"
"SAN CRISTOBAL","2018-02-13","","33.22083333"
"SAN CRISTOBAL","2018-02-12","","18.37916667"
"SAN CRISTOBAL","2018-02-11","","14.90833333"
"SAN CRISTOBAL","2018-02-10","","18.13333333"
"SAN CRISTOBAL","2018-02-09","","19.34210526"
"SAN CRISTOBAL","2018-02-08","","23.93"
"SAN CRISTOBAL","2018-02-07","","27.47916667"
"SAN CRISTOBAL","2018-02-06","","25.75"
"SAN CRISTOBAL","2018-02-05","","27.01666667"
"SAN CRISTOBAL","2018-02-04","","29.0125"
"SAN CRISTOBAL","2018-02-03","","33.0"
"SAN CRISTOBAL","2018-02-02","","23.56666667"
"SAN CRISTOBAL","2018-02-01","","22.15217391"
"SAN CRISTOBAL","2018-01-31","","12.41666667"
"SAN CRISTOBAL","2018-01-30","","13.69166667"
"SAN CRISTOBAL","2018-01-29","","11.75416667"
"SAN CRISTOBAL","2018-01-28","","12.65652174"
"SAN CRISTOBAL","2018-01-27","","13.40833333"
"SAN CRISTOBAL","2018-01-26","","15.76666667"
"SAN CRISTOBAL","2018-01-25","","14.53913043"
"SAN CRISTOBAL","2018-01-24","","10.0625"
"SAN CRISTOBAL","2018-01-23","","9.09583333"
"SAN CRISTOBAL","2018-01-22","","10.45416667"
"SAN CRISTOBAL","2018-01-21","","8.93478261"
"SAN CRISTOBAL","2018-01-20","","8.09583333"
"SAN CRISTOBAL","2018-01-19","","8.55"
"SAN CRISTOBAL","2018-01-18","","11.5"
"SAN CRISTOBAL","2018-01-17","","13.30833333"
"SAN CRISTOBAL","2018-01-16","","13.08333333"
"SAN CRISTOBAL","2018-01-15","","19.35416667"
"SAN CRISTOBAL","2018-01-14","","26.225"
"SAN CRISTOBAL","2018-01-13","","21.08333333"
"SAN CRISTOBAL","2018-01-12","","13.6875"
"SAN CRISTOBAL","2018-01-11","","12.22083333"
"SAN CRISTOBAL","2018-01-10","","17.69166667"
"SAN CRISTOBAL","2018-01-09","","19.92916667"
"SAN CRISTOBAL","2018-01-08","","16.715"
"SAN CRISTOBAL","2018-01-07","","16.65416667"
"SAN CRISTOBAL","2018-01-06","","15.2125"
"SAN CRISTOBAL","2018-01-05","","24.95"
"SAN CRISTOBAL","2018-01-04","","18.68571429"
"SAN CRISTOBAL","2018-01-03","","8.94166667"
"SAN CRISTOBAL","2018-01-02","","14.90416667"
"SAN CRISTOBAL","2018-01-01","","17.395"
"SAN CRISTOBAL","2017-12-31","","20.65416667"
"SAN CRISTOBAL","2017-12-30","","23.88636364"
"SAN CRISTOBAL","2017-12-29","","33.02631579"
"SAN CRISTOBAL","2017-12-28","","12.9625"
"SAN CRISTOBAL","2017-12-27","","10.5"
"SAN CRISTOBAL","2017-12-26","","23.91363636"
"SAN CRISTOBAL","2017-12-25","","30.21"
"SAN CRISTOBAL","2017-12-24","","12.54166667"
"SAN CRISTOBAL","2017-12-23","","19.95652174"
"SAN CRISTOBAL","2017-12-22","","17.50952381"
"SAN CRISTOBAL","2017-12-21","","27.20416667"
"SAN CRISTOBAL","2017-12-20","","20.97"
"SAN CRISTOBAL","2017-12-19","","22.20416667"
"SAN CRISTOBAL","2017-12-18","","10.44347826"
"SAN CRISTOBAL","2017-12-17","","9.47916667"
"SAN CRISTOBAL","2017-12-16","","16.11666667"
"SAN CRISTOBAL","2017-12-15","","10.28333333"
"SAN CRISTOBAL","2017-12-14","","11.825"
"SAN CRISTOBAL","2017-12-13","","15.70416667"
"SAN CRISTOBAL","2017-12-12","","18.59545455"
"SAN CRISTOBAL","2017-12-11","","15.15416667"
"SAN CRISTOBAL","2017-12-10","","18.75"
"SAN CRISTOBAL","2017-12-09","","26.62916667"
"SAN CRISTOBAL","2017-12-08","","9.79"
"SAN CRISTOBAL","2017-12-07","","15.38947368"
"SAN CRISTOBAL","2017-12-06","","11.45"
"SAN CRISTOBAL","2017-12-05","","11.6625"
"SAN CRISTOBAL","2017-12-04","","5.52"
"SAN CRISTOBAL","2017-12-02","","24.67222222"
"SAN CRISTOBAL","2017-12-01","","27.42083333"
"SAN CRISTOBAL","2017-11-30","","23.27368421"
"SAN CRISTOBAL","2017-11-29","","12.64583333"
"SAN CRISTOBAL","2017-11-28","","11.65"
"SAN CRISTOBAL","2017-11-27","","8.36666667"
"SAN CRISTOBAL","2017-11-26","","7.17777778"
"SAN CRISTOBAL","2017-11-25","","11.16111111"
"SAN CRISTOBAL","2017-11-24","","25.94583333"
"SAN CRISTOBAL","2017-11-23","","19.42"
"SAN CRISTOBAL","2017-11-22","","21.425"
"SAN CRISTOBAL","2017-11-21","","21.88636364"
"SAN CRISTOBAL","2017-11-20","","16.07083333"
"SAN CRISTOBAL","2017-11-19","","18.97272727"
"SAN CRISTOBAL","2017-11-18","","21.25416667"
"SAN CRISTOBAL","2017-11-17","","17.33333333"
"SAN CRISTOBAL","2017-11-16","","31.05"
"SAN CRISTOBAL","2017-11-15","","24.115"
"SAN CRISTOBAL","2017-11-14","","13.71666667"
"SAN CRISTOBAL","2017-11-13","","10.40833333"
"SAN CRISTOBAL","2017-11-12","","9.3125"
"SAN CRISTOBAL","2017-11-11","","23.08571429"
"SAN CRISTOBAL","2017-11-10","","33.35909091"
"SAN CRISTOBAL","2017-11-09","","32.79583333"
"SAN CRISTOBAL","2017-11-08","","18.90909091"
"SAN CRISTOBAL","2017-11-07","","18.90454545"
"SAN CRISTOBAL","2017-11-06","","18.70833333"
"SAN CRISTOBAL","2017-11-05","","13.86666667"
"SAN CRISTOBAL","2017-11-04","","22.24583333"
"SAN CRISTOBAL","2017-11-03","","27.1875"
"SAN CRISTOBAL","2017-11-02","","16.85217391"
"SAN CRISTOBAL","2017-11-01","","28.40952381"
"SAN CRISTOBAL","2017-10-31","","18.04583333"
"SAN CRISTOBAL","2017-10-30","","15.7875"
"SAN CRISTOBAL","2017-10-29","","11.12727273"
"SAN CRISTOBAL","2017-10-28","","25.90909091"
"SAN CRISTOBAL","2017-10-27","","14.895"
"SAN CRISTOBAL","2017-10-26","","32.69166667"
"SAN CRISTOBAL","2017-10-25","","13.84782609"
"SAN CRISTOBAL","2017-10-24","","8.5875"
"SAN CRISTOBAL","2017-10-23","","9.00909091"
"SAN CRISTOBAL","2017-10-22","","7.95263158"
"SAN CRISTOBAL","2017-10-21","","12.20416667"
"SAN CRISTOBAL","2017-10-20","","9.075"
"SAN CRISTOBAL","2017-10-19","","14.71818182"
"SAN CRISTOBAL","2017-10-16","","7.66315789"
"SAN CRISTOBAL","2017-10-15","","12.35833333"
"SAN CRISTOBAL","2017-10-14","","11.81818182"
"SAN CRISTOBAL","2017-10-13","","9.81764706"
"SAN CRISTOBAL","2017-10-12","","10.55833333"
"SAN CRISTOBAL","2017-10-11","","13.2875"
"SAN CRISTOBAL","2017-10-10","","17.60416667"
"SAN CRISTOBAL","2017-10-09","","19.95416667"
"SAN CRISTOBAL","2017-10-08","","7.88333333"
"SAN CRISTOBAL","2017-10-07","","7.07916667"
"SAN CRISTOBAL","2017-10-06","","7.4625"
"SAN CRISTOBAL","2017-10-05","","5.675"
"SAN CRISTOBAL","2017-10-04","","7.71666667"
"SAN CRISTOBAL","2017-10-03","","18.775"
"SAN CRISTOBAL","2017-10-02","","22.75"
"SAN CRISTOBAL","2017-10-01","","10.19090909"
"SAN CRISTOBAL","2017-09-30","","6.2125"
"SAN CRISTOBAL","2017-09-29","","9.75416667"
"SAN CRISTOBAL","2017-09-28","","12.55416667"
"SAN CRISTOBAL","2017-09-27","","13.325"
"SAN CRISTOBAL","2017-09-26","","10.57916667"
"SAN CRISTOBAL","2017-09-25","","4.60416667"
"SAN CRISTOBAL","2017-09-24","","4.86666667"
"SAN CRISTOBAL","2017-09-23","","11.26666667"
"SAN CRISTOBAL","2017-09-22","","19.25"
"SAN CRISTOBAL","2017-09-21","","13.96666667"
"SAN CRISTOBAL","2017-09-20","","20.85"
"SAN CRISTOBAL","2017-09-19","","16.725"
"SAN CRISTOBAL","2017-09-18","","6.94583333"
"SAN CRISTOBAL","2017-09-17","","5.1"
"SAN CRISTOBAL","2017-09-16","","9.5125"
"SAN CRISTOBAL","2017-09-15","","9.64166667"
"SAN CRISTOBAL","2017-09-14","","9.60416667"
"SAN CRISTOBAL","2017-09-13","","6.2"
"SAN CRISTOBAL","2017-09-12","","6.75"
"SAN CRISTOBAL","2017-09-11","","5.35416667"
"SAN CRISTOBAL","2017-09-10","","8.55833333"
"SAN CRISTOBAL","2017-09-09","","9.9375"
"SAN CRISTOBAL","2017-09-08","","28.0875"
"SAN CRISTOBAL","2017-09-07","","13.3125"
"SAN CRISTOBAL","2017-09-06","","8.44583333"
"SAN CRISTOBAL","2017-09-05","","7.8"
"SAN CRISTOBAL","2017-09-04","","8.80833333"
"SAN CRISTOBAL","2017-09-03","","7.365"
"SAN CRISTOBAL","2017-09-02","","11.74166667"
"SAN CRISTOBAL","2017-09-01","","9.58888889"
"SAN CRISTOBAL","2017-08-31","","7.81666667"
"SAN CRISTOBAL","2017-08-30","","5.96818182"
"SAN CRISTOBAL","2017-08-29","","11.85833333"
"SAN CRISTOBAL","2017-08-28","","8.52916667"
"SAN CRISTOBAL","2017-08-27","","12.30833333"
"SAN CRISTOBAL","2017-08-26","","9.00416667"
"SAN CRISTOBAL","2017-08-25","","10.92173913"
"SAN CRISTOBAL","2017-08-24","","11.04583333"
"SAN CRISTOBAL","2017-08-23","","9.30416667"
"SAN CRISTOBAL","2017-08-22","","6.575"
"SAN CRISTOBAL","2017-08-21","","6.575"
"SAN CRISTOBAL","2017-08-20","","7.92272727"
"SAN CRISTOBAL","2017-08-19","","18.40454545"
"SAN CRISTOBAL","2017-08-18","","19.56190476"
"SAN CRISTOBAL","2017-08-17","","11.48571429"
"SAN CRISTOBAL","2017-08-16","","9.48461538"
"SAN CRISTOBAL","2017-08-15","","12.09230769"
"SAN CRISTOBAL","2017-08-14","","9.31666667"
"SAN CRISTOBAL","2017-08-13","","7.31818182"
"SAN CRISTOBAL","2017-08-12","","7.66086957"
"SAN CRISTOBAL","2017-08-11","","7.50833333"
"SAN CRISTOBAL","2017-08-10","","9.02916667"
"SAN CRISTOBAL","2017-08-09","","8.11578947"
"SAN CRISTOBAL","2017-08-08","","7.26956522"
"SAN CRISTOBAL","2017-08-07","","7.55"
"SAN CRISTOBAL","2017-08-06","","6.34090909"
"SAN CRISTOBAL","2017-08-05","","6.0375"
"SAN CRISTOBAL","2017-08-04","","6.65"
"SAN CRISTOBAL","2017-08-03","","8.95416667"
"SAN CRISTOBAL","2017-08-02","","11.5875"
"SAN CRISTOBAL","2017-08-01","","9.8375"
"SAN CRISTOBAL","2017-07-31","","7.73913043"
"SAN CRISTOBAL","2017-07-30","","5.7"
"SAN CRISTOBAL","2017-07-29","","4.625"
"SAN CRISTOBAL","2017-07-28","","3.77083333"
"SAN CRISTOBAL","2017-07-27","","5.9826087"
"SAN CRISTOBAL","2017-07-26","","2.60909091"
"SAN CRISTOBAL","2017-07-25","","4.15652174"
"SAN CRISTOBAL","2017-07-24","","4.40952381"
"SAN CRISTOBAL","2017-07-23","","4.47619048"
"SAN CRISTOBAL","2017-07-22","","5.2"
"SAN CRISTOBAL","2017-07-21","","7.2875"
"SAN CRISTOBAL","2017-07-20","","5.07916667"
"SAN CRISTOBAL","2017-07-19","","4.55416667"
"SAN CRISTOBAL","2017-07-18","","6.95909091"
"SAN CRISTOBAL","2017-07-17","","9.12173913"
"SAN CRISTOBAL","2017-07-16","","16.17826087"
"SAN CRISTOBAL","2017-07-15","","25.1125"
"SAN CRISTOBAL","2017-07-14","","12.94583333"
"SAN CRISTOBAL","2017-07-13","","5.77916667"
"SAN CRISTOBAL","2017-07-12","","7.16818182"
"SAN CRISTOBAL","2017-07-11","","5.02272727"
"SAN CRISTOBAL","2017-07-10","","4.60416667"
"SAN CRISTOBAL","2017-07-09","","5.17826087"
"SAN CRISTOBAL","2017-07-08","","5.85652174"
"SAN CRISTOBAL","2017-07-07","","6.55416667"
"SAN CRISTOBAL","2017-07-06","","4.0826087"
"SAN CRISTOBAL","2017-07-05","","3.85384615"
"SAN CRISTOBAL","2017-07-04","","6.02"
"SAN CRISTOBAL","2017-07-03","","3.52173913"
"SAN CRISTOBAL","2017-07-02","","3.12380952"
"SAN CRISTOBAL","2017-07-01","","4.11666667"
"SAN CRISTOBAL","2017-06-30","","3.90416667"
"SAN CRISTOBAL","2017-06-29","","10.13478261"
"SAN CRISTOBAL","2017-06-28","","11.09565217"
"SAN CRISTOBAL","2017-06-27","","13.74583333"
"SAN CRISTOBAL","2017-06-26","","7.0125"
"SAN CRISTOBAL","2017-06-25","","3.62857143"
"SAN CRISTOBAL","2017-06-24","","8.22083333"
"SAN CRISTOBAL","2017-06-23","","11.04583333"
"SAN CRISTOBAL","2017-06-22","","7.76666667"
"SAN CRISTOBAL","2017-06-21","","4.90833333"
"SAN CRISTOBAL","2017-06-20","","7.17083333"
"SAN CRISTOBAL","2017-06-19","","4.91578947"
"SAN CRISTOBAL","2017-06-18","","19.97083333"
"SAN CRISTOBAL","2017-06-17","","18.925"
"SAN CRISTOBAL","2017-06-16","","6.7125"
"SAN CRISTOBAL","2017-06-15","","6.72083333"
"SAN CRISTOBAL","2017-06-14","","5.425"
"SAN CRISTOBAL","2017-06-13","","7.1"
"SAN CRISTOBAL","2017-06-12","","13.00833333"
"SAN CRISTOBAL","2017-06-11","","10.69166667"
"SAN CRISTOBAL","2017-06-10","","4.25"
"SAN CRISTOBAL","2017-06-09","","20.8125"
"SAN CRISTOBAL","2017-06-08","","23.7"
"SAN CRISTOBAL","2017-06-07","","7.44583333"
"SAN CRISTOBAL","2017-06-06","","9.1173913"
"SAN CRISTOBAL","2017-06-05","","4.26666667"
"SAN CRISTOBAL","2017-06-04","","4.07083333"
"SAN CRISTOBAL","2017-06-03","","4.79583333"
"SAN CRISTOBAL","2017-06-02","","4.02916667"
"SAN CRISTOBAL","2017-06-01","","7.3826087"
"SAN CRISTOBAL","2017-05-31","","6.3625"
"SAN CRISTOBAL","2017-05-30","","5.96956522"
"SAN CRISTOBAL","2017-05-29","","6.17619048"
"SAN CRISTOBAL","2017-05-28","","6.46842105"
"SAN CRISTOBAL","2017-05-27","","5.52916667"
"SAN CRISTOBAL","2017-05-26","","6.66956522"
"SAN CRISTOBAL","2017-05-25","","4.72916667"
"SAN CRISTOBAL","2017-05-24","","6.1375"
"SAN CRISTOBAL","2017-05-23","","10.72173913"
"SAN CRISTOBAL","2017-05-22","","10.90833333"
"SAN CRISTOBAL","2017-05-21","","8.2"
"SAN CRISTOBAL","2017-05-20","","5.02083333"
"SAN CRISTOBAL","2017-05-19","","7.7375"
"SAN CRISTOBAL","2017-05-18","","6.80416667"
"SAN CRISTOBAL","2017-05-17","","12.73181818"
"SAN CRISTOBAL","2017-05-16","","7.39166667"
"SAN CRISTOBAL","2017-05-15","","17.72727273"
"SAN CRISTOBAL","2017-05-14","","9.04782609"
"SAN CRISTOBAL","2017-05-13","","16.32173913"
"SAN CRISTOBAL","2017-05-12","","22.25714286"
"SAN CRISTOBAL","2017-05-11","","18.54166667"
"SAN CRISTOBAL","2017-05-10","","15.79583333"
"SAN CRISTOBAL","2017-05-09","","18.61304348"
"SAN CRISTOBAL","2017-05-08","","12.83181818"
"SAN CRISTOBAL","2017-05-07","","16.36666667"
"SAN CRISTOBAL","2017-05-06","","9.17142857"
"SAN CRISTOBAL","2017-05-05","","10.94166667"
"SAN CRISTOBAL","2017-05-04","","7.07916667"
"SAN CRISTOBAL","2017-05-03","","18.39130435"
"SAN CRISTOBAL","2017-05-02","","14.12083333"
"SAN CRISTOBAL","2017-05-01","","6.23333333"
"SAN CRISTOBAL","2017-04-30","","3.94090909"
"SAN CRISTOBAL","2017-04-29","","5.39166667"
"SAN CRISTOBAL","2017-04-28","","7.83181818"
"SAN CRISTOBAL","2017-04-27","","8.35833333"
"SAN CRISTOBAL","2017-04-26","","7.97142857"
"SAN CRISTOBAL","2017-04-25","","9.925"
"SAN CRISTOBAL","2017-04-24","","7.87916667"
"SAN CRISTOBAL","2017-04-23","","7.13333333"
"SAN CRISTOBAL","2017-04-22","","11.02608696"
"SAN CRISTOBAL","2017-04-21","","11.7"
"SAN CRISTOBAL","2017-04-20","","22.14166667"
"SAN CRISTOBAL","2017-04-19","","11.4875"
"SAN CRISTOBAL","2017-04-18","","7.55"
"SAN CRISTOBAL","2017-04-17","","4.50416667"
"SAN CRISTOBAL","2017-04-16","","5.15"
"SAN CRISTOBAL","2017-04-15","","4.62857143"
"SAN CRISTOBAL","2017-04-14","","4.75454545"
"SAN CRISTOBAL","2017-04-13","","6.74090909"
"SAN CRISTOBAL","2017-04-12","","18.56956522"
"SAN CRISTOBAL","2017-04-11","","21.74583333"
"SAN CRISTOBAL","2017-04-10","","18.21428571"
"SAN CRISTOBAL","2017-04-09","","17.72272727"
"SAN CRISTOBAL","2017-04-08","","25.69130435"
"SAN CRISTOBAL","2017-04-07","","27.4"
"SAN CRISTOBAL","2017-04-06","","13.5"
"SAN CRISTOBAL","2017-04-05","","16.6375"
"SAN CRISTOBAL","2017-04-04","","23.91111111"
"SAN CRISTOBAL","2017-03-31","","21.0"
"SAN CRISTOBAL","2017-03-30","","20.8"
"SAN CRISTOBAL","2017-03-29","","25.3"
"SAN CRISTOBAL","2017-03-27","","29.8"
"SAN CRISTOBAL","2017-03-26","","7.0"
"SAN CRISTOBAL","2017-03-25","","24.525"
"SAN CRISTOBAL","2017-03-24","","13.94166667"
"SAN CRISTOBAL","2017-03-23","","21.34166667"
"SAN CRISTOBAL","2017-03-22","","13.9375"
"SAN CRISTOBAL","2017-03-21","","26.975"
"SAN CRISTOBAL","2017-03-20","","26.94583333"
"SAN CRISTOBAL","2017-03-19","","23.79583333"
"SAN CRISTOBAL","2017-03-18","","21.2173913"
"SAN CRISTOBAL","2017-03-17","","22.4375"
"SAN CRISTOBAL","2017-03-16","","17.5"
"SAN CRISTOBAL","2017-03-15","","17.79583333"
"SAN CRISTOBAL","2017-03-14","","12.36666667"
"SAN CRISTOBAL","2017-03-13","","13.275"
"SAN CRISTOBAL","2017-03-12","","16.32916667"
"SAN CRISTOBAL","2017-03-11","","10.925"
"SAN CRISTOBAL","2017-03-10","","8.71666667"
"SAN CRISTOBAL","2017-03-09","","8.73333333"
"SAN CRISTOBAL","2017-03-08","","16.20833333"
"SAN CRISTOBAL","2017-03-07","","14.4375"
"SAN CRISTOBAL","2017-03-06","","8.86521739"
"SAN CRISTOBAL","2017-03-05","","9.04583333"
"SAN CRISTOBAL","2017-03-04","","7.97083333"
"SAN CRISTOBAL","2017-03-03","","7.07619048"
"SAN CRISTOBAL","2017-03-02","","9.6"
"SAN CRISTOBAL","2017-03-01","","20.5"
"SAN CRISTOBAL","2017-02-28","","16.1173913"
"SAN CRISTOBAL","2017-02-27","","14.60416667"
"SAN CRISTOBAL","2017-02-26","","19.10833333"
"SAN CRISTOBAL","2017-02-25","","21.71666667"
"SAN CRISTOBAL","2017-02-24","","21.0"
"SAN CRISTOBAL","2017-02-23","","22.6375"
"SAN CRISTOBAL","2017-02-22","","17.86956522"
"SAN CRISTOBAL","2017-02-21","","20.25416667"
"SAN CRISTOBAL","2017-02-20","","21.6826087"
"SAN CRISTOBAL","2017-02-19","","18.46666667"
"SAN CRISTOBAL","2017-02-18","","16.29130435"
"SAN CRISTOBAL","2017-02-17","","14.33333333"
"SAN CRISTOBAL","2017-02-16","","14.06666667"
"SAN CRISTOBAL","2017-02-15","","13.61304348"
"SAN CRISTOBAL","2017-02-14","","11.89583333"
"SAN CRISTOBAL","2017-02-13","","11.12083333"
"SAN CRISTOBAL","2017-02-12","","14.18333333"
"SAN CRISTOBAL","2017-02-11","","23.11666667"
"SAN CRISTOBAL","2017-02-10","","22.14583333"
"SAN CRISTOBAL","2017-02-09","","17.09166667"
"SAN CRISTOBAL","2017-02-08","","15.61"
"SAN CRISTOBAL","2017-02-07","","8.50526316"
"SAN CRISTOBAL","2017-02-06","","12.99473684"
"SAN CRISTOBAL","2017-02-05","","10.70526316"
"SAN CRISTOBAL","2017-02-04","","9.855"
"SAN CRISTOBAL","2017-02-03","","10.46842105"
"SAN CRISTOBAL","2017-02-02","","10.44736842"
"SAN CRISTOBAL","2017-02-01","","8.89444444"
"SAN CRISTOBAL","2017-01-31","","9.62608696"
"SAN CRISTOBAL","2017-01-30","","8.92173913"
"SAN CRISTOBAL","2017-01-29","","5.93529412"
"SAN CRISTOBAL","2017-01-28","","8.87619048"
"SAN CRISTOBAL","2017-01-27","","3.78181818"
"SAN CRISTOBAL","2017-01-26","","4.76842105"
"SAN CRISTOBAL","2017-01-25","","9.13181818"
"SAN CRISTOBAL","2017-01-24","","16.51666667"
"SAN CRISTOBAL","2017-01-23","","12.94782609"
"SAN CRISTOBAL","2017-01-22","","11.27894737"
"SAN CRISTOBAL","2017-01-21","","10.9375"
"SAN CRISTOBAL","2017-01-20","","16.07916667"
"SAN CRISTOBAL","2017-01-19","","10.47916667"
"SAN CRISTOBAL","2017-01-18","","16.72916667"
"SAN CRISTOBAL","2017-01-17","","12.5"
"SAN CRISTOBAL","2017-01-16","","11.3"
"SAN CRISTOBAL","2017-01-15","","9.89090909"
"SAN CRISTOBAL","2017-01-14","","17.49166667"
"SAN CRISTOBAL","2017-01-13","","11.34090909"
"SAN CRISTOBAL","2017-01-12","","10.56842105"
"SAN CRISTOBAL","2017-01-11","","10.34583333"
"SAN CRISTOBAL","2017-01-10","","11.63181818"
"SAN CRISTOBAL","2017-01-09","","8.53043478"
"SAN CRISTOBAL","2017-01-08","","7.545"
"SAN CRISTOBAL","2017-01-07","","6.18"
"SAN CRISTOBAL","2017-01-06","","7.5047619"
"SAN CRISTOBAL","2017-01-05","","12.27083333"
"SAN CRISTOBAL","2017-01-04","","10.69583333"
"SAN CRISTOBAL","2017-01-03","","7.5"
"SAN CRISTOBAL","2017-01-02","","7.59411765"
"SAN CRISTOBAL","2017-01-01","","9.1125"
"SAN CRISTOBAL","2016-12-31","","8.12380952"
"SAN CRISTOBAL","2016-12-30","","5.95263158"
"SAN CRISTOBAL","2016-12-29","","10.92222222"
"SAN CRISTOBAL","2016-12-28","","9.17222222"
"SAN CRISTOBAL","2016-12-27","","11.02608696"
"SAN CRISTOBAL","2016-12-26","","11.44090909"
"SAN CRISTOBAL","2016-12-25","","20.20588235"
"SAN CRISTOBAL","2016-12-24","","13.17222222"
"SAN CRISTOBAL","2016-12-23","","19.80833333"
"SAN CRISTOBAL","2016-12-22","","11.62916667"
"SAN CRISTOBAL","2016-12-21","","16.4"
"SAN CRISTOBAL","2016-12-20","","12.45"
"SAN CRISTOBAL","2016-12-19","","14.885"
"SAN CRISTOBAL","2016-12-18","","13.32941176"
"SAN CRISTOBAL","2016-12-17","","15.58333333"
"SAN CRISTOBAL","2016-12-16","","20.23333333"
"SAN CRISTOBAL","2016-12-15","","16.76666667"
"SAN CRISTOBAL","2016-12-14","","15.38947368"
"SAN CRISTOBAL","2016-12-13","","10.535"
"SAN CRISTOBAL","2016-12-12","","8.93333333"
"SAN CRISTOBAL","2016-12-11","","7.625"
"SAN CRISTOBAL","2016-12-10","","7.46666667"
"SAN CRISTOBAL","2016-12-09","","16.30416667"
"SAN CRISTOBAL","2016-12-08","","13.93529412"
"SAN CRISTOBAL","2016-12-07","","7.48823529"
"SAN CRISTOBAL","2016-12-06","","8.18823529"
"SAN CRISTOBAL","2016-12-05","","9.28823529"
"SAN CRISTOBAL","2016-12-04","","7.3625"
"SAN CRISTOBAL","2016-12-03","","9.825"
"SAN CRISTOBAL","2016-12-02","","11.60434783"
"SAN CRISTOBAL","2016-12-01","","11.80833333"
"SAN CRISTOBAL","2016-11-30","","9.38571429"
"SAN CRISTOBAL","2016-11-29","","11.65263158"
"SAN CRISTOBAL","2016-11-28","","15.27916667"
"SAN CRISTOBAL","2016-11-27","","11.42727273"
"SAN CRISTOBAL","2016-11-26","","13.55652174"
"SAN CRISTOBAL","2016-11-25","","14.46666667"
"SAN CRISTOBAL","2016-11-24","","17.57916667"
"SAN CRISTOBAL","2016-11-23","","10.78947368"
"SAN CRISTOBAL","2016-11-22","","10.7375"
"SAN CRISTOBAL","2016-11-21","","11.475"
"SAN CRISTOBAL","2016-11-20","","9.88181818"
"SAN CRISTOBAL","2016-11-19","","13.36086957"
"SAN CRISTOBAL","2016-11-18","","14.34166667"
"SAN CRISTOBAL","2016-11-17","","11.985"
"SAN CRISTOBAL","2016-11-16","","9.72142857"
"SAN CRISTOBAL","2016-11-15","","9.63125"
"SAN CRISTOBAL","2016-11-14","","6.85882353"
"SAN CRISTOBAL","2016-11-13","","13.49047619"
"SAN CRISTOBAL","2016-11-12","","15.52173913"
"SAN CRISTOBAL","2016-11-11","","8.425"
"SAN CRISTOBAL","2016-11-10","","12.08"
"SAN CRISTOBAL","2016-11-09","","11.57727273"
"SAN CRISTOBAL","2016-11-08","","12.85217391"
"SAN CRISTOBAL","2016-11-07","","11.17272727"
"SAN CRISTOBAL","2016-11-06","","7.33888889"
"SAN CRISTOBAL","2016-11-05","","6.11052632"
"SAN CRISTOBAL","2016-11-04","","6.22307692"
"SAN CRISTOBAL","2016-11-03","","13.3"
"SAN CRISTOBAL","2016-11-02","","11.52916667"
"SAN CRISTOBAL","2016-11-01","","14.89583333"
"SAN CRISTOBAL","2016-10-31","","15.34"
"SAN CRISTOBAL","2016-10-30","","7.13529412"
"SAN CRISTOBAL","2016-10-29","","7.76190476"
"SAN CRISTOBAL","2016-10-28","","15.075"
"SAN CRISTOBAL","2016-10-27","","17.97083333"
"SAN CRISTOBAL","2016-10-26","","16.31304348"
"SAN CRISTOBAL","2016-10-25","","16.86956522"
"SAN CRISTOBAL","2016-10-24","","14.85"
"SAN CRISTOBAL","2016-10-23","","8.97222222"
"SAN CRISTOBAL","2016-10-22","","11.17"
"SAN CRISTOBAL","2016-10-21","","11.1375"
"SAN CRISTOBAL","2016-10-20","","7.41764706"
"SAN CRISTOBAL","2016-10-19","","9.57333333"
"SAN CRISTOBAL","2016-10-18","","6.5625"
"SAN CRISTOBAL","2016-10-17","","6.36666667"
"SAN CRISTOBAL","2016-10-16","","6.03333333"
"SAN CRISTOBAL","2016-10-15","","4.28823529"
"SAN CRISTOBAL","2016-10-14","","6.64"
"SAN CRISTOBAL","2016-10-13","","11.84285714"
"SAN CRISTOBAL","2016-10-12","","9.21666667"
"SAN CRISTOBAL","2016-10-11","","10.3"
"SAN CRISTOBAL","2016-10-10","","7.73888889"
"SAN CRISTOBAL","2016-10-09","","6.75"
"SAN CRISTOBAL","2016-10-08","","14.42608696"
"SAN CRISTOBAL","2016-10-07","","16.35833333"
"SAN CRISTOBAL","2016-10-06","","8.845"
"SAN CRISTOBAL","2016-10-05","","13.445"
"SAN CRISTOBAL","2016-10-04","","13.08333333"
"SAN CRISTOBAL","2016-10-03","","11.04375"
"SAN CRISTOBAL","2016-10-02","","9.95714286"
"SAN CRISTOBAL","2016-10-01","","14.07391304"
"SAN CRISTOBAL","2016-09-30","","14.33181818"
"SAN CRISTOBAL","2016-09-29","","15.48333333"
"SAN CRISTOBAL","2016-09-28","","10.57"
"SAN CRISTOBAL","2016-09-27","","7.53333333"
"SAN CRISTOBAL","2016-09-26","","9.48823529"
"SAN CRISTOBAL","2016-09-25","","5.84375"
"SAN CRISTOBAL","2016-09-24","","5.90625"
"SAN CRISTOBAL","2016-09-23","","7.46875"
"SAN CRISTOBAL","2016-09-22","","8.525"
"SAN CRISTOBAL","2016-09-21","","7.11578947"
"SAN CRISTOBAL","2016-09-20","","7.60666667"
"SAN CRISTOBAL","2016-09-19","","5.3625"
"SAN CRISTOBAL","2016-09-18","","6.85882353"
"SAN CRISTOBAL","2016-09-17","","7.83529412"
"SAN CRISTOBAL","2016-09-16","","9.77058824"
"SAN CRISTOBAL","2016-09-15","","6.87058824"
"SAN CRISTOBAL","2016-09-14","","11.7952381"
"SAN CRISTOBAL","2016-09-13","","19.40416667"
"SAN CRISTOBAL","2016-09-12","","10.855"
"SAN CRISTOBAL","2016-09-11","","6.38571429"
"SAN CRISTOBAL","2016-09-10","","5.71764706"
"SAN CRISTOBAL","2016-09-09","","5.27222222"
"SAN CRISTOBAL","2016-09-08","","7.87058824"
"SAN CRISTOBAL","2016-09-07","","5.17894737"
"SAN CRISTOBAL","2016-09-06","","5.25789474"
"SAN CRISTOBAL","2016-09-05","","4.88421053"
"SAN CRISTOBAL","2016-09-04","","4.66666667"
"SAN CRISTOBAL","2016-09-03","","7.55882353"
"SAN CRISTOBAL","2016-09-02","","7.815"
"SAN CRISTOBAL","2016-09-01","","7.01666667"
"SAN CRISTOBAL","2016-08-31","","11.085"
"SAN CRISTOBAL","2016-08-30","","7.5047619"
"SAN CRISTOBAL","2016-08-29","","10.51052632"
"SAN CRISTOBAL","2016-08-28","","6.36315789"
"SAN CRISTOBAL","2016-08-27","","9.18888889"
"SAN CRISTOBAL","2016-08-26","","6.06"
"SAN CRISTOBAL","2016-08-25","","8.46111111"
"SAN CRISTOBAL","2016-08-24","","9.67727273"
"SAN CRISTOBAL","2016-08-23","","11.17222222"
"SAN CRISTOBAL","2016-08-22","","6.55238095"
"SAN CRISTOBAL","2016-08-21","","6.275"
"SAN CRISTOBAL","2016-08-20","","11.15294118"
"SAN CRISTOBAL","2016-08-19","","13.13529412"
"SAN CRISTOBAL","2016-08-18","","9.09"
"SAN CRISTOBAL","2016-08-17","","9.07368421"
"SAN CRISTOBAL","2016-08-16","","5.97368421"
"SAN CRISTOBAL","2016-08-15","","6.2"
"SAN CRISTOBAL","2016-08-14","","4.565"
"SAN CRISTOBAL","2016-08-13","","5.23125"
"SAN CRISTOBAL","2016-08-12","","9.23"
"SAN CRISTOBAL","2016-08-11","","6.9"
"SAN CRISTOBAL","2016-08-10","","5.76111111"
"SAN CRISTOBAL","2016-08-09","","6.19"
"SAN CRISTOBAL","2016-08-08","","9.18947368"
"SAN CRISTOBAL","2016-08-07","","5.52777778"
"SAN CRISTOBAL","2016-08-06","","5.52105263"
"SAN CRISTOBAL","2016-08-05","","9.5"
"SAN CRISTOBAL","2016-08-04","","6.89047619"
"SAN CRISTOBAL","2016-08-03","","5.51052632"
"SAN CRISTOBAL","2016-08-02","","4.34090909"
"SAN CRISTOBAL","2016-08-01","","4.565"
"SAN CRISTOBAL","2016-07-31","","4.07619048"
"SAN CRISTOBAL","2016-07-30","","5.88823529"
"SAN CRISTOBAL","2016-07-29","","5.77647059"
"SAN CRISTOBAL","2016-07-28","","4.31"
"SAN CRISTOBAL","2016-07-27","","5.87368421"
"SAN CRISTOBAL","2016-07-26","","6.49411765"
"SAN CRISTOBAL","2016-07-25","","6.62857143"
"SAN CRISTOBAL","2016-07-24","","6.22380952"
"SAN CRISTOBAL","2016-07-23","","8.68421053"
"SAN CRISTOBAL","2016-07-22","","7.12352941"
"SAN CRISTOBAL","2016-07-21","","4.27058824"
"SAN CRISTOBAL","2016-07-20","","5.44761905"
"SAN CRISTOBAL","2016-07-19","","6.66842105"
"SAN CRISTOBAL","2016-07-18","","5.73913043"
"SAN CRISTOBAL","2016-07-17","","4.56666667"
"SAN CRISTOBAL","2016-07-16","","8.505"
"SAN CRISTOBAL","2016-07-15","","7.3173913"
"SAN CRISTOBAL","2016-07-14","","6.83333333"
"SAN CRISTOBAL","2016-07-13","","5.105"
"SAN CRISTOBAL","2016-07-12","","8.93181818"
"SAN CRISTOBAL","2016-07-11","","7.02105263"
"SAN CRISTOBAL","2016-07-10","","3.73684211"
"SAN CRISTOBAL","2016-07-09","","3.97647059"
"SAN CRISTOBAL","2016-07-08","","3.33888889"
"SAN CRISTOBAL","2016-07-07","","3.71176471"
"SAN CRISTOBAL","2016-07-06","","7.60909091"
"SAN CRISTOBAL","2016-07-05","","5.26666667"
"SAN CRISTOBAL","2016-07-04","","4.41"
"SAN CRISTOBAL","2016-07-03","","6.36111111"
"SAN CRISTOBAL","2016-07-02","","3.51176471"
"SAN CRISTOBAL","2016-07-01","","3.41428571"
"SAN CRISTOBAL","2016-06-30","","4.82941176"
"SAN CRISTOBAL","2016-06-29","","6.4875"
"SAN CRISTOBAL","2016-06-28","","5.83888889"
"SAN CRISTOBAL","2016-06-27","","6.22916667"
"SAN CRISTOBAL","2016-06-26","","3.56470588"
"SAN CRISTOBAL","2016-06-25","","6.625"
"SAN CRISTOBAL","2016-06-24","","3.36"
"SAN CRISTOBAL","2016-06-23","","6.53157895"
"SAN CRISTOBAL","2016-06-22","","5.79411765"
"SAN CRISTOBAL","2016-06-21","","4.13888889"
"SAN CRISTOBAL","2016-06-20","","4.80526316"
"SAN CRISTOBAL","2016-06-19","","4.575"
"SAN CRISTOBAL","2016-06-18","","7.64347826"
"SAN CRISTOBAL","2016-06-17","","4.75294118"
"SAN CRISTOBAL","2016-06-16","","6.47333333"
"SAN CRISTOBAL","2016-06-15","","7.11764706"
"SAN CRISTOBAL","2016-06-14","","4.00869565"
"SAN CRISTOBAL","2016-06-13","","4.66111111"
"SAN CRISTOBAL","2016-06-12","","6.56315789"
"SAN CRISTOBAL","2016-06-11","","4.85"
"SAN CRISTOBAL","2016-06-10","","5.94210526"
"SAN CRISTOBAL","2016-06-09","","8.19411765"
"SAN CRISTOBAL","2016-06-08","","5.95"
"SAN CRISTOBAL","2016-06-07","","13.685"
"SAN CRISTOBAL","2016-06-06","","9.6125"
"SAN CRISTOBAL","2016-06-05","","13.25"
"SAN CRISTOBAL","2016-06-04","","19.6375"
"SAN CRISTOBAL","2016-06-03","","8.175"
"SAN CRISTOBAL","2016-06-02","","5.87222222"
"SAN CRISTOBAL","2016-06-01","","4.83333333"
"SAN CRISTOBAL","2016-05-31","","11.42941176"
"SAN CRISTOBAL","2016-05-30","","9.08181818"
"SAN CRISTOBAL","2016-05-29","","7.47894737"
"SAN CRISTOBAL","2016-05-28","","5.26"
"SAN CRISTOBAL","2016-05-27","","9.59411765"
"SAN CRISTOBAL","2016-05-26","","15.72916667"
"SAN CRISTOBAL","2016-05-25","","8.03157895"
"SAN CRISTOBAL","2016-05-24","","5.45714286"
"SAN CRISTOBAL","2016-05-23","","4.30625"
"SAN CRISTOBAL","2016-05-22","","3.85333333"
"SAN CRISTOBAL","2016-05-21","","4.5"
"SAN CRISTOBAL","2016-05-20","","4.075"
"SAN CRISTOBAL","2016-05-19","","5.81111111"
"SAN CRISTOBAL","2016-05-18","","5.87142857"
"SAN CRISTOBAL","2016-05-17","","5.18888889"
"SAN CRISTOBAL","2016-05-16","","7.05625"
"SAN CRISTOBAL","2016-05-15","","3.5625"
"SAN CRISTOBAL","2016-05-14","","3.48"
"SAN CRISTOBAL","2016-05-13","","8.33809524"
"SAN CRISTOBAL","2016-05-12","","7.33"
"SAN CRISTOBAL","2016-05-11","","7.6875"
"SAN CRISTOBAL","2016-05-10","","9.25882353"
"SAN CRISTOBAL","2016-05-09","","4.9"
"SAN CRISTOBAL","2016-05-08","","9.095"
"SAN CRISTOBAL","2016-05-07","","8.01052632"
"SAN CRISTOBAL","2016-05-06","","8.04666667"
"SAN CRISTOBAL","2016-05-05","","9.31111111"
"SAN CRISTOBAL","2016-05-04","","12.03333333"
"SAN CRISTOBAL","2016-05-03","","8.8"
"SAN CRISTOBAL","2016-03-10","","35.09375"
"SAN CRISTOBAL","2016-03-09","","29.92916667"
"SAN CRISTOBAL","2016-03-08","","24.0875"
"SAN CRISTOBAL","2016-03-07","","33.90416667"
"SAN CRISTOBAL","2016-03-06","","25.55833333"
"SAN CRISTOBAL","2016-03-05","","23.475"
"SAN CRISTOBAL","2016-03-04","","25.28333333"
"SAN CRISTOBAL","2016-03-03","","13.20416667"
"SAN CRISTOBAL","2016-03-02","","18.77916667"
"SAN CRISTOBAL","2016-03-01","","21.10416667"
"SAN CRISTOBAL","2016-02-29","","14.24782609"
"SAN CRISTOBAL","2016-02-28","","11.225"
"SAN CRISTOBAL","2016-02-27","","15.47083333"
"SAN CRISTOBAL","2016-02-26","","21.75217391"
"SAN CRISTOBAL","2016-02-25","","23.3625"
"SAN CRISTOBAL","2016-02-24","","12.89166667"
"SAN CRISTOBAL","2016-02-23","","9.6625"
"SAN CRISTOBAL","2016-02-22","","11.80833333"
"SAN CRISTOBAL","2016-02-21","","10.0375"
"SAN CRISTOBAL","2016-02-20","","10.85"
"SAN CRISTOBAL","2016-02-19","","12.2875"
"SAN CRISTOBAL","2016-02-18","","15.34166667"
"SAN CRISTOBAL","2016-02-17","","12.9375"
"SAN CRISTOBAL","2016-02-16","","6.35416667"
"SAN CRISTOBAL","2016-02-15","","9.54166667"
"SAN CRISTOBAL","2016-02-14","","8.79583333"
"SAN CRISTOBAL","2016-02-13","","10.69166667"
"SAN CRISTOBAL","2016-02-12","","9.39166667"
"SAN CRISTOBAL","2016-02-11","","8.26086957"
"SAN CRISTOBAL","2016-02-10","","9.94583333"
"SAN CRISTOBAL","2016-02-09","","9.46086957"
"SAN CRISTOBAL","2016-02-08","","9.1625"
"SAN CRISTOBAL","2016-02-07","","10.025"
"SAN CRISTOBAL","2016-02-06","","16.64583333"
"SAN CRISTOBAL","2016-02-05","","23.95"
"SAN CRISTOBAL","2016-02-04","","27.76521739"
"SAN CRISTOBAL","2016-02-03","","41.1875"
"SAN CRISTOBAL","2016-02-02","","26.165"
"SAN CRISTOBAL","2016-02-01","","13.29166667"
"SAN CRISTOBAL","2016-01-31","","34.925"
"SAN CRISTOBAL","2016-01-30","","32.60416667"
"SAN CRISTOBAL","2016-01-29","","35.49565217"
"SAN CRISTOBAL","2016-01-28","","16.36842105"
"SAN CRISTOBAL","2016-01-27","","18.83809524"
"SAN CRISTOBAL","2016-01-26","","32.56086957"
"SAN CRISTOBAL","2016-01-25","","27.78695652"
"SAN CRISTOBAL","2016-01-24","","28.02083333"
"SAN CRISTOBAL","2016-01-23","","31.37916667"
"SAN CRISTOBAL","2016-01-22","","31.84166667"
"SAN CRISTOBAL","2016-01-21","","35.575"
"SAN CRISTOBAL","2016-01-20","","32.39130435"
"SAN CRISTOBAL","2016-01-19","","23.20454545"
"SAN CRISTOBAL","2016-01-18","","31.275"
"SAN CRISTOBAL","2016-01-17","","23.56666667"
"SAN CRISTOBAL","2016-01-16","","16.0"
"SAN CRISTOBAL","2016-01-15","","15.94090909"
"SAN CRISTOBAL","2016-01-14","","24.20416667"
"SAN CRISTOBAL","2016-01-13","","27.22307692"
"SAN CRISTOBAL","2016-01-10","","15.25416667"
"SAN CRISTOBAL","2016-01-09","","20.29166667"
"SAN CRISTOBAL","2016-01-08","","20.7625"
"SAN CRISTOBAL","2016-01-07","","22.65"
"SAN CRISTOBAL","2016-01-06","","17.61818182"
"SAN CRISTOBAL","2016-01-05","","18.0"
"SAN CRISTOBAL","2016-01-04","","6.31666667"
"SAN CRISTOBAL","2016-01-03","","5.09166667"
"SAN CRISTOBAL","2016-01-02","","3.88333333"
"SAN CRISTOBAL","2016-01-01","","5.70434783"
"SAN CRISTOBAL","2015-12-31","","3.36842105"
"SAN CRISTOBAL","2015-12-30","","4.30434783"
"SAN CRISTOBAL","2015-12-29","","5.2173913"
"SAN CRISTOBAL","2015-12-28","","5.29166667"
"SAN CRISTOBAL","2015-12-27","","6.79166667"
"SAN CRISTOBAL","2015-12-26","","5.7826087"
"SAN CRISTOBAL","2015-12-25","","12.0"
"SAN CRISTOBAL","2015-12-24","","8.70833333"
"SAN CRISTOBAL","2015-12-23","","7.25"
"SAN CRISTOBAL","2015-12-22","","5.625"
"SAN CRISTOBAL","2015-12-21","","8.56521739"
"SAN CRISTOBAL","2015-12-20","","6.04166667"
"SAN CRISTOBAL","2015-12-19","","3.0"
"SAN CRISTOBAL","2015-12-18","","8.79166667"
"SAN CRISTOBAL","2015-12-17","","6.375"
"SAN CRISTOBAL","2015-12-16","","7.29166667"
"SAN CRISTOBAL","2015-12-15","","7.75"
"SAN CRISTOBAL","2015-12-14","","11.875"
"SAN CRISTOBAL","2015-12-13","","10.04166667"
"SAN CRISTOBAL","2015-12-12","","7.58333333"
"SAN CRISTOBAL","2015-12-11","","9.91666667"
"SAN CRISTOBAL","2015-12-10","","8.58333333"
"SAN CRISTOBAL","2015-12-09","","10.04166667"
"SAN CRISTOBAL","2015-12-08","","12.16666667"
"SAN CRISTOBAL","2015-12-07","","8.54166667"
"SAN CRISTOBAL","2015-12-06","","6.79166667"
"SAN CRISTOBAL","2015-12-05","","9.56521739"
"SAN CRISTOBAL","2015-12-04","","9.41666667"
"SAN CRISTOBAL","2015-12-03","","12.29166667"
"SAN CRISTOBAL","2015-12-02","","5.91666667"
"SAN CRISTOBAL","2015-12-01","","7.625"
"SAN CRISTOBAL","2015-11-30","","4.65217391"
"SAN CRISTOBAL","2015-11-29","","11.66666667"
"SAN CRISTOBAL","2015-11-28","","10.83333333"
"SAN CRISTOBAL","2015-11-27","","7.33333333"
"SAN CRISTOBAL","2015-11-26","","6.2173913"
"SAN CRISTOBAL","2015-11-25","","7.16666667"
"SAN CRISTOBAL","2015-11-24","","8.54166667"
"SAN CRISTOBAL","2015-11-23","","11.0"
"SAN CRISTOBAL","2015-11-22","","7.20833333"
"SAN CRISTOBAL","2015-11-21","","14.83333333"
"SAN CRISTOBAL","2015-11-20","","28.21428571"
"SAN CRISTOBAL","2015-11-19","","16.91666667"
"SAN CRISTOBAL","2015-11-18","","9.91666667"
"SAN CRISTOBAL","2015-11-17","","8.4"
"SAN CRISTOBAL","2015-11-14","","3.4"
"SAN CRISTOBAL","2015-11-13","","7.79166667"
"SAN CRISTOBAL","2015-11-12","","9.0"
"SAN CRISTOBAL","2015-11-11","","6.86956522"
"SAN CRISTOBAL","2015-11-10","","7.16666667"
"SAN CRISTOBAL","2015-11-09","","5.375"
"SAN CRISTOBAL","2015-11-08","","4.81818182"
"SAN CRISTOBAL","2015-11-07","","12.83333333"
"SAN CRISTOBAL","2015-11-06","","19.20833333"
"SAN CRISTOBAL","2015-11-05","","13.0"
"SAN CRISTOBAL","2015-11-04","","12.58333333"
"SAN CRISTOBAL","2015-11-03","","17.66666667"
"SAN CRISTOBAL","2015-11-02","","10.20833333"
"SAN CRISTOBAL","2015-11-01","","13.16666667"
"SAN CRISTOBAL","2015-10-31","","32.25"
"SAN CRISTOBAL","2015-10-30","","10.5"
"SAN CRISTOBAL","2015-10-29","","7.95833333"
"SAN CRISTOBAL","2015-10-28","","7.125"
"SAN CRISTOBAL","2015-10-27","","8.0"
"SAN CRISTOBAL","2015-10-26","","8.29166667"
"SAN CRISTOBAL","2015-10-25","","5.70833333"
"SAN CRISTOBAL","2015-10-24","","7.20833333"
"SAN CRISTOBAL","2015-10-23","","8.08333333"
"SAN CRISTOBAL","2015-10-22","","13.08333333"
"SAN CRISTOBAL","2015-10-21","","8.95833333"
"SAN CRISTOBAL","2015-10-20","","11.57142857"
"SAN CRISTOBAL","2015-10-19","","8.83333333"
"SAN CRISTOBAL","2015-10-18","","6.875"
"SAN CRISTOBAL","2015-10-17","","5.52173913"
"SAN CRISTOBAL","2015-10-16","","5.0"
"SAN CRISTOBAL","2015-10-15","","6.40909091"
"SAN CRISTOBAL","2015-10-14","","14.75"
"SAN CRISTOBAL","2015-10-13","","11.875"
"SAN CRISTOBAL","2015-10-12","","9.04545455"
"SAN CRISTOBAL","2015-10-11","","8.95833333"
"SAN CRISTOBAL","2015-10-10","","5.56521739"
"SAN CRISTOBAL","2015-10-09","","7.45833333"
"SAN CRISTOBAL","2015-10-08","","5.33333333"
"SAN CRISTOBAL","2015-10-07","","6.875"
"SAN CRISTOBAL","2015-10-06","","7.375"
"SAN CRISTOBAL","2015-10-05","","4.39130435"
"SAN CRISTOBAL","2015-10-04","","4.1"
"SAN CRISTOBAL","2015-10-03","","4.26086957"
"SAN CRISTOBAL","2015-10-02","","14.36363636"
"SAN CRISTOBAL","2015-10-01","","11.58333333"
"SAN CRISTOBAL","2015-09-30","","9.33333333"
"SAN CRISTOBAL","2015-09-29","","8.79166667"
"SAN CRISTOBAL","2015-09-28","","7.29166667"
"SAN CRISTOBAL","2015-09-27","","5.45833333"
"SAN CRISTOBAL","2015-09-26","","5.875"
"SAN CRISTOBAL","2015-09-25","","9.79166667"
"SAN CRISTOBAL","2015-09-24","","7.25"
"SAN CRISTOBAL","2015-09-23","","5.41666667"
"SAN CRISTOBAL","2015-09-22","","5.95652174"
"SAN CRISTOBAL","2015-09-21","","5.04347826"
"SAN CRISTOBAL","2015-09-20","","3.45833333"
"SAN CRISTOBAL","2015-09-19","","5.52380952"
"SAN CRISTOBAL","2015-09-18","","6.08333333"
"SAN CRISTOBAL","2015-09-17","","7.5"
"SAN CRISTOBAL","2015-09-16","","6.875"
"SAN CRISTOBAL","2015-09-15","","9.43478261"
"SAN CRISTOBAL","2015-09-14","","4.83333333"
"SAN CRISTOBAL","2015-08-27","","12.25"
"SAN CRISTOBAL","2015-08-26","","9.125"
"SAN CRISTOBAL","2015-08-25","","6.66666667"
"SAN CRISTOBAL","2015-08-24","","5.55"
"SAN CRISTOBAL","2015-08-23","","7.16666667"
"SAN CRISTOBAL","2015-08-22","","8.41666667"
"SAN CRISTOBAL","2015-08-21","","10.875"
"SAN CRISTOBAL","2015-08-20","","3.875"
"SAN CRISTOBAL","2015-08-19","","4.58333333"
"SAN CRISTOBAL","2015-08-18","","5.26315789"
"SAN CRISTOBAL","2015-08-17","","2.86956522"
"SAN CRISTOBAL","2015-08-16","","4.0"
"SAN CRISTOBAL","2015-08-12","","2.72727273"
"SAN CRISTOBAL","2015-08-11","","4.41666667"
"SAN CRISTOBAL","2015-08-10","","6.86956522"
"SAN CRISTOBAL","2015-08-09","","4.04347826"
"SAN CRISTOBAL","2015-08-08","","3.75"
"SAN CRISTOBAL","2015-08-07","","5.42105263"
"SAN CRISTOBAL","2015-08-06","","4.34782609"
"SAN CRISTOBAL","2015-08-05","","4.52631579"
"SAN CRISTOBAL","2015-08-04","","4.2"
"SAN CRISTOBAL","2015-08-03","","4.13333333"
"SAN CRISTOBAL","2015-08-02","","3.26315789"
"SAN CRISTOBAL","2015-08-01","","5.91666667"
"SAN CRISTOBAL","2015-07-31","","2.6875"
"SAN CRISTOBAL","2015-07-30","","5.40909091"
"SAN CRISTOBAL","2015-07-29","","4.05263158"
"SAN CRISTOBAL","2015-07-28","","4.9"
"SAN CRISTOBAL","2015-07-27","","4.94736842"
"SAN CRISTOBAL","2015-07-26","","3.08333333"
"SAN CRISTOBAL","2015-07-25","","4.13636364"
"SAN CRISTOBAL","2015-07-24","","6.63636364"
"SAN CRISTOBAL","2015-07-23","","2.85"
"SAN CRISTOBAL","2015-07-22","","3.91666667"
"SAN CRISTOBAL","2015-07-21","","7.56521739"
"SAN CRISTOBAL","2015-07-20","","5.04545455"
"SAN CRISTOBAL","2015-07-19","","6.77272727"
"SAN CRISTOBAL","2015-07-18","","4.35"
"SAN CRISTOBAL","2015-07-17","","5.7826087"
"SAN CRISTOBAL","2015-07-16","","6.16666667"
"SAN CRISTOBAL","2015-07-15","","3.52631579"
"SAN CRISTOBAL","2015-07-14","","7.54166667"
"SAN CRISTOBAL","2015-07-13","","7.30434783"
"SAN CRISTOBAL","2015-07-12","","5.54166667"
"SAN CRISTOBAL","2015-07-11","","4.75"
"SAN CRISTOBAL","2015-07-10","","5.2173913"
"SAN CRISTOBAL","2015-07-09","","7.47826087"
"SAN CRISTOBAL","2015-07-08","","5.04545455"
"SAN CRISTOBAL","2015-07-07","","4.38461538"
"SAN CRISTOBAL","2015-07-06","","3.63157895"
"SAN CRISTOBAL","2015-07-05","","4.04347826"
"SAN CRISTOBAL","2015-07-04","","3.1"
"SAN CRISTOBAL","2015-07-03","","5.95833333"
"SAN CRISTOBAL","2015-07-02","","4.0"
"SAN CRISTOBAL","2015-07-01","","6.86363636"
"SAN CRISTOBAL","2015-06-30","","11.29166667"
"SAN CRISTOBAL","2015-06-29","","5.41666667"
"SAN CRISTOBAL","2015-06-28","","4.21052632"
"SAN CRISTOBAL","2015-06-27","","3.27777778"
"SAN CRISTOBAL","2015-06-26","","2.90909091"
"SAN CRISTOBAL","2015-06-25","","5.0952381"
"SAN CRISTOBAL","2015-06-24","","3.45454545"
"SAN CRISTOBAL","2015-06-23","","3.29411765"
"SAN CRISTOBAL","2015-06-22","","3.61111111"
"SAN CRISTOBAL","2015-06-21","","4.0"
"SAN CRISTOBAL","2015-06-20","","6.9"
"SAN CRISTOBAL","2015-06-19","","4.7"
"SAN CRISTOBAL","2015-06-18","","4.8"
"SAN CRISTOBAL","2015-06-17","","3.5"
"SAN CRISTOBAL","2015-06-16","","2.45"
"SAN CRISTOBAL","2015-06-15","","2.85714286"
"SAN CRISTOBAL","2015-06-14","","3.71428571"
"SAN CRISTOBAL","2015-06-13","","7.71428571"
"SAN CRISTOBAL","2015-06-12","","3.77272727"
"SAN CRISTOBAL","2015-06-11","","7.41666667"
"SAN CRISTOBAL","2015-06-10","","9.23809524"
"SAN CRISTOBAL","2015-06-09","","6.15"
"SAN CRISTOBAL","2015-06-08","","3.58333333"
"SAN CRISTOBAL","2015-06-07","","7.0"
"SAN CRISTOBAL","2015-06-06","","7.5"
"SAN CRISTOBAL","2015-06-05","","6.85"
"SAN CRISTOBAL","2015-06-04","","4.0"
"SAN CRISTOBAL","2015-06-03","","4.13043478"
"SAN CRISTOBAL","2015-06-02","","3.0"
"SAN CRISTOBAL","2015-06-01","","6.04166667"
"SAN CRISTOBAL","2015-05-31","","5.5"
"SAN CRISTOBAL","2015-05-30","","8.29166667"
"SAN CRISTOBAL","2015-05-29","","8.75"
"SAN CRISTOBAL","2015-05-28","","6.66666667"
"SAN CRISTOBAL","2015-05-27","","8.20833333"
"SAN CRISTOBAL","2015-05-26","","5.2173913"
"SAN CRISTOBAL","2015-05-25","","5.04347826"
"SAN CRISTOBAL","2015-05-24","","4.26315789"
"SAN CRISTOBAL","2015-05-23","","5.33333333"
"SAN CRISTOBAL","2015-05-22","","6.86956522"
"SAN CRISTOBAL","2015-05-21","","3.6"
"SAN CRISTOBAL","2015-05-20","","5.7826087"
"SAN CRISTOBAL","2015-05-19","","5.2173913"
"SAN CRISTOBAL","2015-05-18","","3.66666667"
"SAN CRISTOBAL","2015-05-17","","4.52380952"
"SAN CRISTOBAL","2015-05-16","","6.79166667"
"SAN CRISTOBAL","2015-05-15","","4.66666667"
"SAN CRISTOBAL","2015-05-14","","6.95833333"
"SAN CRISTOBAL","2015-05-13","","8.54166667"
"SAN CRISTOBAL","2015-05-12","","11.5"
"SAN CRISTOBAL","2015-05-11","","12.5"
"SAN CRISTOBAL","2015-05-10","","9.83333333"
"SAN CRISTOBAL","2015-05-09","","3.875"
"SAN CRISTOBAL","2015-05-08","","8.54166667"
"SAN CRISTOBAL","2015-05-07","","10.91666667"
"SAN CRISTOBAL","2015-05-06","","14.91666667"
"SAN CRISTOBAL","2015-05-05","","14.70833333"
"SAN CRISTOBAL","2015-05-04","","18.16666667"
"SAN CRISTOBAL","2015-05-03","","16.08333333"
"SAN CRISTOBAL","2015-05-02","","20.91666667"
"SAN CRISTOBAL","2015-05-01","","20.875"
"SAN CRISTOBAL","2015-04-30","","12.41666667"
"SAN CRISTOBAL","2015-04-29","","8.08333333"
"SAN CRISTOBAL","2015-04-28","","5.7826087"
"SAN CRISTOBAL","2015-04-27","","3.04545455"
"SAN CRISTOBAL","2015-04-26","","2.95454545"
"SAN CRISTOBAL","2015-04-25","","5.375"
"SAN CRISTOBAL","2015-04-24","","7.625"
"SAN CRISTOBAL","2015-04-23","","9.21428571"
"SAN CRISTOBAL","2015-04-22","","10.47058824"
"SAN CRISTOBAL","2015-04-21","","4.66666667"
"SAN CRISTOBAL","2015-04-20","","7.25"
"SAN CRISTOBAL","2015-04-19","","4.0"
"SAN CRISTOBAL","2015-04-18","","11.04166667"
"SAN CRISTOBAL","2015-04-17","","17.79166667"
"SAN CRISTOBAL","2015-04-16","","8.86363636"
"SAN CRISTOBAL","2015-04-15","","6.70833333"
"SAN CRISTOBAL","2015-04-14","","9.16666667"
"SAN CRISTOBAL","2015-04-13","","4.20833333"
"SAN CRISTOBAL","2015-04-12","","4.5"
"SAN CRISTOBAL","2015-04-11","","7.82608696"
"SAN CRISTOBAL","2015-04-10","","9.125"
"SAN CRISTOBAL","2015-04-09","","9.33333333"
"SAN CRISTOBAL","2015-04-08","","12.29166667"
"SAN CRISTOBAL","2015-04-07","","11.125"
"SAN CRISTOBAL","2015-04-06","","11.04166667"
"SAN CRISTOBAL","2015-04-05","","5.875"
"SAN CRISTOBAL","2015-04-04","","10.36363636"
"SAN CRISTOBAL","2015-04-03","","7.19047619"
"SAN CRISTOBAL","2015-04-02","","12.5"
"SAN CRISTOBAL","2015-04-01","","12.66666667"
"SAN CRISTOBAL","2015-03-31","","19.0"
"SAN CRISTOBAL","2015-03-30","","20.20833333"
"SAN CRISTOBAL","2015-03-29","","11.83333333"
"SAN CRISTOBAL","2015-03-28","","20.125"
"SAN CRISTOBAL","2015-03-27","","18.70833333"
"SAN CRISTOBAL","2015-03-26","","19.66666667"
"SAN CRISTOBAL","2015-03-25","","17.45833333"
"SAN CRISTOBAL","2015-03-24","","23.91666667"
"SAN CRISTOBAL","2015-03-23","","12.875"
"SAN CRISTOBAL","2015-03-22","","13.20833333"
"SAN CRISTOBAL","2015-03-21","","13.375"
"SAN CRISTOBAL","2015-03-20","","17.25"
"SAN CRISTOBAL","2015-03-19","","24.20833333"
"SAN CRISTOBAL","2015-03-18","","20.04166667"
"SAN CRISTOBAL","2015-03-17","","24.25"
"SAN CRISTOBAL","2015-03-16","","13.58333333"
"SAN CRISTOBAL","2015-03-15","","14.91666667"
"SAN CRISTOBAL","2015-03-14","","14.5"
"SAN CRISTOBAL","2015-03-13","","15.16666667"
"SAN CRISTOBAL","2015-03-12","","10.91666667"
"SAN CRISTOBAL","2015-03-11","","6.45833333"
"SAN CRISTOBAL","2015-03-10","","5.16666667"
"SAN CRISTOBAL","2015-03-09","","7.34782609"
"SAN CRISTOBAL","2015-03-08","","6.5"
"SAN CRISTOBAL","2015-03-07","","7.66666667"
"SAN CRISTOBAL","2015-03-06","","10.79166667"
"SAN CRISTOBAL","2015-03-05","","13.83333333"
"SAN CRISTOBAL","2015-03-04","","11.70833333"
"SAN CRISTOBAL","2015-03-03","","13.04166667"
"SAN CRISTOBAL","2015-03-02","","22.16666667"
"SAN CRISTOBAL","2015-03-01","","9.45833333"
"SAN CRISTOBAL","2015-02-28","","5.83333333"
"SAN CRISTOBAL","2015-02-27","","12.45833333"
"SAN CRISTOBAL","2015-02-26","","15.58333333"
"SAN CRISTOBAL","2015-02-25","","15.33333333"
"SAN CRISTOBAL","2015-02-24","","17.45833333"
"SAN CRISTOBAL","2015-02-23","","14.29166667"
"SAN CRISTOBAL","2015-02-22","","14.41666667"
"SAN CRISTOBAL","2015-02-21","","19.75"
"SAN CRISTOBAL","2015-02-20","","22.60869565"
"SAN CRISTOBAL","2015-02-19","","19.08333333"
"SAN CRISTOBAL","2015-02-18","","21.875"
"SAN CRISTOBAL","2015-02-17","","11.82608696"
"SAN CRISTOBAL","2015-02-16","","8.95833333"
"SAN CRISTOBAL","2015-02-15","","5.45833333"
"SAN CRISTOBAL","2015-02-14","","7.08333333"
"SAN CRISTOBAL","2015-02-13","","6.21052632"
"SAN CRISTOBAL","2015-02-12","","8.82608696"
"SAN CRISTOBAL","2015-02-11","","17.0"
"SAN CRISTOBAL","2015-02-10","","18.95833333"
"SAN CRISTOBAL","2015-02-09","","18.33333333"
"SAN CRISTOBAL","2015-02-08","","20.75"
"SAN CRISTOBAL","2015-02-07","","22.58333333"
"SAN CRISTOBAL","2015-02-06","","21.75"
"SAN CRISTOBAL","2015-02-05","","6.95454545"
"SAN CRISTOBAL","2015-02-04","","5.72727273"
"SAN CRISTOBAL","2015-02-03","","4.41666667"
"SAN CRISTOBAL","2015-02-02","","4.70833333"
"SAN CRISTOBAL","2015-02-01","","4.0"
"SAN CRISTOBAL","2015-01-31","","4.95833333"
"SAN CRISTOBAL","2015-01-30","","12.0"
"SAN CRISTOBAL","2015-01-29","","9.91666667"
"SAN CRISTOBAL","2015-01-28","","11.875"
"SAN CRISTOBAL","2015-01-27","","15.41666667"
"SAN CRISTOBAL","2015-01-26","","11.375"
"SAN CRISTOBAL","2015-01-25","","6.70833333"
"SAN CRISTOBAL","2015-01-24","","13.45833333"
"SAN CRISTOBAL","2015-01-23","","25.29166667"
"SAN CRISTOBAL","2015-01-22","","10.5"
"SAN CRISTOBAL","2015-01-21","","7.95833333"
"SAN CRISTOBAL","2015-01-20","","6.91666667"
"SAN CRISTOBAL","2015-01-19","","11.70833333"
"SAN CRISTOBAL","2015-01-18","","15.45833333"
"SAN CRISTOBAL","2015-01-17","","20.54166667"
"SAN CRISTOBAL","2015-01-16","","13.125"
"SAN CRISTOBAL","2015-01-15","","9.83333333"
"SAN CRISTOBAL","2015-01-14","","7.20833333"
"SAN CRISTOBAL","2015-01-13","","10.26086957"
"SAN CRISTOBAL","2015-01-12","","5.54166667"
"SAN CRISTOBAL","2015-01-11","","5.6"
"SAN CRISTOBAL","2015-01-10","","6.91666667"
"SAN CRISTOBAL","2015-01-09","","6.58333333"
"SAN CRISTOBAL","2015-01-08","","7.31818182"
"SAN CRISTOBAL","2015-01-07","","6.29166667"
"SAN CRISTOBAL","2015-01-06","","8.17391304"
"SAN CRISTOBAL","2015-01-05","","4.68181818"
"SAN CRISTOBAL","2015-01-04","","4.95833333"
"SAN CRISTOBAL","2015-01-03","","5.54166667"
"SAN CRISTOBAL","2015-01-02","","7.95238095"
"SAN CRISTOBAL","2015-01-01","","16.59090909"
"SAN CRISTOBAL","2014-12-31","","4.70833333"
"SAN CRISTOBAL","2014-12-30","","6.5652174"
"SAN CRISTOBAL","2014-12-29","","7.5"
"SAN CRISTOBAL","2014-12-28","","7.2037037"
"SAN CRISTOBAL","2014-12-27","","7.02777777"
"SAN CRISTOBAL","2014-12-26","","7.32539682"
"SAN CRISTOBAL","2014-12-25","","21.21527778"
"SAN CRISTOBAL","2014-12-24","","8.92361111"
"SAN CRISTOBAL","2014-12-23","","8.49206349"
"SAN CRISTOBAL","2014-12-22","","10.24999999"
"SAN CRISTOBAL","2014-12-21","","19.02777778"
"SAN CRISTOBAL","2014-12-20","","17.18055555"
"SAN CRISTOBAL","2014-12-19","","19.57638889"
"SAN CRISTOBAL","2014-12-18","","18.9375"
"SAN CRISTOBAL","2014-12-17","","13.62499999"
"SAN CRISTOBAL","2014-12-16","","15.93055555"
"SAN CRISTOBAL","2014-12-15","","19.60416667"
"SAN CRISTOBAL","2014-12-14","","12.86666666"
"SAN CRISTOBAL","2014-12-13","","17.50694445"
"SAN CRISTOBAL","2014-12-12","","5.77083333"
"SAN CRISTOBAL","2014-12-11","","8.84027778"
"SAN CRISTOBAL","2014-12-10","","17.375"
"SAN CRISTOBAL","2014-12-09","","13.26515153"
"SAN CRISTOBAL","2014-12-08","","20.54166668"
"SAN CRISTOBAL","2014-12-07","","24.0"
"SAN CRISTOBAL","2014-12-06","","17.33333333"
"SAN CRISTOBAL","2014-12-05","","17.58333333"
"SAN CRISTOBAL","2014-12-04","","11.07575758"
"SAN CRISTOBAL","2014-12-03","","6.6984127"
"SAN CRISTOBAL","2014-12-02","","3.76851853"
"SAN CRISTOBAL","2014-12-01","","5.59848485"
"SAN CRISTOBAL","2014-11-30","","4.32539683"
"SAN CRISTOBAL","2014-11-29","","3.75757577"
"SAN CRISTOBAL","2014-11-28","","8.49275362"
"SAN CRISTOBAL","2014-11-27","","10.48550724"
"SAN CRISTOBAL","2014-11-26","","17.91666668"
"SAN CRISTOBAL","2014-11-25","","6.60833334"
"SAN CRISTOBAL","2014-11-24","","5.50724637"
"SAN CRISTOBAL","2014-11-23","","5.99999999"
"SAN CRISTOBAL","2014-11-22","","19.50694445"
"SAN CRISTOBAL","2014-11-21","","17.65277779"
"SAN CRISTOBAL","2014-11-20","","17.63194444"
"SAN CRISTOBAL","2014-11-19","","15.90277778"
"SAN CRISTOBAL","2014-11-18","","19.77777777"
"SAN CRISTOBAL","2014-11-17","","4.34920635"
"SAN CRISTOBAL","2014-11-16","","5.88888888"
"SAN CRISTOBAL","2014-11-15","","17.1111111"
"SAN CRISTOBAL","2014-11-14","","12.06944445"
"SAN CRISTOBAL","2014-11-13","","11.45138889"
"SAN CRISTOBAL","2014-11-12","","10.375"
"SAN CRISTOBAL","2014-11-11","","13.24305555"
"SAN CRISTOBAL","2014-11-10","","16.55555555"
"SAN CRISTOBAL","2014-11-09","","11.55555557"
"SAN CRISTOBAL","2014-11-08","","18.34027779"
"SAN CRISTOBAL","2014-11-07","","9.56666666"
"SAN CRISTOBAL","2014-11-06","","22.41666666"
"SAN CRISTOBAL","2014-11-05","","14.06944445"
"SAN CRISTOBAL","2014-11-04","","12.4861111"
"SAN CRISTOBAL","2014-11-03","","3.47916666"
"SAN CRISTOBAL","2014-11-02","","7.22916667"
"SAN CRISTOBAL","2014-11-01","","12.36805555"
"SAN CRISTOBAL","2014-10-31","","13.03703702"
"SAN CRISTOBAL","2014-10-29","","13.30701755"
"SAN CRISTOBAL","2014-10-28","","8.8405797"
"SAN CRISTOBAL","2014-10-27","","14.33333334"
"SAN CRISTOBAL","2014-10-26","","11.69444444"
"SAN CRISTOBAL","2014-10-25","","16.5"
"SAN CRISTOBAL","2014-10-24","","19.11363636"
"SAN CRISTOBAL","2014-10-23","","11.66666666"
"SAN CRISTOBAL","2014-10-22","","5.60526316"
"SAN CRISTOBAL","2014-10-21","","5.08771929"
"SAN CRISTOBAL","2014-10-20","","4.96376812"
"SAN CRISTOBAL","2014-10-19","","8.72222223"
"SAN CRISTOBAL","2014-10-18","","5.08333334"
"SAN CRISTOBAL","2014-10-17","","5.35714286"
"SAN CRISTOBAL","2014-10-16","","5.04861112"
"SAN CRISTOBAL","2014-10-15","","3.15079364"
"SAN CRISTOBAL","2014-10-14","","4.45138889"
"SAN CRISTOBAL","2014-10-13","","2.72222222"
"SAN CRISTOBAL","2014-10-12","","2.80701754"
"SAN CRISTOBAL","2014-10-11","","6.48611111"
"SAN CRISTOBAL","2014-10-10","","17.88888888"
"SAN CRISTOBAL","2014-10-09","","11.26984127"
"SAN CRISTOBAL","2014-10-08","","17.03968253"
"SAN CRISTOBAL","2014-10-07","","5.15277779"
"SAN CRISTOBAL","2014-10-06","","4.61403508"
"SAN CRISTOBAL","2014-10-05","","4.99019608"
"SAN CRISTOBAL","2014-10-04","","12.29166667"
"SAN CRISTOBAL","2014-10-03","","5.79861112"
"SAN CRISTOBAL","2014-10-02","","6.22727273"
"SAN CRISTOBAL","2014-10-01","","6.0625"
"SAN CRISTOBAL","2014-09-30","","12.18750002"
"SAN CRISTOBAL","2014-09-29","","8.62500001"
"SAN CRISTOBAL","2014-09-28","","4.58333333"
"SAN CRISTOBAL","2014-09-27","","6.43055556"
"SAN CRISTOBAL","2014-09-26","","9.70454545"
"SAN CRISTOBAL","2014-09-25","","6.70833333"
"SAN CRISTOBAL","2014-09-24","","7.69444444"
"SAN CRISTOBAL","2014-09-23","","5.80555555"
"SAN CRISTOBAL","2014-09-22","","6.02898551"
"SAN CRISTOBAL","2014-09-21","","6.43055555"
"SAN CRISTOBAL","2014-09-20","","8.53472222"
"SAN CRISTOBAL","2014-09-19","","10.63194445"
"SAN CRISTOBAL","2014-09-18","","12.49305556"
"SAN CRISTOBAL","2014-09-17","","11.02777778"
"SAN CRISTOBAL","2014-09-16","","5.93055556"
"SAN CRISTOBAL","2014-09-15","","4.22222223"
"SAN CRISTOBAL","2014-09-14","","3.16666667"
"SAN CRISTOBAL","2014-09-13","","5.54861111"
"SAN CRISTOBAL","2014-09-12","","6.50434782"
"SAN CRISTOBAL","2014-09-11","","7.86805555"
"SAN CRISTOBAL","2014-09-10","","14.49305555"
"SAN CRISTOBAL","2014-09-09","","9.41666666"
"SAN CRISTOBAL","2014-09-08","","6.71527779"
"SAN CRISTOBAL","2014-09-07","","6.90277778"
"SAN CRISTOBAL","2014-09-06","","5.94444444"
"SAN CRISTOBAL","2014-09-05","","8.22916666"
"SAN CRISTOBAL","2014-09-04","","5.88194444"
"SAN CRISTOBAL","2014-09-03","","6.56944444"
"SAN CRISTOBAL","2014-09-02","","20.24999999"
"SAN CRISTOBAL","2014-09-01","","9.67361111"
"SAN CRISTOBAL","2014-08-31","","7.29166666"
"SAN CRISTOBAL","2014-08-30","","8.73611111"
"SAN CRISTOBAL","2014-08-29","","3.97222223"
"SAN CRISTOBAL","2014-08-28","","13.36805556"
"SAN CRISTOBAL","2014-08-27","","6.0625"
"SAN CRISTOBAL","2014-08-26","","4.03968253"
"SAN CRISTOBAL","2014-08-25","","7.44444445"
"SAN CRISTOBAL","2014-08-24","","7.93055555"
"SAN CRISTOBAL","2014-08-23","","8.22222222"
"SAN CRISTOBAL","2014-08-22","","10.2638889"
"SAN CRISTOBAL","2014-08-21","","8.4469697"
"SAN CRISTOBAL","2014-08-20","","11.78611111"
"SAN CRISTOBAL","2014-08-19","","6.75694445"
"SAN CRISTOBAL","2014-08-18","","2.46527777"
"SAN CRISTOBAL","2014-08-17","","2.73611112"
"SAN CRISTOBAL","2014-08-16","","7.16666667"
"SAN CRISTOBAL","2014-08-15","","3.29365079"
"SAN CRISTOBAL","2014-08-14","","3.15972222"
"SAN CRISTOBAL","2014-08-13","","3.7063492"
"SAN CRISTOBAL","2014-08-12","","4.77272726"
"SAN CRISTOBAL","2014-08-11","","6.04166666"
"SAN CRISTOBAL","2014-08-10","","3.5763889"
"SAN CRISTOBAL","2014-08-09","","3.76388889"
"SAN CRISTOBAL","2014-08-08","","5.77083333"
"SAN CRISTOBAL","2014-08-07","","4.48611111"
"SAN CRISTOBAL","2014-08-06","","5.88888888"
"SAN CRISTOBAL","2014-08-05","","8.24305556"
"SAN CRISTOBAL","2014-08-04","","9.4469697"
"SAN CRISTOBAL","2014-08-03","","3.69444445"
"SAN CRISTOBAL","2014-08-02","","4.31249999"
"SAN CRISTOBAL","2014-08-01","","5.59027778"
"SAN CRISTOBAL","2014-07-31","","4.80555555"
"SAN CRISTOBAL","2014-07-30","","3.625"
"SAN CRISTOBAL","2014-07-29","","3.63768116"
"SAN CRISTOBAL","2014-07-28","","2.32539683"
"SAN CRISTOBAL","2014-07-27","","4.04861111"
"SAN CRISTOBAL","2014-07-26","","5.30555556"
"SAN CRISTOBAL","2014-07-25","","5.72916668"
"SAN CRISTOBAL","2014-07-24","","5.63194445"
"SAN CRISTOBAL","2014-07-23","","7.03472223"
"SAN CRISTOBAL","2014-07-22","","5.74305555"
"SAN CRISTOBAL","2014-07-21","","5.42361112"
"SAN CRISTOBAL","2014-07-20","","3.8095238"
"SAN CRISTOBAL","2014-07-19","","4.5"
"SAN CRISTOBAL","2014-07-18","","4.32638888"
"SAN CRISTOBAL","2014-07-17","","5.2013889"
"SAN CRISTOBAL","2014-07-16","","3.26851852"
"SAN CRISTOBAL","2014-07-15","","3.94444444"
"SAN CRISTOBAL","2014-07-14","","5.69444445"
"SAN CRISTOBAL","2014-07-13","","3.02898551"
"SAN CRISTOBAL","2014-07-12","","3.89215687"
"SAN CRISTOBAL","2014-07-11","","2.59166667"
"SAN CRISTOBAL","2014-07-10","","5.05555555"
"SAN CRISTOBAL","2014-07-09","","3.57142857"
"SAN CRISTOBAL","2014-07-08","","3.49166666"
"SAN CRISTOBAL","2014-07-07","","5.21929825"
"SAN CRISTOBAL","2014-07-06","","6.12878787"
"SAN CRISTOBAL","2014-07-05","","7.63888888"
"SAN CRISTOBAL","2014-07-04","","8.02777778"
"SAN CRISTOBAL","2014-07-03","","11.30555555"
"SAN CRISTOBAL","2014-07-02","","5.13888888"
"SAN CRISTOBAL","2014-07-01","","6.25"
"SAN CRISTOBAL","2014-06-30","","5.97916667"
"SAN CRISTOBAL","2014-06-29","","4.94444445"
"SAN CRISTOBAL","2014-06-28","","16.75"
"SAN CRISTOBAL","2014-06-27","","44.69444444"
"SAN CRISTOBAL","2014-06-26","","16.79166667"
"SAN CRISTOBAL","2014-06-25","","9.9537037"
"SAN CRISTOBAL","2014-06-24","","11.93137255"
"SAN CRISTOBAL","2014-06-23","","6.09523809"
"SAN CRISTOBAL","2014-06-22","","8.10416666"
"SAN CRISTOBAL","2014-06-21","","7.73148148"
"SAN CRISTOBAL","2014-06-20","","6.41666666"
"SAN CRISTOBAL","2014-06-19","","6.66666668"
"SAN CRISTOBAL","2014-06-18","","13.92982458"
"SAN CRISTOBAL","2014-06-17","","10.00877192"
"SAN CRISTOBAL","2014-06-16","","5.64102564"
"SAN CRISTOBAL","2014-06-15","","3.36666666"
"SAN CRISTOBAL","2014-06-14","","5.01282052"
"SAN CRISTOBAL","2014-06-13","","7.59523809"
"SAN CRISTOBAL","2014-06-12","","7.0"
"SAN CRISTOBAL","2014-06-11","","8.67777779"
"SAN CRISTOBAL","2014-06-10","","5.52083333"
"SAN CRISTOBAL","2014-06-09","","8.80392156"
"SAN CRISTOBAL","2014-06-08","","6.62499999"
"SAN CRISTOBAL","2014-06-07","","10.10526316"
"SAN CRISTOBAL","2014-06-06","","12.00980392"
"SAN CRISTOBAL","2014-06-05","","7.28703703"
"SAN CRISTOBAL","2014-06-04","","9.79365079"
"SAN CRISTOBAL","2014-06-03","","9.85964913"
"SAN CRISTOBAL","2014-06-02","","6.43939395"
"SAN CRISTOBAL","2014-06-01","","5.92222223"
"SAN CRISTOBAL","2014-05-31","","5.37499998"
"SAN CRISTOBAL","2014-05-30","","8.60784314"
"SAN CRISTOBAL","2014-05-29","","15.92857144"
"SAN CRISTOBAL","2014-05-28","","6.93137256"
"SAN CRISTOBAL","2014-05-27","","8.35294116"
"SAN CRISTOBAL","2014-05-26","","10.23809523"
"SAN CRISTOBAL","2014-05-25","","10.07291666"
"SAN CRISTOBAL","2014-05-24","","10.35964913"
"SAN CRISTOBAL","2014-05-23","","11.83333333"
"SAN CRISTOBAL","2014-05-22","","12.61666668"
"SAN CRISTOBAL","2014-05-21","","26.57017544"
"SAN CRISTOBAL","2014-05-20","","6.53333333"
"SAN CRISTOBAL","2014-05-19","","10.41025641"
"SAN CRISTOBAL","2014-05-18","","7.7638889"
"SAN CRISTOBAL","2014-05-17","","11.68421053"
"SAN CRISTOBAL","2014-05-16","","10.21428572"
"SAN CRISTOBAL","2014-05-15","","11.94791667"
"SAN CRISTOBAL","2014-05-14","","7.10185184"
"SAN CRISTOBAL","2014-05-13","","9.25438596"
"SAN CRISTOBAL","2014-05-12","","11.96031746"
"SAN CRISTOBAL","2014-05-11","","11.08333333"
"SAN CRISTOBAL","2014-05-10","","15.53968254"
"SAN CRISTOBAL","2014-05-09","","11.42753624"
"SAN CRISTOBAL","2014-05-08","","22.66666667"
"SAN CRISTOBAL","2014-05-07","","17.18115942"
"SAN CRISTOBAL","2014-05-06","","17.33333333"
"SAN CRISTOBAL","2014-05-05","","10.21666667"
"SAN CRISTOBAL","2014-05-04","","10.07936509"
"SAN CRISTOBAL","2014-05-03","","10.33333333"
"SAN CRISTOBAL","2014-05-02","","13.79166665"
