"Estacion","Fecha inicial","Fecha final","PM10"
"SUBA","2021-02-28","","20.47826087"
"SUBA","2021-02-27","","26.25"
"SUBA","2021-02-26","","25.66666667"
"SUBA","2021-02-25","","13.0"
"SUBA","2021-02-24","","27.58333333"
"SUBA","2021-02-23","","21.58333333"
"SUBA","2021-02-22","","19.20833333"
"SUBA","2021-02-21","","28.45833333"
"SUBA","2021-02-20","","35.5"
"SUBA","2021-02-19","","35.75"
"SUBA","2021-02-18","","37.95833333"
"SUBA","2021-02-17","","34.70833333"
"SUBA","2021-02-16","","35.375"
"SUBA","2021-02-15","","37.96086957"
"SUBA","2021-02-14","","39.96521739"
"SUBA","2021-02-13","","29.00416667"
"SUBA","2021-02-12","","46.61666667"
"SUBA","2021-02-11","","36.95"
"SUBA","2021-02-10","","17.69090909"
"SUBA","2021-02-09","","32.22083333"
"SUBA","2021-02-08","","29.925"
"SUBA","2021-02-07","","27.33888889"
"SUBA","2021-02-06","","36.0125"
"SUBA","2021-02-05","","28.8"
"SUBA","2021-02-04","","45.27916667"
"SUBA","2021-02-03","","39.90833333"
"SUBA","2021-02-02","","37.9625"
"SUBA","2021-02-01","","21.195"
"SUBA","2021-01-31","","35.05217391"
"SUBA","2021-01-30","","39.96666667"
"SUBA","2021-01-29","","54.87083333"
"SUBA","2021-01-28","","50.125"
"SUBA","2021-01-27","","32.6875"
"SUBA","2021-01-26","","36.5875"
"SUBA","2021-01-25","","38.47391304"
"SUBA","2021-01-24","","18.50416667"
"SUBA","2021-01-23","","21.07083333"
"SUBA","2021-01-22","","36.64166667"
"SUBA","2021-01-21","","51.54782609"
"SUBA","2021-01-20","","48.87916667"
"SUBA","2021-01-19","","62.8047619"
"SUBA","2021-01-18","","46.19583333"
"SUBA","2021-01-17","","37.9375"
"SUBA","2021-01-16","","37.875"
"SUBA","2021-01-15","","41.27692308"
"SUBA","2021-01-13","","54.96428571"
"SUBA","2021-01-12","","30.63333333"
"SUBA","2021-01-11","","11.79166667"
"SUBA","2021-01-10","","9.0"
"SUBA","2021-01-09","","14.1"
"SUBA","2021-01-08","","30.3"
"SUBA","2021-01-07","","19.15652174"
"SUBA","2021-01-06","","24.03333333"
"SUBA","2021-01-05","","37.05"
"SUBA","2021-01-04","","24.0"
"SUBA","2021-01-03","","12.59230769"
"SUBA","2021-01-02","","13.0"
"SUBA","2021-01-01","","13.26666667"
"SUBA","2020-12-31","","32.665"
"SUBA","2020-12-30","","35.76315789"
"SUBA","2020-12-29","","23.8"
"SUBA","2020-12-28","","29.94166667"
"SUBA","2020-12-27","","21.04583333"
"SUBA","2020-12-26","","18.80833333"
"SUBA","2020-12-25","","17.1173913"
"SUBA","2020-12-24","","25.7875"
"SUBA","2020-12-23","","42.965"
"SUBA","2020-12-22","","43.37916667"
"SUBA","2020-12-21","","40.93333333"
"SUBA","2020-12-17","","26.02"
"SUBA","2020-12-16","","24.68333333"
"SUBA","2020-12-15","","46.29130435"
"SUBA","2020-12-14","","41.24583333"
"SUBA","2020-12-13","","31.105"
"SUBA","2020-12-12","","41.74166667"
"SUBA","2020-12-11","","49.56363636"
"SUBA","2020-12-10","","40.47916667"
"SUBA","2020-12-09","","46.1125"
"SUBA","2020-12-08","","38.39583333"
"SUBA","2020-12-07","","39.39583333"
"SUBA","2020-12-06","","25.65833333"
"SUBA","2020-12-05","","39.22916667"
"SUBA","2020-12-04","","33.725"
"SUBA","2020-12-03","","27.20416667"
"SUBA","2020-12-02","","21.17826087"
"SUBA","2020-12-01","","28.05"
"SUBA","2020-11-30","","31.25652174"
"SUBA","2020-11-29","","16.35416667"
"SUBA","2020-11-28","","14.88571429"
"SUBA","2020-11-27","","30.92083333"
"SUBA","2020-11-26","","50.175"
"SUBA","2020-11-25","","36.63043478"
"SUBA","2020-11-24","","33.8875"
"SUBA","2020-11-23","","38.52083333"
"SUBA","2020-11-22","","34.82083333"
"SUBA","2020-11-21","","36.52916667"
"SUBA","2020-11-20","","33.60869565"
"SUBA","2020-11-19","","36.76666667"
"SUBA","2020-11-18","","27.05416667"
"SUBA","2020-11-17","","16.732"
"SUBA","2020-11-16","","21.00833333"
"SUBA","2020-11-15","","26.91304348"
"SUBA","2020-11-14","","29.13333333"
"SUBA","2020-11-13","","13.54782609"
"SUBA","2020-11-12","","28.29130435"
"SUBA","2020-11-11","","13.65"
"SUBA","2020-11-10","","42.05"
"SUBA","2020-11-09","","31.81666667"
"SUBA","2020-11-08","","29.44583333"
"SUBA","2020-11-07","","39.25"
"SUBA","2020-11-06","","56.50416667"
"SUBA","2020-11-05","","34.54285714"
"SUBA","2020-11-04","","45.15"
"SUBA","2020-11-03","","44.83333333"
"SUBA","2020-11-02","","25.6625"
"SUBA","2020-11-01","","17.704"
"SUBA","2020-10-31","","28.64782609"
"SUBA","2020-10-30","","36.95833333"
"SUBA","2020-10-29","","26.10416667"
"SUBA","2020-10-28","","39.35416667"
"SUBA","2020-10-27","","34.1"
"SUBA","2020-10-26","","35.7125"
"SUBA","2020-10-25","","28.84583333"
"SUBA","2020-10-24","","22.0375"
"SUBA","2020-10-23","","21.00416667"
"SUBA","2020-10-22","","22.01666667"
"SUBA","2020-10-21","","21.82916667"
"SUBA","2020-10-20","","36.97083333"
"SUBA","2020-10-19","","40.87083333"
"SUBA","2020-10-18","","22.85"
"SUBA","2020-10-17","","29.33333333"
"SUBA","2020-10-16","","22.24583333"
"SUBA","2020-10-15","","25.73043478"
"SUBA","2020-10-14","","36.61666667"
"SUBA","2020-10-13","","23.95"
"SUBA","2020-10-12","","18.375"
"SUBA","2020-10-11","","19.275"
"SUBA","2020-10-10","","26.02083333"
"SUBA","2020-10-09","","17.92083333"
"SUBA","2020-10-08","","18.39166667"
"SUBA","2020-10-07","","30.21666667"
"SUBA","2020-10-06","","40.45"
"SUBA","2020-10-05","","32.43333333"
"SUBA","2020-10-04","","15.3125"
"SUBA","2020-10-03","","28.6125"
"SUBA","2020-10-02","","41.7625"
"SUBA","2020-10-01","","27.57916667"
"SUBA","2020-09-30","","29.47826087"
"SUBA","2020-09-29","","26.72173913"
"SUBA","2020-09-28","","30.02083333"
"SUBA","2020-09-27","","22.14583333"
"SUBA","2020-09-26","","26.58333333"
"SUBA","2020-09-25","","23.07916667"
"SUBA","2020-09-24","","18.95"
"SUBA","2020-09-23","","26.88181818"
"SUBA","2020-09-22","","27.47083333"
"SUBA","2020-09-21","","17.0"
"SUBA","2020-09-20","","9.52631579"
"SUBA","2020-09-19","","27.79166667"
"SUBA","2020-09-18","","30.99166667"
"SUBA","2020-09-17","","30.19583333"
"SUBA","2020-09-16","","21.3625"
"SUBA","2020-09-15","","31.10434783"
"SUBA","2020-09-14","","26.05833333"
"SUBA","2020-09-13","","18.925"
"SUBA","2020-09-12","","37.04583333"
"SUBA","2020-09-11","","39.50833333"
"SUBA","2020-09-10","","23.81818182"
"SUBA","2020-09-07","","14.26363636"
"SUBA","2020-09-06","","11.38"
"SUBA","2020-09-05","","15.21578947"
"SUBA","2020-09-04","","19.4875"
"SUBA","2020-09-03","","20.89565217"
"SUBA","2020-09-02","","13.9625"
"SUBA","2020-09-01","","19.96666667"
"SUBA","2020-08-31","","30.17272727"
"SUBA","2020-08-30","","18.93913043"
"SUBA","2020-08-29","","37.84545455"
"SUBA","2020-08-28","","26.12272727"
"SUBA","2020-08-27","","16.7"
"SUBA","2020-08-26","","27.65"
"SUBA","2020-08-25","","25.40454545"
"SUBA","2020-08-24","","15.335"
"SUBA","2020-08-23","","12.1952381"
"SUBA","2020-08-22","","17.46956522"
"SUBA","2020-08-21","","16.42916667"
"SUBA","2020-08-20","","18.75"
"SUBA","2020-08-19","","22.00416667"
"SUBA","2020-08-18","","23.11904762"
"SUBA","2020-08-17","","26.5375"
"SUBA","2020-08-16","","18.025"
"SUBA","2020-08-15","","21.35652174"
"SUBA","2020-08-14","","19.64166667"
"SUBA","2020-08-13","","18.80416667"
"SUBA","2020-08-12","","28.64347826"
"SUBA","2020-08-11","","24.2"
"SUBA","2020-08-10","","18.125"
"SUBA","2020-08-09","","15.03333333"
"SUBA","2020-08-08","","14.80833333"
"SUBA","2020-08-07","","13.83333333"
"SUBA","2020-08-06","","20.69583333"
"SUBA","2020-08-05","","22.66666667"
"SUBA","2020-08-04","","20.1375"
"SUBA","2020-08-03","","29.4375"
"SUBA","2020-08-02","","20.90833333"
"SUBA","2020-08-01","","25.62916667"
"SUBA","2020-07-31","","17.54347826"
"SUBA","2020-07-30","","20.6125"
"SUBA","2020-07-29","","26.59166667"
"SUBA","2020-07-28","","25.34166667"
"SUBA","2020-07-27","","11.1875"
"SUBA","2020-07-26","","15.2"
"SUBA","2020-07-25","","15.27083333"
"SUBA","2020-07-24","","19.875"
"SUBA","2020-07-23","","26.0875"
"SUBA","2020-07-22","","25.86666667"
"SUBA","2020-07-21","","18.94583333"
"SUBA","2020-07-20","","11.8375"
"SUBA","2020-07-19","","22.62857143"
"SUBA","2020-07-18","","28.89583333"
"SUBA","2020-07-17","","19.56666667"
"SUBA","2020-07-16","","14.64583333"
"SUBA","2020-07-15","","23.83043478"
"SUBA","2020-07-14","","18.025"
"SUBA","2020-07-13","","18.8125"
"SUBA","2020-07-12","","16.62916667"
"SUBA","2020-07-11","","20.0"
"SUBA","2020-07-10","","29.80434783"
"SUBA","2020-07-09","","19.6375"
"SUBA","2020-07-08","","24.175"
"SUBA","2020-07-07","","21.34166667"
"SUBA","2020-07-06","","22.72083333"
"SUBA","2020-07-05","","20.76666667"
"SUBA","2020-07-04","","11.0625"
"SUBA","2020-07-03","","24.0125"
"SUBA","2020-07-02","","13.49583333"
"SUBA","2020-07-01","","38.08333333"
"SUBA","2020-06-30","","35.70869565"
"SUBA","2020-06-29","","9.10833333"
"SUBA","2020-06-28","","15.77083333"
"SUBA","2020-06-27","","32.42083333"
"SUBA","2020-06-26","","26.05833333"
"SUBA","2020-06-25","","82.75416667"
"SUBA","2020-06-24","","95.69583333"
"SUBA","2020-06-23","","23.21304348"
"SUBA","2020-06-22","","9.49166667"
"SUBA","2020-06-21","","6.56666667"
"SUBA","2020-06-20","","18.86666667"
"SUBA","2020-06-19","","18.48333333"
"SUBA","2020-06-18","","22.79545455"
"SUBA","2020-06-17","","16.87083333"
"SUBA","2020-06-16","","25.04583333"
"SUBA","2020-06-15","","5.40869565"
"SUBA","2020-06-14","","10.25416667"
"SUBA","2020-06-13","","18.4875"
"SUBA","2020-06-12","","18.5826087"
"SUBA","2020-06-11","","17.55"
"SUBA","2020-06-10","","26.28095238"
"SUBA","2020-06-09","","22.30833333"
"SUBA","2020-06-08","","23.30833333"
"SUBA","2020-06-07","","12.16956522"
"SUBA","2020-06-06","","16.03333333"
"SUBA","2020-06-05","","18.55"
"SUBA","2020-06-04","","18.525"
"SUBA","2020-06-03","","27.0875"
"SUBA","2020-06-02","","22.46666667"
"SUBA","2020-06-01","","11.39565217"
"SUBA","2020-05-31","","13.35652174"
"SUBA","2020-05-30","","19.29166667"
"SUBA","2020-05-29","","21.74166667"
"SUBA","2020-05-28","","33.00416667"
"SUBA","2020-05-27","","12.63333333"
"SUBA","2020-05-26","","14.90416667"
"SUBA","2020-05-25","","13.73333333"
"SUBA","2020-05-24","","16.89583333"
"SUBA","2020-05-23","","19.15833333"
"SUBA","2020-05-22","","22.025"
"SUBA","2020-05-21","","24.10416667"
"SUBA","2020-05-20","","22.90869565"
"SUBA","2020-05-19","","18.875"
"SUBA","2020-05-18","","13.5875"
"SUBA","2020-05-17","","7.65"
"SUBA","2020-05-16","","10.77083333"
"SUBA","2020-05-15","","23.10869565"
"SUBA","2020-05-14","","27.39166667"
"SUBA","2020-05-13","","24.75"
"SUBA","2020-05-12","","29.40416667"
"SUBA","2020-05-11","","19.4625"
"SUBA","2020-05-10","","12.64782609"
"SUBA","2020-05-09","","9.5375"
"SUBA","2020-05-08","","15.52083333"
"SUBA","2020-05-07","","11.19583333"
"SUBA","2020-05-06","","29.2375"
"SUBA","2020-05-05","","20.47083333"
"SUBA","2020-05-04","","21.39130435"
"SUBA","2020-05-03","","20.7173913"
"SUBA","2020-05-02","","25.72380952"
"SUBA","2020-05-01","","18.57619048"
"SUBA","2020-04-30","","39.30434783"
"SUBA","2020-04-29","","46.25"
"SUBA","2020-04-28","","48.42857143"
"SUBA","2020-04-27","","42.04545455"
"SUBA","2020-04-26","","33.57142857"
"SUBA","2020-04-25","","39.5"
"SUBA","2020-04-24","","33.90909091"
"SUBA","2020-04-23","","24.16666667"
"SUBA","2020-04-22","","30.54545455"
"SUBA","2020-04-21","","27.95652174"
"SUBA","2020-04-20","","32.9047619"
"SUBA","2020-04-19","","35.82608696"
"SUBA","2020-04-18","","49.63636364"
"SUBA","2020-04-17","","49.2173913"
"SUBA","2020-04-16","","51.27272727"
"SUBA","2020-04-15","","41.86363636"
"SUBA","2020-04-14","","40.375"
"SUBA","2020-04-13","","41.27272727"
"SUBA","2020-04-12","","28.95238095"
"SUBA","2020-04-11","","26.39130435"
"SUBA","2020-04-10","","27.91304348"
"SUBA","2020-04-09","","26.95833333"
"SUBA","2020-04-08","","29.45833333"
"SUBA","2020-04-07","","21.45833333"
"SUBA","2020-04-06","","29.20833333"
"SUBA","2020-04-05","","22.39130435"
"SUBA","2020-04-04","","24.0"
"SUBA","2020-04-03","","38.23809524"
"SUBA","2020-04-02","","26.83333333"
"SUBA","2020-04-01","","35.54166667"
"SUBA","2020-03-31","","40.05263158"
"SUBA","2020-03-30","","71.95833333"
"SUBA","2020-03-29","","65.66666667"
"SUBA","2020-03-28","","60.61904762"
"SUBA","2020-03-27","","54.5"
"SUBA","2020-03-26","","46.0"
"SUBA","2020-03-25","","54.34782609"
"SUBA","2020-03-24","","62.41666667"
"SUBA","2020-03-23","","69.18181818"
"SUBA","2020-03-22","","40.29166667"
"SUBA","2020-03-21","","44.39130435"
"SUBA","2020-03-20","","59.82608696"
"SUBA","2020-03-19","","86.08695652"
"SUBA","2020-03-18","","87.22727273"
"SUBA","2020-03-17","","66.20833333"
"SUBA","2020-03-16","","53.60869565"
"SUBA","2020-03-15","","41.73684211"
"SUBA","2020-03-14","","40.27272727"
"SUBA","2020-03-13","","62.73913043"
"SUBA","2020-03-12","","64.75"
"SUBA","2020-03-11","","51.73913043"
"SUBA","2020-03-10","","54.125"
"SUBA","2020-03-09","","59.45833333"
"SUBA","2020-03-08","","57.82608696"
"SUBA","2020-03-07","","82.58333333"
"SUBA","2020-03-06","","86.33333333"
"SUBA","2020-03-05","","73.16666667"
"SUBA","2020-03-04","","62.75"
"SUBA","2020-03-03","","63.75"
"SUBA","2020-03-02","","62.36363636"
"SUBA","2020-03-01","","55.69565217"
"SUBA","2020-02-29","","67.2173913"
"SUBA","2020-02-28","","72.7826087"
"SUBA","2020-02-27","","64.69565217"
"SUBA","2020-02-26","","54.38095238"
"SUBA","2020-02-25","","55.45833333"
"SUBA","2020-02-24","","54.34782609"
"SUBA","2020-02-23","","40.33333333"
"SUBA","2020-02-22","","55.125"
"SUBA","2020-02-21","","71.04166667"
"SUBA","2020-02-20","","59.20833333"
"SUBA","2020-02-19","","57.70833333"
"SUBA","2020-02-18","","68.20833333"
"SUBA","2020-02-17","","46.81818182"
"SUBA","2020-02-16","","44.16666667"
"SUBA","2020-02-15","","50.82608696"
"SUBA","2020-02-14","","58.125"
"SUBA","2020-02-13","","73.25"
"SUBA","2020-02-12","","75.875"
"SUBA","2020-02-11","","61.70833333"
"SUBA","2020-02-10","","50.0"
"SUBA","2020-02-09","","51.7826087"
"SUBA","2020-02-08","","77.33333333"
"SUBA","2020-02-07","","91.0"
"SUBA","2020-02-06","","66.47826087"
"SUBA","2020-02-05","","67.5"
"SUBA","2020-02-04","","67.29166667"
"SUBA","2020-02-03","","68.375"
"SUBA","2020-02-02","","54.5"
"SUBA","2020-02-01","","53.875"
"SUBA","2020-01-31","","72.65217391"
"SUBA","2020-01-30","","51.625"
"SUBA","2020-01-29","","54.0"
"SUBA","2020-01-28","","42.08695652"
"SUBA","2020-01-27","","49.33333333"
"SUBA","2020-01-26","","36.13043478"
"SUBA","2020-01-25","","68.7826087"
"SUBA","2020-01-24","","79.25"
"SUBA","2020-01-23","","63.75"
"SUBA","2020-01-22","","58.375"
"SUBA","2020-01-21","","55.91666667"
"SUBA","2020-01-20","","54.79166667"
"SUBA","2020-01-19","","39.47619048"
"SUBA","2020-01-18","","39.31818182"
"SUBA","2020-01-17","","40.41666667"
"SUBA","2020-01-16","","53.29166667"
"SUBA","2020-01-15","","51.82608696"
"SUBA","2020-01-14","","51.125"
"SUBA","2020-01-13","","58.95652174"
"SUBA","2020-01-12","","41.34782609"
"SUBA","2020-01-11","","65.95833333"
"SUBA","2020-01-10","","60.91666667"
"SUBA","2020-01-09","","50.54166667"
"SUBA","2020-01-08","","55.13043478"
"SUBA","2020-01-07","","54.22727273"
"SUBA","2020-01-06","","48.17391304"
"SUBA","2020-01-05","","41.5"
"SUBA","2020-01-04","","52.95652174"
"SUBA","2020-01-03","","50.33333333"
"SUBA","2020-01-02","","36.91666667"
"SUBA","2020-01-01","","45.47826087"
"SUBA","2019-12-31","","39.81818182"
"SUBA","2019-12-30","","49.52173913"
"SUBA","2019-12-29","","45.41666667"
"SUBA","2019-12-28","","49.54166667"
"SUBA","2019-12-27","","50.39130435"
"SUBA","2019-12-26","","42.95652174"
"SUBA","2019-12-25","","45.08333333"
"SUBA","2019-12-24","","38.13043478"
"SUBA","2019-12-23","","41.5"
"SUBA","2019-12-22","","31.125"
"SUBA","2019-12-21","","37.41666667"
"SUBA","2019-12-20","","67.41666667"
"SUBA","2019-12-19","","55.16666667"
"SUBA","2019-12-18","","57.0"
"SUBA","2019-12-17","","47.875"
"SUBA","2019-12-16","","41.95652174"
"SUBA","2019-12-15","","40.2173913"
"SUBA","2019-12-14","","58.5"
"SUBA","2019-12-13","","63.70833333"
"SUBA","2019-12-12","","47.04166667"
"SUBA","2019-12-11","","62.625"
"SUBA","2019-12-10","","50.625"
"SUBA","2019-12-09","","48.625"
"SUBA","2019-12-08","","39.95652174"
"SUBA","2019-12-07","","67.04166667"
"SUBA","2019-12-06","","57.16666667"
"SUBA","2019-12-05","","59.08333333"
"SUBA","2019-12-04","","61.95833333"
"SUBA","2019-12-03","","57.16666667"
"SUBA","2019-12-02","","52.70833333"
"SUBA","2019-12-01","","29.2173913"
"SUBA","2019-11-30","","48.83333333"
"SUBA","2019-11-29","","64.26086957"
"SUBA","2019-11-28","","64.08333333"
"SUBA","2019-11-27","","41.0"
"SUBA","2019-11-26","","38.83333333"
"SUBA","2019-11-25","","41.37083333"
"SUBA","2019-11-24","","42.04166667"
"SUBA","2019-11-23","","40.39130435"
"SUBA","2019-11-22","","45.75"
"SUBA","2019-11-21","","29.83333333"
"SUBA","2019-11-20","","48.14285714"
"SUBA","2019-11-19","","41.20833333"
"SUBA","2019-11-18","","52.45833333"
"SUBA","2019-11-17","","42.52173913"
"SUBA","2019-11-16","","43.83333333"
"SUBA","2019-11-15","","42.69565217"
"SUBA","2019-11-14","","48.27272727"
"SUBA","2019-11-13","","35.625"
"SUBA","2019-11-12","","34.58333333"
"SUBA","2019-11-11","","29.34782609"
"SUBA","2019-11-10","","43.04545455"
"SUBA","2019-11-09","","47.20833333"
"SUBA","2019-11-08","","47.08333333"
"SUBA","2019-11-07","","55.82608696"
"SUBA","2019-11-06","","56.375"
"SUBA","2019-11-05","","49.30434783"
"SUBA","2019-11-04","","33.56521739"
"SUBA","2019-11-03","","36.34782609"
"SUBA","2019-11-02","","48.95833333"
"SUBA","2019-11-01","","67.91666667"
"SUBA","2019-10-31","","73.875"
"SUBA","2019-10-30","","64.375"
"SUBA","2019-10-29","","62.83333333"
"SUBA","2019-10-28","","42.79166667"
"SUBA","2019-10-27","","36.29166667"
"SUBA","2019-10-26","","44.33333333"
"SUBA","2019-10-25","","39.73913043"
"SUBA","2019-10-24","","40.66666667"
"SUBA","2019-10-23","","42.47826087"
"SUBA","2019-10-22","","38.91304348"
"SUBA","2019-10-21","","40.04347826"
"SUBA","2019-10-20","","31.56521739"
"SUBA","2019-10-19","","34.40909091"
"SUBA","2019-10-18","","54.19047619"
"SUBA","2019-10-17","","50.13636364"
"SUBA","2019-10-16","","46.7826087"
"SUBA","2019-10-15","","54.875"
"SUBA","2019-10-14","","36.73913043"
"SUBA","2019-10-13","","38.125"
"SUBA","2019-10-12","","33.66666667"
"SUBA","2019-10-11","","40.66666667"
"SUBA","2019-10-10","","58.16666667"
"SUBA","2019-10-09","","59.75"
"SUBA","2019-10-08","","51.625"
"SUBA","2019-10-07","","53.22727273"
"SUBA","2019-10-06","","38.375"
"SUBA","2019-10-05","","45.125"
"SUBA","2019-10-04","","44.25"
"SUBA","2019-10-03","","35.83333333"
"SUBA","2019-10-02","","48.13043478"
"SUBA","2019-10-01","","59.125"
"SUBA","2019-09-30","","48.59090909"
"SUBA","2019-09-29","","45.45454545"
"SUBA","2019-09-28","","50.41666667"
"SUBA","2019-09-27","","58.625"
"SUBA","2019-09-26","","44.66666667"
"SUBA","2019-09-25","","41.54166667"
"SUBA","2019-09-24","","48.13043478"
"SUBA","2019-09-23","","41.91304348"
"SUBA","2019-09-22","","43.33333333"
"SUBA","2019-09-21","","40.77272727"
"SUBA","2019-09-20","","48.04166667"
"SUBA","2019-09-19","","39.0"
"SUBA","2019-09-18","","45.41666667"
"SUBA","2019-09-17","","61.47368421"
"SUBA","2019-09-16","","48.08333333"
"SUBA","2019-09-15","","36.82608696"
"SUBA","2019-09-14","","35.75"
"SUBA","2019-09-13","","49.95833333"
"SUBA","2019-09-12","","42.83333333"
"SUBA","2019-09-11","","39.73913043"
"SUBA","2019-09-10","","61.0"
"SUBA","2019-09-09","","39.95652174"
"SUBA","2019-09-08","","33.33333333"
"SUBA","2019-09-07","","44.39130435"
"SUBA","2019-09-06","","33.39130435"
"SUBA","2019-09-05","","46.20833333"
"SUBA","2019-09-04","","45.29166667"
"SUBA","2019-09-03","","45.04166667"
"SUBA","2019-09-02","","35.2173913"
"SUBA","2019-09-01","","37.79166667"
"SUBA","2019-08-31","","55.41666667"
"SUBA","2019-08-30","","52.16666667"
"SUBA","2019-08-29","","47.04761905"
"SUBA","2019-08-28","","48.875"
"SUBA","2019-08-27","","49.83333333"
"SUBA","2019-08-26","","42.08333333"
"SUBA","2019-08-25","","33.33333333"
"SUBA","2019-08-24","","46.08333333"
"SUBA","2019-08-23","","52.625"
"SUBA","2019-08-22","","51.4"
"SUBA","2019-08-21","","47.16666667"
"SUBA","2019-08-20","","42.08333333"
"SUBA","2019-08-19","","29.26086957"
"SUBA","2019-08-18","","35.63636364"
"SUBA","2019-08-17","","55.81818182"
"SUBA","2019-08-16","","70.875"
"SUBA","2019-08-15","","61.39130435"
"SUBA","2019-08-14","","47.79166667"
"SUBA","2019-08-13","","37.47826087"
"SUBA","2019-08-12","","49.625"
"SUBA","2019-08-11","","31.0"
"SUBA","2019-08-10","","43.58333333"
"SUBA","2019-08-09","","43.20833333"
"SUBA","2019-08-08","","43.66666667"
"SUBA","2019-08-07","","38.5"
"SUBA","2019-08-06","","49.04166667"
"SUBA","2019-08-05","","50.04166667"
"SUBA","2019-08-04","","33.0"
"SUBA","2019-08-03","","36.25"
"SUBA","2019-08-02","","37.125"
"SUBA","2019-08-01","","45.95652174"
"SUBA","2019-07-31","","53.25"
"SUBA","2019-07-30","","46.29166667"
"SUBA","2019-07-29","","42.45833333"
"SUBA","2019-07-28","","30.25"
"SUBA","2019-07-27","","41.125"
"SUBA","2019-07-26","","52.54166667"
"SUBA","2019-07-25","","56.08333333"
"SUBA","2019-07-24","","46.625"
"SUBA","2019-07-23","","26.95833333"
"SUBA","2019-07-22","","35.125"
"SUBA","2019-07-21","","25.5"
"SUBA","2019-07-20","","31.19047619"
"SUBA","2019-07-19","","28.33333333"
"SUBA","2019-07-18","","43.56521739"
"SUBA","2019-07-17","","44.29166667"
"SUBA","2019-07-16","","47.125"
"SUBA","2019-07-15","","33.33333333"
"SUBA","2019-07-14","","22.16666667"
"SUBA","2019-07-13","","28.95833333"
"SUBA","2019-07-12","","46.70833333"
"SUBA","2019-07-11","","39.66666667"
"SUBA","2019-07-10","","39.47826087"
"SUBA","2019-07-09","","42.17391304"
"SUBA","2019-07-08","","29.33333333"
"SUBA","2019-07-07","","24.0"
"SUBA","2019-07-06","","34.26086957"
"SUBA","2019-07-05","","49.58333333"
"SUBA","2019-07-04","","62.66666667"
"SUBA","2019-07-03","","42.33333333"
"SUBA","2019-07-02","","33.25"
"SUBA","2019-07-01","","21.20833333"
"SUBA","2019-06-30","","23.375"
"SUBA","2019-06-29","","27.66666667"
"SUBA","2019-06-28","","36.41666667"
"SUBA","2019-06-27","","50.25"
"SUBA","2019-06-26","","36.34782609"
"SUBA","2019-06-25","","30.20833333"
"SUBA","2019-06-24","","24.29166667"
"SUBA","2019-06-23","","24.125"
"SUBA","2019-06-22","","28.41666667"
"SUBA","2019-06-21","","28.08333333"
"SUBA","2019-06-20","","25.83333333"
"SUBA","2019-06-19","","36.95833333"
"SUBA","2019-06-18","","33.375"
"SUBA","2019-06-17","","35.125"
"SUBA","2019-06-16","","26.58333333"
"SUBA","2019-06-15","","35.45833333"
"SUBA","2019-06-14","","29.79166667"
"SUBA","2019-06-13","","35.45833333"
"SUBA","2019-06-12","","29.39130435"
"SUBA","2019-06-11","","27.66666667"
"SUBA","2019-06-10","","24.52173913"
"SUBA","2019-06-09","","32.83333333"
"SUBA","2019-06-08","","36.16666667"
"SUBA","2019-06-07","","31.45833333"
"SUBA","2019-06-06","","36.70833333"
"SUBA","2019-06-05","","28.625"
"SUBA","2019-06-04","","36.13043478"
"SUBA","2019-06-03","","31.0"
"SUBA","2019-06-02","","30.52173913"
"SUBA","2019-06-01","","30.65217391"
"SUBA","2019-05-31","","31.54545455"
"SUBA","2019-05-30","","32.20833333"
"SUBA","2019-05-29","","38.60869565"
"SUBA","2019-05-28","","39.16666667"
"SUBA","2019-05-27","","38.5"
"SUBA","2019-05-26","","30.40909091"
"SUBA","2019-05-25","","37.66666667"
"SUBA","2019-05-24","","33.56521739"
"SUBA","2019-05-23","","37.43478261"
"SUBA","2019-05-22","","44.375"
"SUBA","2019-05-21","","45.04166667"
"SUBA","2019-05-20","","36.27272727"
"SUBA","2019-05-19","","27.625"
"SUBA","2019-05-18","","36.66666667"
"SUBA","2019-05-17","","32.125"
"SUBA","2019-05-16","","44.13043478"
"SUBA","2019-05-15","","35.45833333"
"SUBA","2019-05-14","","30.08695652"
"SUBA","2019-05-13","","29.70833333"
"SUBA","2019-05-12","","28.04166667"
"SUBA","2019-05-11","","37.91666667"
"SUBA","2019-05-10","","36.22727273"
"SUBA","2019-05-09","","34.91666667"
"SUBA","2019-05-08","","47.08333333"
"SUBA","2019-05-07","","44.43478261"
"SUBA","2019-05-06","","44.79166667"
"SUBA","2019-05-05","","28.79166667"
"SUBA","2019-05-04","","38.08333333"
"SUBA","2019-05-03","","52.20833333"
"SUBA","2019-05-02","","65.95652174"
"SUBA","2019-05-01","","43.95833333"
"SUBA","2019-04-30","","49.91666667"
"SUBA","2019-04-29","","34.875"
"SUBA","2019-04-28","","28.375"
"SUBA","2019-04-27","","30.625"
"SUBA","2019-04-26","","36.39130435"
"SUBA","2019-04-25","","38.36363636"
"SUBA","2019-04-24","","37.43478261"
"SUBA","2019-04-23","","38.66666667"
"SUBA","2019-04-22","","30.17391304"
"SUBA","2019-04-21","","23.875"
"SUBA","2019-04-20","","25.04166667"
"SUBA","2019-04-19","","24.69565217"
"SUBA","2019-04-18","","38.52173913"
"SUBA","2019-04-17","","41.20833333"
"SUBA","2019-04-16","","47.25"
"SUBA","2019-04-15","","35.95454545"
"SUBA","2019-04-14","","49.77272727"
"SUBA","2019-04-13","","57.0"
"SUBA","2019-04-12","","57.04347826"
"SUBA","2019-04-11","","53.83333333"
"SUBA","2019-04-10","","54.83333333"
"SUBA","2019-04-09","","64.45454545"
"SUBA","2019-04-08","","56.29166667"
"SUBA","2019-04-07","","45.83333333"
"SUBA","2019-04-06","","40.77272727"
"SUBA","2019-04-05","","47.60869565"
"SUBA","2019-04-04","","37.17391304"
"SUBA","2019-04-03","","40.0"
"SUBA","2019-04-02","","36.125"
"SUBA","2019-04-01","","44.04347826"
"SUBA","2019-03-31","","32.75"
"SUBA","2019-03-30","","43.5"
"SUBA","2019-03-29","","64.5"
"SUBA","2019-03-28","","95.25"
"SUBA","2019-03-27","","85.41666667"
"SUBA","2019-03-26","","70.83333333"
"SUBA","2019-03-25","","52.04166667"
"SUBA","2019-03-24","","54.30434783"
"SUBA","2019-03-23","","36.33333333"
"SUBA","2019-03-22","","39.13043478"
"SUBA","2019-03-21","","47.54166667"
"SUBA","2019-03-20","","48.5"
"SUBA","2019-03-19","","61.79166667"
"SUBA","2019-03-18","","65.39130435"
"SUBA","2019-03-17","","50.5"
"SUBA","2019-03-16","","46.08333333"
"SUBA","2019-03-15","","58.0"
"SUBA","2019-03-14","","65.95652174"
"SUBA","2019-03-13","","63.56521739"
"SUBA","2019-03-12","","64.83333333"
"SUBA","2019-03-11","","44.39130435"
"SUBA","2019-03-10","","30.86363636"
"SUBA","2019-03-09","","51.20833333"
"SUBA","2019-03-08","","71.60869565"
"SUBA","2019-03-07","","70.25"
"SUBA","2019-03-06","","71.0"
"SUBA","2019-03-05","","82.72727273"
"SUBA","2019-03-04","","63.08333333"
"SUBA","2019-03-03","","47.52380952"
"SUBA","2019-03-02","","56.7826087"
"SUBA","2019-03-01","","67.79166667"
"SUBA","2019-02-28","","79.47826087"
"SUBA","2019-02-27","","68.20833333"
"SUBA","2019-02-26","","70.875"
"SUBA","2019-02-25","","49.60869565"
"SUBA","2019-02-24","","39.54545455"
"SUBA","2019-02-23","","62.34782609"
"SUBA","2019-02-22","","68.16666667"
"SUBA","2019-02-21","","60.54166667"
"SUBA","2019-02-20","","53.83333333"
"SUBA","2019-02-19","","57.0"
"SUBA","2019-02-18","","81.79166667"
"SUBA","2019-02-17","","51.04166667"
"SUBA","2019-02-16","","65.17391304"
"SUBA","2019-02-15","","73.33333333"
"SUBA","2019-02-14","","72.66666667"
"SUBA","2019-02-13","","63.875"
"SUBA","2019-02-12","","71.76923077"
"SUBA","2019-02-10","","64.0"
"SUBA","2019-02-09","","55.375"
"SUBA","2019-02-08","","62.95652174"
"SUBA","2019-02-07","","70.875"
"SUBA","2019-02-06","","65.95833333"
"SUBA","2019-02-05","","55.08333333"
"SUBA","2019-02-04","","63.20833333"
"SUBA","2019-02-03","","46.33333333"
"SUBA","2019-02-02","","44.375"
"SUBA","2019-02-01","","47.69565217"
"SUBA","2019-01-31","","66.41666667"
"SUBA","2019-01-30","","68.08333333"
"SUBA","2019-01-29","","52.04347826"
"SUBA","2019-01-28","","56.125"
"SUBA","2019-01-27","","51.54166667"
"SUBA","2019-01-26","","41.375"
"SUBA","2019-01-25","","60.45833333"
"SUBA","2019-01-24","","50.375"
"SUBA","2019-01-23","","64.95833333"
"SUBA","2019-01-22","","57.20833333"
"SUBA","2019-01-21","","55.04166667"
"SUBA","2019-01-20","","34.54166667"
"SUBA","2019-01-19","","50.16666667"
"SUBA","2019-01-18","","52.125"
"SUBA","2019-01-17","","59.5"
"SUBA","2019-01-16","","59.41666667"
"SUBA","2019-01-15","","49.875"
"SUBA","2019-01-14","","37.73913043"
"SUBA","2019-01-13","","48.65217391"
"SUBA","2019-01-12","","69.13043478"
"SUBA","2019-01-11","","46.16666667"
"SUBA","2019-01-10","","31.08695652"
"SUBA","2019-01-09","","52.26086957"
"SUBA","2019-01-08","","40.04166667"
"SUBA","2019-01-07","","43.52173913"
"SUBA","2019-01-06","","45.54545455"
"SUBA","2019-01-05","","43.58333333"
"SUBA","2019-01-04","","47.5"
"SUBA","2019-01-03","","46.91666667"
"SUBA","2019-01-02","","42.17391304"
"SUBA","2019-01-01","","42.47826087"
"SUBA","2018-12-31","","48.375"
"SUBA","2018-12-30","","40.29166667"
"SUBA","2018-12-29","","47.66666667"
"SUBA","2018-12-28","","50.79166667"
"SUBA","2018-12-27","","57.83333333"
"SUBA","2018-12-26","","58.125"
"SUBA","2018-12-25","","50.56521739"
"SUBA","2018-12-24","","54.66666667"
"SUBA","2018-12-23","","46.33333333"
"SUBA","2018-12-22","","45.75"
"SUBA","2018-12-21","","61.29166667"
"SUBA","2018-12-20","","63.375"
"SUBA","2018-12-19","","57.33333333"
"SUBA","2018-12-18","","63.79166667"
"SUBA","2018-12-17","","59.875"
"SUBA","2018-12-16","","43.54166667"
"SUBA","2018-12-15","","46.45833333"
"SUBA","2018-12-14","","55.66666667"
"SUBA","2018-12-12","","37.33333333"
"SUBA","2018-12-11","","55.73913043"
"SUBA","2018-12-10","","54.20833333"
"SUBA","2018-12-09","","46.20833333"
"SUBA","2018-12-08","","53.95833333"
"SUBA","2018-12-07","","51.08333333"
"SUBA","2018-12-06","","64.125"
"SUBA","2018-12-05","","59.375"
"SUBA","2018-12-04","","50.79166667"
"SUBA","2018-12-03","","58.625"
"SUBA","2018-12-02","","39.2173913"
"SUBA","2018-12-01","","47.08695652"
"SUBA","2018-11-30","","59.90909091"
"SUBA","2018-11-29","","60.625"
"SUBA","2018-11-28","","36.95454545"
"SUBA","2018-11-27","","53.0"
"SUBA","2018-11-26","","43.83333333"
"SUBA","2018-11-25","","40.47826087"
"SUBA","2018-11-24","","55.45833333"
"SUBA","2018-11-23","","43.82608696"
"SUBA","2018-11-22","","45.22222222"
"SUBA","2018-11-19","","51.41666667"
"SUBA","2018-11-18","","31.41666667"
"SUBA","2018-11-17","","36.45454545"
"SUBA","2018-11-16","","71.79166667"
"SUBA","2018-11-15","","57.75"
"SUBA","2018-11-14","","50.29166667"
"SUBA","2018-11-13","","55.41666667"
"SUBA","2018-11-12","","29.20833333"
"SUBA","2018-11-11","","39.72727273"
"SUBA","2018-11-10","","31.71428571"
"SUBA","2018-11-09","","39.34782609"
"SUBA","2018-11-08","","40.81818182"
"SUBA","2018-11-07","","50.20833333"
"SUBA","2018-11-06","","35.83333333"
"SUBA","2018-11-05","","26.70833333"
"SUBA","2018-11-04","","32.08695652"
"SUBA","2018-11-03","","40.08333333"
"SUBA","2018-11-02","","58.83333333"
"SUBA","2018-11-01","","50.29166667"
"SUBA","2018-10-31","","55.0"
"SUBA","2018-10-30","","50.42857143"
"SUBA","2018-10-27","","32.7"
"SUBA","2018-10-26","","37.375"
"SUBA","2018-10-25","","38.125"
"SUBA","2018-10-24","","37.17391304"
"SUBA","2018-10-23","","20.34782609"
"SUBA","2018-10-22","","32.91666667"
"SUBA","2018-10-21","","23.91304348"
"SUBA","2018-10-20","","52.17391304"
"SUBA","2018-10-19","","49.375"
"SUBA","2018-10-15","","34.0"
"SUBA","2018-10-14","","36.08333333"
"SUBA","2018-10-13","","54.29166667"
"SUBA","2018-10-12","","49.29166667"
"SUBA","2018-10-11","","34.66666667"
"SUBA","2018-10-10","","39.875"
"SUBA","2018-10-09","","30.625"
"SUBA","2018-10-08","","31.33333333"
"SUBA","2018-10-07","","41.45833333"
"SUBA","2018-10-06","","24.0"
"SUBA","2018-10-05","","47.875"
"SUBA","2018-10-04","","45.16666667"
"SUBA","2018-10-03","","44.54166667"
"SUBA","2018-10-02","","34.75"
"SUBA","2018-10-01","","39.83333333"
"SUBA","2018-09-30","","32.08333333"
"SUBA","2018-09-29","","31.20833333"
"SUBA","2018-09-28","","54.0"
"SUBA","2018-09-27","","51.375"
"SUBA","2018-09-26","","46.95833333"
"SUBA","2018-09-25","","55.95833333"
"SUBA","2018-09-24","","47.83333333"
"SUBA","2018-09-23","","36.79166667"
"SUBA","2018-09-22","","41.34782609"
"SUBA","2018-09-21","","53.0"
"SUBA","2018-09-20","","48.79166667"
"SUBA","2018-09-19","","53.125"
"SUBA","2018-09-18","","49.875"
"SUBA","2018-09-17","","45.0"
"SUBA","2018-09-16","","31.56521739"
"SUBA","2018-09-15","","37.69565217"
"SUBA","2018-09-14","","35.75"
"SUBA","2018-09-13","","42.91666667"
"SUBA","2018-09-12","","58.52173913"
"SUBA","2018-09-11","","46.08333333"
"SUBA","2018-09-10","","47.5"
"SUBA","2018-09-09","","35.66666667"
"SUBA","2018-09-08","","31.08333333"
"SUBA","2018-09-07","","31.25"
"SUBA","2018-09-06","","37.91666667"
"SUBA","2018-09-05","","33.375"
"SUBA","2018-09-04","","39.04166667"
"SUBA","2018-09-03","","48.125"
"SUBA","2018-09-02","","43.5"
"SUBA","2018-09-01","","54.39130435"
"SUBA","2018-08-31","","60.20833333"
"SUBA","2018-08-30","","45.91666667"
"SUBA","2018-08-29","","44.54166667"
"SUBA","2018-08-28","","48.75"
"SUBA","2018-08-27","","44.33333333"
"SUBA","2018-08-26","","34.56521739"
"SUBA","2018-08-25","","46.56521739"
"SUBA","2018-08-24","","37.26086957"
"SUBA","2018-08-23","","55.08695652"
"SUBA","2018-08-22","","40.82608696"
"SUBA","2018-08-21","","42.0"
"SUBA","2018-08-20","","39.81818182"
"SUBA","2018-08-19","","44.08695652"
"SUBA","2018-08-18","","48.04347826"
"SUBA","2018-08-17","","50.59090909"
"SUBA","2018-08-16","","59.29166667"
"SUBA","2018-08-15","","45.95833333"
"SUBA","2018-08-14","","41.5"
"SUBA","2018-08-13","","46.5"
"SUBA","2018-08-12","","40.5"
"SUBA","2018-08-11","","47.79166667"
"SUBA","2018-08-10","","55.08333333"
"SUBA","2018-08-09","","43.91666667"
"SUBA","2018-08-08","","40.95833333"
"SUBA","2018-08-07","","44.54545455"
"SUBA","2018-08-06","","53.91666667"
"SUBA","2018-08-05","","39.59090909"
"SUBA","2018-08-04","","38.39130435"
"SUBA","2018-08-03","","54.58333333"
"SUBA","2018-08-02","","47.58333333"
"SUBA","2018-08-01","","44.0"
"SUBA","2018-07-31","","51.04347826"
"SUBA","2018-07-30","","41.26086957"
"SUBA","2018-07-29","","37.60869565"
"SUBA","2018-07-28","","37.875"
"SUBA","2018-07-27","","39.29166667"
"SUBA","2018-07-26","","42.5"
"SUBA","2018-07-25","","43.375"
"SUBA","2018-07-24","","36.91666667"
"SUBA","2018-07-23","","62.08333333"
"SUBA","2018-07-22","","59.33333333"
"SUBA","2018-07-21","","50.875"
"SUBA","2018-07-20","","39.0"
"SUBA","2018-07-19","","38.75"
"SUBA","2018-07-18","","41.75"
"SUBA","2018-07-17","","31.5"
"SUBA","2018-07-16","","33.54166667"
"SUBA","2018-07-15","","31.20833333"
"SUBA","2018-07-14","","41.04166667"
"SUBA","2018-07-13","","44.5"
"SUBA","2018-07-12","","39.16666667"
"SUBA","2018-07-11","","39.125"
"SUBA","2018-07-10","","38.33333333"
"SUBA","2018-07-09","","36.23809524"
"SUBA","2018-07-08","","35.41666667"
"SUBA","2018-07-07","","35.58333333"
"SUBA","2018-07-06","","41.70833333"
"SUBA","2018-07-05","","42.04166667"
"SUBA","2018-07-04","","26.375"
"SUBA","2018-07-01","","40.2"
"SUBA","2018-06-30","","51.375"
"SUBA","2018-06-29","","61.70833333"
"SUBA","2018-06-28","","35.04166667"
"SUBA","2018-06-27","","40.83333333"
"SUBA","2018-06-26","","40.375"
"SUBA","2018-06-25","","31.79166667"
"SUBA","2018-06-24","","25.41666667"
"SUBA","2018-06-23","","35.43478261"
"SUBA","2018-06-22","","35.45833333"
"SUBA","2018-06-21","","39.66666667"
"SUBA","2018-06-20","","31.52173913"
"SUBA","2018-06-19","","35.91666667"
"SUBA","2018-06-18","","38.0"
"SUBA","2018-06-17","","32.0"
"SUBA","2018-06-16","","32.54166667"
"SUBA","2018-06-15","","45.5"
"SUBA","2018-06-14","","38.29166667"
"SUBA","2018-06-13","","45.66666667"
"SUBA","2018-06-12","","45.75"
"SUBA","2018-06-11","","30.54166667"
"SUBA","2018-06-10","","34.25"
"SUBA","2018-06-09","","41.70833333"
"SUBA","2018-06-08","","39.83333333"
"SUBA","2018-06-07","","47.125"
"SUBA","2018-06-06","","48.66666667"
"SUBA","2018-06-05","","35.91666667"
"SUBA","2018-06-04","","27.375"
"SUBA","2018-06-03","","30.58333333"
"SUBA","2018-06-02","","47.45833333"
"SUBA","2018-06-01","","52.66666667"
"SUBA","2018-05-31","","58.0"
"SUBA","2018-05-30","","44.08333333"
"SUBA","2018-05-29","","42.58333333"
"SUBA","2018-05-28","","42.875"
"SUBA","2018-05-27","","34.70833333"
"SUBA","2018-05-26","","47.20833333"
"SUBA","2018-05-25","","50.0"
"SUBA","2018-05-24","","36.04166667"
"SUBA","2018-05-23","","36.16666667"
"SUBA","2018-05-22","","57.04166667"
"SUBA","2018-05-21","","46.41666667"
"SUBA","2018-05-20","","33.08333333"
"SUBA","2018-05-19","","55.70833333"
"SUBA","2018-05-18","","61.29166667"
"SUBA","2018-05-17","","61.95833333"
"SUBA","2018-05-16","","44.25"
"SUBA","2018-05-15","","29.45833333"
"SUBA","2018-05-14","","27.375"
"SUBA","2018-05-13","","27.04166667"
"SUBA","2018-05-12","","41.70833333"
"SUBA","2018-05-11","","37.20833333"
"SUBA","2018-05-10","","36.41666667"
"SUBA","2018-05-09","","30.58333333"
"SUBA","2018-05-08","","31.08333333"
"SUBA","2018-05-07","","38.5"
"SUBA","2018-05-06","","29.25"
"SUBA","2018-05-05","","40.95238095"
"SUBA","2018-05-04","","43.70833333"
"SUBA","2018-05-03","","36.91666667"
"SUBA","2018-05-02","","35.65217391"
"SUBA","2018-05-01","","47.90909091"
"SUBA","2018-04-30","","54.375"
"SUBA","2018-04-29","","50.66666667"
"SUBA","2018-04-28","","41.91666667"
"SUBA","2018-04-27","","49.68181818"
"SUBA","2018-04-26","","33.25"
"SUBA","2018-04-25","","54.39130435"
"SUBA","2018-04-24","","54.66666667"
"SUBA","2018-04-23","","45.86956522"
"SUBA","2018-04-22","","39.27272727"
"SUBA","2018-04-21","","53.625"
"SUBA","2018-04-20","","51.13636364"
"SUBA","2018-04-19","","53.15"
"SUBA","2018-04-18","","45.33333333"
"SUBA","2018-04-17","","48.41666667"
"SUBA","2018-04-16","","52.08333333"
"SUBA","2018-04-15","","37.95652174"
"SUBA","2018-04-14","","36.91304348"
"SUBA","2018-04-13","","51.08695652"
"SUBA","2018-04-12","","39.2173913"
"SUBA","2018-04-11","","43.0"
"SUBA","2018-04-10","","44.26086957"
"SUBA","2018-04-09","","49.0"
"SUBA","2018-04-08","","41.95454545"
"SUBA","2018-04-07","","43.125"
"SUBA","2018-04-06","","37.7826087"
"SUBA","2018-04-05","","37.53333333"
"SUBA","2018-04-04","","36.8"
"SUBA","2018-04-03","","45.04761905"
"SUBA","2018-04-02","","34.60869565"
"SUBA","2018-04-01","","30.2173913"
"SUBA","2018-03-31","","31.22727273"
"SUBA","2018-03-30","","31.26086957"
"SUBA","2018-03-29","","29.13043478"
"SUBA","2018-03-28","","52.18181818"
"SUBA","2018-03-27","","62.56521739"
"SUBA","2018-03-26","","55.41666667"
"SUBA","2018-03-25","","50.0952381"
"SUBA","2018-03-24","","47.25"
"SUBA","2018-03-23","","60.0"
"SUBA","2018-03-22","","66.625"
"SUBA","2018-03-21","","72.60869565"
"SUBA","2018-03-20","","54.5"
"SUBA","2018-03-19","","47.22727273"
"SUBA","2018-03-18","","57.0"
"SUBA","2018-03-17","","60.29166667"
"SUBA","2018-03-16","","63.34782609"
"SUBA","2018-03-15","","76.04166667"
"SUBA","2018-03-14","","63.45833333"
"SUBA","2018-03-13","","58.08333333"
"SUBA","2018-03-12","","54.875"
"SUBA","2018-03-11","","41.125"
"SUBA","2018-03-10","","45.04166667"
"SUBA","2018-03-09","","36.875"
"SUBA","2018-03-08","","38.68181818"
"SUBA","2018-03-07","","41.60869565"
"SUBA","2018-03-06","","43.66666667"
"SUBA","2018-03-05","","51.04545455"
"SUBA","2018-03-04","","59.95652174"
"SUBA","2018-03-03","","68.7826087"
"SUBA","2018-03-02","","65.54166667"
"SUBA","2018-03-01","","78.29166667"
"SUBA","2018-02-28","","64.60869565"
"SUBA","2018-02-27","","69.90909091"
"SUBA","2018-02-26","","54.09090909"
"SUBA","2018-02-25","","46.9047619"
"SUBA","2018-02-24","","52.33333333"
"SUBA","2018-02-23","","66.63636364"
"SUBA","2018-02-22","","59.28571429"
"SUBA","2018-02-21","","63.79166667"
"SUBA","2018-02-20","","57.41666667"
"SUBA","2018-02-19","","50.16666667"
"SUBA","2018-02-18","","45.95"
"SUBA","2018-02-17","","46.26086957"
"SUBA","2018-02-16","","49.52173913"
"SUBA","2018-02-15","","41.60869565"
"SUBA","2018-02-14","","66.34782609"
"SUBA","2018-02-13","","76.91666667"
"SUBA","2018-02-12","","64.375"
"SUBA","2018-02-11","","50.75"
"SUBA","2018-02-10","","50.91666667"
"SUBA","2018-02-09","","64.95652174"
"SUBA","2018-02-08","","72.33333333"
"SUBA","2018-02-07","","61.79166667"
"SUBA","2018-02-06","","82.16666667"
"SUBA","2018-02-05","","74.47826087"
"SUBA","2018-02-04","","50.04166667"
"SUBA","2018-02-03","","68.20833333"
"SUBA","2018-02-02","","74.5"
"SUBA","2018-02-01","","60.17391304"
"SUBA","2018-01-31","","59.95833333"
"SUBA","2018-01-30","","64.95833333"
"SUBA","2018-01-29","","45.45833333"
"SUBA","2018-01-28","","42.04347826"
"SUBA","2018-01-27","","60.43478261"
"SUBA","2018-01-26","","62.79166667"
"SUBA","2018-01-25","","59.08333333"
"SUBA","2018-01-24","","56.70833333"
"SUBA","2018-01-23","","53.08333333"
"SUBA","2018-01-22","","60.0"
"SUBA","2018-01-21","","40.0"
"SUBA","2018-01-20","","54.2173913"
"SUBA","2018-01-19","","47.66666667"
"SUBA","2018-01-18","","37.375"
"SUBA","2018-01-17","","42.90909091"
"SUBA","2018-01-16","","45.41666667"
"SUBA","2018-01-15","","42.47826087"
"SUBA","2018-01-14","","43.26086957"
"SUBA","2018-01-13","","49.25"
"SUBA","2018-01-12","","45.125"
"SUBA","2018-01-11","","49.08333333"
"SUBA","2018-01-10","","46.5"
"SUBA","2018-01-09","","45.13043478"
"SUBA","2018-01-08","","44.26086957"
"SUBA","2018-01-07","","35.08695652"
"SUBA","2018-01-06","","32.86956522"
"SUBA","2018-01-05","","49.23809524"
"SUBA","2018-01-04","","46.09090909"
"SUBA","2018-01-03","","44.86956522"
"SUBA","2018-01-02","","34.125"
"SUBA","2018-01-01","","37.66666667"
"SUBA","2017-12-31","","34.66666667"
"SUBA","2017-12-30","","42.41666667"
"SUBA","2017-12-29","","36.69565217"
"SUBA","2017-12-28","","39.375"
"SUBA","2017-12-27","","41.84615385"
"SUBA","2017-12-22","","56.82608696"
"SUBA","2017-12-21","","78.91666667"
"SUBA","2017-12-20","","73.29166667"
"SUBA","2017-12-19","","71.73913043"
"SUBA","2017-12-18","","61.33333333"
"SUBA","2017-12-17","","48.66666667"
"SUBA","2017-12-16","","65.33333333"
"SUBA","2017-12-15","","66.75"
"SUBA","2017-12-14","","46.33333333"
"SUBA","2017-12-13","","45.29166667"
"SUBA","2017-12-12","","50.20833333"
"SUBA","2017-12-11","","37.75"
"SUBA","2017-12-10","","43.95833333"
"SUBA","2017-12-09","","51.75"
"SUBA","2017-12-08","","61.45833333"
"SUBA","2017-12-07","","70.58333333"
"SUBA","2017-12-06","","61.04166667"
"SUBA","2017-12-05","","66.70833333"
"SUBA","2017-12-04","","50.5"
"SUBA","2017-12-03","","34.83333333"
"SUBA","2017-12-02","","51.20833333"
"SUBA","2017-12-01","","59.39130435"
"SUBA","2017-11-30","","58.79166667"
"SUBA","2017-11-29","","58.375"
"SUBA","2017-11-28","","64.0"
"SUBA","2017-11-27","","54.75"
"SUBA","2017-11-26","","40.95833333"
"SUBA","2017-11-25","","47.0"
"SUBA","2017-11-24","","51.375"
"SUBA","2017-11-23","","59.0"
"SUBA","2017-11-22","","59.125"
"SUBA","2017-11-21","","49.17391304"
"SUBA","2017-11-20","","41.625"
"SUBA","2017-11-19","","44.81818182"
"SUBA","2017-11-18","","49.43478261"
"SUBA","2017-11-17","","51.39130435"
"SUBA","2017-11-16","","43.125"
"SUBA","2017-11-15","","46.66666667"
"SUBA","2017-11-14","","54.0"
"SUBA","2017-11-13","","43.0"
"SUBA","2017-11-12","","47.625"
"SUBA","2017-11-11","","45.17391304"
"SUBA","2017-11-10","","54.58333333"
"SUBA","2017-11-09","","61.95833333"
"SUBA","2017-11-08","","48.04166667"
"SUBA","2017-11-07","","50.16666667"
"SUBA","2017-11-06","","46.70833333"
"SUBA","2017-11-05","","50.08333333"
"SUBA","2017-11-04","","60.625"
"SUBA","2017-11-03","","55.33333333"
"SUBA","2017-11-02","","54.125"
"SUBA","2017-11-01","","49.29166667"
"SUBA","2017-10-31","","47.29166667"
"SUBA","2017-10-30","","40.41666667"
"SUBA","2017-10-29","","29.41666667"
"SUBA","2017-10-28","","43.65217391"
"SUBA","2017-10-27","","57.375"
"SUBA","2017-10-26","","60.29166667"
"SUBA","2017-10-25","","64.41666667"
"SUBA","2017-10-24","","66.33333333"
"SUBA","2017-10-23","","60.5"
"SUBA","2017-10-22","","38.16666667"
"SUBA","2017-10-21","","53.375"
"SUBA","2017-10-20","","77.5"
"SUBA","2017-10-19","","67.82608696"
"SUBA","2017-10-18","","45.83333333"
"SUBA","2017-10-17","","53.95833333"
"SUBA","2017-10-16","","28.54166667"
"SUBA","2017-10-15","","38.125"
"SUBA","2017-10-14","","44.29166667"
"SUBA","2017-10-13","","49.16666667"
"SUBA","2017-10-12","","51.66666667"
"SUBA","2017-10-11","","44.45833333"
"SUBA","2017-10-10","","52.83333333"
"SUBA","2017-10-09","","53.125"
"SUBA","2017-10-08","","43.04166667"
"SUBA","2017-10-07","","47.83333333"
"SUBA","2017-10-06","","51.375"
"SUBA","2017-10-05","","42.41666667"
"SUBA","2017-10-04","","43.875"
"SUBA","2017-10-03","","48.26086957"
"SUBA","2017-10-02","","42.04166667"
"SUBA","2017-10-01","","44.125"
"SUBA","2017-09-30","","40.54166667"
"SUBA","2017-09-29","","40.26086957"
"SUBA","2017-09-28","","59.125"
"SUBA","2017-09-27","","59.20833333"
"SUBA","2017-09-26","","67.70833333"
"SUBA","2017-09-25","","51.54166667"
"SUBA","2017-09-24","","35.58333333"
"SUBA","2017-09-23","","51.79166667"
"SUBA","2017-09-22","","68.625"
"SUBA","2017-09-21","","62.58333333"
"SUBA","2017-09-20","","55.79166667"
"SUBA","2017-09-19","","60.625"
"SUBA","2017-09-18","","39.0"
"SUBA","2017-09-17","","37.79166667"
"SUBA","2017-09-16","","55.625"
"SUBA","2017-09-15","","54.60869565"
"SUBA","2017-09-14","","54.26086957"
"SUBA","2017-09-13","","51.16666667"
"SUBA","2017-09-12","","63.66666667"
"SUBA","2017-09-11","","40.91666667"
"SUBA","2017-09-10","","38.45833333"
"SUBA","2017-09-09","","43.83333333"
"SUBA","2017-09-08","","58.91666667"
"SUBA","2017-09-07","","55.75"
"SUBA","2017-09-06","","59.125"
"SUBA","2017-09-05","","63.25"
"SUBA","2017-09-04","","57.125"
"SUBA","2017-09-03","","37.41666667"
"SUBA","2017-09-02","","39.58333333"
"SUBA","2017-09-01","","65.75"
"SUBA","2017-08-31","","50.83333333"
"SUBA","2017-08-30","","37.875"
"SUBA","2017-08-29","","55.66666667"
"SUBA","2017-08-28","","53.91666667"
"SUBA","2017-08-27","","45.25"
"SUBA","2017-08-26","","51.08333333"
"SUBA","2017-08-25","","48.25"
"SUBA","2017-08-24","","41.125"
"SUBA","2017-08-23","","60.95833333"
"SUBA","2017-08-22","","39.45833333"
"SUBA","2017-08-21","","33.66666667"
"SUBA","2017-08-20","","39.375"
"SUBA","2017-08-19","","33.33333333"
"SUBA","2017-08-18","","72.375"
"SUBA","2017-08-17","","67.95833333"
"SUBA","2017-08-16","","44.95833333"
"SUBA","2017-08-15","","79.45833333"
"SUBA","2017-08-14","","56.08333333"
"SUBA","2017-08-13","","31.375"
"SUBA","2017-08-12","","45.0"
"SUBA","2017-08-11","","59.29166667"
"SUBA","2017-08-10","","49.375"
"SUBA","2017-08-09","","36.04166667"
"SUBA","2017-08-08","","48.54166667"
"SUBA","2017-08-07","","37.58333333"
"SUBA","2017-08-06","","38.58333333"
"SUBA","2017-08-05","","39.16666667"
"SUBA","2017-08-04","","38.875"
"SUBA","2017-08-03","","69.125"
"SUBA","2017-08-02","","90.41666667"
"SUBA","2017-08-01","","63.66666667"
"SUBA","2017-07-31","","48.25"
"SUBA","2017-07-30","","28.45833333"
"SUBA","2017-07-29","","40.875"
"SUBA","2017-07-28","","41.83333333"
"SUBA","2017-07-27","","50.0"
"SUBA","2017-07-26","","51.54166667"
"SUBA","2017-07-25","","37.45833333"
"SUBA","2017-07-24","","40.56521739"
"SUBA","2017-07-23","","32.16666667"
"SUBA","2017-07-22","","37.41666667"
"SUBA","2017-07-21","","45.375"
"SUBA","2017-07-20","","28.91666667"
"SUBA","2017-07-19","","34.33333333"
"SUBA","2017-07-18","","37.16666667"
"SUBA","2017-07-17","","45.79166667"
"SUBA","2017-07-16","","43.91666667"
"SUBA","2017-07-15","","58.20833333"
"SUBA","2017-07-14","","61.25"
"SUBA","2017-07-13","","40.70833333"
"SUBA","2017-07-12","","37.125"
"SUBA","2017-07-11","","43.5"
"SUBA","2017-07-10","","35.91666667"
"SUBA","2017-07-09","","26.16666667"
"SUBA","2017-07-08","","39.58333333"
"SUBA","2017-07-07","","43.20833333"
"SUBA","2017-07-06","","34.29166667"
"SUBA","2017-07-05","","44.29166667"
"SUBA","2017-07-04","","40.375"
"SUBA","2017-07-03","","27.13043478"
"SUBA","2017-07-02","","23.39130435"
"SUBA","2017-07-01","","27.875"
"SUBA","2017-06-30","","33.625"
"SUBA","2017-06-29","","57.16666667"
"SUBA","2017-06-28","","51.70833333"
"SUBA","2017-06-27","","37.95833333"
"SUBA","2017-06-26","","36.95833333"
"SUBA","2017-06-25","","32.75"
"SUBA","2017-06-24","","41.375"
"SUBA","2017-06-23","","35.79166667"
"SUBA","2017-06-22","","33.33333333"
"SUBA","2017-06-21","","37.91666667"
"SUBA","2017-06-20","","37.125"
"SUBA","2017-06-19","","31.875"
"SUBA","2017-06-18","","42.08333333"
"SUBA","2017-06-17","","58.79166667"
"SUBA","2017-06-16","","56.79166667"
"SUBA","2017-06-15","","43.16666667"
"SUBA","2017-06-14","","47.08333333"
"SUBA","2017-06-13","","43.75"
"SUBA","2017-06-12","","38.125"
"SUBA","2017-06-11","","34.91666667"
"SUBA","2017-06-10","","43.70833333"
"SUBA","2017-06-09","","52.625"
"SUBA","2017-06-08","","55.91666667"
"SUBA","2017-06-07","","46.75"
"SUBA","2017-06-06","","59.29166667"
"SUBA","2017-06-05","","47.33333333"
"SUBA","2017-06-04","","33.08333333"
"SUBA","2017-06-03","","52.54166667"
"SUBA","2017-06-02","","63.29166667"
"SUBA","2017-06-01","","56.25"
"SUBA","2017-05-31","","59.54166667"
"SUBA","2017-05-30","","50.43478261"
"SUBA","2017-05-29","","43.79166667"
"SUBA","2017-05-28","","43.66666667"
"SUBA","2017-05-27","","58.125"
"SUBA","2017-05-26","","57.20833333"
"SUBA","2017-05-25","","51.625"
"SUBA","2017-05-24","","50.125"
"SUBA","2017-05-23","","46.95833333"
"SUBA","2017-05-22","","49.54166667"
"SUBA","2017-05-21","","45.7826087"
"SUBA","2017-05-20","","60.83333333"
"SUBA","2017-05-19","","65.63636364"
"SUBA","2017-05-18","","53.59090909"
"SUBA","2017-05-17","","53.2173913"
"SUBA","2017-05-16","","55.375"
"SUBA","2017-05-15","","41.66666667"
"SUBA","2017-05-02","","41.92857143"
"SUBA","2017-05-01","","38.81818182"
"SUBA","2017-04-30","","38.81818182"
"SUBA","2017-04-29","","51.20833333"
"SUBA","2017-04-28","","53.29166667"
"SUBA","2017-04-27","","60.60869565"
"SUBA","2017-04-26","","69.91666667"
"SUBA","2017-04-21","","43.14285714"
"SUBA","2017-04-20","","58.625"
"SUBA","2017-04-19","","43.875"
"SUBA","2017-04-18","","45.86956522"
"SUBA","2017-04-17","","40.83333333"
"SUBA","2017-04-16","","29.86363636"
"SUBA","2017-04-15","","32.82608696"
"SUBA","2017-04-14","","26.39130435"
"SUBA","2017-04-13","","38.70833333"
"SUBA","2017-04-12","","49.95833333"
"SUBA","2017-04-11","","67.70833333"
"SUBA","2017-04-10","","49.43478261"
"SUBA","2017-04-09","","41.16666667"
"SUBA","2017-04-08","","65.625"
"SUBA","2017-04-07","","83.33333333"
"SUBA","2017-04-06","","83.75"
"SUBA","2017-04-05","","80.33333333"
"SUBA","2017-04-04","","78.125"
"SUBA","2017-04-03","","59.625"
"SUBA","2017-03-11","","36.75"
"SUBA","2017-03-10","","46.04166667"
"SUBA","2017-03-09","","48.5"
"SUBA","2017-03-08","","37.0"
"SUBA","2017-03-07","","48.70833333"
"SUBA","2017-03-06","","54.58333333"
"SUBA","2017-03-05","","41.41666667"
"SUBA","2017-03-04","","54.58333333"
"SUBA","2017-03-03","","52.29166667"
"SUBA","2017-03-02","","53.54166667"
"SUBA","2017-03-01","","39.66666667"
"SUBA","2017-02-28","","55.29166667"
"SUBA","2017-02-27","","52.0"
"SUBA","2017-02-26","","37.41666667"
"SUBA","2017-02-25","","42.83333333"
"SUBA","2017-02-24","","59.20833333"
"SUBA","2017-02-23","","69.09090909"
"SUBA","2017-02-22","","59.58333333"
"SUBA","2017-02-21","","67.08333333"
"SUBA","2017-02-20","","64.41666667"
"SUBA","2017-02-19","","55.625"
"SUBA","2017-02-18","","57.66666667"
"SUBA","2017-02-17","","44.25"
"SUBA","2017-02-16","","62.5"
"SUBA","2017-02-15","","56.42857143"
"SUBA","2017-02-13","","43.0"
"SUBA","2017-02-12","","49.08333333"
"SUBA","2017-02-11","","68.66666667"
"SUBA","2017-02-10","","57.375"
"SUBA","2017-02-09","","76.25"
"SUBA","2017-02-08","","77.04166667"
"SUBA","2017-02-07","","72.0"
"SUBA","2017-02-06","","73.54166667"
"SUBA","2017-02-05","","54.66666667"
"SUBA","2017-02-04","","60.58333333"
"SUBA","2017-02-03","","69.125"
"SUBA","2017-02-02","","74.16666667"
"SUBA","2017-02-01","","85.83333333"
"SUBA","2017-01-31","","65.79166667"
"SUBA","2017-01-30","","60.29166667"
"SUBA","2017-01-29","","42.17391304"
"SUBA","2017-01-28","","52.54166667"
"SUBA","2017-01-27","","57.91304348"
"SUBA","2017-01-26","","36.69565217"
"SUBA","2017-01-25","","61.95833333"
"SUBA","2017-01-24","","66.16666667"
"SUBA","2017-01-23","","70.95833333"
"SUBA","2017-01-22","","49.47826087"
"SUBA","2017-01-21","","51.25"
"SUBA","2017-01-20","","58.70833333"
"SUBA","2017-01-19","","52.25"
"SUBA","2017-01-18","","46.5"
"SUBA","2017-01-14","","41.20833333"
"SUBA","2017-01-13","","57.20833333"
"SUBA","2017-01-12","","53.14285714"
"SUBA","2017-01-11","","49.73913043"
"SUBA","2017-01-10","","42.41666667"
"SUBA","2017-01-09","","42.20833333"
"SUBA","2017-01-08","","32.79166667"
"SUBA","2017-01-07","","44.70833333"
"SUBA","2017-01-06","","39.70833333"
"SUBA","2017-01-05","","51.75"
"SUBA","2017-01-04","","56.45833333"
"SUBA","2017-01-03","","48.625"
"SUBA","2017-01-02","","36.43478261"
"SUBA","2017-01-01","","30.26086957"
"SUBA","2016-12-31","","32.08333333"
"SUBA","2016-12-30","","39.79166667"
"SUBA","2016-12-29","","49.41666667"
"SUBA","2016-12-28","","40.83333333"
"SUBA","2016-12-27","","46.39130435"
"SUBA","2016-12-26","","46.75"
"SUBA","2016-12-25","","45.91666667"
"SUBA","2016-12-24","","44.29166667"
"SUBA","2016-12-23","","50.75"
"SUBA","2016-12-22","","43.5"
"SUBA","2016-12-21","","41.875"
"SUBA","2016-12-20","","68.45833333"
"SUBA","2016-12-19","","60.75"
"SUBA","2016-12-18","","46.70833333"
"SUBA","2016-12-17","","61.0"
"SUBA","2016-12-16","","82.20833333"
"SUBA","2016-12-15","","69.0"
"SUBA","2016-12-14","","63.625"
"SUBA","2016-12-13","","63.83333333"
"SUBA","2016-12-12","","59.04166667"
"SUBA","2016-12-11","","41.04166667"
"SUBA","2016-12-10","","37.0"
"SUBA","2016-12-09","","55.16666667"
"SUBA","2016-12-08","","54.08333333"
"SUBA","2016-12-07","","66.70833333"
"SUBA","2016-12-06","","61.75"
"SUBA","2016-12-05","","50.75"
"SUBA","2016-12-04","","31.75"
"SUBA","2016-12-03","","33.45833333"
"SUBA","2016-12-02","","37.5"
"SUBA","2016-12-01","","49.91304348"
"SUBA","2016-11-30","","38.91304348"
"SUBA","2016-11-29","","43.30434783"
"SUBA","2016-11-28","","40.54545455"
"SUBA","2016-11-27","","38.04545455"
"SUBA","2016-11-26","","37.18181818"
"SUBA","2016-11-25","","53.95652174"
"SUBA","2016-11-24","","62.41666667"
"SUBA","2016-11-23","","49.58333333"
"SUBA","2016-11-22","","60.20833333"
"SUBA","2016-11-21","","46.83333333"
"SUBA","2016-11-20","","33.28571429"
"SUBA","2016-11-19","","42.14285714"
"SUBA","2016-11-18","","38.83333333"
"SUBA","2016-11-17","","33.30434783"
"SUBA","2016-11-16","","34.42857143"
"SUBA","2016-11-15","","25.1"
"SUBA","2016-11-14","","32.91304348"
"SUBA","2016-11-13","","37.91304348"
"SUBA","2016-11-12","","43.0"
"SUBA","2016-11-11","","29.28571429"
"SUBA","2016-11-10","","41.16666667"
"SUBA","2016-11-09","","43.54166667"
"SUBA","2016-11-08","","41.56521739"
"SUBA","2016-11-07","","41.59090909"
"SUBA","2016-11-06","","36.39130435"
"SUBA","2016-11-05","","42.875"
"SUBA","2016-11-04","","47.875"
"SUBA","2016-11-03","","56.5"
"SUBA","2016-11-02","","41.83333333"
"SUBA","2016-11-01","","43.30434783"
"SUBA","2016-10-31","","38.83333333"
"SUBA","2016-10-30","","33.86956522"
"SUBA","2016-10-29","","33.70833333"
"SUBA","2016-10-28","","58.75"
"SUBA","2016-10-27","","51.57142857"
"SUBA","2016-10-26","","38.82608696"
"SUBA","2016-10-25","","42.54166667"
"SUBA","2016-10-24","","52.75"
"SUBA","2016-10-23","","37.66666667"
"SUBA","2016-10-22","","57.25"
"SUBA","2016-10-21","","59.79166667"
"SUBA","2016-10-20","","61.125"
"SUBA","2016-10-19","","55.13043478"
"SUBA","2016-10-18","","40.16666667"
"SUBA","2016-10-17","","34.65217391"
"SUBA","2016-10-16","","32.79166667"
"SUBA","2016-10-15","","29.25"
"SUBA","2016-10-14","","30.41176471"
"SUBA","2016-10-13","","35.875"
"SUBA","2016-10-12","","43.5"
"SUBA","2016-10-11","","49.625"
"SUBA","2016-10-10","","40.29166667"
"SUBA","2016-10-09","","28.0"
"SUBA","2016-10-08","","34.83333333"
"SUBA","2016-10-07","","45.20833333"
"SUBA","2016-10-06","","40.125"
"SUBA","2016-10-05","","44.91304348"
"SUBA","2016-10-04","","51.33333333"
"SUBA","2016-10-03","","54.25"
"SUBA","2016-10-02","","28.41666667"
"SUBA","2016-10-01","","31.26086957"
"SUBA","2016-09-30","","57.20833333"
"SUBA","2016-09-29","","66.91666667"
"SUBA","2016-09-28","","63.41666667"
"SUBA","2016-09-27","","62.58333333"
"SUBA","2016-09-26","","41.07692308"
"SUBA","2016-08-23","","70.0"
"SUBA","2016-08-22","","45.45833333"
"SUBA","2016-08-21","","42.91666667"
"SUBA","2016-08-20","","54.375"
"SUBA","2016-08-19","","66.75"
"SUBA","2016-08-15","","36.78571429"
"SUBA","2016-08-14","","40.33333333"
"SUBA","2016-08-13","","45.875"
"SUBA","2016-08-12","","63.875"
"SUBA","2016-08-11","","53.66666667"
"SUBA","2016-08-10","","44.0"
"SUBA","2016-08-09","","50.83333333"
"SUBA","2016-08-08","","48.75"
"SUBA","2016-08-07","","42.5"
"SUBA","2016-08-06","","55.83333333"
"SUBA","2016-08-05","","75.5"
"SUBA","2016-08-04","","55.54166667"
"SUBA","2016-08-03","","47.70833333"
"SUBA","2016-08-02","","45.20833333"
"SUBA","2016-08-01","","51.95833333"
"SUBA","2016-07-31","","37.0"
"SUBA","2016-07-30","","54.70833333"
"SUBA","2016-07-29","","55.625"
"SUBA","2016-07-28","","42.16666667"
"SUBA","2016-07-27","","41.58333333"
"SUBA","2016-07-26","","53.45833333"
"SUBA","2016-07-25","","47.625"
"SUBA","2016-07-24","","42.91666667"
"SUBA","2016-07-23","","43.875"
"SUBA","2016-07-22","","43.375"
"SUBA","2016-07-21","","41.125"
"SUBA","2016-07-20","","33.66666667"
"SUBA","2016-07-19","","44.125"
"SUBA","2016-07-18","","41.54166667"
"SUBA","2016-07-17","","35.5"
"SUBA","2016-07-16","","51.45833333"
"SUBA","2016-07-15","","45.0"
"SUBA","2016-07-14","","61.20833333"
"SUBA","2016-07-13","","52.33333333"
"SUBA","2016-07-12","","53.91666667"
"SUBA","2016-07-11","","62.91666667"
"SUBA","2016-07-10","","38.91666667"
"SUBA","2016-07-09","","52.83333333"
"SUBA","2016-07-08","","49.625"
"SUBA","2016-07-07","","40.125"
"SUBA","2016-07-06","","38.20833333"
"SUBA","2016-07-05","","45.20833333"
"SUBA","2016-07-04","","34.20833333"
"SUBA","2016-07-03","","34.125"
"SUBA","2016-07-02","","37.83333333"
"SUBA","2016-07-01","","46.41666667"
"SUBA","2016-06-30","","38.91666667"
"SUBA","2016-06-29","","48.0"
"SUBA","2016-06-28","","51.70833333"
"SUBA","2016-06-27","","47.66666667"
"SUBA","2016-06-26","","30.83333333"
"SUBA","2016-06-25","","39.54166667"
"SUBA","2016-06-24","","48.625"
"SUBA","2016-06-23","","50.375"
"SUBA","2016-06-22","","49.70833333"
"SUBA","2016-06-21","","50.04166667"
"SUBA","2016-06-20","","34.20833333"
"SUBA","2016-06-19","","25.72727273"
"SUBA","2016-06-18","","41.66666667"
"SUBA","2016-06-17","","37.54166667"
"SUBA","2016-06-16","","36.875"
"SUBA","2016-06-15","","26.58333333"
"SUBA","2016-06-14","","31.70833333"
"SUBA","2016-06-13","","48.125"
"SUBA","2016-06-12","","33.375"
"SUBA","2016-06-11","","40.54166667"
"SUBA","2016-06-10","","42.41666667"
"SUBA","2016-06-09","","32.375"
"SUBA","2016-06-08","","38.45833333"
"SUBA","2016-06-07","","50.83333333"
"SUBA","2016-06-06","","54.0"
"SUBA","2016-06-05","","59.875"
"SUBA","2016-06-04","","72.75"
"SUBA","2016-06-03","","55.83333333"
"SUBA","2016-06-02","","46.04166667"
"SUBA","2016-06-01","","56.78571429"
"SUBA","2016-05-27","","34.2"
"SUBA","2016-05-26","","19.5"
"SUBA","2016-05-25","","29.52631579"
"SUBA","2016-05-24","","24.82608696"
"SUBA","2016-05-23","","31.45833333"
"SUBA","2016-05-22","","23.29166667"
"SUBA","2016-05-21","","28.71428571"
"SUBA","2016-05-20","","33.0"
"SUBA","2016-05-19","","25.33333333"
"SUBA","2016-05-18","","25.61538462"
"SUBA","2016-05-17","","25.0"
"SUBA","2016-05-16","","28.41176471"
"SUBA","2016-05-15","","26.5"
"SUBA","2016-05-14","","30.46153846"
"SUBA","2016-05-13","","45.5"
"SUBA","2016-05-12","","47.875"
"SUBA","2016-05-11","","48.70833333"
"SUBA","2016-05-10","","33.41666667"
"SUBA","2016-05-09","","20.54166667"
"SUBA","2016-05-08","","28.58333333"
"SUBA","2016-05-07","","36.375"
"SUBA","2016-05-06","","35.625"
"SUBA","2016-05-05","","41.16666667"
"SUBA","2016-05-04","","42.20833333"
"SUBA","2016-05-03","","45.95833333"
"SUBA","2016-05-02","","51.25"
"SUBA","2016-05-01","","30.41666667"
"SUBA","2016-04-30","","35.46153846"
"SUBA","2016-04-29","","37.20833333"
"SUBA","2016-04-28","","31.54545455"
"SUBA","2016-04-27","","45.81818182"
"SUBA","2016-04-26","","57.66666667"
"SUBA","2016-04-25","","71.5625"
"SUBA","2016-04-24","","41.84615385"
"SUBA","2016-04-23","","43.57894737"
"SUBA","2016-04-22","","37.38095238"
"SUBA","2016-04-21","","50.8"
"SUBA","2016-04-08","","58.68421053"
"SUBA","2016-04-07","","54.16666667"
"SUBA","2016-04-06","","47.58333333"
"SUBA","2016-04-05","","48.70833333"
"SUBA","2016-04-04","","39.66666667"
"SUBA","2016-04-03","","39.08333333"
"SUBA","2016-04-02","","47.54166667"
"SUBA","2016-04-01","","51.41666667"
"SUBA","2016-03-31","","42.41666667"
"SUBA","2016-03-30","","73.83333333"
"SUBA","2016-03-29","","75.25"
"SUBA","2016-03-28","","75.95833333"
"SUBA","2016-03-27","","52.0"
"SUBA","2016-03-26","","58.375"
"SUBA","2016-03-25","","50.04166667"
"SUBA","2016-03-24","","48.29166667"
"SUBA","2016-03-23","","43.85714286"
"SUBA","2016-03-21","","47.33333333"
"SUBA","2016-03-20","","47.86956522"
"SUBA","2016-03-19","","53.29166667"
"SUBA","2016-03-18","","50.20833333"
"SUBA","2016-03-17","","52.79166667"
"SUBA","2016-03-16","","69.04166667"
"SUBA","2016-03-15","","73.16666667"
"SUBA","2016-03-14","","89.33333333"
"SUBA","2016-03-13","","64.29166667"
"SUBA","2016-03-12","","73.29166667"
"SUBA","2016-03-11","","79.875"
"SUBA","2016-03-10","","76.54166667"
"SUBA","2016-03-09","","74.40909091"
"SUBA","2016-03-08","","81.34782609"
"SUBA","2016-03-07","","79.375"
"SUBA","2016-03-06","","75.83333333"
"SUBA","2016-03-05","","83.33333333"
"SUBA","2016-03-04","","85.33333333"
"SUBA","2016-03-03","","72.95833333"
"SUBA","2016-03-02","","75.20833333"
"SUBA","2016-03-01","","74.54166667"
"SUBA","2016-02-29","","78.875"
"SUBA","2016-02-28","","50.91666667"
"SUBA","2016-02-27","","59.5"
"SUBA","2016-02-26","","57.29166667"
"SUBA","2016-02-25","","74.83333333"
"SUBA","2016-02-24","","66.95833333"
"SUBA","2016-02-23","","64.33333333"
"SUBA","2016-02-22","","54.41666667"
"SUBA","2016-02-21","","49.41666667"
"SUBA","2016-02-20","","65.41666667"
"SUBA","2016-02-19","","79.79166667"
"SUBA","2016-02-18","","75.91666667"
"SUBA","2016-02-17","","69.70833333"
"SUBA","2016-02-16","","63.375"
"SUBA","2016-02-15","","60.875"
"SUBA","2016-02-14","","53.70833333"
"SUBA","2016-02-13","","56.95833333"
"SUBA","2016-02-12","","65.70833333"
"SUBA","2016-02-11","","69.54166667"
"SUBA","2016-02-10","","61.0"
"SUBA","2016-02-09","","86.33333333"
"SUBA","2016-02-08","","56.0"
"SUBA","2016-02-07","","51.29166667"
"SUBA","2016-02-06","","64.625"
"SUBA","2016-02-05","","65.54166667"
"SUBA","2016-02-04","","72.625"
"SUBA","2016-02-03","","91.20833333"
"SUBA","2016-02-02","","88.41666667"
"SUBA","2016-02-01","","88.91666667"
"SUBA","2016-01-31","","61.29166667"
"SUBA","2016-01-30","","84.33333333"
"SUBA","2016-01-29","","83.20833333"
"SUBA","2016-01-28","","93.625"
"SUBA","2016-01-27","","80.75"
"SUBA","2016-01-26","","62.04166667"
"SUBA","2016-01-25","","78.83333333"
"SUBA","2016-01-24","","62.75"
"SUBA","2016-01-23","","74.29166667"
"SUBA","2016-01-22","","86.16666667"
"SUBA","2016-01-21","","94.29166667"
"SUBA","2016-01-20","","82.375"
"SUBA","2016-01-19","","93.20833333"
"SUBA","2016-01-18","","67.33333333"
"SUBA","2016-01-16","","54.6"
"SUBA","2016-01-15","","105.45833333"
"SUBA","2016-01-14","","101.31578947"
"SUBA","2016-01-13","","83.70833333"
"SUBA","2016-01-12","","76.08333333"
"SUBA","2016-01-11","","54.20833333"
"SUBA","2016-01-10","","46.33333333"
"SUBA","2016-01-09","","56.75"
"SUBA","2016-01-08","","56.75"
"SUBA","2016-01-07","","59.0"
"SUBA","2016-01-06","","53.25"
"SUBA","2016-01-05","","56.20833333"
"SUBA","2016-01-04","","54.625"
"SUBA","2016-01-03","","34.54166667"
"SUBA","2016-01-02","","32.875"
"SUBA","2016-01-01","","30.0"
"SUBA","2015-12-24","","72.5"
"SUBA","2015-12-23","","54.95833333"
"SUBA","2015-12-22","","71.75"
"SUBA","2015-12-21","","66.17391304"
"SUBA","2015-12-20","","38.54166667"
"SUBA","2015-12-19","","45.79166667"
"SUBA","2015-12-18","","60.70833333"
"SUBA","2015-12-17","","56.04166667"
"SUBA","2015-12-16","","59.34782609"
"SUBA","2015-12-15","","70.08333333"
"SUBA","2015-12-14","","63.08333333"
"SUBA","2015-12-13","","49.5"
"SUBA","2015-12-12","","62.33333333"
"SUBA","2015-12-11","","66.125"
"SUBA","2015-12-10","","62.29166667"
"SUBA","2015-12-09","","61.25"
"SUBA","2015-12-08","","58.08333333"
"SUBA","2015-12-07","","60.95833333"
"SUBA","2015-12-06","","43.29166667"
"SUBA","2015-12-05","","50.375"
"SUBA","2015-12-04","","45.16666667"
"SUBA","2015-12-03","","47.04166667"
"SUBA","2015-12-02","","49.91666667"
"SUBA","2015-12-01","","43.41666667"
"SUBA","2015-11-30","","41.54166667"
"SUBA","2015-11-29","","42.08333333"
"SUBA","2015-11-28","","57.58333333"
"SUBA","2015-11-27","","57.91666667"
"SUBA","2015-11-26","","52.91666667"
"SUBA","2015-11-25","","46.25"
"SUBA","2015-11-24","","67.125"
"SUBA","2015-11-23","","60.20833333"
"SUBA","2015-11-22","","33.5"
"SUBA","2015-11-21","","45.33333333"
"SUBA","2015-11-20","","58.625"
"SUBA","2015-11-19","","63.625"
"SUBA","2015-11-18","","47.08333333"
"SUBA","2015-11-17","","47.58333333"
"SUBA","2015-11-16","","35.69565217"
"SUBA","2015-11-15","","34.09090909"
"SUBA","2015-11-14","","40.625"
"SUBA","2015-11-13","","63.04166667"
"SUBA","2015-11-12","","62.79166667"
"SUBA","2015-11-11","","52.16666667"
"SUBA","2015-11-10","","54.04166667"
"SUBA","2015-11-09","","51.22222222"
"SUBA","2015-11-07","","41.0"
"SUBA","2015-11-06","","41.5"
"SUBA","2015-11-05","","59.5"
"SUBA","2015-11-04","","54.05263158"
"SUBA","2015-11-03","","61.71428571"
"SUBA","2015-11-02","","27.92857143"
"SUBA","2015-11-01","","37.60869565"
"SUBA","2015-10-31","","61.04166667"
"SUBA","2015-10-30","","71.375"
"SUBA","2015-10-29","","73.41666667"
"SUBA","2015-10-28","","79.39130435"
"SUBA","2015-10-27","","60.625"
"SUBA","2015-10-26","","57.95833333"
"SUBA","2015-10-25","","31.0"
"SUBA","2015-10-24","","53.41666667"
"SUBA","2015-10-23","","60.66666667"
"SUBA","2015-10-22","","71.66666667"
"SUBA","2015-10-21","","64.66666667"
"SUBA","2015-10-20","","49.33333333"
"SUBA","2015-10-19","","73.58333333"
"SUBA","2015-10-18","","40.5"
"SUBA","2015-10-17","","41.5"
"SUBA","2015-10-16","","38.16666667"
"SUBA","2015-10-15","","42.29166667"
"SUBA","2015-10-14","","40.91666667"
"SUBA","2015-10-13","","59.54166667"
"SUBA","2015-10-12","","45.58333333"
"SUBA","2015-10-11","","45.875"
"SUBA","2015-10-10","","54.875"
"SUBA","2015-10-09","","60.70833333"
"SUBA","2015-10-08","","45.70833333"
"SUBA","2015-10-07","","58.91666667"
"SUBA","2015-10-06","","71.0"
"SUBA","2015-10-05","","57.83333333"
"SUBA","2015-10-04","","39.625"
"SUBA","2015-10-03","","40.45833333"
"SUBA","2015-10-02","","58.58333333"
"SUBA","2015-10-01","","50.20833333"
"SUBA","2015-09-30","","56.16666667"
"SUBA","2015-09-29","","54.95833333"
"SUBA","2015-09-28","","55.45833333"
"SUBA","2015-09-27","","46.33333333"
"SUBA","2015-09-26","","55.76190476"
"SUBA","2015-09-25","","62.20833333"
"SUBA","2015-09-24","","54.16666667"
"SUBA","2015-09-23","","67.16666667"
"SUBA","2015-09-22","","47.91304348"
"SUBA","2015-09-21","","41.54166667"
"SUBA","2015-09-20","","29.16666667"
"SUBA","2015-09-19","","38.70833333"
"SUBA","2015-09-18","","54.91666667"
"SUBA","2015-09-17","","76.25"
"SUBA","2015-09-16","","78.41666667"
"SUBA","2015-09-15","","66.83333333"
"SUBA","2015-09-14","","56.16666667"
"SUBA","2015-09-13","","39.04166667"
"SUBA","2015-09-12","","46.60869565"
"SUBA","2015-09-11","","41.58333333"
"SUBA","2015-09-10","","45.95833333"
"SUBA","2015-09-09","","52.875"
"SUBA","2015-09-08","","52.04166667"
"SUBA","2015-09-07","","41.20833333"
"SUBA","2015-09-06","","32.0"
"SUBA","2015-09-05","","52.91666667"
"SUBA","2015-09-04","","63.58333333"
"SUBA","2015-09-03","","54.44444444"
"SUBA","2015-09-02","","48.79166667"
"SUBA","2015-09-01","","50.70833333"
"SUBA","2015-08-31","","34.79166667"
"SUBA","2015-08-30","","30.29166667"
"SUBA","2015-08-29","","44.04166667"
"SUBA","2015-08-28","","44.5"
"SUBA","2015-08-27","","65.41666667"
"SUBA","2015-08-26","","57.625"
"SUBA","2015-08-25","","40.20833333"
"SUBA","2015-08-24","","41.70833333"
"SUBA","2015-08-23","","34.25"
"SUBA","2015-08-22","","51.875"
"SUBA","2015-08-21","","47.29166667"
"SUBA","2015-08-20","","32.75"
"SUBA","2015-08-19","","35.0"
"SUBA","2015-08-18","","26.45833333"
"SUBA","2015-08-17","","26.04347826"
"SUBA","2015-08-16","","22.20833333"
"SUBA","2015-08-15","","27.25"
"SUBA","2015-08-14","","32.54166667"
"SUBA","2015-08-13","","42.58333333"
"SUBA","2015-08-12","","34.80952381"
"SUBA","2015-08-11","","31.54166667"
"SUBA","2015-08-10","","51.13043478"
"SUBA","2015-08-09","","25.375"
"SUBA","2015-08-08","","33.13043478"
"SUBA","2015-08-07","","24.47826087"
"SUBA","2015-08-06","","33.47826087"
"SUBA","2015-08-05","","40.86956522"
"SUBA","2015-08-04","","37.0"
"SUBA","2015-08-03","","41.625"
"SUBA","2015-08-02","","25.40909091"
"SUBA","2015-08-01","","41.04166667"
"SUBA","2015-07-31","","44.72727273"
"SUBA","2015-07-28","","40.94117647"
"SUBA","2015-07-27","","30.25"
"SUBA","2015-07-26","","26.58333333"
"SUBA","2015-07-25","","35.0"
"SUBA","2015-07-24","","47.29166667"
"SUBA","2015-07-23","","35.79166667"
"SUBA","2015-07-22","","28.58333333"
"SUBA","2015-07-21","","34.95652174"
"SUBA","2015-07-20","","23.91666667"
"SUBA","2015-07-19","","28.56521739"
"SUBA","2015-07-18","","32.73913043"
"SUBA","2015-07-17","","31.2173913"
"SUBA","2015-07-16","","31.0"
"SUBA","2015-07-15","","26.25"
"SUBA","2015-07-14","","36.30434783"
"SUBA","2015-07-13","","44.41666667"
"SUBA","2015-07-12","","23.45833333"
"SUBA","2015-07-11","","30.86956522"
"SUBA","2015-07-10","","34.91304348"
"SUBA","2015-07-09","","50.16666667"
"SUBA","2015-07-08","","44.5"
"SUBA","2015-07-07","","42.42857143"
"SUBA","2015-07-06","","37.5"
"SUBA","2015-07-05","","26.41666667"
"SUBA","2015-07-04","","29.29166667"
"SUBA","2015-07-03","","45.91666667"
"SUBA","2015-07-02","","35.29166667"
"SUBA","2015-07-01","","31.79166667"
"SUBA","2015-06-30","","44.0"
"SUBA","2015-06-29","","28.66666667"
"SUBA","2015-06-28","","19.68181818"
"SUBA","2015-06-27","","23.04761905"
"SUBA","2015-06-26","","26.66666667"
"SUBA","2015-06-25","","30.0"
"SUBA","2015-06-24","","28.52173913"
"SUBA","2015-06-23","","28.08695652"
"SUBA","2015-06-22","","31.57142857"
"SUBA","2015-06-21","","33.28571429"
"SUBA","2015-06-20","","37.22727273"
"SUBA","2015-06-19","","32.75"
"SUBA","2015-06-18","","30.60869565"
"SUBA","2015-06-17","","38.57142857"
"SUBA","2015-06-16","","32.39130435"
"SUBA","2015-06-15","","26.59090909"
"SUBA","2015-06-14","","30.34782609"
"SUBA","2015-06-13","","36.52380952"
"SUBA","2015-06-12","","47.0"
"SUBA","2015-06-11","","50.91304348"
"SUBA","2015-06-10","","52.60869565"
"SUBA","2015-06-09","","44.29166667"
"SUBA","2015-06-08","","28.26086957"
"SUBA","2015-06-07","","38.13043478"
"SUBA","2015-06-06","","40.59090909"
"SUBA","2015-06-05","","35.80952381"
"SUBA","2015-06-04","","40.35"
"SUBA","2015-06-03","","48.5"
"SUBA","2015-06-02","","43.27272727"
"SUBA","2015-06-01","","34.0"
"SUBA","2015-05-31","","37.80952381"
"SUBA","2015-05-30","","43.45454545"
"SUBA","2015-05-29","","38.04347826"
"SUBA","2015-05-28","","49.60869565"
"SUBA","2015-05-27","","53.69565217"
"SUBA","2015-05-26","","39.54545455"
"SUBA","2015-05-25","","52.42857143"
"SUBA","2015-05-24","","33.54166667"
"SUBA","2015-05-23","","42.5"
"SUBA","2015-05-22","","42.41666667"
"SUBA","2015-05-21","","43.45833333"
"SUBA","2015-05-20","","34.70833333"
"SUBA","2015-05-19","","41.0"
"SUBA","2015-05-18","","28.54545455"
"SUBA","2015-05-17","","27.375"
"SUBA","2015-05-16","","35.91666667"
"SUBA","2015-05-15","","39.5"
"SUBA","2015-05-14","","49.20833333"
"SUBA","2015-05-13","","45.20833333"
"SUBA","2015-05-12","","67.16666667"
"SUBA","2015-05-11","","56.08333333"
"SUBA","2015-05-10","","44.39130435"
"SUBA","2015-05-09","","40.16666667"
"SUBA","2015-05-08","","53.625"
"SUBA","2015-05-07","","61.91666667"
"SUBA","2015-05-06","","67.75"
"SUBA","2015-05-05","","63.38095238"
"SUBA","2015-05-04","","64.04166667"
"SUBA","2015-05-03","","49.41666667"
"SUBA","2015-05-02","","70.375"
"SUBA","2015-05-01","","63.25"
"SUBA","2015-04-30","","64.33333333"
"SUBA","2015-04-29","","45.54166667"
"SUBA","2015-04-28","","33.79166667"
"SUBA","2015-04-27","","56.11764706"
"SUBA","2015-04-26","","26.22727273"
"SUBA","2015-04-25","","46.60869565"
"SUBA","2015-04-24","","68.54166667"
"SUBA","2015-04-23","","62.83333333"
"SUBA","2015-04-22","","59.79166667"
"SUBA","2015-04-21","","40.58333333"
"SUBA","2015-04-20","","40.36363636"
"SUBA","2015-04-18","","39.9047619"
"SUBA","2015-04-17","","42.20833333"
"SUBA","2015-04-16","","40.04166667"
"SUBA","2015-04-15","","45.45833333"
"SUBA","2015-04-14","","44.80952381"
"SUBA","2015-04-13","","40.63636364"
"SUBA","2015-04-12","","36.04545455"
"SUBA","2015-04-11","","53.0"
"SUBA","2015-04-10","","54.69565217"
"SUBA","2015-04-09","","57.20833333"
"SUBA","2015-04-08","","59.04166667"
"SUBA","2015-04-07","","54.39130435"
"SUBA","2015-04-06","","47.68181818"
"SUBA","2015-04-05","","37.04347826"
"SUBA","2015-04-04","","33.47619048"
"SUBA","2015-04-03","","31.0952381"
"SUBA","2015-04-02","","47.91304348"
"SUBA","2015-04-01","","57.42857143"
"SUBA","2015-03-31","","64.91666667"
"SUBA","2015-03-30","","60.84615385"
"SUBA","2015-03-29","","42.875"
"SUBA","2015-03-28","","70.66666667"
"SUBA","2015-03-27","","66.71428571"
"SUBA","2015-03-26","","79.36363636"
"SUBA","2015-03-25","","68.25"
"SUBA","2015-03-24","","64.33333333"
"SUBA","2015-03-21","","81.0"
"SUBA","2015-03-20","","40.95833333"
"SUBA","2015-03-19","","51.125"
"SUBA","2015-03-18","","44.875"
"SUBA","2015-03-17","","54.30434783"
"SUBA","2015-03-16","","53.83333333"
"SUBA","2015-03-15","","52.47826087"
"SUBA","2015-03-14","","56.75"
"SUBA","2015-03-13","","62.125"
"SUBA","2015-03-12","","59.875"
"SUBA","2015-03-11","","43.70833333"
"SUBA","2015-03-10","","48.375"
"SUBA","2015-03-09","","49.08333333"
"SUBA","2015-03-08","","38.79166667"
"SUBA","2015-03-07","","50.39130435"
"SUBA","2015-03-06","","76.95238095"
"SUBA","2015-03-05","","63.65217391"
"SUBA","2015-03-04","","50.86363636"
"SUBA","2015-03-03","","57.40909091"
"SUBA","2015-03-02","","47.22727273"
"SUBA","2015-03-01","","43.18181818"
"SUBA","2015-02-28","","53.90909091"
"SUBA","2015-02-27","","68.33333333"
"SUBA","2015-02-26","","66.0"
"SUBA","2015-02-25","","68.18181818"
"SUBA","2015-02-24","","72.86956522"
"SUBA","2015-02-23","","64.86363636"
"SUBA","2015-02-22","","48.52173913"
"SUBA","2015-02-21","","60.22727273"
"SUBA","2015-02-20","","65.30434783"
"SUBA","2015-02-19","","71.47826087"
"SUBA","2015-02-18","","85.86956522"
"SUBA","2015-02-17","","65.91666667"
"SUBA","2015-02-16","","56.125"
"SUBA","2015-02-15","","48.63636364"
"SUBA","2015-02-14","","51.95833333"
"SUBA","2015-02-13","","56.66666667"
"SUBA","2015-02-12","","47.5"
"SUBA","2015-02-09","","46.2173913"
"SUBA","2015-02-08","","37.80952381"
"SUBA","2015-02-07","","56.5"
"SUBA","2015-02-06","","62.54545455"
"SUBA","2015-02-05","","49.375"
"SUBA","2015-02-04","","50.20833333"
"SUBA","2015-02-03","","41.27272727"
"SUBA","2015-02-02","","34.95652174"
"SUBA","2015-02-01","","26.52380952"
"SUBA","2015-01-31","","44.69565217"
"SUBA","2015-01-30","","56.52173913"
"SUBA","2015-01-29","","54.80952381"
"SUBA","2015-01-28","","48.36363636"
"SUBA","2015-01-27","","68.5"
"SUBA","2015-01-26","","50.91666667"
"SUBA","2015-01-25","","37.63636364"
"SUBA","2015-01-24","","41.39130435"
"SUBA","2015-01-23","","48.33333333"
"SUBA","2015-01-22","","51.54545455"
"SUBA","2015-01-21","","40.29166667"
"SUBA","2015-01-20","","43.08333333"
"SUBA","2015-01-19","","42.76190476"
"SUBA","2015-01-18","","35.66666667"
"SUBA","2015-01-17","","51.0"
"SUBA","2015-01-16","","71.14285714"
"SUBA","2015-01-15","","65.33333333"
"SUBA","2015-01-14","","57.47826087"
"SUBA","2015-01-13","","47.91304348"
"SUBA","2015-01-12","","31.28571429"
"SUBA","2015-01-11","","37.77272727"
"SUBA","2015-01-10","","45.33333333"
"SUBA","2015-01-09","","38.73913043"
"SUBA","2015-01-08","","46.30769231"
"SUBA","2015-01-07","","53.66666667"
"SUBA","2015-01-06","","48.41666667"
"SUBA","2015-01-05","","45.95833333"
"SUBA","2015-01-04","","27.375"
"SUBA","2015-01-03","","36.91666667"
"SUBA","2015-01-02","","33.75"
"SUBA","2015-01-01","","42.08333333"
"SUBA","2014-12-31","","33.36111111"
"SUBA","2014-12-30","","41.26388889"
"SUBA","2014-12-29","","38.82638889"
"SUBA","2014-12-28","","35.16666667"
"SUBA","2014-12-27","","41.0"
"SUBA","2014-12-26","","36.43055556"
"SUBA","2014-12-25","","43.36111111"
"SUBA","2014-12-24","","44.38888889"
"SUBA","2014-12-23","","46.36111111"
"SUBA","2014-12-22","","37.68055555"
"SUBA","2014-12-21","","47.01388889"
"SUBA","2014-12-20","","58.80555555"
"SUBA","2014-12-19","","59.40277778"
"SUBA","2014-12-18","","56.47222222"
"SUBA","2014-12-17","","51.39583333"
"SUBA","2014-12-16","","51.92028986"
"SUBA","2014-12-15","","43.13888888"
"SUBA","2014-12-14","","28.88888888"
"SUBA","2014-12-13","","53.14583334"
"SUBA","2014-12-12","","34.70833333"
"SUBA","2014-12-11","","33.95138889"
"SUBA","2014-12-10","","39.3888889"
"SUBA","2014-12-09","","38.73611111"
"SUBA","2014-12-08","","59.02083333"
"SUBA","2014-12-07","","46.4513889"
"SUBA","2014-12-06","","39.58333333"
"SUBA","2014-12-05","","69.50000002"
"SUBA","2014-12-04","","60.24242425"
"SUBA","2014-12-03","","55.08333333"
"SUBA","2014-12-02","","52.29861111"
"SUBA","2014-12-01","","40.26388888"
"SUBA","2014-11-30","","33.84848485"
"SUBA","2014-11-29","","51.9375"
"SUBA","2014-11-28","","52.84999999"
"SUBA","2014-11-27","","59.83333334"
"SUBA","2014-11-26","","52.06818182"
"SUBA","2014-11-25","","59.04545455"
"SUBA","2014-11-24","","49.34722222"
"SUBA","2014-11-23","","34.33333334"
"SUBA","2014-11-22","","55.52083333"
"SUBA","2014-11-21","","68.725"
"SUBA","2014-11-20","","53.19166667"
"SUBA","2014-11-19","","42.78030303"
"SUBA","2014-11-18","","50.50833333"
"SUBA","2014-11-17","","31.16666666"
"SUBA","2014-11-16","","29.96969697"
"SUBA","2014-11-15","","55.34722222"
"SUBA","2014-11-14","","45.72222222"
"SUBA","2014-11-13","","47.18181817"
"SUBA","2014-11-12","","45.94696969"
"SUBA","2014-11-11","","26.74999998"
"SUBA","2014-11-10","","43.73148148"
"SUBA","2014-11-09","","32.84920635"
"SUBA","2014-11-08","","54.02380952"
"SUBA","2014-11-07","","48.51388889"
"SUBA","2014-11-06","","54.26388889"
"SUBA","2014-11-05","","44.46666668"
"SUBA","2014-11-04","","60.66666666"
"SUBA","2014-11-03","","36.57638889"
"SUBA","2014-11-02","","41.75"
"SUBA","2014-11-01","","47.54166668"
"SUBA","2014-10-31","","46.54166667"
"SUBA","2014-10-30","","54.29166667"
"SUBA","2014-10-29","","53.71212121"
"SUBA","2014-10-28","","63.75"
"SUBA","2014-10-27","","54.97916667"
"SUBA","2014-10-26","","36.23958334"
"SUBA","2014-10-25","","52.36111111"
"SUBA","2014-10-24","","69.67361111"
"SUBA","2014-10-23","","51.84027778"
"SUBA","2014-10-22","","34.50000002"
"SUBA","2014-10-21","","38.41666666"
"SUBA","2014-10-20","","43.18939395"
"SUBA","2014-10-19","","29.00757576"
"SUBA","2014-10-18","","40.22222222"
"SUBA","2014-10-17","","40.86956522"
"SUBA","2014-10-16","","52.09848485"
"SUBA","2014-10-15","","41.14166666"
"SUBA","2014-10-14","","50.13636364"
"SUBA","2014-10-13","","25.66666667"
"SUBA","2014-10-12","","32.29166667"
"SUBA","2014-10-11","","38.08333334"
"SUBA","2014-10-10","","62.15151515"
"SUBA","2014-10-09","","31.53030303"
"SUBA","2014-10-08","","46.10526316"
"SUBA","2014-10-07","","35.53787878"
"SUBA","2014-10-06","","37.15"
"SUBA","2014-10-05","","37.87121212"
"SUBA","2014-10-04","","49.66666667"
"SUBA","2014-10-03","","44.32638889"
"SUBA","2014-10-02","","44.91666667"
"SUBA","2014-10-01","","41.61666665"
"SUBA","2014-09-22","","27.80555556"
"SUBA","2014-09-21","","32.49305556"
"SUBA","2014-09-20","","33.17361111"
"SUBA","2014-09-19","","39.46296296"
"SUBA","2014-09-18","","41.83333333"
"SUBA","2014-09-17","","63.15972221"
"SUBA","2014-09-16","","50.90277778"
"SUBA","2014-09-15","","41.96527777"
"SUBA","2014-09-14","","26.24305555"
"SUBA","2014-09-13","","32.13888888"
"SUBA","2014-09-12","","34.65277778"
"SUBA","2014-09-11","","32.51388888"
"SUBA","2014-09-10","","53.50694443"
"SUBA","2014-09-09","","45.59027778"
"SUBA","2014-09-08","","41.72222222"
"SUBA","2014-09-07","","26.78472221"
"SUBA","2014-09-06","","38.43055555"
"SUBA","2014-09-05","","39.35416667"
"SUBA","2014-09-04","","33.45833333"
"SUBA","2014-09-03","","47.27083333"
"SUBA","2014-09-02","","48.79861112"
"SUBA","2014-09-01","","44.84722221"
"SUBA","2014-08-31","","35.70138889"
"SUBA","2014-08-30","","44.07017544"
"SUBA","2014-08-29","","39.3611111"
"SUBA","2014-08-28","","38.85416667"
"SUBA","2014-08-27","","32.06818183"
"SUBA","2014-08-26","","35.50000001"
"SUBA","2014-08-25","","36.53472222"
"SUBA","2014-08-24","","35.51388889"
"SUBA","2014-08-23","","44.95833333"
"SUBA","2014-08-22","","55.01388888"
"SUBA","2014-08-21","","64.21527778"
"SUBA","2014-08-20","","52.8968254"
"SUBA","2014-08-19","","33.61403508"
"SUBA","2014-08-18","","17.59722222"
"SUBA","2014-08-17","","24.48611111"
"SUBA","2014-08-16","","32.74305556"
"SUBA","2014-08-15","","37.72916667"
"SUBA","2014-08-14","","38.40277777"
"SUBA","2014-08-13","","33.03472223"
"SUBA","2014-08-12","","38.77777779"
"SUBA","2014-08-11","","32.82638889"
"SUBA","2014-08-10","","23.79166666"
"SUBA","2014-08-09","","24.61111111"
"SUBA","2014-08-08","","41.46212121"
"SUBA","2014-08-07","","25.86805556"
"SUBA","2014-08-06","","30.29861111"
"SUBA","2014-08-05","","47.31944445"
"SUBA","2014-08-04","","46.47916666"
"SUBA","2014-08-03","","29.14583333"
"SUBA","2014-08-02","","30.57407408"
"SUBA","2014-08-01","","38.55555556"
"SUBA","2014-07-31","","43.7986111"
"SUBA","2014-07-30","","37.6875"
"SUBA","2014-07-29","","36.03968255"
"SUBA","2014-07-28","","32.0763889"
"SUBA","2014-07-27","","22.56944444"
"SUBA","2014-07-26","","39.0763889"
"SUBA","2014-07-25","","31.70833333"
"SUBA","2014-07-24","","34.6875"
"SUBA","2014-07-23","","29.34027778"
"SUBA","2014-07-22","","26.8125"
"SUBA","2014-07-21","","33.42361111"
"SUBA","2014-07-20","","24.875"
"SUBA","2014-07-19","","30.96527777"
"SUBA","2014-07-18","","35.82638888"
"SUBA","2014-07-17","","34.18055555"
"SUBA","2014-07-16","","33.875"
"SUBA","2014-07-15","","34.48611111"
"SUBA","2014-07-14","","30.83333334"
"SUBA","2014-07-13","","24.02777778"
"SUBA","2014-07-12","","26.70138888"
"SUBA","2014-07-11","","34.15277778"
"SUBA","2014-07-10","","33.16666667"
"SUBA","2014-07-09","","29.71527778"
"SUBA","2014-07-08","","28.82638889"
"SUBA","2014-07-07","","25.56818182"
"SUBA","2014-07-06","","30.60416667"
"SUBA","2014-07-05","","28.10416667"
"SUBA","2014-07-04","","49.02777778"
"SUBA","2014-07-03","","66.15277778"
"SUBA","2014-07-02","","32.92361111"
"SUBA","2014-07-01","","38.27083333"
"SUBA","2014-06-30","","34.56944444"
"SUBA","2014-06-29","","26.43055555"
"SUBA","2014-06-28","","66.53472222"
"SUBA","2014-06-27","","143.875"
"SUBA","2014-06-26","","56.25694445"
"SUBA","2014-06-25","","28.22916666"
"SUBA","2014-06-24","","26.27083335"
"SUBA","2014-06-23","","24.6875"
"SUBA","2014-06-22","","24.35416666"
"SUBA","2014-06-21","","31.91666666"
"SUBA","2014-06-20","","35.86111111"
"SUBA","2014-06-19","","35.57936507"
"SUBA","2014-06-18","","55.72222223"
"SUBA","2014-06-17","","40.03472223"
"SUBA","2014-06-16","","29.88194445"
"SUBA","2014-06-15","","21.96527778"
"SUBA","2014-06-14","","25.66666667"
"SUBA","2014-06-13","","43.51388889"
"SUBA","2014-06-12","","47.4375"
"SUBA","2014-06-11","","40.67361112"
"SUBA","2014-06-10","","34.99305555"
"SUBA","2014-06-09","","40.99305555"
"SUBA","2014-06-08","","26.47916668"
"SUBA","2014-06-07","","27.10416666"
"SUBA","2014-06-06","","37.11111112"
"SUBA","2014-06-05","","43.54545454"
"SUBA","2014-06-04","","54.02777778"
"SUBA","2014-06-03","","42.02083334"
"SUBA","2014-06-02","","24.98611111"
"SUBA","2014-06-01","","32.36805556"
"SUBA","2014-05-31","","33.1875"
"SUBA","2014-05-30","","56.0763889"
"SUBA","2014-05-29","","46.74242423"
"SUBA","2014-05-28","","39.52083334"
"SUBA","2014-05-27","","43.28472222"
"SUBA","2014-05-26","","56.64583333"
"SUBA","2014-05-25","","42.33333334"
"SUBA","2014-05-24","","45.77083334"
"SUBA","2014-05-23","","47.68055555"
"SUBA","2014-05-22","","39.54166667"
"SUBA","2014-05-21","","66.34722223"
"SUBA","2014-05-20","","41.375"
"SUBA","2014-05-19","","44.34027777"
"SUBA","2014-05-18","","36.09722223"
"SUBA","2014-05-17","","56.54166668"
"SUBA","2014-05-16","","41.70833333"
"SUBA","2014-05-15","","53.10416668"
"SUBA","2014-05-14","","37.90277777"
"SUBA","2014-05-13","","47.64166667"
"SUBA","2014-05-12","","42.3263889"
"SUBA","2014-05-11","","27.72916667"
"SUBA","2014-05-10","","27.09027778"
"SUBA","2014-05-09","","29.59722222"
"SUBA","2014-05-08","","44.70138889"
"SUBA","2014-05-07","","49.84090909"
"SUBA","2014-05-06","","48.29166667"
"SUBA","2014-05-05","","46.7962963"
"SUBA","2014-05-04","","48.82638889"
"SUBA","2014-05-03","","59.82638889"
"SUBA","2014-05-02","","57.65277778"
"SUBA","2014-05-01","","46.34722223"
"SUBA","2014-04-30","","47.65909091"
"SUBA","2014-04-29","","34.31060606"
"SUBA","2014-04-28","","46.51388889"
"SUBA","2014-04-27","","36.5138889"
"SUBA","2014-04-26","","48.22222222"
"SUBA","2014-04-25","","42.63194444"
"SUBA","2014-04-24","","38.52083333"
"SUBA","2014-04-23","","50.74305555"
"SUBA","2014-04-22","","68.2847222"
"SUBA","2014-04-21","","56.5625"
"SUBA","2014-04-20","","36.72222222"
"SUBA","2014-04-19","","34.24999999"
"SUBA","2014-04-18","","33.51388889"
"SUBA","2014-04-17","","32.1388889"
"SUBA","2014-04-16","","48.71527778"
"SUBA","2014-04-15","","78.54166668"
"SUBA","2014-04-14","","84.9375"
"SUBA","2014-04-13","","73.88888889"
"SUBA","2014-04-12","","90.86805556"
"SUBA","2014-04-11","","89.31944445"
"SUBA","2014-04-10","","78.12222222"
"SUBA","2014-04-09","","61.40972221"
"SUBA","2014-04-08","","62.43055555"
"SUBA","2014-04-07","","41.91666666"
"SUBA","2014-04-06","","40.61111111"
"SUBA","2014-04-05","","47.61805555"
"SUBA","2014-04-04","","63.09722223"
"SUBA","2014-04-03","","70.90909091"
"SUBA","2014-04-02","","86.00694445"
"SUBA","2014-04-01","","93.83333334"
"SUBA","2014-03-31","","94.425"
"SUBA","2014-03-30","","88.69444445"
"SUBA","2014-03-29","","83.87121211"
"SUBA","2014-03-28","","107.42361111"
"SUBA","2014-03-27","","98.39583333"
"SUBA","2014-03-26","","71.55555555"
"SUBA","2014-03-25","","60.25694444"
"SUBA","2014-03-24","","53.30555556"
"SUBA","2014-03-23","","69.17361112"
"SUBA","2014-03-22","","75.86805554"
"SUBA","2014-03-21","","89.68055556"
"SUBA","2014-03-20","","70.47222222"
"SUBA","2014-03-19","","85.025"
"SUBA","2014-03-18","","92.24305555"
"SUBA","2014-03-17","","78.25"
"SUBA","2014-03-16","","66.9861111"
"SUBA","2014-03-15","","75.90277777"
"SUBA","2014-03-14","","71.13194445"
"SUBA","2014-03-13","","82.91666665"
"SUBA","2014-03-12","","69.70833334"
"SUBA","2014-03-11","","86.60416667"
"SUBA","2014-03-10","","64.93749999"
"SUBA","2014-03-09","","51.15972223"
"SUBA","2014-03-08","","64.74305556"
"SUBA","2014-03-07","","86.78472222"
"SUBA","2014-03-06","","70.08333332"
"SUBA","2014-03-05","","72.4375"
"SUBA","2014-03-04","","62.19444444"
"SUBA","2014-03-03","","59.86666666"
"SUBA","2014-02-26","","77.38888887"
"SUBA","2014-02-25","","79.27777778"
"SUBA","2014-02-24","","65.53472222"
"SUBA","2014-02-23","","72.0"
"SUBA","2014-02-22","","82.29166667"
"SUBA","2014-02-21","","75.61805555"
"SUBA","2014-02-20","","81.6388889"
"SUBA","2014-02-19","","88.40277776"
"SUBA","2014-02-18","","84.02777778"
"SUBA","2014-02-17","","88.68055556"
"SUBA","2014-02-16","","74.59722221"
"SUBA","2014-02-15","","79.34027778"
"SUBA","2014-02-14","","73.34444444"
"SUBA","2014-02-13","","92.03472222"
"SUBA","2014-02-12","","89.86805555"
"SUBA","2014-02-11","","82.10416667"
"SUBA","2014-02-10","","72.65972223"
"SUBA","2014-02-09","","64.88194445"
"SUBA","2014-02-08","","58.64583333"
"SUBA","2014-02-07","","91.00694444"
"SUBA","2014-02-06","","88.08333333"
"SUBA","2014-02-05","","93.19444444"
"SUBA","2014-02-04","","83.22222223"
"SUBA","2014-02-03","","85.83333334"
"SUBA","2014-02-02","","67.27083333"
"SUBA","2014-02-01","","72.11805556"
"SUBA","2014-01-31","","80.88194445"
"SUBA","2014-01-30","","74.04545455"
"SUBA","2014-01-29","","71.14583333"
"SUBA","2014-01-28","","82.38888888"
"SUBA","2014-01-27","","73.94444443"
"SUBA","2014-01-26","","57.00694445"
"SUBA","2014-01-25","","64.17333334"
"SUBA","2014-01-24","","88.2361111"
"SUBA","2014-01-23","","62.72222223"
"SUBA","2014-01-22","","85.65277778"
"SUBA","2014-01-21","","77.27083333"
"SUBA","2014-01-20","","59.38888888"
"SUBA","2014-01-19","","39.31944444"
"SUBA","2014-01-18","","55.45833334"
"SUBA","2014-01-17","","63.89583333"
"SUBA","2014-01-16","","80.21111112"
"SUBA","2014-01-15","","77.57638888"
"SUBA","2014-01-14","","74.97916667"
"SUBA","2014-01-13","","68.45833334"
"SUBA","2014-01-12","","63.63888889"
"SUBA","2014-01-11","","69.71527777"
"SUBA","2014-01-10","","77.04861111"
"SUBA","2014-01-09","","58.0"
"SUBA","2014-01-08","","51.86805556"
"SUBA","2014-01-07","","51.26388889"
"SUBA","2014-01-06","","42.34722223"
"SUBA","2014-01-05","","48.30555555"
"SUBA","2014-01-04","","54.22916668"
"SUBA","2014-01-03","","48.93181818"
"SUBA","2014-01-02","","56.84027777"
"SUBA","2014-01-01","","71.40277778"
"SUBA","2013-12-31","","55.38888889"
"SUBA","2013-12-30","","54.08333333"
"SUBA","2013-12-29","","46.0"
"SUBA","2013-12-28","","59.34722222"
"SUBA","2013-12-27","","58.65277777"
"SUBA","2013-12-26","","63.43750001"
"SUBA","2013-12-25","","53.86805555"
"SUBA","2013-12-24","","49.56944444"
"SUBA","2013-12-23","","38.69696969"
"SUBA","2013-12-22","","43.20138889"
"SUBA","2013-12-21","","59.49305556"
"SUBA","2013-12-20","","56.13194444"
"SUBA","2013-12-19","","49.99305555"
"SUBA","2013-12-18","","58.48611112"
"SUBA","2013-12-17","","68.55555557"
"SUBA","2013-12-16","","67.06250001"
"SUBA","2013-12-15","","47.88194445"
"SUBA","2013-12-14","","63.15277778"
"SUBA","2013-12-13","","68.21527778"
"SUBA","2013-12-12","","67.54861111"
"SUBA","2013-12-11","","75.40972222"
"SUBA","2013-12-10","","77.25694446"
"SUBA","2013-12-09","","60.4236111"
"SUBA","2013-12-08","","54.875"
"SUBA","2013-12-07","","66.70833334"
"SUBA","2013-12-06","","71.13725491"
"SUBA","2013-12-05","","62.02777778"
"SUBA","2013-12-04","","56.52083333"
"SUBA","2013-12-03","","60.34722222"
"SUBA","2013-12-02","","45.5"
"SUBA","2013-12-01","","48.04861111"
"SUBA","2013-11-30","","77.54166667"
"SUBA","2013-11-29","","66.37121213"
"SUBA","2013-11-28","","44.70833333"
"SUBA","2013-11-27","","49.52272726"
"SUBA","2013-11-26","","65.6388889"
"SUBA","2013-11-25","","57.1969697"
"SUBA","2013-11-24","","46.38194444"
"SUBA","2013-11-23","","55.91666667"
"SUBA","2013-11-22","","66.84722222"
"SUBA","2013-11-21","","60.5486111"
"SUBA","2013-11-20","","70.84722223"
"SUBA","2013-11-19","","86.85416667"
"SUBA","2013-11-18","","64.47916667"
"SUBA","2013-11-17","","49.375"
"SUBA","2013-11-16","","62.1984127"
"SUBA","2013-11-15","","54.4074074"
"SUBA","2013-11-13","","54.41666666"
"SUBA","2013-11-12","","48.3125"
"SUBA","2013-11-11","","37.33333334"
"SUBA","2013-11-10","","43.38888889"
"SUBA","2013-11-09","","71.72916667"
"SUBA","2013-11-08","","48.00694444"
"SUBA","2013-11-07","","40.25694445"
"SUBA","2013-11-06","","62.43749999"
"SUBA","2013-11-05","","55.15972223"
"SUBA","2013-11-04","","38.56944444"
"SUBA","2013-11-03","","43.17361111"
"SUBA","2013-11-02","","62.78472223"
"SUBA","2013-11-01","","60.38888888"
"SUBA","2013-10-31","","40.21212121"
"SUBA","2013-10-30","","58.01515151"
"SUBA","2013-10-29","","55.92361111"
"SUBA","2013-10-28","","78.20833333"
"SUBA","2013-10-27","","54.6388889"
"SUBA","2013-10-26","","71.82638889"
"SUBA","2013-10-25","","49.34027779"
"SUBA","2013-10-24","","46.04861113"
"SUBA","2013-10-23","","70.56944445"
"SUBA","2013-10-22","","46.75694444"
"SUBA","2013-10-21","","50.97916667"
"SUBA","2013-10-20","","49.81944445"
"SUBA","2013-10-19","","54.06250001"
"SUBA","2013-10-18","","64.64583334"
"SUBA","2013-10-17","","50.70138888"
"SUBA","2013-10-16","","65.49305555"
"SUBA","2013-10-15","","55.66666667"
"SUBA","2013-10-14","","44.09027778"
"SUBA","2013-10-13","","59.625"
"SUBA","2013-10-12","","51.22916666"
"SUBA","2013-10-11","","73.21527778"
"SUBA","2013-10-10","","67.77083332"
"SUBA","2013-10-09","","61.4861111"
"SUBA","2013-10-08","","48.83333334"
"SUBA","2013-10-07","","57.65972222"
"SUBA","2013-10-06","","56.2638889"
"SUBA","2013-10-05","","49.02777778"
"SUBA","2013-10-04","","40.81944445"
"SUBA","2013-10-03","","50.3888889"
"SUBA","2013-10-02","","42.81250001"
"SUBA","2013-10-01","","68.70833333"
"SUBA","2013-09-30","","50.22222223"
"SUBA","2013-09-27","","53.91176471"
"SUBA","2013-09-26","","49.52777778"
"SUBA","2013-09-25","","54.15277778"
"SUBA","2013-09-24","","54.08333333"
"SUBA","2013-09-23","","51.94444443"
"SUBA","2013-09-22","","50.18055555"
"SUBA","2013-09-21","","60.48611111"
"SUBA","2013-09-20","","57.56818181"
"SUBA","2013-09-19","","44.0625"
"SUBA","2013-09-18","","55.875"
"SUBA","2013-09-17","","56.18421054"
"SUBA","2013-09-16","","44.54166666"
"SUBA","2013-09-15","","37.64583334"
"SUBA","2013-09-14","","53.3125"
"SUBA","2013-09-13","","87.88888889"
"SUBA","2013-09-12","","70.85714286"
"SUBA","2013-09-10","","60.91666666"
"SUBA","2013-09-09","","49.65277778"
"SUBA","2013-09-08","","35.27083334"
"SUBA","2013-09-07","","52.375"
"SUBA","2013-09-06","","47.13194444"
"SUBA","2013-09-05","","48.83333333"
"SUBA","2013-09-01","","30.99999999"
"SUBA","2013-08-31","","34.71527777"
"SUBA","2013-08-30","","44.54861111"
"SUBA","2013-08-29","","36.54861111"
"SUBA","2013-08-28","","43.03472222"
"SUBA","2013-08-27","","39.71794871"
"SUBA","2013-08-23","","56.95000001"
"SUBA","2013-08-22","","46.08333334"
"SUBA","2013-08-21","","35.875"
"SUBA","2013-08-20","","35.02083334"
"SUBA","2013-08-19","","30.08333334"
"SUBA","2013-08-18","","32.875"
"SUBA","2013-08-17","","42.00793651"
"SUBA","2013-08-15","","23.93333332"
"SUBA","2013-08-14","","37.69047618"
"SUBA","2013-08-13","","43.45833333"
"SUBA","2013-08-12","","42.92361112"
"SUBA","2013-08-11","","36.5"
"SUBA","2013-08-10","","53.46527778"
"SUBA","2013-08-09","","71.31944444"
"SUBA","2013-08-08","","53.05555556"
"SUBA","2013-08-07","","54.63888889"
"SUBA","2013-08-06","","78.0625"
"SUBA","2013-08-05","","62.64583333"
"SUBA","2013-08-04","","44.01388889"
"SUBA","2013-08-03","","42.74305555"
"SUBA","2013-08-02","","36.6875"
"SUBA","2013-08-01","","48.16666666"
"SUBA","2013-07-31","","42.06944445"
"SUBA","2013-07-30","","52.0138889"
"SUBA","2013-07-29","","36.36956522"
"SUBA","2013-07-28","","29.6969697"
"SUBA","2013-07-27","","38.82638889"
"SUBA","2013-07-26","","35.28472222"
"SUBA","2013-07-25","","39.19444444"
"SUBA","2013-07-24","","40.77083333"
"SUBA","2013-07-23","","48.14583333"
"SUBA","2013-07-22","","46.34027778"
"SUBA","2013-07-21","","28.61805556"
"SUBA","2013-07-20","","52.47916666"
"SUBA","2013-07-19","","54.47727273"
"SUBA","2013-07-18","","52.27777778"
"SUBA","2013-07-17","","39.23611112"
"SUBA","2013-07-16","","35.69444444"
"SUBA","2013-07-15","","40.125"
"SUBA","2013-07-14","","49.58333333"
"SUBA","2013-07-13","","65.64583333"
"SUBA","2013-07-12","","54.05555556"
"SUBA","2013-07-11","","51.84027777"
"SUBA","2013-07-10","","44.67592593"
"SUBA","2013-07-09","","46.72916668"
"SUBA","2013-07-08","","57.33333333"
"SUBA","2013-07-07","","41.22916667"
"SUBA","2013-07-06","","47.15277777"
"SUBA","2013-07-05","","53.86111111"
"SUBA","2013-07-04","","75.86111111"
"SUBA","2013-07-03","","58.54166667"
"SUBA","2013-07-02","","45.67361111"
"SUBA","2013-07-01","","30.25"
"SUBA","2013-06-30","","48.55555556"
"SUBA","2013-06-29","","59.45138889"
"SUBA","2013-06-28","","48.79166667"
"SUBA","2013-06-27","","56.75694445"
"SUBA","2013-06-26","","49.89393938"
"SUBA","2013-06-25","","63.29861111"
"SUBA","2013-06-24","","38.70138889"
"SUBA","2013-06-23","","46.07638888"
"SUBA","2013-06-22","","52.64583334"
"SUBA","2013-06-21","","54.76388889"
"SUBA","2013-06-20","","49.15972223"
"SUBA","2013-06-19","","47.53472222"
"SUBA","2013-06-18","","59.77777778"
"SUBA","2013-06-17","","46.94444444"
"SUBA","2013-06-16","","33.78472223"
"SUBA","2013-06-15","","50.52777778"
"SUBA","2013-06-14","","54.04166667"
"SUBA","2013-06-13","","54.1875"
"SUBA","2013-06-12","","40.09722223"
"SUBA","2013-06-11","","42.39583333"
"SUBA","2013-06-10","","36.77083333"
"SUBA","2013-06-09","","34.75694444"
"SUBA","2013-06-08","","38.15277778"
"SUBA","2013-06-07","","40.625"
"SUBA","2013-06-06","","61.23611111"
"SUBA","2013-06-05","","56.57407408"
"SUBA","2013-06-02","","42.0"
"SUBA","2013-06-01","","54.32638889"
"SUBA","2013-05-31","","37.57638889"
"SUBA","2013-05-30","","57.3125"
"SUBA","2013-05-29","","56.81944445"
"SUBA","2013-05-28","","51.91666667"
"SUBA","2013-05-27","","47.1875"
"SUBA","2013-05-26","","41.04166667"
"SUBA","2013-05-25","","47.49305555"
"SUBA","2013-05-24","","40.50694445"
"SUBA","2013-05-23","","44.51388889"
"SUBA","2013-05-22","","38.25"
"SUBA","2013-05-21","","40.11805555"
"SUBA","2013-05-20","","50.79166667"
"SUBA","2013-05-19","","36.92361111"
"SUBA","2013-05-18","","51.88888889"
"SUBA","2013-05-17","","45.73913043"
"SUBA","2013-05-16","","53.38194445"
"SUBA","2013-05-15","","46.77777778"
"SUBA","2013-05-14","","47.66666667"
"SUBA","2013-05-13","","41.29166667"
"SUBA","2013-05-12","","45.04861111"
"SUBA","2013-05-11","","56.72916667"
"SUBA","2013-05-10","","45.06944445"
"SUBA","2013-05-09","","44.375"
"SUBA","2013-05-08","","49.06944445"
"SUBA","2013-05-07","","55.79166666"
"SUBA","2013-05-06","","57.29861112"
"SUBA","2013-05-05","","38.17361111"
"SUBA","2013-05-04","","62.99305556"
"SUBA","2013-05-03","","49.27083333"
"SUBA","2013-05-02","","48.0138889"
"SUBA","2013-05-01","","41.02777778"
"SUBA","2013-04-30","","51.78472223"
"SUBA","2013-04-29","","45.45454546"
"SUBA","2013-04-28","","56.22916666"
"SUBA","2013-04-27","","46.89583333"
"SUBA","2013-04-26","","48.9375"
"SUBA","2013-04-25","","50.66666667"
"SUBA","2013-04-24","","59.53472222"
"SUBA","2013-04-23","","65.1875"
"SUBA","2013-04-22","","57.78985507"
"SUBA","2013-04-21","","41.96527777"
"SUBA","2013-04-20","","46.33333333"
"SUBA","2013-04-19","","46.15972223"
"SUBA","2013-04-18","","54.66666668"
"SUBA","2013-04-17","","49.95833333"
"SUBA","2013-04-16","","45.30555555"
"SUBA","2013-04-15","","41.7986111"
"SUBA","2013-04-14","","49.70138888"
"SUBA","2013-04-13","","69.43055557"
"SUBA","2013-04-12","","72.46969698"
"SUBA","2013-04-11","","75.13333334"
"SUBA","2013-04-10","","95.5925926"
"SUBA","2013-04-07","","65.11538461"
"SUBA","2013-04-06","","72.63888888"
"SUBA","2013-04-05","","74.93055556"
"SUBA","2013-04-04","","78.5763889"
"SUBA","2013-04-03","","74.5138889"
"SUBA","2013-04-02","","75.20833334"
"SUBA","2013-04-01","","62.06944444"
"SUBA","2013-03-31","","38.40972222"
"SUBA","2013-03-30","","42.11805555"
"SUBA","2013-03-29","","48.28472222"
"SUBA","2013-03-28","","62.34027777"
"SUBA","2013-03-27","","65.4375"
"SUBA","2013-03-26","","61.38194443"
"SUBA","2013-03-25","","54.29710145"
"SUBA","2013-03-24","","56.08333333"
"SUBA","2013-03-23","","73.25"
"SUBA","2013-03-22","","51.02083333"
"SUBA","2013-03-21","","62.06944444"
"SUBA","2013-03-20","","60.38888888"
"SUBA","2013-03-19","","59.57638889"
"SUBA","2013-03-18","","57.43055555"
"SUBA","2013-03-17","","50.29861111"
"SUBA","2013-03-16","","66.52777778"
"SUBA","2013-03-15","","64.50724637"
"SUBA","2013-03-14","","66.04166667"
"SUBA","2013-03-13","","64.42361111"
"SUBA","2013-03-12","","70.81944445"
"SUBA","2013-03-11","","70.38888889"
"SUBA","2013-03-10","","58.38888889"
"SUBA","2013-03-09","","73.16666666"
"SUBA","2013-03-08","","75.86805555"
"SUBA","2013-03-07","","72.16666667"
"SUBA","2013-03-06","","67.85416667"
"SUBA","2013-03-05","","56.74305556"
"SUBA","2013-03-04","","64.58333333"
"SUBA","2013-03-03","","63.13888889"
"SUBA","2013-03-02","","63.82352941"
"SUBA","2013-03-01","","42.75694444"
"SUBA","2013-02-28","","52.4375"
"SUBA","2013-02-27","","64.80555555"
"SUBA","2013-02-26","","66.15079365"
"SUBA","2013-02-25","","61.45833333"
"SUBA","2013-02-24","","48.43055556"
"SUBA","2013-02-23","","63.95833333"
"SUBA","2013-02-22","","66.80555556"
"SUBA","2013-02-21","","61.875"
"SUBA","2013-02-20","","56.40277778"
"SUBA","2013-02-19","","57.61805556"
"SUBA","2013-02-18","","53.56944445"
"SUBA","2013-02-17","","56.74305555"
"SUBA","2013-02-16","","71.93055555"
"SUBA","2013-02-15","","71.56944445"
"SUBA","2013-02-14","","60.66666667"
"SUBA","2013-02-13","","60.3888889"
"SUBA","2013-02-12","","58.13194444"
"SUBA","2013-02-11","","59.44444444"
"SUBA","2013-02-10","","49.4861111"
"SUBA","2013-02-09","","44.50793651"
"SUBA","2013-02-08","","56.39583333"
"SUBA","2013-02-07","","62.43333334"
"SUBA","2013-02-06","","58.61805557"
"SUBA","2013-02-05","","58.9375"
"SUBA","2013-02-04","","57.80555556"
"SUBA","2013-02-03","","55.96212121"
"SUBA","2013-02-02","","61.03472223"
"SUBA","2013-02-01","","63.89583333"
"SUBA","2013-01-31","","70.1736111"
"SUBA","2013-01-30","","68.54861111"
"SUBA","2013-01-29","","70.28985507"
"SUBA","2013-01-28","","56.80555555"
"SUBA","2013-01-27","","56.375"
"SUBA","2013-01-26","","58.07638888"
"SUBA","2013-01-25","","67.54166667"
"SUBA","2013-01-24","","71.23333334"
"SUBA","2013-01-23","","65.0763889"
"SUBA","2013-01-22","","62.69444444"
"SUBA","2013-01-21","","57.47222223"
"SUBA","2013-01-20","","51.06944444"
"SUBA","2013-01-19","","62.35416666"
"SUBA","2013-01-18","","62.94444445"
"SUBA","2013-01-17","","89.35416667"
"SUBA","2013-01-16","","83.29545455"
"SUBA","2013-01-15","","85.22222223"
"SUBA","2013-01-14","","70.06944445"
"SUBA","2013-01-13","","68.13888888"
"SUBA","2013-01-12","","74.54861111"
"SUBA","2013-01-11","","59.96212121"
"SUBA","2013-01-10","","54.88888888"
"SUBA","2013-01-09","","69.04166666"
"SUBA","2013-01-08","","61.04166667"
"SUBA","2013-01-07","","46.98611111"
"SUBA","2013-01-06","","38.60416667"
"SUBA","2013-01-05","","49.47916667"
"SUBA","2013-01-04","","48.14583333"
"SUBA","2013-01-03","","51.97916668"
"SUBA","2013-01-02","","50.38194445"
"SUBA","2013-01-01","","58.71527778"
"SUBA","2012-12-31","","48.06944444"
"SUBA","2012-12-30","","39.90277778"
"SUBA","2012-12-29","","48.11805555"
"SUBA","2012-12-28","","57.47916667"
"SUBA","2012-12-27","","39.98611112"
"SUBA","2012-12-26","","50.15277778"
"SUBA","2012-12-25","","51.57638888"
"SUBA","2012-12-24","","46.44444444"
"SUBA","2012-12-23","","46.80555555"
"SUBA","2012-12-22","","55.86111111"
"SUBA","2012-12-21","","67.35416667"
"SUBA","2012-12-20","","55.22916665"
"SUBA","2012-12-19","","59.38194444"
"SUBA","2012-12-18","","51.34027778"
"SUBA","2012-12-17","","57.02083332"
"SUBA","2012-12-16","","44.95833334"
"SUBA","2012-12-15","","46.15972223"
"SUBA","2012-12-14","","44.11805556"
"SUBA","2012-12-13","","53.125"
"SUBA","2012-12-12","","71.60416666"
"SUBA","2012-12-11","","72.9090909"
"SUBA","2012-12-10","","59.22222221"
"SUBA","2012-12-09","","39.86111111"
"SUBA","2012-12-08","","64.58333333"
"SUBA","2012-12-07","","79.26388889"
"SUBA","2012-12-06","","61.74305556"
"SUBA","2012-12-05","","43.20833333"
"SUBA","2012-12-04","","57.3125"
"SUBA","2012-12-03","","56.51851852"
"SUBA","2012-12-02","","42.45833334"
"SUBA","2012-12-01","","40.33333334"
"SUBA","2012-11-30","","53.89583334"
"SUBA","2012-11-29","","68.25"
"SUBA","2012-11-28","","65.27777777"
"SUBA","2012-11-27","","63.24305555"
"SUBA","2012-11-26","","46.29861112"
"SUBA","2012-11-25","","53.24305555"
"SUBA","2012-11-24","","77.25"
"SUBA","2012-11-23","","75.18055556"
"SUBA","2012-11-22","","76.61805555"
"SUBA","2012-11-21","","78.15972221"
"SUBA","2012-11-20","","68.99305555"
"SUBA","2012-11-19","","72.0"
"SUBA","2012-11-18","","44.34027778"
"SUBA","2012-11-17","","46.44444445"
"SUBA","2012-11-16","","45.07777777"
"SUBA","2012-11-15","","57.19444445"
"SUBA","2012-11-14","","61.49305555"
"SUBA","2012-11-13","","62.74305555"
"SUBA","2012-11-12","","52.49166667"
"SUBA","2012-11-11","","57.46527778"
"SUBA","2012-11-10","","65.03472223"
"SUBA","2012-11-09","","66.34027778"
"SUBA","2012-11-08","","56.65277778"
"SUBA","2012-11-07","","76.95"
"SUBA","2012-11-03","","62.91666666"
"SUBA","2012-11-02","","66.55555556"
"SUBA","2012-11-01","","62.06944444"
"SUBA","2012-10-31","","65.93055555"
"SUBA","2012-10-30","","66.88194445"
"SUBA","2012-10-29","","71.75694444"
"SUBA","2012-10-28","","49.05555555"
"SUBA","2012-10-27","","68.34027778"
"SUBA","2012-10-26","","75.98611112"
"SUBA","2012-10-25","","78.63194444"
"SUBA","2012-10-24","","61.28472223"
"SUBA","2012-10-23","","61.78472223"
"SUBA","2012-10-22","","67.60416667"
"SUBA","2012-10-21","","57.5"
"SUBA","2012-10-20","","60.2638889"
"SUBA","2012-10-19","","41.77777778"
"SUBA","2012-10-18","","38.45833333"
"SUBA","2012-10-17","","48.54166666"
"SUBA","2012-10-16","","49.75"
"SUBA","2012-10-15","","59.28472222"
"SUBA","2012-10-14","","74.18055555"
"SUBA","2012-10-13","","52.16666666"
"SUBA","2012-10-12","","68.44305556"
"SUBA","2012-10-11","","65.92361111"
"SUBA","2012-10-10","","67.11111111"
"SUBA","2012-10-09","","54.80555555"
"SUBA","2012-10-08","","46.39583333"
"SUBA","2012-10-07","","39.04861111"
"SUBA","2012-10-06","","52.05555556"
"SUBA","2012-10-05","","67.88888889"
"SUBA","2012-10-04","","55.29861111"
"SUBA","2012-10-03","","71.125"
"SUBA","2012-10-02","","60.95833333"
"SUBA","2012-10-01","","48.95833335"
"SUBA","2012-09-30","","36.16666667"
"SUBA","2012-09-29","","49.75"
"SUBA","2012-09-28","","55.86805555"
"SUBA","2012-09-27","","51.93055555"
"SUBA","2012-09-26","","52.45138889"
"SUBA","2012-09-25","","54.31944444"
"SUBA","2012-09-24","","55.57142859"
"SUBA","2012-09-22","","51.18939394"
"SUBA","2012-09-21","","40.38194445"
"SUBA","2012-09-20","","52.47916666"
"SUBA","2012-09-19","","68.69444445"
"SUBA","2012-09-18","","61.5625"
"SUBA","2012-09-17","","58.1060606"
"SUBA","2012-09-16","","43.47222223"
"SUBA","2012-09-15","","58.41666668"
"SUBA","2012-09-14","","62.87037036"
"SUBA","2012-08-16","","55.49565217"
"SUBA","2012-08-15","","58.18055555"
"SUBA","2012-08-14","","42.875"
"SUBA","2012-08-13","","38.65972222"
"SUBA","2012-08-12","","39.14583334"
"SUBA","2012-08-11","","41.61111111"
"SUBA","2012-08-10","","41.33333333"
"SUBA","2012-08-09","","46.62698412"
"SUBA","2012-08-08","","45.41666666"
"SUBA","2012-08-07","","40.94444443"
"SUBA","2012-08-06","","39.67361111"
"SUBA","2012-08-05","","34.96527778"
"SUBA","2012-08-04","","46.70138889"
"SUBA","2012-08-03","","60.41666667"
"SUBA","2012-08-02","","55.875"
"SUBA","2012-08-01","","41.76388888"
"SUBA","2012-07-31","","43.43750001"
"SUBA","2012-07-30","","34.13888889"
"SUBA","2012-07-29","","33.97916667"
"SUBA","2012-07-28","","47.79487179"
"SUBA","2012-07-23","","26.5"
"SUBA","2012-07-22","","28.87499999"
"SUBA","2012-07-21","","44.99305555"
"SUBA","2012-07-20","","34.62500001"
"SUBA","2012-07-19","","47.63194445"
"SUBA","2012-07-18","","43.34722223"
"SUBA","2012-07-17","","46.45833333"
"SUBA","2012-07-16","","51.79861111"
"SUBA","2012-07-15","","29.63194445"
"SUBA","2012-07-14","","31.13194444"
"SUBA","2012-07-13","","44.85416666"
"SUBA","2012-07-12","","46.1875"
"SUBA","2012-07-11","","37.33333334"
"SUBA","2012-07-10","","43.41666666"
"SUBA","2012-07-09","","47.77083334"
"SUBA","2012-07-08","","39.63888888"
"SUBA","2012-07-07","","47.09722222"
"SUBA","2012-07-06","","53.41666667"
"SUBA","2012-07-05","","51.84313724"
"SUBA","2012-07-04","","44.04861111"
"SUBA","2012-07-03","","41.27777778"
"SUBA","2012-07-02","","29.88888889"
"SUBA","2012-07-01","","28.79861111"
"SUBA","2012-06-30","","42.71527777"
"SUBA","2012-06-29","","60.84722223"
"SUBA","2012-06-28","","40.82575758"
"SUBA","2012-06-27","","37.26388889"
"SUBA","2012-06-26","","35.70833333"
"SUBA","2012-06-25","","61.77777777"
"SUBA","2012-06-23","","61.37499998"
"SUBA","2012-06-22","","58.33333333"
"SUBA","2012-06-21","","44.27083333"
"SUBA","2012-06-20","","51.29861112"
"SUBA","2012-06-19","","50.38194444"
"SUBA","2012-06-18","","36.65277778"
"SUBA","2012-06-17","","40.92361112"
"SUBA","2012-06-16","","39.24305555"
"SUBA","2012-06-15","","49.10416666"
"SUBA","2012-06-14","","44.95833332"
"SUBA","2012-06-13","","40.10416667"
"SUBA","2012-06-12","","37.67361111"
"SUBA","2012-06-11","","30.78472222"
"SUBA","2012-06-10","","37.22500001"
"SUBA","2012-06-09","","37.19444443"
"SUBA","2012-06-01","","48.375"
"SUBA","2012-05-22","","45.95370371"
"SUBA","2012-05-21","","38.97916666"
"SUBA","2012-05-20","","50.34027778"
"SUBA","2012-05-19","","46.93750001"
"SUBA","2012-05-18","","64.15277777"
"SUBA","2012-05-17","","59.81944445"
"SUBA","2012-05-16","","57.45833333"
"SUBA","2012-05-15","","72.65972223"
"SUBA","2012-05-14","","64.74305557"
"SUBA","2012-05-13","","37.82638889"
"SUBA","2012-05-12","","44.51388888"
"SUBA","2012-05-11","","65.125"
"SUBA","2012-05-10","","60.40972222"
"SUBA","2012-05-09","","54.72916666"
"SUBA","2012-05-08","","54.46527778"
"SUBA","2012-05-07","","51.48611111"
"SUBA","2012-05-06","","51.16666667"
"SUBA","2012-05-05","","62.50694444"
"SUBA","2012-05-04","","43.81481482"
"SUBA","2012-05-03","","48.77380951"
"SUBA","2012-05-02","","42.20833333"
"SUBA","2012-05-01","","29.91304348"
"SUBA","2012-04-30","","45.55"
"SUBA","2012-04-27","","64.1666667"
"SUBA","2012-04-26","","69.88194444"
"SUBA","2012-04-25","","71.4375"
"SUBA","2012-04-24","","60.09027777"
"SUBA","2012-04-23","","52.68055555"
"SUBA","2012-04-22","","35.84722222"
"SUBA","2012-04-21","","49.82638889"
"SUBA","2012-04-20","","71.8125"
"SUBA","2012-04-19","","67.50694445"
"SUBA","2012-04-18","","64.08333333"
"SUBA","2012-04-17","","66.22916666"
"SUBA","2012-04-16","","50.07575757"
"SUBA","2012-04-15","","50.14583334"
"SUBA","2012-04-14","","68.6875"
"SUBA","2012-04-13","","54.6111111"
"SUBA","2012-04-12","","36.69444444"
"SUBA","2012-04-11","","45.94444444"
"SUBA","2012-04-10","","60.75"
"SUBA","2012-04-09","","45.21527777"
"SUBA","2012-04-08","","41.60416667"
"SUBA","2012-04-07","","32.60416668"
"SUBA","2012-04-06","","41.48611111"
"SUBA","2012-04-05","","50.00694444"
"SUBA","2012-04-04","","67.66666665"
"SUBA","2012-04-03","","64.15277778"
"SUBA","2012-04-02","","59.50694445"
"SUBA","2012-04-01","","45.3125"
"SUBA","2012-03-31","","47.15972222"
"SUBA","2012-03-30","","53.84027777"
"SUBA","2012-03-29","","60.59027778"
"SUBA","2012-03-28","","59.73611111"
"SUBA","2012-03-27","","65.71527778"
"SUBA","2012-03-26","","45.35416667"
"SUBA","2012-03-25","","40.66666667"
"SUBA","2012-03-24","","70.40277778"
"SUBA","2012-03-23","","71.9047619"
"SUBA","2012-03-22","","60.21527778"
"SUBA","2012-03-21","","57.42361111"
"SUBA","2012-03-20","","62.21969697"
"SUBA","2012-03-19","","45.76388889"
"SUBA","2012-03-18","","47.86805555"
"SUBA","2012-03-17","","40.52777778"
"SUBA","2012-03-16","","64.34027778"
"SUBA","2012-03-15","","63.74305556"
"SUBA","2012-03-14","","71.95138888"
"SUBA","2012-03-13","","57.04861111"
"SUBA","2012-03-12","","41.78472222"
"SUBA","2012-03-11","","31.18055556"
"SUBA","2012-03-10","","48.29861111"
"SUBA","2012-03-09","","56.7013889"
"SUBA","2012-03-08","","64.56944444"
"SUBA","2012-03-07","","58.34722223"
"SUBA","2012-03-06","","60.09027778"
"SUBA","2012-03-05","","60.41666667"
"SUBA","2012-03-04","","38.24305556"
"SUBA","2012-03-03","","45.51388888"
"SUBA","2012-03-02","","66.09027778"
"SUBA","2012-03-01","","66.20833333"
"SUBA","2012-02-29","","57.44444445"
"SUBA","2012-02-28","","70.46969697"
"SUBA","2012-02-27","","51.40972223"
"SUBA","2012-02-26","","44.88194444"
"SUBA","2012-02-25","","63.86805556"
"SUBA","2012-02-24","","63.22916668"
"SUBA","2012-02-23","","73.83333333"
"SUBA","2012-02-22","","69.99305555"
"SUBA","2012-02-21","","68.22222223"
"SUBA","2012-02-20","","66.09027778"
"SUBA","2012-02-19","","49.6875"
"SUBA","2012-02-18","","80.11805557"
"SUBA","2012-02-17","","78.45833334"
"SUBA","2012-02-16","","67.3125"
"SUBA","2012-02-15","","57.80555555"
"SUBA","2012-02-14","","44.875"
"SUBA","2012-02-13","","50.09027778"
"SUBA","2012-02-12","","46.18055556"
"SUBA","2012-02-11","","53.0763889"
"SUBA","2012-02-10","","70.54861111"
"SUBA","2012-02-09","","67.62878789"
"SUBA","2012-02-08","","50.7"
"SUBA","2012-02-07","","41.83333333"
"SUBA","2012-02-06","","29.1388889"
"SUBA","2012-02-03","","56.625"
"SUBA","2012-02-02","","65.59722223"
"SUBA","2012-02-01","","64.47222223"
"SUBA","2012-01-31","","63.54545454"
"SUBA","2012-01-30","","54.65277777"
"SUBA","2012-01-29","","54.11805556"
"SUBA","2012-01-28","","56.125"
"SUBA","2012-01-27","","54.54166667"
"SUBA","2012-01-26","","65.29166667"
"SUBA","2012-01-25","","52.97222222"
"SUBA","2012-01-24","","57.12121213"
"SUBA","2012-01-23","","51.87499999"
"SUBA","2012-01-22","","42.50694445"
"SUBA","2012-01-21","","54.86111111"
"SUBA","2012-01-20","","44.66666667"
"SUBA","2012-01-19","","43.97222223"
"SUBA","2012-01-18","","55.44444445"
"SUBA","2012-01-17","","48.6875"
"SUBA","2012-01-16","","49.65972221"
"SUBA","2012-01-15","","37.36805555"
"SUBA","2012-01-14","","49.27083333"
"SUBA","2012-01-13","","47.8611111"
"SUBA","2012-01-12","","57.09027778"
"SUBA","2012-01-11","","55.45833334"
"SUBA","2012-01-10","","55.93055555"
"SUBA","2012-01-09","","34.85416666"
"SUBA","2012-01-08","","44.88888889"
"SUBA","2012-01-07","","45.67361112"
"SUBA","2012-01-06","","54.00724638"
"SUBA","2012-01-05","","52.74305556"
"SUBA","2012-01-04","","51.45833333"
"SUBA","2012-01-03","","58.34722222"
"SUBA","2012-01-02","","49.18055556"
"SUBA","2012-01-01","","63.11111111"
"SUBA","2011-12-31","","40.38194444"
"SUBA","2011-12-30","","55.21212122"
"SUBA","2011-12-27","","56.06666667"
"SUBA","2011-12-26","","46.77777779"
"SUBA","2011-12-25","","44.99999999"
"SUBA","2011-12-24","","42.77777778"
"SUBA","2011-12-23","","62.88888889"
"SUBA","2011-12-22","","61.27777779"
"SUBA","2011-12-21","","42.39583333"
"SUBA","2011-12-20","","50.86111111"
"SUBA","2011-12-19","","43.7361111"
"SUBA","2011-12-18","","38.99305556"
"SUBA","2011-12-17","","49.02083333"
"SUBA","2011-12-16","","38.43055557"
"SUBA","2011-12-15","","45.21527778"
"SUBA","2011-12-14","","41.35416666"
"SUBA","2011-12-09","","51.66666667"
"SUBA","2011-12-08","","55.97916667"
"SUBA","2011-12-07","","44.36805557"
"SUBA","2011-12-06","","53.93055555"
"SUBA","2011-12-05","","48.86805556"
"SUBA","2011-12-04","","55.48550725"
"SUBA","2011-12-03","","58.54861112"
"SUBA","2011-12-02","","40.9861111"
"SUBA","2011-12-01","","35.06521739"
"SUBA","2011-11-30","","47.06944445"
"SUBA","2011-11-29","","37.14583333"
"SUBA","2011-11-28","","48.31250001"
"SUBA","2011-11-27","","55.3263889"
"SUBA","2011-11-26","","48.22222223"
"SUBA","2011-11-25","","49.35416668"
"SUBA","2011-11-24","","47.53472222"
"SUBA","2011-11-23","","45.02083334"
"SUBA","2011-11-22","","57.47916666"
"SUBA","2011-11-21","","49.50724637"
"SUBA","2011-11-20","","36.40972222"
"SUBA","2011-11-19","","30.3125"
"SUBA","2011-11-18","","44.08333333"
"SUBA","2011-11-17","","48.40972222"
"SUBA","2011-11-16","","50.33333333"
"SUBA","2011-11-15","","52.41666666"
"SUBA","2011-11-14","","47.76388888"
"SUBA","2011-11-13","","53.02083334"
"SUBA","2011-11-12","","44.99305555"
"SUBA","2011-11-11","","51.81944445"
"SUBA","2011-11-10","","51.65972223"
"SUBA","2011-11-09","","43.96527778"
"SUBA","2011-11-08","","42.93478261"
"SUBA","2011-11-07","","34.64583334"
"SUBA","2011-11-06","","49.97916667"
"SUBA","2011-11-05","","69.58333334"
"SUBA","2011-11-04","","70.45138889"
"SUBA","2011-11-03","","68.71527778"
"SUBA","2011-11-02","","58.34027779"
"SUBA","2011-11-01","","64.86805555"
"SUBA","2011-10-31","","49.15972222"
"SUBA","2011-10-30","","48.02777778"
"SUBA","2011-10-29","","48.34027778"
"SUBA","2011-10-28","","49.88888889"
"SUBA","2011-10-27","","61.26515152"
"SUBA","2011-10-26","","64.52777778"
"SUBA","2011-10-25","","35.88194444"
"SUBA","2011-10-24","","43.21527778"
"SUBA","2011-10-23","","46.375"
"SUBA","2011-10-22","","50.38888888"
"SUBA","2011-10-21","","50.77083334"
"SUBA","2011-10-20","","41.7638889"
"SUBA","2011-10-19","","38.98611112"
"SUBA","2011-10-18","","29.3125"
"SUBA","2011-10-17","","34.19444444"
"SUBA","2011-10-16","","33.99305556"
"SUBA","2011-10-15","","34.0486111"
"SUBA","2011-10-14","","53.5"
"SUBA","2011-10-13","","37.64583333"
"SUBA","2011-10-12","","38.03472223"
"SUBA","2011-10-11","","39.09722222"
"SUBA","2011-10-10","","58.29166667"
"SUBA","2011-10-09","","45.70138889"
"SUBA","2011-10-08","","51.77083334"
"SUBA","2011-10-07","","53.94444445"
"SUBA","2011-10-06","","59.86111111"
"SUBA","2011-10-05","","58.13194444"
"SUBA","2011-10-04","","48.88194445"
"SUBA","2011-10-03","","55.15972222"
"SUBA","2011-10-02","","46.80555557"
"SUBA","2011-10-01","","56.8125"
"SUBA","2011-09-30","","73.95138889"
"SUBA","2011-09-29","","54.0625"
"SUBA","2011-09-28","","57.88194445"
"SUBA","2011-09-27","","60.59027777"
"SUBA","2011-09-26","","55.93333333"
"SUBA","2011-09-17","","61.43055555"
"SUBA","2011-09-16","","76.13768116"
"SUBA","2011-09-15","","68.61805555"
"SUBA","2011-09-14","","55.21014493"
"SUBA","2011-09-13","","56.85416667"
"SUBA","2011-09-12","","46.47916666"
"SUBA","2011-09-09","","41.06666666"
"SUBA","2011-09-08","","66.03472223"
"SUBA","2011-09-07","","57.29861111"
"SUBA","2011-09-06","","57.54166667"
"SUBA","2011-09-05","","52.75694445"
"SUBA","2011-09-04","","38.15277777"
"SUBA","2011-09-03","","61.81944445"
"SUBA","2011-09-02","","62.59027778"
"SUBA","2011-09-01","","52.45833333"
"SUBA","2011-08-31","","49.24305556"
"SUBA","2011-08-30","","53.875"
"SUBA","2011-08-29","","48.21527778"
"SUBA","2011-08-28","","42.73611111"
"SUBA","2011-08-27","","54.70833334"
"SUBA","2011-08-26","","51.40972221"
"SUBA","2011-08-25","","53.2986111"
"SUBA","2011-08-24","","54.46527778"
"SUBA","2011-08-23","","52.56249999"
"SUBA","2011-08-22","","65.1388889"
"SUBA","2011-08-20","","61.87037036"
"SUBA","2011-08-19","","63.36231883"
"SUBA","2011-08-18","","48.33333333"
"SUBA","2011-08-17","","50.96527778"
"SUBA","2011-08-16","","41.875"
"SUBA","2011-08-15","","35.40972223"
"SUBA","2011-08-14","","42.5625"
"SUBA","2011-08-13","","51.66666666"
"SUBA","2011-08-12","","40.52083333"
"SUBA","2011-08-11","","48.66666665"
"SUBA","2011-08-10","","51.9375"
"SUBA","2011-08-09","","58.31944444"
"SUBA","2011-08-08","","54.48611112"
"SUBA","2011-08-07","","39.70833333"
"SUBA","2011-08-06","","50.72222222"
"SUBA","2011-08-05","","55.19444445"
"SUBA","2011-08-04","","57.94444444"
"SUBA","2011-08-03","","57.73611112"
"SUBA","2011-08-02","","77.47222222"
"SUBA","2011-08-01","","56.17361111"
"SUBA","2011-07-31","","46.06944444"
"SUBA","2011-07-30","","39.11805555"
"SUBA","2011-07-29","","57.55555555"
"SUBA","2011-07-28","","51.75694445"
"SUBA","2011-07-27","","55.51388889"
"SUBA","2011-07-26","","44.13194444"
"SUBA","2011-07-25","","40.88194443"
"SUBA","2011-07-24","","36.11805555"
"SUBA","2011-07-23","","46.52083333"
"SUBA","2011-07-22","","52.72916667"
"SUBA","2011-07-21","","47.79861112"
"SUBA","2011-07-20","","41.20138889"
"SUBA","2011-07-19","","48.13194444"
"SUBA","2011-07-18","","51.46527778"
"SUBA","2011-07-17","","49.8125"
"SUBA","2011-07-16","","53.625"
"SUBA","2011-07-15","","65.15277778"
"SUBA","2011-07-14","","58.29861111"
"SUBA","2011-07-13","","45.86111111"
"SUBA","2011-07-12","","41.9861111"
"SUBA","2011-07-11","","35.99999999"
"SUBA","2011-07-10","","33.20833333"
"SUBA","2011-07-09","","38.16666666"
"SUBA","2011-07-08","","48.85416667"
"SUBA","2011-07-07","","42.86111111"
"SUBA","2011-07-06","","49.80555556"
"SUBA","2011-07-05","","56.78472223"
"SUBA","2011-07-04","","36.82638889"
"SUBA","2011-07-03","","37.81250001"
"SUBA","2011-07-02","","54.61805555"
"SUBA","2011-07-01","","53.43939393"
"SUBA","2011-06-30","","61.9513889"
"SUBA","2011-06-29","","56.73611111"
"SUBA","2011-06-28","","56.46527778"
"SUBA","2011-06-27","","33.84722222"
"SUBA","2011-06-26","","37.13194444"
"SUBA","2011-06-25","","39.36805556"
"SUBA","2011-06-24","","47.8768116"
"SUBA","2011-06-23","","48.31944445"
"SUBA","2011-06-22","","49.3768116"
"SUBA","2011-06-21","","55.75396826"
"SUBA","2011-06-20","","51.20138888"
"SUBA","2011-06-19","","35.8611111"
"SUBA","2011-06-18","","53.11805556"
"SUBA","2011-06-17","","43.07246377"
"SUBA","2011-06-16","","56.0"
"SUBA","2011-06-15","","57.375"
"SUBA","2011-06-14","","46.875"
"SUBA","2011-06-13","","44.86805556"
"SUBA","2011-06-12","","33.60416666"
"SUBA","2011-06-11","","53.04761904"
"SUBA","2011-06-10","","57.50694444"
"SUBA","2011-06-09","","61.13492064"
"SUBA","2011-06-08","","65.22916667"
"SUBA","2011-06-07","","62.02777778"
"SUBA","2011-06-06","","42.97222222"
"SUBA","2011-06-05","","35.42753623"
"SUBA","2011-06-04","","53.58333333"
"SUBA","2011-06-03","","43.18055556"
"SUBA","2011-06-02","","47.71527777"
"SUBA","2011-06-01","","58.54166667"
"SUBA","2011-05-31","","44.1439394"
"SUBA","2011-05-30","","37.5625"
"SUBA","2011-05-29","","34.88636364"
"SUBA","2011-05-28","","44.1884058"
"SUBA","2011-05-27","","42.17361111"
"SUBA","2011-05-26","","42.79861111"
"SUBA","2011-05-25","","37.78985507"
"SUBA","2011-05-24","","52.75694445"
"SUBA","2011-05-23","","41.15972222"
"SUBA","2011-05-22","","43.06944445"
"SUBA","2011-05-21","","67.69444445"
"SUBA","2011-05-20","","74.54861111"
"SUBA","2011-05-19","","56.15277778"
"SUBA","2011-05-18","","41.30555556"
"SUBA","2011-05-17","","36.27272727"
"SUBA","2011-05-16","","46.86805556"
"SUBA","2011-05-15","","38.04347826"
"SUBA","2011-05-14","","35.31944444"
"SUBA","2011-05-13","","45.04166667"
"SUBA","2011-05-12","","42.08333333"
"SUBA","2011-05-11","","42.48611111"
"SUBA","2011-05-10","","55.09722222"
"SUBA","2011-05-09","","45.625"
"SUBA","2011-05-08","","36.08333333"
"SUBA","2011-05-07","","45.49305555"
"SUBA","2011-05-06","","53.69444444"
"SUBA","2011-05-05","","60.24637681"
"SUBA","2011-05-04","","41.25694445"
"SUBA","2011-05-03","","32.48484849"
"SUBA","2011-05-02","","45.01449276"
"SUBA","2011-05-01","","39.50694444"
"SUBA","2011-04-30","","62.98611113"
"SUBA","2011-04-29","","58.86231884"
"SUBA","2011-04-28","","56.59027778"
"SUBA","2011-04-27","","58.44444445"
"SUBA","2011-04-26","","47.78472221"
"SUBA","2011-04-25","","38.10416665"
"SUBA","2011-04-24","","39.80434783"
"SUBA","2011-04-23","","34.63768115"
"SUBA","2011-04-22","","36.48611111"
"SUBA","2011-04-21","","41.67647059"
"SUBA","2011-04-20","","35.54166667"
"SUBA","2011-04-19","","39.61111111"
"SUBA","2011-04-18","","44.95833332"
"SUBA","2011-04-17","","32.88888888"
"SUBA","2011-04-16","","43.27777778"
"SUBA","2011-04-15","","42.0"
"SUBA","2011-04-14","","62.27777779"
"SUBA","2011-04-13","","47.45138889"
"SUBA","2011-04-12","","43.03472223"
"SUBA","2011-04-11","","37.07142857"
"SUBA","2011-04-10","","31.09722222"
"SUBA","2011-04-09","","53.48039217"
"SUBA","2011-04-08","","75.02083333"
"SUBA","2011-04-07","","88.73484848"
"SUBA","2011-04-06","","58.79166667"
"SUBA","2011-04-05","","51.41666667"
"SUBA","2011-04-04","","50.08333333"
"SUBA","2011-04-03","","74.66666665"
"SUBA","2011-04-02","","66.1111111"
"SUBA","2011-04-01","","75.61805555"
"SUBA","2011-03-31","","75.79166668"
"SUBA","2011-03-30","","75.55555555"
"SUBA","2011-03-29","","67.42361111"
"SUBA","2011-03-28","","55.97222222"
"SUBA","2011-03-27","","39.91666667"
"SUBA","2011-03-26","","45.65277778"
"SUBA","2011-03-25","","45.05555556"
"SUBA","2011-03-24","","60.18115942"
"SUBA","2011-03-23","","45.70138888"
"SUBA","2011-03-22","","43.89393939"
"SUBA","2011-03-21","","32.02777777"
"SUBA","2011-03-20","","46.8125"
"SUBA","2011-03-19","","52.65151515"
"SUBA","2011-03-18","","64.30434782"
"SUBA","2011-03-17","","73.625"
"SUBA","2011-03-16","","85.8768116"
"SUBA","2011-03-15","","64.13888888"
"SUBA","2011-03-14","","47.19565218"
"SUBA","2011-03-13","","50.65079365"
"SUBA","2011-03-12","","63.70138889"
"SUBA","2011-03-11","","50.67361111"
"SUBA","2011-03-10","","41.375"
"SUBA","2011-03-09","","50.66666667"
"SUBA","2011-03-08","","58.4375"
"SUBA","2011-03-07","","58.33333333"
"SUBA","2011-03-06","","43.37500001"
"SUBA","2011-03-05","","56.61111112"
"SUBA","2011-03-04","","57.19444445"
"SUBA","2011-03-03","","29.57246377"
"SUBA","2011-03-02","","32.41666667"
"SUBA","2011-03-01","","36.79861111"
"SUBA","2011-02-28","","60.04861111"
"SUBA","2011-02-27","","46.84126984"
"SUBA","2011-02-26","","61.81818182"
"SUBA","2011-02-25","","69.43055555"
"SUBA","2011-02-24","","51.09722223"
"SUBA","2011-02-23","","63.13888889"
"SUBA","2011-02-22","","69.59722222"
"SUBA","2011-02-21","","67.3263889"
"SUBA","2011-02-20","","52.00694444"
"SUBA","2011-02-19","","57.02083333"
"SUBA","2011-02-18","","57.84027778"
"SUBA","2011-02-17","","52.79861112"
"SUBA","2011-02-16","","55.65277778"
"SUBA","2011-02-15","","64.25362318"
"SUBA","2011-02-14","","62.14583332"
"SUBA","2011-02-13","","46.94444443"
"SUBA","2011-02-12","","60.30555556"
"SUBA","2011-02-11","","66.44444445"
"SUBA","2011-02-10","","51.25694445"
"SUBA","2011-02-09","","42.34027779"
"SUBA","2011-02-08","","48.35416668"
"SUBA","2011-02-07","","56.77083334"
"SUBA","2011-02-06","","48.74637681"
"SUBA","2011-02-05","","54.9375"
"SUBA","2011-02-04","","79.25"
"SUBA","2011-02-03","","70.46527778"
"SUBA","2011-02-02","","56.59722223"
"SUBA","2011-02-01","","60.0625"
"SUBA","2011-01-31","","62.55555555"
"SUBA","2011-01-30","","52.25694444"
"SUBA","2011-01-29","","67.94444444"
"SUBA","2011-01-28","","73.35507246"
"SUBA","2011-01-27","","74.50694444"
"SUBA","2011-01-26","","70.16666667"
"SUBA","2011-01-25","","83.34027776"
"SUBA","2011-01-24","","59.67361111"
"SUBA","2011-01-23","","56.2986111"
"SUBA","2011-01-22","","60.91666666"
"SUBA","2011-01-21","","63.73611112"
"SUBA","2011-01-20","","69.09722222"
"SUBA","2011-01-19","","64.21527778"
"SUBA","2011-01-18","","64.35507246"
"SUBA","2011-01-17","","76.80952381"
"SUBA","2011-01-16","","72.77777777"
"SUBA","2011-01-15","","59.12500001"
"SUBA","2011-01-14","","56.44927537"
"SUBA","2011-01-13","","56.39583333"
"SUBA","2011-01-12","","62.5897436"
"SUBA","2011-01-09","","37.72222222"
"SUBA","2011-01-08","","47.39583334"
"SUBA","2011-01-07","","63.17361111"
"SUBA","2011-01-06","","56.72916667"
"SUBA","2011-01-05","","42.18055555"
"SUBA","2011-01-04","","58.39583333"
"SUBA","2011-01-03","","51.77777778"
"SUBA","2011-01-02","","39.97222222"
"SUBA","2011-01-01","","64.66666667"
"SUBA","2010-12-31","","50.32638889"
"SUBA","2010-12-30","","61.875"
"SUBA","2010-12-29","","60.54861111"
"SUBA","2010-12-28","","75.71527777"
"SUBA","2010-12-27","","49.42361111"
"SUBA","2010-12-26","","32.13043478"
"SUBA","2010-12-25","","51.21527778"
"SUBA","2010-12-24","","50.29166666"
"SUBA","2010-12-23","","66.91666667"
"SUBA","2010-12-22","","65.79166667"
"SUBA","2010-12-21","","54.70833334"
"SUBA","2010-12-20","","54.12878788"
"SUBA","2010-12-19","","55.15972223"
"SUBA","2010-12-18","","54.6875"
"SUBA","2010-12-17","","58.43055555"
"SUBA","2010-12-16","","45.6060606"
"SUBA","2010-12-15","","63.44927537"
"SUBA","2010-12-14","","46.98550724"
"SUBA","2010-12-13","","42.96527776"
"SUBA","2010-12-12","","48.00694445"
"SUBA","2010-12-11","","59.57971014"
"SUBA","2010-12-10","","60.48611111"
"SUBA","2010-12-09","","54.21969696"
"SUBA","2010-12-08","","73.28472222"
"SUBA","2010-12-07","","58.35416666"
"SUBA","2010-12-06","","46.40277778"
"SUBA","2010-12-05","","35.4375"
"SUBA","2010-12-04","","44.63492064"
"SUBA","2010-12-03","","56.3611111"
"SUBA","2010-12-02","","58.26190477"
"SUBA","2010-12-01","","52.13043478"
"SUBA","2010-11-30","","60.50757575"
"SUBA","2010-11-29","","56.77083333"
"SUBA","2010-11-28","","42.51515152"
"SUBA","2010-11-27","","42.98611111"
"SUBA","2010-11-26","","57.33333333"
"SUBA","2010-11-25","","57.52083333"
"SUBA","2010-11-24","","51.22222222"
"SUBA","2010-11-23","","58.96527777"
"SUBA","2010-11-22","","49.86111112"
"SUBA","2010-11-21","","48.11111111"
"SUBA","2010-11-20","","49.11111112"
"SUBA","2010-11-19","","63.75000001"
"SUBA","2010-11-18","","52.58333333"
"SUBA","2010-11-17","","46.6111111"
"SUBA","2010-11-16","","45.11805556"
"SUBA","2010-11-15","","38.07638889"
"SUBA","2010-11-14","","28.55555556"
"SUBA","2010-11-13","","55.24999999"
"SUBA","2010-11-12","","56.93939394"
"SUBA","2010-11-11","","52.36363637"
"SUBA","2010-11-10","","45.63194445"
"SUBA","2010-11-09","","55.28787878"
"SUBA","2010-11-08","","31.20833334"
"SUBA","2010-11-07","","32.33333333"
"SUBA","2010-11-06","","57.00694446"
"SUBA","2010-11-05","","65.70833333"
"SUBA","2010-11-04","","71.16666667"
"SUBA","2010-11-03","","62.24242425"
"SUBA","2010-11-02","","66.85416668"
"SUBA","2010-11-01","","48.33333333"
"SUBA","2010-10-31","","39.91666666"
"SUBA","2010-10-30","","48.65277778"
"SUBA","2010-10-29","","50.74074074"
"SUBA","2010-10-28","","44.91666667"
"SUBA","2010-10-27","","51.38194445"
"SUBA","2010-10-26","","58.28030303"
"SUBA","2010-10-25","","49.20138888"
"SUBA","2010-10-24","","50.32638889"
"SUBA","2010-10-23","","60.95138889"
"SUBA","2010-10-22","","71.90909091"
"SUBA","2010-10-21","","64.38194445"
"SUBA","2010-10-20","","47.45138889"
"SUBA","2010-10-19","","34.69444445"
"SUBA","2010-10-18","","43.57638889"
"SUBA","2010-10-17","","41.55555555"
"SUBA","2010-10-16","","52.4375"
"SUBA","2010-10-15","","64.74305556"
"SUBA","2010-10-14","","63.45238096"
"SUBA","2010-10-13","","48.70588236"
"SUBA","2010-10-12","","59.68055555"
"SUBA","2010-10-11","","44.90277778"
"SUBA","2010-10-10","","42.74305555"
"SUBA","2010-10-09","","43.375"
"SUBA","2010-10-08","","52.95833334"
"SUBA","2010-10-07","","56.04861111"
"SUBA","2010-10-06","","63.94492754"
"SUBA","2010-10-05","","41.45833334"
"SUBA","2010-10-04","","44.89583334"
"SUBA","2010-10-03","","57.40972223"
"SUBA","2010-10-02","","65.32638888"
"SUBA","2010-10-01","","67.25757575"
"SUBA","2010-09-30","","83.88333334"
"SUBA","2010-09-29","","75.23611112"
"SUBA","2010-09-28","","65.16666667"
"SUBA","2010-09-27","","60.24242425"
"SUBA","2010-09-26","","52.77777778"
"SUBA","2010-09-25","","65.46527779"
"SUBA","2010-09-24","","62.08333333"
"SUBA","2010-09-23","","78.52083333"
"SUBA","2010-09-22","","61.13888889"
"SUBA","2010-09-21","","69.08333335"
"SUBA","2010-09-20","","54.84027778"
"SUBA","2010-09-19","","61.58333334"
"SUBA","2010-09-18","","55.51388888"
"SUBA","2010-09-17","","69.57638889"
"SUBA","2010-09-16","","66.24305555"
"SUBA","2010-09-15","","62.7986111"
"SUBA","2010-09-14","","74.38888888"
"SUBA","2010-09-13","","90.40277778"
"SUBA","2010-09-12","","83.27777777"
"SUBA","2010-09-11","","94.69444445"
"SUBA","2010-09-10","","87.65151516"
"SUBA","2010-09-09","","60.4375"
"SUBA","2010-09-08","","40.79166668"
"SUBA","2010-09-07","","46.6875"
"SUBA","2010-09-06","","51.54166666"
"SUBA","2010-09-05","","43.35416667"
"SUBA","2010-09-04","","52.1594203"
"SUBA","2010-09-03","","54.60144927"
"SUBA","2010-09-02","","38.65972223"
"SUBA","2010-09-01","","66.25"
"SUBA","2010-08-31","","54.20138888"
"SUBA","2010-08-30","","59.00694445"
"SUBA","2010-08-29","","43.15972222"
"SUBA","2010-08-28","","50.65972221"
"SUBA","2010-08-27","","68.5"
"SUBA","2010-08-26","","57.08333333"
"SUBA","2010-08-25","","72.83333333"
"SUBA","2010-08-24","","80.58333333"
"SUBA","2010-08-23","","91.17361112"
"SUBA","2010-08-22","","73.99305556"
"SUBA","2010-08-21","","68.3125"
"SUBA","2010-08-20","","52.44444444"
"SUBA","2010-08-19","","53.70138889"
"SUBA","2010-08-18","","72.875"
"SUBA","2010-08-17","","78.875"
"SUBA","2010-08-16","","39.36805555"
"SUBA","2010-08-15","","37.7986111"
"SUBA","2010-08-14","","45.92361111"
"SUBA","2010-08-13","","55.9236111"
"SUBA","2010-08-12","","56.11111112"
"SUBA","2010-08-11","","54.1060606"
"SUBA","2010-08-10","","55.82638888"
"SUBA","2010-08-09","","55.4375"
"SUBA","2010-08-08","","38.22222222"
"SUBA","2010-08-07","","48.31944444"
"SUBA","2010-08-06","","54.97222223"
"SUBA","2010-08-05","","54.2638889"
"SUBA","2010-08-04","","51.29861112"
"SUBA","2010-08-03","","51.35416667"
"SUBA","2010-08-02","","45.69444445"
"SUBA","2010-08-01","","41.46527778"
"SUBA","2010-07-31","","64.99305556"
"SUBA","2010-07-30","","85.90972223"
"SUBA","2010-07-29","","71.875"
"SUBA","2010-07-28","","49.11805555"
"SUBA","2010-07-27","","38.22727272"
"SUBA","2010-07-26","","48.74305555"
"SUBA","2010-07-25","","40.81944445"
"SUBA","2010-07-24","","51.07638889"
"SUBA","2010-07-23","","55.73611111"
"SUBA","2010-07-22","","59.72222223"
"SUBA","2010-07-21","","66.13888889"
"SUBA","2010-07-20","","47.7121212"
"SUBA","2010-07-19","","46.03703704"
"SUBA","2010-07-15","","54.89393939"
"SUBA","2010-07-14","","39.52777778"
"SUBA","2010-07-13","","64.45833333"
"SUBA","2010-07-12","","49.86111111"
"SUBA","2010-07-11","","28.71527778"
"SUBA","2010-07-10","","40.775"
"SUBA","2010-07-09","","36.88194444"
"SUBA","2010-07-08","","46.76388889"
"SUBA","2010-07-07","","40.58333334"
"SUBA","2010-07-06","","31.46527778"
"SUBA","2010-07-05","","36.50694444"
"SUBA","2010-07-04","","32.35416666"
"SUBA","2010-07-03","","51.46527779"
"SUBA","2010-07-02","","41.13194445"
"SUBA","2010-07-01","","47.66666666"
"SUBA","2010-06-30","","51.31944445"
"SUBA","2010-06-29","","37.125"
"SUBA","2010-06-28","","49.99305555"
"SUBA","2010-06-27","","33.74999999"
"SUBA","2010-06-26","","42.38194445"
"SUBA","2010-06-25","","46.94444445"
"SUBA","2010-06-24","","52.31944445"
"SUBA","2010-06-23","","56.56944444"
"SUBA","2010-06-22","","71.15972222"
"SUBA","2010-06-21","","49.29166667"
"SUBA","2010-06-20","","31.96527778"
"SUBA","2010-06-19","","46.61111111"
"SUBA","2010-06-18","","43.44444444"
"SUBA","2010-06-17","","47.34027777"
"SUBA","2010-06-16","","50.24305556"
"SUBA","2010-06-15","","41.11111111"
"SUBA","2010-06-14","","39.2013889"
"SUBA","2010-06-13","","40.02083334"
"SUBA","2010-06-12","","46.52777778"
"SUBA","2010-06-11","","47.66666667"
"SUBA","2010-06-10","","45.86805556"
"SUBA","2010-06-09","","38.30769231"
"SUBA","2010-06-08","","55.21527777"
"SUBA","2010-06-07","","32.8888889"
"SUBA","2010-06-06","","35.52083333"
"SUBA","2010-06-05","","54.45138889"
"SUBA","2010-06-04","","48.05555557"
"SUBA","2010-06-03","","53.30555555"
"SUBA","2010-06-02","","50.97916667"
"SUBA","2010-06-01","","50.63194445"
"SUBA","2010-05-31","","45.54861111"
"SUBA","2010-05-30","","49.875"
"SUBA","2010-05-29","","52.95833333"
"SUBA","2010-05-28","","60.14583333"
"SUBA","2010-05-27","","43.44444445"
"SUBA","2010-05-26","","63.875"
"SUBA","2010-05-25","","57.42361112"
"SUBA","2010-05-24","","59.40151516"
"SUBA","2010-05-23","","44.875"
"SUBA","2010-05-22","","61.45138888"
"SUBA","2010-05-21","","50.49305557"
"SUBA","2010-05-20","","47.83333334"
"SUBA","2010-05-19","","40.20833333"
"SUBA","2010-05-18","","53.3888889"
"SUBA","2010-05-17","","34.74305555"
"SUBA","2010-05-16","","32.73611111"
"SUBA","2010-05-15","","43.52777778"
"SUBA","2010-05-14","","47.29166667"
"SUBA","2010-05-13","","45.92361111"
"SUBA","2010-05-12","","43.05555556"
"SUBA","2010-05-11","","51.11805555"
"SUBA","2010-05-10","","53.29861111"
"SUBA","2010-05-09","","32.35416667"
"SUBA","2010-05-08","","43.76388889"
"SUBA","2010-05-07","","62.63194445"
"SUBA","2010-05-06","","41.55555556"
"SUBA","2010-05-05","","46.56944445"
"SUBA","2010-05-04","","38.32638889"
"SUBA","2010-05-03","","42.06250001"
"SUBA","2010-05-02","","54.375"
"SUBA","2010-05-01","","61.29166666"
"SUBA","2010-04-30","","64.77777778"
"SUBA","2010-04-29","","52.20138889"
"SUBA","2010-04-28","","62.71527778"
"SUBA","2010-04-27","","49.0"
"SUBA","2010-04-26","","46.31944445"
"SUBA","2010-04-25","","43.21527779"
"SUBA","2010-04-24","","51.63194445"
"SUBA","2010-04-23","","62.29166665"
"SUBA","2010-04-22","","61.78205128"
"SUBA","2010-04-21","","76.28431372"
"SUBA","2010-04-20","","84.32638888"
"SUBA","2010-04-19","","43.40972223"
"SUBA","2010-04-18","","51.88888889"
"SUBA","2010-04-17","","62.77777778"
"SUBA","2010-04-16","","68.73611111"
"SUBA","2010-04-15","","56.84027778"
"SUBA","2010-04-14","","44.19444445"
"SUBA","2010-04-13","","46.21739131"
"SUBA","2010-04-12","","47.22222223"
"SUBA","2010-04-10","","29.53333334"
"SUBA","2010-04-09","","38.00694443"
"SUBA","2010-04-08","","62.71212122"
"SUBA","2010-04-07","","50.13888889"
"SUBA","2010-04-06","","38.22916667"
"SUBA","2010-04-05","","53.11805556"
"SUBA","2010-04-04","","47.65972222"
"SUBA","2010-04-03","","53.0"
"SUBA","2010-04-02","","58.22916668"
"SUBA","2010-04-01","","71.23611112"
"SUBA","2010-03-31","","60.375"
"SUBA","2010-03-30","","41.86666666"
"SUBA","2010-03-29","","58.6666667"
"SUBA","2010-03-28","","57.84027778"
"SUBA","2010-03-27","","82.29861111"
"SUBA","2010-03-26","","84.59722223"
"SUBA","2010-03-25","","76.28472222"
"SUBA","2010-03-24","","73.00793651"
"SUBA","2010-03-23","","70.32638889"
"SUBA","2010-03-22","","46.88194444"
"SUBA","2010-03-21","","33.42361112"
"SUBA","2010-03-20","","35.27777778"
"SUBA","2010-03-19","","43.71969696"
"SUBA","2010-03-18","","64.31481481"
"SUBA","2010-03-15","","71.01212121"
"SUBA","2010-03-14","","64.44444444"
"SUBA","2010-03-13","","79.14583334"
"SUBA","2010-03-12","","71.40972223"
"SUBA","2010-03-11","","47.23188406"
"SUBA","2010-03-10","","53.78472222"
"SUBA","2010-03-09","","61.26388888"
"SUBA","2010-03-08","","55.57638888"
"SUBA","2010-03-07","","45.50000001"
"SUBA","2010-03-06","","48.63888889"
"SUBA","2010-03-05","","54.40277778"
"SUBA","2010-03-04","","52.25694444"
"SUBA","2010-03-03","","50.98148149"
"SUBA","2010-03-02","","54.9375"
"SUBA","2010-03-01","","59.38194444"
"SUBA","2010-02-28","","54.77083333"
"SUBA","2010-02-27","","61.90277776"
"SUBA","2010-02-26","","68.50000001"
"SUBA","2010-02-25","","65.00694445"
"SUBA","2010-02-24","","58.59027779"
"SUBA","2010-02-23","","63.23611111"
"SUBA","2010-02-22","","57.65277778"
"SUBA","2010-02-21","","35.26388888"
"SUBA","2010-02-20","","35.8888889"
"SUBA","2010-02-19","","72.35416667"
"SUBA","2010-02-18","","87.27083333"
"SUBA","2010-02-17","","83.5138889"
"SUBA","2010-02-16","","91.86805556"
"SUBA","2010-02-15","","92.31250001"
"SUBA","2010-02-14","","69.0486111"
"SUBA","2010-02-13","","81.44444444"
"SUBA","2010-02-12","","77.32575757"
"SUBA","2010-02-11","","77.84722222"
"SUBA","2010-02-10","","62.41666667"
"SUBA","2010-02-09","","52.9375"
"SUBA","2010-02-08","","64.32638889"
"SUBA","2010-02-07","","62.54861111"
"SUBA","2010-02-06","","73.25694444"
"SUBA","2010-02-05","","76.625"
"SUBA","2010-02-04","","61.36111111"
"SUBA","2010-02-03","","60.64583334"
"SUBA","2010-02-02","","51.93333334"
"SUBA","2010-02-01","","57.63194445"
"SUBA","2010-01-31","","43.4375"
"SUBA","2010-01-30","","56.0486111"
"SUBA","2010-01-29","","67.22916667"
"SUBA","2010-01-28","","71.50694445"
"SUBA","2010-01-27","","59.46527778"
"SUBA","2010-01-26","","62.27777778"
"SUBA","2010-01-25","","63.54861111"
"SUBA","2010-01-24","","67.49305555"
"SUBA","2010-01-23","","81.41666666"
"SUBA","2010-01-22","","78.44444445"
"SUBA","2010-01-21","","65.37499999"
"SUBA","2010-01-20","","58.54166667"
"SUBA","2010-01-19","","81.66666667"
"SUBA","2010-01-18","","66.25"
"SUBA","2010-01-17","","45.81249999"
"SUBA","2010-01-16","","52.65972222"
"SUBA","2010-01-15","","67.95833333"
"SUBA","2010-01-14","","67.18750001"
"SUBA","2010-01-13","","77.90972222"
"SUBA","2010-01-12","","70.01388889"
"SUBA","2010-01-11","","55.18055555"
"SUBA","2010-01-10","","62.22222222"
"SUBA","2010-01-09","","63.30555555"
"SUBA","2010-01-08","","50.90277777"
"SUBA","2010-01-07","","59.32638889"
"SUBA","2010-01-06","","67.65972223"
"SUBA","2010-01-05","","93.58333334"
"SUBA","2010-01-04","","108.26388888"
"SUBA","2010-01-03","","49.53174603"
"SUBA","2010-01-02","","55.56944444"
"SUBA","2010-01-01","","53.48148149"
