"Estacion","Fecha inicial","Fecha final","PM10"
"TUNAL","2021-02-28","","23.86956522"
"TUNAL","2021-02-27","","44.0"
"TUNAL","2021-02-26","","38.75"
"TUNAL","2021-02-25","","23.04166667"
"TUNAL","2021-02-24","","38.25"
"TUNAL","2021-02-23","","36.91666667"
"TUNAL","2021-02-22","","34.82608696"
"TUNAL","2021-02-21","","32.91304348"
"TUNAL","2021-02-20","","44.83333333"
"TUNAL","2021-02-19","","43.75"
"TUNAL","2021-02-18","","54.09090909"
"TUNAL","2021-02-17","","48.58333333"
"TUNAL","2021-02-16","","58.33333333"
"TUNAL","2021-02-15","","49.86956522"
"TUNAL","2021-02-14","","48.5"
"TUNAL","2021-02-13","","32.60869565"
"TUNAL","2021-02-12","","53.45454545"
"TUNAL","2021-02-11","","47.45454545"
"TUNAL","2021-02-10","","38.9"
"TUNAL","2021-02-09","","48.39130435"
"TUNAL","2021-02-08","","42.13636364"
"TUNAL","2021-02-07","","26.25"
"TUNAL","2021-02-06","","39.58333333"
"TUNAL","2021-02-05","","30.04166667"
"TUNAL","2021-02-04","","42.95833333"
"TUNAL","2021-02-03","","33.33333333"
"TUNAL","2021-02-02","","30.20833333"
"TUNAL","2021-02-01","","27.0"
"TUNAL","2021-01-31","","27.52173913"
"TUNAL","2021-01-30","","45.83333333"
"TUNAL","2021-01-29","","61.125"
"TUNAL","2021-01-28","","56.25"
"TUNAL","2021-01-27","","36.91666667"
"TUNAL","2021-01-26","","42.45833333"
"TUNAL","2021-01-25","","21.34782609"
"TUNAL","2021-01-24","","17.625"
"TUNAL","2021-01-23","","20.08333333"
"TUNAL","2021-01-22","","34.5"
"TUNAL","2021-01-21","","48.5"
"TUNAL","2021-01-20","","59.68181818"
"TUNAL","2021-01-19","","65.83333333"
"TUNAL","2021-01-18","","57.875"
"TUNAL","2021-01-17","","42.7826087"
"TUNAL","2021-01-16","","47.5"
"TUNAL","2021-01-15","","69.0"
"TUNAL","2021-01-14","","63.125"
"TUNAL","2021-01-13","","44.625"
"TUNAL","2021-01-12","","20.33333333"
"TUNAL","2021-01-11","","11.375"
"TUNAL","2021-01-10","","11.04166667"
"TUNAL","2021-01-09","","15.95652174"
"TUNAL","2021-01-08","","43.81818182"
"TUNAL","2021-01-07","","29.125"
"TUNAL","2021-01-06","","40.26086957"
"TUNAL","2021-01-05","","47.16666667"
"TUNAL","2021-01-04","","36.875"
"TUNAL","2021-01-03","","17.5"
"TUNAL","2021-01-02","","23.47826087"
"TUNAL","2021-01-01","","44.34782609"
"TUNAL","2020-12-31","","51.52380952"
"TUNAL","2020-12-30","","52.47619048"
"TUNAL","2020-12-29","","63.58333333"
"TUNAL","2020-12-28","","48.375"
"TUNAL","2020-12-27","","32.125"
"TUNAL","2020-12-26","","35.20833333"
"TUNAL","2020-12-25","","37.625"
"TUNAL","2020-12-24","","38.58333333"
"TUNAL","2020-12-23","","73.54166667"
"TUNAL","2020-12-22","","39.60869565"
"TUNAL","2020-12-21","","56.0"
"TUNAL","2020-12-20","","20.75"
"TUNAL","2020-12-19","","42.125"
"TUNAL","2020-12-18","","42.54166667"
"TUNAL","2020-12-17","","33.125"
"TUNAL","2020-12-16","","36.08333333"
"TUNAL","2020-12-15","","52.56521739"
"TUNAL","2020-12-14","","45.95833333"
"TUNAL","2020-12-13","","28.70833333"
"TUNAL","2020-12-12","","48.20833333"
"TUNAL","2020-12-11","","65.125"
"TUNAL","2020-12-10","","70.95833333"
"TUNAL","2020-12-09","","57.25"
"TUNAL","2020-12-08","","52.0"
"TUNAL","2020-12-07","","56.68181818"
"TUNAL","2020-12-06","","22.625"
"TUNAL","2020-12-05","","42.25"
"TUNAL","2020-12-04","","56.23809524"
"TUNAL","2020-12-03","","60.83333333"
"TUNAL","2020-12-02","","36.04166667"
"TUNAL","2020-12-01","","44.0"
"TUNAL","2020-11-30","","33.95652174"
"TUNAL","2020-11-29","","25.7826087"
"TUNAL","2020-11-28","","42.29166667"
"TUNAL","2020-11-27","","63.33333333"
"TUNAL","2020-11-26","","70.7826087"
"TUNAL","2020-11-25","","45.0"
"TUNAL","2020-11-24","","55.52173913"
"TUNAL","2020-11-23","","54.875"
"TUNAL","2020-11-22","","39.625"
"TUNAL","2020-11-21","","43.45833333"
"TUNAL","2020-11-20","","41.2173913"
"TUNAL","2020-11-19","","46.45833333"
"TUNAL","2020-11-18","","44.91666667"
"TUNAL","2020-11-17","","42.84"
"TUNAL","2020-11-16","","24.5"
"TUNAL","2020-11-15","","45.82608696"
"TUNAL","2020-11-14","","68.54166667"
"TUNAL","2020-11-13","","39.82608696"
"TUNAL","2020-11-12","","49.31818182"
"TUNAL","2020-11-11","","33.33333333"
"TUNAL","2020-11-10","","50.16666667"
"TUNAL","2020-11-09","","51.625"
"TUNAL","2020-11-08","","55.75"
"TUNAL","2020-11-07","","57.75"
"TUNAL","2020-11-06","","75.625"
"TUNAL","2020-11-05","","44.86956522"
"TUNAL","2020-11-04","","50.58333333"
"TUNAL","2020-11-03","","56.875"
"TUNAL","2020-11-02","","43.625"
"TUNAL","2020-11-01","","33.56"
"TUNAL","2020-10-31","","48.17391304"
"TUNAL","2020-10-30","","52.25"
"TUNAL","2020-10-29","","67.45833333"
"TUNAL","2020-10-28","","52.04166667"
"TUNAL","2020-10-27","","51.91666667"
"TUNAL","2020-10-26","","60.66666667"
"TUNAL","2020-10-25","","45.29166667"
"TUNAL","2020-10-24","","29.375"
"TUNAL","2020-10-23","","24.58333333"
"TUNAL","2020-10-22","","26.30434783"
"TUNAL","2020-10-21","","28.04166667"
"TUNAL","2020-10-20","","38.70833333"
"TUNAL","2020-10-19","","45.75"
"TUNAL","2020-10-18","","22.95833333"
"TUNAL","2020-10-17","","23.72727273"
"TUNAL","2020-10-16","","26.41666667"
"TUNAL","2020-10-15","","39.71428571"
"TUNAL","2020-10-14","","36.41666667"
"TUNAL","2020-10-13","","20.54166667"
"TUNAL","2020-10-12","","14.83333333"
"TUNAL","2020-10-11","","16.41666667"
"TUNAL","2020-10-10","","24.70833333"
"TUNAL","2020-10-09","","18.79166667"
"TUNAL","2020-10-08","","20.95833333"
"TUNAL","2020-10-07","","42.5"
"TUNAL","2020-10-06","","46.875"
"TUNAL","2020-10-05","","28.86956522"
"TUNAL","2020-10-04","","13.91666667"
"TUNAL","2020-10-03","","25.58333333"
"TUNAL","2020-10-02","","38.91666667"
"TUNAL","2020-10-01","","22.45833333"
"TUNAL","2020-09-30","","19.34782609"
"TUNAL","2020-09-29","","24.08333333"
"TUNAL","2020-09-28","","34.54166667"
"TUNAL","2020-09-27","","24.95833333"
"TUNAL","2020-09-26","","53.52173913"
"TUNAL","2020-09-25","","22.91666667"
"TUNAL","2020-09-24","","16.41666667"
"TUNAL","2020-09-23","","20.33333333"
"TUNAL","2020-09-22","","44.16666667"
"TUNAL","2020-09-21","","27.16666667"
"TUNAL","2020-09-20","","22.58333333"
"TUNAL","2020-09-19","","35.73913043"
"TUNAL","2020-09-18","","59.83333333"
"TUNAL","2020-09-17","","58.5"
"TUNAL","2020-09-16","","43.70833333"
"TUNAL","2020-09-15","","46.73913043"
"TUNAL","2020-09-14","","36.33333333"
"TUNAL","2020-09-13","","17.875"
"TUNAL","2020-09-12","","35.70833333"
"TUNAL","2020-09-11","","43.29166667"
"TUNAL","2020-09-10","","41.91304348"
"TUNAL","2020-09-09","","37.91666667"
"TUNAL","2020-09-08","","40.25"
"TUNAL","2020-09-07","","37.0"
"TUNAL","2020-09-06","","18.66666667"
"TUNAL","2020-09-05","","16.70833333"
"TUNAL","2020-09-04","","18.0"
"TUNAL","2020-09-03","","27.33333333"
"TUNAL","2020-09-02","","46.70833333"
"TUNAL","2020-09-01","","29.91666667"
"TUNAL","2020-08-31","","35.13043478"
"TUNAL","2020-08-30","","31.33333333"
"TUNAL","2020-08-29","","57.70833333"
"TUNAL","2020-08-28","","30.95833333"
"TUNAL","2020-08-27","","34.25"
"TUNAL","2020-08-26","","36.95833333"
"TUNAL","2020-08-25","","53.125"
"TUNAL","2020-08-24","","30.08333333"
"TUNAL","2020-08-23","","26.875"
"TUNAL","2020-08-22","","23.26086957"
"TUNAL","2020-08-21","","27.625"
"TUNAL","2020-08-20","","34.5"
"TUNAL","2020-08-19","","48.625"
"TUNAL","2020-08-18","","65.875"
"TUNAL","2020-08-17","","39.85714286"
"TUNAL","2020-08-16","","20.66666667"
"TUNAL","2020-08-15","","23.30434783"
"TUNAL","2020-08-14","","19.70833333"
"TUNAL","2020-08-13","","18.29166667"
"TUNAL","2020-08-12","","33.875"
"TUNAL","2020-08-11","","32.29166667"
"TUNAL","2020-08-10","","17.66666667"
"TUNAL","2020-08-09","","11.45833333"
"TUNAL","2020-08-08","","12.0"
"TUNAL","2020-08-07","","12.41666667"
"TUNAL","2020-08-06","","19.70833333"
"TUNAL","2020-08-05","","17.33333333"
"TUNAL","2020-08-04","","16.41666667"
"TUNAL","2020-08-03","","20.33333333"
"TUNAL","2020-08-02","","12.83333333"
"TUNAL","2020-08-01","","20.66666667"
"TUNAL","2020-07-31","","23.04347826"
"TUNAL","2020-07-30","","16.58333333"
"TUNAL","2020-07-29","","22.125"
"TUNAL","2020-07-28","","24.95652174"
"TUNAL","2020-07-27","","14.125"
"TUNAL","2020-07-26","","12.66666667"
"TUNAL","2020-07-25","","14.75"
"TUNAL","2020-07-24","","19.70833333"
"TUNAL","2020-07-23","","36.42857143"
"TUNAL","2020-07-22","","41.66666667"
"TUNAL","2020-07-21","","20.30434783"
"TUNAL","2020-07-20","","7.66666667"
"TUNAL","2020-07-19","","12.20833333"
"TUNAL","2020-07-18","","12.45833333"
"TUNAL","2020-07-17","","19.25"
"TUNAL","2020-07-16","","16.95833333"
"TUNAL","2020-07-15","","19.43478261"
"TUNAL","2020-07-14","","13.0"
"TUNAL","2020-07-13","","19.70833333"
"TUNAL","2020-07-12","","29.95833333"
"TUNAL","2020-07-11","","30.375"
"TUNAL","2020-07-10","","24.625"
"TUNAL","2020-07-09","","18.625"
"TUNAL","2020-07-08","","31.375"
"TUNAL","2020-07-07","","21.70833333"
"TUNAL","2020-07-06","","23.125"
"TUNAL","2020-07-05","","37.5"
"TUNAL","2020-07-04","","16.0"
"TUNAL","2020-07-03","","28.16666667"
"TUNAL","2020-07-02","","20.375"
"TUNAL","2020-07-01","","36.75"
"TUNAL","2020-06-30","","37.69565217"
"TUNAL","2020-06-29","","12.45833333"
"TUNAL","2020-06-28","","17.125"
"TUNAL","2020-06-27","","30.70833333"
"TUNAL","2020-06-26","","18.45833333"
"TUNAL","2020-06-25","","70.22727273"
"TUNAL","2020-06-24","","114.20833333"
"TUNAL","2020-06-23","","33.625"
"TUNAL","2020-06-22","","11.0"
"TUNAL","2020-06-21","","9.125"
"TUNAL","2020-06-20","","13.54166667"
"TUNAL","2020-06-19","","30.83333333"
"TUNAL","2020-06-18","","50.41666667"
"TUNAL","2020-06-17","","41.95833333"
"TUNAL","2020-06-16","","34.125"
"TUNAL","2020-06-15","","9.26086957"
"TUNAL","2020-06-14","","8.5"
"TUNAL","2020-06-13","","29.66666667"
"TUNAL","2020-06-12","","38.45833333"
"TUNAL","2020-06-11","","41.70833333"
"TUNAL","2020-06-10","","36.33333333"
"TUNAL","2020-06-09","","29.2173913"
"TUNAL","2020-06-08","","27.75"
"TUNAL","2020-06-07","","13.34782609"
"TUNAL","2020-06-06","","14.91666667"
"TUNAL","2020-06-05","","15.0"
"TUNAL","2020-06-04","","20.5"
"TUNAL","2020-06-03","","23.26666667"
"TUNAL","2020-06-02","","29.21052632"
"TUNAL","2020-06-01","","16.43478261"
"TUNAL","2020-05-31","","35.91304348"
"TUNAL","2020-05-30","","30.31818182"
"TUNAL","2020-05-29","","31.45833333"
"TUNAL","2020-05-28","","33.04166667"
"TUNAL","2020-05-27","","12.08333333"
"TUNAL","2020-05-26","","13.13043478"
"TUNAL","2020-05-25","","11.04166667"
"TUNAL","2020-05-24","","14.75"
"TUNAL","2020-05-23","","15.7826087"
"TUNAL","2020-05-22","","16.58333333"
"TUNAL","2020-05-21","","15.91666667"
"TUNAL","2020-05-20","","28.08695652"
"TUNAL","2020-05-19","","21.125"
"TUNAL","2020-05-18","","14.91666667"
"TUNAL","2020-05-17","","7.58333333"
"TUNAL","2020-05-16","","10.54166667"
"TUNAL","2020-05-15","","24.91304348"
"TUNAL","2020-05-14","","34.79166667"
"TUNAL","2020-05-13","","39.27272727"
"TUNAL","2020-05-12","","42.54166667"
"TUNAL","2020-05-11","","25.79166667"
"TUNAL","2020-05-10","","12.58333333"
"TUNAL","2020-05-09","","10.26086957"
"TUNAL","2020-05-08","","17.19047619"
"TUNAL","2020-05-07","","14.29166667"
"TUNAL","2020-05-06","","19.41666667"
"TUNAL","2020-05-05","","14.58333333"
"TUNAL","2020-05-04","","20.125"
"TUNAL","2020-05-03","","13.83333333"
"TUNAL","2020-05-02","","25.33333333"
"TUNAL","2020-05-01","","11.75"
"TUNAL","2020-04-30","","30.73913043"
"TUNAL","2020-04-29","","30.70833333"
"TUNAL","2020-04-28","","30.45833333"
"TUNAL","2020-04-27","","28.625"
"TUNAL","2020-04-26","","24.5"
"TUNAL","2020-04-25","","33.33333333"
"TUNAL","2020-04-24","","29.70833333"
"TUNAL","2020-04-23","","13.66666667"
"TUNAL","2020-04-22","","21.125"
"TUNAL","2020-04-21","","26.125"
"TUNAL","2020-04-20","","23.375"
"TUNAL","2020-04-19","","30.04166667"
"TUNAL","2020-04-18","","44.0"
"TUNAL","2020-04-17","","44.58333333"
"TUNAL","2020-04-16","","51.0"
"TUNAL","2020-04-15","","39.42857143"
"TUNAL","2020-04-14","","31.875"
"TUNAL","2020-04-13","","31.41666667"
"TUNAL","2020-04-12","","18.33333333"
"TUNAL","2020-04-11","","10.625"
"TUNAL","2020-04-10","","12.45833333"
"TUNAL","2020-04-09","","14.91666667"
"TUNAL","2020-04-08","","14.95833333"
"TUNAL","2020-04-07","","13.63636364"
"TUNAL","2020-04-06","","13.82608696"
"TUNAL","2020-04-05","","13.54166667"
"TUNAL","2020-04-04","","13.79166667"
"TUNAL","2020-04-03","","20.20833333"
"TUNAL","2020-04-02","","17.29166667"
"TUNAL","2020-04-01","","28.79166667"
"TUNAL","2020-03-31","","29.27272727"
"TUNAL","2020-03-30","","55.56521739"
"TUNAL","2020-03-29","","57.125"
"TUNAL","2020-03-28","","53.66666667"
"TUNAL","2020-03-27","","52.125"
"TUNAL","2020-03-26","","55.5"
"TUNAL","2020-03-25","","42.66666667"
"TUNAL","2020-03-24","","56.91666667"
"TUNAL","2020-03-23","","54.5"
"TUNAL","2020-03-22","","41.25"
"TUNAL","2020-03-21","","43.66666667"
"TUNAL","2020-03-20","","59.29166667"
"TUNAL","2020-03-19","","87.83333333"
"TUNAL","2020-03-18","","99.29166667"
"TUNAL","2020-03-17","","84.54166667"
"TUNAL","2020-03-16","","70.54166667"
"TUNAL","2020-03-15","","35.0"
"TUNAL","2020-03-14","","35.58333333"
"TUNAL","2020-03-13","","54.18181818"
"TUNAL","2020-03-12","","49.91666667"
"TUNAL","2020-03-11","","53.83333333"
"TUNAL","2020-03-10","","62.66666667"
"TUNAL","2020-03-09","","49.54166667"
"TUNAL","2020-03-08","","47.33333333"
"TUNAL","2020-03-07","","76.75"
"TUNAL","2020-03-06","","82.75"
"TUNAL","2020-03-05","","61.91666667"
"TUNAL","2020-03-04","","52.875"
"TUNAL","2020-03-03","","62.20833333"
"TUNAL","2020-03-02","","45.125"
"TUNAL","2020-03-01","","45.5"
"TUNAL","2020-02-29","","52.65217391"
"TUNAL","2020-02-28","","67.29166667"
"TUNAL","2020-02-27","","61.04166667"
"TUNAL","2020-02-26","","52.625"
"TUNAL","2020-02-25","","70.79166667"
"TUNAL","2020-02-24","","47.875"
"TUNAL","2020-02-23","","36.95833333"
"TUNAL","2020-02-22","","73.04166667"
"TUNAL","2020-02-21","","58.25"
"TUNAL","2020-02-20","","49.5"
"TUNAL","2020-02-19","","35.16666667"
"TUNAL","2020-02-18","","40.375"
"TUNAL","2020-02-17","","29.91666667"
"TUNAL","2020-02-16","","28.29166667"
"TUNAL","2020-02-15","","34.2173913"
"TUNAL","2020-02-14","","40.08333333"
"TUNAL","2020-02-13","","58.375"
"TUNAL","2020-02-12","","48.33333333"
"TUNAL","2020-02-11","","40.625"
"TUNAL","2020-02-10","","32.83333333"
"TUNAL","2020-02-09","","58.29166667"
"TUNAL","2020-02-08","","72.41666667"
"TUNAL","2020-02-07","","80.16666667"
"TUNAL","2020-02-06","","50.70833333"
"TUNAL","2020-02-05","","59.30434783"
"TUNAL","2020-02-04","","51.91666667"
"TUNAL","2020-02-03","","44.04347826"
"TUNAL","2020-02-02","","49.45833333"
"TUNAL","2020-02-01","","45.70833333"
"TUNAL","2020-01-31","","34.17391304"
"TUNAL","2020-01-30","","47.75"
"TUNAL","2020-01-29","","54.33333333"
"TUNAL","2020-01-28","","68.20833333"
"TUNAL","2020-01-27","","58.625"
"TUNAL","2020-01-26","","37.66666667"
"TUNAL","2020-01-25","","63.91666667"
"TUNAL","2020-01-24","","55.65217391"
"TUNAL","2020-01-23","","58.125"
"TUNAL","2020-01-22","","63.70833333"
"TUNAL","2020-01-21","","56.45833333"
"TUNAL","2020-01-20","","37.04166667"
"TUNAL","2020-01-19","","17.875"
"TUNAL","2020-01-18","","23.0"
"TUNAL","2020-01-17","","16.125"
"TUNAL","2020-01-16","","30.79166667"
"TUNAL","2020-01-15","","33.95833333"
"TUNAL","2020-01-14","","27.91666667"
"TUNAL","2020-01-13","","28.625"
"TUNAL","2020-01-12","","19.25"
"TUNAL","2020-01-11","","40.45833333"
"TUNAL","2020-01-10","","36.25"
"TUNAL","2020-01-09","","57.95"
"TUNAL","2020-01-08","","44.66666667"
"TUNAL","2020-01-07","","57.04166667"
"TUNAL","2020-01-06","","41.25"
"TUNAL","2020-01-05","","31.16666667"
"TUNAL","2020-01-04","","48.20833333"
"TUNAL","2020-01-03","","39.375"
"TUNAL","2020-01-02","","41.5"
"TUNAL","2020-01-01","","44.04347826"
"TUNAL","2019-12-31","","38.82608696"
"TUNAL","2019-12-30","","48.52173913"
"TUNAL","2019-12-29","","31.04166667"
"TUNAL","2019-12-28","","43.0"
"TUNAL","2019-12-27","","24.45833333"
"TUNAL","2019-12-26","","18.66666667"
"TUNAL","2019-12-25","","44.41666667"
"TUNAL","2019-12-24","","22.25"
"TUNAL","2019-12-23","","19.625"
"TUNAL","2019-12-22","","17.375"
"TUNAL","2019-12-21","","21.08333333"
"TUNAL","2019-12-20","","39.66666667"
"TUNAL","2019-12-19","","27.52173913"
"TUNAL","2019-12-18","","36.70833333"
"TUNAL","2019-12-17","","31.08333333"
"TUNAL","2019-12-16","","28.20833333"
"TUNAL","2019-12-15","","42.16666667"
"TUNAL","2019-12-14","","45.375"
"TUNAL","2019-12-13","","80.375"
"TUNAL","2019-12-12","","64.45833333"
"TUNAL","2019-12-11","","52.91666667"
"TUNAL","2019-12-10","","36.20833333"
"TUNAL","2019-12-09","","46.625"
"TUNAL","2019-12-08","","49.16666667"
"TUNAL","2019-12-07","","61.70833333"
"TUNAL","2019-12-06","","72.125"
"TUNAL","2019-12-05","","31.0"
"TUNAL","2019-12-04","","48.79166667"
"TUNAL","2019-12-03","","31.66666667"
"TUNAL","2019-12-02","","30.16666667"
"TUNAL","2019-12-01","","14.33333333"
"TUNAL","2019-11-30","","60.16666667"
"TUNAL","2019-11-29","","60.08333333"
"TUNAL","2019-11-28","","30.66666667"
"TUNAL","2019-11-27","","18.625"
"TUNAL","2019-11-26","","28.45833333"
"TUNAL","2019-11-25","","36.41666667"
"TUNAL","2019-11-24","","40.16666667"
"TUNAL","2019-11-23","","53.91666667"
"TUNAL","2019-11-22","","56.04347826"
"TUNAL","2019-11-21","","48.375"
"TUNAL","2019-11-20","","53.45833333"
"TUNAL","2019-11-19","","59.04166667"
"TUNAL","2019-11-18","","61.34782609"
"TUNAL","2019-11-17","","43.35"
"TUNAL","2019-11-16","","47.79166667"
"TUNAL","2019-11-15","","57.33333333"
"TUNAL","2019-11-14","","42.85"
"TUNAL","2019-11-13","","65.69565217"
"TUNAL","2019-11-12","","33.91666667"
"TUNAL","2019-11-11","","23.82608696"
"TUNAL","2019-11-10","","30.41666667"
"TUNAL","2019-11-09","","34.54166667"
"TUNAL","2019-11-08","","31.60869565"
"TUNAL","2019-11-07","","26.41666667"
"TUNAL","2019-11-06","","27.625"
"TUNAL","2019-11-05","","25.52173913"
"TUNAL","2019-11-04","","17.41666667"
"TUNAL","2019-11-03","","26.95833333"
"TUNAL","2019-11-02","","64.16666667"
"TUNAL","2019-11-01","","59.25"
"TUNAL","2019-10-31","","41.625"
"TUNAL","2019-10-30","","51.79166667"
"TUNAL","2019-10-29","","42.875"
"TUNAL","2019-10-28","","23.75"
"TUNAL","2019-10-27","","18.60869565"
"TUNAL","2019-10-26","","18.0"
"TUNAL","2019-10-25","","18.0"
"TUNAL","2019-10-24","","38.375"
"TUNAL","2019-10-23","","50.08333333"
"TUNAL","2019-10-22","","51.29166667"
"TUNAL","2019-10-21","","58.5"
"TUNAL","2019-10-20","","26.83333333"
"TUNAL","2019-10-19","","24.13333333"
"TUNAL","2019-10-18","","38.08333333"
"TUNAL","2019-10-17","","60.75"
"TUNAL","2019-10-16","","24.86956522"
"TUNAL","2019-10-15","","36.54166667"
"TUNAL","2019-10-14","","16.2173913"
"TUNAL","2019-10-13","","13.04347826"
"TUNAL","2019-10-12","","15.58333333"
"TUNAL","2019-10-11","","26.875"
"TUNAL","2019-10-10","","41.91666667"
"TUNAL","2019-10-09","","33.42857143"
"TUNAL","2019-10-08","","22.75"
"TUNAL","2019-10-07","","26.29166667"
"TUNAL","2019-10-06","","29.41666667"
"TUNAL","2019-10-05","","35.08333333"
"TUNAL","2019-10-04","","37.45454545"
"TUNAL","2019-10-03","","32.66666667"
"TUNAL","2019-10-02","","56.25"
"TUNAL","2019-10-01","","68.29166667"
"TUNAL","2019-09-28","","27.26315789"
"TUNAL","2019-09-27","","26.83333333"
"TUNAL","2019-09-26","","16.86956522"
"TUNAL","2019-09-25","","25.45833333"
"TUNAL","2019-09-24","","32.66666667"
"TUNAL","2019-09-23","","33.33333333"
"TUNAL","2019-09-22","","19.45833333"
"TUNAL","2019-09-21","","25.04347826"
"TUNAL","2019-09-20","","47.66666667"
"TUNAL","2019-09-19","","53.5"
"TUNAL","2019-09-18","","57.66666667"
"TUNAL","2019-09-17","","45.70833333"
"TUNAL","2019-09-16","","28.58333333"
"TUNAL","2019-09-15","","14.33333333"
"TUNAL","2019-09-14","","14.45833333"
"TUNAL","2019-09-13","","19.70833333"
"TUNAL","2019-09-12","","17.75"
"TUNAL","2019-09-11","","20.43478261"
"TUNAL","2019-09-10","","32.83333333"
"TUNAL","2019-09-09","","17.875"
"TUNAL","2019-09-08","","13.20833333"
"TUNAL","2019-09-07","","20.70833333"
"TUNAL","2019-09-06","","17.95833333"
"TUNAL","2019-09-05","","17.91666667"
"TUNAL","2019-09-04","","18.125"
"TUNAL","2019-09-03","","25.79166667"
"TUNAL","2019-09-02","","19.91666667"
"TUNAL","2019-09-01","","15.0"
"TUNAL","2019-08-31","","25.5"
"TUNAL","2019-08-30","","25.54166667"
"TUNAL","2019-08-29","","16.70833333"
"TUNAL","2019-08-28","","16.66666667"
"TUNAL","2019-08-27","","21.625"
"TUNAL","2019-08-26","","19.83333333"
"TUNAL","2019-08-25","","16.5"
"TUNAL","2019-08-24","","14.66666667"
"TUNAL","2019-08-23","","20.16666667"
"TUNAL","2019-08-22","","32.29166667"
"TUNAL","2019-08-21","","20.875"
"TUNAL","2019-08-20","","30.375"
"TUNAL","2019-08-19","","13.625"
"TUNAL","2019-08-18","","24.66666667"
"TUNAL","2019-08-17","","59.83333333"
"TUNAL","2019-08-16","","77.29166667"
"TUNAL","2019-08-15","","36.29166667"
"TUNAL","2019-08-14","","21.5"
"TUNAL","2019-08-13","","12.5"
"TUNAL","2019-08-12","","16.70833333"
"TUNAL","2019-08-11","","10.86956522"
"TUNAL","2019-08-10","","20.66666667"
"TUNAL","2019-08-09","","16.625"
"TUNAL","2019-08-08","","18.08333333"
"TUNAL","2019-08-07","","19.75"
"TUNAL","2019-08-06","","21.5"
"TUNAL","2019-08-05","","27.45833333"
"TUNAL","2019-08-04","","11.95833333"
"TUNAL","2019-08-03","","18.0"
"TUNAL","2019-08-02","","27.04166667"
"TUNAL","2019-08-01","","24.45833333"
"TUNAL","2019-07-31","","21.41666667"
"TUNAL","2019-07-30","","21.83333333"
"TUNAL","2019-07-29","","18.36363636"
"TUNAL","2019-07-28","","18.33333333"
"TUNAL","2019-07-27","","25.66666667"
"TUNAL","2019-07-26","","19.66666667"
"TUNAL","2019-07-25","","34.70833333"
"TUNAL","2019-07-24","","26.375"
"TUNAL","2019-07-23","","16.95833333"
"TUNAL","2019-07-22","","19.875"
"TUNAL","2019-07-21","","11.66666667"
"TUNAL","2019-07-20","","12.95833333"
"TUNAL","2019-07-19","","14.66666667"
"TUNAL","2019-07-18","","18.95833333"
"TUNAL","2019-07-17","","33.45833333"
"TUNAL","2019-07-16","","23.95833333"
"TUNAL","2019-07-15","","19.91666667"
"TUNAL","2019-07-14","","9.08333333"
"TUNAL","2019-07-13","","16.08333333"
"TUNAL","2019-07-12","","27.68181818"
"TUNAL","2019-07-11","","24.70833333"
"TUNAL","2019-07-10","","18.04166667"
"TUNAL","2019-07-09","","25.95833333"
"TUNAL","2019-07-08","","19.36363636"
"TUNAL","2019-07-07","","10.45833333"
"TUNAL","2019-07-06","","25.5"
"TUNAL","2019-07-05","","47.66666667"
"TUNAL","2019-07-04","","40.16666667"
"TUNAL","2019-07-03","","34.57142857"
"TUNAL","2019-07-02","","37.875"
"TUNAL","2019-07-01","","14.79166667"
"TUNAL","2019-06-30","","15.70833333"
"TUNAL","2019-06-29","","19.20833333"
"TUNAL","2019-06-28","","16.375"
"TUNAL","2019-06-27","","31.65217391"
"TUNAL","2019-06-26","","22.45833333"
"TUNAL","2019-06-25","","34.66666667"
"TUNAL","2019-06-24","","16.625"
"TUNAL","2019-06-23","","10.45833333"
"TUNAL","2019-06-22","","16.83333333"
"TUNAL","2019-06-21","","10.26086957"
"TUNAL","2019-06-20","","11.20833333"
"TUNAL","2019-06-19","","14.66666667"
"TUNAL","2019-06-18","","13.61904762"
"TUNAL","2019-06-17","","14.29166667"
"TUNAL","2019-06-16","","12.04166667"
"TUNAL","2019-06-15","","20.83333333"
"TUNAL","2019-06-14","","29.0"
"TUNAL","2019-06-13","","30.79166667"
"TUNAL","2019-06-12","","24.33333333"
"TUNAL","2019-06-11","","19.47826087"
"TUNAL","2019-06-10","","18.58333333"
"TUNAL","2019-06-09","","16.75"
"TUNAL","2019-06-08","","36.29166667"
"TUNAL","2019-06-07","","24.7826087"
"TUNAL","2019-06-06","","28.70833333"
"TUNAL","2019-06-05","","20.83333333"
"TUNAL","2019-06-04","","22.04166667"
"TUNAL","2019-06-03","","13.0"
"TUNAL","2019-06-02","","23.29166667"
"TUNAL","2019-06-01","","46.375"
"TUNAL","2019-05-31","","58.45833333"
"TUNAL","2019-05-30","","55.95454545"
"TUNAL","2019-05-29","","39.79166667"
"TUNAL","2019-05-28","","30.16666667"
"TUNAL","2019-05-27","","45.58333333"
"TUNAL","2019-05-26","","19.58333333"
"TUNAL","2019-05-25","","38.04166667"
"TUNAL","2019-05-24","","28.56521739"
"TUNAL","2019-05-23","","43.68181818"
"TUNAL","2019-05-22","","29.45833333"
"TUNAL","2019-05-21","","30.69565217"
"TUNAL","2019-05-20","","26.33333333"
"TUNAL","2019-05-19","","24.86956522"
"TUNAL","2019-05-18","","40.52173913"
"TUNAL","2019-05-17","","41.09090909"
"TUNAL","2019-05-16","","29.625"
"TUNAL","2019-05-15","","17.33333333"
"TUNAL","2019-05-14","","20.70833333"
"TUNAL","2019-05-13","","16.83333333"
"TUNAL","2019-05-12","","17.375"
"TUNAL","2019-05-11","","45.66666667"
"TUNAL","2019-05-10","","48.79166667"
"TUNAL","2019-05-09","","35.29166667"
"TUNAL","2019-05-08","","23.95833333"
"TUNAL","2019-05-07","","21.75"
"TUNAL","2019-05-06","","19.0"
"TUNAL","2019-05-05","","14.45833333"
"TUNAL","2019-05-04","","29.95833333"
"TUNAL","2019-05-03","","33.79166667"
"TUNAL","2019-05-02","","35.0"
"TUNAL","2019-05-01","","36.41666667"
"TUNAL","2019-04-30","","29.29166667"
"TUNAL","2019-04-29","","17.91666667"
"TUNAL","2019-04-28","","11.20833333"
"TUNAL","2019-04-27","","17.75"
"TUNAL","2019-04-26","","16.70833333"
"TUNAL","2019-04-25","","24.79166667"
"TUNAL","2019-04-24","","38.30434783"
"TUNAL","2019-04-23","","61.79166667"
"TUNAL","2019-04-22","","33.08333333"
"TUNAL","2019-04-21","","24.375"
"TUNAL","2019-04-20","","25.16666667"
"TUNAL","2019-04-19","","20.54166667"
"TUNAL","2019-04-18","","32.33333333"
"TUNAL","2019-04-17","","60.54166667"
"TUNAL","2019-04-16","","44.0"
"TUNAL","2019-04-15","","31.29166667"
"TUNAL","2019-04-14","","39.41666667"
"TUNAL","2019-04-13","","38.125"
"TUNAL","2019-04-12","","36.54166667"
"TUNAL","2019-04-11","","66.45833333"
"TUNAL","2019-04-10","","55.47826087"
"TUNAL","2019-04-09","","49.45833333"
"TUNAL","2019-04-08","","53.875"
"TUNAL","2019-04-07","","40.66666667"
"TUNAL","2019-04-06","","44.29166667"
"TUNAL","2019-04-05","","59.0"
"TUNAL","2019-04-04","","49.45833333"
"TUNAL","2019-04-03","","61.625"
"TUNAL","2019-04-02","","47.79166667"
"TUNAL","2019-04-01","","52.16666667"
"TUNAL","2019-03-31","","23.83333333"
"TUNAL","2019-03-30","","35.875"
"TUNAL","2019-03-29","","62.69565217"
"TUNAL","2019-03-28","","84.95833333"
"TUNAL","2019-03-27","","63.5"
"TUNAL","2019-03-26","","72.35294118"
"TUNAL","2019-03-25","","40.375"
"TUNAL","2019-03-24","","33.68181818"
"TUNAL","2019-03-23","","42.64705882"
"TUNAL","2019-03-22","","46.66666667"
"TUNAL","2019-03-21","","58.05555556"
"TUNAL","2019-03-20","","44.16666667"
"TUNAL","2019-03-19","","47.66666667"
"TUNAL","2019-03-18","","37.08333333"
"TUNAL","2019-03-17","","25.54545455"
"TUNAL","2019-03-16","","30.66666667"
"TUNAL","2019-03-15","","44.54166667"
"TUNAL","2019-03-14","","46.54166667"
"TUNAL","2019-03-13","","43.39130435"
"TUNAL","2019-03-12","","46.375"
"TUNAL","2019-03-11","","24.22727273"
"TUNAL","2019-03-10","","20.70833333"
"TUNAL","2019-03-09","","33.375"
"TUNAL","2019-03-08","","60.7826087"
"TUNAL","2019-03-07","","64.95833333"
"TUNAL","2019-03-06","","57.33333333"
"TUNAL","2019-03-05","","54.08333333"
"TUNAL","2019-03-04","","53.04166667"
"TUNAL","2019-03-03","","40.375"
"TUNAL","2019-03-02","","60.08333333"
"TUNAL","2019-03-01","","54.08333333"
"TUNAL","2019-02-28","","40.625"
"TUNAL","2019-02-27","","44.5"
"TUNAL","2019-02-26","","58.16666667"
"TUNAL","2019-02-25","","43.375"
"TUNAL","2019-02-24","","38.41666667"
"TUNAL","2019-02-23","","45.125"
"TUNAL","2019-02-22","","55.29166667"
"TUNAL","2019-02-21","","51.25"
"TUNAL","2019-02-20","","34.33333333"
"TUNAL","2019-02-19","","38.0"
"TUNAL","2019-02-18","","55.08695652"
"TUNAL","2019-02-17","","41.54166667"
"TUNAL","2019-02-16","","44.875"
"TUNAL","2019-02-15","","64.66666667"
"TUNAL","2019-02-14","","68.125"
"TUNAL","2019-02-13","","42.83333333"
"TUNAL","2019-02-12","","56.70833333"
"TUNAL","2019-02-11","","52.34782609"
"TUNAL","2019-02-10","","30.25"
"TUNAL","2019-02-09","","33.83333333"
"TUNAL","2019-02-08","","36.58333333"
"TUNAL","2019-02-07","","37.33333333"
"TUNAL","2019-02-06","","34.60869565"
"TUNAL","2019-02-05","","43.20833333"
"TUNAL","2019-02-04","","44.20833333"
"TUNAL","2019-02-03","","27.29166667"
"TUNAL","2019-02-02","","47.875"
"TUNAL","2019-02-01","","40.04166667"
"TUNAL","2019-01-31","","50.95833333"
"TUNAL","2019-01-30","","57.73913043"
"TUNAL","2019-01-29","","30.58333333"
"TUNAL","2019-01-28","","32.0"
"TUNAL","2019-01-27","","28.79166667"
"TUNAL","2019-01-26","","21.54166667"
"TUNAL","2019-01-25","","26.375"
"TUNAL","2019-01-24","","27.33333333"
"TUNAL","2019-01-23","","26.125"
"TUNAL","2019-01-22","","32.13043478"
"TUNAL","2019-01-21","","33.875"
"TUNAL","2019-01-20","","14.875"
"TUNAL","2019-01-19","","21.16666667"
"TUNAL","2019-01-18","","22.625"
"TUNAL","2019-01-17","","25.58333333"
"TUNAL","2019-01-16","","27.83333333"
"TUNAL","2019-01-15","","28.75"
"TUNAL","2019-01-14","","28.66666667"
"TUNAL","2019-01-13","","36.54166667"
"TUNAL","2019-01-12","","53.75"
"TUNAL","2019-01-11","","45.30434783"
"TUNAL","2019-01-10","","36.20833333"
"TUNAL","2019-01-09","","48.41666667"
"TUNAL","2019-01-08","","42.5"
"TUNAL","2019-01-07","","38.58333333"
"TUNAL","2019-01-06","","35.0"
"TUNAL","2019-01-05","","39.08333333"
"TUNAL","2019-01-04","","25.69565217"
"TUNAL","2019-01-03","","19.91666667"
"TUNAL","2019-01-02","","25.75"
"TUNAL","2019-01-01","","34.08695652"
"TUNAL","2018-12-31","","25.70833333"
"TUNAL","2018-12-30","","31.04166667"
"TUNAL","2018-12-29","","32.54166667"
"TUNAL","2018-12-28","","50.61904762"
"TUNAL","2018-12-27","","30.95833333"
"TUNAL","2018-12-26","","56.29166667"
"TUNAL","2018-12-25","","33.95833333"
"TUNAL","2018-12-24","","36.0"
"TUNAL","2018-12-23","","24.45833333"
"TUNAL","2018-12-22","","34.25"
"TUNAL","2018-12-21","","35.29166667"
"TUNAL","2018-12-20","","48.33333333"
"TUNAL","2018-12-19","","32.75"
"TUNAL","2018-12-18","","39.08333333"
"TUNAL","2018-12-17","","42.08333333"
"TUNAL","2018-12-16","","26.33333333"
"TUNAL","2018-12-15","","43.54166667"
"TUNAL","2018-12-14","","27.875"
"TUNAL","2018-12-13","","27.77272727"
"TUNAL","2018-12-12","","22.70833333"
"TUNAL","2018-12-11","","33.25"
"TUNAL","2018-12-10","","39.58333333"
"TUNAL","2018-12-09","","36.16666667"
"TUNAL","2018-12-08","","43.91666667"
"TUNAL","2018-12-07","","38.125"
"TUNAL","2018-12-06","","50.75"
"TUNAL","2018-12-05","","57.08333333"
"TUNAL","2018-12-04","","59.0"
"TUNAL","2018-12-03","","55.25"
"TUNAL","2018-12-02","","50.95833333"
"TUNAL","2018-12-01","","57.625"
"TUNAL","2018-11-30","","62.375"
"TUNAL","2018-11-29","","70.16666667"
"TUNAL","2018-11-28","","45.75"
"TUNAL","2018-11-27","","61.61904762"
"TUNAL","2018-11-26","","44.08333333"
"TUNAL","2018-11-25","","25.75"
"TUNAL","2018-11-24","","46.20833333"
"TUNAL","2018-11-23","","50.16666667"
"TUNAL","2018-11-22","","52.08333333"
"TUNAL","2018-11-21","","46.70833333"
"TUNAL","2018-11-20","","23.875"
"TUNAL","2018-11-19","","33.41666667"
"TUNAL","2018-11-18","","25.70833333"
"TUNAL","2018-11-17","","34.0"
"TUNAL","2018-11-16","","56.875"
"TUNAL","2018-11-15","","75.25"
"TUNAL","2018-11-14","","67.125"
"TUNAL","2018-11-13","","53.39130435"
"TUNAL","2018-11-12","","18.66666667"
"TUNAL","2018-11-11","","24.66666667"
"TUNAL","2018-11-10","","40.375"
"TUNAL","2018-11-09","","54.91666667"
"TUNAL","2018-11-08","","43.20833333"
"TUNAL","2018-11-07","","35.4"
"TUNAL","2018-11-06","","47.375"
"TUNAL","2018-11-05","","28.66666667"
"TUNAL","2018-11-04","","40.625"
"TUNAL","2018-11-03","","48.95833333"
"TUNAL","2018-11-02","","28.08333333"
"TUNAL","2018-11-01","","34.1"
"TUNAL","2018-10-31","","44.0"
"TUNAL","2018-10-30","","38.91666667"
"TUNAL","2018-10-29","","27.45833333"
"TUNAL","2018-10-28","","23.79166667"
"TUNAL","2018-10-27","","16.41666667"
"TUNAL","2018-10-26","","29.29166667"
"TUNAL","2018-10-25","","42.4625"
"TUNAL","2018-10-24","","34.28333333"
"TUNAL","2018-10-23","","31.83333333"
"TUNAL","2018-10-22","","39.29166667"
"TUNAL","2018-10-21","","26.33333333"
"TUNAL","2018-10-20","","41.20833333"
"TUNAL","2018-10-19","","66.20833333"
"TUNAL","2018-10-18","","66.84583333"
"TUNAL","2018-10-17","","45.00833333"
"TUNAL","2018-10-16","","29.9625"
"TUNAL","2018-10-15","","19.9375"
"TUNAL","2018-10-14","","50.98333333"
"TUNAL","2018-10-13","","68.70833333"
"TUNAL","2018-10-12","","70.3875"
"TUNAL","2018-10-11","","65.33333333"
"TUNAL","2018-10-10","","52.78333333"
"TUNAL","2018-10-09","","48.0"
"TUNAL","2018-10-08","","35.18695652"
"TUNAL","2018-10-07","","34.85833333"
"TUNAL","2018-10-06","","40.77083333"
"TUNAL","2018-10-05","","66.75"
"TUNAL","2018-10-04","","41.04166667"
"TUNAL","2018-10-03","","64.41666667"
"TUNAL","2018-10-02","","42.09130435"
"TUNAL","2018-10-01","","43.21666667"
"TUNAL","2018-09-30","","26.95833333"
"TUNAL","2018-09-29","","37.09583333"
"TUNAL","2018-09-28","","36.70833333"
"TUNAL","2018-09-27","","30.92083333"
"TUNAL","2018-09-26","","44.425"
"TUNAL","2018-09-25","","36.83333333"
"TUNAL","2018-09-24","","19.29166667"
"TUNAL","2018-09-23","","16.62916667"
"TUNAL","2018-09-22","","24.69583333"
"TUNAL","2018-09-21","","32.9875"
"TUNAL","2018-09-20","","27.375"
"TUNAL","2018-09-19","","35.53333333"
"TUNAL","2018-09-18","","31.575"
"TUNAL","2018-09-17","","33.70416667"
"TUNAL","2018-09-16","","20.95833333"
"TUNAL","2018-09-15","","46.37272727"
"TUNAL","2018-09-14","","73.30833333"
"TUNAL","2018-09-13","","64.25"
"TUNAL","2018-09-12","","61.585"
"TUNAL","2018-09-11","","44.45454545"
"TUNAL","2018-09-10","","23.85217391"
"TUNAL","2018-09-09","","16.69565217"
"TUNAL","2018-09-08","","22.85217391"
"TUNAL","2018-09-07","","33.68333333"
"TUNAL","2018-09-06","","52.26086957"
"TUNAL","2018-09-05","","27.58333333"
"TUNAL","2018-09-04","","24.48333333"
"TUNAL","2018-09-03","","25.24347826"
"TUNAL","2018-09-02","","26.5"
"TUNAL","2018-09-01","","40.71428571"
"TUNAL","2018-08-31","","37.52173913"
"TUNAL","2018-08-30","","25.69583333"
"TUNAL","2018-08-29","","20.66666667"
"TUNAL","2018-08-28","","25.19166667"
"TUNAL","2018-08-27","","21.2375"
"TUNAL","2018-08-26","","14.18333333"
"TUNAL","2018-08-25","","20.70416667"
"TUNAL","2018-08-24","","20.06956522"
"TUNAL","2018-08-23","","39.33333333"
"TUNAL","2018-08-22","","24.08333333"
"TUNAL","2018-08-21","","23.41666667"
"TUNAL","2018-08-20","","19.54166667"
"TUNAL","2018-08-19","","16.75"
"TUNAL","2018-08-18","","23.45833333"
"TUNAL","2018-08-17","","25.75"
"TUNAL","2018-08-16","","43.20833333"
"TUNAL","2018-08-15","","26.45833333"
"TUNAL","2018-08-14","","35.83333333"
"TUNAL","2018-08-13","","26.17391304"
"TUNAL","2018-08-12","","16.54166667"
"TUNAL","2018-08-11","","27.12083333"
"TUNAL","2018-08-10","","23.70833333"
"TUNAL","2018-08-09","","17.33333333"
"TUNAL","2018-08-08","","26.20416667"
"TUNAL","2018-08-07","","17.92916667"
"TUNAL","2018-08-06","","24.1125"
"TUNAL","2018-08-05","","17.5875"
"TUNAL","2018-08-04","","33.15"
"TUNAL","2018-08-03","","39.65"
"TUNAL","2018-08-02","","23.5625"
"TUNAL","2018-08-01","","25.70833333"
"TUNAL","2018-07-31","","32.25"
"TUNAL","2018-07-30","","34.33333333"
"TUNAL","2018-07-29","","23.0375"
"TUNAL","2018-07-28","","31.38333333"
"TUNAL","2018-07-27","","20.54166667"
"TUNAL","2018-07-26","","19.69166667"
"TUNAL","2018-07-25","","33.90434783"
"TUNAL","2018-07-24","","25.8875"
"TUNAL","2018-07-23","","31.7375"
"TUNAL","2018-07-22","","45.91666667"
"TUNAL","2018-07-21","","34.58333333"
"TUNAL","2018-07-20","","23.73333333"
"TUNAL","2018-07-19","","26.875"
"TUNAL","2018-07-18","","27.45833333"
"TUNAL","2018-07-17","","25.05"
"TUNAL","2018-07-16","","23.26666667"
"TUNAL","2018-07-15","","18.17391304"
"TUNAL","2018-07-14","","23.61666667"
"TUNAL","2018-07-13","","16.29166667"
"TUNAL","2018-07-12","","20.15652174"
"TUNAL","2018-07-11","","19.26956522"
"TUNAL","2018-07-10","","22.51666667"
"TUNAL","2018-07-09","","22.32916667"
"TUNAL","2018-07-08","","23.07083333"
"TUNAL","2018-07-07","","28.16666667"
"TUNAL","2018-07-06","","22.39130435"
"TUNAL","2018-07-05","","18.05"
"TUNAL","2018-07-04","","21.95833333"
"TUNAL","2018-07-03","","23.875"
"TUNAL","2018-07-02","","24.83333333"
"TUNAL","2018-07-01","","28.94166667"
"TUNAL","2018-06-30","","43.125"
"TUNAL","2018-06-29","","40.83333333"
"TUNAL","2018-06-28","","26.79166667"
"TUNAL","2018-06-27","","35.125"
"TUNAL","2018-06-26","","24.75"
"TUNAL","2018-06-25","","19.70833333"
"TUNAL","2018-06-24","","14.33333333"
"TUNAL","2018-06-23","","18.95833333"
"TUNAL","2018-06-22","","27.04166667"
"TUNAL","2018-06-21","","25.625"
"TUNAL","2018-06-20","","23.625"
"TUNAL","2018-06-19","","16.70833333"
"TUNAL","2018-06-18","","16.94444444"
"TUNAL","2018-06-17","","14.52083333"
"TUNAL","2018-06-16","","25.575"
"TUNAL","2018-06-15","","22.3625"
"TUNAL","2018-06-14","","25.20833333"
"TUNAL","2018-06-13","","27.33333333"
"TUNAL","2018-06-12","","30.95652174"
"TUNAL","2018-06-11","","18.45454545"
"TUNAL","2018-06-10","","15.95416667"
"TUNAL","2018-06-09","","19.04166667"
"TUNAL","2018-06-08","","22.8375"
"TUNAL","2018-06-07","","23.60434783"
"TUNAL","2018-06-06","","17.125"
"TUNAL","2018-06-05","","21.45833333"
"TUNAL","2018-06-04","","12.0"
"TUNAL","2018-06-03","","14.375"
"TUNAL","2018-06-02","","32.625"
"TUNAL","2018-06-01","","32.20833333"
"TUNAL","2018-05-31","","24.5"
"TUNAL","2018-05-30","","39.9"
"TUNAL","2018-05-29","","33.61666667"
"TUNAL","2018-05-28","","42.27272727"
"TUNAL","2018-05-27","","21.91666667"
"TUNAL","2018-05-26","","13.5375"
"TUNAL","2018-05-25","","21.92083333"
"TUNAL","2018-05-24","","16.20416667"
"TUNAL","2018-05-23","","19.6125"
"TUNAL","2018-05-22","","28.96086957"
"TUNAL","2018-05-21","","19.83333333"
"TUNAL","2018-05-20","","12.77083333"
"TUNAL","2018-05-19","","23.675"
"TUNAL","2018-05-18","","30.67916667"
"TUNAL","2018-05-17","","19.28181818"
"TUNAL","2018-05-16","","20.04347826"
"TUNAL","2018-05-15","","23.65416667"
"TUNAL","2018-05-14","","28.85833333"
"TUNAL","2018-05-13","","22.175"
"TUNAL","2018-05-12","","19.8875"
"TUNAL","2018-05-11","","38.45"
"TUNAL","2018-05-10","","50.3"
"TUNAL","2018-05-09","","50.0"
"TUNAL","2018-05-08","","41.42857143"
"TUNAL","2018-05-07","","51.37916667"
"TUNAL","2018-05-06","","29.875"
"TUNAL","2018-05-05","","45.91304348"
"TUNAL","2018-05-04","","50.66666667"
"TUNAL","2018-05-03","","36.05"
"TUNAL","2018-05-02","","26.59090909"
"TUNAL","2018-05-01","","38.31304348"
"TUNAL","2018-04-30","","40.73333333"
"TUNAL","2018-04-29","","45.41666667"
"TUNAL","2018-04-28","","73.04347826"
"TUNAL","2018-04-27","","37.8"
"TUNAL","2018-04-26","","26.22608696"
"TUNAL","2018-04-25","","35.45833333"
"TUNAL","2018-04-24","","28.97619048"
"TUNAL","2018-04-23","","20.375"
"TUNAL","2018-04-22","","22.67916667"
"TUNAL","2018-04-21","","28.04761905"
"TUNAL","2018-04-20","","31.04166667"
"TUNAL","2018-04-19","","24.36086957"
"TUNAL","2018-04-18","","34.75"
"TUNAL","2018-04-17","","55.79166667"
"TUNAL","2018-04-16","","44.56521739"
"TUNAL","2018-04-15","","39.24166667"
"TUNAL","2018-04-14","","42.04166667"
"TUNAL","2018-04-13","","70.79166667"
"TUNAL","2018-04-12","","61.95833333"
"TUNAL","2018-04-11","","81.54166667"
"TUNAL","2018-04-10","","58.04347826"
"TUNAL","2018-04-09","","66.52916667"
"TUNAL","2018-04-08","","60.08333333"
"TUNAL","2018-04-07","","72.125"
"TUNAL","2018-04-06","","51.29166667"
"TUNAL","2018-04-05","","81.63636364"
"TUNAL","2018-04-04","","53.75"
"TUNAL","2018-04-03","","52.625"
"TUNAL","2018-04-02","","46.04166667"
"TUNAL","2018-04-01","","26.0"
"TUNAL","2018-03-31","","23.54166667"
"TUNAL","2018-03-30","","33.66666667"
"TUNAL","2018-03-29","","17.08333333"
"TUNAL","2018-03-28","","42.65217391"
"TUNAL","2018-03-27","","64.79166667"
"TUNAL","2018-03-26","","50.20833333"
"TUNAL","2018-03-25","","43.875"
"TUNAL","2018-03-24","","64.34782609"
"TUNAL","2018-03-23","","91.04347826"
"TUNAL","2018-03-22","","63.47826087"
"TUNAL","2018-03-21","","62.17391304"
"TUNAL","2018-03-20","","60.41666667"
"TUNAL","2018-03-19","","38.16666667"
"TUNAL","2018-03-18","","62.58333333"
"TUNAL","2018-03-17","","54.75"
"TUNAL","2018-03-16","","58.125"
"TUNAL","2018-03-15","","76.83333333"
"TUNAL","2018-03-14","","53.20833333"
"TUNAL","2018-03-13","","55.69565217"
"TUNAL","2018-03-12","","46.25"
"TUNAL","2018-03-11","","26.29166667"
"TUNAL","2018-03-10","","31.91304348"
"TUNAL","2018-03-09","","29.56521739"
"TUNAL","2018-03-08","","32.54545455"
"TUNAL","2018-03-07","","25.77272727"
"TUNAL","2018-03-06","","44.08695652"
"TUNAL","2018-03-05","","56.91666667"
"TUNAL","2018-03-04","","55.13636364"
"TUNAL","2018-03-03","","61.375"
"TUNAL","2018-03-02","","56.08333333"
"TUNAL","2018-03-01","","79.20833333"
"TUNAL","2018-02-28","","67.70833333"
"TUNAL","2018-02-27","","47.30434783"
"TUNAL","2018-02-26","","38.04166667"
"TUNAL","2018-02-25","","34.0"
"TUNAL","2018-02-24","","36.08695652"
"TUNAL","2018-02-23","","62.82608696"
"TUNAL","2018-02-22","","56.41666667"
"TUNAL","2018-02-21","","66.45833333"
"TUNAL","2018-02-20","","58.08333333"
"TUNAL","2018-02-19","","64.6"
"TUNAL","2018-02-16","","44.14285714"
"TUNAL","2018-02-15","","40.26086957"
"TUNAL","2018-02-14","","48.29166667"
"TUNAL","2018-02-13","","70.86956522"
"TUNAL","2018-02-12","","50.0"
"TUNAL","2018-02-11","","37.125"
"TUNAL","2018-02-10","","39.625"
"TUNAL","2018-02-09","","56.08333333"
"TUNAL","2018-02-08","","81.66666667"
"TUNAL","2018-02-07","","54.79166667"
"TUNAL","2018-02-06","","78.70833333"
"TUNAL","2018-02-05","","66.04166667"
"TUNAL","2018-02-04","","50.54166667"
"TUNAL","2018-02-03","","70.20833333"
"TUNAL","2018-02-02","","69.20833333"
"TUNAL","2018-02-01","","68.26086957"
"TUNAL","2018-01-31","","35.875"
"TUNAL","2018-01-30","","29.58823529"
"TUNAL","2018-01-29","","27.08695652"
"TUNAL","2018-01-28","","22.0"
"TUNAL","2018-01-27","","43.65217391"
"TUNAL","2018-01-26","","54.16666667"
"TUNAL","2018-01-25","","34.875"
"TUNAL","2018-01-24","","44.58333333"
"TUNAL","2018-01-23","","38.25"
"TUNAL","2018-01-22","","38.16666667"
"TUNAL","2018-01-21","","21.91304348"
"TUNAL","2018-01-20","","27.22727273"
"TUNAL","2018-01-19","","23.52173913"
"TUNAL","2018-01-18","","25.08695652"
"TUNAL","2018-01-17","","50.2173913"
"TUNAL","2018-01-16","","30.75"
"TUNAL","2018-01-15","","71.45833333"
"TUNAL","2018-01-14","","48.5"
"TUNAL","2018-01-13","","50.82608696"
"TUNAL","2018-01-12","","30.43478261"
"TUNAL","2018-01-11","","32.58333333"
"TUNAL","2018-01-10","","43.69565217"
"TUNAL","2018-01-09","","42.33333333"
"TUNAL","2018-01-08","","28.70833333"
"TUNAL","2018-01-07","","31.91666667"
"TUNAL","2018-01-06","","33.875"
"TUNAL","2018-01-05","","48.30434783"
"TUNAL","2018-01-04","","58.33333333"
"TUNAL","2018-01-03","","35.04545455"
"TUNAL","2018-01-02","","39.95652174"
"TUNAL","2018-01-01","","49.91304348"
"TUNAL","2017-12-31","","43.08695652"
"TUNAL","2017-12-30","","43.125"
"TUNAL","2017-12-29","","47.34782609"
"TUNAL","2017-12-28","","32.08333333"
"TUNAL","2017-12-27","","31.16666667"
"TUNAL","2017-12-26","","46.20833333"
"TUNAL","2017-12-25","","43.65217391"
"TUNAL","2017-12-24","","34.20833333"
"TUNAL","2017-12-23","","50.33333333"
"TUNAL","2017-12-22","","33.375"
"TUNAL","2017-12-21","","57.20833333"
"TUNAL","2017-12-20","","50.17391304"
"TUNAL","2017-12-19","","67.70833333"
"TUNAL","2017-12-18","","43.70833333"
"TUNAL","2017-12-17","","32.08695652"
"TUNAL","2017-12-16","","42.08333333"
"TUNAL","2017-12-15","","34.71428571"
"TUNAL","2017-12-14","","29.95833333"
"TUNAL","2017-12-13","","42.22727273"
"TUNAL","2017-12-12","","41.30434783"
"TUNAL","2017-12-11","","41.7826087"
"TUNAL","2017-12-10","","36.5"
"TUNAL","2017-12-09","","58.25"
"TUNAL","2017-12-08","","28.73913043"
"TUNAL","2017-12-07","","57.33333333"
"TUNAL","2017-12-06","","40.30434783"
"TUNAL","2017-12-05","","25.58333333"
"TUNAL","2017-12-04","","39.08333333"
"TUNAL","2017-12-03","","21.52173913"
"TUNAL","2017-12-02","","59.04761905"
"TUNAL","2017-12-01","","61.16666667"
"TUNAL","2017-11-30","","64.625"
"TUNAL","2017-11-29","","31.08333333"
"TUNAL","2017-11-28","","31.41666667"
"TUNAL","2017-11-27","","40.83333333"
"TUNAL","2017-11-26","","35.70833333"
"TUNAL","2017-11-25","","31.08333333"
"TUNAL","2017-11-24","","73.5"
"TUNAL","2017-11-23","","61.7826087"
"TUNAL","2017-11-22","","71.95833333"
"TUNAL","2017-11-21","","81.875"
"TUNAL","2017-11-20","","50.20833333"
"TUNAL","2017-11-19","","41.75"
"TUNAL","2017-11-18","","60.91666667"
"TUNAL","2017-11-17","","47.33333333"
"TUNAL","2017-11-16","","72.83333333"
"TUNAL","2017-11-15","","54.08333333"
"TUNAL","2017-11-14","","49.60869565"
"TUNAL","2017-11-13","","36.54166667"
"TUNAL","2017-11-12","","34.25"
"TUNAL","2017-11-11","","43.76190476"
"TUNAL","2017-11-10","","82.54166667"
"TUNAL","2017-11-09","","63.16666667"
"TUNAL","2017-11-08","","58.375"
"TUNAL","2017-11-07","","55.66666667"
"TUNAL","2017-11-06","","51.45833333"
"TUNAL","2017-11-05","","52.08333333"
"TUNAL","2017-11-04","","48.875"
"TUNAL","2017-11-03","","78.79166667"
"TUNAL","2017-11-02","","62.52173913"
"TUNAL","2017-11-01","","71.375"
"TUNAL","2017-10-31","","63.09090909"
"TUNAL","2017-10-30","","58.16666667"
"TUNAL","2017-10-29","","25.40909091"
"TUNAL","2017-10-28","","48.70833333"
"TUNAL","2017-10-27","","74.86956522"
"TUNAL","2017-10-26","","86.125"
"TUNAL","2017-10-25","","47.875"
"TUNAL","2017-10-24","","32.95652174"
"TUNAL","2017-10-23","","27.29166667"
"TUNAL","2017-10-22","","18.45833333"
"TUNAL","2017-10-21","","44.16666667"
"TUNAL","2017-10-20","","44.58333333"
"TUNAL","2017-10-19","","52.0"
"TUNAL","2017-10-18","","24.73913043"
"TUNAL","2017-10-17","","18.58333333"
"TUNAL","2017-10-16","","14.5"
"TUNAL","2017-10-15","","22.60869565"
"TUNAL","2017-10-14","","25.95833333"
"TUNAL","2017-10-13","","33.0"
"TUNAL","2017-10-12","","51.14285714"
"TUNAL","2017-10-11","","41.52173913"
"TUNAL","2017-10-10","","82.125"
"TUNAL","2017-10-09","","76.58333333"
"TUNAL","2017-10-08","","36.69565217"
"TUNAL","2017-10-07","","23.43478261"
"TUNAL","2017-10-06","","27.58333333"
"TUNAL","2017-10-05","","29.0"
"TUNAL","2017-10-04","","23.91304348"
"TUNAL","2017-10-03","","62.66666667"
"TUNAL","2017-10-02","","52.54166667"
"TUNAL","2017-10-01","","34.58333333"
"TUNAL","2017-09-30","","22.81818182"
"TUNAL","2017-09-29","","35.0"
"TUNAL","2017-09-28","","41.41666667"
"TUNAL","2017-09-27","","45.7826087"
"TUNAL","2017-09-26","","47.73913043"
"TUNAL","2017-09-25","","26.0"
"TUNAL","2017-09-24","","18.125"
"TUNAL","2017-09-23","","35.45833333"
"TUNAL","2017-09-22","","55.79166667"
"TUNAL","2017-09-21","","44.2173913"
"TUNAL","2017-09-20","","49.25"
"TUNAL","2017-09-19","","47.83333333"
"TUNAL","2017-09-18","","23.79166667"
"TUNAL","2017-09-17","","16.66666667"
"TUNAL","2017-09-16","","29.66666667"
"TUNAL","2017-09-15","","27.41666667"
"TUNAL","2017-09-14","","27.82608696"
"TUNAL","2017-09-13","","22.75"
"TUNAL","2017-09-12","","35.60869565"
"TUNAL","2017-09-11","","27.58333333"
"TUNAL","2017-09-10","","29.0"
"TUNAL","2017-09-09","","38.86956522"
"TUNAL","2017-09-08","","49.58333333"
"TUNAL","2017-09-07","","45.875"
"TUNAL","2017-09-06","","46.16666667"
"TUNAL","2017-09-05","","40.875"
"TUNAL","2017-09-04","","35.875"
"TUNAL","2017-09-03","","19.91304348"
"TUNAL","2017-09-02","","22.54166667"
"TUNAL","2017-09-01","","36.16666667"
"TUNAL","2017-08-31","","27.04166667"
"TUNAL","2017-08-30","","18.95833333"
"TUNAL","2017-08-29","","36.47619048"
"TUNAL","2017-08-28","","23.54166667"
"TUNAL","2017-08-27","","32.33333333"
"TUNAL","2017-08-26","","38.25"
"TUNAL","2017-08-25","","28.29166667"
"TUNAL","2017-08-24","","34.79166667"
"TUNAL","2017-08-23","","31.0"
"TUNAL","2017-08-22","","28.0"
"TUNAL","2017-08-16","","30.66666667"
"TUNAL","2017-08-15","","46.54166667"
"TUNAL","2017-08-14","","35.16666667"
"TUNAL","2017-08-13","","23.45454545"
"TUNAL","2017-08-12","","22.0"
"TUNAL","2017-08-11","","37.91666667"
"TUNAL","2017-08-10","","43.58333333"
"TUNAL","2017-08-09","","23.125"
"TUNAL","2017-08-08","","28.83333333"
"TUNAL","2017-08-05","","23.47619048"
"TUNAL","2017-08-04","","21.83333333"
"TUNAL","2017-08-03","","46.41666667"
"TUNAL","2017-08-02","","45.625"
"TUNAL","2017-08-01","","48.0"
"TUNAL","2017-07-31","","24.75"
"TUNAL","2017-07-30","","15.45833333"
"TUNAL","2017-07-29","","20.22727273"
"TUNAL","2017-07-28","","27.69565217"
"TUNAL","2017-07-27","","31.85714286"
"TUNAL","2017-07-26","","19.33333333"
"TUNAL","2017-07-25","","19.04166667"
"TUNAL","2017-07-24","","21.16666667"
"TUNAL","2017-07-23","","12.81818182"
"TUNAL","2017-07-22","","15.56521739"
"TUNAL","2017-07-21","","28.04166667"
"TUNAL","2017-07-20","","17.81818182"
"TUNAL","2017-07-19","","20.58333333"
"TUNAL","2017-07-18","","23.54166667"
"TUNAL","2017-07-17","","25.70833333"
"TUNAL","2017-07-16","","41.58333333"
"TUNAL","2017-07-15","","60.41666667"
"TUNAL","2017-07-14","","52.0"
"TUNAL","2017-07-13","","28.26086957"
"TUNAL","2017-07-12","","27.08333333"
"TUNAL","2017-07-11","","20.25"
"TUNAL","2017-07-10","","21.33333333"
"TUNAL","2017-07-09","","13.66666667"
"TUNAL","2017-07-08","","23.5"
"TUNAL","2017-07-07","","23.16666667"
"TUNAL","2017-07-06","","19.79166667"
"TUNAL","2017-07-05","","32.41666667"
"TUNAL","2017-07-04","","26.625"
"TUNAL","2017-07-03","","12.7826087"
"TUNAL","2017-07-02","","12.52173913"
"TUNAL","2017-07-01","","15.57142857"
"TUNAL","2017-06-30","","19.75"
"TUNAL","2017-06-29","","43.375"
"TUNAL","2017-06-28","","49.29166667"
"TUNAL","2017-06-27","","46.56521739"
"TUNAL","2017-06-26","","23.5"
"TUNAL","2017-06-25","","12.0"
"TUNAL","2017-06-24","","35.0"
"TUNAL","2017-06-23","","42.33333333"
"TUNAL","2017-06-22","","38.08333333"
"TUNAL","2017-06-21","","16.69565217"
"TUNAL","2017-06-20","","16.13043478"
"TUNAL","2017-06-19","","29.66666667"
"TUNAL","2017-06-18","","62.60869565"
"TUNAL","2017-06-17","","70.75"
"TUNAL","2017-06-16","","25.69565217"
"TUNAL","2017-06-15","","24.91304348"
"TUNAL","2017-06-14","","19.125"
"TUNAL","2017-06-13","","31.33333333"
"TUNAL","2017-06-12","","44.33333333"
"TUNAL","2017-06-11","","29.76190476"
"TUNAL","2017-06-10","","22.42857143"
"TUNAL","2017-06-09","","93.55555556"
"TUNAL","2017-06-08","","89.34782609"
"TUNAL","2017-06-07","","42.16666667"
"TUNAL","2017-06-06","","41.70833333"
"TUNAL","2017-06-05","","19.83333333"
"TUNAL","2017-06-04","","17.20833333"
"TUNAL","2017-06-03","","27.34782609"
"TUNAL","2017-06-02","","26.45833333"
"TUNAL","2017-06-01","","26.375"
"TUNAL","2017-05-31","","26.7826087"
"TUNAL","2017-05-30","","29.33333333"
"TUNAL","2017-05-29","","18.43478261"
"TUNAL","2017-05-28","","22.66666667"
"TUNAL","2017-05-27","","34.17391304"
"TUNAL","2017-05-26","","39.60869565"
"TUNAL","2017-05-25","","29.04166667"
"TUNAL","2017-05-24","","27.125"
"TUNAL","2017-05-23","","44.91304348"
"TUNAL","2017-05-22","","48.41666667"
"TUNAL","2017-05-21","","43.375"
"TUNAL","2017-05-20","","29.125"
"TUNAL","2017-05-19","","39.83333333"
"TUNAL","2017-05-18","","37.20833333"
"TUNAL","2017-05-17","","60.91666667"
"TUNAL","2017-05-16","","45.16666667"
"TUNAL","2017-05-15","","58.2173913"
"TUNAL","2017-05-14","","30.375"
"TUNAL","2017-05-13","","53.25"
"TUNAL","2017-05-12","","65.79166667"
"TUNAL","2017-05-11","","85.04166667"
"TUNAL","2017-05-10","","48.45833333"
"TUNAL","2017-05-09","","65.875"
"TUNAL","2017-05-08","","58.5"
"TUNAL","2017-05-07","","52.75"
"TUNAL","2017-05-06","","37.625"
"TUNAL","2017-05-05","","44.66666667"
"TUNAL","2017-05-04","","42.47826087"
"TUNAL","2017-05-03","","55.20833333"
"TUNAL","2017-05-02","","39.375"
"TUNAL","2017-05-01","","24.41666667"
"TUNAL","2017-04-30","","15.625"
"TUNAL","2017-04-29","","28.16666667"
"TUNAL","2017-04-28","","32.91666667"
"TUNAL","2017-04-27","","41.17391304"
"TUNAL","2017-04-26","","38.41666667"
"TUNAL","2017-04-25","","51.20833333"
"TUNAL","2017-04-24","","32.375"
"TUNAL","2017-04-23","","26.45833333"
"TUNAL","2017-04-22","","65.875"
"TUNAL","2017-04-21","","50.58333333"
"TUNAL","2017-04-20","","80.375"
"TUNAL","2017-04-19","","49.04166667"
"TUNAL","2017-04-18","","37.875"
"TUNAL","2017-04-17","","25.65217391"
"TUNAL","2017-04-16","","18.625"
"TUNAL","2017-04-15","","17.91666667"
"TUNAL","2017-04-14","","15.54166667"
"TUNAL","2017-04-13","","19.20833333"
"TUNAL","2017-04-12","","53.625"
"TUNAL","2017-04-11","","64.66666667"
"TUNAL","2017-04-10","","79.83333333"
"TUNAL","2017-04-09","","52.83333333"
"TUNAL","2017-04-08","","67.45833333"
"TUNAL","2017-04-07","","107.625"
"TUNAL","2017-04-06","","63.41666667"
"TUNAL","2017-04-05","","58.75"
"TUNAL","2017-04-04","","54.69565217"
"TUNAL","2017-04-03","","42.22727273"
"TUNAL","2017-04-01","","31.22727273"
"TUNAL","2017-03-31","","46.375"
"TUNAL","2017-03-30","","81.33333333"
"TUNAL","2017-03-29","","41.25"
"TUNAL","2017-03-28","","67.25"
"TUNAL","2017-03-23","","63.66666667"
"TUNAL","2017-03-22","","51.73913043"
"TUNAL","2017-03-21","","78.54166667"
"TUNAL","2017-03-20","","72.75"
"TUNAL","2017-03-19","","64.125"
"TUNAL","2017-03-18","","72.91666667"
"TUNAL","2017-03-17","","69.16666667"
"TUNAL","2017-03-16","","60.54166667"
"TUNAL","2017-03-15","","56.95652174"
"TUNAL","2017-03-14","","44.91666667"
"TUNAL","2017-03-13","","47.375"
"TUNAL","2017-03-12","","37.66666667"
"TUNAL","2017-03-11","","43.16666667"
"TUNAL","2017-03-10","","40.95833333"
"TUNAL","2017-03-09","","28.41666667"
"TUNAL","2017-03-08","","44.08333333"
"TUNAL","2017-03-07","","52.95652174"
"TUNAL","2017-03-06","","35.16666667"
"TUNAL","2017-03-05","","24.5"
"TUNAL","2017-03-04","","42.5"
"TUNAL","2017-03-03","","27.83333333"
"TUNAL","2017-03-01","","69.7826087"
"TUNAL","2017-02-28","","70.83333333"
"TUNAL","2017-02-27","","63.66666667"
"TUNAL","2017-02-26","","47.91304348"
"TUNAL","2017-02-25","","76.875"
"TUNAL","2017-02-24","","81.7826087"
"TUNAL","2017-02-23","","79.66666667"
"TUNAL","2017-02-22","","68.95833333"
"TUNAL","2017-02-21","","77.95833333"
"TUNAL","2017-02-20","","74.875"
"TUNAL","2017-02-19","","60.54166667"
"TUNAL","2017-02-18","","79.41666667"
"TUNAL","2017-02-17","","48.875"
"TUNAL","2017-02-16","","68.375"
"TUNAL","2017-02-15","","72.125"
"TUNAL","2017-02-14","","55.54166667"
"TUNAL","2017-02-13","","48.82608696"
"TUNAL","2017-02-12","","40.16666667"
"TUNAL","2017-02-11","","89.41666667"
"TUNAL","2017-02-10","","71.125"
"TUNAL","2017-02-09","","77.125"
"TUNAL","2017-02-08","","57.45833333"
"TUNAL","2017-02-07","","51.66666667"
"TUNAL","2017-02-06","","53.79166667"
"TUNAL","2017-02-05","","39.0"
"TUNAL","2017-02-04","","53.95833333"
"TUNAL","2017-02-03","","48.75"
"TUNAL","2017-02-02","","47.66666667"
"TUNAL","2017-02-01","","64.16666667"
"TUNAL","2017-01-31","","77.15384615"
"TUNAL","2017-01-30","","54.5"
"TUNAL","2017-01-29","","25.5"
"TUNAL","2017-01-28","","43.25"
"TUNAL","2017-01-27","","38.70833333"
"TUNAL","2017-01-26","","25.33333333"
"TUNAL","2017-01-25","","38.79166667"
"TUNAL","2017-01-24","","83.04166667"
"TUNAL","2017-01-23","","65.41666667"
"TUNAL","2017-01-22","","58.04166667"
"TUNAL","2017-01-21","","56.125"
"TUNAL","2017-01-20","","77.20833333"
"TUNAL","2017-01-19","","66.5"
"TUNAL","2017-01-18","","57.375"
"TUNAL","2017-01-17","","37.82608696"
"TUNAL","2017-01-16","","32.0"
"TUNAL","2017-01-15","","56.375"
"TUNAL","2017-01-14","","56.91666667"
"TUNAL","2017-01-13","","48.45833333"
"TUNAL","2017-01-12","","39.58333333"
"TUNAL","2017-01-11","","48.66666667"
"TUNAL","2017-01-10","","45.04347826"
"TUNAL","2017-01-09","","36.95833333"
"TUNAL","2017-01-08","","27.45833333"
"TUNAL","2017-01-07","","22.13043478"
"TUNAL","2017-01-06","","22.54166667"
"TUNAL","2017-01-05","","42.66666667"
"TUNAL","2017-01-04","","46.08333333"
"TUNAL","2017-01-03","","32.75"
"TUNAL","2017-01-02","","64.16666667"
"TUNAL","2017-01-01","","21.18181818"
"TUNAL","2016-12-31","","29.0"
"TUNAL","2016-12-30","","27.875"
"TUNAL","2016-12-29","","59.47826087"
"TUNAL","2016-12-28","","36.95652174"
"TUNAL","2016-12-27","","51.63636364"
"TUNAL","2016-12-26","","63.20833333"
"TUNAL","2016-12-25","","89.27272727"
"TUNAL","2016-12-24","","47.36363636"
"TUNAL","2016-12-23","","78.29166667"
"TUNAL","2016-12-22","","64.20833333"
"TUNAL","2016-12-21","","67.0"
"TUNAL","2016-12-20","","55.375"
"TUNAL","2016-12-19","","94.20833333"
"TUNAL","2016-12-18","","35.29166667"
"TUNAL","2016-12-17","","57.70833333"
"TUNAL","2016-12-16","","70.04166667"
"TUNAL","2016-12-15","","51.125"
"TUNAL","2016-12-14","","84.26086957"
"TUNAL","2016-12-13","","63.82608696"
"TUNAL","2016-12-12","","40.45833333"
"TUNAL","2016-12-11","","29.375"
"TUNAL","2016-12-10","","34.45833333"
"TUNAL","2016-12-09","","57.70833333"
"TUNAL","2016-12-08","","83.56521739"
"TUNAL","2016-12-07","","30.83333333"
"TUNAL","2016-12-06","","42.125"
"TUNAL","2016-12-05","","35.20833333"
"TUNAL","2016-12-04","","30.18181818"
"TUNAL","2016-12-03","","38.65217391"
"TUNAL","2016-12-02","","72.54166667"
"TUNAL","2016-12-01","","69.54166667"
"TUNAL","2016-11-30","","51.41666667"
"TUNAL","2016-11-29","","57.81818182"
"TUNAL","2016-11-28","","77.04545455"
"TUNAL","2016-11-27","","66.86956522"
"TUNAL","2016-11-26","","77.95833333"
"TUNAL","2016-11-25","","91.39130435"
"TUNAL","2016-11-24","","93.73913043"
"TUNAL","2016-11-23","","56.875"
"TUNAL","2016-11-22","","84.0"
"TUNAL","2016-11-21","","81.75"
"TUNAL","2016-11-20","","45.66666667"
"TUNAL","2016-11-19","","72.69565217"
"TUNAL","2016-11-18","","63.18181818"
"TUNAL","2016-11-16","","45.30769231"
"TUNAL","2016-11-15","","44.43478261"
"TUNAL","2016-11-14","","37.34782609"
"TUNAL","2016-11-13","","52.25"
"TUNAL","2016-11-12","","81.29166667"
"TUNAL","2016-11-11","","42.82608696"
"TUNAL","2016-11-10","","84.40909091"
"TUNAL","2016-11-09","","80.125"
"TUNAL","2016-11-08","","77.0"
"TUNAL","2016-11-07","","39.41666667"
"TUNAL","2016-11-06","","27.29166667"
"TUNAL","2016-11-05","","31.86363636"
"TUNAL","2016-11-04","","33.29166667"
"TUNAL","2016-11-03","","80.13636364"
"TUNAL","2016-11-02","","61.5"
"TUNAL","2016-11-01","","64.875"
"TUNAL","2016-10-31","","79.0"
"TUNAL","2016-10-30","","34.91666667"
"TUNAL","2016-10-29","","40.625"
"TUNAL","2016-10-28","","69.68181818"
"TUNAL","2016-10-27","","89.16666667"
"TUNAL","2016-10-26","","70.83333333"
"TUNAL","2016-10-25","","69.5"
"TUNAL","2016-10-24","","67.375"
"TUNAL","2016-10-23","","42.16666667"
"TUNAL","2016-10-22","","55.81818182"
"TUNAL","2016-10-20","","37.1"
"TUNAL","2016-10-19","","51.45833333"
"TUNAL","2016-10-18","","29.66666667"
"TUNAL","2016-10-17","","35.45833333"
"TUNAL","2016-10-16","","25.20833333"
"TUNAL","2016-10-15","","17.66666667"
"TUNAL","2016-10-14","","34.69565217"
"TUNAL","2016-10-13","","52.65217391"
"TUNAL","2016-10-12","","48.91666667"
"TUNAL","2016-10-11","","44.125"
"TUNAL","2016-10-10","","28.68181818"
"TUNAL","2016-10-09","","31.5"
"TUNAL","2016-10-08","","68.13043478"
"TUNAL","2016-10-07","","72.95652174"
"TUNAL","2016-10-06","","51.0"
"TUNAL","2016-10-05","","57.34782609"
"TUNAL","2016-10-04","","50.77272727"
"TUNAL","2016-10-03","","37.69565217"
"TUNAL","2016-10-02","","36.60869565"
"TUNAL","2016-10-01","","46.68181818"
"TUNAL","2016-09-30","","84.125"
"TUNAL","2016-09-29","","79.5"
"TUNAL","2016-09-28","","46.08333333"
"TUNAL","2016-09-27","","33.375"
"TUNAL","2016-09-26","","40.43478261"
"TUNAL","2016-09-25","","20.25"
"TUNAL","2016-09-24","","24.18181818"
"TUNAL","2016-09-23","","40.04166667"
"TUNAL","2016-09-22","","39.08333333"
"TUNAL","2016-09-21","","27.04166667"
"TUNAL","2016-09-20","","25.04347826"
"TUNAL","2016-09-19","","26.18181818"
"TUNAL","2016-09-18","","32.19047619"
"TUNAL","2016-09-17","","29.3125"
"TUNAL","2016-09-13","","70.04347826"
"TUNAL","2016-09-12","","48.95652174"
"TUNAL","2016-09-11","","20.36363636"
"TUNAL","2016-09-10","","22.625"
"TUNAL","2016-09-09","","31.39130435"
"TUNAL","2016-09-08","","50.0"
"TUNAL","2016-09-07","","37.95833333"
"TUNAL","2016-09-06","","30.56521739"
"TUNAL","2016-09-05","","25.04347826"
"TUNAL","2016-09-04","","28.91666667"
"TUNAL","2016-09-03","","36.79166667"
"TUNAL","2016-09-02","","44.66666667"
"TUNAL","2016-09-01","","29.29166667"
"TUNAL","2016-08-31","","48.0"
"TUNAL","2016-08-30","","27.66666667"
"TUNAL","2016-08-29","","41.04166667"
"TUNAL","2016-08-28","","27.33333333"
"TUNAL","2016-08-27","","35.2173913"
"TUNAL","2016-08-26","","24.65217391"
"TUNAL","2016-08-25","","33.375"
"TUNAL","2016-08-24","","44.58333333"
"TUNAL","2016-08-23","","44.13043478"
"TUNAL","2016-08-22","","24.5"
"TUNAL","2016-08-21","","28.79166667"
"TUNAL","2016-08-20","","48.75"
"TUNAL","2016-08-19","","52.39130435"
"TUNAL","2016-08-18","","39.69565217"
"TUNAL","2016-08-17","","37.16666667"
"TUNAL","2016-08-16","","27.41666667"
"TUNAL","2016-08-15","","23.25"
"TUNAL","2016-08-14","","31.5"
"TUNAL","2016-08-13","","26.54166667"
"TUNAL","2016-08-12","","59.04166667"
"TUNAL","2016-08-11","","37.04166667"
"TUNAL","2016-08-10","","25.0"
"TUNAL","2016-08-09","","33.29166667"
"TUNAL","2016-08-08","","47.0"
"TUNAL","2016-08-07","","25.66666667"
"TUNAL","2016-08-06","","45.95833333"
"TUNAL","2016-08-05","","48.26086957"
"TUNAL","2016-08-04","","25.375"
"TUNAL","2016-08-03","","24.41666667"
"TUNAL","2016-08-02","","25.375"
"TUNAL","2016-08-01","","24.04166667"
"TUNAL","2016-07-31","","22.83333333"
"TUNAL","2016-07-30","","41.5"
"TUNAL","2016-07-29","","29.20833333"
"TUNAL","2016-07-28","","24.45833333"
"TUNAL","2016-07-27","","29.82608696"
"TUNAL","2016-07-26","","33.875"
"TUNAL","2016-07-25","","25.875"
"TUNAL","2016-07-24","","41.2173913"
"TUNAL","2016-07-23","","34.75"
"TUNAL","2016-07-22","","31.65217391"
"TUNAL","2016-07-21","","18.86956522"
"TUNAL","2016-07-20","","22.43478261"
"TUNAL","2016-07-19","","30.875"
"TUNAL","2016-07-18","","26.39130435"
"TUNAL","2016-07-17","","23.81818182"
"TUNAL","2016-07-16","","54.82608696"
"TUNAL","2016-07-15","","41.58333333"
"TUNAL","2016-07-14","","37.58333333"
"TUNAL","2016-07-13","","28.41666667"
"TUNAL","2016-07-12","","45.625"
"TUNAL","2016-07-11","","36.125"
"TUNAL","2016-07-10","","17.75"
"TUNAL","2016-07-09","","20.625"
"TUNAL","2016-07-08","","20.125"
"TUNAL","2016-07-07","","21.7826087"
"TUNAL","2016-07-06","","34.86956522"
"TUNAL","2016-07-05","","27.33333333"
"TUNAL","2016-07-04","","22.86956522"
"TUNAL","2016-07-03","","23.13043478"
"TUNAL","2016-07-02","","20.95652174"
"TUNAL","2016-07-01","","20.04761905"
"TUNAL","2016-06-30","","18.17391304"
"TUNAL","2016-06-29","","25.13043478"
"TUNAL","2016-06-28","","35.04347826"
"TUNAL","2016-06-27","","35.0"
"TUNAL","2016-06-26","","19.08333333"
"TUNAL","2016-06-25","","27.54166667"
"TUNAL","2016-06-24","","24.58333333"
"TUNAL","2016-06-23","","31.45454545"
"TUNAL","2016-06-22","","28.95652174"
"TUNAL","2016-06-21","","24.13043478"
"TUNAL","2016-06-20","","18.73913043"
"TUNAL","2016-06-19","","15.75"
"TUNAL","2016-06-18","","33.27272727"
"TUNAL","2016-06-17","","24.13043478"
"TUNAL","2016-06-16","","32.54166667"
"TUNAL","2016-06-15","","31.54166667"
"TUNAL","2016-06-14","","37.75"
"TUNAL","2016-06-13","","23.1"
"TUNAL","2016-06-12","","32.52173913"
"TUNAL","2016-06-11","","25.83333333"
"TUNAL","2016-06-10","","36.63636364"
"TUNAL","2016-06-09","","32.75"
"TUNAL","2016-06-08","","33.47826087"
"TUNAL","2016-06-07","","55.04347826"
"TUNAL","2016-06-06","","40.375"
"TUNAL","2016-06-05","","50.58333333"
"TUNAL","2016-06-04","","72.91666667"
"TUNAL","2016-06-03","","43.16666667"
"TUNAL","2016-06-02","","31.16666667"
"TUNAL","2016-06-01","","30.16666667"
"TUNAL","2016-05-31","","51.95652174"
"TUNAL","2016-05-30","","43.08695652"
"TUNAL","2016-05-29","","32.25"
"TUNAL","2016-05-28","","26.47083333"
"TUNAL","2016-05-27","","65.375"
"TUNAL","2016-05-26","","63.7826087"
"TUNAL","2016-05-25","","45.0"
"TUNAL","2016-05-24","","25.30454545"
"TUNAL","2016-05-23","","25.39130435"
"TUNAL","2016-05-22","","25.30434783"
"TUNAL","2016-05-21","","24.69565217"
"TUNAL","2016-05-20","","26.75"
"TUNAL","2016-05-19","","26.47083333"
"TUNAL","2016-05-18","","37.7375"
"TUNAL","2016-05-17","","36.19130435"
"TUNAL","2016-05-16","","34.48333333"
"TUNAL","2016-05-15","","17.13913043"
"TUNAL","2016-05-14","","23.39130435"
"TUNAL","2016-05-13","","70.4173913"
"TUNAL","2016-05-12","","35.9"
"TUNAL","2016-05-11","","66.75"
"TUNAL","2016-05-10","","37.05294118"
"TUNAL","2016-05-09","","17.95238095"
"TUNAL","2016-05-08","","36.30434783"
"TUNAL","2016-05-07","","35.54166667"
"TUNAL","2016-05-06","","32.16666667"
"TUNAL","2016-05-05","","47.29166667"
"TUNAL","2016-05-04","","87.16666667"
"TUNAL","2016-05-03","","60.54545455"
"TUNAL","2016-05-02","","41.375"
"TUNAL","2016-05-01","","23.45833333"
"TUNAL","2016-04-30","","34.54166667"
"TUNAL","2016-04-29","","53.75"
"TUNAL","2016-04-28","","57.20833333"
"TUNAL","2016-04-27","","59.16666667"
"TUNAL","2016-04-26","","80.69565217"
"TUNAL","2016-04-25","","96.04166667"
"TUNAL","2016-04-24","","45.56521739"
"TUNAL","2016-04-23","","38.82608696"
"TUNAL","2016-04-22","","29.22727273"
"TUNAL","2016-04-21","","33.08695652"
"TUNAL","2016-04-20","","55.58333333"
"TUNAL","2016-04-19","","37.79090909"
"TUNAL","2016-03-24","","40.46153846"
"TUNAL","2016-03-23","","57.04347826"
"TUNAL","2016-03-22","","53.20833333"
"TUNAL","2016-03-21","","35.225"
"TUNAL","2016-03-20","","31.125"
"TUNAL","2016-03-19","","32.78695652"
"TUNAL","2016-03-18","","29.50833333"
"TUNAL","2016-03-17","","26.71666667"
"TUNAL","2016-03-16","","57.07083333"
"TUNAL","2016-03-15","","61.625"
"TUNAL","2016-03-14","","82.29166667"
"TUNAL","2016-03-13","","69.91666667"
"TUNAL","2016-03-12","","87.75"
"TUNAL","2016-03-11","","92.91666667"
"TUNAL","2016-03-10","","95.91666667"
"TUNAL","2016-03-09","","79.07142857"
"TUNAL","2016-03-08","","103.54166667"
"TUNAL","2016-03-07","","99.41666667"
"TUNAL","2016-03-06","","72.75"
"TUNAL","2016-03-05","","118.70833333"
"TUNAL","2016-03-04","","101.73913043"
"TUNAL","2016-03-03","","84.04166667"
"TUNAL","2016-03-02","","89.58333333"
"TUNAL","2016-03-01","","83.83333333"
"TUNAL","2016-02-29","","83.47826087"
"TUNAL","2016-02-28","","50.7875"
"TUNAL","2016-02-27","","77.27391304"
"TUNAL","2016-02-26","","81.52380952"
"TUNAL","2016-02-25","","87.1625"
"TUNAL","2016-02-24","","59.95652174"
"TUNAL","2016-02-23","","57.47826087"
"TUNAL","2016-02-22","","49.29166667"
"TUNAL","2016-02-21","","43.6875"
"TUNAL","2016-02-20","","53.73913043"
"TUNAL","2016-02-19","","65.29166667"
"TUNAL","2016-02-18","","87.58333333"
"TUNAL","2016-02-17","","76.0"
"TUNAL","2016-02-16","","36.66666667"
"TUNAL","2016-02-15","","44.86956522"
"TUNAL","2016-02-14","","57.125"
"TUNAL","2016-02-13","","93.70833333"
"TUNAL","2016-02-12","","71.58333333"
"TUNAL","2016-02-11","","58.54166667"
"TUNAL","2016-02-10","","55.72727273"
"TUNAL","2016-02-09","","49.95652174"
"TUNAL","2016-02-08","","41.73913043"
"TUNAL","2016-02-07","","45.70833333"
"TUNAL","2016-02-06","","67.375"
"TUNAL","2016-02-05","","88.20833333"
"TUNAL","2016-02-04","","94.75"
"TUNAL","2016-02-03","","100.875"
"TUNAL","2016-02-02","","85.83333333"
"TUNAL","2016-02-01","","70.0"
"TUNAL","2016-01-31","","74.54166667"
"TUNAL","2016-01-30","","125.54166667"
"TUNAL","2016-01-29","","101.79166667"
"TUNAL","2016-01-28","","86.91304348"
"TUNAL","2016-01-27","","89.7826087"
"TUNAL","2016-01-26","","107.20833333"
"TUNAL","2016-01-25","","94.625"
"TUNAL","2016-01-24","","68.91666667"
"TUNAL","2016-01-23","","104.75"
"TUNAL","2016-01-22","","102.04166667"
"TUNAL","2016-01-21","","117.33333333"
"TUNAL","2016-01-20","","100.56521739"
"TUNAL","2016-01-19","","92.89565217"
"TUNAL","2016-01-18","","88.2625"
"TUNAL","2016-01-17","","60.65909091"
"TUNAL","2016-01-16","","77.46956522"
"TUNAL","2016-01-15","","71.9"
"TUNAL","2016-01-14","","74.025"
"TUNAL","2016-01-13","","76.23333333"
"TUNAL","2016-01-12","","70.72173913"
"TUNAL","2016-01-11","","54.36086957"
"TUNAL","2016-01-10","","45.44545455"
"TUNAL","2016-01-09","","67.21304348"
"TUNAL","2016-01-08","","67.84583333"
"TUNAL","2016-01-07","","79.36521739"
"TUNAL","2016-01-06","","55.41818182"
"TUNAL","2016-01-05","","55.35833333"
"TUNAL","2016-01-04","","58.73913043"
"TUNAL","2016-01-03","","56.09565217"
"TUNAL","2016-01-02","","22.245"
"TUNAL","2016-01-01","","24.82222222"
"TUNAL","2015-12-31","","17.0"
"TUNAL","2015-12-30","","21.08333333"
"TUNAL","2015-12-29","","27.875"
"TUNAL","2015-12-28","","35.45833333"
"TUNAL","2015-12-27","","38.83333333"
"TUNAL","2015-12-26","","28.91666667"
"TUNAL","2015-12-25","","34.20833333"
"TUNAL","2015-12-24","","38.04166667"
"TUNAL","2015-12-23","","45.58333333"
"TUNAL","2015-12-22","","27.83333333"
"TUNAL","2015-12-21","","29.66666667"
"TUNAL","2015-12-20","","22.83333333"
"TUNAL","2015-12-19","","26.5"
"TUNAL","2015-12-18","","38.91666667"
"TUNAL","2015-12-17","","30.75"
"TUNAL","2015-12-16","","39.08333333"
"TUNAL","2015-12-15","","52.41666667"
"TUNAL","2015-12-14","","51.33333333"
"TUNAL","2015-12-13","","34.91666667"
"TUNAL","2015-12-12","","54.875"
"TUNAL","2015-12-11","","38.125"
"TUNAL","2015-12-10","","33.08333333"
"TUNAL","2015-12-09","","44.45833333"
"TUNAL","2015-12-08","","39.875"
"TUNAL","2015-12-07","","42.375"
"TUNAL","2015-12-06","","25.875"
"TUNAL","2015-12-05","","42.58333333"
"TUNAL","2015-12-04","","29.58333333"
"TUNAL","2015-12-03","","39.83333333"
"TUNAL","2015-12-02","","22.75"
"TUNAL","2015-12-01","","23.375"
"TUNAL","2015-11-30","","24.66666667"
"TUNAL","2015-11-29","","42.54166667"
"TUNAL","2015-11-28","","65.75"
"TUNAL","2015-11-27","","49.0"
"TUNAL","2015-11-26","","46.375"
"TUNAL","2015-11-25","","41.79166667"
"TUNAL","2015-11-24","","54.91304348"
"TUNAL","2015-11-23","","55.54166667"
"TUNAL","2015-11-22","","28.20833333"
"TUNAL","2015-11-21","","48.875"
"TUNAL","2015-11-20","","78.54166667"
"TUNAL","2015-11-19","","70.75"
"TUNAL","2015-11-18","","48.33333333"
"TUNAL","2015-11-17","","24.875"
"TUNAL","2015-11-16","","20.83333333"
"TUNAL","2015-11-15","","17.875"
"TUNAL","2015-11-14","","19.125"
"TUNAL","2015-11-13","","39.20833333"
"TUNAL","2015-11-12","","41.75"
"TUNAL","2015-11-11","","30.16666667"
"TUNAL","2015-11-10","","33.30434783"
"TUNAL","2015-11-09","","35.47826087"
"TUNAL","2015-11-08","","18.125"
"TUNAL","2015-11-07","","32.125"
"TUNAL","2015-11-06","","60.91666667"
"TUNAL","2015-11-05","","47.375"
"TUNAL","2015-11-04","","56.16666667"
"TUNAL","2015-11-03","","62.625"
"TUNAL","2015-11-02","","35.83333333"
"TUNAL","2015-11-01","","34.79166667"
"TUNAL","2015-10-31","","76.54166667"
"TUNAL","2015-10-30","","62.08333333"
"TUNAL","2015-10-29","","41.20833333"
"TUNAL","2015-10-28","","39.41666667"
"TUNAL","2015-10-27","","26.91666667"
"TUNAL","2015-10-26","","31.84210526"
"TUNAL","2015-10-25","","35.75"
"TUNAL","2015-10-24","","59.08333333"
"TUNAL","2015-10-23","","42.33333333"
"TUNAL","2015-10-22","","63.375"
"TUNAL","2015-10-21","","44.45833333"
"TUNAL","2015-10-20","","39.04166667"
"TUNAL","2015-10-19","","51.125"
"TUNAL","2015-10-18","","23.20833333"
"TUNAL","2015-10-17","","29.625"
"TUNAL","2015-10-16","","24.29166667"
"TUNAL","2015-10-15","","25.58333333"
"TUNAL","2015-10-14","","65.10526316"
"TUNAL","2015-10-13","","45.7826087"
"TUNAL","2015-10-12","","32.45833333"
"TUNAL","2015-10-11","","40.625"
"TUNAL","2015-10-10","","45.625"
"TUNAL","2015-10-09","","36.04166667"
"TUNAL","2015-10-08","","30.47826087"
"TUNAL","2015-10-07","","45.29166667"
"TUNAL","2015-10-06","","39.66666667"
"TUNAL","2015-10-05","","25.875"
"TUNAL","2015-10-04","","19.625"
"TUNAL","2015-10-03","","21.2"
"TUNAL","2015-10-02","","51.16666667"
"TUNAL","2015-10-01","","46.45833333"
"TUNAL","2015-09-30","","49.16666667"
"TUNAL","2015-09-29","","47.04166667"
"TUNAL","2015-09-28","","39.25"
"TUNAL","2015-09-27","","33.08333333"
"TUNAL","2015-09-26","","34.375"
"TUNAL","2015-09-25","","51.54166667"
"TUNAL","2015-09-24","","35.75"
"TUNAL","2015-09-23","","30.16666667"
"TUNAL","2015-09-22","","30.75"
"TUNAL","2015-09-21","","24.83333333"
"TUNAL","2015-09-20","","14.375"
"TUNAL","2015-09-19","","30.0"
"TUNAL","2015-09-18","","30.20833333"
"TUNAL","2015-09-17","","82.0"
"TUNAL","2015-09-16","","42.25"
"TUNAL","2015-09-15","","49.91666667"
"TUNAL","2015-09-14","","30.95833333"
"TUNAL","2015-09-13","","33.91304348"
"TUNAL","2015-09-12","","36.04166667"
"TUNAL","2015-09-11","","31.70833333"
"TUNAL","2015-09-10","","25.58333333"
"TUNAL","2015-09-09","","32.54166667"
"TUNAL","2015-09-08","","40.33333333"
"TUNAL","2015-09-07","","27.33333333"
"TUNAL","2015-09-06","","18.91666667"
"TUNAL","2015-09-05","","49.125"
"TUNAL","2015-09-04","","46.375"
"TUNAL","2015-09-03","","36.25"
"TUNAL","2015-09-02","","51.82608696"
"TUNAL","2015-09-01","","30.04166667"
"TUNAL","2015-08-31","","20.91304348"
"TUNAL","2015-08-30","","21.58333333"
"TUNAL","2015-08-29","","31.70833333"
"TUNAL","2015-08-28","","27.75"
"TUNAL","2015-08-27","","51.45833333"
"TUNAL","2015-08-26","","50.04166667"
"TUNAL","2015-08-25","","31.33333333"
"TUNAL","2015-08-24","","23.16666667"
"TUNAL","2015-08-23","","36.25"
"TUNAL","2015-08-22","","37.79166667"
"TUNAL","2015-08-21","","41.75"
"TUNAL","2015-08-20","","24.66666667"
"TUNAL","2015-08-19","","26.20833333"
"TUNAL","2015-08-18","","27.54166667"
"TUNAL","2015-08-17","","19.69565217"
"TUNAL","2015-08-16","","19.95454545"
"TUNAL","2015-08-15","","26.0"
"TUNAL","2015-08-14","","34.08333333"
"TUNAL","2015-08-13","","28.375"
"TUNAL","2015-08-12","","24.375"
"TUNAL","2015-08-11","","27.39130435"
"TUNAL","2015-08-10","","33.75"
"TUNAL","2015-08-09","","26.91666667"
"TUNAL","2015-08-08","","23.75"
"TUNAL","2015-08-07","","23.41666667"
"TUNAL","2015-08-06","","28.95833333"
"TUNAL","2015-08-05","","30.52173913"
"TUNAL","2015-08-04","","21.33333333"
"TUNAL","2015-08-03","","19.75"
"TUNAL","2015-08-02","","16.65217391"
"TUNAL","2015-08-01","","37.0"
"TUNAL","2015-07-31","","23.69565217"
"TUNAL","2015-07-30","","24.2173913"
"TUNAL","2015-07-29","","23.39130435"
"TUNAL","2015-07-28","","26.91666667"
"TUNAL","2015-07-27","","26.29166667"
"TUNAL","2015-07-26","","23.125"
"TUNAL","2015-07-25","","35.16666667"
"TUNAL","2015-07-24","","35.16666667"
"TUNAL","2015-07-23","","27.66666667"
"TUNAL","2015-07-22","","23.95833333"
"TUNAL","2015-07-21","","41.83333333"
"TUNAL","2015-07-20","","21.70833333"
"TUNAL","2015-07-19","","40.08333333"
"TUNAL","2015-07-18","","27.04166667"
"TUNAL","2015-07-17","","28.95833333"
"TUNAL","2015-07-16","","45.22727273"
"TUNAL","2015-07-15","","25.54166667"
"TUNAL","2015-07-14","","63.16666667"
"TUNAL","2015-07-13","","56.08333333"
"TUNAL","2015-07-12","","25.41666667"
"TUNAL","2015-07-11","","37.25"
"TUNAL","2015-07-10","","43.70833333"
"TUNAL","2015-07-09","","66.58333333"
"TUNAL","2015-07-08","","45.95833333"
"TUNAL","2015-07-07","","50.29166667"
"TUNAL","2015-07-06","","31.86956522"
"TUNAL","2015-07-05","","28.20833333"
"TUNAL","2015-07-04","","25.20833333"
"TUNAL","2015-07-03","","45.83333333"
"TUNAL","2015-07-02","","43.625"
"TUNAL","2015-07-01","","38.54166667"
"TUNAL","2015-06-30","","67.125"
"TUNAL","2015-06-29","","37.95833333"
"TUNAL","2015-06-28","","17.70833333"
"TUNAL","2015-06-27","","17.33333333"
"TUNAL","2015-06-26","","18.75"
"TUNAL","2015-06-25","","20.29166667"
"TUNAL","2015-06-24","","26.29166667"
"TUNAL","2015-06-23","","19.56521739"
"TUNAL","2015-06-22","","23.875"
"TUNAL","2015-06-21","","20.16666667"
"TUNAL","2015-06-20","","32.08333333"
"TUNAL","2015-06-19","","27.33333333"
"TUNAL","2015-06-18","","27.375"
"TUNAL","2015-06-17","","28.0"
"TUNAL","2015-06-16","","25.95833333"
"TUNAL","2015-06-15","","20.58333333"
"TUNAL","2015-06-14","","24.625"
"TUNAL","2015-06-13","","34.70833333"
"TUNAL","2015-06-12","","31.16666667"
"TUNAL","2015-06-11","","37.125"
"TUNAL","2015-06-10","","36.625"
"TUNAL","2015-06-09","","39.0"
"TUNAL","2015-06-08","","23.33333333"
"TUNAL","2015-06-07","","34.0"
"TUNAL","2015-06-06","","37.0"
"TUNAL","2015-06-05","","36.875"
"TUNAL","2015-06-04","","32.70833333"
"TUNAL","2015-06-03","","40.95833333"
"TUNAL","2015-06-02","","31.125"
"TUNAL","2015-06-01","","32.95652174"
"TUNAL","2015-05-31","","37.75"
"TUNAL","2015-05-30","","61.95833333"
"TUNAL","2015-05-29","","61.08333333"
"TUNAL","2015-05-28","","48.41666667"
"TUNAL","2015-05-27","","44.43478261"
"TUNAL","2015-05-26","","37.70833333"
"TUNAL","2015-05-25","","34.125"
"TUNAL","2015-05-24","","38.95833333"
"TUNAL","2015-05-23","","35.625"
"TUNAL","2015-05-22","","52.79166667"
"TUNAL","2015-05-21","","33.79166667"
"TUNAL","2015-05-20","","34.875"
"TUNAL","2015-05-19","","44.04166667"
"TUNAL","2015-05-18","","22.04166667"
"TUNAL","2015-05-17","","25.5"
"TUNAL","2015-05-16","","36.16666667"
"TUNAL","2015-05-15","","35.875"
"TUNAL","2015-05-14","","39.41666667"
"TUNAL","2015-05-13","","42.13043478"
"TUNAL","2015-05-12","","45.375"
"TUNAL","2015-05-11","","51.375"
"TUNAL","2015-05-10","","31.54166667"
"TUNAL","2015-05-09","","28.66666667"
"TUNAL","2015-05-08","","49.40909091"
"TUNAL","2015-05-07","","56.31818182"
"TUNAL","2015-05-06","","63.95833333"
"TUNAL","2015-05-05","","68.04166667"
"TUNAL","2015-05-04","","73.125"
"TUNAL","2015-05-03","","68.25"
"TUNAL","2015-05-02","","87.29166667"
"TUNAL","2015-05-01","","84.0"
"TUNAL","2015-04-30","","64.91666667"
"TUNAL","2015-04-29","","40.66666667"
"TUNAL","2015-04-28","","34.375"
"TUNAL","2015-04-27","","26.73913043"
"TUNAL","2015-04-26","","20.83333333"
"TUNAL","2015-04-25","","39.5"
"TUNAL","2015-04-24","","37.25"
"TUNAL","2015-04-23","","52.79166667"
"TUNAL","2015-04-22","","55.08333333"
"TUNAL","2015-04-21","","34.41666667"
"TUNAL","2015-04-20","","34.29166667"
"TUNAL","2015-04-19","","24.45833333"
"TUNAL","2015-04-18","","38.125"
"TUNAL","2015-04-17","","59.75"
"TUNAL","2015-04-16","","48.75"
"TUNAL","2015-04-15","","44.45833333"
"TUNAL","2015-04-14","","45.4"
"TUNAL","2015-04-13","","26.0"
"TUNAL","2015-04-12","","25.91666667"
"TUNAL","2015-04-11","","46.16666667"
"TUNAL","2015-04-10","","46.54166667"
"TUNAL","2015-04-09","","40.625"
"TUNAL","2015-04-08","","44.625"
"TUNAL","2015-04-07","","52.45833333"
"TUNAL","2015-04-06","","46.75"
"TUNAL","2015-04-05","","34.95833333"
"TUNAL","2015-04-04","","39.56521739"
"TUNAL","2015-04-03","","26.08333333"
"TUNAL","2015-04-02","","41.95833333"
"TUNAL","2015-04-01","","49.45833333"
"TUNAL","2015-03-31","","78.20833333"
"TUNAL","2015-03-30","","84.16666667"
"TUNAL","2015-03-29","","47.25"
"TUNAL","2015-03-28","","72.41666667"
"TUNAL","2015-03-27","","63.375"
"TUNAL","2015-03-26","","71.41666667"
"TUNAL","2015-03-25","","72.66666667"
"TUNAL","2015-03-24","","84.36363636"
"TUNAL","2015-03-23","","56.54166667"
"TUNAL","2015-03-22","","53.41666667"
"TUNAL","2015-03-21","","52.375"
"TUNAL","2015-03-20","","54.83333333"
"TUNAL","2015-03-19","","77.79166667"
"TUNAL","2015-03-18","","73.125"
"TUNAL","2015-03-17","","79.41666667"
"TUNAL","2015-03-16","","50.91666667"
"TUNAL","2015-03-15","","56.83333333"
"TUNAL","2015-03-14","","63.0"
"TUNAL","2015-03-13","","59.34782609"
"TUNAL","2015-03-12","","62.33333333"
"TUNAL","2015-03-11","","40.08333333"
"TUNAL","2015-03-10","","40.08333333"
"TUNAL","2015-03-09","","45.625"
"TUNAL","2015-03-08","","34.83333333"
"TUNAL","2015-03-07","","34.5"
"TUNAL","2015-03-06","","57.125"
"TUNAL","2015-03-05","","55.45833333"
"TUNAL","2015-03-04","","43.04347826"
"TUNAL","2015-03-03","","56.45833333"
"TUNAL","2015-03-02","","91.75"
"TUNAL","2015-03-01","","46.75"
"TUNAL","2015-02-28","","34.375"
"TUNAL","2015-02-27","","57.66666667"
"TUNAL","2015-02-26","","63.58333333"
"TUNAL","2015-02-25","","68.08333333"
"TUNAL","2015-02-24","","82.04166667"
"TUNAL","2015-02-23","","57.95833333"
"TUNAL","2015-02-22","","61.375"
"TUNAL","2015-02-21","","86.29166667"
"TUNAL","2015-02-20","","75.04166667"
"TUNAL","2015-02-19","","70.0"
"TUNAL","2015-02-18","","83.75"
"TUNAL","2015-02-17","","56.08695652"
"TUNAL","2015-02-16","","57.54166667"
"TUNAL","2015-02-15","","31.54166667"
"TUNAL","2015-02-14","","44.29166667"
"TUNAL","2015-02-13","","39.04166667"
"TUNAL","2015-02-12","","41.125"
"TUNAL","2015-02-11","","61.75"
"TUNAL","2015-02-10","","101.5"
"TUNAL","2015-02-09","","64.25"
"TUNAL","2015-02-08","","60.91666667"
"TUNAL","2015-02-07","","86.79166667"
"TUNAL","2015-02-06","","99.08333333"
"TUNAL","2015-02-05","","53.70833333"
"TUNAL","2015-02-04","","42.91666667"
"TUNAL","2015-02-03","","39.79166667"
"TUNAL","2015-02-02","","34.41666667"
"TUNAL","2015-02-01","","24.75"
"TUNAL","2015-01-31","","34.625"
"TUNAL","2015-01-30","","60.04166667"
"TUNAL","2015-01-29","","50.16666667"
"TUNAL","2015-01-28","","68.58333333"
"TUNAL","2015-01-27","","73.86956522"
"TUNAL","2015-01-26","","60.66666667"
"TUNAL","2015-01-25","","48.20833333"
"TUNAL","2015-01-24","","60.5"
"TUNAL","2015-01-23","","101.58333333"
"TUNAL","2015-01-22","","73.63636364"
"TUNAL","2015-01-21","","54.82608696"
"TUNAL","2015-01-20","","41.57142857"
"TUNAL","2015-01-19","","65.70833333"
"TUNAL","2015-01-18","","69.45833333"
"TUNAL","2015-01-17","","99.29166667"
"TUNAL","2015-01-16","","93.29166667"
"TUNAL","2015-01-15","","68.58333333"
"TUNAL","2015-01-14","","56.95833333"
"TUNAL","2015-01-13","","57.54166667"
"TUNAL","2015-01-12","","34.95833333"
"TUNAL","2015-01-11","","29.58333333"
"TUNAL","2015-01-10","","55.45833333"
"TUNAL","2015-01-09","","38.0"
"TUNAL","2015-01-08","","52.125"
"TUNAL","2015-01-07","","48.91304348"
"TUNAL","2015-01-06","","52.83333333"
"TUNAL","2015-01-05","","41.25"
"TUNAL","2015-01-04","","32.79166667"
"TUNAL","2015-01-03","","36.29166667"
"TUNAL","2015-01-02","","34.58333333"
"TUNAL","2015-01-01","","40.625"
"TUNAL","2013-12-30","","27.43333334"
"TUNAL","2013-12-29","","18.88888889"
"TUNAL","2013-12-28","","25.06944444"
"TUNAL","2013-12-27","","32.45138888"
"TUNAL","2013-12-26","","40.47222223"
"TUNAL","2013-12-25","","34.18055556"
"TUNAL","2013-12-24","","52.85416667"
"TUNAL","2013-12-23","","38.13888888"
"TUNAL","2013-12-22","","31.78472221"
"TUNAL","2013-12-21","","35.84722222"
"TUNAL","2013-12-20","","41.68750001"
"TUNAL","2013-12-19","","43.97727273"
"TUNAL","2013-12-18","","46.97916667"
"TUNAL","2013-12-17","","42.34722223"
"TUNAL","2013-12-16","","21.59722223"
"TUNAL","2013-12-14","","36.7"
"TUNAL","2013-12-13","","34.90151515"
"TUNAL","2013-12-12","","21.42361111"
"TUNAL","2013-12-11","","43.05555556"
"TUNAL","2013-12-10","","25.34090909"
"TUNAL","2013-12-09","","23.02083333"
"TUNAL","2013-12-08","","24.49305556"
"TUNAL","2013-12-07","","50.93055556"
"TUNAL","2013-12-06","","24.90277777"
"TUNAL","2013-12-05","","27.25694444"
"TUNAL","2013-12-04","","39.39583333"
"TUNAL","2013-12-03","","38.37499999"
"TUNAL","2013-12-02","","23.46527778"
"TUNAL","2013-12-01","","38.875"
"TUNAL","2013-11-30","","70.4513889"
"TUNAL","2013-11-29","","64.34722223"
"TUNAL","2013-11-28","","54.28472223"
"TUNAL","2013-11-27","","52.45833333"
"TUNAL","2013-11-26","","60.63333334"
"TUNAL","2013-11-25","","55.58333333"
"TUNAL","2013-11-24","","37.0138889"
"TUNAL","2013-11-23","","42.18055555"
"TUNAL","2013-11-22","","48.49305556"
"TUNAL","2013-11-21","","63.09027778"
"TUNAL","2013-11-20","","64.15277777"
"TUNAL","2013-11-19","","46.79861111"
"TUNAL","2013-11-18","","45.97222223"
"TUNAL","2013-11-17","","44.93055555"
"TUNAL","2013-11-16","","32.15277778"
"TUNAL","2013-11-15","","21.90277778"
"TUNAL","2013-11-14","","37.06944444"
"TUNAL","2013-11-13","","41.07638889"
"TUNAL","2013-11-12","","25.18750001"
"TUNAL","2013-11-11","","18.32638888"
"TUNAL","2013-11-10","","32.43055555"
"TUNAL","2013-11-09","","67.97222222"
"TUNAL","2013-11-08","","60.79166667"
"TUNAL","2013-11-07","","42.20833333"
"TUNAL","2013-11-06","","65.85416668"
"TUNAL","2013-11-05","","50.0763889"
"TUNAL","2013-11-04","","21.34722223"
"TUNAL","2013-11-03","","34.91666667"
"TUNAL","2013-11-02","","45.54861112"
"TUNAL","2013-11-01","","34.50694445"
"TUNAL","2013-10-31","","37.84722222"
"TUNAL","2013-10-30","","63.60416667"
"TUNAL","2013-10-29","","48.54166667"
"TUNAL","2013-10-28","","55.11805556"
"TUNAL","2013-10-27","","43.60416666"
"TUNAL","2013-10-26","","34.8611111"
"TUNAL","2013-10-25","","24.75000001"
"TUNAL","2013-10-24","","26.30555555"
"TUNAL","2013-10-23","","51.72916668"
"TUNAL","2013-10-22","","42.0625"
"TUNAL","2013-10-21","","31.02777778"
"TUNAL","2013-10-20","","36.79861112"
"TUNAL","2013-10-19","","29.38888889"
"TUNAL","2013-10-18","","58.47222222"
"TUNAL","2013-10-17","","30.60416668"
"TUNAL","2013-10-16","","52.55555555"
"TUNAL","2013-10-15","","40.28472222"
"TUNAL","2013-10-14","","23.24305556"
"TUNAL","2013-10-13","","24.68750001"
"TUNAL","2013-10-12","","31.11805555"
"TUNAL","2013-10-11","","42.09848485"
"TUNAL","2013-10-10","","37.79861112"
"TUNAL","2013-10-09","","40.18055555"
"TUNAL","2013-10-08","","20.98611111"
"TUNAL","2013-10-07","","20.20833335"
"TUNAL","2013-10-06","","22.38888888"
"TUNAL","2013-10-05","","38.03472222"
"TUNAL","2013-10-04","","20.95138888"
"TUNAL","2013-10-03","","26.58333333"
"TUNAL","2013-10-02","","22.69696969"
"TUNAL","2013-10-01","","54.04545454"
"TUNAL","2013-09-30","","26.15972222"
"TUNAL","2013-09-29","","16.64583335"
"TUNAL","2013-09-28","","22.08333334"
"TUNAL","2013-09-27","","21.33333333"
"TUNAL","2013-09-26","","19.06944444"
"TUNAL","2013-09-25","","20.82638888"
"TUNAL","2013-09-24","","23.7986111"
"TUNAL","2013-09-23","","22.71527778"
"TUNAL","2013-09-22","","19.56944444"
"TUNAL","2013-09-21","","38.02777778"
"TUNAL","2013-09-20","","16.50694445"
"TUNAL","2013-09-19","","18.17361111"
"TUNAL","2013-09-18","","29.65972223"
"TUNAL","2013-09-17","","34.8888889"
"TUNAL","2013-09-16","","20.27777777"
"TUNAL","2013-09-15","","14.97222223"
"TUNAL","2013-09-14","","23.95833333"
"TUNAL","2013-09-13","","65.88888889"
"TUNAL","2013-09-12","","61.84722222"
"TUNAL","2013-09-11","","29.48611111"
"TUNAL","2013-09-10","","34.40000001"
"TUNAL","2013-09-09","","41.54166667"
"TUNAL","2013-09-08","","18.54861111"
"TUNAL","2013-09-07","","28.06944445"
"TUNAL","2013-09-06","","24.3611111"
"TUNAL","2013-09-05","","38.65277778"
"TUNAL","2013-09-04","","95.84027778"
"TUNAL","2013-09-03","","87.89583333"
"TUNAL","2013-09-02","","75.29166667"
"TUNAL","2013-09-01","","29.00000001"
"TUNAL","2013-08-31","","27.70833333"
"TUNAL","2013-08-30","","29.18055555"
"TUNAL","2013-08-29","","29.08333333"
"TUNAL","2013-08-28","","26.19444445"
"TUNAL","2013-08-27","","27.50694445"
"TUNAL","2013-08-26","","22.21527778"
"TUNAL","2013-08-25","","50.54166666"
"TUNAL","2013-08-24","","59.05555555"
"TUNAL","2013-08-23","","42.13888888"
"TUNAL","2013-08-22","","27.60416667"
"TUNAL","2013-08-21","","25.36111111"
"TUNAL","2013-08-20","","32.90000001"
"TUNAL","2013-08-17","","16.6666667"
"TUNAL","2013-08-16","","24.95833334"
"TUNAL","2013-08-15","","23.65277778"
"TUNAL","2013-08-14","","27.76041667"
"TUNAL","2013-08-13","","73.59375"
"TUNAL","2013-08-12","","46.80555556"
"TUNAL","2013-08-11","","31.07407408"
"TUNAL","2013-08-10","","62.30833332"
"TUNAL","2013-08-09","","67.36363637"
"TUNAL","2013-08-08","","71.07692309"
"TUNAL","2013-08-07","","36.03472222"
"TUNAL","2013-08-06","","60.15277778"
"TUNAL","2013-08-05","","34.20289855"
"TUNAL","2013-08-04","","33.90909091"
"TUNAL","2013-08-03","","34.00793652"
"TUNAL","2013-08-02","","25.40909091"
"TUNAL","2013-08-01","","25.49275362"
"TUNAL","2013-07-31","","21.04347825"
"TUNAL","2013-07-30","","30.88888889"
"TUNAL","2013-07-29","","21.65686275"
"TUNAL","2013-07-28","","14.79761905"
"TUNAL","2013-07-27","","23.69607843"
"TUNAL","2013-07-26","","23.42105264"
"TUNAL","2013-07-25","","26.73611111"
"TUNAL","2013-07-24","","29.58333333"
"TUNAL","2013-07-23","","36.5625"
"TUNAL","2013-07-22","","28.68055555"
"TUNAL","2013-07-21","","17.86805556"
"TUNAL","2013-07-20","","40.21527778"
"TUNAL","2013-07-19","","38.61111111"
"TUNAL","2013-07-18","","28.79166666"
"TUNAL","2013-07-17","","22.57638889"
"TUNAL","2013-07-16","","19.72222223"
"TUNAL","2013-07-15","","21.79166666"
"TUNAL","2013-07-14","","49.11111111"
"TUNAL","2013-07-13","","45.18750001"
"TUNAL","2013-07-12","","45.68055555"
"TUNAL","2013-07-11","","35.79166666"
"TUNAL","2013-07-10","","26.22222223"
"TUNAL","2013-07-09","","25.40000001"
"TUNAL","2013-05-21","","23.37878787"
"TUNAL","2013-05-20","","35.125"
"TUNAL","2013-05-19","","20.82638889"
"TUNAL","2013-05-18","","32.43750001"
"TUNAL","2013-05-17","","31.33333334"
"TUNAL","2013-05-16","","34.20833332"
"TUNAL","2013-05-15","","29.11805556"
"TUNAL","2013-05-14","","27.69444445"
"TUNAL","2013-05-13","","23.17361111"
"TUNAL","2013-05-12","","38.82638888"
"TUNAL","2013-05-11","","61.22222223"
"TUNAL","2013-05-10","","58.06944445"
"TUNAL","2013-05-09","","26.9861111"
"TUNAL","2013-05-08","","49.06944445"
"TUNAL","2013-05-07","","54.09027777"
"TUNAL","2013-05-06","","64.22916667"
"TUNAL","2013-05-05","","47.34027778"
"TUNAL","2013-05-04","","86.31944443"
"TUNAL","2013-05-03","","75.54166666"
"TUNAL","2013-05-02","","65.66666667"
"TUNAL","2013-04-30","","55.66666666"
"TUNAL","2013-04-29","","53.18055556"
"TUNAL","2013-04-28","","52.75694444"
"TUNAL","2013-04-27","","69.625"
"TUNAL","2013-04-26","","66.50694444"
"TUNAL","2013-04-25","","64.60416666"
"TUNAL","2013-04-24","","64.16666667"
"TUNAL","2013-04-23","","76.90277778"
"TUNAL","2013-04-22","","81.23611111"
"TUNAL","2013-04-21","","54.65277778"
"TUNAL","2013-04-20","","39.31944445"
"TUNAL","2013-04-19","","40.56944445"
"TUNAL","2013-04-18","","43.47916667"
"TUNAL","2013-04-17","","35.2361111"
"TUNAL","2013-04-16","","29.60416668"
"TUNAL","2013-04-15","","27.65277778"
"TUNAL","2013-04-14","","25.02777778"
"TUNAL","2013-04-13","","45.54166667"
"TUNAL","2013-04-12","","65.04166666"
"TUNAL","2013-04-11","","70.77083333"
"TUNAL","2013-04-10","","58.59722223"
"TUNAL","2013-04-09","","55.72222222"
"TUNAL","2013-04-08","","50.38194445"
"TUNAL","2013-04-07","","44.14583333"
"TUNAL","2013-04-06","","78.19444445"
"TUNAL","2013-04-05","","82.87121212"
"TUNAL","2013-04-04","","62.74305556"
"TUNAL","2013-04-03","","83.09722223"
"TUNAL","2013-04-02","","43.22222222"
"TUNAL","2013-04-01","","35.16666668"
"TUNAL","2013-03-31","","18.92361111"
"TUNAL","2013-03-30","","21.31944445"
"TUNAL","2013-03-29","","33.0486111"
"TUNAL","2013-03-28","","39.58333333"
"TUNAL","2013-03-27","","52.72916667"
"TUNAL","2013-03-26","","47.16666667"
"TUNAL","2013-03-25","","46.19047619"
"TUNAL","2013-03-24","","50.81944444"
"TUNAL","2013-03-23","","91.95833333"
"TUNAL","2013-03-22","","55.20833333"
"TUNAL","2013-03-21","","104.26666668"
"TUNAL","2013-03-20","","102.0"
"TUNAL","2013-03-19","","59.95833334"
"TUNAL","2013-03-18","","49.71666667"
"TUNAL","2013-03-15","","37.79629629"
"TUNAL","2013-03-14","","58.78472222"
"TUNAL","2013-03-13","","46.4126984"
"TUNAL","2013-03-12","","59.51388889"
"TUNAL","2013-03-11","","54.44444445"
"TUNAL","2013-03-10","","36.96527778"
"TUNAL","2013-03-09","","38.73611111"
"TUNAL","2013-03-08","","60.06666666"
"TUNAL","2013-03-06","","52.65151516"
"TUNAL","2013-03-05","","39.22916667"
"TUNAL","2013-03-04","","65.27777778"
"TUNAL","2013-03-03","","40.59722222"
"TUNAL","2013-03-02","","34.71527778"
"TUNAL","2013-03-01","","29.89583333"
"TUNAL","2013-02-28","","28.72916666"
"TUNAL","2013-02-27","","36.52777779"
"TUNAL","2013-02-26","","45.40277779"
"TUNAL","2013-02-25","","36.13888889"
"TUNAL","2013-02-24","","32.90972221"
"TUNAL","2013-02-23","","43.93055555"
"TUNAL","2013-02-22","","31.0625"
"TUNAL","2013-02-21","","31.95833333"
"TUNAL","2013-02-20","","34.40972223"
"TUNAL","2013-02-19","","36.47916667"
"TUNAL","2013-02-18","","37.58333333"
"TUNAL","2013-02-17","","62.78472222"
"TUNAL","2013-02-16","","52.38888889"
"TUNAL","2013-02-15","","50.81944444"
"TUNAL","2013-02-14","","79.46527778"
"TUNAL","2013-02-13","","75.24305556"
"TUNAL","2013-02-12","","51.82638889"
"TUNAL","2013-02-11","","69.03472223"
"TUNAL","2013-02-10","","51.11805556"
"TUNAL","2013-02-09","","47.98611112"
"TUNAL","2013-02-08","","73.03472223"
"TUNAL","2013-02-07","","72.11666667"
"TUNAL","2013-02-06","","73.7638889"
"TUNAL","2013-02-05","","65.90972221"
"TUNAL","2013-02-04","","66.78472222"
"TUNAL","2013-02-03","","53.5"
"TUNAL","2013-02-02","","50.45138889"
"TUNAL","2013-02-01","","49.37878788"
"TUNAL","2013-01-31","","52.70833333"
"TUNAL","2013-01-30","","53.7361111"
"TUNAL","2013-01-29","","59.275"
"TUNAL","2013-01-28","","49.71527777"
"TUNAL","2013-01-27","","41.49305555"
"TUNAL","2013-01-26","","56.56944444"
"TUNAL","2013-01-25","","58.15972222"
"TUNAL","2013-01-24","","70.97222222"
"TUNAL","2013-01-23","","61.38888889"
"TUNAL","2013-01-22","","62.6875"
"TUNAL","2013-01-21","","37.44444445"
"TUNAL","2013-01-20","","39.65277778"
"TUNAL","2013-01-19","","39.09027778"
"TUNAL","2013-01-18","","61.77777777"
"TUNAL","2013-01-17","","87.27777777"
"TUNAL","2013-01-16","","87.97222222"
"TUNAL","2013-01-15","","65.79861111"
"TUNAL","2013-01-14","","69.48611112"
"TUNAL","2013-01-13","","58.10416667"
"TUNAL","2013-01-12","","63.1875"
"TUNAL","2013-01-11","","81.29411765"
"TUNAL","2013-01-10","","47.40277778"
"TUNAL","2013-01-09","","28.93055555"
"TUNAL","2013-01-08","","37.08333333"
"TUNAL","2013-01-07","","38.50694444"
"TUNAL","2013-01-06","","31.125"
"TUNAL","2013-01-05","","31.52777778"
"TUNAL","2013-01-04","","25.61111111"
"TUNAL","2013-01-03","","35.54166666"
"TUNAL","2013-01-02","","26.86111111"
"TUNAL","2013-01-01","","32.27777778"
"TUNAL","2012-12-31","","29.79861111"
"TUNAL","2012-12-30","","23.77083334"
"TUNAL","2012-12-29","","38.22222223"
"TUNAL","2012-12-28","","27.80555556"
"TUNAL","2012-12-27","","20.13888889"
"TUNAL","2012-12-26","","28.18055555"
"TUNAL","2012-12-25","","50.21527778"
"TUNAL","2012-12-24","","33.61805555"
"TUNAL","2012-12-23","","28.875"
"TUNAL","2012-12-22","","63.0530303"
"TUNAL","2012-12-21","","56.71014492"
"TUNAL","2012-12-20","","55.03472222"
"TUNAL","2012-12-19","","79.77777778"
"TUNAL","2012-12-18","","66.45833334"
"TUNAL","2012-12-17","","47.06944445"
"TUNAL","2012-12-16","","61.98611111"
"TUNAL","2012-12-15","","60.15277778"
"TUNAL","2012-12-14","","62.93055555"
"TUNAL","2012-12-13","","65.77777778"
"TUNAL","2012-12-12","","87.74242425"
"TUNAL","2012-12-11","","75.09027778"
"TUNAL","2012-12-10","","49.5"
"TUNAL","2012-12-09","","21.18055556"
"TUNAL","2012-12-08","","46.89215686"
"TUNAL","2012-12-07","","82.34027778"
"TUNAL","2012-12-06","","71.08333334"
"TUNAL","2012-12-05","","55.95238095"
"TUNAL","2012-12-04","","65.52083334"
"TUNAL","2012-12-03","","51.20138889"
"TUNAL","2012-12-02","","30.5"
"TUNAL","2012-12-01","","54.14583333"
"TUNAL","2012-11-30","","64.68055556"
"TUNAL","2012-11-29","","72.05555556"
"TUNAL","2012-11-28","","71.25757576"
"TUNAL","2012-11-27","","45.65972221"
"TUNAL","2012-11-26","","30.36111111"
"TUNAL","2012-11-25","","38.22222222"
"TUNAL","2012-11-24","","55.95138889"
"TUNAL","2012-11-23","","84.24305556"
"TUNAL","2012-11-22","","84.88194445"
"TUNAL","2012-11-21","","75.73611111"
"TUNAL","2012-11-20","","67.82638889"
"TUNAL","2012-11-19","","95.29861111"
"TUNAL","2012-11-18","","48.83333333"
"TUNAL","2012-11-17","","60.91666667"
"TUNAL","2012-11-16","","86.25694444"
"TUNAL","2012-11-15","","85.24305555"
"TUNAL","2012-11-14","","94.40972223"
"TUNAL","2012-11-13","","90.2361111"
"TUNAL","2012-11-12","","51.84027778"
"TUNAL","2012-11-11","","25.72222223"
"TUNAL","2012-11-10","","56.35416667"
"TUNAL","2012-11-09","","44.04545455"
"TUNAL","2012-11-08","","58.875"
"TUNAL","2012-11-07","","74.78472222"
"TUNAL","2012-11-06","","52.3125"
"TUNAL","2012-11-05","","23.45833333"
"TUNAL","2012-11-04","","39.6388889"
"TUNAL","2012-11-03","","59.26388888"
"TUNAL","2012-11-02","","82.80555555"
"TUNAL","2012-11-01","","41.70138889"
"TUNAL","2012-10-31","","62.11111111"
"TUNAL","2012-10-30","","74.04166667"
"TUNAL","2012-10-29","","49.4375"
"TUNAL","2012-10-28","","32.96527779"
"TUNAL","2012-10-27","","48.90277779"
"TUNAL","2012-10-26","","66.12500001"
"TUNAL","2012-10-25","","62.15277778"
"TUNAL","2012-10-24","","38.09027777"
"TUNAL","2012-10-23","","37.97222223"
"TUNAL","2012-10-22","","65.125"
"TUNAL","2012-10-21","","60.93055556"
"TUNAL","2012-10-20","","50.84722222"
"TUNAL","2012-10-19","","60.9861111"
"TUNAL","2012-10-18","","47.47916667"
"TUNAL","2012-10-17","","55.09722223"
"TUNAL","2012-10-16","","61.60416667"
"TUNAL","2012-10-15","","78.27777778"
"TUNAL","2012-10-14","","69.79166668"
"TUNAL","2012-10-13","","55.96527778"
"TUNAL","2012-10-12","","78.38405797"
"TUNAL","2012-10-11","","80.34027778"
"TUNAL","2012-10-10","","87.04861111"
"TUNAL","2012-10-09","","40.95138888"
"TUNAL","2012-10-08","","25.92753623"
"TUNAL","2012-10-07","","27.15277778"
"TUNAL","2012-10-06","","43.74305556"
"TUNAL","2012-10-05","","61.0138889"
"TUNAL","2012-10-04","","42.83333333"
"TUNAL","2012-10-03","","61.35416667"
"TUNAL","2012-10-02","","47.8263889"
"TUNAL","2012-10-01","","39.29166665"
"TUNAL","2012-09-30","","20.40277778"
"TUNAL","2012-09-29","","26.77083333"
"TUNAL","2012-09-28","","48.22222223"
"TUNAL","2012-09-27","","66.72222224"
"TUNAL","2012-09-26","","40.87037039"
"TUNAL","2012-09-25","","64.47916668"
"TUNAL","2012-09-23","","42.58333334"
"TUNAL","2012-09-22","","33.14583333"
"TUNAL","2012-09-21","","63.28571428"
"TUNAL","2012-09-20","","56.09027777"
"TUNAL","2012-09-19","","57.43055556"
"TUNAL","2012-09-18","","69.03703703"
"TUNAL","2012-09-17","","24.86805557"
"TUNAL","2012-09-16","","38.95833332"
"TUNAL","2012-09-15","","33.01388889"
"TUNAL","2012-09-14","","64.39583333"
"TUNAL","2012-09-13","","56.42361112"
"TUNAL","2012-09-12","","54.59027778"
"TUNAL","2012-09-11","","35.0625"
"TUNAL","2012-09-10","","28.8030303"
"TUNAL","2012-09-09","","15.62499999"
"TUNAL","2012-09-08","","28.27777778"
"TUNAL","2012-09-07","","52.60833333"
"TUNAL","2012-09-06","","32.69444445"
"TUNAL","2012-09-05","","23.90277779"
"TUNAL","2012-09-04","","28.13888888"
"TUNAL","2012-09-03","","21.28030304"
"TUNAL","2012-09-02","","20.68055555"
"TUNAL","2012-09-01","","34.57638888"
"TUNAL","2012-08-31","","32.9375"
"TUNAL","2012-08-30","","24.42424242"
"TUNAL","2012-08-29","","24.88194444"
"TUNAL","2012-08-28","","38.51388889"
"TUNAL","2012-08-27","","29.65972223"
"TUNAL","2012-08-26","","14.59722222"
"TUNAL","2012-08-25","","23.075"
"TUNAL","2012-08-24","","55.63888889"
"TUNAL","2012-08-23","","53.43055555"
"TUNAL","2012-08-22","","34.80555557"
"TUNAL","2012-08-21","","40.40277779"
"TUNAL","2012-08-20","","25.15151515"
"TUNAL","2012-08-19","","24.59027778"
"TUNAL","2012-08-18","","26.61111112"
"TUNAL","2012-08-17","","40.30555555"
"TUNAL","2012-08-16","","51.77777778"
"TUNAL","2012-08-15","","40.71527779"
"TUNAL","2012-08-14","","32.85833333"
"TUNAL","2012-08-13","","31.45454545"
"TUNAL","2012-08-12","","42.27083334"
"TUNAL","2012-08-11","","24.72222223"
"TUNAL","2012-08-10","","30.0"
"TUNAL","2012-08-09","","29.81944445"
"TUNAL","2012-08-08","","50.66666666"
"TUNAL","2012-08-03","","56.32407408"
"TUNAL","2012-08-02","","40.87083335"
"TUNAL","2012-08-01","","26.3611111"
"TUNAL","2012-07-31","","32.65277778"
"TUNAL","2012-07-30","","34.52777778"
"TUNAL","2012-07-29","","18.27777778"
"TUNAL","2012-07-28","","20.97916667"
"TUNAL","2012-07-27","","24.68055556"
"TUNAL","2012-07-26","","30.78030303"
"TUNAL","2012-07-25","","26.77777777"
"TUNAL","2012-07-24","","26.53787879"
"TUNAL","2012-07-23","","33.55555555"
"TUNAL","2012-07-22","","19.16666666"
"TUNAL","2012-07-21","","21.60416666"
"TUNAL","2012-07-20","","27.76388889"
"TUNAL","2012-07-19","","33.0"
"TUNAL","2012-07-18","","37.14583333"
"TUNAL","2012-07-17","","40.81944445"
"TUNAL","2012-07-16","","47.54545454"
"TUNAL","2012-07-15","","29.31944445"
"TUNAL","2012-07-14","","26.11111111"
"TUNAL","2012-07-13","","64.77083333"
"TUNAL","2012-07-12","","59.27777777"
"TUNAL","2012-07-11","","31.34090908"
"TUNAL","2012-07-10","","32.99305555"
"TUNAL","2012-07-09","","28.8939394"
"TUNAL","2012-07-08","","18.63194445"
"TUNAL","2012-07-07","","18.27083333"
"TUNAL","2012-07-06","","43.48611111"
"TUNAL","2012-07-05","","24.15972221"
"TUNAL","2012-07-04","","28.74305555"
"TUNAL","2012-07-03","","27.59722223"
"TUNAL","2012-07-02","","19.1388889"
"TUNAL","2012-07-01","","20.62698412"
"TUNAL","2012-06-30","","26.92361111"
"TUNAL","2012-06-29","","43.48611111"
"TUNAL","2012-06-28","","20.56944444"
"TUNAL","2012-06-27","","20.90909091"
"TUNAL","2012-06-26","","17.83333334"
"TUNAL","2012-06-25","","26.1875"
"TUNAL","2012-06-24","","25.82638889"
"TUNAL","2012-06-23","","45.16666667"
"TUNAL","2012-06-22","","36.54166667"
"TUNAL","2012-06-21","","27.38194445"
"TUNAL","2012-06-20","","33.25694445"
"TUNAL","2012-06-19","","41.72916667"
"TUNAL","2012-06-18","","27.26388888"
"TUNAL","2012-06-17","","31.51388889"
"TUNAL","2012-06-16","","36.20138889"
"TUNAL","2012-06-15","","40.42361111"
"TUNAL","2012-06-14","","45.24999999"
"TUNAL","2012-06-13","","46.50694444"
"TUNAL","2012-06-12","","24.04545454"
"TUNAL","2012-06-11","","18.41666667"
"TUNAL","2012-06-10","","19.8125"
"TUNAL","2012-06-09","","22.77083334"
"TUNAL","2012-06-08","","35.77083334"
"TUNAL","2012-06-07","","36.06944444"
"TUNAL","2012-06-06","","45.9375"
"TUNAL","2012-06-05","","50.93055555"
"TUNAL","2012-06-04","","56.375"
"TUNAL","2012-06-03","","25.85416667"
"TUNAL","2012-06-02","","24.52777778"
"TUNAL","2012-06-01","","24.99305555"
"TUNAL","2012-05-31","","27.78472222"
"TUNAL","2012-05-30","","33.34722223"
"TUNAL","2012-05-29","","29.04861113"
"TUNAL","2012-05-28","","26.88888887"
"TUNAL","2012-05-27","","30.19444443"
"TUNAL","2012-05-26","","45.72916667"
"TUNAL","2012-05-25","","39.08333334"
"TUNAL","2012-05-24","","35.5625"
"TUNAL","2012-05-23","","39.63888889"
"TUNAL","2012-05-22","","27.59027778"
"TUNAL","2012-05-21","","20.8888889"
"TUNAL","2012-05-20","","29.50694444"
"TUNAL","2012-05-19","","27.14583334"
"TUNAL","2012-05-18","","41.28030303"
"TUNAL","2012-05-17","","35.91666666"
"TUNAL","2012-05-16","","48.6736111"
"TUNAL","2012-05-15","","57.54166668"
"TUNAL","2012-05-14","","35.77083333"
"TUNAL","2012-05-13","","17.71527778"
"TUNAL","2012-05-12","","17.04166667"
"TUNAL","2012-05-11","","80.52777778"
"TUNAL","2012-05-10","","70.31944445"
"TUNAL","2012-05-09","","44.67361111"
"TUNAL","2012-05-08","","52.40277778"
"TUNAL","2012-05-07","","58.96527777"
"TUNAL","2012-05-06","","50.05555555"
"TUNAL","2012-05-05","","41.02777778"
"TUNAL","2012-05-04","","49.31250001"
"TUNAL","2012-05-03","","24.97222223"
"TUNAL","2012-05-02","","41.36805556"
"TUNAL","2012-05-01","","22.11111111"
"TUNAL","2012-04-30","","47.34027778"
"TUNAL","2012-04-29","","28.89583333"
"TUNAL","2012-04-28","","46.47222223"
"TUNAL","2012-04-27","","36.22916667"
"TUNAL","2012-04-26","","52.54166667"
"TUNAL","2012-04-25","","57.04166667"
"TUNAL","2012-04-24","","46.5"
"TUNAL","2012-04-23","","63.76388888"
"TUNAL","2012-04-22","","46.26388889"
"TUNAL","2012-04-21","","58.71527779"
"TUNAL","2012-04-20","","118.47222222"
"TUNAL","2012-04-19","","94.48611111"
"TUNAL","2012-04-18","","126.7986111"
"TUNAL","2012-04-17","","81.0530303"
"TUNAL","2012-04-16","","51.13194445"
"TUNAL","2012-04-15","","68.95833333"
"TUNAL","2012-04-14","","96.25694445"
"TUNAL","2012-04-13","","56.45833334"
"TUNAL","2012-04-12","","53.77777778"
"TUNAL","2012-04-11","","66.71428571"
"TUNAL","2012-04-10","","74.1111111"
"TUNAL","2012-04-09","","40.04166668"
"TUNAL","2012-04-08","","39.43055556"
"TUNAL","2012-04-07","","28.86111111"
"TUNAL","2012-04-06","","61.30555556"
"TUNAL","2012-04-05","","55.51388889"
"TUNAL","2012-04-04","","39.15972222"
"TUNAL","2012-04-03","","54.85"
"TUNAL","2012-04-02","","48.9236111"
"TUNAL","2012-04-01","","19.42361112"
"TUNAL","2012-03-31","","20.71527778"
"TUNAL","2012-03-30","","29.99305556"
"TUNAL","2012-03-29","","26.15277777"
"TUNAL","2012-03-28","","54.86805556"
"TUNAL","2012-03-27","","101.10416666"
"TUNAL","2012-03-26","","57.0625"
"TUNAL","2012-03-25","","34.31944444"
"TUNAL","2012-03-24","","80.68055556"
"TUNAL","2012-03-23","","97.99305556"
"TUNAL","2012-03-22","","53.47916666"
"TUNAL","2012-03-21","","84.7878788"
"TUNAL","2012-03-20","","80.29166665"
"TUNAL","2012-03-15","","51.94444447"
"TUNAL","2012-03-14","","46.06666666"
"TUNAL","2012-03-09","","39.34444445"
"TUNAL","2012-03-08","","52.30555555"
"TUNAL","2012-03-07","","48.375"
"TUNAL","2012-03-06","","51.04166667"
"TUNAL","2012-03-05","","37.47916668"
"TUNAL","2012-03-04","","24.95833334"
"TUNAL","2012-03-03","","29.10416668"
"TUNAL","2012-03-02","","43.20138888"
"TUNAL","2012-03-01","","51.40277778"
"TUNAL","2012-02-29","","67.52083333"
"TUNAL","2012-02-28","","55.82638889"
"TUNAL","2012-02-27","","45.18750001"
"TUNAL","2012-02-26","","68.88888888"
"TUNAL","2012-02-25","","87.56944445"
"TUNAL","2012-02-24","","53.11805555"
"TUNAL","2012-02-23","","58.06944445"
"TUNAL","2012-02-22","","61.32638888"
"TUNAL","2012-02-21","","82.61805555"
"TUNAL","2012-02-20","","73.27777778"
"TUNAL","2012-02-19","","61.69444444"
"TUNAL","2012-02-18","","72.67361112"
"TUNAL","2012-02-17","","95.77083333"
"TUNAL","2012-02-16","","64.99305555"
"TUNAL","2012-02-15","","71.4375"
"TUNAL","2012-02-14","","69.93055556"
"TUNAL","2012-02-13","","62.45138889"
"TUNAL","2012-02-12","","48.83333333"
"TUNAL","2012-02-11","","65.05555555"
"TUNAL","2012-02-10","","52.41666667"
"TUNAL","2012-02-09","","67.36805554"
"TUNAL","2012-02-08","","40.71527778"
"TUNAL","2012-02-07","","36.45138889"
"TUNAL","2012-02-06","","24.42361111"
"TUNAL","2012-02-05","","26.99305555"
"TUNAL","2012-02-04","","34.45138889"
"TUNAL","2012-02-03","","66.29861112"
"TUNAL","2012-02-02","","58.72916667"
"TUNAL","2012-02-01","","52.11805556"
"TUNAL","2012-01-31","","52.66666667"
"TUNAL","2012-01-30","","51.38888889"
"TUNAL","2012-01-29","","36.05555555"
"TUNAL","2012-01-28","","41.15972222"
"TUNAL","2012-01-27","","48.15972223"
"TUNAL","2012-01-26","","87.65277778"
"TUNAL","2012-01-25","","69.65277777"
"TUNAL","2012-01-24","","66.45833333"
"TUNAL","2012-01-23","","39.25694445"
"TUNAL","2012-01-22","","47.96527778"
"TUNAL","2012-01-21","","45.98611112"
"TUNAL","2012-01-20","","61.7986111"
"TUNAL","2012-01-19","","73.11904761"
"TUNAL","2012-01-18","","70.42361111"
"TUNAL","2012-01-17","","53.95833333"
"TUNAL","2012-01-16","","42.70833333"
"TUNAL","2012-01-15","","26.13194444"
"TUNAL","2012-01-14","","31.43333334"
"TUNAL","2012-01-13","","25.96527778"
"TUNAL","2012-01-12","","33.11111111"
"TUNAL","2012-01-11","","55.53472223"
"TUNAL","2012-01-10","","66.5625"
"TUNAL","2012-01-09","","37.75"
"TUNAL","2012-01-08","","44.86805555"
"TUNAL","2012-01-07","","62.31944445"
"TUNAL","2012-01-06","","50.3125"
"TUNAL","2012-01-05","","60.54861111"
"TUNAL","2012-01-04","","42.8125"
"TUNAL","2012-01-03","","54.18333333"
"TUNAL","2012-01-01","","47.52777778"
"TUNAL","2011-12-31","","20.99305555"
"TUNAL","2011-12-30","","24.79861111"
"TUNAL","2011-12-29","","34.29861111"
"TUNAL","2011-12-28","","26.91666666"
"TUNAL","2011-12-27","","29.82575757"
"TUNAL","2011-12-26","","24.61111111"
"TUNAL","2011-12-25","","45.94444445"
"TUNAL","2011-12-24","","40.07638888"
"TUNAL","2011-12-23","","50.89583333"
"TUNAL","2011-12-22","","35.06944445"
"TUNAL","2011-12-21","","26.47222223"
"TUNAL","2011-12-20","","34.95833333"
"TUNAL","2011-12-19","","50.6875"
"TUNAL","2011-12-18","","60.30555555"
"TUNAL","2011-12-17","","60.68749999"
"TUNAL","2011-12-16","","60.07638889"
"TUNAL","2011-12-15","","63.47916667"
"TUNAL","2011-12-14","","69.20833333"
"TUNAL","2011-12-13","","84.42361111"
"TUNAL","2011-12-12","","73.17361112"
"TUNAL","2011-12-11","","76.92361111"
"TUNAL","2011-12-10","","71.89583332"
"TUNAL","2011-12-09","","69.04166666"
"TUNAL","2011-12-08","","70.14583333"
"TUNAL","2011-12-07","","85.04166668"
"TUNAL","2011-12-06","","63.98611111"
"TUNAL","2011-12-05","","71.0486111"
"TUNAL","2011-12-04","","83.3888889"
"TUNAL","2011-12-03","","77.92361112"
"TUNAL","2011-12-02","","81.89583333"
"TUNAL","2011-12-01","","52.90277778"
"TUNAL","2011-11-30","","58.63194444"
"TUNAL","2011-11-29","","55.1388889"
"TUNAL","2011-11-28","","74.27777778"
"TUNAL","2011-11-27","","58.47916667"
"TUNAL","2011-11-26","","83.38888889"
"TUNAL","2011-11-25","","106.44444444"
"TUNAL","2011-11-24","","69.5"
"TUNAL","2011-11-23","","50.96527777"
"TUNAL","2011-11-22","","79.59722222"
"TUNAL","2011-11-21","","55.40277778"
"TUNAL","2011-11-20","","37.84722222"
"TUNAL","2011-11-19","","42.88194445"
"TUNAL","2011-11-18","","58.64583334"
"TUNAL","2011-11-17","","55.27777778"
"TUNAL","2011-11-16","","82.79166667"
"TUNAL","2011-11-15","","55.76388889"
"TUNAL","2011-11-14","","56.66666666"
"TUNAL","2011-11-13","","68.48611111"
"TUNAL","2011-11-12","","42.44444444"
"TUNAL","2011-11-11","","73.08333333"
"TUNAL","2011-11-10","","96.69565217"
"TUNAL","2011-11-09","","65.96527778"
"TUNAL","2011-11-08","","67.79861112"
"TUNAL","2011-11-07","","54.18749999"
"TUNAL","2011-11-06","","56.83333333"
"TUNAL","2011-11-05","","72.7361111"
"TUNAL","2011-11-04","","85.69444444"
"TUNAL","2011-11-03","","64.55555556"
"TUNAL","2011-11-02","","72.39583333"
"TUNAL","2011-11-01","","48.00694444"
"TUNAL","2011-10-31","","65.25"
"TUNAL","2011-10-30","","38.32638889"
"TUNAL","2011-10-29","","30.34027778"
"TUNAL","2011-10-28","","34.5909091"
"TUNAL","2011-10-27","","53.06944444"
"TUNAL","2011-10-26","","74.50694445"
"TUNAL","2011-10-25","","81.84027778"
"TUNAL","2011-10-24","","39.15277777"
"TUNAL","2011-10-23","","61.31944444"
"TUNAL","2011-10-22","","51.40972223"
"TUNAL","2011-10-21","","72.15972223"
"TUNAL","2011-10-20","","39.30555555"
"TUNAL","2011-10-19","","39.99999999"
"TUNAL","2011-10-18","","33.23611111"
"TUNAL","2011-10-17","","30.78472223"
"TUNAL","2011-10-16","","39.65972223"
"TUNAL","2011-10-15","","40.78472222"
"TUNAL","2011-10-14","","58.39583334"
"TUNAL","2011-10-13","","57.31944444"
"TUNAL","2011-10-12","","44.95833334"
"TUNAL","2011-10-11","","61.43055556"
"TUNAL","2011-10-10","","69.64583333"
"TUNAL","2011-10-09","","39.97916667"
"TUNAL","2011-10-08","","34.0625"
"TUNAL","2011-10-07","","52.80555555"
"TUNAL","2011-10-06","","78.77083334"
"TUNAL","2011-10-05","","85.90277777"
"TUNAL","2011-10-04","","65.17460317"
"TUNAL","2011-10-03","","56.88888889"
"TUNAL","2011-10-02","","59.64583333"
"TUNAL","2011-10-01","","52.375"
"TUNAL","2011-09-30","","44.77083333"
"TUNAL","2011-09-29","","38.31944445"
"TUNAL","2011-09-28","","43.90972223"
"TUNAL","2011-09-27","","43.82638888"
"TUNAL","2011-09-26","","27.65972221"
"TUNAL","2011-09-25","","18.8125"
"TUNAL","2011-09-24","","33.64583333"
"TUNAL","2011-09-23","","67.625"
"TUNAL","2011-09-22","","57.27777779"
"TUNAL","2011-09-21","","38.96527777"
"TUNAL","2011-09-20","","71.54861111"
"TUNAL","2011-09-19","","47.76388889"
"TUNAL","2011-09-18","","36.61805555"
"TUNAL","2011-09-17","","41.93055555"
"TUNAL","2011-09-16","","64.49305555"
"TUNAL","2011-09-15","","37.66666667"
"TUNAL","2011-09-14","","66.75"
"TUNAL","2011-09-13","","41.86805556"
"TUNAL","2011-09-12","","25.26515151"
"TUNAL","2011-09-11","","21.4236111"
"TUNAL","2011-09-10","","76.58333333"
"TUNAL","2011-09-09","","64.72222222"
"TUNAL","2011-09-08","","76.0625"
"TUNAL","2011-09-07","","35.87499999"
"TUNAL","2011-09-06","","40.63888889"
"TUNAL","2011-09-05","","47.51388889"
"TUNAL","2011-09-04","","24.8125"
"TUNAL","2011-09-03","","48.99305556"
"TUNAL","2011-09-02","","41.65972222"
"TUNAL","2011-09-01","","29.42361112"
"TUNAL","2011-08-31","","24.98611112"
"TUNAL","2011-08-30","","42.94444445"
"TUNAL","2011-08-29","","40.12962963"
"TUNAL","2011-08-28","","23.68181817"
"TUNAL","2011-08-27","","45.98611111"
"TUNAL","2011-08-26","","35.63768116"
"TUNAL","2011-08-25","","42.01515152"
"TUNAL","2011-08-24","","29.86805556"
"TUNAL","2011-08-23","","45.0625"
"TUNAL","2011-08-22","","46.27272727"
"TUNAL","2011-08-20","","64.66666665"
"TUNAL","2011-08-19","","77.25"
"TUNAL","2011-08-18","","48.65277777"
"TUNAL","2011-08-17","","54.01388889"
"TUNAL","2011-08-16","","28.06249999"
"TUNAL","2011-08-15","","26.04166667"
"TUNAL","2011-08-14","","30.79166666"
"TUNAL","2011-08-13","","37.02777778"
"TUNAL","2011-08-12","","29.92361111"
"TUNAL","2011-08-11","","42.15277778"
"TUNAL","2011-08-10","","35.21212121"
"TUNAL","2011-08-09","","48.44444445"
"TUNAL","2011-08-08","","34.47916665"
"TUNAL","2011-08-07","","20.02083333"
"TUNAL","2011-08-06","","42.43055555"
"TUNAL","2011-08-05","","41.60869566"
"TUNAL","2011-08-04","","47.59027778"
"TUNAL","2011-08-03","","59.39583333"
"TUNAL","2011-08-02","","68.23611111"
"TUNAL","2011-08-01","","81.65972223"
"TUNAL","2011-07-31","","51.15972223"
"TUNAL","2011-07-30","","51.33333333"
"TUNAL","2011-07-29","","58.57575757"
"TUNAL","2011-07-28","","28.60416666"
"TUNAL","2011-07-27","","27.94444444"
"TUNAL","2011-07-26","","29.13888889"
"TUNAL","2011-07-25","","25.5"
"TUNAL","2011-07-24","","16.61805556"
"TUNAL","2011-07-23","","21.51388888"
"TUNAL","2011-07-22","","26.71212121"
"TUNAL","2011-07-21","","29.3263889"
"TUNAL","2011-07-20","","26.90277778"
"TUNAL","2011-07-19","","30.28260868"
"TUNAL","2011-07-18","","31.43750001"
"TUNAL","2011-07-17","","26.69565217"
"TUNAL","2011-07-16","","51.18055554"
"TUNAL","2011-07-15","","93.64583332"
"TUNAL","2011-07-14","","55.28472223"
"TUNAL","2011-07-13","","38.97916668"
"TUNAL","2011-07-12","","39.33333333"
"TUNAL","2011-07-11","","27.08333334"
"TUNAL","2011-07-10","","18.27083333"
"TUNAL","2011-07-09","","26.90972221"
"TUNAL","2011-07-08","","27.04861112"
"TUNAL","2011-07-07","","22.46527778"
"TUNAL","2011-07-06","","30.04166667"
"TUNAL","2011-07-05","","45.34027778"
"TUNAL","2011-07-04","","23.27777776"
"TUNAL","2011-07-03","","47.25694444"
"TUNAL","2011-07-02","","64.04861112"
"TUNAL","2011-07-01","","38.09722222"
"TUNAL","2011-06-30","","38.63888888"
"TUNAL","2011-06-29","","77.31944444"
"TUNAL","2011-06-28","","51.78472223"
"TUNAL","2011-06-27","","20.375"
"TUNAL","2011-06-26","","18.88194445"
"TUNAL","2011-06-25","","25.02777778"
"TUNAL","2011-06-24","","25.34722222"
"TUNAL","2011-06-23","","35.10416667"
"TUNAL","2011-06-22","","31.23913043"
"TUNAL","2011-06-21","","30.90909091"
"TUNAL","2011-06-20","","50.9375"
"TUNAL","2011-06-19","","33.0138889"
"TUNAL","2011-06-18","","38.89130434"
"TUNAL","2011-06-17","","33.61111111"
"TUNAL","2011-06-16","","41.65277778"
"TUNAL","2011-06-15","","49.47916667"
"TUNAL","2011-06-14","","32.6875"
"TUNAL","2011-06-13","","31.75"
"TUNAL","2011-06-12","","21.28472223"
"TUNAL","2011-06-11","","29.9710145"
"TUNAL","2011-06-10","","43.39583334"
"TUNAL","2011-06-09","","57.66666666"
"TUNAL","2011-06-08","","57.44444444"
"TUNAL","2011-06-07","","65.88194443"
"TUNAL","2011-06-06","","54.25694445"
"TUNAL","2011-06-05","","48.78472223"
"TUNAL","2011-06-04","","61.5"
"TUNAL","2011-06-03","","75.91269841"
"TUNAL","2011-06-02","","61.56944443"
"TUNAL","2011-06-01","","58.93749999"
"TUNAL","2011-05-31","","29.10416666"
"TUNAL","2011-05-30","","28.48611111"
"TUNAL","2011-05-29","","41.04861112"
"TUNAL","2011-05-28","","28.56250001"
"TUNAL","2011-05-27","","53.0"
"TUNAL","2011-05-26","","61.70289856"
"TUNAL","2011-05-25","","54.01388889"
"TUNAL","2011-05-24","","81.48484849"
"TUNAL","2011-05-23","","50.22222223"
"TUNAL","2011-05-22","","41.70833333"
"TUNAL","2011-05-21","","69.97222223"
"TUNAL","2011-05-20","","103.74305555"
"TUNAL","2011-05-19","","52.1875"
"TUNAL","2011-05-18","","61.95833334"
"TUNAL","2011-05-17","","52.79861111"
"TUNAL","2011-05-16","","71.56249999"
"TUNAL","2011-05-15","","76.71527778"
"TUNAL","2011-05-14","","47.41666667"
"TUNAL","2011-05-13","","60.90972223"
"TUNAL","2011-05-12","","70.77083334"
"TUNAL","2011-05-11","","44.83333334"
"TUNAL","2011-05-10","","44.57971014"
"TUNAL","2011-05-09","","34.96969697"
"TUNAL","2011-05-08","","23.20833334"
"TUNAL","2011-05-07","","27.10416667"
"TUNAL","2011-05-06","","50.99305556"
"TUNAL","2011-05-05","","49.86805555"
"TUNAL","2011-05-04","","43.84722223"
"TUNAL","2011-05-03","","29.64583333"
"TUNAL","2011-05-02","","31.68055555"
"TUNAL","2011-05-01","","34.36111113"
"TUNAL","2011-04-30","","88.92361111"
"TUNAL","2011-04-29","","94.28472222"
"TUNAL","2011-04-28","","71.73611111"
"TUNAL","2011-04-27","","47.4375"
"TUNAL","2011-04-26","","57.02083333"
"TUNAL","2011-04-25","","41.21527779"
"TUNAL","2011-04-24","","39.40972222"
"TUNAL","2011-04-23","","30.92063492"
"TUNAL","2011-04-22","","24.50694444"
"TUNAL","2011-04-21","","36.43939395"
"TUNAL","2011-04-20","","45.73484849"
"TUNAL","2011-04-19","","47.38194444"
"TUNAL","2011-04-18","","73.94444445"
"TUNAL","2011-04-17","","38.40972223"
"TUNAL","2011-04-16","","80.1875"
"TUNAL","2011-04-15","","52.08333332"
"TUNAL","2011-04-14","","93.75757576"
"TUNAL","2011-04-13","","54.77083333"
"TUNAL","2011-04-12","","47.20833334"
"TUNAL","2011-04-11","","47.54166666"
"TUNAL","2011-04-10","","41.02777778"
"TUNAL","2011-04-09","","61.82638889"
"TUNAL","2011-04-08","","85.25396826"
"TUNAL","2011-04-07","","81.52083333"
"TUNAL","2011-04-06","","61.65277778"
"TUNAL","2011-04-05","","55.14583334"
"TUNAL","2011-04-04","","68.10416666"
"TUNAL","2011-04-03","","61.40277778"
"TUNAL","2011-04-02","","71.92361112"
"TUNAL","2011-04-01","","61.80555555"
"TUNAL","2011-03-31","","57.70833333"
"TUNAL","2011-03-30","","63.13636364"
"TUNAL","2011-03-29","","45.47222222"
"TUNAL","2011-03-28","","37.93750001"
"TUNAL","2011-03-27","","26.49305556"
"TUNAL","2011-03-26","","26.14583333"
"TUNAL","2011-03-25","","38.9375"
"TUNAL","2011-03-24","","44.63194445"
"TUNAL","2011-03-23","","47.96527778"
"TUNAL","2011-03-22","","64.18055555"
"TUNAL","2011-03-21","","49.09722222"
"TUNAL","2011-03-20","","70.38194443"
"TUNAL","2011-03-19","","54.13194445"
"TUNAL","2011-03-18","","39.61805555"
"TUNAL","2011-03-17","","98.29861111"
"TUNAL","2011-03-16","","84.61111111"
"TUNAL","2011-03-15","","71.53472222"
"TUNAL","2011-03-14","","49.6388889"
"TUNAL","2011-03-13","","40.81944445"
"TUNAL","2011-03-12","","46.34027778"
"TUNAL","2011-03-11","","49.85416667"
"TUNAL","2011-03-10","","43.92361111"
"TUNAL","2011-03-09","","54.6736111"
"TUNAL","2011-03-08","","65.8125"
"TUNAL","2011-03-07","","87.66666666"
"TUNAL","2011-03-06","","41.95652174"
"TUNAL","2011-03-05","","85.69444444"
"TUNAL","2011-03-04","","52.38888888"
"TUNAL","2011-03-03","","45.0625"
"TUNAL","2011-03-02","","35.85416666"
"TUNAL","2011-03-01","","42.47222222"
"TUNAL","2011-02-28","","53.38194445"
"TUNAL","2011-02-27","","60.98611111"
"TUNAL","2011-02-26","","78.15972223"
"TUNAL","2011-02-25","","64.15277778"
"TUNAL","2011-02-24","","52.26984127"
"TUNAL","2011-02-23","","57.27777779"
"TUNAL","2011-02-22","","51.29166666"
"TUNAL","2011-02-21","","65.34027779"
"TUNAL","2011-02-20","","48.17361111"
"TUNAL","2011-02-19","","52.73611111"
"TUNAL","2011-02-18","","53.90277778"
"TUNAL","2011-02-17","","76.02380952"
"TUNAL","2011-02-16","","61.6388889"
"TUNAL","2011-02-15","","68.88194445"
"TUNAL","2011-02-14","","75.5"
"TUNAL","2011-02-13","","50.35416667"
"TUNAL","2011-02-12","","60.625"
"TUNAL","2011-02-11","","87.05555555"
"TUNAL","2011-02-10","","92.45833333"
"TUNAL","2011-02-09","","56.99305555"
"TUNAL","2011-02-08","","66.22916666"
"TUNAL","2011-02-07","","47.45238095"
"TUNAL","2011-02-06","","32.45833334"
"TUNAL","2011-02-05","","67.47222223"
"TUNAL","2011-02-04","","76.375"
"TUNAL","2011-02-03","","58.02083334"
"TUNAL","2011-02-02","","41.40277778"
"TUNAL","2011-02-01","","39.89583334"
"TUNAL","2011-01-31","","54.19444445"
"TUNAL","2011-01-30","","41.73611111"
"TUNAL","2011-01-29","","63.97826086"
"TUNAL","2011-01-28","","78.97916666"
"TUNAL","2011-01-27","","83.76388889"
"TUNAL","2011-01-26","","85.03472223"
"TUNAL","2011-01-25","","84.97916666"
"TUNAL","2011-01-24","","51.5138889"
"TUNAL","2011-01-23","","55.09027778"
"TUNAL","2011-01-22","","77.41304347"
"TUNAL","2011-01-21","","65.49305555"
"TUNAL","2011-01-20","","78.97222222"
"TUNAL","2011-01-19","","66.59722222"
"TUNAL","2011-01-18","","87.2826087"
"TUNAL","2011-01-17","","63.72916668"
"TUNAL","2011-01-16","","62.21527778"
"TUNAL","2011-01-15","","61.79166668"
"TUNAL","2011-01-14","","49.1875"
"TUNAL","2011-01-13","","58.03472223"
"TUNAL","2011-01-12","","79.84027777"
"TUNAL","2011-01-11","","47.875"
"TUNAL","2011-01-10","","27.28030304"
"TUNAL","2011-01-09","","18.77777779"
"TUNAL","2011-01-08","","42.9236111"
"TUNAL","2011-01-07","","75.90579709"
"TUNAL","2011-01-06","","60.63194444"
"TUNAL","2011-01-05","","61.61805555"
"TUNAL","2011-01-04","","63.99305555"
"TUNAL","2011-01-03","","54.20454545"
"TUNAL","2011-01-02","","45.25"
"TUNAL","2011-01-01","","52.1736111"
"TUNAL","2010-12-31","","63.69444445"
"TUNAL","2010-12-30","","66.20138888"
"TUNAL","2010-12-29","","35.29166668"
"TUNAL","2010-12-28","","64.00000001"
"TUNAL","2010-12-27","","71.10416667"
"TUNAL","2010-12-26","","30.77777778"
"TUNAL","2010-12-25","","79.5"
"TUNAL","2010-12-24","","56.375"
"TUNAL","2010-12-23","","93.0"
"TUNAL","2010-12-22","","120.92857144"
"TUNAL","2010-12-20","","52.46666666"
"TUNAL","2010-12-19","","70.72916667"
"TUNAL","2010-12-18","","64.73611111"
"TUNAL","2010-12-17","","115.81944445"
"TUNAL","2010-12-16","","81.66666666"
"TUNAL","2010-12-15","","82.44444445"
"TUNAL","2010-12-14","","71.78472222"
"TUNAL","2010-12-13","","51.2638889"
"TUNAL","2010-12-12","","83.00694444"
"TUNAL","2010-12-11","","93.77777777"
"TUNAL","2010-12-10","","86.89130434"
"TUNAL","2010-12-09","","75.68055556"
"TUNAL","2010-12-08","","94.375"
"TUNAL","2010-12-07","","65.05555556"
"TUNAL","2010-12-06","","71.45833334"
"TUNAL","2010-12-05","","57.45138888"
"TUNAL","2010-12-04","","70.79861111"
"TUNAL","2010-12-03","","77.53472222"
"TUNAL","2010-12-02","","64.04861111"
"TUNAL","2010-12-01","","83.84722222"
"TUNAL","2010-11-30","","63.0625"
"TUNAL","2010-11-29","","79.2463768"
"TUNAL","2010-11-28","","89.20138888"
"TUNAL","2010-11-27","","68.0625"
"TUNAL","2010-11-26","","98.6969697"
"TUNAL","2010-11-25","","90.02777778"
"TUNAL","2010-11-24","","78.22916666"
"TUNAL","2010-11-23","","78.26388888"
"TUNAL","2010-11-22","","107.6590909"
"TUNAL","2010-11-21","","72.20138888"
"TUNAL","2010-11-20","","88.39583334"
"TUNAL","2010-11-19","","75.93055555"
"TUNAL","2010-11-18","","84.11111112"
"TUNAL","2010-11-17","","61.98888889"
"TUNAL","2010-11-16","","50.01449275"
"TUNAL","2010-11-15","","50.40277778"
"TUNAL","2010-11-14","","42.32638889"
"TUNAL","2010-11-13","","90.125"
"TUNAL","2010-11-12","","84.22222223"
"TUNAL","2010-11-11","","76.54166666"
"TUNAL","2010-11-10","","82.67391304"
"TUNAL","2010-11-09","","59.02083334"
"TUNAL","2010-11-08","","45.81944445"
"TUNAL","2010-11-07","","35.9861111"
"TUNAL","2010-11-06","","45.56944445"
"TUNAL","2010-11-05","","92.42753623"
"TUNAL","2010-11-04","","102.89583333"
"TUNAL","2010-11-03","","69.33333333"
"TUNAL","2010-11-02","","75.78787878"
"TUNAL","2010-11-01","","56.59027778"
"TUNAL","2010-10-31","","52.1875"
"TUNAL","2010-10-30","","58.14583334"
"TUNAL","2010-10-29","","84.91666667"
"TUNAL","2010-10-28","","69.06944444"
"TUNAL","2010-10-27","","88.60416667"
"TUNAL","2010-10-26","","75.02083333"
"TUNAL","2010-10-25","","70.27083334"
"TUNAL","2010-10-24","","54.01388889"
"TUNAL","2010-10-23","","100.73611111"
"TUNAL","2010-10-22","","86.4236111"
"TUNAL","2010-10-21","","85.19444444"
"TUNAL","2010-10-20","","74.77083333"
"TUNAL","2010-10-19","","64.73484849"
"TUNAL","2010-10-18","","50.45833334"
"TUNAL","2010-10-17","","28.90972222"
"TUNAL","2010-10-16","","47.33333334"
"TUNAL","2010-10-15","","50.8611111"
"TUNAL","2010-10-14","","41.90277778"
"TUNAL","2010-10-13","","29.65972223"
"TUNAL","2010-10-12","","35.61805556"
"TUNAL","2010-10-11","","27.24305556"
"TUNAL","2010-10-10","","33.45833333"
"TUNAL","2010-10-09","","46.98611111"
"TUNAL","2010-10-08","","43.28472222"
"TUNAL","2010-10-07","","55.68055556"
"TUNAL","2010-10-06","","70.13194445"
"TUNAL","2010-10-05","","47.38194444"
"TUNAL","2010-10-04","","54.55555556"
"TUNAL","2010-10-03","","81.12500001"
"TUNAL","2010-10-02","","91.63194445"
"TUNAL","2010-10-01","","103.61111111"
"TUNAL","2010-09-30","","73.2"
"TUNAL","2010-09-29","","98.7986111"
"TUNAL","2010-09-28","","71.97916668"
"TUNAL","2010-09-27","","70.23611111"
"TUNAL","2010-09-26","","47.27777777"
"TUNAL","2010-09-25","","90.02083333"
"TUNAL","2010-09-24","","77.81944444"
"TUNAL","2010-09-23","","65.13888889"
"TUNAL","2010-09-22","","91.20833333"
"TUNAL","2010-09-21","","86.05555555"
"TUNAL","2010-09-20","","76.03472223"
"TUNAL","2010-09-19","","42.96527778"
"TUNAL","2010-09-18","","46.55555555"
"TUNAL","2010-09-17","","57.96527778"
"TUNAL","2010-09-16","","71.4375"
"TUNAL","2010-09-15","","50.81944444"
"TUNAL","2010-09-14","","56.36805556"
"TUNAL","2010-09-13","","83.70138889"
"TUNAL","2010-09-12","","62.38888888"
"TUNAL","2010-09-11","","91.1111111"
"TUNAL","2010-09-10","","81.53472223"
"TUNAL","2010-09-09","","94.32608695"
"TUNAL","2010-09-08","","76.67638888"
"TUNAL","2010-09-07","","46.72916667"
"TUNAL","2010-09-06","","35.9375"
"TUNAL","2010-09-05","","36.61111112"
"TUNAL","2010-09-04","","59.36111112"
"TUNAL","2010-09-03","","47.97916667"
"TUNAL","2010-09-02","","41.10606059"
"TUNAL","2010-09-01","","66.76388888"
"TUNAL","2010-08-31","","47.1439394"
"TUNAL","2010-08-30","","44.41666667"
"TUNAL","2010-08-29","","24.81944444"
"TUNAL","2010-08-28","","26.54166667"
"TUNAL","2010-08-27","","95.80555556"
"TUNAL","2010-08-26","","53.62121212"
"TUNAL","2010-08-25","","99.59027778"
"TUNAL","2010-08-24","","66.69444445"
"TUNAL","2010-08-23","","67.22727272"
"TUNAL","2010-08-20","","64.34523809"
"TUNAL","2010-08-19","","58.36805556"
"TUNAL","2010-08-18","","75.67361113"
"TUNAL","2010-08-17","","65.08333334"
"TUNAL","2010-08-16","","34.46212121"
"TUNAL","2010-08-15","","29.58333334"
"TUNAL","2010-08-14","","35.44444444"
"TUNAL","2010-08-13","","42.04166666"
"TUNAL","2010-08-12","","41.56250001"
"TUNAL","2010-08-11","","31.76388888"
"TUNAL","2010-08-10","","41.61805556"
"TUNAL","2010-08-09","","33.58333334"
"TUNAL","2010-08-08","","30.32638889"
"TUNAL","2010-08-07","","69.13194445"
"TUNAL","2010-08-06","","36.90972223"
"TUNAL","2010-08-05","","39.88888888"
"TUNAL","2010-08-04","","34.8030303"
"TUNAL","2010-08-03","","78.15972223"
"TUNAL","2010-08-02","","51.33333333"
"TUNAL","2010-08-01","","62.94444444"
"TUNAL","2010-07-31","","96.63888889"
"TUNAL","2010-07-30","","88.06944445"
"TUNAL","2010-07-29","","97.92361111"
"TUNAL","2010-07-28","","43.59027778"
"TUNAL","2010-07-27","","24.84722223"
"TUNAL","2010-07-26","","28.39583335"
"TUNAL","2010-07-25","","22.2"
"TUNAL","2010-07-24","","22.73611112"
"TUNAL","2010-07-23","","37.90277778"
"TUNAL","2010-07-22","","59.84027778"
"TUNAL","2010-07-21","","79.9375"
"TUNAL","2010-07-20","","30.65277778"
"TUNAL","2010-07-19","","39.15277777"
"TUNAL","2010-07-18","","42.66666667"
"TUNAL","2010-07-17","","40.93055555"
"TUNAL","2010-07-16","","41.11805556"
"TUNAL","2010-07-15","","73.67361111"
"TUNAL","2010-07-14","","45.85416668"
"TUNAL","2010-07-13","","101.18055555"
"TUNAL","2010-07-12","","93.46527778"
"TUNAL","2010-07-11","","38.06944445"
"TUNAL","2010-07-10","","28.40277778"
"TUNAL","2010-07-09","","34.97916666"
"TUNAL","2010-07-08","","51.49999999"
"TUNAL","2010-07-07","","67.85416666"
"TUNAL","2010-07-06","","45.41666665"
"TUNAL","2010-07-05","","56.1388889"
"TUNAL","2010-07-04","","28.84027778"
"TUNAL","2010-07-03","","31.1388889"
"TUNAL","2010-07-02","","52.52083333"
"TUNAL","2010-07-01","","53.07638889"
"TUNAL","2010-06-30","","31.79629631"
"TUNAL","2010-06-29","","29.37777777"
"TUNAL","2010-06-28","","35.16666666"
"TUNAL","2010-06-27","","12.83333333"
"TUNAL","2010-06-26","","20.36805556"
"TUNAL","2010-06-25","","42.54861112"
"TUNAL","2010-06-24","","44.51388889"
"TUNAL","2010-06-23","","57.79365078"
"TUNAL","2010-06-22","","64.46527778"
"TUNAL","2010-06-21","","49.63888889"
"TUNAL","2010-06-20","","29.78472221"
"TUNAL","2010-06-19","","62.18055555"
"TUNAL","2010-06-18","","44.07638888"
"TUNAL","2010-06-17","","47.58333334"
"TUNAL","2010-06-16","","49.54166667"
"TUNAL","2010-06-15","","30.98611111"
"TUNAL","2010-06-14","","33.3888889"
"TUNAL","2010-06-13","","29.51388889"
"TUNAL","2010-06-12","","21.0"
"TUNAL","2010-06-11","","42.64583333"
"TUNAL","2010-06-10","","23.20138889"
"TUNAL","2010-06-09","","23.70833333"
"TUNAL","2010-06-08","","52.71527778"
"TUNAL","2010-06-07","","18.61805555"
"TUNAL","2010-06-06","","16.06944445"
"TUNAL","2010-06-05","","22.68055556"
"TUNAL","2010-06-04","","36.93055556"
"TUNAL","2010-06-03","","28.54166666"
"TUNAL","2010-06-02","","38.01388889"
"TUNAL","2010-06-01","","31.64583334"
"TUNAL","2010-05-31","","18.77777777"
"TUNAL","2010-05-30","","49.87500001"
"TUNAL","2010-05-29","","84.10416667"
"TUNAL","2010-05-28","","90.38888889"
"TUNAL","2010-05-27","","48.16666667"
"TUNAL","2010-05-26","","67.33333333"
"TUNAL","2010-05-25","","81.72222223"
"TUNAL","2010-05-24","","74.64583333"
"TUNAL","2010-05-23","","57.54861111"
"TUNAL","2010-05-22","","72.93055555"
"TUNAL","2010-05-21","","67.26388889"
"TUNAL","2010-05-20","","41.05555556"
"TUNAL","2010-05-19","","34.66666666"
"TUNAL","2010-05-18","","45.02777778"
"TUNAL","2010-05-17","","26.1875"
"TUNAL","2010-05-16","","18.8888889"
"TUNAL","2010-05-15","","24.45138888"
"TUNAL","2010-05-14","","29.0"
"TUNAL","2010-05-13","","28.51388889"
"TUNAL","2010-05-12","","23.92361111"
"TUNAL","2010-05-11","","28.47916666"
"TUNAL","2010-05-10","","38.75000001"
"TUNAL","2010-05-09","","24.49305556"
"TUNAL","2010-05-08","","24.07638888"
"TUNAL","2010-05-07","","51.5486111"
"TUNAL","2010-05-06","","39.04861111"
"TUNAL","2010-05-05","","51.11111111"
"TUNAL","2010-05-04","","61.98611111"
"TUNAL","2010-05-03","","38.15972222"
"TUNAL","2010-05-02","","62.84722222"
"TUNAL","2010-05-01","","79.20138889"
"TUNAL","2010-04-30","","66.97916666"
"TUNAL","2010-04-29","","72.43055555"
"TUNAL","2010-04-28","","51.8125"
"TUNAL","2010-04-27","","58.84027778"
"TUNAL","2010-04-26","","45.97222222"
"TUNAL","2010-04-25","","46.70138888"
"TUNAL","2010-04-24","","21.0"
"TUNAL","2010-04-23","","35.72222223"
"TUNAL","2010-04-22","","28.96969697"
"TUNAL","2010-04-21","","63.1875"
"TUNAL","2010-04-20","","93.93181818"
"TUNAL","2010-04-19","","44.8888889"
"TUNAL","2010-04-18","","81.34027777"
"TUNAL","2010-04-17","","84.21527778"
"TUNAL","2010-04-16","","91.71527779"
"TUNAL","2010-04-15","","79.88636364"
"TUNAL","2010-04-14","","62.99305556"
"TUNAL","2010-04-13","","77.67361111"
"TUNAL","2010-04-12","","72.06944445"
"TUNAL","2010-04-11","","31.74305555"
"TUNAL","2010-04-10","","68.92361111"
"TUNAL","2010-04-09","","46.04166667"
"TUNAL","2010-04-08","","76.6736111"
"TUNAL","2010-04-07","","61.75"
"TUNAL","2010-04-06","","43.29166666"
"TUNAL","2010-04-05","","66.04861111"
"TUNAL","2010-04-04","","47.13888889"
"TUNAL","2010-04-03","","54.14583334"
"TUNAL","2010-04-02","","62.70833333"
"TUNAL","2010-04-01","","75.84027778"
"TUNAL","2010-03-31","","59.85416667"
"TUNAL","2010-03-30","","36.63888889"
"TUNAL","2010-03-29","","48.99999999"
"TUNAL","2010-03-28","","45.83333333"
"TUNAL","2010-03-27","","93.3125"
"TUNAL","2010-03-26","","93.49305555"
"TUNAL","2010-03-25","","91.49305555"
"TUNAL","2010-03-24","","67.54166667"
"TUNAL","2010-03-23","","73.42222223"
"TUNAL","2010-03-22","","51.97222222"
"TUNAL","2010-03-21","","30.03472223"
"TUNAL","2010-03-20","","28.16666667"
"TUNAL","2010-03-19","","38.53787879"
"TUNAL","2010-03-18","","72.02083333"
"TUNAL","2010-03-17","","56.54166667"
"TUNAL","2010-03-13","","30.6"
"TUNAL","2010-03-12","","68.59848485"
"TUNAL","2010-03-11","","39.91666667"
"TUNAL","2010-03-10","","51.29861111"
"TUNAL","2010-03-09","","47.38888889"
"TUNAL","2010-03-08","","41.3095238"
"TUNAL","2010-03-06","","36.64583334"
"TUNAL","2010-03-05","","61.0"
"TUNAL","2010-03-04","","62.20138889"
"TUNAL","2010-03-03","","69.31944445"
"TUNAL","2010-03-02","","66.90277778"
"TUNAL","2010-03-01","","43.47916667"
"TUNAL","2010-02-28","","53.60416666"
"TUNAL","2010-02-27","","56.63194445"
"TUNAL","2010-02-26","","61.99999999"
"TUNAL","2010-02-25","","82.64583333"
"TUNAL","2010-02-24","","55.51388889"
"TUNAL","2010-02-23","","76.70833333"
"TUNAL","2010-02-22","","50.4861111"
"TUNAL","2010-02-21","","28.47916667"
"TUNAL","2010-02-20","","61.81944445"
"TUNAL","2010-02-19","","59.93181817"
"TUNAL","2010-02-18","","77.52777778"
"TUNAL","2010-02-17","","74.00694444"
"TUNAL","2010-02-16","","111.18055556"
"TUNAL","2010-02-15","","121.51388889"
"TUNAL","2010-02-14","","66.11805556"
"TUNAL","2010-02-13","","81.28472222"
"TUNAL","2010-02-12","","81.30555556"
"TUNAL","2010-02-11","","76.38888888"
"TUNAL","2010-02-10","","78.9375"
"TUNAL","2010-02-09","","67.19444445"
"TUNAL","2010-02-08","","84.4861111"
"TUNAL","2010-02-07","","59.75"
"TUNAL","2010-02-06","","59.72916666"
"TUNAL","2010-02-05","","85.20833333"
"TUNAL","2010-02-04","","65.32638889"
"TUNAL","2010-02-03","","65.43055556"
"TUNAL","2010-02-02","","57.58333333"
"TUNAL","2010-02-01","","76.77083333"
"TUNAL","2010-01-31","","52.52777777"
"TUNAL","2010-01-30","","50.14583333"
"TUNAL","2010-01-29","","67.02777778"
"TUNAL","2010-01-28","","62.14583333"
"TUNAL","2010-01-27","","71.44444444"
"TUNAL","2010-01-26","","72.43749999"
"TUNAL","2010-01-25","","67.90277778"
"TUNAL","2010-01-24","","54.07638889"
"TUNAL","2010-01-23","","85.17361111"
"TUNAL","2010-01-22","","59.69444445"
"TUNAL","2010-01-21","","57.08333334"
"TUNAL","2010-01-20","","40.95833334"
"TUNAL","2010-01-19","","45.80555556"
"TUNAL","2010-01-18","","48.15217391"
"TUNAL","2010-01-17","","41.59722221"
"TUNAL","2010-01-16","","36.54861112"
"TUNAL","2010-01-15","","49.05555556"
"TUNAL","2010-01-14","","74.8125"
"TUNAL","2010-01-13","","74.90151515"
"TUNAL","2010-01-12","","77.39583334"
"TUNAL","2010-01-11","","63.00694445"
"TUNAL","2010-01-10","","56.33333335"
"TUNAL","2010-01-09","","64.70138889"
"TUNAL","2010-01-08","","39.3263889"
"TUNAL","2010-01-07","","59.75"
"TUNAL","2010-01-06","","76.03472222"
"TUNAL","2010-01-05","","83.9375"
"TUNAL","2010-01-04","","89.41666667"
"TUNAL","2010-01-03","","50.09027778"
"TUNAL","2010-01-02","","53.23611111"
"TUNAL","2010-01-01","","74.59259258"
