"Estacion","Fecha inicial","Fecha final","PM2.5"
"UNIVERSIDAD DEL VALLE","2021-04-24","","16.625"
"UNIVERSIDAD DEL VALLE","2021-04-23","","15.54166667"
"UNIVERSIDAD DEL VALLE","2021-04-22","","20.25"
"UNIVERSIDAD DEL VALLE","2021-04-21","","15.45833333"
"UNIVERSIDAD DEL VALLE","2021-04-20","","12.875"
"UNIVERSIDAD DEL VALLE","2021-04-19","","8.58333333"
"UNIVERSIDAD DEL VALLE","2021-04-18","","4.375"
"UNIVERSIDAD DEL VALLE","2021-04-16","","14.61904762"
"UNIVERSIDAD DEL VALLE","2021-04-15","","24.0"
"UNIVERSIDAD DEL VALLE","2021-04-14","","17.45833333"
"UNIVERSIDAD DEL VALLE","2021-04-13","","19.25"
"UNIVERSIDAD DEL VALLE","2021-04-12","","22.91666667"
"UNIVERSIDAD DEL VALLE","2021-04-11","","18.0952381"
"UNIVERSIDAD DEL VALLE","2021-04-10","","14.83333333"
"UNIVERSIDAD DEL VALLE","2021-04-09","","14.54166667"
"UNIVERSIDAD DEL VALLE","2021-04-08","","23.45833333"
"UNIVERSIDAD DEL VALLE","2021-04-07","","32.04166667"
"UNIVERSIDAD DEL VALLE","2021-04-06","","12.375"
"UNIVERSIDAD DEL VALLE","2021-04-05","","11.41666667"
"UNIVERSIDAD DEL VALLE","2021-04-04","","10.66666667"
"UNIVERSIDAD DEL VALLE","2021-04-03","","17.45833333"
"UNIVERSIDAD DEL VALLE","2021-04-02","","12.95833333"
"UNIVERSIDAD DEL VALLE","2021-04-01","","12.625"
"UNIVERSIDAD DEL VALLE","2021-03-31","","17.20833333"
"UNIVERSIDAD DEL VALLE","2021-03-30","","19.625"
"UNIVERSIDAD DEL VALLE","2021-03-29","","16.375"
"UNIVERSIDAD DEL VALLE","2021-03-28","","14.95833333"
"UNIVERSIDAD DEL VALLE","2021-03-27","","17.34782609"
"UNIVERSIDAD DEL VALLE","2021-03-26","","13.25"
"UNIVERSIDAD DEL VALLE","2021-03-25","","16.70833333"
"UNIVERSIDAD DEL VALLE","2021-03-24","","13.33333333"
"UNIVERSIDAD DEL VALLE","2021-03-23","","12.58333333"
"UNIVERSIDAD DEL VALLE","2021-03-22","","8.66666667"
"UNIVERSIDAD DEL VALLE","2021-03-21","","14.58333333"
"UNIVERSIDAD DEL VALLE","2021-03-20","","13.75"
"UNIVERSIDAD DEL VALLE","2021-03-19","","14.83333333"
"UNIVERSIDAD DEL VALLE","2021-03-18","","9.0"
"UNIVERSIDAD DEL VALLE","2021-03-17","","19.5"
"UNIVERSIDAD DEL VALLE","2021-03-16","","16.16666667"
"UNIVERSIDAD DEL VALLE","2021-03-15","","13.375"
"UNIVERSIDAD DEL VALLE","2021-03-14","","15.875"
"UNIVERSIDAD DEL VALLE","2021-03-13","","13.95833333"
"UNIVERSIDAD DEL VALLE","2021-03-12","","12.29166667"
"UNIVERSIDAD DEL VALLE","2021-03-11","","9.29166667"
"UNIVERSIDAD DEL VALLE","2021-03-10","","10.125"
"UNIVERSIDAD DEL VALLE","2021-03-09","","16.29166667"
"UNIVERSIDAD DEL VALLE","2021-03-08","","13.83333333"
"UNIVERSIDAD DEL VALLE","2021-03-07","","19.5"
"UNIVERSIDAD DEL VALLE","2021-03-06","","16.70833333"
"UNIVERSIDAD DEL VALLE","2021-03-05","","10.45833333"
"UNIVERSIDAD DEL VALLE","2021-03-04","","6.33333333"
"UNIVERSIDAD DEL VALLE","2021-03-03","","7.5"
"UNIVERSIDAD DEL VALLE","2021-03-02","","10.45833333"
"UNIVERSIDAD DEL VALLE","2021-03-01","","9.45833333"
"UNIVERSIDAD DEL VALLE","2021-02-28","","10.65217391"
"UNIVERSIDAD DEL VALLE","2021-02-27","","9.625"
"UNIVERSIDAD DEL VALLE","2021-02-26","","12.2173913"
"UNIVERSIDAD DEL VALLE","2021-02-25","","20.66666667"
"UNIVERSIDAD DEL VALLE","2021-02-24","","20.08333333"
"UNIVERSIDAD DEL VALLE","2021-02-23","","10.875"
"UNIVERSIDAD DEL VALLE","2021-02-22","","9.29166667"
"UNIVERSIDAD DEL VALLE","2021-02-21","","7.875"
"UNIVERSIDAD DEL VALLE","2021-02-20","","14.66666667"
"UNIVERSIDAD DEL VALLE","2021-02-19","","10.63636364"
"UNIVERSIDAD DEL VALLE","2021-02-18","","5.25"
"UNIVERSIDAD DEL VALLE","2021-02-17","","9.70833333"
"UNIVERSIDAD DEL VALLE","2021-02-16","","13.33333333"
"UNIVERSIDAD DEL VALLE","2021-02-15","","10.75"
"UNIVERSIDAD DEL VALLE","2021-02-14","","10.79166667"
"UNIVERSIDAD DEL VALLE","2021-02-13","","10.29166667"
"UNIVERSIDAD DEL VALLE","2021-02-12","","10.79166667"
"UNIVERSIDAD DEL VALLE","2021-02-11","","10.04166667"
"UNIVERSIDAD DEL VALLE","2021-02-10","","6.75"
"UNIVERSIDAD DEL VALLE","2021-02-09","","14.54166667"
"UNIVERSIDAD DEL VALLE","2021-02-08","","15.66666667"
"UNIVERSIDAD DEL VALLE","2021-02-07","","14.29166667"
"UNIVERSIDAD DEL VALLE","2021-02-06","","15.25"
"UNIVERSIDAD DEL VALLE","2021-02-05","","16.41666667"
"UNIVERSIDAD DEL VALLE","2021-02-04","","15.25"
"UNIVERSIDAD DEL VALLE","2021-02-03","","8.75"
"UNIVERSIDAD DEL VALLE","2021-01-26","","14.0"
"UNIVERSIDAD DEL VALLE","2021-01-25","","17.25"
"UNIVERSIDAD DEL VALLE","2021-01-24","","15.79166667"
"UNIVERSIDAD DEL VALLE","2021-01-23","","11.58333333"
"UNIVERSIDAD DEL VALLE","2021-01-22","","11.125"
"UNIVERSIDAD DEL VALLE","2021-01-21","","15.375"
"UNIVERSIDAD DEL VALLE","2021-01-20","","15.54166667"
"UNIVERSIDAD DEL VALLE","2021-01-19","","18.58333333"
"UNIVERSIDAD DEL VALLE","2021-01-18","","18.75"
"UNIVERSIDAD DEL VALLE","2021-01-17","","12.70833333"
"UNIVERSIDAD DEL VALLE","2021-01-16","","11.45833333"
"UNIVERSIDAD DEL VALLE","2021-01-15","","12.45833333"
"UNIVERSIDAD DEL VALLE","2021-01-14","","16.625"
"UNIVERSIDAD DEL VALLE","2021-01-13","","15.75"
"UNIVERSIDAD DEL VALLE","2021-01-12","","14.54166667"
"UNIVERSIDAD DEL VALLE","2021-01-11","","12.0"
"UNIVERSIDAD DEL VALLE","2021-01-10","","12.33333333"
"UNIVERSIDAD DEL VALLE","2021-01-09","","11.0"
"UNIVERSIDAD DEL VALLE","2021-01-08","","11.58333333"
"UNIVERSIDAD DEL VALLE","2021-01-07","","10.58333333"
"UNIVERSIDAD DEL VALLE","2021-01-06","","8.41666667"
"UNIVERSIDAD DEL VALLE","2021-01-05","","8.16666667"
"UNIVERSIDAD DEL VALLE","2021-01-04","","13.45833333"
"UNIVERSIDAD DEL VALLE","2021-01-03","","7.16666667"
"UNIVERSIDAD DEL VALLE","2021-01-02","","6.82608696"
"UNIVERSIDAD DEL VALLE","2021-01-01","","11.16666667"
"UNIVERSIDAD DEL VALLE","2020-12-31","","12.875"
"UNIVERSIDAD DEL VALLE","2020-12-30","","11.25"
"UNIVERSIDAD DEL VALLE","2020-12-29","","13.79166667"
"UNIVERSIDAD DEL VALLE","2020-12-28","","10.45833333"
"UNIVERSIDAD DEL VALLE","2020-12-27","","10.29166667"
"UNIVERSIDAD DEL VALLE","2020-12-26","","4.25"
"UNIVERSIDAD DEL VALLE","2020-12-25","","9.08333333"
"UNIVERSIDAD DEL VALLE","2020-12-24","","13.54166667"
"UNIVERSIDAD DEL VALLE","2020-12-23","","14.33333333"
"UNIVERSIDAD DEL VALLE","2020-12-22","","14.08333333"
"UNIVERSIDAD DEL VALLE","2020-12-21","","12.04166667"
"UNIVERSIDAD DEL VALLE","2020-12-20","","9.08333333"
"UNIVERSIDAD DEL VALLE","2020-12-19","","10.42857143"
"UNIVERSIDAD DEL VALLE","2020-11-17","","10.55555556"
"UNIVERSIDAD DEL VALLE","2020-11-16","","14.70833333"
"UNIVERSIDAD DEL VALLE","2020-11-15","","12.875"
"UNIVERSIDAD DEL VALLE","2020-11-14","","11.125"
"UNIVERSIDAD DEL VALLE","2020-11-13","","17.08333333"
"UNIVERSIDAD DEL VALLE","2020-11-12","","12.29166667"
"UNIVERSIDAD DEL VALLE","2020-11-11","","8.25"
"UNIVERSIDAD DEL VALLE","2020-11-10","","11.54166667"
"UNIVERSIDAD DEL VALLE","2020-11-09","","13.64285714"
"UNIVERSIDAD DEL VALLE","2020-11-07","","20.16666667"
"UNIVERSIDAD DEL VALLE","2020-11-06","","25.08333333"
"UNIVERSIDAD DEL VALLE","2020-11-05","","19.5"
"UNIVERSIDAD DEL VALLE","2020-11-04","","17.75"
"UNIVERSIDAD DEL VALLE","2020-11-03","","16.5"
"UNIVERSIDAD DEL VALLE","2020-11-02","","12.0"
"UNIVERSIDAD DEL VALLE","2020-11-01","","9.58333333"
"UNIVERSIDAD DEL VALLE","2020-09-29","","15.625"
"UNIVERSIDAD DEL VALLE","2020-09-28","","17.25"
"UNIVERSIDAD DEL VALLE","2020-09-27","","20.08333333"
"UNIVERSIDAD DEL VALLE","2020-09-26","","15.79166667"
"UNIVERSIDAD DEL VALLE","2020-09-25","","15.04166667"
"UNIVERSIDAD DEL VALLE","2020-09-24","","17.54166667"
"UNIVERSIDAD DEL VALLE","2020-09-23","","18.25"
"UNIVERSIDAD DEL VALLE","2020-09-22","","14.16666667"
"UNIVERSIDAD DEL VALLE","2020-09-21","","14.75"
"UNIVERSIDAD DEL VALLE","2020-09-20","","15.5"
"UNIVERSIDAD DEL VALLE","2020-09-19","","22.54166667"
"UNIVERSIDAD DEL VALLE","2020-09-18","","12.45833333"
"UNIVERSIDAD DEL VALLE","2020-09-17","","11.08333333"
"UNIVERSIDAD DEL VALLE","2020-09-16","","11.375"
"UNIVERSIDAD DEL VALLE","2020-09-15","","16.875"
"UNIVERSIDAD DEL VALLE","2020-09-14","","16.16666667"
"UNIVERSIDAD DEL VALLE","2020-09-13","","22.66666667"
"UNIVERSIDAD DEL VALLE","2020-09-12","","17.75"
"UNIVERSIDAD DEL VALLE","2020-09-11","","17.79166667"
"UNIVERSIDAD DEL VALLE","2020-09-10","","16.79166667"
"UNIVERSIDAD DEL VALLE","2020-09-09","","13.58333333"
"UNIVERSIDAD DEL VALLE","2020-09-08","","11.75"
"UNIVERSIDAD DEL VALLE","2020-09-07","","10.29166667"
"UNIVERSIDAD DEL VALLE","2020-09-06","","9.91666667"
"UNIVERSIDAD DEL VALLE","2020-09-05","","16.91666667"
"UNIVERSIDAD DEL VALLE","2020-09-04","","17.54166667"
"UNIVERSIDAD DEL VALLE","2020-09-03","","17.58333333"
"UNIVERSIDAD DEL VALLE","2020-09-02","","15.75"
"UNIVERSIDAD DEL VALLE","2020-09-01","","12.625"
"UNIVERSIDAD DEL VALLE","2020-06-16","","18.0"
"UNIVERSIDAD DEL VALLE","2020-06-15","","23.45833333"
"UNIVERSIDAD DEL VALLE","2020-06-14","","18.43478261"
"UNIVERSIDAD DEL VALLE","2020-06-13","","20.875"
"UNIVERSIDAD DEL VALLE","2020-06-12","","16.20833333"
"UNIVERSIDAD DEL VALLE","2020-06-11","","10.04347826"
"UNIVERSIDAD DEL VALLE","2020-06-10","","10.33333333"
"UNIVERSIDAD DEL VALLE","2020-06-09","","14.70833333"
"UNIVERSIDAD DEL VALLE","2020-06-08","","17.45833333"
"UNIVERSIDAD DEL VALLE","2020-06-07","","18.95833333"
"UNIVERSIDAD DEL VALLE","2020-06-06","","18.54166667"
"UNIVERSIDAD DEL VALLE","2020-06-05","","12.16666667"
"UNIVERSIDAD DEL VALLE","2020-06-04","","17.20833333"
"UNIVERSIDAD DEL VALLE","2020-06-03","","3.42857143"
"UNIVERSIDAD DEL VALLE","2020-06-02","","13.08695652"
"UNIVERSIDAD DEL VALLE","2020-06-01","","7.82608696"
"UNIVERSIDAD DEL VALLE","2020-05-31","","8.41666667"
"UNIVERSIDAD DEL VALLE","2020-05-30","","7.5"
"UNIVERSIDAD DEL VALLE","2020-05-29","","5.42857143"
"UNIVERSIDAD DEL VALLE","2020-05-28","","11.34782609"
"UNIVERSIDAD DEL VALLE","2020-05-27","","15.91304348"
"UNIVERSIDAD DEL VALLE","2020-05-26","","13.875"
"UNIVERSIDAD DEL VALLE","2020-05-25","","11.41666667"
"UNIVERSIDAD DEL VALLE","2020-05-24","","11.75"
"UNIVERSIDAD DEL VALLE","2020-05-23","","10.375"
"UNIVERSIDAD DEL VALLE","2020-05-22","","12.5"
"UNIVERSIDAD DEL VALLE","2020-05-21","","11.04347826"
"UNIVERSIDAD DEL VALLE","2020-05-20","","9.16666667"
"UNIVERSIDAD DEL VALLE","2020-05-19","","6.83333333"
"UNIVERSIDAD DEL VALLE","2020-05-18","","7.63636364"
"UNIVERSIDAD DEL VALLE","2020-05-17","","8.30434783"
"UNIVERSIDAD DEL VALLE","2020-05-16","","15.75"
"UNIVERSIDAD DEL VALLE","2020-05-15","","14.375"
"UNIVERSIDAD DEL VALLE","2020-05-14","","17.04166667"
"UNIVERSIDAD DEL VALLE","2020-05-13","","15.45833333"
"UNIVERSIDAD DEL VALLE","2020-05-12","","9.04545455"
"UNIVERSIDAD DEL VALLE","2020-05-11","","6.35"
"UNIVERSIDAD DEL VALLE","2020-05-10","","13.95652174"
"UNIVERSIDAD DEL VALLE","2020-05-09","","19.58333333"
"UNIVERSIDAD DEL VALLE","2020-05-08","","24.20833333"
"UNIVERSIDAD DEL VALLE","2020-05-07","","24.625"
"UNIVERSIDAD DEL VALLE","2020-05-06","","12.56521739"
"UNIVERSIDAD DEL VALLE","2020-05-05","","11.58333333"
"UNIVERSIDAD DEL VALLE","2020-05-04","","11.91666667"
"UNIVERSIDAD DEL VALLE","2020-05-03","","10.375"
"UNIVERSIDAD DEL VALLE","2020-05-02","","11.13043478"
"UNIVERSIDAD DEL VALLE","2020-05-01","","9.29166667"
"UNIVERSIDAD DEL VALLE","2020-04-30","","8.22727273"
"UNIVERSIDAD DEL VALLE","2020-04-29","","6.91304348"
"UNIVERSIDAD DEL VALLE","2020-04-28","","7.0"
"UNIVERSIDAD DEL VALLE","2020-04-27","","9.26086957"
"UNIVERSIDAD DEL VALLE","2020-04-26","","7.04347826"
"UNIVERSIDAD DEL VALLE","2020-04-25","","8.56521739"
"UNIVERSIDAD DEL VALLE","2020-04-24","","4.91304348"
"UNIVERSIDAD DEL VALLE","2020-04-23","","8.83333333"
"UNIVERSIDAD DEL VALLE","2020-04-22","","11.5"
"UNIVERSIDAD DEL VALLE","2020-04-21","","10.04166667"
"UNIVERSIDAD DEL VALLE","2020-04-20","","11.625"
"UNIVERSIDAD DEL VALLE","2020-04-19","","8.66666667"
"UNIVERSIDAD DEL VALLE","2020-04-18","","8.85714286"
"UNIVERSIDAD DEL VALLE","2020-04-17","","8.20833333"
"UNIVERSIDAD DEL VALLE","2020-04-16","","10.14285714"
"UNIVERSIDAD DEL VALLE","2020-04-15","","7.0"
"UNIVERSIDAD DEL VALLE","2020-04-14","","3.58823529"
"UNIVERSIDAD DEL VALLE","2020-04-13","","4.65217391"
"UNIVERSIDAD DEL VALLE","2020-04-12","","5.82608696"
"UNIVERSIDAD DEL VALLE","2020-04-11","","6.0"
"UNIVERSIDAD DEL VALLE","2020-04-10","","8.2173913"
"UNIVERSIDAD DEL VALLE","2020-04-09","","9.69565217"
"UNIVERSIDAD DEL VALLE","2020-04-08","","10.83333333"
"UNIVERSIDAD DEL VALLE","2020-04-07","","9.95833333"
"UNIVERSIDAD DEL VALLE","2020-04-06","","9.91666667"
"UNIVERSIDAD DEL VALLE","2020-04-05","","11.16666667"
"UNIVERSIDAD DEL VALLE","2020-04-04","","10.25"
"UNIVERSIDAD DEL VALLE","2020-04-03","","8.79166667"
"UNIVERSIDAD DEL VALLE","2020-04-02","","7.0"
"UNIVERSIDAD DEL VALLE","2020-03-27","","12.83333333"
"UNIVERSIDAD DEL VALLE","2020-03-26","","12.2173913"
"UNIVERSIDAD DEL VALLE","2020-03-25","","20.91304348"
"UNIVERSIDAD DEL VALLE","2020-03-24","","12.04166667"
"UNIVERSIDAD DEL VALLE","2020-03-23","","14.20833333"
"UNIVERSIDAD DEL VALLE","2020-03-22","","11.41666667"
"UNIVERSIDAD DEL VALLE","2020-03-21","","10.16666667"
"UNIVERSIDAD DEL VALLE","2020-03-20","","22.2173913"
"UNIVERSIDAD DEL VALLE","2020-03-19","","29.375"
"UNIVERSIDAD DEL VALLE","2020-03-18","","27.16666667"
"UNIVERSIDAD DEL VALLE","2020-03-17","","30.30434783"
"UNIVERSIDAD DEL VALLE","2020-03-16","","31.04166667"
"UNIVERSIDAD DEL VALLE","2020-03-15","","29.125"
"UNIVERSIDAD DEL VALLE","2020-03-14","","23.83333333"
"UNIVERSIDAD DEL VALLE","2020-03-13","","23.72727273"
"UNIVERSIDAD DEL VALLE","2020-03-12","","28.75"
"UNIVERSIDAD DEL VALLE","2020-03-11","","32.04166667"
"UNIVERSIDAD DEL VALLE","2020-03-10","","31.29166667"
"UNIVERSIDAD DEL VALLE","2020-03-09","","41.0"
"UNIVERSIDAD DEL VALLE","2020-03-08","","35.29166667"
"UNIVERSIDAD DEL VALLE","2020-03-07","","32.04166667"
"UNIVERSIDAD DEL VALLE","2020-03-06","","34.04166667"
"UNIVERSIDAD DEL VALLE","2020-03-05","","41.0"
"UNIVERSIDAD DEL VALLE","2020-03-04","","37.625"
"UNIVERSIDAD DEL VALLE","2020-03-03","","32.79166667"
"UNIVERSIDAD DEL VALLE","2020-03-02","","30.875"
"UNIVERSIDAD DEL VALLE","2020-03-01","","31.29166667"
"UNIVERSIDAD DEL VALLE","2020-02-29","","33.125"
"UNIVERSIDAD DEL VALLE","2020-02-28","","30.95238095"
"UNIVERSIDAD DEL VALLE","2020-02-27","","28.83333333"
"UNIVERSIDAD DEL VALLE","2020-02-26","","23.04166667"
"UNIVERSIDAD DEL VALLE","2020-02-25","","28.08333333"
"UNIVERSIDAD DEL VALLE","2020-02-24","","28.75"
"UNIVERSIDAD DEL VALLE","2020-02-23","","30.45833333"
"UNIVERSIDAD DEL VALLE","2020-02-22","","37.70833333"
"UNIVERSIDAD DEL VALLE","2020-02-21","","27.29166667"
"UNIVERSIDAD DEL VALLE","2020-02-20","","33.54166667"
"UNIVERSIDAD DEL VALLE","2020-02-19","","34.95833333"
"UNIVERSIDAD DEL VALLE","2020-02-18","","39.25"
"UNIVERSIDAD DEL VALLE","2020-02-17","","31.65"
"UNIVERSIDAD DEL VALLE","2020-02-16","","33.66666667"
"UNIVERSIDAD DEL VALLE","2020-02-15","","42.47826087"
"UNIVERSIDAD DEL VALLE","2020-02-14","","37.59090909"
"UNIVERSIDAD DEL VALLE","2020-02-13","","35.83333333"
"UNIVERSIDAD DEL VALLE","2020-02-12","","36.95833333"
"UNIVERSIDAD DEL VALLE","2020-02-11","","37.45833333"
"UNIVERSIDAD DEL VALLE","2020-02-10","","34.81818182"
"UNIVERSIDAD DEL VALLE","2020-02-09","","34.70833333"
"UNIVERSIDAD DEL VALLE","2020-02-08","","32.08333333"
"UNIVERSIDAD DEL VALLE","2020-02-07","","38.0"
"UNIVERSIDAD DEL VALLE","2020-02-06","","33.83333333"
"UNIVERSIDAD DEL VALLE","2020-02-05","","32.41666667"
"UNIVERSIDAD DEL VALLE","2020-02-04","","26.04166667"
"UNIVERSIDAD DEL VALLE","2020-02-03","","29.29166667"
"UNIVERSIDAD DEL VALLE","2020-02-02","","29.41666667"
"UNIVERSIDAD DEL VALLE","2020-02-01","","35.33333333"
"UNIVERSIDAD DEL VALLE","2020-01-31","","31.79166667"
"UNIVERSIDAD DEL VALLE","2020-01-30","","30.29166667"
"UNIVERSIDAD DEL VALLE","2020-01-29","","28.19047619"
"UNIVERSIDAD DEL VALLE","2020-01-28","","20.29166667"
"UNIVERSIDAD DEL VALLE","2020-01-27","","18.75"
"UNIVERSIDAD DEL VALLE","2020-01-26","","28.20833333"
"UNIVERSIDAD DEL VALLE","2020-01-25","","34.20833333"
"UNIVERSIDAD DEL VALLE","2020-01-24","","35.91666667"
"UNIVERSIDAD DEL VALLE","2020-01-23","","41.25"
"UNIVERSIDAD DEL VALLE","2020-01-22","","40.2"
"UNIVERSIDAD DEL VALLE","2020-01-21","","23.6"
"UNIVERSIDAD DEL VALLE","2020-01-20","","25.04166667"
"UNIVERSIDAD DEL VALLE","2020-01-19","","28.625"
"UNIVERSIDAD DEL VALLE","2020-01-18","","29.58333333"
"UNIVERSIDAD DEL VALLE","2020-01-17","","31.0"
"UNIVERSIDAD DEL VALLE","2020-01-16","","32.08333333"
"UNIVERSIDAD DEL VALLE","2020-01-15","","33.08333333"
"UNIVERSIDAD DEL VALLE","2020-01-14","","33.70833333"
"UNIVERSIDAD DEL VALLE","2020-01-13","","33.54166667"
"UNIVERSIDAD DEL VALLE","2020-01-12","","33.70833333"
"UNIVERSIDAD DEL VALLE","2020-01-11","","32.54166667"
"UNIVERSIDAD DEL VALLE","2020-01-10","","42.08333333"
"UNIVERSIDAD DEL VALLE","2020-01-09","","41.08333333"
"UNIVERSIDAD DEL VALLE","2020-01-08","","35.65217391"
"UNIVERSIDAD DEL VALLE","2020-01-07","","29.95833333"
"UNIVERSIDAD DEL VALLE","2020-01-06","","22.375"
"UNIVERSIDAD DEL VALLE","2020-01-05","","23.5"
"UNIVERSIDAD DEL VALLE","2020-01-04","","25.5"
"UNIVERSIDAD DEL VALLE","2020-01-03","","20.625"
"UNIVERSIDAD DEL VALLE","2020-01-02","","17.70833333"
"UNIVERSIDAD DEL VALLE","2020-01-01","","22.91666667"
"UNIVERSIDAD DEL VALLE","2019-12-31","","16.0"
"UNIVERSIDAD DEL VALLE","2019-12-30","","23.72727273"
"UNIVERSIDAD DEL VALLE","2019-12-29","","26.58333333"
"UNIVERSIDAD DEL VALLE","2019-12-27","","25.42857143"
"UNIVERSIDAD DEL VALLE","2019-12-26","","25.39130435"
"UNIVERSIDAD DEL VALLE","2019-12-25","","26.625"
"UNIVERSIDAD DEL VALLE","2019-12-24","","29.45833333"
"UNIVERSIDAD DEL VALLE","2019-12-23","","27.20833333"
"UNIVERSIDAD DEL VALLE","2019-12-22","","32.625"
"UNIVERSIDAD DEL VALLE","2019-12-21","","32.54166667"
"UNIVERSIDAD DEL VALLE","2019-12-20","","31.0"
"UNIVERSIDAD DEL VALLE","2019-12-19","","28.45454545"
"UNIVERSIDAD DEL VALLE","2019-12-18","","25.9047619"
"UNIVERSIDAD DEL VALLE","2019-12-17","","32.375"
"UNIVERSIDAD DEL VALLE","2019-12-16","","33.33333333"
"UNIVERSIDAD DEL VALLE","2019-12-15","","27.54166667"
"UNIVERSIDAD DEL VALLE","2019-12-14","","22.91666667"
"UNIVERSIDAD DEL VALLE","2019-12-13","","21.5"
"UNIVERSIDAD DEL VALLE","2019-12-12","","26.33333333"
"UNIVERSIDAD DEL VALLE","2019-12-11","","25.875"
"UNIVERSIDAD DEL VALLE","2019-12-10","","32.04166667"
"UNIVERSIDAD DEL VALLE","2019-12-09","","32.75"
"UNIVERSIDAD DEL VALLE","2019-12-08","","32.29166667"
"UNIVERSIDAD DEL VALLE","2019-12-07","","25.58333333"
"UNIVERSIDAD DEL VALLE","2019-12-06","","24.375"
"UNIVERSIDAD DEL VALLE","2019-12-05","","26.375"
"UNIVERSIDAD DEL VALLE","2019-12-04","","23.5"
"UNIVERSIDAD DEL VALLE","2019-12-03","","28.875"
"UNIVERSIDAD DEL VALLE","2019-12-02","","26.75"
"UNIVERSIDAD DEL VALLE","2019-12-01","","30.83333333"
"UNIVERSIDAD DEL VALLE","2019-11-30","","34.45833333"
"UNIVERSIDAD DEL VALLE","2019-11-29","","28.58333333"
"UNIVERSIDAD DEL VALLE","2019-11-28","","32.33333333"
"UNIVERSIDAD DEL VALLE","2019-11-27","","38.82608696"
"UNIVERSIDAD DEL VALLE","2019-11-26","","36.20833333"
"UNIVERSIDAD DEL VALLE","2019-11-25","","30.20833333"
"UNIVERSIDAD DEL VALLE","2019-11-24","","27.375"
"UNIVERSIDAD DEL VALLE","2019-11-23","","25.875"
"UNIVERSIDAD DEL VALLE","2019-11-22","","22.04166667"
"UNIVERSIDAD DEL VALLE","2019-11-21","","28.41666667"
"UNIVERSIDAD DEL VALLE","2019-11-20","","30.45833333"
"UNIVERSIDAD DEL VALLE","2019-11-19","","27.5"
"UNIVERSIDAD DEL VALLE","2019-11-18","","20.83333333"
"UNIVERSIDAD DEL VALLE","2019-11-17","","23.83333333"
"UNIVERSIDAD DEL VALLE","2019-11-16","","27.45833333"
"UNIVERSIDAD DEL VALLE","2019-11-15","","24.45833333"
"UNIVERSIDAD DEL VALLE","2019-11-14","","24.79166667"
"UNIVERSIDAD DEL VALLE","2019-11-13","","22.0"
"UNIVERSIDAD DEL VALLE","2019-11-12","","21.79166667"
"UNIVERSIDAD DEL VALLE","2019-11-11","","26.875"
"UNIVERSIDAD DEL VALLE","2019-11-10","","23.33333333"
"UNIVERSIDAD DEL VALLE","2019-11-09","","25.08333333"
"UNIVERSIDAD DEL VALLE","2019-11-08","","28.75"
"UNIVERSIDAD DEL VALLE","2019-11-07","","29.0"
"UNIVERSIDAD DEL VALLE","2019-11-06","","24.125"
"UNIVERSIDAD DEL VALLE","2019-11-05","","26.47826087"
"UNIVERSIDAD DEL VALLE","2019-11-04","","25.75"
"UNIVERSIDAD DEL VALLE","2019-11-03","","24.5"
"UNIVERSIDAD DEL VALLE","2019-11-02","","27.41666667"
"UNIVERSIDAD DEL VALLE","2019-11-01","","29.375"
"UNIVERSIDAD DEL VALLE","2019-10-31","","33.14285714"
"UNIVERSIDAD DEL VALLE","2019-10-30","","32.23809524"
"UNIVERSIDAD DEL VALLE","2019-10-29","","27.41666667"
"UNIVERSIDAD DEL VALLE","2019-10-28","","26.66666667"
"UNIVERSIDAD DEL VALLE","2019-10-27","","28.29166667"
"UNIVERSIDAD DEL VALLE","2019-10-26","","28.25"
"UNIVERSIDAD DEL VALLE","2019-10-25","","28.125"
"UNIVERSIDAD DEL VALLE","2019-10-24","","24.125"
"UNIVERSIDAD DEL VALLE","2019-10-23","","28.91666667"
"UNIVERSIDAD DEL VALLE","2019-10-22","","26.08333333"
"UNIVERSIDAD DEL VALLE","2019-10-21","","23.83333333"
"UNIVERSIDAD DEL VALLE","2019-10-20","","26.29166667"
"UNIVERSIDAD DEL VALLE","2019-10-19","","23.0"
"UNIVERSIDAD DEL VALLE","2019-10-18","","20.83333333"
"UNIVERSIDAD DEL VALLE","2019-10-17","","28.83333333"
"UNIVERSIDAD DEL VALLE","2019-10-16","","26.125"
"UNIVERSIDAD DEL VALLE","2019-10-15","","22.69565217"
"UNIVERSIDAD DEL VALLE","2019-10-14","","19.625"
"UNIVERSIDAD DEL VALLE","2019-10-13","","17.29166667"
"UNIVERSIDAD DEL VALLE","2019-10-12","","21.83333333"
"UNIVERSIDAD DEL VALLE","2019-10-11","","24.83333333"
"UNIVERSIDAD DEL VALLE","2019-10-10","","28.08333333"
"UNIVERSIDAD DEL VALLE","2019-10-09","","29.45833333"
"UNIVERSIDAD DEL VALLE","2019-10-08","","25.0"
"UNIVERSIDAD DEL VALLE","2019-10-07","","22.58333333"
"UNIVERSIDAD DEL VALLE","2019-10-06","","19.27777778"
"UNIVERSIDAD DEL VALLE","2019-10-05","","22.125"
"UNIVERSIDAD DEL VALLE","2019-10-04","","26.95833333"
"UNIVERSIDAD DEL VALLE","2019-10-03","","24.08333333"
"UNIVERSIDAD DEL VALLE","2019-10-02","","24.04166667"
"UNIVERSIDAD DEL VALLE","2019-10-01","","21.875"
"UNIVERSIDAD DEL VALLE","2019-09-30","","21.125"
"UNIVERSIDAD DEL VALLE","2019-09-29","","23.33333333"
"UNIVERSIDAD DEL VALLE","2019-09-28","","21.625"
"UNIVERSIDAD DEL VALLE","2019-09-27","","23.79166667"
"UNIVERSIDAD DEL VALLE","2019-09-26","","20.375"
"UNIVERSIDAD DEL VALLE","2019-09-25","","25.04166667"
"UNIVERSIDAD DEL VALLE","2019-09-24","","24.83333333"
"UNIVERSIDAD DEL VALLE","2019-09-23","","24.21428571"
"UNIVERSIDAD DEL VALLE","2019-09-22","","23.86363636"
"UNIVERSIDAD DEL VALLE","2019-09-21","","27.79166667"
"UNIVERSIDAD DEL VALLE","2019-09-20","","24.91666667"
"UNIVERSIDAD DEL VALLE","2019-09-19","","24.91666667"
"UNIVERSIDAD DEL VALLE","2019-09-18","","21.58333333"
"UNIVERSIDAD DEL VALLE","2019-09-17","","29.04166667"
"UNIVERSIDAD DEL VALLE","2019-09-16","","24.79166667"
"UNIVERSIDAD DEL VALLE","2019-09-15","","28.79166667"
"UNIVERSIDAD DEL VALLE","2019-09-14","","31.45833333"
"UNIVERSIDAD DEL VALLE","2019-09-13","","29.20833333"
"UNIVERSIDAD DEL VALLE","2019-09-12","","26.16666667"
"UNIVERSIDAD DEL VALLE","2019-09-11","","32.34782609"
"UNIVERSIDAD DEL VALLE","2019-09-10","","37.70833333"
"UNIVERSIDAD DEL VALLE","2019-09-09","","37.375"
"UNIVERSIDAD DEL VALLE","2019-09-08","","34.41666667"
"UNIVERSIDAD DEL VALLE","2019-09-07","","33.25"
"UNIVERSIDAD DEL VALLE","2019-09-06","","37.70833333"
"UNIVERSIDAD DEL VALLE","2019-09-05","","32.16666667"
"UNIVERSIDAD DEL VALLE","2019-09-04","","47.875"
"UNIVERSIDAD DEL VALLE","2019-09-03","","28.75"
"UNIVERSIDAD DEL VALLE","2019-09-02","","27.75"
"UNIVERSIDAD DEL VALLE","2019-09-01","","33.5"
"UNIVERSIDAD DEL VALLE","2019-08-31","","33.79166667"
"UNIVERSIDAD DEL VALLE","2019-08-30","","29.375"
"UNIVERSIDAD DEL VALLE","2019-08-29","","31.39130435"
"UNIVERSIDAD DEL VALLE","2019-08-28","","29.04166667"
"UNIVERSIDAD DEL VALLE","2019-08-27","","26.33333333"
"UNIVERSIDAD DEL VALLE","2019-08-26","","31.375"
"UNIVERSIDAD DEL VALLE","2019-08-25","","25.75"
"UNIVERSIDAD DEL VALLE","2019-08-24","","27.125"
"UNIVERSIDAD DEL VALLE","2019-08-23","","31.41666667"
"UNIVERSIDAD DEL VALLE","2019-08-22","","36.04166667"
"UNIVERSIDAD DEL VALLE","2019-08-21","","25.0"
"UNIVERSIDAD DEL VALLE","2019-08-20","","31.5"
"UNIVERSIDAD DEL VALLE","2019-08-19","","33.16666667"
"UNIVERSIDAD DEL VALLE","2019-08-18","","35.04166667"
"UNIVERSIDAD DEL VALLE","2019-08-17","","41.5"
"UNIVERSIDAD DEL VALLE","2019-08-16","","43.73913043"
"UNIVERSIDAD DEL VALLE","2019-08-15","","60.875"
"UNIVERSIDAD DEL VALLE","2019-08-14","","31.75"
"UNIVERSIDAD DEL VALLE","2019-08-13","","24.91666667"
"UNIVERSIDAD DEL VALLE","2019-08-12","","23.58333333"
"UNIVERSIDAD DEL VALLE","2019-08-11","","23.0"
"UNIVERSIDAD DEL VALLE","2019-08-10","","22.875"
"UNIVERSIDAD DEL VALLE","2019-08-09","","20.0"
"UNIVERSIDAD DEL VALLE","2019-08-08","","24.125"
"UNIVERSIDAD DEL VALLE","2019-08-07","","21.79166667"
"UNIVERSIDAD DEL VALLE","2019-08-06","","24.625"
"UNIVERSIDAD DEL VALLE","2019-08-05","","21.83333333"
"UNIVERSIDAD DEL VALLE","2019-08-04","","23.73913043"
"UNIVERSIDAD DEL VALLE","2019-08-03","","26.33333333"
"UNIVERSIDAD DEL VALLE","2019-08-02","","23.29166667"
"UNIVERSIDAD DEL VALLE","2019-08-01","","24.79166667"
"UNIVERSIDAD DEL VALLE","2019-07-31","","24.875"
"UNIVERSIDAD DEL VALLE","2019-07-30","","27.26086957"
"UNIVERSIDAD DEL VALLE","2019-07-29","","26.58333333"
"UNIVERSIDAD DEL VALLE","2019-07-28","","29.04166667"
"UNIVERSIDAD DEL VALLE","2019-07-27","","33.0"
"UNIVERSIDAD DEL VALLE","2019-07-26","","31.70833333"
"UNIVERSIDAD DEL VALLE","2019-07-25","","30.58333333"
"UNIVERSIDAD DEL VALLE","2019-07-24","","34.58333333"
"UNIVERSIDAD DEL VALLE","2019-07-23","","27.60869565"
"UNIVERSIDAD DEL VALLE","2019-07-22","","25.45833333"
"UNIVERSIDAD DEL VALLE","2019-07-21","","26.04166667"
"UNIVERSIDAD DEL VALLE","2019-07-20","","36.125"
"UNIVERSIDAD DEL VALLE","2019-07-19","","37.60869565"
"UNIVERSIDAD DEL VALLE","2019-07-18","","37.5"
"UNIVERSIDAD DEL VALLE","2019-07-17","","34.41666667"
"UNIVERSIDAD DEL VALLE","2019-07-16","","32.45833333"
"UNIVERSIDAD DEL VALLE","2019-07-15","","21.70833333"
"UNIVERSIDAD DEL VALLE","2019-07-14","","29.08333333"
"UNIVERSIDAD DEL VALLE","2019-07-13","","33.75"
"UNIVERSIDAD DEL VALLE","2019-07-12","","32.70833333"
"UNIVERSIDAD DEL VALLE","2019-07-11","","26.5"
"UNIVERSIDAD DEL VALLE","2019-07-10","","25.08333333"
"UNIVERSIDAD DEL VALLE","2019-07-09","","26.5"
"UNIVERSIDAD DEL VALLE","2019-07-08","","24.04166667"
"UNIVERSIDAD DEL VALLE","2019-07-07","","24.33333333"
"UNIVERSIDAD DEL VALLE","2019-07-06","","27.91666667"
"UNIVERSIDAD DEL VALLE","2019-07-05","","23.29166667"
"UNIVERSIDAD DEL VALLE","2019-07-04","","29.04166667"
"UNIVERSIDAD DEL VALLE","2019-07-03","","31.75"
"UNIVERSIDAD DEL VALLE","2019-07-02","","29.04166667"
"UNIVERSIDAD DEL VALLE","2019-07-01","","26.70833333"
"UNIVERSIDAD DEL VALLE","2019-06-30","","26.91666667"
"UNIVERSIDAD DEL VALLE","2019-06-29","","29.20833333"
"UNIVERSIDAD DEL VALLE","2019-06-28","","27.86956522"
"UNIVERSIDAD DEL VALLE","2019-06-27","","31.0"
"UNIVERSIDAD DEL VALLE","2019-06-26","","25.58333333"
"UNIVERSIDAD DEL VALLE","2019-06-25","","23.08333333"
"UNIVERSIDAD DEL VALLE","2019-06-24","","27.20833333"
"UNIVERSIDAD DEL VALLE","2019-06-23","","27.20833333"
"UNIVERSIDAD DEL VALLE","2019-06-22","","34.16666667"
"UNIVERSIDAD DEL VALLE","2019-06-21","","37.58333333"
"UNIVERSIDAD DEL VALLE","2019-06-20","","37.20833333"
"UNIVERSIDAD DEL VALLE","2019-06-19","","29.04166667"
"UNIVERSIDAD DEL VALLE","2019-06-18","","29.875"
"UNIVERSIDAD DEL VALLE","2019-06-17","","25.0"
"UNIVERSIDAD DEL VALLE","2019-06-16","","25.45833333"
"UNIVERSIDAD DEL VALLE","2019-06-15","","24.33333333"
"UNIVERSIDAD DEL VALLE","2019-06-14","","26.0"
"UNIVERSIDAD DEL VALLE","2019-06-13","","26.5"
"UNIVERSIDAD DEL VALLE","2019-06-12","","27.22727273"
"UNIVERSIDAD DEL VALLE","2019-06-11","","26.375"
"UNIVERSIDAD DEL VALLE","2019-06-10","","24.5"
"UNIVERSIDAD DEL VALLE","2019-06-09","","25.42105263"
"UNIVERSIDAD DEL VALLE","2019-06-08","","29.58333333"
"UNIVERSIDAD DEL VALLE","2019-06-07","","20.625"
"UNIVERSIDAD DEL VALLE","2019-06-06","","22.79166667"
"UNIVERSIDAD DEL VALLE","2019-06-05","","22.91666667"
"UNIVERSIDAD DEL VALLE","2019-06-04","","26.26086957"
"UNIVERSIDAD DEL VALLE","2019-06-03","","22.41666667"
"UNIVERSIDAD DEL VALLE","2019-06-02","","23.29166667"
"UNIVERSIDAD DEL VALLE","2019-06-01","","23.625"
"UNIVERSIDAD DEL VALLE","2019-05-31","","18.04166667"
"UNIVERSIDAD DEL VALLE","2019-05-30","","27.625"
"UNIVERSIDAD DEL VALLE","2019-05-29","","23.0"
"UNIVERSIDAD DEL VALLE","2019-05-28","","20.13636364"
"UNIVERSIDAD DEL VALLE","2019-05-27","","24.25"
"UNIVERSIDAD DEL VALLE","2019-05-26","","23.5"
"UNIVERSIDAD DEL VALLE","2019-05-25","","20.70833333"
"UNIVERSIDAD DEL VALLE","2019-05-24","","23.375"
"UNIVERSIDAD DEL VALLE","2019-05-15","","21.375"
"UNIVERSIDAD DEL VALLE","2019-05-14","","25.29166667"
"UNIVERSIDAD DEL VALLE","2019-05-13","","32.0"
"UNIVERSIDAD DEL VALLE","2019-05-12","","23.41666667"
"UNIVERSIDAD DEL VALLE","2019-05-11","","25.54166667"
"UNIVERSIDAD DEL VALLE","2019-05-10","","19.60869565"
"UNIVERSIDAD DEL VALLE","2019-05-09","","16.89473684"
"UNIVERSIDAD DEL VALLE","2019-05-08","","21.29166667"
"UNIVERSIDAD DEL VALLE","2019-05-07","","30.83333333"
"UNIVERSIDAD DEL VALLE","2019-05-06","","28.5"
"UNIVERSIDAD DEL VALLE","2019-05-05","","29.29166667"
"UNIVERSIDAD DEL VALLE","2019-05-04","","32.625"
"UNIVERSIDAD DEL VALLE","2019-05-03","","32.91666667"
"UNIVERSIDAD DEL VALLE","2019-05-02","","36.58333333"
"UNIVERSIDAD DEL VALLE","2019-05-01","","29.83333333"
"UNIVERSIDAD DEL VALLE","2019-04-24","","17.0"
"UNIVERSIDAD DEL VALLE","2019-04-23","","25.11764706"
"UNIVERSIDAD DEL VALLE","2019-04-22","","23.53333333"
"UNIVERSIDAD DEL VALLE","2019-04-18","","21.66666667"
"UNIVERSIDAD DEL VALLE","2019-04-17","","25.75"
"UNIVERSIDAD DEL VALLE","2019-04-16","","28.16666667"
"UNIVERSIDAD DEL VALLE","2019-04-15","","22.16666667"
"UNIVERSIDAD DEL VALLE","2019-04-14","","23.08333333"
"UNIVERSIDAD DEL VALLE","2019-04-13","","22.70833333"
"UNIVERSIDAD DEL VALLE","2019-04-12","","21.45833333"
"UNIVERSIDAD DEL VALLE","2019-04-11","","27.0"
"UNIVERSIDAD DEL VALLE","2019-04-10","","25.45833333"
"UNIVERSIDAD DEL VALLE","2019-04-09","","19.58333333"
"UNIVERSIDAD DEL VALLE","2019-04-08","","26.06666667"
"UNIVERSIDAD DEL VALLE","2019-04-06","","17.5"
"UNIVERSIDAD DEL VALLE","2019-04-05","","18.5625"
"UNIVERSIDAD DEL VALLE","2019-04-04","","22.5"
"UNIVERSIDAD DEL VALLE","2019-04-03","","26.42857143"
"UNIVERSIDAD DEL VALLE","2019-04-01","","16.0"
"UNIVERSIDAD DEL VALLE","2019-03-28","","34.0"
"UNIVERSIDAD DEL VALLE","2019-03-27","","29.71428571"
"UNIVERSIDAD DEL VALLE","2019-03-23","","30.53846154"
"UNIVERSIDAD DEL VALLE","2019-03-22","","15.86666667"
"UNIVERSIDAD DEL VALLE","2019-03-21","","26.375"
"UNIVERSIDAD DEL VALLE","2019-03-20","","23.0"
"UNIVERSIDAD DEL VALLE","2019-03-19","","14.41666667"
"UNIVERSIDAD DEL VALLE","2019-03-18","","22.20833333"
"UNIVERSIDAD DEL VALLE","2019-03-17","","24.875"
"UNIVERSIDAD DEL VALLE","2019-03-16","","27.125"
"UNIVERSIDAD DEL VALLE","2019-03-15","","20.95833333"
"UNIVERSIDAD DEL VALLE","2019-03-14","","18.58333333"
"UNIVERSIDAD DEL VALLE","2019-03-13","","29.70833333"
"UNIVERSIDAD DEL VALLE","2019-03-12","","29.125"
"UNIVERSIDAD DEL VALLE","2019-03-11","","20.20833333"
"UNIVERSIDAD DEL VALLE","2019-03-10","","22.79166667"
"UNIVERSIDAD DEL VALLE","2019-03-09","","33.04166667"
"UNIVERSIDAD DEL VALLE","2019-03-08","","27.20833333"
"UNIVERSIDAD DEL VALLE","2019-03-07","","29.0"
"UNIVERSIDAD DEL VALLE","2019-03-06","","24.76190476"
"UNIVERSIDAD DEL VALLE","2019-03-05","","31.5"
"UNIVERSIDAD DEL VALLE","2019-03-04","","23.46666667"
"UNIVERSIDAD DEL VALLE","2019-03-03","","27.0"
"UNIVERSIDAD DEL VALLE","2019-03-02","","22.125"
"UNIVERSIDAD DEL VALLE","2019-03-01","","21.33333333"
"UNIVERSIDAD DEL VALLE","2019-02-28","","18.0"
"UNIVERSIDAD DEL VALLE","2019-02-27","","14.91666667"
"UNIVERSIDAD DEL VALLE","2019-02-26","","14.58333333"
"UNIVERSIDAD DEL VALLE","2019-02-25","","16.52173913"
"UNIVERSIDAD DEL VALLE","2019-02-24","","16.91666667"
"UNIVERSIDAD DEL VALLE","2019-02-23","","15.5"
"UNIVERSIDAD DEL VALLE","2019-02-22","","17.125"
"UNIVERSIDAD DEL VALLE","2019-02-21","","18.26086957"
"UNIVERSIDAD DEL VALLE","2019-02-20","","20.33333333"
"UNIVERSIDAD DEL VALLE","2019-02-19","","16.95833333"
"UNIVERSIDAD DEL VALLE","2019-02-18","","16.16666667"
"UNIVERSIDAD DEL VALLE","2019-02-17","","14.45833333"
"UNIVERSIDAD DEL VALLE","2019-02-16","","19.625"
"UNIVERSIDAD DEL VALLE","2019-02-15","","21.83333333"
"UNIVERSIDAD DEL VALLE","2019-02-14","","21.66666667"
"UNIVERSIDAD DEL VALLE","2019-02-13","","21.83333333"
"UNIVERSIDAD DEL VALLE","2019-02-12","","18.68181818"
"UNIVERSIDAD DEL VALLE","2019-02-11","","20.4"
"UNIVERSIDAD DEL VALLE","2019-02-10","","14.76190476"
"UNIVERSIDAD DEL VALLE","2019-02-09","","19.20833333"
"UNIVERSIDAD DEL VALLE","2019-02-08","","14.08333333"
"UNIVERSIDAD DEL VALLE","2019-02-07","","20.20833333"
"UNIVERSIDAD DEL VALLE","2019-02-06","","25.41666667"
"UNIVERSIDAD DEL VALLE","2019-02-05","","28.95652174"
"UNIVERSIDAD DEL VALLE","2019-02-04","","23.0"
"UNIVERSIDAD DEL VALLE","2019-02-03","","20.95833333"
"UNIVERSIDAD DEL VALLE","2019-02-02","","21.91666667"
"UNIVERSIDAD DEL VALLE","2019-02-01","","15.04166667"
"UNIVERSIDAD DEL VALLE","2019-01-31","","18.08333333"
"UNIVERSIDAD DEL VALLE","2019-01-30","","18.95454545"
"UNIVERSIDAD DEL VALLE","2019-01-29","","24.91666667"
"UNIVERSIDAD DEL VALLE","2019-01-28","","13.29166667"
"UNIVERSIDAD DEL VALLE","2019-01-27","","17.45833333"
"UNIVERSIDAD DEL VALLE","2019-01-26","","23.66666667"
"UNIVERSIDAD DEL VALLE","2019-01-25","","23.58333333"
"UNIVERSIDAD DEL VALLE","2019-01-24","","22.79166667"
"UNIVERSIDAD DEL VALLE","2019-01-23","","23.33333333"
"UNIVERSIDAD DEL VALLE","2019-01-22","","21.66666667"
"UNIVERSIDAD DEL VALLE","2019-01-21","","19.0"
"UNIVERSIDAD DEL VALLE","2019-01-20","","16.33333333"
"UNIVERSIDAD DEL VALLE","2019-01-19","","24.83333333"
"UNIVERSIDAD DEL VALLE","2019-01-18","","23.375"
"UNIVERSIDAD DEL VALLE","2019-01-17","","20.95833333"
"UNIVERSIDAD DEL VALLE","2019-01-16","","17.25"
"UNIVERSIDAD DEL VALLE","2019-01-15","","17.375"
"UNIVERSIDAD DEL VALLE","2019-01-14","","14.86666667"
"UNIVERSIDAD DEL VALLE","2019-01-12","","23.41666667"
"UNIVERSIDAD DEL VALLE","2019-01-11","","20.08333333"
"UNIVERSIDAD DEL VALLE","2019-01-10","","19.75"
"UNIVERSIDAD DEL VALLE","2019-01-09","","13.125"
"UNIVERSIDAD DEL VALLE","2019-01-08","","19.0"
"UNIVERSIDAD DEL VALLE","2019-01-07","","20.125"
"UNIVERSIDAD DEL VALLE","2019-01-06","","21.29166667"
"UNIVERSIDAD DEL VALLE","2019-01-05","","25.66666667"
"UNIVERSIDAD DEL VALLE","2019-01-04","","30.45833333"
"UNIVERSIDAD DEL VALLE","2019-01-03","","18.5"
"UNIVERSIDAD DEL VALLE","2019-01-02","","19.41666667"
"UNIVERSIDAD DEL VALLE","2019-01-01","","24.625"
"UNIVERSIDAD DEL VALLE","2018-12-31","","26.08333333"
"UNIVERSIDAD DEL VALLE","2018-12-30","","24.0"
"UNIVERSIDAD DEL VALLE","2018-12-29","","21.83333333"
"UNIVERSIDAD DEL VALLE","2018-12-28","","24.29166667"
"UNIVERSIDAD DEL VALLE","2018-12-27","","24.91666667"
"UNIVERSIDAD DEL VALLE","2018-12-26","","23.66666667"
"UNIVERSIDAD DEL VALLE","2018-12-25","","24.66666667"
"UNIVERSIDAD DEL VALLE","2018-12-24","","25.16666667"
"UNIVERSIDAD DEL VALLE","2018-12-23","","21.79166667"
"UNIVERSIDAD DEL VALLE","2018-12-22","","19.29166667"
"UNIVERSIDAD DEL VALLE","2018-12-21","","18.66666667"
"UNIVERSIDAD DEL VALLE","2018-12-20","","17.33333333"
"UNIVERSIDAD DEL VALLE","2018-12-19","","24.33333333"
"UNIVERSIDAD DEL VALLE","2018-12-18","","23.20833333"
"UNIVERSIDAD DEL VALLE","2018-12-17","","19.06666667"
"UNIVERSIDAD DEL VALLE","2018-12-16","","31.625"
"UNIVERSIDAD DEL VALLE","2018-12-15","","34.33333333"
"UNIVERSIDAD DEL VALLE","2018-12-14","","30.70833333"
"UNIVERSIDAD DEL VALLE","2018-12-13","","31.58333333"
"UNIVERSIDAD DEL VALLE","2018-12-12","","35.875"
"UNIVERSIDAD DEL VALLE","2018-12-11","","35.70833333"
"UNIVERSIDAD DEL VALLE","2018-12-10","","33.69565217"
"UNIVERSIDAD DEL VALLE","2018-12-09","","31.41666667"
"UNIVERSIDAD DEL VALLE","2018-12-08","","28.54166667"
"UNIVERSIDAD DEL VALLE","2018-12-07","","24.08333333"
"UNIVERSIDAD DEL VALLE","2018-12-06","","18.72727273"
"UNIVERSIDAD DEL VALLE","2018-12-05","","18.08333333"
"UNIVERSIDAD DEL VALLE","2018-12-04","","21.95652174"
"UNIVERSIDAD DEL VALLE","2018-12-03","","23.41666667"
"UNIVERSIDAD DEL VALLE","2018-12-02","","21.25"
"UNIVERSIDAD DEL VALLE","2018-12-01","","21.70833333"
"UNIVERSIDAD DEL VALLE","2018-11-30","","20.75"
"UNIVERSIDAD DEL VALLE","2018-11-29","","33.54166667"
"UNIVERSIDAD DEL VALLE","2018-11-28","","32.20833333"
"UNIVERSIDAD DEL VALLE","2018-11-27","","20.83333333"
"UNIVERSIDAD DEL VALLE","2018-11-26","","23.08333333"
"UNIVERSIDAD DEL VALLE","2018-11-25","","19.86956522"
"UNIVERSIDAD DEL VALLE","2018-11-24","","23.83333333"
"UNIVERSIDAD DEL VALLE","2018-11-23","","28.83333333"
"UNIVERSIDAD DEL VALLE","2018-11-22","","25.5"
"UNIVERSIDAD DEL VALLE","2018-11-21","","22.70833333"
"UNIVERSIDAD DEL VALLE","2018-11-20","","30.95652174"
"UNIVERSIDAD DEL VALLE","2018-11-19","","28.875"
"UNIVERSIDAD DEL VALLE","2018-11-18","","25.70833333"
"UNIVERSIDAD DEL VALLE","2018-11-17","","29.29166667"
"UNIVERSIDAD DEL VALLE","2018-11-16","","30.08333333"
"UNIVERSIDAD DEL VALLE","2018-11-15","","30.41666667"
"UNIVERSIDAD DEL VALLE","2018-11-14","","21.08333333"
"UNIVERSIDAD DEL VALLE","2018-11-13","","24.16666667"
"UNIVERSIDAD DEL VALLE","2018-11-12","","20.625"
"UNIVERSIDAD DEL VALLE","2018-11-11","","22.875"
"UNIVERSIDAD DEL VALLE","2018-11-10","","25.54166667"
"UNIVERSIDAD DEL VALLE","2018-11-09","","21.95833333"
"UNIVERSIDAD DEL VALLE","2018-11-08","","26.41666667"
"UNIVERSIDAD DEL VALLE","2018-11-07","","24.79166667"
"UNIVERSIDAD DEL VALLE","2018-11-06","","24.69565217"
"UNIVERSIDAD DEL VALLE","2018-11-05","","15.79166667"
"UNIVERSIDAD DEL VALLE","2018-11-04","","18.375"
"UNIVERSIDAD DEL VALLE","2018-11-03","","19.54166667"
"UNIVERSIDAD DEL VALLE","2018-11-02","","20.375"
"UNIVERSIDAD DEL VALLE","2018-11-01","","22.41666667"
"UNIVERSIDAD DEL VALLE","2018-10-31","","23.72727273"
"UNIVERSIDAD DEL VALLE","2018-10-30","","23.875"
"UNIVERSIDAD DEL VALLE","2018-10-29","","22.625"
"UNIVERSIDAD DEL VALLE","2018-10-28","","20.41666667"
"UNIVERSIDAD DEL VALLE","2018-10-27","","20.54166667"
"UNIVERSIDAD DEL VALLE","2018-10-26","","25.75"
"UNIVERSIDAD DEL VALLE","2018-10-25","","25.45833333"
"UNIVERSIDAD DEL VALLE","2018-10-24","","21.41666667"
"UNIVERSIDAD DEL VALLE","2018-10-23","","19.95833333"
"UNIVERSIDAD DEL VALLE","2018-10-22","","20.0"
"UNIVERSIDAD DEL VALLE","2018-10-20","","24.86666667"
"UNIVERSIDAD DEL VALLE","2018-10-19","","26.9"
"UNIVERSIDAD DEL VALLE","2018-10-18","","23.54166667"
"UNIVERSIDAD DEL VALLE","2018-10-17","","24.0"
"UNIVERSIDAD DEL VALLE","2018-10-16","","21.41666667"
"UNIVERSIDAD DEL VALLE","2018-10-15","","24.08333333"
"UNIVERSIDAD DEL VALLE","2018-10-14","","24.29166667"
"UNIVERSIDAD DEL VALLE","2018-10-13","","21.70833333"
"UNIVERSIDAD DEL VALLE","2018-10-12","","27.70833333"
"UNIVERSIDAD DEL VALLE","2018-10-11","","26.04166667"
"UNIVERSIDAD DEL VALLE","2018-10-10","","16.875"
"UNIVERSIDAD DEL VALLE","2018-10-09","","25.45833333"
"UNIVERSIDAD DEL VALLE","2018-10-08","","23.91666667"
"UNIVERSIDAD DEL VALLE","2018-10-07","","32.5"
"UNIVERSIDAD DEL VALLE","2018-10-06","","24.75"
"UNIVERSIDAD DEL VALLE","2018-10-05","","18.625"
"UNIVERSIDAD DEL VALLE","2018-10-04","","19.73333333"
"UNIVERSIDAD DEL VALLE","2018-10-03","","25.58333333"
"UNIVERSIDAD DEL VALLE","2018-10-02","","19.65217391"
"UNIVERSIDAD DEL VALLE","2018-10-01","","16.04347826"
"UNIVERSIDAD DEL VALLE","2018-09-30","","17.125"
"UNIVERSIDAD DEL VALLE","2018-09-29","","19.875"
"UNIVERSIDAD DEL VALLE","2018-09-28","","18.70833333"
"UNIVERSIDAD DEL VALLE","2018-09-27","","20.52173913"
"UNIVERSIDAD DEL VALLE","2018-09-26","","24.91666667"
"UNIVERSIDAD DEL VALLE","2018-09-25","","26.29166667"
"UNIVERSIDAD DEL VALLE","2018-09-24","","20.41666667"
"UNIVERSIDAD DEL VALLE","2018-09-23","","18.16666667"
"UNIVERSIDAD DEL VALLE","2018-09-22","","19.54166667"
"UNIVERSIDAD DEL VALLE","2018-09-21","","19.08333333"
"UNIVERSIDAD DEL VALLE","2018-09-20","","21.91666667"
"UNIVERSIDAD DEL VALLE","2018-09-19","","16.0"
"UNIVERSIDAD DEL VALLE","2018-09-18","","21.41666667"
"UNIVERSIDAD DEL VALLE","2018-09-17","","22.20833333"
"UNIVERSIDAD DEL VALLE","2018-09-16","","21.0"
"UNIVERSIDAD DEL VALLE","2018-09-13","","17.11111111"
"UNIVERSIDAD DEL VALLE","2018-09-12","","24.42857143"
"UNIVERSIDAD DEL VALLE","2018-09-11","","23.0"
"UNIVERSIDAD DEL VALLE","2018-09-10","","19.93333333"
"UNIVERSIDAD DEL VALLE","2018-09-07","","18.8"
"UNIVERSIDAD DEL VALLE","2018-09-06","","19.2"
"UNIVERSIDAD DEL VALLE","2018-09-05","","19.58333333"
"UNIVERSIDAD DEL VALLE","2018-09-04","","19.95833333"
"UNIVERSIDAD DEL VALLE","2018-09-03","","15.06666667"
"UNIVERSIDAD DEL VALLE","2018-09-02","","21.69565217"
"UNIVERSIDAD DEL VALLE","2018-09-01","","28.08333333"
"UNIVERSIDAD DEL VALLE","2018-08-31","","27.39130435"
"UNIVERSIDAD DEL VALLE","2018-08-30","","28.58333333"
"UNIVERSIDAD DEL VALLE","2018-08-29","","16.71428571"
"UNIVERSIDAD DEL VALLE","2018-08-28","","31.66666667"
"UNIVERSIDAD DEL VALLE","2018-08-27","","24.60869565"
"UNIVERSIDAD DEL VALLE","2018-08-26","","28.875"
"UNIVERSIDAD DEL VALLE","2018-08-25","","27.25"
"UNIVERSIDAD DEL VALLE","2018-08-24","","26.29166667"
"UNIVERSIDAD DEL VALLE","2018-08-23","","32.0"
"UNIVERSIDAD DEL VALLE","2018-08-22","","32.82608696"
"UNIVERSIDAD DEL VALLE","2018-08-21","","29.56521739"
"UNIVERSIDAD DEL VALLE","2018-08-20","","28.33333333"
"UNIVERSIDAD DEL VALLE","2018-08-19","","28.41666667"
"UNIVERSIDAD DEL VALLE","2018-08-18","","30.08333333"
"UNIVERSIDAD DEL VALLE","2018-08-17","","34.86956522"
"UNIVERSIDAD DEL VALLE","2018-08-16","","33.375"
"UNIVERSIDAD DEL VALLE","2018-08-15","","25.52173913"
"UNIVERSIDAD DEL VALLE","2018-08-14","","27.58333333"
"UNIVERSIDAD DEL VALLE","2018-08-13","","27.11764706"
"UNIVERSIDAD DEL VALLE","2018-08-12","","21.42857143"
"UNIVERSIDAD DEL VALLE","2018-08-11","","27.58333333"
"UNIVERSIDAD DEL VALLE","2018-08-10","","24.0"
"UNIVERSIDAD DEL VALLE","2018-08-09","","29.86363636"
"UNIVERSIDAD DEL VALLE","2018-08-08","","22.95652174"
"UNIVERSIDAD DEL VALLE","2018-08-07","","26.04166667"
"UNIVERSIDAD DEL VALLE","2018-08-06","","28.41666667"
"UNIVERSIDAD DEL VALLE","2018-08-05","","29.5625"
"UNIVERSIDAD DEL VALLE","2018-08-04","","20.33333333"
"UNIVERSIDAD DEL VALLE","2018-08-03","","20.90909091"
"UNIVERSIDAD DEL VALLE","2018-08-02","","25.66666667"
"UNIVERSIDAD DEL VALLE","2018-08-01","","26.04166667"
"UNIVERSIDAD DEL VALLE","2018-07-31","","17.29166667"
"UNIVERSIDAD DEL VALLE","2018-07-30","","20.88888889"
"UNIVERSIDAD DEL VALLE","2018-07-27","","38.33333333"
"UNIVERSIDAD DEL VALLE","2018-07-26","","26.0"
"UNIVERSIDAD DEL VALLE","2018-07-25","","25.25"
"UNIVERSIDAD DEL VALLE","2018-07-24","","19.70833333"
"UNIVERSIDAD DEL VALLE","2018-07-23","","21.22222222"
"UNIVERSIDAD DEL VALLE","2018-07-22","","20.20833333"
"UNIVERSIDAD DEL VALLE","2018-07-21","","19.29166667"
"UNIVERSIDAD DEL VALLE","2018-07-20","","21.41666667"
"UNIVERSIDAD DEL VALLE","2018-07-19","","27.95652174"
"UNIVERSIDAD DEL VALLE","2018-07-18","","29.83333333"
"UNIVERSIDAD DEL VALLE","2018-07-17","","30.66666667"
"UNIVERSIDAD DEL VALLE","2018-07-16","","21.66666667"
"UNIVERSIDAD DEL VALLE","2018-07-15","","24.91304348"
"UNIVERSIDAD DEL VALLE","2018-07-14","","30.66666667"
"UNIVERSIDAD DEL VALLE","2018-07-13","","30.75"
"UNIVERSIDAD DEL VALLE","2018-07-12","","33.04166667"
"UNIVERSIDAD DEL VALLE","2018-07-11","","29.375"
"UNIVERSIDAD DEL VALLE","2018-07-10","","35.16666667"
"UNIVERSIDAD DEL VALLE","2018-07-09","","31.5"
"UNIVERSIDAD DEL VALLE","2018-07-08","","36.25"
"UNIVERSIDAD DEL VALLE","2018-07-07","","35.58333333"
"UNIVERSIDAD DEL VALLE","2018-07-06","","33.875"
"UNIVERSIDAD DEL VALLE","2018-07-05","","35.26086957"
"UNIVERSIDAD DEL VALLE","2018-07-04","","32.5"
"UNIVERSIDAD DEL VALLE","2018-07-03","","31.54166667"
"UNIVERSIDAD DEL VALLE","2018-07-02","","23.79166667"
"UNIVERSIDAD DEL VALLE","2018-07-01","","27.875"
"UNIVERSIDAD DEL VALLE","2018-06-30","","26.33333333"
"UNIVERSIDAD DEL VALLE","2018-06-29","","26.75"
"UNIVERSIDAD DEL VALLE","2018-06-28","","24.25"
"UNIVERSIDAD DEL VALLE","2018-06-27","","25.20833333"
"UNIVERSIDAD DEL VALLE","2018-06-26","","24.58333333"
"UNIVERSIDAD DEL VALLE","2018-06-25","","22.47826087"
"UNIVERSIDAD DEL VALLE","2018-06-24","","28.33333333"
"UNIVERSIDAD DEL VALLE","2018-06-23","","27.95833333"
"UNIVERSIDAD DEL VALLE","2018-06-22","","32.65217391"
"UNIVERSIDAD DEL VALLE","2018-06-21","","29.2173913"
"UNIVERSIDAD DEL VALLE","2018-06-20","","28.375"
"UNIVERSIDAD DEL VALLE","2018-06-19","","23.95833333"
"UNIVERSIDAD DEL VALLE","2018-06-18","","29.29166667"
"UNIVERSIDAD DEL VALLE","2018-06-17","","29.58333333"
"UNIVERSIDAD DEL VALLE","2018-06-16","","32.25"
"UNIVERSIDAD DEL VALLE","2018-06-15","","24.54166667"
"UNIVERSIDAD DEL VALLE","2018-06-14","","35.79166667"
"UNIVERSIDAD DEL VALLE","2018-06-13","","29.83333333"
"UNIVERSIDAD DEL VALLE","2018-06-12","","30.68421053"
"UNIVERSIDAD DEL VALLE","2018-06-10","","20.0"
"UNIVERSIDAD DEL VALLE","2018-06-09","","28.04347826"
"UNIVERSIDAD DEL VALLE","2018-06-08","","24.33333333"
"UNIVERSIDAD DEL VALLE","2018-06-07","","14.69565217"
"UNIVERSIDAD DEL VALLE","2018-06-06","","14.18181818"
"UNIVERSIDAD DEL VALLE","2018-06-05","","23.54166667"
"UNIVERSIDAD DEL VALLE","2018-06-04","","21.66666667"
"UNIVERSIDAD DEL VALLE","2018-06-03","","14.82608696"
"UNIVERSIDAD DEL VALLE","2018-06-02","","22.5"
"UNIVERSIDAD DEL VALLE","2018-06-01","","15.88888889"
"UNIVERSIDAD DEL VALLE","2018-05-30","","13.57142857"
"UNIVERSIDAD DEL VALLE","2018-05-29","","17.33333333"
"UNIVERSIDAD DEL VALLE","2018-05-28","","13.86363636"
"UNIVERSIDAD DEL VALLE","2018-05-27","","13.55"
"UNIVERSIDAD DEL VALLE","2018-05-26","","17.61904762"
"UNIVERSIDAD DEL VALLE","2018-05-25","","17.73913043"
"UNIVERSIDAD DEL VALLE","2018-05-24","","17.4"
"UNIVERSIDAD DEL VALLE","2018-05-22","","28.1"
"UNIVERSIDAD DEL VALLE","2018-05-21","","17.66666667"
"UNIVERSIDAD DEL VALLE","2018-05-20","","17.20833333"
"UNIVERSIDAD DEL VALLE","2018-05-19","","18.90909091"
"UNIVERSIDAD DEL VALLE","2018-05-18","","10.13333333"
"UNIVERSIDAD DEL VALLE","2018-05-17","","14.91666667"
"UNIVERSIDAD DEL VALLE","2018-05-16","","15.45833333"
"UNIVERSIDAD DEL VALLE","2018-05-15","","25.95652174"
"UNIVERSIDAD DEL VALLE","2018-05-14","","26.95238095"
"UNIVERSIDAD DEL VALLE","2018-05-13","","25.16666667"
"UNIVERSIDAD DEL VALLE","2018-05-12","","28.58333333"
"UNIVERSIDAD DEL VALLE","2018-05-11","","29.875"
"UNIVERSIDAD DEL VALLE","2018-05-10","","28.375"
"UNIVERSIDAD DEL VALLE","2018-05-09","","27.0"
"UNIVERSIDAD DEL VALLE","2018-05-08","","27.2"
"UNIVERSIDAD DEL VALLE","2018-05-07","","19.0"
"UNIVERSIDAD DEL VALLE","2018-05-06","","28.8"
"UNIVERSIDAD DEL VALLE","2018-05-05","","26.07142857"
"UNIVERSIDAD DEL VALLE","2018-05-04","","25.46666667"
"UNIVERSIDAD DEL VALLE","2018-05-03","","27.86666667"
"UNIVERSIDAD DEL VALLE","2018-05-02","","29.53846154"
"UNIVERSIDAD DEL VALLE","2018-05-01","","29.52941176"
"UNIVERSIDAD DEL VALLE","2018-04-30","","32.38888889"
"UNIVERSIDAD DEL VALLE","2018-04-29","","26.79166667"
"UNIVERSIDAD DEL VALLE","2018-04-28","","29.2173913"
"UNIVERSIDAD DEL VALLE","2018-04-27","","24.04761905"
"UNIVERSIDAD DEL VALLE","2018-04-26","","32.75"
"UNIVERSIDAD DEL VALLE","2018-04-25","","34.26086957"
"UNIVERSIDAD DEL VALLE","2018-04-24","","26.22727273"
"UNIVERSIDAD DEL VALLE","2018-04-23","","29.65217391"
"UNIVERSIDAD DEL VALLE","2018-04-22","","31.125"
"UNIVERSIDAD DEL VALLE","2018-04-21","","38.95652174"
"UNIVERSIDAD DEL VALLE","2018-04-20","","30.33333333"
"UNIVERSIDAD DEL VALLE","2018-04-19","","39.625"
"UNIVERSIDAD DEL VALLE","2018-04-18","","38.58333333"
"UNIVERSIDAD DEL VALLE","2018-04-17","","31.83333333"
"UNIVERSIDAD DEL VALLE","2018-04-16","","28.83333333"
"UNIVERSIDAD DEL VALLE","2018-04-15","","30.08333333"
"UNIVERSIDAD DEL VALLE","2018-04-14","","28.375"
"UNIVERSIDAD DEL VALLE","2018-04-13","","27.75"
"UNIVERSIDAD DEL VALLE","2018-04-12","","25.5"
"UNIVERSIDAD DEL VALLE","2018-04-11","","26.22727273"
"UNIVERSIDAD DEL VALLE","2018-04-10","","28.16666667"
"UNIVERSIDAD DEL VALLE","2018-04-09","","34.0"
"UNIVERSIDAD DEL VALLE","2018-04-08","","27.125"
"UNIVERSIDAD DEL VALLE","2018-04-07","","29.95833333"
"UNIVERSIDAD DEL VALLE","2018-04-06","","23.54166667"
"UNIVERSIDAD DEL VALLE","2018-04-05","","29.70833333"
"UNIVERSIDAD DEL VALLE","2018-04-04","","31.75"
"UNIVERSIDAD DEL VALLE","2018-04-03","","28.375"
"UNIVERSIDAD DEL VALLE","2018-04-02","","24.0"
"UNIVERSIDAD DEL VALLE","2018-03-30","","33.6875"
"UNIVERSIDAD DEL VALLE","2018-03-29","","35.91666667"
"UNIVERSIDAD DEL VALLE","2018-03-28","","33.33333333"
"UNIVERSIDAD DEL VALLE","2018-03-27","","33.66666667"
"UNIVERSIDAD DEL VALLE","2018-03-26","","31.60869565"
"UNIVERSIDAD DEL VALLE","2018-03-25","","34.29166667"
"UNIVERSIDAD DEL VALLE","2018-03-24","","32.75"
"UNIVERSIDAD DEL VALLE","2018-03-23","","36.04166667"
"UNIVERSIDAD DEL VALLE","2018-03-22","","28.33333333"
"UNIVERSIDAD DEL VALLE","2018-03-21","","34.91666667"
"UNIVERSIDAD DEL VALLE","2018-03-20","","30.95833333"
"UNIVERSIDAD DEL VALLE","2018-03-19","","30.0"
"UNIVERSIDAD DEL VALLE","2018-03-18","","29.79166667"
"UNIVERSIDAD DEL VALLE","2018-03-17","","31.875"
"UNIVERSIDAD DEL VALLE","2018-03-16","","34.29166667"
"UNIVERSIDAD DEL VALLE","2018-03-15","","26.125"
"UNIVERSIDAD DEL VALLE","2018-03-14","","28.43478261"
"UNIVERSIDAD DEL VALLE","2018-03-13","","23.41666667"
"UNIVERSIDAD DEL VALLE","2018-03-12","","24.47826087"
"UNIVERSIDAD DEL VALLE","2018-03-11","","26.75"
"UNIVERSIDAD DEL VALLE","2018-03-10","","32.08333333"
"UNIVERSIDAD DEL VALLE","2018-03-09","","33.16666667"
"UNIVERSIDAD DEL VALLE","2018-03-08","","27.08695652"
"UNIVERSIDAD DEL VALLE","2018-03-07","","29.0"
"UNIVERSIDAD DEL VALLE","2018-03-06","","28.08695652"
"UNIVERSIDAD DEL VALLE","2018-03-05","","22.82608696"
"UNIVERSIDAD DEL VALLE","2018-03-04","","24.86956522"
"UNIVERSIDAD DEL VALLE","2018-03-03","","28.45833333"
"UNIVERSIDAD DEL VALLE","2018-03-02","","30.5"
"UNIVERSIDAD DEL VALLE","2018-03-01","","27.16666667"
"UNIVERSIDAD DEL VALLE","2018-02-28","","26.75"
"UNIVERSIDAD DEL VALLE","2018-02-27","","22.90909091"
"UNIVERSIDAD DEL VALLE","2018-02-26","","21.56521739"
"UNIVERSIDAD DEL VALLE","2018-02-25","","15.20833333"
"UNIVERSIDAD DEL VALLE","2018-02-24","","14.13043478"
"UNIVERSIDAD DEL VALLE","2018-02-23","","22.85"
"UNIVERSIDAD DEL VALLE","2018-02-22","","18.4"
"UNIVERSIDAD DEL VALLE","2018-02-17","","16.63636364"
"UNIVERSIDAD DEL VALLE","2018-02-16","","17.09090909"
"UNIVERSIDAD DEL VALLE","2018-02-15","","21.86956522"
"UNIVERSIDAD DEL VALLE","2018-02-14","","25.66666667"
"UNIVERSIDAD DEL VALLE","2018-02-13","","28.16666667"
"UNIVERSIDAD DEL VALLE","2018-02-12","","21.13333333"
"UNIVERSIDAD DEL VALLE","2018-02-11","","17.0"
"UNIVERSIDAD DEL VALLE","2018-02-10","","21.52173913"
"UNIVERSIDAD DEL VALLE","2018-02-09","","20.60869565"
"UNIVERSIDAD DEL VALLE","2018-02-08","","17.73913043"
"UNIVERSIDAD DEL VALLE","2018-02-07","","13.22727273"
"UNIVERSIDAD DEL VALLE","2018-02-06","","13.26086957"
"UNIVERSIDAD DEL VALLE","2018-02-05","","14.86666667"
"UNIVERSIDAD DEL VALLE","2018-02-02","","19.61538462"
"UNIVERSIDAD DEL VALLE","2018-02-01","","21.45833333"
"UNIVERSIDAD DEL VALLE","2018-01-31","","22.875"
"UNIVERSIDAD DEL VALLE","2018-01-30","","20.25"
"UNIVERSIDAD DEL VALLE","2018-01-29","","19.13043478"
"UNIVERSIDAD DEL VALLE","2018-01-28","","31.63636364"
"UNIVERSIDAD DEL VALLE","2018-01-27","","33.45833333"
"UNIVERSIDAD DEL VALLE","2018-01-26","","28.45833333"
"UNIVERSIDAD DEL VALLE","2018-01-25","","23.40909091"
"UNIVERSIDAD DEL VALLE","2018-01-24","","23.0"
"UNIVERSIDAD DEL VALLE","2018-01-23","","19.91666667"
"UNIVERSIDAD DEL VALLE","2018-01-22","","22.75"
"UNIVERSIDAD DEL VALLE","2018-01-21","","19.625"
"UNIVERSIDAD DEL VALLE","2018-01-20","","19.68421053"
"UNIVERSIDAD DEL VALLE","2018-01-19","","12.7"
"UNIVERSIDAD DEL VALLE","2018-01-18","","10.07142857"
"UNIVERSIDAD DEL VALLE","2018-01-17","","9.5"
"UNIVERSIDAD DEL VALLE","2018-01-16","","5.5"
"UNIVERSIDAD DEL VALLE","2018-01-15","","16.47368421"
"UNIVERSIDAD DEL VALLE","2018-01-14","","16.58333333"
"UNIVERSIDAD DEL VALLE","2018-01-13","","12.375"
"UNIVERSIDAD DEL VALLE","2018-01-12","","16.25"
"UNIVERSIDAD DEL VALLE","2018-01-11","","15.68421053"
"UNIVERSIDAD DEL VALLE","2018-01-10","","13.625"
"UNIVERSIDAD DEL VALLE","2018-01-09","","12.38888889"
"UNIVERSIDAD DEL VALLE","2018-01-08","","15.08333333"
"UNIVERSIDAD DEL VALLE","2018-01-07","","18.875"
"UNIVERSIDAD DEL VALLE","2018-01-06","","22.875"
"UNIVERSIDAD DEL VALLE","2018-01-05","","16.26086957"
"UNIVERSIDAD DEL VALLE","2018-01-04","","17.16666667"
"UNIVERSIDAD DEL VALLE","2018-01-03","","15.0"
"UNIVERSIDAD DEL VALLE","2018-01-02","","16.16666667"
"UNIVERSIDAD DEL VALLE","2018-01-01","","18.625"
"UNIVERSIDAD DEL VALLE","2017-12-31","","16.0"
"UNIVERSIDAD DEL VALLE","2017-12-30","","19.73913043"
"UNIVERSIDAD DEL VALLE","2017-12-29","","18.0"
"UNIVERSIDAD DEL VALLE","2017-12-28","","15.8"
"UNIVERSIDAD DEL VALLE","2017-12-27","","20.08333333"
"UNIVERSIDAD DEL VALLE","2017-12-26","","13.9375"
"UNIVERSIDAD DEL VALLE","2017-12-25","","17.9"
"UNIVERSIDAD DEL VALLE","2017-12-24","","21.83333333"
"UNIVERSIDAD DEL VALLE","2017-12-23","","21.91666667"
"UNIVERSIDAD DEL VALLE","2017-12-22","","22.17391304"
"UNIVERSIDAD DEL VALLE","2017-12-21","","23.45833333"
"UNIVERSIDAD DEL VALLE","2017-12-20","","23.65217391"
"UNIVERSIDAD DEL VALLE","2017-12-19","","24.0"
"UNIVERSIDAD DEL VALLE","2017-12-18","","27.80952381"
"UNIVERSIDAD DEL VALLE","2017-12-17","","29.0"
"UNIVERSIDAD DEL VALLE","2017-12-16","","34.16666667"
"UNIVERSIDAD DEL VALLE","2017-12-15","","31.83333333"
"UNIVERSIDAD DEL VALLE","2017-12-14","","25.86956522"
"UNIVERSIDAD DEL VALLE","2017-12-13","","26.16666667"
"UNIVERSIDAD DEL VALLE","2017-12-12","","13.47619048"
"UNIVERSIDAD DEL VALLE","2017-12-11","","12.30769231"
"UNIVERSIDAD DEL VALLE","2017-12-10","","10.85714286"
"UNIVERSIDAD DEL VALLE","2017-12-09","","9.6"
"UNIVERSIDAD DEL VALLE","2017-12-08","","13.85714286"
"UNIVERSIDAD DEL VALLE","2017-12-07","","14.27777778"
"UNIVERSIDAD DEL VALLE","2017-12-06","","17.52173913"
"UNIVERSIDAD DEL VALLE","2017-12-05","","22.09090909"
"UNIVERSIDAD DEL VALLE","2017-12-04","","28.92307692"
"UNIVERSIDAD DEL VALLE","2017-12-03","","20.42857143"
"UNIVERSIDAD DEL VALLE","2017-12-02","","20.69565217"
"UNIVERSIDAD DEL VALLE","2017-12-01","","16.47826087"
"UNIVERSIDAD DEL VALLE","2017-11-30","","16.95833333"
"UNIVERSIDAD DEL VALLE","2017-11-29","","15.5"
"UNIVERSIDAD DEL VALLE","2017-11-28","","22.16666667"
"UNIVERSIDAD DEL VALLE","2017-11-27","","19.41666667"
"UNIVERSIDAD DEL VALLE","2017-11-26","","22.79166667"
"UNIVERSIDAD DEL VALLE","2017-11-25","","28.375"
"UNIVERSIDAD DEL VALLE","2017-11-24","","16.54166667"
"UNIVERSIDAD DEL VALLE","2017-11-23","","15.65217391"
"UNIVERSIDAD DEL VALLE","2017-11-22","","16.25"
"UNIVERSIDAD DEL VALLE","2017-11-21","","15.5"
"UNIVERSIDAD DEL VALLE","2017-11-20","","13.18181818"
"UNIVERSIDAD DEL VALLE","2017-11-19","","13.39130435"
"UNIVERSIDAD DEL VALLE","2017-11-18","","21.69565217"
"UNIVERSIDAD DEL VALLE","2017-11-17","","14.0"
"UNIVERSIDAD DEL VALLE","2017-11-16","","14.75"
"UNIVERSIDAD DEL VALLE","2017-11-15","","16.56521739"
"UNIVERSIDAD DEL VALLE","2017-11-14","","17.90909091"
"UNIVERSIDAD DEL VALLE","2017-11-13","","14.56521739"
"UNIVERSIDAD DEL VALLE","2017-11-12","","18.81818182"
"UNIVERSIDAD DEL VALLE","2017-11-11","","16.33333333"
"UNIVERSIDAD DEL VALLE","2017-11-10","","21.53846154"
"UNIVERSIDAD DEL VALLE","2017-11-09","","16.0"
"UNIVERSIDAD DEL VALLE","2017-11-08","","20.26086957"
"UNIVERSIDAD DEL VALLE","2017-11-07","","19.0"
"UNIVERSIDAD DEL VALLE","2017-11-06","","16.08333333"
"UNIVERSIDAD DEL VALLE","2017-11-05","","20.45"
"UNIVERSIDAD DEL VALLE","2017-11-04","","18.25"
"UNIVERSIDAD DEL VALLE","2017-11-03","","24.26086957"
"UNIVERSIDAD DEL VALLE","2017-11-02","","15.54166667"
"UNIVERSIDAD DEL VALLE","2017-11-01","","29.08695652"
"UNIVERSIDAD DEL VALLE","2017-10-31","","25.43478261"
"UNIVERSIDAD DEL VALLE","2017-10-30","","25.33333333"
"UNIVERSIDAD DEL VALLE","2017-10-29","","34.95833333"
"UNIVERSIDAD DEL VALLE","2017-10-28","","24.91666667"
"UNIVERSIDAD DEL VALLE","2017-10-27","","19.66666667"
"UNIVERSIDAD DEL VALLE","2017-10-26","","23.25"
"UNIVERSIDAD DEL VALLE","2017-10-25","","35.5"
"UNIVERSIDAD DEL VALLE","2017-10-24","","28.86956522"
"UNIVERSIDAD DEL VALLE","2017-10-23","","24.39130435"
"UNIVERSIDAD DEL VALLE","2017-10-22","","18.25"
"UNIVERSIDAD DEL VALLE","2017-10-21","","23.27272727"
"UNIVERSIDAD DEL VALLE","2017-10-20","","28.65217391"
"UNIVERSIDAD DEL VALLE","2017-10-19","","24.30434783"
"UNIVERSIDAD DEL VALLE","2017-10-18","","29.76470588"
"UNIVERSIDAD DEL VALLE","2017-10-17","","24.71428571"
"UNIVERSIDAD DEL VALLE","2017-10-16","","30.66666667"
"UNIVERSIDAD DEL VALLE","2017-10-15","","31.25"
"UNIVERSIDAD DEL VALLE","2017-10-14","","25.66666667"
"UNIVERSIDAD DEL VALLE","2017-10-13","","26.95833333"
"UNIVERSIDAD DEL VALLE","2017-10-12","","23.86956522"
"UNIVERSIDAD DEL VALLE","2017-10-11","","31.33333333"
"UNIVERSIDAD DEL VALLE","2017-10-10","","29.875"
"UNIVERSIDAD DEL VALLE","2017-10-09","","25.0"
"UNIVERSIDAD DEL VALLE","2017-10-08","","24.86956522"
"UNIVERSIDAD DEL VALLE","2017-10-07","","27.08333333"
"UNIVERSIDAD DEL VALLE","2017-10-06","","20.91666667"
"UNIVERSIDAD DEL VALLE","2017-10-05","","15.58333333"
"UNIVERSIDAD DEL VALLE","2017-10-04","","16.79166667"
"UNIVERSIDAD DEL VALLE","2017-10-03","","21.17391304"
"UNIVERSIDAD DEL VALLE","2017-10-02","","22.91666667"
"UNIVERSIDAD DEL VALLE","2017-10-01","","24.59090909"
"UNIVERSIDAD DEL VALLE","2017-09-30","","23.0952381"
"UNIVERSIDAD DEL VALLE","2017-09-29","","19.5"
"UNIVERSIDAD DEL VALLE","2017-09-28","","19.04545455"
"UNIVERSIDAD DEL VALLE","2017-09-27","","27.83333333"
"UNIVERSIDAD DEL VALLE","2017-09-25","","26.625"
"UNIVERSIDAD DEL VALLE","2017-09-23","","31.2"
"UNIVERSIDAD DEL VALLE","2017-09-22","","25.95652174"
"UNIVERSIDAD DEL VALLE","2017-09-21","","20.5"
"UNIVERSIDAD DEL VALLE","2017-09-20","","26.82608696"
"UNIVERSIDAD DEL VALLE","2017-09-19","","25.125"
"UNIVERSIDAD DEL VALLE","2017-09-18","","23.25"
"UNIVERSIDAD DEL VALLE","2017-09-15","","24.66666667"
"UNIVERSIDAD DEL VALLE","2017-09-14","","26.875"
"UNIVERSIDAD DEL VALLE","2017-09-13","","20.8"
"UNIVERSIDAD DEL VALLE","2017-09-12","","25.26666667"
"UNIVERSIDAD DEL VALLE","2017-09-11","","9.22222222"
"UNIVERSIDAD DEL VALLE","2017-09-09","","23.0"
"UNIVERSIDAD DEL VALLE","2017-09-08","","25.875"
"UNIVERSIDAD DEL VALLE","2017-09-07","","24.75"
"UNIVERSIDAD DEL VALLE","2017-09-06","","28.71428571"
"UNIVERSIDAD DEL VALLE","2017-09-05","","35.5"
"UNIVERSIDAD DEL VALLE","2017-09-04","","33.95833333"
"UNIVERSIDAD DEL VALLE","2017-09-03","","31.625"
"UNIVERSIDAD DEL VALLE","2017-09-02","","37.33333333"
"UNIVERSIDAD DEL VALLE","2017-09-01","","33.20833333"
"UNIVERSIDAD DEL VALLE","2017-08-31","","32.625"
"UNIVERSIDAD DEL VALLE","2017-08-30","","33.08333333"
"UNIVERSIDAD DEL VALLE","2017-08-29","","30.04347826"
"UNIVERSIDAD DEL VALLE","2017-08-28","","25.91666667"
"UNIVERSIDAD DEL VALLE","2017-08-27","","29.0"
"UNIVERSIDAD DEL VALLE","2017-08-26","","31.25"
"UNIVERSIDAD DEL VALLE","2017-08-25","","36.375"
"UNIVERSIDAD DEL VALLE","2017-08-24","","30.41666667"
"UNIVERSIDAD DEL VALLE","2017-08-23","","33.33333333"
"UNIVERSIDAD DEL VALLE","2017-08-22","","35.7826087"
"UNIVERSIDAD DEL VALLE","2017-08-21","","29.04166667"
"UNIVERSIDAD DEL VALLE","2017-08-20","","26.5"
"UNIVERSIDAD DEL VALLE","2017-08-19","","27.54166667"
"UNIVERSIDAD DEL VALLE","2017-08-18","","26.08333333"
"UNIVERSIDAD DEL VALLE","2017-08-17","","30.0625"
"UNIVERSIDAD DEL VALLE","2017-08-16","","34.53333333"
"UNIVERSIDAD DEL VALLE","2017-08-15","","29.375"
"UNIVERSIDAD DEL VALLE","2017-08-14","","25.33333333"
"UNIVERSIDAD DEL VALLE","2017-08-13","","30.29166667"
"UNIVERSIDAD DEL VALLE","2017-08-12","","37.0"
"UNIVERSIDAD DEL VALLE","2017-08-11","","30.42857143"
"UNIVERSIDAD DEL VALLE","2017-08-10","","34.20833333"
"UNIVERSIDAD DEL VALLE","2017-08-09","","38.43478261"
"UNIVERSIDAD DEL VALLE","2017-08-08","","30.25"
"UNIVERSIDAD DEL VALLE","2017-08-07","","37.73913043"
"UNIVERSIDAD DEL VALLE","2017-08-06","","36.41666667"
"UNIVERSIDAD DEL VALLE","2017-08-05","","29.17391304"
"UNIVERSIDAD DEL VALLE","2017-08-04","","29.08333333"
"UNIVERSIDAD DEL VALLE","2017-08-03","","34.91666667"
"UNIVERSIDAD DEL VALLE","2017-08-02","","36.0"
"UNIVERSIDAD DEL VALLE","2017-08-01","","29.65217391"
"UNIVERSIDAD DEL VALLE","2017-07-31","","22.0"
"UNIVERSIDAD DEL VALLE","2017-07-30","","28.83333333"
"UNIVERSIDAD DEL VALLE","2017-07-29","","21.58333333"
"UNIVERSIDAD DEL VALLE","2017-07-28","","24.41666667"
"UNIVERSIDAD DEL VALLE","2017-07-27","","26.25"
"UNIVERSIDAD DEL VALLE","2017-07-26","","24.625"
"UNIVERSIDAD DEL VALLE","2017-07-25","","30.43478261"
"UNIVERSIDAD DEL VALLE","2017-07-24","","30.13636364"
"UNIVERSIDAD DEL VALLE","2017-07-23","","27.70833333"
"UNIVERSIDAD DEL VALLE","2017-07-22","","30.91666667"
"UNIVERSIDAD DEL VALLE","2017-07-21","","30.125"
"UNIVERSIDAD DEL VALLE","2017-07-20","","22.25"
"UNIVERSIDAD DEL VALLE","2017-07-19","","24.41666667"
"UNIVERSIDAD DEL VALLE","2017-07-18","","27.33333333"
"UNIVERSIDAD DEL VALLE","2017-07-17","","27.79166667"
"UNIVERSIDAD DEL VALLE","2017-07-16","","26.125"
"UNIVERSIDAD DEL VALLE","2017-07-15","","26.95833333"
"UNIVERSIDAD DEL VALLE","2017-07-14","","24.86956522"
"UNIVERSIDAD DEL VALLE","2017-07-13","","24.875"
"UNIVERSIDAD DEL VALLE","2017-07-12","","25.95833333"
"UNIVERSIDAD DEL VALLE","2017-07-11","","23.625"
"UNIVERSIDAD DEL VALLE","2017-07-10","","21.66666667"
"UNIVERSIDAD DEL VALLE","2017-07-08","","25.3"
"UNIVERSIDAD DEL VALLE","2017-07-07","","23.25"
"UNIVERSIDAD DEL VALLE","2017-07-06","","25.54166667"
"UNIVERSIDAD DEL VALLE","2017-07-05","","22.375"
"UNIVERSIDAD DEL VALLE","2017-07-04","","23.95833333"
"UNIVERSIDAD DEL VALLE","2017-07-03","","21.59090909"
"UNIVERSIDAD DEL VALLE","2017-07-02","","19.0"
"UNIVERSIDAD DEL VALLE","2017-07-01","","24.72727273"
"UNIVERSIDAD DEL VALLE","2017-06-30","","18.5"
"UNIVERSIDAD DEL VALLE","2017-06-29","","23.70833333"
"UNIVERSIDAD DEL VALLE","2017-06-28","","28.16666667"
"UNIVERSIDAD DEL VALLE","2017-06-27","","15.73913043"
"UNIVERSIDAD DEL VALLE","2017-06-26","","17.79166667"
"UNIVERSIDAD DEL VALLE","2017-06-25","","24.69565217"
"UNIVERSIDAD DEL VALLE","2017-06-24","","21.2173913"
"UNIVERSIDAD DEL VALLE","2017-06-23","","24.17391304"
"UNIVERSIDAD DEL VALLE","2017-06-22","","25.25"
"UNIVERSIDAD DEL VALLE","2017-06-21","","24.31818182"
"UNIVERSIDAD DEL VALLE","2017-06-20","","20.0"
"UNIVERSIDAD DEL VALLE","2017-06-15","","30.69230769"
"UNIVERSIDAD DEL VALLE","2017-06-14","","24.0"
"UNIVERSIDAD DEL VALLE","2017-06-13","","23.08333333"
"UNIVERSIDAD DEL VALLE","2017-06-12","","16.25"
"UNIVERSIDAD DEL VALLE","2017-06-11","","18.5"
"UNIVERSIDAD DEL VALLE","2017-06-10","","29.75"
"UNIVERSIDAD DEL VALLE","2017-06-09","","31.26086957"
"UNIVERSIDAD DEL VALLE","2017-06-08","","14.13043478"
"UNIVERSIDAD DEL VALLE","2017-06-07","","20.47826087"
"UNIVERSIDAD DEL VALLE","2017-06-06","","26.04166667"
"UNIVERSIDAD DEL VALLE","2017-06-05","","25.66666667"
"UNIVERSIDAD DEL VALLE","2017-06-04","","15.5"
"UNIVERSIDAD DEL VALLE","2017-06-03","","21.125"
"UNIVERSIDAD DEL VALLE","2017-06-02","","30.7826087"
"UNIVERSIDAD DEL VALLE","2017-06-01","","23.29166667"
"UNIVERSIDAD DEL VALLE","2017-05-31","","21.81818182"
"UNIVERSIDAD DEL VALLE","2017-05-30","","15.13043478"
"UNIVERSIDAD DEL VALLE","2017-05-29","","12.89473684"
"UNIVERSIDAD DEL VALLE","2017-05-28","","13.86363636"
"UNIVERSIDAD DEL VALLE","2017-05-27","","22.57142857"
"UNIVERSIDAD DEL VALLE","2017-05-26","","20.92307692"
"UNIVERSIDAD DEL VALLE","2017-05-25","","20.75"
"UNIVERSIDAD DEL VALLE","2017-05-24","","26.33333333"
"UNIVERSIDAD DEL VALLE","2017-05-23","","23.34782609"
"UNIVERSIDAD DEL VALLE","2017-05-22","","18.15"
"UNIVERSIDAD DEL VALLE","2017-05-21","","14.56521739"
"UNIVERSIDAD DEL VALLE","2017-05-20","","20.57142857"
"UNIVERSIDAD DEL VALLE","2017-05-19","","20.17391304"
"UNIVERSIDAD DEL VALLE","2017-05-18","","18.19047619"
"UNIVERSIDAD DEL VALLE","2017-05-17","","19.75"
"UNIVERSIDAD DEL VALLE","2017-05-16","","11.9047619"
"UNIVERSIDAD DEL VALLE","2017-05-15","","22.06666667"
"UNIVERSIDAD DEL VALLE","2017-05-13","","11.55"
"UNIVERSIDAD DEL VALLE","2017-05-12","","14.73913043"
"UNIVERSIDAD DEL VALLE","2017-05-11","","16.65"
"UNIVERSIDAD DEL VALLE","2017-05-10","","13.14285714"
"UNIVERSIDAD DEL VALLE","2017-05-09","","12.7826087"
"UNIVERSIDAD DEL VALLE","2017-05-08","","18.57142857"
"UNIVERSIDAD DEL VALLE","2017-05-07","","15.875"
"UNIVERSIDAD DEL VALLE","2017-05-06","","17.0952381"
"UNIVERSIDAD DEL VALLE","2017-05-05","","15.3"
"UNIVERSIDAD DEL VALLE","2017-05-04","","20.47058824"
"UNIVERSIDAD DEL VALLE","2017-05-03","","19.05"
"UNIVERSIDAD DEL VALLE","2017-05-02","","12.25"
"UNIVERSIDAD DEL VALLE","2017-05-01","","17.13043478"
"UNIVERSIDAD DEL VALLE","2017-04-30","","20.34782609"
"UNIVERSIDAD DEL VALLE","2017-04-29","","27.26315789"
"UNIVERSIDAD DEL VALLE","2017-04-28","","28.95833333"
"UNIVERSIDAD DEL VALLE","2017-04-27","","24.70833333"
"UNIVERSIDAD DEL VALLE","2017-04-26","","20.95652174"
"UNIVERSIDAD DEL VALLE","2017-04-25","","22.29166667"
"UNIVERSIDAD DEL VALLE","2017-04-24","","25.5"
"UNIVERSIDAD DEL VALLE","2017-04-23","","22.16666667"
"UNIVERSIDAD DEL VALLE","2017-04-22","","26.83333333"
"UNIVERSIDAD DEL VALLE","2017-04-21","","26.83333333"
"UNIVERSIDAD DEL VALLE","2017-04-20","","16.70833333"
"UNIVERSIDAD DEL VALLE","2017-04-19","","17.26086957"
"UNIVERSIDAD DEL VALLE","2017-04-18","","15.54545455"
"UNIVERSIDAD DEL VALLE","2017-04-17","","15.04545455"
"UNIVERSIDAD DEL VALLE","2017-04-16","","20.91666667"
"UNIVERSIDAD DEL VALLE","2017-04-15","","21.70833333"
"UNIVERSIDAD DEL VALLE","2017-04-14","","13.26086957"
"UNIVERSIDAD DEL VALLE","2017-04-13","","19.91666667"
"UNIVERSIDAD DEL VALLE","2017-04-12","","22.58333333"
"UNIVERSIDAD DEL VALLE","2017-04-11","","18.73913043"
"UNIVERSIDAD DEL VALLE","2017-04-10","","40.0"
"UNIVERSIDAD DEL VALLE","2017-04-09","","15.05555556"
"UNIVERSIDAD DEL VALLE","2017-04-08","","24.75"
"UNIVERSIDAD DEL VALLE","2017-04-07","","30.66666667"
"UNIVERSIDAD DEL VALLE","2017-04-06","","31.66666667"
"UNIVERSIDAD DEL VALLE","2017-04-05","","29.41666667"
"UNIVERSIDAD DEL VALLE","2017-04-04","","22.04545455"
"UNIVERSIDAD DEL VALLE","2017-04-03","","23.04166667"
"UNIVERSIDAD DEL VALLE","2017-04-02","","23.66666667"
"UNIVERSIDAD DEL VALLE","2017-04-01","","30.75"
"UNIVERSIDAD DEL VALLE","2017-03-31","","15.13043478"
"UNIVERSIDAD DEL VALLE","2017-03-30","","24.625"
"UNIVERSIDAD DEL VALLE","2017-03-29","","23.20833333"
"UNIVERSIDAD DEL VALLE","2017-03-28","","24.26086957"
"UNIVERSIDAD DEL VALLE","2017-03-27","","19.04166667"
"UNIVERSIDAD DEL VALLE","2017-03-26","","15.58333333"
"UNIVERSIDAD DEL VALLE","2017-03-25","","20.43478261"
"UNIVERSIDAD DEL VALLE","2017-03-24","","17.08333333"
"UNIVERSIDAD DEL VALLE","2017-03-23","","24.44444444"
"UNIVERSIDAD DEL VALLE","2017-03-22","","23.26086957"
"UNIVERSIDAD DEL VALLE","2017-03-21","","28.79166667"
"UNIVERSIDAD DEL VALLE","2017-03-20","","22.125"
"UNIVERSIDAD DEL VALLE","2017-03-19","","25.5"
"UNIVERSIDAD DEL VALLE","2017-03-18","","18.2173913"
"UNIVERSIDAD DEL VALLE","2017-03-17","","22.875"
"UNIVERSIDAD DEL VALLE","2017-03-16","","22.91666667"
"UNIVERSIDAD DEL VALLE","2017-03-15","","14.36363636"
"UNIVERSIDAD DEL VALLE","2017-03-14","","18.33333333"
"UNIVERSIDAD DEL VALLE","2017-03-13","","21.20833333"
"UNIVERSIDAD DEL VALLE","2017-03-12","","15.20833333"
"UNIVERSIDAD DEL VALLE","2017-03-11","","16.77272727"
"UNIVERSIDAD DEL VALLE","2017-03-10","","15.375"
"UNIVERSIDAD DEL VALLE","2017-03-09","","25.95833333"
"UNIVERSIDAD DEL VALLE","2017-03-08","","29.73913043"
"UNIVERSIDAD DEL VALLE","2017-03-07","","21.34782609"
"UNIVERSIDAD DEL VALLE","2017-03-06","","23.0"
"UNIVERSIDAD DEL VALLE","2017-03-05","","25.08333333"
"UNIVERSIDAD DEL VALLE","2017-03-04","","26.22727273"
"UNIVERSIDAD DEL VALLE","2017-03-03","","17.82608696"
"UNIVERSIDAD DEL VALLE","2017-03-02","","21.91666667"
"UNIVERSIDAD DEL VALLE","2017-03-01","","28.54166667"
"UNIVERSIDAD DEL VALLE","2017-02-28","","23.33333333"
"UNIVERSIDAD DEL VALLE","2017-02-27","","19.76470588"
"UNIVERSIDAD DEL VALLE","2017-02-26","","29.22222222"
"UNIVERSIDAD DEL VALLE","2017-02-25","","31.29166667"
"UNIVERSIDAD DEL VALLE","2017-02-24","","37.125"
"UNIVERSIDAD DEL VALLE","2017-02-23","","32.70833333"
"UNIVERSIDAD DEL VALLE","2017-02-22","","18.82608696"
"UNIVERSIDAD DEL VALLE","2017-02-21","","16.60869565"
"UNIVERSIDAD DEL VALLE","2017-02-20","","22.375"
"UNIVERSIDAD DEL VALLE","2017-02-19","","21.39130435"
"UNIVERSIDAD DEL VALLE","2017-02-18","","21.45833333"
"UNIVERSIDAD DEL VALLE","2017-02-17","","20.83333333"
"UNIVERSIDAD DEL VALLE","2017-02-16","","21.75"
"UNIVERSIDAD DEL VALLE","2017-02-15","","21.70833333"
"UNIVERSIDAD DEL VALLE","2017-02-14","","19.94117647"
"UNIVERSIDAD DEL VALLE","2017-02-12","","10.11111111"
"UNIVERSIDAD DEL VALLE","2017-02-11","","13.80952381"
"UNIVERSIDAD DEL VALLE","2017-02-10","","10.08695652"
"UNIVERSIDAD DEL VALLE","2017-02-09","","9.0"
"UNIVERSIDAD DEL VALLE","2017-02-08","","10.90909091"
"UNIVERSIDAD DEL VALLE","2017-02-07","","11.14285714"
"UNIVERSIDAD DEL VALLE","2017-02-06","","12.05263158"
"UNIVERSIDAD DEL VALLE","2017-02-05","","13.85714286"
"UNIVERSIDAD DEL VALLE","2017-02-04","","15.52941176"
"UNIVERSIDAD DEL VALLE","2017-02-03","","9.66666667"
"UNIVERSIDAD DEL VALLE","2017-02-02","","8.57894737"
"UNIVERSIDAD DEL VALLE","2017-02-01","","12.9"
"UNIVERSIDAD DEL VALLE","2017-01-31","","13.63636364"
"UNIVERSIDAD DEL VALLE","2017-01-30","","13.45"
"UNIVERSIDAD DEL VALLE","2017-01-29","","13.59090909"
"UNIVERSIDAD DEL VALLE","2017-01-28","","13.33333333"
"UNIVERSIDAD DEL VALLE","2017-01-27","","19.45454545"
"UNIVERSIDAD DEL VALLE","2017-01-26","","22.18181818"
"UNIVERSIDAD DEL VALLE","2017-01-25","","17.54166667"
"UNIVERSIDAD DEL VALLE","2017-01-24","","10.91304348"
"UNIVERSIDAD DEL VALLE","2017-01-23","","11.31818182"
"UNIVERSIDAD DEL VALLE","2017-01-22","","8.21052632"
"UNIVERSIDAD DEL VALLE","2017-01-21","","6.53333333"
"UNIVERSIDAD DEL VALLE","2017-01-20","","5.83333333"
"UNIVERSIDAD DEL VALLE","2017-01-19","","10.66666667"
"UNIVERSIDAD DEL VALLE","2017-01-18","","7.71428571"
"UNIVERSIDAD DEL VALLE","2017-01-17","","6.42857143"
"UNIVERSIDAD DEL VALLE","2017-01-16","","3.0"
"UNIVERSIDAD DEL VALLE","2017-01-14","","7.0"
"UNIVERSIDAD DEL VALLE","2017-01-13","","8.54545455"
"UNIVERSIDAD DEL VALLE","2017-01-12","","8.63636364"
"UNIVERSIDAD DEL VALLE","2017-01-11","","6.7"
"UNIVERSIDAD DEL VALLE","2017-01-10","","6.33333333"
"UNIVERSIDAD DEL VALLE","2017-01-09","","11.1875"
"UNIVERSIDAD DEL VALLE","2017-01-08","","12.25"
"UNIVERSIDAD DEL VALLE","2017-01-07","","12.13333333"
"UNIVERSIDAD DEL VALLE","2017-01-06","","9.875"
"UNIVERSIDAD DEL VALLE","2017-01-02","","1.0"
"UNIVERSIDAD DEL VALLE","2017-01-01","","31.375"
"UNIVERSIDAD DEL VALLE","2016-12-31","","5.44444444"
"UNIVERSIDAD DEL VALLE","2016-12-30","","2.66666667"
"UNIVERSIDAD DEL VALLE","2016-12-28","","8.22222222"
"UNIVERSIDAD DEL VALLE","2016-12-27","","5.25"
"UNIVERSIDAD DEL VALLE","2016-12-23","","4.6"
"UNIVERSIDAD DEL VALLE","2016-12-22","","6.27272727"
"UNIVERSIDAD DEL VALLE","2016-12-21","","3.25"
"UNIVERSIDAD DEL VALLE","2016-12-20","","7.04166667"
"UNIVERSIDAD DEL VALLE","2016-12-19","","9.45454545"
"UNIVERSIDAD DEL VALLE","2016-12-18","","7.57894737"
"UNIVERSIDAD DEL VALLE","2016-12-17","","7.18181818"
"UNIVERSIDAD DEL VALLE","2016-12-16","","7.91666667"
"UNIVERSIDAD DEL VALLE","2016-12-14","","9.1875"
"UNIVERSIDAD DEL VALLE","2016-12-13","","11.10526316"
"UNIVERSIDAD DEL VALLE","2016-12-12","","6.29411765"
"UNIVERSIDAD DEL VALLE","2016-12-11","","4.83333333"
"UNIVERSIDAD DEL VALLE","2016-12-10","","2.0"
"UNIVERSIDAD DEL VALLE","2016-12-09","","4.44444444"
"UNIVERSIDAD DEL VALLE","2016-12-08","","8.0"
"UNIVERSIDAD DEL VALLE","2016-12-07","","7.46666667"
"UNIVERSIDAD DEL VALLE","2016-12-06","","8.3125"
"UNIVERSIDAD DEL VALLE","2016-12-05","","4.5625"
"UNIVERSIDAD DEL VALLE","2016-12-04","","11.23529412"
"UNIVERSIDAD DEL VALLE","2016-12-03","","8.80952381"
"UNIVERSIDAD DEL VALLE","2016-12-02","","5.75"
"UNIVERSIDAD DEL VALLE","2016-12-01","","8.8125"
"UNIVERSIDAD DEL VALLE","2016-11-28","","4.27272727"
"UNIVERSIDAD DEL VALLE","2016-11-27","","4.83333333"
"UNIVERSIDAD DEL VALLE","2016-11-26","","4.72727273"
"UNIVERSIDAD DEL VALLE","2016-11-25","","3.75"
"UNIVERSIDAD DEL VALLE","2016-11-17","","7.57142857"
"UNIVERSIDAD DEL VALLE","2016-11-16","","5.63636364"
"UNIVERSIDAD DEL VALLE","2016-11-15","","8.75"
"UNIVERSIDAD DEL VALLE","2016-11-12","","13.73333333"
"UNIVERSIDAD DEL VALLE","2016-11-11","","8.0"
"UNIVERSIDAD DEL VALLE","2016-11-10","","8.57142857"
"UNIVERSIDAD DEL VALLE","2016-11-09","","7.05882353"
"UNIVERSIDAD DEL VALLE","2016-11-08","","6.5"
"UNIVERSIDAD DEL VALLE","2016-11-07","","2.875"
"UNIVERSIDAD DEL VALLE","2016-11-06","","4.0952381"
"UNIVERSIDAD DEL VALLE","2016-11-05","","6.05"
"UNIVERSIDAD DEL VALLE","2016-11-04","","6.85714286"
"UNIVERSIDAD DEL VALLE","2016-11-03","","5.38888889"
"UNIVERSIDAD DEL VALLE","2016-11-02","","8.15"
"UNIVERSIDAD DEL VALLE","2016-11-01","","7.94736842"
"UNIVERSIDAD DEL VALLE","2016-10-31","","3.0"
"UNIVERSIDAD DEL VALLE","2016-10-30","","8.44444444"
"UNIVERSIDAD DEL VALLE","2016-10-29","","8.5625"
"UNIVERSIDAD DEL VALLE","2016-10-28","","9.4375"
"UNIVERSIDAD DEL VALLE","2016-10-27","","5.52380952"
"UNIVERSIDAD DEL VALLE","2016-10-26","","5.07692308"
"UNIVERSIDAD DEL VALLE","2016-10-25","","7.18181818"
"UNIVERSIDAD DEL VALLE","2016-10-24","","4.80952381"
"UNIVERSIDAD DEL VALLE","2016-10-23","","5.75"
"UNIVERSIDAD DEL VALLE","2016-10-22","","6.11111111"
"UNIVERSIDAD DEL VALLE","2016-10-21","","13.0"
"UNIVERSIDAD DEL VALLE","2016-10-20","","10.0"
"UNIVERSIDAD DEL VALLE","2016-10-19","","7.94117647"
"UNIVERSIDAD DEL VALLE","2016-10-18","","4.91304348"
"UNIVERSIDAD DEL VALLE","2016-10-17","","5.66666667"
"UNIVERSIDAD DEL VALLE","2016-10-16","","9.9047619"
"UNIVERSIDAD DEL VALLE","2016-10-15","","9.57894737"
"UNIVERSIDAD DEL VALLE","2016-10-14","","12.71428571"
"UNIVERSIDAD DEL VALLE","2016-10-13","","9.08333333"
"UNIVERSIDAD DEL VALLE","2016-10-12","","12.70833333"
"UNIVERSIDAD DEL VALLE","2016-10-11","","4.0"
"UNIVERSIDAD DEL VALLE","2016-10-10","","8.47058824"
"UNIVERSIDAD DEL VALLE","2016-10-08","","8.72727273"
"UNIVERSIDAD DEL VALLE","2016-10-07","","8.20833333"
"UNIVERSIDAD DEL VALLE","2016-10-06","","5.94736842"
"UNIVERSIDAD DEL VALLE","2016-10-05","","7.0"
"UNIVERSIDAD DEL VALLE","2016-10-04","","5.0"
"UNIVERSIDAD DEL VALLE","2016-10-03","","6.64285714"
"UNIVERSIDAD DEL VALLE","2016-10-02","","5.22727273"
"UNIVERSIDAD DEL VALLE","2016-10-01","","6.16666667"
"UNIVERSIDAD DEL VALLE","2016-09-30","","14.0"
"UNIVERSIDAD DEL VALLE","2016-09-29","","12.54166667"
"UNIVERSIDAD DEL VALLE","2016-09-28","","14.26086957"
"UNIVERSIDAD DEL VALLE","2016-09-27","","12.2"
"UNIVERSIDAD DEL VALLE","2016-09-26","","10.95652174"
"UNIVERSIDAD DEL VALLE","2016-09-25","","9.54166667"
"UNIVERSIDAD DEL VALLE","2016-09-24","","14.08333333"
"UNIVERSIDAD DEL VALLE","2016-09-23","","7.86956522"
"UNIVERSIDAD DEL VALLE","2016-09-22","","7.47826087"
"UNIVERSIDAD DEL VALLE","2016-09-21","","11.0952381"
"UNIVERSIDAD DEL VALLE","2016-09-20","","10.08333333"
"UNIVERSIDAD DEL VALLE","2016-09-19","","10.875"
"UNIVERSIDAD DEL VALLE","2016-09-18","","8.40909091"
"UNIVERSIDAD DEL VALLE","2016-09-17","","7.8"
"UNIVERSIDAD DEL VALLE","2016-09-16","","8.125"
"UNIVERSIDAD DEL VALLE","2016-09-15","","9.0"
"UNIVERSIDAD DEL VALLE","2016-09-13","","1.0"
"UNIVERSIDAD DEL VALLE","2016-09-09","","6.55555556"
"UNIVERSIDAD DEL VALLE","2016-09-08","","11.88235294"
"UNIVERSIDAD DEL VALLE","2016-09-07","","9.28571429"
"UNIVERSIDAD DEL VALLE","2016-09-05","","13.46666667"
"UNIVERSIDAD DEL VALLE","2016-09-04","","7.3"
"UNIVERSIDAD DEL VALLE","2016-09-03","","11.5"
"UNIVERSIDAD DEL VALLE","2016-09-02","","13.36363636"
"UNIVERSIDAD DEL VALLE","2016-09-01","","10.78947368"
"UNIVERSIDAD DEL VALLE","2016-08-31","","17.86363636"
"UNIVERSIDAD DEL VALLE","2016-08-30","","5.0"
"UNIVERSIDAD DEL VALLE","2016-08-28","","19.64705882"
"UNIVERSIDAD DEL VALLE","2016-08-27","","16.33333333"
"UNIVERSIDAD DEL VALLE","2016-08-26","","17.0"
"UNIVERSIDAD DEL VALLE","2016-08-25","","17.54166667"
"UNIVERSIDAD DEL VALLE","2016-08-24","","22.41666667"
"UNIVERSIDAD DEL VALLE","2016-08-23","","17.54545455"
"UNIVERSIDAD DEL VALLE","2016-08-22","","14.45833333"
"UNIVERSIDAD DEL VALLE","2016-08-21","","11.66666667"
"UNIVERSIDAD DEL VALLE","2016-08-20","","17.45833333"
"UNIVERSIDAD DEL VALLE","2016-08-19","","14.29166667"
"UNIVERSIDAD DEL VALLE","2016-08-18","","16.75"
"UNIVERSIDAD DEL VALLE","2016-08-17","","15.625"
"UNIVERSIDAD DEL VALLE","2016-08-16","","16.56521739"
"UNIVERSIDAD DEL VALLE","2016-08-15","","14.26086957"
"UNIVERSIDAD DEL VALLE","2016-08-14","","19.125"
"UNIVERSIDAD DEL VALLE","2016-08-13","","21.875"
"UNIVERSIDAD DEL VALLE","2016-08-12","","17.29166667"
"UNIVERSIDAD DEL VALLE","2016-08-11","","18.66666667"
"UNIVERSIDAD DEL VALLE","2016-08-10","","18.04166667"
"UNIVERSIDAD DEL VALLE","2016-08-09","","22.95833333"
"UNIVERSIDAD DEL VALLE","2016-08-08","","13.60869565"
"UNIVERSIDAD DEL VALLE","2016-08-07","","16.33333333"
"UNIVERSIDAD DEL VALLE","2016-08-06","","18.95833333"
"UNIVERSIDAD DEL VALLE","2016-08-05","","20.54166667"
"UNIVERSIDAD DEL VALLE","2016-08-04","","17.83333333"
"UNIVERSIDAD DEL VALLE","2016-08-03","","16.60869565"
"UNIVERSIDAD DEL VALLE","2016-08-02","","17.58333333"
"UNIVERSIDAD DEL VALLE","2016-08-01","","16.83333333"
"UNIVERSIDAD DEL VALLE","2016-07-31","","15.91666667"
"UNIVERSIDAD DEL VALLE","2016-07-30","","16.45833333"
"UNIVERSIDAD DEL VALLE","2016-07-29","","15.54166667"
"UNIVERSIDAD DEL VALLE","2016-07-28","","16.29166667"
"UNIVERSIDAD DEL VALLE","2016-07-27","","14.58333333"
"UNIVERSIDAD DEL VALLE","2016-07-26","","21.70588235"
"UNIVERSIDAD DEL VALLE","2016-07-25","","10.0"
"UNIVERSIDAD DEL VALLE","2016-07-24","","9.54166667"
"UNIVERSIDAD DEL VALLE","2016-07-23","","17.56521739"
"UNIVERSIDAD DEL VALLE","2016-07-22","","18.0"
"UNIVERSIDAD DEL VALLE","2016-07-21","","15.29166667"
"UNIVERSIDAD DEL VALLE","2016-07-20","","18.82608696"
"UNIVERSIDAD DEL VALLE","2016-07-19","","13.69565217"
"UNIVERSIDAD DEL VALLE","2016-07-18","","12.26086957"
"UNIVERSIDAD DEL VALLE","2016-07-17","","15.33333333"
"UNIVERSIDAD DEL VALLE","2016-07-16","","17.0"
"UNIVERSIDAD DEL VALLE","2016-07-15","","14.54166667"
"UNIVERSIDAD DEL VALLE","2016-07-14","","15.70833333"
"UNIVERSIDAD DEL VALLE","2016-07-13","","12.95833333"
"UNIVERSIDAD DEL VALLE","2016-07-12","","14.16666667"
"UNIVERSIDAD DEL VALLE","2016-07-11","","16.08333333"
"UNIVERSIDAD DEL VALLE","2016-07-10","","10.90909091"
"UNIVERSIDAD DEL VALLE","2016-07-09","","10.82608696"
"UNIVERSIDAD DEL VALLE","2016-07-08","","19.57142857"
"UNIVERSIDAD DEL VALLE","2016-07-07","","22.375"
"UNIVERSIDAD DEL VALLE","2016-07-06","","17.65217391"
"UNIVERSIDAD DEL VALLE","2016-07-05","","14.70833333"
"UNIVERSIDAD DEL VALLE","2016-07-04","","11.5"
"UNIVERSIDAD DEL VALLE","2016-07-03","","13.38095238"
"UNIVERSIDAD DEL VALLE","2016-07-02","","13.58333333"
"UNIVERSIDAD DEL VALLE","2016-07-01","","15.0"
"UNIVERSIDAD DEL VALLE","2016-06-30","","12.83333333"
"UNIVERSIDAD DEL VALLE","2016-06-29","","16.54166667"
"UNIVERSIDAD DEL VALLE","2016-06-28","","17.47826087"
"UNIVERSIDAD DEL VALLE","2016-06-27","","18.20833333"
"UNIVERSIDAD DEL VALLE","2016-06-26","","13.5"
"UNIVERSIDAD DEL VALLE","2016-06-25","","8.5"
"UNIVERSIDAD DEL VALLE","2016-06-24","","15.9047619"
"UNIVERSIDAD DEL VALLE","2016-06-23","","12.75"
"UNIVERSIDAD DEL VALLE","2016-06-22","","28.75"
"UNIVERSIDAD DEL VALLE","2016-06-21","","16.04166667"
"UNIVERSIDAD DEL VALLE","2016-06-20","","13.04347826"
"UNIVERSIDAD DEL VALLE","2016-06-19","","14.95833333"
"UNIVERSIDAD DEL VALLE","2016-06-18","","18.91666667"
"UNIVERSIDAD DEL VALLE","2016-06-17","","19.17391304"
"UNIVERSIDAD DEL VALLE","2016-06-16","","22.91666667"
"UNIVERSIDAD DEL VALLE","2016-06-15","","15.04347826"
"UNIVERSIDAD DEL VALLE","2016-06-14","","13.38095238"
"UNIVERSIDAD DEL VALLE","2016-06-13","","14.85"
"UNIVERSIDAD DEL VALLE","2016-06-12","","19.86363636"
"UNIVERSIDAD DEL VALLE","2016-06-11","","19.38095238"
"UNIVERSIDAD DEL VALLE","2016-06-10","","14.60869565"
"UNIVERSIDAD DEL VALLE","2016-06-09","","15.84210526"
"UNIVERSIDAD DEL VALLE","2016-06-08","","16.54545455"
"UNIVERSIDAD DEL VALLE","2016-06-07","","11.18181818"
"UNIVERSIDAD DEL VALLE","2016-06-06","","10.76190476"
"UNIVERSIDAD DEL VALLE","2016-06-05","","14.31818182"
"UNIVERSIDAD DEL VALLE","2016-06-04","","10.22727273"
"UNIVERSIDAD DEL VALLE","2016-06-03","","16.95238095"
"UNIVERSIDAD DEL VALLE","2016-06-02","","14.18181818"
"UNIVERSIDAD DEL VALLE","2016-06-01","","13.45"
"UNIVERSIDAD DEL VALLE","2016-05-31","","11.0"
"UNIVERSIDAD DEL VALLE","2016-05-30","","14.14285714"
"UNIVERSIDAD DEL VALLE","2016-05-29","","15.64285714"
"UNIVERSIDAD DEL VALLE","2016-05-28","","19.34782609"
"UNIVERSIDAD DEL VALLE","2016-05-27","","23.08333333"
"UNIVERSIDAD DEL VALLE","2016-05-26","","12.63636364"
"UNIVERSIDAD DEL VALLE","2016-05-25","","15.90909091"
"UNIVERSIDAD DEL VALLE","2016-05-24","","19.69565217"
"UNIVERSIDAD DEL VALLE","2016-05-23","","9.28571429"
"UNIVERSIDAD DEL VALLE","2016-05-22","","13.71428571"
"UNIVERSIDAD DEL VALLE","2016-05-21","","15.91304348"
"UNIVERSIDAD DEL VALLE","2016-05-20","","18.5"
"UNIVERSIDAD DEL VALLE","2016-05-19","","15.5"
"UNIVERSIDAD DEL VALLE","2016-05-18","","9.89473684"
"UNIVERSIDAD DEL VALLE","2016-05-17","","10.41176471"
"UNIVERSIDAD DEL VALLE","2016-05-16","","11.9047619"
"UNIVERSIDAD DEL VALLE","2016-05-15","","9.38888889"
"UNIVERSIDAD DEL VALLE","2016-05-14","","19.77272727"
"UNIVERSIDAD DEL VALLE","2016-05-13","","19.26086957"
"UNIVERSIDAD DEL VALLE","2016-05-12","","24.59090909"
"UNIVERSIDAD DEL VALLE","2016-05-11","","19.1875"
"UNIVERSIDAD DEL VALLE","2016-05-06","","13.1"
"UNIVERSIDAD DEL VALLE","2016-05-05","","10.38095238"
"UNIVERSIDAD DEL VALLE","2016-05-04","","10.47368421"
"UNIVERSIDAD DEL VALLE","2016-05-03","","8.73684211"
"UNIVERSIDAD DEL VALLE","2016-05-02","","13.36363636"
"UNIVERSIDAD DEL VALLE","2016-05-01","","23.52173913"
"UNIVERSIDAD DEL VALLE","2016-04-30","","14.86666667"
"UNIVERSIDAD DEL VALLE","2016-04-29","","13.26086957"
"UNIVERSIDAD DEL VALLE","2016-04-28","","7.5"
"UNIVERSIDAD DEL VALLE","2016-04-27","","12.38095238"
"UNIVERSIDAD DEL VALLE","2016-04-26","","8.0"
"UNIVERSIDAD DEL VALLE","2016-04-25","","15.56521739"
"UNIVERSIDAD DEL VALLE","2016-04-24","","12.31818182"
"UNIVERSIDAD DEL VALLE","2016-04-23","","16.13043478"
"UNIVERSIDAD DEL VALLE","2016-04-22","","18.0"
"UNIVERSIDAD DEL VALLE","2016-04-21","","14.7826087"
"UNIVERSIDAD DEL VALLE","2016-04-20","","21.16666667"
"UNIVERSIDAD DEL VALLE","2016-04-19","","19.04166667"
"UNIVERSIDAD DEL VALLE","2016-04-18","","12.53846154"
"UNIVERSIDAD DEL VALLE","2016-04-17","","20.0"
"UNIVERSIDAD DEL VALLE","2016-04-16","","13.59090909"
"UNIVERSIDAD DEL VALLE","2016-04-15","","16.0"
"UNIVERSIDAD DEL VALLE","2016-04-14","","17.78947368"
"UNIVERSIDAD DEL VALLE","2016-04-13","","15.36363636"
"UNIVERSIDAD DEL VALLE","2016-04-12","","8.0"
"UNIVERSIDAD DEL VALLE","2016-04-11","","8.86956522"
"UNIVERSIDAD DEL VALLE","2016-04-10","","16.75"
"UNIVERSIDAD DEL VALLE","2016-04-09","","22.83333333"
"UNIVERSIDAD DEL VALLE","2016-04-08","","18.45833333"
"UNIVERSIDAD DEL VALLE","2016-04-07","","13.125"
"UNIVERSIDAD DEL VALLE","2016-04-06","","25.58333333"
"UNIVERSIDAD DEL VALLE","2016-04-05","","29.875"
"UNIVERSIDAD DEL VALLE","2016-04-04","","19.39130435"
"UNIVERSIDAD DEL VALLE","2016-04-03","","21.25"
"UNIVERSIDAD DEL VALLE","2016-04-02","","8.66666667"
"UNIVERSIDAD DEL VALLE","2016-04-01","","15.18181818"
"UNIVERSIDAD DEL VALLE","2016-03-31","","19.13636364"
"UNIVERSIDAD DEL VALLE","2016-03-30","","19.43478261"
"UNIVERSIDAD DEL VALLE","2016-03-29","","24.35294118"
"UNIVERSIDAD DEL VALLE","2016-03-28","","16.63157895"
"UNIVERSIDAD DEL VALLE","2016-03-27","","14.33333333"
"UNIVERSIDAD DEL VALLE","2016-03-26","","16.83333333"
"UNIVERSIDAD DEL VALLE","2016-03-25","","16.66666667"
"UNIVERSIDAD DEL VALLE","2016-03-24","","20.5"
"UNIVERSIDAD DEL VALLE","2016-03-23","","16.20833333"
"UNIVERSIDAD DEL VALLE","2016-03-22","","17.95833333"
"UNIVERSIDAD DEL VALLE","2016-03-21","","13.13043478"
"UNIVERSIDAD DEL VALLE","2016-03-20","","13.27272727"
"UNIVERSIDAD DEL VALLE","2016-03-19","","17.41666667"
"UNIVERSIDAD DEL VALLE","2016-03-18","","14.79166667"
"UNIVERSIDAD DEL VALLE","2016-03-17","","9.27272727"
"UNIVERSIDAD DEL VALLE","2016-03-16","","18.26086957"
"UNIVERSIDAD DEL VALLE","2016-03-15","","19.04545455"
"UNIVERSIDAD DEL VALLE","2016-03-14","","23.69565217"
"UNIVERSIDAD DEL VALLE","2016-03-13","","20.0"
"UNIVERSIDAD DEL VALLE","2016-03-12","","17.04545455"
"UNIVERSIDAD DEL VALLE","2016-03-11","","18.95833333"
"UNIVERSIDAD DEL VALLE","2016-03-10","","16.625"
"UNIVERSIDAD DEL VALLE","2016-03-09","","17.375"
"UNIVERSIDAD DEL VALLE","2016-03-08","","21.31818182"
"UNIVERSIDAD DEL VALLE","2016-03-07","","18.875"
"UNIVERSIDAD DEL VALLE","2016-03-06","","7.26086957"
"UNIVERSIDAD DEL VALLE","2016-03-05","","11.77777778"
"UNIVERSIDAD DEL VALLE","2016-03-04","","8.46666667"
"UNIVERSIDAD DEL VALLE","2016-03-03","","19.13043478"
"UNIVERSIDAD DEL VALLE","2016-03-02","","15.30434783"
"UNIVERSIDAD DEL VALLE","2016-03-01","","14.7826087"
"UNIVERSIDAD DEL VALLE","2016-02-29","","15.14285714"
"UNIVERSIDAD DEL VALLE","2016-02-28","","20.58333333"
"UNIVERSIDAD DEL VALLE","2016-02-27","","15.25"
"UNIVERSIDAD DEL VALLE","2016-02-26","","18.60869565"
"UNIVERSIDAD DEL VALLE","2016-02-25","","19.0"
"UNIVERSIDAD DEL VALLE","2016-02-24","","19.79166667"
"UNIVERSIDAD DEL VALLE","2016-02-23","","19.29166667"
"UNIVERSIDAD DEL VALLE","2016-02-22","","12.04347826"
"UNIVERSIDAD DEL VALLE","2016-02-21","","10.91666667"
"UNIVERSIDAD DEL VALLE","2016-02-20","","17.0"
"UNIVERSIDAD DEL VALLE","2016-02-19","","21.0"
"UNIVERSIDAD DEL VALLE","2016-02-18","","19.16666667"
"UNIVERSIDAD DEL VALLE","2016-02-17","","22.08333333"
"UNIVERSIDAD DEL VALLE","2016-02-16","","25.95652174"
"UNIVERSIDAD DEL VALLE","2016-02-15","","19.60869565"
"UNIVERSIDAD DEL VALLE","2016-02-14","","16.91666667"
"UNIVERSIDAD DEL VALLE","2016-02-13","","16.08333333"
"UNIVERSIDAD DEL VALLE","2016-02-12","","14.375"
"UNIVERSIDAD DEL VALLE","2016-02-11","","18.53333333"
"UNIVERSIDAD DEL VALLE","2016-02-10","","22.86956522"
"UNIVERSIDAD DEL VALLE","2016-02-09","","24.7826087"
"UNIVERSIDAD DEL VALLE","2016-02-08","","24.91666667"
"UNIVERSIDAD DEL VALLE","2016-02-07","","23.0"
"UNIVERSIDAD DEL VALLE","2016-02-06","","31.5"
"UNIVERSIDAD DEL VALLE","2016-02-05","","16.375"
"UNIVERSIDAD DEL VALLE","2016-02-04","","20.79166667"
"UNIVERSIDAD DEL VALLE","2016-02-03","","23.54166667"
"UNIVERSIDAD DEL VALLE","2016-02-02","","23.41666667"
"UNIVERSIDAD DEL VALLE","2016-02-01","","21.25"
"UNIVERSIDAD DEL VALLE","2016-01-31","","18.0"
"UNIVERSIDAD DEL VALLE","2016-01-30","","19.625"
"UNIVERSIDAD DEL VALLE","2016-01-29","","23.125"
"UNIVERSIDAD DEL VALLE","2016-01-28","","20.54166667"
"UNIVERSIDAD DEL VALLE","2016-01-27","","22.79166667"
"UNIVERSIDAD DEL VALLE","2016-01-26","","19.08333333"
"UNIVERSIDAD DEL VALLE","2016-01-25","","18.70833333"
"UNIVERSIDAD DEL VALLE","2016-01-24","","17.58333333"
"UNIVERSIDAD DEL VALLE","2016-01-23","","15.58333333"
"UNIVERSIDAD DEL VALLE","2016-01-22","","19.625"
"UNIVERSIDAD DEL VALLE","2016-01-21","","18.0"
"UNIVERSIDAD DEL VALLE","2016-01-20","","20.04166667"
"UNIVERSIDAD DEL VALLE","2016-01-19","","17.20833333"
"UNIVERSIDAD DEL VALLE","2016-01-18","","13.52173913"
"UNIVERSIDAD DEL VALLE","2016-01-17","","13.86363636"
"UNIVERSIDAD DEL VALLE","2016-01-16","","19.2173913"
"UNIVERSIDAD DEL VALLE","2016-01-15","","19.41666667"
"UNIVERSIDAD DEL VALLE","2016-01-14","","19.29166667"
"UNIVERSIDAD DEL VALLE","2016-01-13","","12.33333333"
"UNIVERSIDAD DEL VALLE","2016-01-12","","8.3"
"UNIVERSIDAD DEL VALLE","2016-01-11","","7.05882353"
"UNIVERSIDAD DEL VALLE","2016-01-10","","12.55555556"
"UNIVERSIDAD DEL VALLE","2016-01-09","","10.55"
"UNIVERSIDAD DEL VALLE","2016-01-08","","13.33333333"
"UNIVERSIDAD DEL VALLE","2016-01-07","","10.45833333"
"UNIVERSIDAD DEL VALLE","2016-01-06","","6.375"
"UNIVERSIDAD DEL VALLE","2015-12-31","","17.53333333"
"UNIVERSIDAD DEL VALLE","2015-12-30","","22.375"
"UNIVERSIDAD DEL VALLE","2015-12-29","","19.41666667"
"UNIVERSIDAD DEL VALLE","2015-12-28","","22.83333333"
"UNIVERSIDAD DEL VALLE","2015-12-27","","21.04166667"
"UNIVERSIDAD DEL VALLE","2015-12-26","","19.83333333"
"UNIVERSIDAD DEL VALLE","2015-12-25","","19.5"
"UNIVERSIDAD DEL VALLE","2015-12-24","","19.04166667"
"UNIVERSIDAD DEL VALLE","2015-12-23","","18.79166667"
"UNIVERSIDAD DEL VALLE","2015-12-22","","21.29166667"
"UNIVERSIDAD DEL VALLE","2015-12-21","","15.83333333"
"UNIVERSIDAD DEL VALLE","2015-12-20","","22.95833333"
"UNIVERSIDAD DEL VALLE","2015-12-19","","19.66666667"
"UNIVERSIDAD DEL VALLE","2015-12-18","","17.13636364"
"UNIVERSIDAD DEL VALLE","2015-12-17","","13.70833333"
"UNIVERSIDAD DEL VALLE","2015-12-16","","16.86363636"
"UNIVERSIDAD DEL VALLE","2015-12-15","","12.63636364"
"UNIVERSIDAD DEL VALLE","2015-12-14","","14.64285714"
"UNIVERSIDAD DEL VALLE","2015-12-13","","11.77777778"
"UNIVERSIDAD DEL VALLE","2015-12-12","","13.80952381"
"UNIVERSIDAD DEL VALLE","2015-12-11","","19.65217391"
"UNIVERSIDAD DEL VALLE","2015-12-10","","11.86363636"
"UNIVERSIDAD DEL VALLE","2015-12-09","","16.15789474"
"UNIVERSIDAD DEL VALLE","2015-12-08","","16.41666667"
"UNIVERSIDAD DEL VALLE","2015-12-07","","16.625"
"UNIVERSIDAD DEL VALLE","2015-12-06","","11.69565217"
"UNIVERSIDAD DEL VALLE","2015-12-05","","18.82608696"
"UNIVERSIDAD DEL VALLE","2015-12-04","","24.54166667"
"UNIVERSIDAD DEL VALLE","2015-12-03","","20.2"
"UNIVERSIDAD DEL VALLE","2015-12-02","","12.75"
"UNIVERSIDAD DEL VALLE","2015-11-30","","14.86666667"
"UNIVERSIDAD DEL VALLE","2015-11-29","","11.19047619"
"UNIVERSIDAD DEL VALLE","2015-11-28","","13.76470588"
"UNIVERSIDAD DEL VALLE","2015-11-27","","15.2173913"
"UNIVERSIDAD DEL VALLE","2015-11-26","","11.73684211"
"UNIVERSIDAD DEL VALLE","2015-11-25","","12.91666667"
"UNIVERSIDAD DEL VALLE","2015-11-24","","12.77272727"
"UNIVERSIDAD DEL VALLE","2015-11-23","","11.36363636"
"UNIVERSIDAD DEL VALLE","2015-11-22","","13.375"
"UNIVERSIDAD DEL VALLE","2015-11-21","","17.375"
"UNIVERSIDAD DEL VALLE","2015-11-20","","10.5"
"UNIVERSIDAD DEL VALLE","2015-11-19","","5.65"
"UNIVERSIDAD DEL VALLE","2015-11-18","","7.52173913"
"UNIVERSIDAD DEL VALLE","2015-11-17","","11.45454545"
"UNIVERSIDAD DEL VALLE","2015-11-16","","10.14285714"
"UNIVERSIDAD DEL VALLE","2015-11-15","","9.04761905"
"UNIVERSIDAD DEL VALLE","2015-11-14","","10.26315789"
"UNIVERSIDAD DEL VALLE","2015-11-13","","15.66666667"
"UNIVERSIDAD DEL VALLE","2015-11-12","","13.85714286"
"UNIVERSIDAD DEL VALLE","2015-11-11","","10.25"
"UNIVERSIDAD DEL VALLE","2015-11-10","","11.09090909"
"UNIVERSIDAD DEL VALLE","2015-11-09","","13.66666667"
"UNIVERSIDAD DEL VALLE","2015-11-08","","12.78571429"
"UNIVERSIDAD DEL VALLE","2015-11-06","","11.0"
"UNIVERSIDAD DEL VALLE","2015-11-05","","11.89473684"
"UNIVERSIDAD DEL VALLE","2015-11-04","","7.19047619"
"UNIVERSIDAD DEL VALLE","2015-11-03","","12.53846154"
"UNIVERSIDAD DEL VALLE","2015-11-01","","14.11111111"
"UNIVERSIDAD DEL VALLE","2015-10-31","","17.47826087"
"UNIVERSIDAD DEL VALLE","2015-10-30","","16.66666667"
"UNIVERSIDAD DEL VALLE","2015-10-29","","12.13043478"
"UNIVERSIDAD DEL VALLE","2015-10-28","","12.71428571"
"UNIVERSIDAD DEL VALLE","2015-10-27","","13.875"
"UNIVERSIDAD DEL VALLE","2015-10-26","","11.06666667"
"UNIVERSIDAD DEL VALLE","2015-10-25","","4.88888889"
"UNIVERSIDAD DEL VALLE","2015-10-24","","10.68181818"
"UNIVERSIDAD DEL VALLE","2015-10-23","","13.0"
"UNIVERSIDAD DEL VALLE","2015-10-22","","12.90909091"
"UNIVERSIDAD DEL VALLE","2015-10-21","","12.04347826"
"UNIVERSIDAD DEL VALLE","2015-10-20","","11.29411765"
"UNIVERSIDAD DEL VALLE","2015-10-19","","14.66666667"
"UNIVERSIDAD DEL VALLE","2015-10-16","","7.8"
"UNIVERSIDAD DEL VALLE","2015-10-15","","11.85"
"UNIVERSIDAD DEL VALLE","2015-10-14","","11.625"
"UNIVERSIDAD DEL VALLE","2015-10-13","","10.05882353"
"UNIVERSIDAD DEL VALLE","2015-10-12","","9.52173913"
"UNIVERSIDAD DEL VALLE","2015-10-11","","8.31578947"
"UNIVERSIDAD DEL VALLE","2015-10-10","","16.52173913"
"UNIVERSIDAD DEL VALLE","2015-10-09","","16.65217391"
"UNIVERSIDAD DEL VALLE","2015-10-08","","18.80952381"
"UNIVERSIDAD DEL VALLE","2015-10-07","","17.95652174"
"UNIVERSIDAD DEL VALLE","2015-10-06","","16.58333333"
"UNIVERSIDAD DEL VALLE","2015-10-05","","18.33333333"
"UNIVERSIDAD DEL VALLE","2015-10-04","","18.375"
"UNIVERSIDAD DEL VALLE","2015-10-03","","16.52173913"
"UNIVERSIDAD DEL VALLE","2015-10-02","","20.2173913"
"UNIVERSIDAD DEL VALLE","2015-10-01","","11.33333333"
"UNIVERSIDAD DEL VALLE","2015-09-30","","10.22727273"
"UNIVERSIDAD DEL VALLE","2015-09-29","","12.26086957"
"UNIVERSIDAD DEL VALLE","2015-09-28","","16.83333333"
"UNIVERSIDAD DEL VALLE","2015-09-26","","21.1875"
"UNIVERSIDAD DEL VALLE","2015-09-25","","15.875"
"UNIVERSIDAD DEL VALLE","2015-09-24","","20.33333333"
"UNIVERSIDAD DEL VALLE","2015-09-23","","10.66666667"
"UNIVERSIDAD DEL VALLE","2015-09-22","","20.95833333"
"UNIVERSIDAD DEL VALLE","2015-09-21","","21.375"
"UNIVERSIDAD DEL VALLE","2015-09-20","","17.52173913"
"UNIVERSIDAD DEL VALLE","2015-09-19","","16.08333333"
"UNIVERSIDAD DEL VALLE","2015-09-18","","17.22727273"
"UNIVERSIDAD DEL VALLE","2015-09-17","","20.69565217"
"UNIVERSIDAD DEL VALLE","2015-09-16","","38.625"
"UNIVERSIDAD DEL VALLE","2015-09-15","","32.95652174"
"UNIVERSIDAD DEL VALLE","2015-09-14","","30.58333333"
"UNIVERSIDAD DEL VALLE","2015-09-13","","23.29166667"
"UNIVERSIDAD DEL VALLE","2015-09-12","","24.04545455"
"UNIVERSIDAD DEL VALLE","2015-09-11","","18.375"
"UNIVERSIDAD DEL VALLE","2015-09-10","","12.91666667"
"UNIVERSIDAD DEL VALLE","2015-09-09","","15.23809524"
"UNIVERSIDAD DEL VALLE","2015-09-08","","22.33333333"
"UNIVERSIDAD DEL VALLE","2015-09-07","","25.54166667"
"UNIVERSIDAD DEL VALLE","2015-09-06","","27.375"
"UNIVERSIDAD DEL VALLE","2015-09-05","","32.375"
"UNIVERSIDAD DEL VALLE","2015-09-04","","21.625"
"UNIVERSIDAD DEL VALLE","2015-09-03","","17.21428571"
"UNIVERSIDAD DEL VALLE","2015-09-02","","23.21428571"
"UNIVERSIDAD DEL VALLE","2015-09-01","","26.16666667"
"UNIVERSIDAD DEL VALLE","2015-08-31","","28.95833333"
"UNIVERSIDAD DEL VALLE","2015-08-30","","35.58333333"
"UNIVERSIDAD DEL VALLE","2015-08-29","","29.13636364"
"UNIVERSIDAD DEL VALLE","2015-08-28","","29.08695652"
"UNIVERSIDAD DEL VALLE","2015-08-27","","26.54166667"
"UNIVERSIDAD DEL VALLE","2015-08-26","","22.70833333"
"UNIVERSIDAD DEL VALLE","2015-08-25","","22.91304348"
"UNIVERSIDAD DEL VALLE","2015-08-24","","19.39130435"
"UNIVERSIDAD DEL VALLE","2015-08-23","","23.41666667"
"UNIVERSIDAD DEL VALLE","2015-08-22","","30.95833333"
"UNIVERSIDAD DEL VALLE","2015-08-21","","24.91666667"
"UNIVERSIDAD DEL VALLE","2015-08-20","","13.2173913"
"UNIVERSIDAD DEL VALLE","2015-08-19","","16.83333333"
"UNIVERSIDAD DEL VALLE","2015-08-18","","13.45833333"
"UNIVERSIDAD DEL VALLE","2015-08-17","","12.72727273"
"UNIVERSIDAD DEL VALLE","2015-08-16","","11.91666667"
"UNIVERSIDAD DEL VALLE","2015-08-15","","15.82608696"
"UNIVERSIDAD DEL VALLE","2015-08-14","","15.5"
"UNIVERSIDAD DEL VALLE","2015-08-13","","15.79166667"
"UNIVERSIDAD DEL VALLE","2015-08-12","","16.65217391"
"UNIVERSIDAD DEL VALLE","2015-08-11","","18.70833333"
"UNIVERSIDAD DEL VALLE","2015-08-10","","12.44444444"
"UNIVERSIDAD DEL VALLE","2015-07-30","","16.81818182"
"UNIVERSIDAD DEL VALLE","2015-07-29","","15.45833333"
"UNIVERSIDAD DEL VALLE","2015-07-28","","15.95833333"
"UNIVERSIDAD DEL VALLE","2015-07-27","","19.0625"
"UNIVERSIDAD DEL VALLE","2015-07-24","","21.76470588"
"UNIVERSIDAD DEL VALLE","2015-07-23","","9.36363636"
"UNIVERSIDAD DEL VALLE","2015-07-22","","13.68181818"
"UNIVERSIDAD DEL VALLE","2015-07-21","","12.875"
"UNIVERSIDAD DEL VALLE","2015-07-19","","18.625"
"UNIVERSIDAD DEL VALLE","2015-07-18","","20.83333333"
"UNIVERSIDAD DEL VALLE","2015-07-17","","14.39130435"
"UNIVERSIDAD DEL VALLE","2015-07-16","","19.04166667"
"UNIVERSIDAD DEL VALLE","2015-07-15","","22.41666667"
"UNIVERSIDAD DEL VALLE","2015-07-14","","26.83333333"
"UNIVERSIDAD DEL VALLE","2015-07-13","","12.69565217"
"UNIVERSIDAD DEL VALLE","2015-07-12","","11.0"
"UNIVERSIDAD DEL VALLE","2015-07-11","","13.19047619"
"UNIVERSIDAD DEL VALLE","2015-07-10","","23.70833333"
"UNIVERSIDAD DEL VALLE","2015-07-09","","19.16666667"
"UNIVERSIDAD DEL VALLE","2015-07-08","","17.85714286"
"UNIVERSIDAD DEL VALLE","2015-07-07","","12.76470588"
"UNIVERSIDAD DEL VALLE","2015-07-06","","19.44444444"
"UNIVERSIDAD DEL VALLE","2015-07-05","","29.54166667"
"UNIVERSIDAD DEL VALLE","2015-07-04","","35.43478261"
"UNIVERSIDAD DEL VALLE","2015-07-03","","23.20833333"
"UNIVERSIDAD DEL VALLE","2015-07-02","","19.25"
"UNIVERSIDAD DEL VALLE","2015-07-01","","36.13333333"
"UNIVERSIDAD DEL VALLE","2015-06-30","","23.79166667"
"UNIVERSIDAD DEL VALLE","2015-06-29","","18.125"
"UNIVERSIDAD DEL VALLE","2015-06-28","","10.34782609"
"UNIVERSIDAD DEL VALLE","2015-06-27","","14.54166667"
"UNIVERSIDAD DEL VALLE","2015-06-26","","13.66666667"
"UNIVERSIDAD DEL VALLE","2015-06-25","","17.45454545"
"UNIVERSIDAD DEL VALLE","2015-06-24","","9.79166667"
"UNIVERSIDAD DEL VALLE","2015-06-23","","17.25"
"UNIVERSIDAD DEL VALLE","2015-06-22","","14.20833333"
"UNIVERSIDAD DEL VALLE","2015-06-21","","16.04347826"
"UNIVERSIDAD DEL VALLE","2015-06-20","","12.58333333"
"UNIVERSIDAD DEL VALLE","2015-06-19","","22.39130435"
"UNIVERSIDAD DEL VALLE","2015-06-18","","22.75"
"UNIVERSIDAD DEL VALLE","2015-06-17","","18.91304348"
"UNIVERSIDAD DEL VALLE","2015-06-16","","15.875"
"UNIVERSIDAD DEL VALLE","2015-06-15","","17.20833333"
"UNIVERSIDAD DEL VALLE","2015-06-14","","20.04166667"
"UNIVERSIDAD DEL VALLE","2015-06-13","","26.95833333"
"UNIVERSIDAD DEL VALLE","2015-06-12","","18.33333333"
"UNIVERSIDAD DEL VALLE","2015-06-11","","18.58333333"
"UNIVERSIDAD DEL VALLE","2015-06-10","","20.33333333"
"UNIVERSIDAD DEL VALLE","2015-06-09","","12.69565217"
"UNIVERSIDAD DEL VALLE","2015-06-08","","11.29166667"
"UNIVERSIDAD DEL VALLE","2015-06-07","","14.0"
"UNIVERSIDAD DEL VALLE","2015-06-06","","22.41666667"
"UNIVERSIDAD DEL VALLE","2015-06-05","","20.45833333"
"UNIVERSIDAD DEL VALLE","2015-06-04","","24.25"
"UNIVERSIDAD DEL VALLE","2015-06-03","","20.33333333"
"UNIVERSIDAD DEL VALLE","2015-06-02","","22.66666667"
"UNIVERSIDAD DEL VALLE","2015-06-01","","16.95833333"
"UNIVERSIDAD DEL VALLE","2015-05-31","","16.08333333"
"UNIVERSIDAD DEL VALLE","2015-05-30","","17.20833333"
"UNIVERSIDAD DEL VALLE","2015-05-29","","20.95833333"
"UNIVERSIDAD DEL VALLE","2015-05-28","","13.04347826"
"UNIVERSIDAD DEL VALLE","2015-05-27","","12.45833333"
"UNIVERSIDAD DEL VALLE","2015-05-26","","16.2173913"
"UNIVERSIDAD DEL VALLE","2015-05-25","","15.0"
"UNIVERSIDAD DEL VALLE","2015-05-22","","18.55555556"
"UNIVERSIDAD DEL VALLE","2015-05-21","","14.39130435"
"UNIVERSIDAD DEL VALLE","2015-05-20","","15.66666667"
"UNIVERSIDAD DEL VALLE","2015-05-19","","16.625"
"UNIVERSIDAD DEL VALLE","2015-05-18","","19.83333333"
"UNIVERSIDAD DEL VALLE","2015-05-17","","17.875"
"UNIVERSIDAD DEL VALLE","2015-05-16","","21.86956522"
"UNIVERSIDAD DEL VALLE","2015-05-15","","24.54166667"
"UNIVERSIDAD DEL VALLE","2015-05-14","","22.66666667"
"UNIVERSIDAD DEL VALLE","2015-05-13","","26.0"
"UNIVERSIDAD DEL VALLE","2015-05-12","","25.04166667"
"UNIVERSIDAD DEL VALLE","2015-05-11","","20.58333333"
"UNIVERSIDAD DEL VALLE","2015-05-10","","17.875"
"UNIVERSIDAD DEL VALLE","2015-05-09","","18.08333333"
"UNIVERSIDAD DEL VALLE","2015-05-08","","19.68181818"
"UNIVERSIDAD DEL VALLE","2015-05-07","","14.29166667"
"UNIVERSIDAD DEL VALLE","2015-05-06","","21.34782609"
"UNIVERSIDAD DEL VALLE","2015-05-05","","17.625"
"UNIVERSIDAD DEL VALLE","2015-05-04","","14.81818182"
"UNIVERSIDAD DEL VALLE","2015-05-03","","13.66666667"
"UNIVERSIDAD DEL VALLE","2015-05-02","","13.64285714"
"UNIVERSIDAD DEL VALLE","2015-05-01","","12.45454545"
"UNIVERSIDAD DEL VALLE","2015-04-30","","19.5"
"UNIVERSIDAD DEL VALLE","2015-04-29","","17.69565217"
"UNIVERSIDAD DEL VALLE","2015-04-28","","18.0"
"UNIVERSIDAD DEL VALLE","2015-04-27","","19.11764706"
"UNIVERSIDAD DEL VALLE","2015-04-26","","17.2"
"UNIVERSIDAD DEL VALLE","2015-04-25","","18.71428571"
"UNIVERSIDAD DEL VALLE","2015-04-24","","18.45454545"
"UNIVERSIDAD DEL VALLE","2015-04-23","","17.75"
"UNIVERSIDAD DEL VALLE","2015-04-22","","18.47619048"
"UNIVERSIDAD DEL VALLE","2015-04-21","","20.375"
"UNIVERSIDAD DEL VALLE","2015-04-20","","15.75"
"UNIVERSIDAD DEL VALLE","2015-04-19","","16.95833333"
"UNIVERSIDAD DEL VALLE","2015-04-18","","20.29166667"
"UNIVERSIDAD DEL VALLE","2015-04-17","","17.13043478"
"UNIVERSIDAD DEL VALLE","2015-04-16","","11.375"
"UNIVERSIDAD DEL VALLE","2015-04-15","","14.29166667"
"UNIVERSIDAD DEL VALLE","2015-04-14","","14.875"
"UNIVERSIDAD DEL VALLE","2015-04-13","","23.58823529"
"UNIVERSIDAD DEL VALLE","2015-04-12","","20.71428571"
"UNIVERSIDAD DEL VALLE","2015-04-11","","17.91666667"
"UNIVERSIDAD DEL VALLE","2015-04-10","","23.20833333"
"UNIVERSIDAD DEL VALLE","2015-04-09","","22.91666667"
"UNIVERSIDAD DEL VALLE","2015-04-08","","21.95652174"
"UNIVERSIDAD DEL VALLE","2015-04-07","","18.41666667"
"UNIVERSIDAD DEL VALLE","2015-04-06","","20.41666667"
"UNIVERSIDAD DEL VALLE","2015-04-05","","16.125"
"UNIVERSIDAD DEL VALLE","2015-04-04","","15.125"
"UNIVERSIDAD DEL VALLE","2015-04-03","","13.39130435"
"UNIVERSIDAD DEL VALLE","2015-04-02","","15.54166667"
"UNIVERSIDAD DEL VALLE","2015-04-01","","19.56521739"
"UNIVERSIDAD DEL VALLE","2015-03-31","","27.08333333"
"UNIVERSIDAD DEL VALLE","2015-03-30","","17.45833333"
"UNIVERSIDAD DEL VALLE","2015-03-29","","11.13043478"
"UNIVERSIDAD DEL VALLE","2015-03-28","","17.25"
"UNIVERSIDAD DEL VALLE","2015-03-27","","23.66666667"
"UNIVERSIDAD DEL VALLE","2015-03-26","","22.29166667"
"UNIVERSIDAD DEL VALLE","2015-03-25","","18.36363636"
"UNIVERSIDAD DEL VALLE","2015-03-21","","6.5"
"UNIVERSIDAD DEL VALLE","2015-03-20","","14.04166667"
"UNIVERSIDAD DEL VALLE","2015-03-19","","12.83333333"
"UNIVERSIDAD DEL VALLE","2015-03-18","","10.2173913"
"UNIVERSIDAD DEL VALLE","2015-03-17","","16.58333333"
"UNIVERSIDAD DEL VALLE","2015-03-16","","15.20833333"
"UNIVERSIDAD DEL VALLE","2015-03-15","","24.41666667"
"UNIVERSIDAD DEL VALLE","2015-03-14","","13.41666667"
"UNIVERSIDAD DEL VALLE","2015-03-13","","17.13043478"
"UNIVERSIDAD DEL VALLE","2015-03-12","","16.79166667"
"UNIVERSIDAD DEL VALLE","2015-03-11","","18.66666667"
"UNIVERSIDAD DEL VALLE","2015-03-10","","16.04166667"
"UNIVERSIDAD DEL VALLE","2015-03-09","","18.45833333"
"UNIVERSIDAD DEL VALLE","2015-03-08","","23.20833333"
"UNIVERSIDAD DEL VALLE","2015-03-07","","22.45833333"
"UNIVERSIDAD DEL VALLE","2015-03-06","","22.5"
"UNIVERSIDAD DEL VALLE","2015-03-05","","13.26086957"
"UNIVERSIDAD DEL VALLE","2015-03-04","","6.59090909"
"UNIVERSIDAD DEL VALLE","2015-03-03","","17.0"
"UNIVERSIDAD DEL VALLE","2015-03-02","","18.875"
"UNIVERSIDAD DEL VALLE","2015-03-01","","17.79166667"
"UNIVERSIDAD DEL VALLE","2015-02-28","","20.04166667"
"UNIVERSIDAD DEL VALLE","2015-02-27","","23.75"
"UNIVERSIDAD DEL VALLE","2015-02-26","","24.95652174"
"UNIVERSIDAD DEL VALLE","2015-02-25","","20.45833333"
"UNIVERSIDAD DEL VALLE","2015-02-24","","19.85714286"
"UNIVERSIDAD DEL VALLE","2015-02-23","","27.04166667"
"UNIVERSIDAD DEL VALLE","2015-02-22","","26.5"
"UNIVERSIDAD DEL VALLE","2015-02-21","","25.20833333"
"UNIVERSIDAD DEL VALLE","2015-02-20","","20.125"
"UNIVERSIDAD DEL VALLE","2015-02-19","","17.83333333"
"UNIVERSIDAD DEL VALLE","2015-02-18","","13.91304348"
"UNIVERSIDAD DEL VALLE","2015-02-17","","13.45833333"
"UNIVERSIDAD DEL VALLE","2015-02-16","","16.26086957"
"UNIVERSIDAD DEL VALLE","2015-02-15","","16.58333333"
"UNIVERSIDAD DEL VALLE","2015-02-14","","19.70833333"
"UNIVERSIDAD DEL VALLE","2015-02-13","","22.70833333"
"UNIVERSIDAD DEL VALLE","2015-02-12","","19.73913043"
"UNIVERSIDAD DEL VALLE","2015-02-11","","18.5"
"UNIVERSIDAD DEL VALLE","2015-02-10","","12.75"
"UNIVERSIDAD DEL VALLE","2015-02-09","","8.83333333"
"UNIVERSIDAD DEL VALLE","2015-02-08","","12.91666667"
"UNIVERSIDAD DEL VALLE","2015-02-07","","15.17391304"
"UNIVERSIDAD DEL VALLE","2015-02-06","","21.125"
"UNIVERSIDAD DEL VALLE","2015-02-05","","19.66666667"
"UNIVERSIDAD DEL VALLE","2015-02-04","","16.45833333"
"UNIVERSIDAD DEL VALLE","2015-02-03","","16.33333333"
"UNIVERSIDAD DEL VALLE","2015-02-02","","20.07692308"
"UNIVERSIDAD DEL VALLE","2015-02-01","","13.35294118"
"UNIVERSIDAD DEL VALLE","2015-01-31","","12.79166667"
"UNIVERSIDAD DEL VALLE","2015-01-30","","10.0"
"UNIVERSIDAD DEL VALLE","2015-01-27","","12.875"
"UNIVERSIDAD DEL VALLE","2015-01-26","","13.59090909"
"UNIVERSIDAD DEL VALLE","2015-01-25","","17.04347826"
"UNIVERSIDAD DEL VALLE","2015-01-24","","15.05"
"UNIVERSIDAD DEL VALLE","2015-01-23","","15.33333333"
"UNIVERSIDAD DEL VALLE","2015-01-22","","8.54166667"
"UNIVERSIDAD DEL VALLE","2015-01-21","","15.83333333"
"UNIVERSIDAD DEL VALLE","2015-01-20","","17.08333333"
"UNIVERSIDAD DEL VALLE","2015-01-19","","16.16666667"
"UNIVERSIDAD DEL VALLE","2015-01-18","","14.125"
"UNIVERSIDAD DEL VALLE","2015-01-17","","13.625"
"UNIVERSIDAD DEL VALLE","2015-01-16","","18.70833333"
"UNIVERSIDAD DEL VALLE","2015-01-15","","17.04166667"
"UNIVERSIDAD DEL VALLE","2015-01-14","","14.75"
"UNIVERSIDAD DEL VALLE","2015-01-13","","16.29166667"
"UNIVERSIDAD DEL VALLE","2015-01-12","","21.875"
"UNIVERSIDAD DEL VALLE","2015-01-11","","19.45833333"
"UNIVERSIDAD DEL VALLE","2015-01-10","","20.625"
"UNIVERSIDAD DEL VALLE","2015-01-09","","23.45833333"
"UNIVERSIDAD DEL VALLE","2015-01-08","","22.70833333"
"UNIVERSIDAD DEL VALLE","2015-01-07","","16.78571429"
"UNIVERSIDAD DEL VALLE","2015-01-05","","15.5625"
"UNIVERSIDAD DEL VALLE","2015-01-04","","15.20833333"
"UNIVERSIDAD DEL VALLE","2015-01-03","","17.91666667"
"UNIVERSIDAD DEL VALLE","2015-01-02","","14.33333333"
"UNIVERSIDAD DEL VALLE","2015-01-01","","26.2173913"
"UNIVERSIDAD DEL VALLE","2014-12-31","","20.375"
"UNIVERSIDAD DEL VALLE","2014-12-30","","13.45833333"
"UNIVERSIDAD DEL VALLE","2014-12-29","","16.56521739"
"UNIVERSIDAD DEL VALLE","2014-12-28","","16.58333333"
"UNIVERSIDAD DEL VALLE","2014-12-27","","21.54166667"
"UNIVERSIDAD DEL VALLE","2014-12-26","","13.83333333"
"UNIVERSIDAD DEL VALLE","2014-12-25","","16.58333333"
"UNIVERSIDAD DEL VALLE","2014-12-24","","18.54545455"
"UNIVERSIDAD DEL VALLE","2014-12-23","","23.625"
"UNIVERSIDAD DEL VALLE","2014-12-22","","25.66666667"
"UNIVERSIDAD DEL VALLE","2014-12-21","","21.875"
"UNIVERSIDAD DEL VALLE","2014-12-20","","16.91666667"
"UNIVERSIDAD DEL VALLE","2014-12-19","","17.76190476"
"UNIVERSIDAD DEL VALLE","2014-12-18","","20.08333333"
"UNIVERSIDAD DEL VALLE","2014-12-17","","18.04166667"
"UNIVERSIDAD DEL VALLE","2014-12-16","","24.91666667"
"UNIVERSIDAD DEL VALLE","2014-12-15","","11.5"
"UNIVERSIDAD DEL VALLE","2014-12-14","","7.11764706"
"UNIVERSIDAD DEL VALLE","2014-12-13","","5.95"
"UNIVERSIDAD DEL VALLE","2014-12-12","","13.70833333"
"UNIVERSIDAD DEL VALLE","2014-12-11","","18.30434783"
"UNIVERSIDAD DEL VALLE","2014-12-10","","21.04545455"
"UNIVERSIDAD DEL VALLE","2014-12-09","","8.42857143"
"UNIVERSIDAD DEL VALLE","2014-12-08","","11.54166667"
"UNIVERSIDAD DEL VALLE","2014-12-07","","9.45454545"
"UNIVERSIDAD DEL VALLE","2014-12-06","","9.04347826"
"UNIVERSIDAD DEL VALLE","2014-12-05","","8.69230769"
"UNIVERSIDAD DEL VALLE","2014-12-04","","10.6875"
"UNIVERSIDAD DEL VALLE","2014-12-03","","10.43478261"
"UNIVERSIDAD DEL VALLE","2014-12-02","","13.04347826"
"UNIVERSIDAD DEL VALLE","2014-12-01","","13.41666667"
"UNIVERSIDAD DEL VALLE","2014-11-30","","12.40909091"
"UNIVERSIDAD DEL VALLE","2014-11-29","","14.85714286"
"UNIVERSIDAD DEL VALLE","2014-11-28","","18.79166667"
"UNIVERSIDAD DEL VALLE","2014-11-27","","18.36842105"
"UNIVERSIDAD DEL VALLE","2014-11-26","","10.23809524"
"UNIVERSIDAD DEL VALLE","2014-11-25","","8.08333333"
"UNIVERSIDAD DEL VALLE","2014-11-24","","13.86956522"
"UNIVERSIDAD DEL VALLE","2014-11-23","","10.31818182"
"UNIVERSIDAD DEL VALLE","2014-11-22","","6.2173913"
"UNIVERSIDAD DEL VALLE","2014-11-21","","11.79166667"
"UNIVERSIDAD DEL VALLE","2014-11-20","","13.2173913"
"UNIVERSIDAD DEL VALLE","2014-11-19","","9.75"
"UNIVERSIDAD DEL VALLE","2014-11-18","","9.0"
"UNIVERSIDAD DEL VALLE","2014-11-16","","17.16666667"
"UNIVERSIDAD DEL VALLE","2014-11-15","","7.4"
"UNIVERSIDAD DEL VALLE","2014-11-14","","15.70833333"
"UNIVERSIDAD DEL VALLE","2014-11-13","","9.375"
"UNIVERSIDAD DEL VALLE","2014-11-12","","6.88888889"
"UNIVERSIDAD DEL VALLE","2014-11-11","","3.5"
"UNIVERSIDAD DEL VALLE","2014-11-10","","2.35294118"
"UNIVERSIDAD DEL VALLE","2014-11-09","","5.69230769"
"UNIVERSIDAD DEL VALLE","2014-11-08","","6.26666667"
"UNIVERSIDAD DEL VALLE","2014-11-07","","10.13333333"
"UNIVERSIDAD DEL VALLE","2014-11-06","","5.64285714"
"UNIVERSIDAD DEL VALLE","2014-11-05","","5.63157895"
"UNIVERSIDAD DEL VALLE","2014-11-04","","8.18181818"
"UNIVERSIDAD DEL VALLE","2014-11-03","","14.1"
"UNIVERSIDAD DEL VALLE","2014-11-02","","14.5"
"UNIVERSIDAD DEL VALLE","2014-11-01","","10.60869565"
"UNIVERSIDAD DEL VALLE","2014-10-31","","8.47826087"
"UNIVERSIDAD DEL VALLE","2014-10-30","","7.13636364"
"UNIVERSIDAD DEL VALLE","2014-10-29","","9.47058824"
"UNIVERSIDAD DEL VALLE","2014-10-28","","14.53846154"
"UNIVERSIDAD DEL VALLE","2014-10-27","","18.38888889"
"UNIVERSIDAD DEL VALLE","2014-10-26","","4.75"
"UNIVERSIDAD DEL VALLE","2014-10-25","","6.07692308"
"UNIVERSIDAD DEL VALLE","2014-10-24","","13.26315789"
"UNIVERSIDAD DEL VALLE","2014-10-23","","13.875"
"UNIVERSIDAD DEL VALLE","2014-10-22","","13.73913043"
"UNIVERSIDAD DEL VALLE","2014-10-21","","16.875"
"UNIVERSIDAD DEL VALLE","2014-10-20","","12.43478261"
"UNIVERSIDAD DEL VALLE","2014-10-19","","6.375"
"UNIVERSIDAD DEL VALLE","2014-10-18","","10.86956522"
"UNIVERSIDAD DEL VALLE","2014-10-17","","18.91666667"
"UNIVERSIDAD DEL VALLE","2014-10-16","","17.83333333"
"UNIVERSIDAD DEL VALLE","2014-10-15","","18.2173913"
"UNIVERSIDAD DEL VALLE","2014-10-14","","14.54166667"
"UNIVERSIDAD DEL VALLE","2014-10-13","","17.66666667"
"UNIVERSIDAD DEL VALLE","2014-10-12","","21.5"
"UNIVERSIDAD DEL VALLE","2014-10-11","","12.91666667"
"UNIVERSIDAD DEL VALLE","2014-10-10","","14.22222222"
"UNIVERSIDAD DEL VALLE","2014-10-09","","14.5625"
"UNIVERSIDAD DEL VALLE","2014-10-08","","9.04545455"
"UNIVERSIDAD DEL VALLE","2014-10-07","","9.86363636"
"UNIVERSIDAD DEL VALLE","2014-10-06","","11.23809524"
"UNIVERSIDAD DEL VALLE","2014-10-05","","7.33333333"
"UNIVERSIDAD DEL VALLE","2014-10-04","","13.54545455"
"UNIVERSIDAD DEL VALLE","2014-10-03","","21.08695652"
"UNIVERSIDAD DEL VALLE","2014-10-02","","24.75"
"UNIVERSIDAD DEL VALLE","2014-10-01","","17.79166667"
"UNIVERSIDAD DEL VALLE","2014-09-30","","13.43478261"
"UNIVERSIDAD DEL VALLE","2014-09-29","","17.70833333"
"UNIVERSIDAD DEL VALLE","2014-09-28","","18.41666667"
"UNIVERSIDAD DEL VALLE","2014-09-27","","17.58333333"
"UNIVERSIDAD DEL VALLE","2014-09-26","","17.25"
"UNIVERSIDAD DEL VALLE","2014-09-25","","12.35"
"UNIVERSIDAD DEL VALLE","2014-09-24","","16.65217391"
"UNIVERSIDAD DEL VALLE","2014-09-23","","14.375"
"UNIVERSIDAD DEL VALLE","2014-09-22","","10.69565217"
"UNIVERSIDAD DEL VALLE","2014-09-21","","16.45833333"
"UNIVERSIDAD DEL VALLE","2014-09-20","","18.70833333"
"UNIVERSIDAD DEL VALLE","2014-09-19","","20.69565217"
"UNIVERSIDAD DEL VALLE","2014-09-18","","20.0"
"UNIVERSIDAD DEL VALLE","2014-09-17","","20.33333333"
"UNIVERSIDAD DEL VALLE","2014-09-16","","15.47826087"
"UNIVERSIDAD DEL VALLE","2014-09-15","","13.83333333"
"UNIVERSIDAD DEL VALLE","2014-09-14","","16.52173913"
"UNIVERSIDAD DEL VALLE","2014-09-13","","19.29166667"
"UNIVERSIDAD DEL VALLE","2014-09-12","","18.0"
"UNIVERSIDAD DEL VALLE","2014-09-11","","24.54166667"
"UNIVERSIDAD DEL VALLE","2014-09-10","","20.375"
"UNIVERSIDAD DEL VALLE","2014-09-09","","19.125"
"UNIVERSIDAD DEL VALLE","2014-09-08","","19.16666667"
"UNIVERSIDAD DEL VALLE","2014-09-07","","18.33333333"
"UNIVERSIDAD DEL VALLE","2014-09-06","","21.125"
"UNIVERSIDAD DEL VALLE","2014-09-05","","20.875"
"UNIVERSIDAD DEL VALLE","2014-09-04","","19.625"
"UNIVERSIDAD DEL VALLE","2014-09-03","","26.56521739"
"UNIVERSIDAD DEL VALLE","2014-09-02","","26.40909091"
"UNIVERSIDAD DEL VALLE","2014-09-01","","44.16666667"
"UNIVERSIDAD DEL VALLE","2014-08-31","","24.5"
"UNIVERSIDAD DEL VALLE","2014-08-30","","19.83333333"
"UNIVERSIDAD DEL VALLE","2014-08-29","","71.20833333"
"UNIVERSIDAD DEL VALLE","2014-08-28","","19.0"
"UNIVERSIDAD DEL VALLE","2014-08-27","","16.08333333"
"UNIVERSIDAD DEL VALLE","2014-08-26","","19.5"
"UNIVERSIDAD DEL VALLE","2014-08-25","","19.70833333"
"UNIVERSIDAD DEL VALLE","2014-08-24","","18.0952381"
"UNIVERSIDAD DEL VALLE","2014-08-23","","19.33333333"
"UNIVERSIDAD DEL VALLE","2014-08-22","","13.28571429"
"UNIVERSIDAD DEL VALLE","2014-08-21","","16.76190476"
"UNIVERSIDAD DEL VALLE","2014-08-20","","17.08333333"
"UNIVERSIDAD DEL VALLE","2014-08-19","","12.95833333"
"UNIVERSIDAD DEL VALLE","2014-08-18","","13.41666667"
"UNIVERSIDAD DEL VALLE","2014-08-17","","18.875"
"UNIVERSIDAD DEL VALLE","2014-08-16","","20.75"
"UNIVERSIDAD DEL VALLE","2014-08-15","","17.54166667"
"UNIVERSIDAD DEL VALLE","2014-08-14","","18.08333333"
"UNIVERSIDAD DEL VALLE","2014-08-13","","18.2173913"
"UNIVERSIDAD DEL VALLE","2014-08-12","","17.95454545"
"UNIVERSIDAD DEL VALLE","2014-08-11","","7.52380952"
"UNIVERSIDAD DEL VALLE","2014-08-10","","11.33333333"
"UNIVERSIDAD DEL VALLE","2014-08-09","","19.29166667"
"UNIVERSIDAD DEL VALLE","2014-08-08","","19.875"
"UNIVERSIDAD DEL VALLE","2014-08-07","","17.5"
"UNIVERSIDAD DEL VALLE","2014-08-06","","23.41666667"
"UNIVERSIDAD DEL VALLE","2014-08-05","","21.41666667"
"UNIVERSIDAD DEL VALLE","2014-08-04","","18.91666667"
"UNIVERSIDAD DEL VALLE","2014-08-03","","11.91666667"
"UNIVERSIDAD DEL VALLE","2014-08-02","","22.95833333"
"UNIVERSIDAD DEL VALLE","2014-08-01","","19.60869565"
"UNIVERSIDAD DEL VALLE","2014-07-22","","21.91666667"
"UNIVERSIDAD DEL VALLE","2014-07-21","","15.66666667"
"UNIVERSIDAD DEL VALLE","2014-07-20","","16.08333333"
"UNIVERSIDAD DEL VALLE","2014-07-19","","14.125"
"UNIVERSIDAD DEL VALLE","2014-07-18","","18.22727273"
"UNIVERSIDAD DEL VALLE","2014-07-17","","20.83333333"
"UNIVERSIDAD DEL VALLE","2014-07-16","","25.04166667"
"UNIVERSIDAD DEL VALLE","2014-07-15","","18.08333333"
"UNIVERSIDAD DEL VALLE","2014-07-14","","15.43478261"
"UNIVERSIDAD DEL VALLE","2014-07-13","","12.5"
"UNIVERSIDAD DEL VALLE","2014-07-12","","14.33333333"
"UNIVERSIDAD DEL VALLE","2014-07-11","","23.5"
"UNIVERSIDAD DEL VALLE","2014-07-10","","22.66666667"
"UNIVERSIDAD DEL VALLE","2014-07-09","","22.25"
"UNIVERSIDAD DEL VALLE","2014-07-08","","22.125"
"UNIVERSIDAD DEL VALLE","2014-07-07","","16.375"
"UNIVERSIDAD DEL VALLE","2014-07-06","","16.45833333"
"UNIVERSIDAD DEL VALLE","2014-07-05","","18.65217391"
"UNIVERSIDAD DEL VALLE","2014-07-04","","15.04166667"
"UNIVERSIDAD DEL VALLE","2014-07-03","","17.95833333"
"UNIVERSIDAD DEL VALLE","2014-07-02","","15.5"
"UNIVERSIDAD DEL VALLE","2014-07-01","","15.04545455"
"UNIVERSIDAD DEL VALLE","2014-06-30","","11.39130435"
"UNIVERSIDAD DEL VALLE","2014-06-29","","16.875"
"UNIVERSIDAD DEL VALLE","2014-06-28","","20.66666667"
"UNIVERSIDAD DEL VALLE","2014-06-27","","18.125"
"UNIVERSIDAD DEL VALLE","2014-06-26","","20.25"
"UNIVERSIDAD DEL VALLE","2014-06-25","","10.13043478"
"UNIVERSIDAD DEL VALLE","2014-06-24","","16.65217391"
"UNIVERSIDAD DEL VALLE","2014-06-23","","21.54166667"
"UNIVERSIDAD DEL VALLE","2014-06-22","","26.0"
"UNIVERSIDAD DEL VALLE","2014-06-21","","23.75"
"UNIVERSIDAD DEL VALLE","2014-06-20","","13.45833333"
"UNIVERSIDAD DEL VALLE","2014-06-19","","18.04166667"
"UNIVERSIDAD DEL VALLE","2014-06-18","","20.79166667"
"UNIVERSIDAD DEL VALLE","2014-06-17","","17.08333333"
"UNIVERSIDAD DEL VALLE","2014-06-16","","17.26086957"
"UNIVERSIDAD DEL VALLE","2014-06-15","","13.95833333"
"UNIVERSIDAD DEL VALLE","2014-06-14","","20.04166667"
"UNIVERSIDAD DEL VALLE","2014-06-13","","17.125"
"UNIVERSIDAD DEL VALLE","2014-06-12","","17.40909091"
"UNIVERSIDAD DEL VALLE","2014-06-11","","21.2173913"
"UNIVERSIDAD DEL VALLE","2014-06-10","","17.625"
"UNIVERSIDAD DEL VALLE","2014-06-09","","13.7826087"
"UNIVERSIDAD DEL VALLE","2014-06-08","","9.73913043"
"UNIVERSIDAD DEL VALLE","2014-06-07","","17.20833333"
"UNIVERSIDAD DEL VALLE","2014-06-06","","19.33333333"
"UNIVERSIDAD DEL VALLE","2014-06-05","","20.83333333"
"UNIVERSIDAD DEL VALLE","2014-06-04","","20.04166667"
"UNIVERSIDAD DEL VALLE","2014-06-03","","15.33333333"
"UNIVERSIDAD DEL VALLE","2014-06-02","","12.47826087"
"UNIVERSIDAD DEL VALLE","2014-06-01","","14.70833333"
"UNIVERSIDAD DEL VALLE","2014-05-31","","24.95833333"
"UNIVERSIDAD DEL VALLE","2014-05-30","","19.0"
"UNIVERSIDAD DEL VALLE","2014-05-29","","14.43478261"
"UNIVERSIDAD DEL VALLE","2014-05-28","","21.25"
"UNIVERSIDAD DEL VALLE","2014-05-27","","28.13043478"
"UNIVERSIDAD DEL VALLE","2014-05-26","","23.31818182"
"UNIVERSIDAD DEL VALLE","2014-05-25","","15.91666667"
"UNIVERSIDAD DEL VALLE","2014-05-24","","18.08333333"
"UNIVERSIDAD DEL VALLE","2014-05-23","","22.91666667"
"UNIVERSIDAD DEL VALLE","2014-05-22","","21.25"
"UNIVERSIDAD DEL VALLE","2014-05-21","","22.33333333"
"UNIVERSIDAD DEL VALLE","2014-05-20","","16.66666667"
"UNIVERSIDAD DEL VALLE","2014-05-19","","18.66666667"
"UNIVERSIDAD DEL VALLE","2014-05-18","","14.91666667"
"UNIVERSIDAD DEL VALLE","2014-05-17","","22.54166667"
"UNIVERSIDAD DEL VALLE","2014-05-16","","12.58333333"
"UNIVERSIDAD DEL VALLE","2014-05-15","","12.04545455"
"UNIVERSIDAD DEL VALLE","2014-05-14","","15.83333333"
"UNIVERSIDAD DEL VALLE","2014-05-13","","18.5"
"UNIVERSIDAD DEL VALLE","2014-05-12","","11.66666667"
"UNIVERSIDAD DEL VALLE","2014-05-11","","9.0"
"UNIVERSIDAD DEL VALLE","2014-05-10","","13.16666667"
"UNIVERSIDAD DEL VALLE","2014-05-09","","8.66666667"
"UNIVERSIDAD DEL VALLE","2014-05-08","","15.0"
"UNIVERSIDAD DEL VALLE","2014-05-07","","13.66666667"
"UNIVERSIDAD DEL VALLE","2014-05-06","","12.33333333"
"UNIVERSIDAD DEL VALLE","2014-05-05","","12.26086957"
"UNIVERSIDAD DEL VALLE","2014-05-04","","11.08333333"
"UNIVERSIDAD DEL VALLE","2014-05-03","","8.95833333"
"UNIVERSIDAD DEL VALLE","2014-05-02","","9.7826087"
"UNIVERSIDAD DEL VALLE","2014-05-01","","14.75"
"UNIVERSIDAD DEL VALLE","2014-04-30","","11.41666667"
"UNIVERSIDAD DEL VALLE","2014-04-29","","12.625"
"UNIVERSIDAD DEL VALLE","2014-04-28","","10.33333333"
"UNIVERSIDAD DEL VALLE","2014-04-27","","7.66666667"
"UNIVERSIDAD DEL VALLE","2014-04-26","","5.58823529"
"UNIVERSIDAD DEL VALLE","2014-04-25","","14.91304348"
"UNIVERSIDAD DEL VALLE","2014-04-24","","15.5"
"UNIVERSIDAD DEL VALLE","2014-04-23","","8.66666667"
"UNIVERSIDAD DEL VALLE","2014-04-22","","11.0"
"UNIVERSIDAD DEL VALLE","2014-04-21","","11.0952381"
"UNIVERSIDAD DEL VALLE","2014-04-20","","10.375"
"UNIVERSIDAD DEL VALLE","2014-04-19","","14.125"
"UNIVERSIDAD DEL VALLE","2014-04-18","","15.875"
"UNIVERSIDAD DEL VALLE","2014-04-17","","16.75"
"UNIVERSIDAD DEL VALLE","2014-04-16","","21.95833333"
"UNIVERSIDAD DEL VALLE","2014-04-15","","12.0"
"UNIVERSIDAD DEL VALLE","2014-04-14","","15.70833333"
"UNIVERSIDAD DEL VALLE","2014-04-13","","18.60869565"
"UNIVERSIDAD DEL VALLE","2014-04-12","","17.45833333"
"UNIVERSIDAD DEL VALLE","2014-04-11","","15.46153846"
"UNIVERSIDAD DEL VALLE","2014-04-10","","21.625"
"UNIVERSIDAD DEL VALLE","2014-04-09","","14.18181818"
"UNIVERSIDAD DEL VALLE","2014-04-08","","11.6"
"UNIVERSIDAD DEL VALLE","2014-04-07","","10.42857143"
"UNIVERSIDAD DEL VALLE","2014-04-06","","10.33333333"
"UNIVERSIDAD DEL VALLE","2014-04-05","","17.125"
"UNIVERSIDAD DEL VALLE","2014-04-04","","17.66666667"
"UNIVERSIDAD DEL VALLE","2014-04-03","","19.0"
"UNIVERSIDAD DEL VALLE","2014-04-02","","26.11764706"
"UNIVERSIDAD DEL VALLE","2014-04-01","","20.33333333"
"UNIVERSIDAD DEL VALLE","2014-03-31","","13.86363636"
"UNIVERSIDAD DEL VALLE","2014-03-30","","10.66666667"
"UNIVERSIDAD DEL VALLE","2014-03-29","","12.29166667"
"UNIVERSIDAD DEL VALLE","2014-03-28","","18.91666667"
"UNIVERSIDAD DEL VALLE","2014-03-27","","14.0"
"UNIVERSIDAD DEL VALLE","2014-03-26","","8.75"
"UNIVERSIDAD DEL VALLE","2014-03-25","","13.66666667"
"UNIVERSIDAD DEL VALLE","2014-03-24","","13.22727273"
"UNIVERSIDAD DEL VALLE","2014-03-23","","15.54166667"
"UNIVERSIDAD DEL VALLE","2014-03-22","","12.33333333"
"UNIVERSIDAD DEL VALLE","2014-03-21","","8.59090909"
"UNIVERSIDAD DEL VALLE","2014-03-20","","17.04347826"
"UNIVERSIDAD DEL VALLE","2014-03-19","","16.33333333"
"UNIVERSIDAD DEL VALLE","2014-03-18","","10.56521739"
"UNIVERSIDAD DEL VALLE","2014-03-17","","7.75"
"UNIVERSIDAD DEL VALLE","2014-03-16","","14.0952381"
"UNIVERSIDAD DEL VALLE","2014-03-15","","14.16666667"
"UNIVERSIDAD DEL VALLE","2014-03-14","","13.625"
"UNIVERSIDAD DEL VALLE","2014-03-13","","16.125"
"UNIVERSIDAD DEL VALLE","2014-03-12","","13.66666667"
"UNIVERSIDAD DEL VALLE","2014-03-11","","12.375"
"UNIVERSIDAD DEL VALLE","2014-03-10","","9.5"
"UNIVERSIDAD DEL VALLE","2014-03-09","","9.875"
"UNIVERSIDAD DEL VALLE","2014-03-08","","12.33333333"
"UNIVERSIDAD DEL VALLE","2014-03-07","","14.54166667"
"UNIVERSIDAD DEL VALLE","2014-03-06","","13.66666667"
"UNIVERSIDAD DEL VALLE","2014-03-05","","13.0"
"UNIVERSIDAD DEL VALLE","2014-03-04","","12.18181818"
"UNIVERSIDAD DEL VALLE","2014-03-03","","8.77272727"
"UNIVERSIDAD DEL VALLE","2014-03-02","","7.31818182"
"UNIVERSIDAD DEL VALLE","2014-03-01","","6.69565217"
"UNIVERSIDAD DEL VALLE","2014-02-28","","11.23809524"
"UNIVERSIDAD DEL VALLE","2014-02-27","","11.0952381"
"UNIVERSIDAD DEL VALLE","2014-02-26","","14.45454545"
"UNIVERSIDAD DEL VALLE","2014-02-25","","12.70588235"
"UNIVERSIDAD DEL VALLE","2014-02-24","","10.15"
"UNIVERSIDAD DEL VALLE","2014-02-23","","9.25"
"UNIVERSIDAD DEL VALLE","2014-02-22","","13.54166667"
"UNIVERSIDAD DEL VALLE","2014-02-21","","13.86956522"
"UNIVERSIDAD DEL VALLE","2014-02-20","","12.43478261"
"UNIVERSIDAD DEL VALLE","2014-02-19","","15.0"
"UNIVERSIDAD DEL VALLE","2014-02-18","","17.23809524"
"UNIVERSIDAD DEL VALLE","2014-02-17","","12.04166667"
"UNIVERSIDAD DEL VALLE","2014-02-16","","12.45833333"
"UNIVERSIDAD DEL VALLE","2014-02-15","","17.45833333"
"UNIVERSIDAD DEL VALLE","2014-02-14","","12.6"
"UNIVERSIDAD DEL VALLE","2014-02-13","","9.31818182"
"UNIVERSIDAD DEL VALLE","2014-02-12","","8.7826087"
"UNIVERSIDAD DEL VALLE","2014-02-11","","19.08333333"
"UNIVERSIDAD DEL VALLE","2014-02-10","","14.0"
"UNIVERSIDAD DEL VALLE","2014-02-09","","15.17391304"
"UNIVERSIDAD DEL VALLE","2014-02-08","","18.29166667"
"UNIVERSIDAD DEL VALLE","2014-02-07","","19.20833333"
"UNIVERSIDAD DEL VALLE","2014-02-06","","31.5"
"UNIVERSIDAD DEL VALLE","2014-02-05","","10.29166667"
"UNIVERSIDAD DEL VALLE","2014-02-04","","15.73913043"
"UNIVERSIDAD DEL VALLE","2014-02-03","","13.76923077"
"UNIVERSIDAD DEL VALLE","2014-02-01","","23.76470588"
"UNIVERSIDAD DEL VALLE","2014-01-31","","25.60869565"
"UNIVERSIDAD DEL VALLE","2014-01-30","","10.625"
"UNIVERSIDAD DEL VALLE","2014-01-29","","12.25"
"UNIVERSIDAD DEL VALLE","2014-01-28","","15.83333333"
"UNIVERSIDAD DEL VALLE","2014-01-27","","11.14285714"
"UNIVERSIDAD DEL VALLE","2014-01-26","","6.82608696"
"UNIVERSIDAD DEL VALLE","2014-01-25","","9.68181818"
"UNIVERSIDAD DEL VALLE","2014-01-24","","13.91666667"
"UNIVERSIDAD DEL VALLE","2014-01-23","","12.125"
"UNIVERSIDAD DEL VALLE","2014-01-22","","13.15789474"
"UNIVERSIDAD DEL VALLE","2014-01-21","","9.43478261"
"UNIVERSIDAD DEL VALLE","2014-01-20","","8.45833333"
"UNIVERSIDAD DEL VALLE","2014-01-19","","12.6875"
"UNIVERSIDAD DEL VALLE","2014-01-18","","19.375"
"UNIVERSIDAD DEL VALLE","2014-01-17","","17.58333333"
"UNIVERSIDAD DEL VALLE","2014-01-16","","17.15"
"UNIVERSIDAD DEL VALLE","2014-01-15","","10.41666667"
"UNIVERSIDAD DEL VALLE","2014-01-14","","12.40909091"
"UNIVERSIDAD DEL VALLE","2014-01-13","","12.33333333"
"UNIVERSIDAD DEL VALLE","2014-01-12","","14.91666667"
"UNIVERSIDAD DEL VALLE","2014-01-11","","9.625"
"UNIVERSIDAD DEL VALLE","2014-01-10","","10.69565217"
"UNIVERSIDAD DEL VALLE","2014-01-09","","14.91666667"
"UNIVERSIDAD DEL VALLE","2014-01-08","","10.70833333"
"UNIVERSIDAD DEL VALLE","2014-01-07","","11.20833333"
"UNIVERSIDAD DEL VALLE","2014-01-06","","7.17391304"
"UNIVERSIDAD DEL VALLE","2014-01-05","","11.66666667"
"UNIVERSIDAD DEL VALLE","2014-01-04","","12.95833333"
"UNIVERSIDAD DEL VALLE","2014-01-03","","9.73913043"
"UNIVERSIDAD DEL VALLE","2014-01-02","","9.91666667"
"UNIVERSIDAD DEL VALLE","2014-01-01","","13.375"
"UNIVERSIDAD DEL VALLE","2013-12-31","","9.08695652"
"UNIVERSIDAD DEL VALLE","2013-12-30","","10.56521739"
"UNIVERSIDAD DEL VALLE","2013-12-29","","15.04545455"
"UNIVERSIDAD DEL VALLE","2013-12-28","","19.20833333"
"UNIVERSIDAD DEL VALLE","2013-12-27","","16.70833333"
"UNIVERSIDAD DEL VALLE","2013-12-26","","14.66666667"
"UNIVERSIDAD DEL VALLE","2013-12-25","","12.91666667"
"UNIVERSIDAD DEL VALLE","2013-12-24","","14.45454545"
"UNIVERSIDAD DEL VALLE","2013-12-23","","10.10526316"
"UNIVERSIDAD DEL VALLE","2013-12-22","","5.5"
"UNIVERSIDAD DEL VALLE","2013-12-21","","7.04545455"
"UNIVERSIDAD DEL VALLE","2013-12-20","","11.95833333"
"UNIVERSIDAD DEL VALLE","2013-12-19","","10.08333333"
"UNIVERSIDAD DEL VALLE","2013-12-18","","12.83333333"
"UNIVERSIDAD DEL VALLE","2013-12-17","","11.17647059"
"UNIVERSIDAD DEL VALLE","2013-12-16","","10.52173913"
"UNIVERSIDAD DEL VALLE","2013-12-15","","9.57142857"
"UNIVERSIDAD DEL VALLE","2013-12-14","","13.66666667"
"UNIVERSIDAD DEL VALLE","2013-12-13","","9.75"
"UNIVERSIDAD DEL VALLE","2013-12-12","","14.33333333"
"UNIVERSIDAD DEL VALLE","2013-12-11","","15.66666667"
"UNIVERSIDAD DEL VALLE","2013-12-10","","14.54166667"
"UNIVERSIDAD DEL VALLE","2013-12-09","","13.9047619"
"UNIVERSIDAD DEL VALLE","2013-12-08","","8.45833333"
"UNIVERSIDAD DEL VALLE","2013-12-07","","9.25"
"UNIVERSIDAD DEL VALLE","2013-12-06","","13.47826087"
"UNIVERSIDAD DEL VALLE","2013-12-05","","17.66666667"
"UNIVERSIDAD DEL VALLE","2013-12-04","","22.375"
"UNIVERSIDAD DEL VALLE","2013-12-03","","13.29166667"
"UNIVERSIDAD DEL VALLE","2013-12-02","","8.875"
"UNIVERSIDAD DEL VALLE","2013-12-01","","13.04166667"
"UNIVERSIDAD DEL VALLE","2013-11-30","","9.68181818"
"UNIVERSIDAD DEL VALLE","2013-11-29","","15.33333333"
"UNIVERSIDAD DEL VALLE","2013-11-28","","12.5"
"UNIVERSIDAD DEL VALLE","2013-11-27","","7.5"
"UNIVERSIDAD DEL VALLE","2013-11-25","","12.19047619"
"UNIVERSIDAD DEL VALLE","2013-11-24","","11.125"
"UNIVERSIDAD DEL VALLE","2013-11-23","","14.58333333"
"UNIVERSIDAD DEL VALLE","2013-11-22","","15.81818182"
"UNIVERSIDAD DEL VALLE","2013-11-21","","14.9047619"
"UNIVERSIDAD DEL VALLE","2013-11-20","","11.125"
"UNIVERSIDAD DEL VALLE","2013-11-19","","13.0"
"UNIVERSIDAD DEL VALLE","2013-11-18","","13.08333333"
"UNIVERSIDAD DEL VALLE","2013-11-17","","10.89473684"
"UNIVERSIDAD DEL VALLE","2013-11-16","","14.91666667"
"UNIVERSIDAD DEL VALLE","2013-11-15","","14.91666667"
"UNIVERSIDAD DEL VALLE","2013-11-14","","20.16666667"
"UNIVERSIDAD DEL VALLE","2013-11-13","","17.65217391"
"UNIVERSIDAD DEL VALLE","2013-11-12","","14.29166667"
"UNIVERSIDAD DEL VALLE","2013-11-11","","13.0"
"UNIVERSIDAD DEL VALLE","2013-11-10","","14.36363636"
"UNIVERSIDAD DEL VALLE","2013-11-09","","10.75"
"UNIVERSIDAD DEL VALLE","2013-11-08","","8.58333333"
"UNIVERSIDAD DEL VALLE","2013-11-07","","15.25"
"UNIVERSIDAD DEL VALLE","2013-11-06","","11.45833333"
"UNIVERSIDAD DEL VALLE","2013-11-05","","16.0"
"UNIVERSIDAD DEL VALLE","2013-11-04","","5.90909091"
"UNIVERSIDAD DEL VALLE","2013-11-03","","3.16666667"
"UNIVERSIDAD DEL VALLE","2013-11-02","","7.05263158"
"UNIVERSIDAD DEL VALLE","2013-11-01","","4.7"
"UNIVERSIDAD DEL VALLE","2013-10-31","","3.18181818"
"UNIVERSIDAD DEL VALLE","2013-10-30","","10.35"
"UNIVERSIDAD DEL VALLE","2013-10-29","","8.45454545"
"UNIVERSIDAD DEL VALLE","2013-10-28","","9.0"
"UNIVERSIDAD DEL VALLE","2013-10-27","","5.42857143"
"UNIVERSIDAD DEL VALLE","2013-10-26","","8.09090909"
"UNIVERSIDAD DEL VALLE","2013-10-25","","14.26086957"
"UNIVERSIDAD DEL VALLE","2013-10-24","","12.625"
"UNIVERSIDAD DEL VALLE","2013-10-23","","11.6"
"UNIVERSIDAD DEL VALLE","2013-10-22","","6.25"
"UNIVERSIDAD DEL VALLE","2013-10-21","","6.57894737"
"UNIVERSIDAD DEL VALLE","2013-10-20","","15.34782609"
"UNIVERSIDAD DEL VALLE","2013-10-19","","16.27272727"
"UNIVERSIDAD DEL VALLE","2013-10-18","","14.875"
"UNIVERSIDAD DEL VALLE","2013-10-17","","14.91666667"
"UNIVERSIDAD DEL VALLE","2013-10-16","","14.95652174"
"UNIVERSIDAD DEL VALLE","2013-10-15","","13.72727273"
"UNIVERSIDAD DEL VALLE","2013-10-14","","6.70833333"
"UNIVERSIDAD DEL VALLE","2013-10-13","","8.77272727"
"UNIVERSIDAD DEL VALLE","2013-10-12","","10.0"
"UNIVERSIDAD DEL VALLE","2013-10-11","","16.0952381"
"UNIVERSIDAD DEL VALLE","2013-10-10","","15.58333333"
"UNIVERSIDAD DEL VALLE","2013-10-09","","14.0"
"UNIVERSIDAD DEL VALLE","2013-10-08","","14.66666667"
"UNIVERSIDAD DEL VALLE","2013-10-07","","12.7"
"UNIVERSIDAD DEL VALLE","2013-10-06","","8.95238095"
"UNIVERSIDAD DEL VALLE","2013-10-05","","11.13636364"
"UNIVERSIDAD DEL VALLE","2013-10-04","","12.0"
"UNIVERSIDAD DEL VALLE","2013-10-03","","6.46153846"
"UNIVERSIDAD DEL VALLE","2013-10-02","","11.2173913"
"UNIVERSIDAD DEL VALLE","2013-10-01","","12.4"
"UNIVERSIDAD DEL VALLE","2013-09-30","","5.26315789"
"UNIVERSIDAD DEL VALLE","2013-09-29","","2.41666667"
"UNIVERSIDAD DEL VALLE","2013-09-28","","10.08333333"
"UNIVERSIDAD DEL VALLE","2013-09-27","","12.08333333"
"UNIVERSIDAD DEL VALLE","2013-09-26","","8.04347826"
"UNIVERSIDAD DEL VALLE","2013-09-25","","10.75"
"UNIVERSIDAD DEL VALLE","2013-09-24","","13.0"
"UNIVERSIDAD DEL VALLE","2013-09-23","","8.29166667"
"UNIVERSIDAD DEL VALLE","2013-09-22","","10.27272727"
"UNIVERSIDAD DEL VALLE","2013-09-21","","11.95833333"
"UNIVERSIDAD DEL VALLE","2013-09-20","","16.92307692"
"UNIVERSIDAD DEL VALLE","2013-09-13","","4.57142857"
"UNIVERSIDAD DEL VALLE","2013-09-12","","8.58333333"
"UNIVERSIDAD DEL VALLE","2013-09-11","","9.25"
"UNIVERSIDAD DEL VALLE","2013-09-10","","4.30434783"
"UNIVERSIDAD DEL VALLE","2013-09-09","","8.625"
"UNIVERSIDAD DEL VALLE","2013-09-08","","13.08333333"
"UNIVERSIDAD DEL VALLE","2013-09-07","","12.13043478"
"UNIVERSIDAD DEL VALLE","2013-09-06","","8.58333333"
"UNIVERSIDAD DEL VALLE","2013-09-05","","13.58333333"
"UNIVERSIDAD DEL VALLE","2013-09-04","","14.625"
"UNIVERSIDAD DEL VALLE","2013-09-03","","16.625"
"UNIVERSIDAD DEL VALLE","2013-09-02","","11.91666667"
"UNIVERSIDAD DEL VALLE","2013-09-01","","13.625"
"UNIVERSIDAD DEL VALLE","2013-08-31","","16.84968558"
"UNIVERSIDAD DEL VALLE","2013-08-30","","17.58579499"
"UNIVERSIDAD DEL VALLE","2013-08-29","","13.42732618"
"UNIVERSIDAD DEL VALLE","2013-08-28","","17.71528119"
"UNIVERSIDAD DEL VALLE","2013-08-27","","16.91560583"
"UNIVERSIDAD DEL VALLE","2013-08-26","","14.92073364"
"UNIVERSIDAD DEL VALLE","2013-08-25","","11.00004857"
"UNIVERSIDAD DEL VALLE","2013-08-24","","14.91524029"
"UNIVERSIDAD DEL VALLE","2013-08-23","","16.18969836"
"UNIVERSIDAD DEL VALLE","2013-08-22","","16.69194785"
"UNIVERSIDAD DEL VALLE","2013-08-21","","18.16790939"
"UNIVERSIDAD DEL VALLE","2013-08-14","","14.37917457"
"UNIVERSIDAD DEL VALLE","2013-08-13","","19.14119888"
"UNIVERSIDAD DEL VALLE","2013-08-12","","15.720409"
"UNIVERSIDAD DEL VALLE","2013-08-11","","17.58501022"
"UNIVERSIDAD DEL VALLE","2013-08-10","","16.0303911"
"UNIVERSIDAD DEL VALLE","2013-08-09","","16.4588727"
"UNIVERSIDAD DEL VALLE","2013-08-08","","17.49319274"
"UNIVERSIDAD DEL VALLE","2013-08-07","","10.92157209"
"UNIVERSIDAD DEL VALLE","2013-08-06","","15.80673313"
"UNIVERSIDAD DEL VALLE","2013-08-05","","13.67531186"
"UNIVERSIDAD DEL VALLE","2013-08-04","","12.20387781"
"UNIVERSIDAD DEL VALLE","2013-08-03","","14.01511503"
"UNIVERSIDAD DEL VALLE","2013-08-02","","13.34335634"
"UNIVERSIDAD DEL VALLE","2013-08-01","","14.92308793"
"UNIVERSIDAD DEL VALLE","2013-07-31","","16.01077198"
"UNIVERSIDAD DEL VALLE","2013-07-30","","14.62801636"
"UNIVERSIDAD DEL VALLE","2013-07-29","","16.50595859"
"UNIVERSIDAD DEL VALLE","2013-07-28","","18.05822342"
"UNIVERSIDAD DEL VALLE","2013-07-27","","16.95484407"
"UNIVERSIDAD DEL VALLE","2013-07-26","","18.57302914"
"UNIVERSIDAD DEL VALLE","2013-07-25","","15.91424591"
"UNIVERSIDAD DEL VALLE","2013-07-24","","15.81301125"
"UNIVERSIDAD DEL VALLE","2013-07-23","","17.6368047"
"UNIVERSIDAD DEL VALLE","2013-07-22","","13.26409509"
"UNIVERSIDAD DEL VALLE","2013-07-21","","10.51051227"
"UNIVERSIDAD DEL VALLE","2013-07-20","","13.68002045"
"UNIVERSIDAD DEL VALLE","2013-07-19","","17.64386759"
"UNIVERSIDAD DEL VALLE","2013-07-18","","15.75415389"
"UNIVERSIDAD DEL VALLE","2013-07-17","","16.89991053"
"UNIVERSIDAD DEL VALLE","2013-07-16","","14.67117843"
"UNIVERSIDAD DEL VALLE","2013-07-15","","14.93642894"
"UNIVERSIDAD DEL VALLE","2013-07-14","","13.21151585"
"UNIVERSIDAD DEL VALLE","2013-07-13","","11.80443252"
"UNIVERSIDAD DEL VALLE","2013-07-12","","13.91074131"
"UNIVERSIDAD DEL VALLE","2013-07-11","","14.36668967"
"UNIVERSIDAD DEL VALLE","2013-07-10","","12.28627812"
"UNIVERSIDAD DEL VALLE","2013-07-09","","14.58093047"
"UNIVERSIDAD DEL VALLE","2013-07-08","","15.95963836"
"UNIVERSIDAD DEL VALLE","2013-07-07","","10.4326636"
"UNIVERSIDAD DEL VALLE","2013-07-06","","15.06356084"
"UNIVERSIDAD DEL VALLE","2013-07-05","","16.56246166"
"UNIVERSIDAD DEL VALLE","2013-07-04","","14.26310072"
"UNIVERSIDAD DEL VALLE","2013-07-03","","15.33038088"
"UNIVERSIDAD DEL VALLE","2013-07-02","","15.05414366"
"UNIVERSIDAD DEL VALLE","2013-07-01","","12.36083078"
"UNIVERSIDAD DEL VALLE","2013-06-30","","16.92345348"
"UNIVERSIDAD DEL VALLE","2013-06-29","","14.46086145"
"UNIVERSIDAD DEL VALLE","2013-06-28","","16.68880879"
"UNIVERSIDAD DEL VALLE","2013-06-27","","10.31573364"
"UNIVERSIDAD DEL VALLE","2013-06-26","","10.58255368"
"UNIVERSIDAD DEL VALLE","2013-06-25","","12.71711401"
"UNIVERSIDAD DEL VALLE","2013-06-24","","10.387932"
"UNIVERSIDAD DEL VALLE","2013-06-23","","11.61765849"
"UNIVERSIDAD DEL VALLE","2013-06-22","","12.76733896"
"UNIVERSIDAD DEL VALLE","2013-06-21","","13.68237474"
"UNIVERSIDAD DEL VALLE","2013-06-20","","16.64957055"
"UNIVERSIDAD DEL VALLE","2013-06-19","","16.62759714"
"UNIVERSIDAD DEL VALLE","2013-06-18","","13.70434816"
"UNIVERSIDAD DEL VALLE","2013-06-17","","12.72574642"
"UNIVERSIDAD DEL VALLE","2013-06-16","","12.87328221"
"UNIVERSIDAD DEL VALLE","2013-06-15","","14.41456033"
"UNIVERSIDAD DEL VALLE","2013-06-14","","14.14617076"
"UNIVERSIDAD DEL VALLE","2013-06-13","","14.19561094"
"UNIVERSIDAD DEL VALLE","2013-06-12","","12.62451176"
"UNIVERSIDAD DEL VALLE","2013-06-11","","14.555818"
"UNIVERSIDAD DEL VALLE","2013-06-10","","11.09735941"
"UNIVERSIDAD DEL VALLE","2013-06-09","","10.31730317"
"UNIVERSIDAD DEL VALLE","2013-06-08","","18.6185455"
"UNIVERSIDAD DEL VALLE","2013-06-07","","18.28266616"
"UNIVERSIDAD DEL VALLE","2013-06-06","","17.1973364"
"UNIVERSIDAD DEL VALLE","2013-06-05","","14.37532209"
"UNIVERSIDAD DEL VALLE","2013-06-04","","19.30050613"
"UNIVERSIDAD DEL VALLE","2013-06-03","","10.63277863"
"UNIVERSIDAD DEL VALLE","2013-06-02","","12.68964724"
"UNIVERSIDAD DEL VALLE","2013-06-01","","14.22386247"
"UNIVERSIDAD DEL VALLE","2013-05-31","","12.14031186"
"UNIVERSIDAD DEL VALLE","2013-05-30","","11.78873722"
"UNIVERSIDAD DEL VALLE","2013-05-29","","11.3139545"
"UNIVERSIDAD DEL VALLE","2013-05-28","","15.58229039"
"UNIVERSIDAD DEL VALLE","2013-05-27","","17.33231595"
"UNIVERSIDAD DEL VALLE","2013-05-26","","12.80825884"
"UNIVERSIDAD DEL VALLE","2013-05-25","","11.69691973"
"UNIVERSIDAD DEL VALLE","2013-05-24","","13.21387014"
"UNIVERSIDAD DEL VALLE","2013-05-23","","13.89661554"
"UNIVERSIDAD DEL VALLE","2013-05-22","","15.32724182"
"UNIVERSIDAD DEL VALLE","2013-05-21","","11.01888292"
"UNIVERSIDAD DEL VALLE","2013-05-20","","12.16463957"
"UNIVERSIDAD DEL VALLE","2013-05-19","","10.93098926"
"UNIVERSIDAD DEL VALLE","2013-05-18","","14.31097137"
"UNIVERSIDAD DEL VALLE","2013-05-17","","17.92638292"
"UNIVERSIDAD DEL VALLE","2013-05-16","","15.55325409"
"UNIVERSIDAD DEL VALLE","2013-05-15","","18.3642817"
"UNIVERSIDAD DEL VALLE","2013-05-14","","15.2362091"
"UNIVERSIDAD DEL VALLE","2013-05-13","","12.41262526"
"UNIVERSIDAD DEL VALLE","2013-05-12","","14.90425358"
"UNIVERSIDAD DEL VALLE","2013-05-11","","17.22323364"
"UNIVERSIDAD DEL VALLE","2013-05-10","","13.38573364"
"UNIVERSIDAD DEL VALLE","2013-05-09","","15.23385481"
"UNIVERSIDAD DEL VALLE","2013-05-08","","16.04373211"
"UNIVERSIDAD DEL VALLE","2013-05-07","","16.99800613"
"UNIVERSIDAD DEL VALLE","2013-05-06","","11.22841513"
"UNIVERSIDAD DEL VALLE","2013-05-05","","11.15621677"
"UNIVERSIDAD DEL VALLE","2013-05-04","","22.9959637"
"UNIVERSIDAD DEL VALLE","2013-05-03","","28.0481227"
"UNIVERSIDAD DEL VALLE","2013-04-25","","11.66788344"
"UNIVERSIDAD DEL VALLE","2013-04-24","","16.20610708"
"UNIVERSIDAD DEL VALLE","2013-04-23","","23.84429448"
"UNIVERSIDAD DEL VALLE","2013-04-22","","13.88719836"
"UNIVERSIDAD DEL VALLE","2013-04-21","","18.63581033"
"UNIVERSIDAD DEL VALLE","2013-04-20","","16.57501789"
"UNIVERSIDAD DEL VALLE","2013-04-19","","19.39153885"
"UNIVERSIDAD DEL VALLE","2013-04-18","","19.25263548"
"UNIVERSIDAD DEL VALLE","2013-04-17","","18.7346907"
"UNIVERSIDAD DEL VALLE","2013-04-16","","18.92381902"
"UNIVERSIDAD DEL VALLE","2013-04-15","","20.72406953"
"UNIVERSIDAD DEL VALLE","2013-04-14","","20.39289877"
"UNIVERSIDAD DEL VALLE","2013-04-13","","19.8992817"
"UNIVERSIDAD DEL VALLE","2013-04-12","","16.45024029"
"UNIVERSIDAD DEL VALLE","2013-04-11","","15.95583845"
"UNIVERSIDAD DEL VALLE","2013-04-10","","16.49599811"
"UNIVERSIDAD DEL VALLE","2013-04-09","","14.02132181"
"UNIVERSIDAD DEL VALLE","2013-04-08","","11.93391871"
"UNIVERSIDAD DEL VALLE","2013-04-07","","12.64648517"
"UNIVERSIDAD DEL VALLE","2013-04-06","","15.73610429"
"UNIVERSIDAD DEL VALLE","2013-04-05","","17.70586401"
"UNIVERSIDAD DEL VALLE","2013-04-04","","17.88400562"
"UNIVERSIDAD DEL VALLE","2013-04-03","","18.7590184"
"UNIVERSIDAD DEL VALLE","2013-04-02","","16.4321907"
"UNIVERSIDAD DEL VALLE","2013-04-01","","15.84361708"
"UNIVERSIDAD DEL VALLE","2013-03-31","","10.65082822"
"UNIVERSIDAD DEL VALLE","2013-03-30","","11.33671268"
"UNIVERSIDAD DEL VALLE","2013-03-29","","10.54331544"
"UNIVERSIDAD DEL VALLE","2013-03-28","","13.69022239"
"UNIVERSIDAD DEL VALLE","2013-03-27","","20.83158231"
"UNIVERSIDAD DEL VALLE","2013-03-26","","20.15982362"
"UNIVERSIDAD DEL VALLE","2013-03-25","","16.55853783"
"UNIVERSIDAD DEL VALLE","2013-03-24","","11.46227505"
"UNIVERSIDAD DEL VALLE","2013-03-23","","21.79684305"
"UNIVERSIDAD DEL VALLE","2013-03-22","","19.93224182"
"UNIVERSIDAD DEL VALLE","2013-03-21","","16.46515082"
"UNIVERSIDAD DEL VALLE","2013-03-20","","15.15851738"
"UNIVERSIDAD DEL VALLE","2013-03-19","","18.21596115"
"UNIVERSIDAD DEL VALLE","2013-03-18","","15.91189162"
"UNIVERSIDAD DEL VALLE","2013-03-17","","15.01569018"
"UNIVERSIDAD DEL VALLE","2013-03-16","","22.93946063"
"UNIVERSIDAD DEL VALLE","2013-03-15","","26.88996677"
"UNIVERSIDAD DEL VALLE","2013-03-14","","17.82514826"
"UNIVERSIDAD DEL VALLE","2013-03-13","","16.50438906"
"UNIVERSIDAD DEL VALLE","2013-03-12","","13.85345348"
"UNIVERSIDAD DEL VALLE","2013-03-11","","12.78931237"
"UNIVERSIDAD DEL VALLE","2013-03-10","","14.99842536"
"UNIVERSIDAD DEL VALLE","2013-03-09","","18.71507157"
"UNIVERSIDAD DEL VALLE","2013-03-08","","22.50627045"
"UNIVERSIDAD DEL VALLE","2013-03-07","","20.0978272"
"UNIVERSIDAD DEL VALLE","2013-03-06","","15.7494453"
"UNIVERSIDAD DEL VALLE","2013-03-05","","18.28972904"
"UNIVERSIDAD DEL VALLE","2013-03-04","","27.04848926"
"UNIVERSIDAD DEL VALLE","2013-03-03","","16.34979039"
"UNIVERSIDAD DEL VALLE","2013-03-02","","17.80003579"
"UNIVERSIDAD DEL VALLE","2013-03-01","","15.7784816"
