"Estacion","Fecha inicial","Fecha final","PM10"
"USAQUEN","2021-02-28","","10.24117647"
"USAQUEN","2021-02-27","","12.03888889"
"USAQUEN","2021-02-26","","13.19565217"
"USAQUEN","2021-02-25","","10.55"
"USAQUEN","2021-02-24","","11.9625"
"USAQUEN","2021-02-23","","13.7375"
"USAQUEN","2021-02-22","","9.51333333"
"USAQUEN","2021-02-21","","17.6625"
"USAQUEN","2021-02-20","","18.06190476"
"USAQUEN","2021-02-19","","16.20833333"
"USAQUEN","2021-02-18","","20.07272727"
"USAQUEN","2021-02-17","","24.4625"
"USAQUEN","2021-02-16","","22.22916667"
"USAQUEN","2021-02-15","","17.76086957"
"USAQUEN","2021-02-14","","16.87727273"
"USAQUEN","2021-02-13","","13.84736842"
"USAQUEN","2021-02-12","","18.29090909"
"USAQUEN","2021-02-11","","18.075"
"USAQUEN","2021-02-10","","15.64090909"
"USAQUEN","2021-02-09","","21.65714286"
"USAQUEN","2021-02-08","","14.01111111"
"USAQUEN","2021-02-07","","11.58333333"
"USAQUEN","2021-02-06","","11.13333333"
"USAQUEN","2021-02-05","","8.425"
"USAQUEN","2021-02-04","","19.64090909"
"USAQUEN","2021-02-03","","12.16363636"
"USAQUEN","2021-02-02","","10.325"
"USAQUEN","2021-02-01","","6.775"
"USAQUEN","2021-01-31","","10.79130435"
"USAQUEN","2021-01-30","","17.67916667"
"USAQUEN","2021-01-29","","24.815"
"USAQUEN","2021-01-28","","31.10416667"
"USAQUEN","2021-01-27","","14.2"
"USAQUEN","2021-01-26","","10.4625"
"USAQUEN","2021-01-25","","7.56956522"
"USAQUEN","2021-01-24","","6.23181818"
"USAQUEN","2021-01-23","","5.43157895"
"USAQUEN","2021-01-22","","15.54210526"
"USAQUEN","2021-01-21","","23.07142857"
"USAQUEN","2021-01-20","","19.2047619"
"USAQUEN","2021-01-19","","27.08333333"
"USAQUEN","2021-01-18","","18.87826087"
"USAQUEN","2021-01-17","","14.89"
"USAQUEN","2021-01-16","","23.91578947"
"USAQUEN","2021-01-15","","29.23"
"USAQUEN","2021-01-14","","25.35909091"
"USAQUEN","2021-01-13","","13.39583333"
"USAQUEN","2021-01-12","","3.9952381"
"USAQUEN","2021-01-11","","3.6375"
"USAQUEN","2021-01-10","","3.34583333"
"USAQUEN","2021-01-09","","4.225"
"USAQUEN","2021-01-08","","9.80434783"
"USAQUEN","2021-01-07","","10.47619048"
"USAQUEN","2021-01-06","","13.34117647"
"USAQUEN","2021-01-05","","14.85833333"
"USAQUEN","2021-01-04","","13.52916667"
"USAQUEN","2021-01-03","","4.40416667"
"USAQUEN","2021-01-02","","4.52083333"
"USAQUEN","2021-01-01","","6.05"
"USAQUEN","2020-12-31","","21.72631579"
"USAQUEN","2020-12-30","","25.54761905"
"USAQUEN","2020-12-29","","17.14166667"
"USAQUEN","2020-12-28","","18.47272727"
"USAQUEN","2020-12-24","","9.79"
"USAQUEN","2020-12-23","","26.08333333"
"USAQUEN","2020-12-22","","16.80952381"
"USAQUEN","2020-12-21","","18.36666667"
"USAQUEN","2020-12-20","","5.05454545"
"USAQUEN","2020-12-19","","10.0125"
"USAQUEN","2020-12-18","","12.03333333"
"USAQUEN","2020-12-17","","6.25625"
"USAQUEN","2020-12-16","","9.73125"
"USAQUEN","2020-12-15","","16.36842105"
"USAQUEN","2020-12-14","","11.87"
"USAQUEN","2020-12-13","","8.82"
"USAQUEN","2020-12-12","","17.68"
"USAQUEN","2020-12-11","","20.56842105"
"USAQUEN","2020-12-10","","31.51904762"
"USAQUEN","2020-12-09","","15.01818182"
"USAQUEN","2020-12-08","","11.87272727"
"USAQUEN","2020-12-07","","11.50416667"
"USAQUEN","2020-12-06","","7.005"
"USAQUEN","2020-12-05","","6.5625"
"USAQUEN","2020-12-04","","9.61666667"
"USAQUEN","2020-12-03","","11.40416667"
"USAQUEN","2020-12-02","","5.37916667"
"USAQUEN","2020-12-01","","8.84347826"
"USAQUEN","2020-11-30","","5.36956522"
"USAQUEN","2020-11-29","","5.72916667"
"USAQUEN","2020-11-28","","13.15909091"
"USAQUEN","2020-11-27","","22.93157895"
"USAQUEN","2020-11-26","","28.32083333"
"USAQUEN","2020-11-25","","18.2047619"
"USAQUEN","2020-11-24","","21.11363636"
"USAQUEN","2020-11-23","","15.2047619"
"USAQUEN","2020-11-22","","19.63888889"
"USAQUEN","2020-11-21","","13.60869565"
"USAQUEN","2020-11-20","","12.35789474"
"USAQUEN","2020-11-19","","18.00869565"
"USAQUEN","2020-11-18","","15.91428571"
"USAQUEN","2020-11-17","","15.6625"
"USAQUEN","2020-11-16","","12.98333333"
"USAQUEN","2020-11-15","","16.65652174"
"USAQUEN","2020-11-14","","22.825"
"USAQUEN","2020-11-13","","15.18181818"
"USAQUEN","2020-11-12","","15.47142857"
"USAQUEN","2020-11-11","","11.82222222"
"USAQUEN","2020-11-10","","25.02916667"
"USAQUEN","2020-11-09","","21.03333333"
"USAQUEN","2020-11-08","","22.03636364"
"USAQUEN","2020-11-07","","25.30416667"
"USAQUEN","2020-11-06","","35.87916667"
"USAQUEN","2020-11-05","","18.68695652"
"USAQUEN","2020-11-04","","21.875"
"USAQUEN","2020-11-03","","16.77272727"
"USAQUEN","2020-11-02","","21.07058824"
"USAQUEN","2020-11-01","","11.336"
"USAQUEN","2020-10-31","","15.76153846"
"USAQUEN","2020-10-30","","20.16842105"
"USAQUEN","2020-10-29","","18.88888889"
"USAQUEN","2020-10-28","","18.62"
"USAQUEN","2020-10-27","","22.4"
"USAQUEN","2020-10-26","","29.21428571"
"USAQUEN","2020-10-25","","22.96666667"
"USAQUEN","2020-10-24","","8.3375"
"USAQUEN","2020-10-23","","4.1952381"
"USAQUEN","2020-10-22","","6.60526316"
"USAQUEN","2020-10-21","","5.80909091"
"USAQUEN","2020-10-20","","15.2875"
"USAQUEN","2020-10-19","","15.44166667"
"USAQUEN","2020-10-18","","5.4375"
"USAQUEN","2020-10-17","","6.62916667"
"USAQUEN","2020-10-16","","7.99166667"
"USAQUEN","2020-10-15","","7.635"
"USAQUEN","2020-10-14","","15.41"
"USAQUEN","2020-10-13","","3.41818182"
"USAQUEN","2020-10-12","","3.81904762"
"USAQUEN","2020-10-11","","4.625"
"USAQUEN","2020-10-10","","7.4125"
"USAQUEN","2020-10-09","","3.67083333"
"USAQUEN","2020-04-15","","24.04444444"
"USAQUEN","2020-04-14","","20.11578947"
"USAQUEN","2020-04-13","","23.48695652"
"USAQUEN","2020-04-12","","13.35217391"
"USAQUEN","2020-04-11","","6.91578947"
"USAQUEN","2020-04-10","","9.97222222"
"USAQUEN","2020-04-09","","6.18"
"USAQUEN","2020-04-06","","11.47"
"USAQUEN","2020-04-05","","9.78695652"
"USAQUEN","2020-04-04","","11.3875"
"USAQUEN","2020-04-03","","20.77727273"
"USAQUEN","2020-04-02","","12.79166667"
"USAQUEN","2020-04-01","","25.34166667"
"USAQUEN","2020-03-31","","23.50909091"
"USAQUEN","2020-03-30","","54.1375"
"USAQUEN","2020-03-29","","52.62608696"
"USAQUEN","2020-03-28","","49.78181818"
"USAQUEN","2020-03-27","","43.425"
"USAQUEN","2020-03-26","","35.5"
"USAQUEN","2020-03-25","","36.75652174"
"USAQUEN","2020-03-24","","46.94583333"
"USAQUEN","2020-03-23","","48.67083333"
"USAQUEN","2020-03-22","","32.18695652"
"USAQUEN","2020-03-21","","35.41304348"
"USAQUEN","2020-03-20","","46.13"
"USAQUEN","2020-03-19","","59.90434783"
"USAQUEN","2020-03-18","","58.95416667"
"USAQUEN","2020-03-17","","53.725"
"USAQUEN","2020-03-16","","39.0"
"USAQUEN","2020-03-15","","23.03043478"
"USAQUEN","2020-03-14","","22.95833333"
"USAQUEN","2020-03-13","","43.11666667"
"USAQUEN","2020-03-12","","36.125"
"USAQUEN","2020-03-11","","46.97916667"
"USAQUEN","2020-03-10","","34.1125"
"USAQUEN","2020-03-09","","32.8173913"
"USAQUEN","2020-03-08","","42.88333333"
"USAQUEN","2020-03-07","","59.0625"
"USAQUEN","2020-03-06","","61.47916667"
"USAQUEN","2020-03-05","","45.65416667"
"USAQUEN","2020-03-04","","36.3375"
"USAQUEN","2020-03-03","","38.85652174"
"USAQUEN","2020-03-02","","33.20869565"
"USAQUEN","2020-03-01","","32.56086957"
"USAQUEN","2020-02-29","","38.1"
"USAQUEN","2020-02-28","","45.35"
"USAQUEN","2020-02-27","","39.175"
"USAQUEN","2020-02-26","","42.8826087"
"USAQUEN","2020-02-25","","32.4375"
"USAQUEN","2020-02-24","","32.04347826"
"USAQUEN","2020-02-23","","23.18636364"
"USAQUEN","2020-02-22","","45.85"
"USAQUEN","2020-02-21","","49.33333333"
"USAQUEN","2020-02-20","","30.94166667"
"USAQUEN","2020-02-19","","22.35454545"
"USAQUEN","2020-02-18","","24.85"
"USAQUEN","2020-02-17","","24.125"
"USAQUEN","2020-02-16","","19.66521739"
"USAQUEN","2020-02-15","","20.29545455"
"USAQUEN","2020-02-14","","27.7173913"
"USAQUEN","2020-02-13","","41.625"
"USAQUEN","2020-02-12","","44.32083333"
"USAQUEN","2020-02-11","","26.50833333"
"USAQUEN","2020-02-10","","28.8375"
"USAQUEN","2020-02-09","","35.19583333"
"USAQUEN","2020-02-08","","50.18333333"
"USAQUEN","2020-02-07","","59.9"
"USAQUEN","2020-02-06","","37.14583333"
"USAQUEN","2020-02-05","","39.14583333"
"USAQUEN","2020-02-04","","31.8"
"USAQUEN","2020-02-03","","28.22666667"
"USAQUEN","2020-02-02","","19.53684211"
"USAQUEN","2020-02-01","","13.53076923"
"USAQUEN","2020-01-30","","23.16923077"
"USAQUEN","2020-01-29","","31.06666667"
"USAQUEN","2020-01-28","","32.1"
"USAQUEN","2020-01-27","","26.52"
"USAQUEN","2020-01-26","","15.63157895"
"USAQUEN","2020-01-25","","27.08571429"
"USAQUEN","2020-01-24","","28.15217391"
"USAQUEN","2020-01-23","","29.12727273"
"USAQUEN","2020-01-22","","27.37142857"
"USAQUEN","2020-01-21","","24.66111111"
"USAQUEN","2020-01-20","","8.28823529"
"USAQUEN","2020-01-19","","7.29047619"
"USAQUEN","2020-01-18","","6.94285714"
"USAQUEN","2020-01-17","","7.29545455"
"USAQUEN","2020-01-16","","10.72380952"
"USAQUEN","2020-01-15","","8.78421053"
"USAQUEN","2020-01-14","","8.29230769"
"USAQUEN","2020-01-13","","8.67272727"
"USAQUEN","2020-01-12","","8.35714286"
"USAQUEN","2020-01-11","","14.8"
"USAQUEN","2020-01-10","","10.57777778"
"USAQUEN","2020-01-09","","12.41578947"
"USAQUEN","2020-01-08","","21.63"
"USAQUEN","2020-01-07","","17.75555556"
"USAQUEN","2020-01-06","","18.8875"
"USAQUEN","2020-01-05","","14.7"
"USAQUEN","2020-01-04","","22.76428571"
"USAQUEN","2020-01-03","","15.41666667"
"USAQUEN","2020-01-02","","13.93"
"USAQUEN","2020-01-01","","13.08"
"USAQUEN","2019-11-25","","7.60714286"
"USAQUEN","2019-11-21","","22.69"
"USAQUEN","2019-11-20","","29.025"
"USAQUEN","2019-11-19","","33.4"
"USAQUEN","2019-11-18","","31.7"
"USAQUEN","2019-11-17","","22.42608696"
"USAQUEN","2019-11-16","","27.95416667"
"USAQUEN","2019-11-15","","42.49583333"
"USAQUEN","2019-11-14","","31.97083333"
"USAQUEN","2019-11-13","","34.85"
"USAQUEN","2019-11-12","","14.1"
"USAQUEN","2019-11-11","","13.60833333"
"USAQUEN","2019-11-10","","25.92083333"
"USAQUEN","2019-11-09","","12.57391304"
"USAQUEN","2019-11-08","","11.39166667"
"USAQUEN","2019-11-07","","11.82083333"
"USAQUEN","2019-11-06","","14.30416667"
"USAQUEN","2019-11-05","","10.92916667"
"USAQUEN","2019-11-04","","10.99583333"
"USAQUEN","2019-11-03","","15.7375"
"USAQUEN","2019-11-02","","30.99166667"
"USAQUEN","2019-11-01","","29.32083333"
"USAQUEN","2019-10-31","","18.5375"
"USAQUEN","2019-10-30","","21.34583333"
"USAQUEN","2019-10-29","","13.6875"
"USAQUEN","2019-10-28","","10.8875"
"USAQUEN","2019-10-27","","10.06521739"
"USAQUEN","2019-10-26","","10.82083333"
"USAQUEN","2019-10-25","","11.74347826"
"USAQUEN","2019-10-24","","13.69166667"
"USAQUEN","2019-10-23","","32.0"
"USAQUEN","2019-10-22","","28.475"
"USAQUEN","2019-10-21","","32.19583333"
"USAQUEN","2019-10-20","","11.2375"
"USAQUEN","2019-10-19","","10.39166667"
"USAQUEN","2019-10-18","","16.24583333"
"USAQUEN","2019-10-17","","17.44545455"
"USAQUEN","2019-10-16","","10.57916667"
"USAQUEN","2019-10-15","","20.25416667"
"USAQUEN","2019-10-14","","9.76666667"
"USAQUEN","2019-10-13","","9.3375"
"USAQUEN","2019-10-12","","12.3875"
"USAQUEN","2019-10-11","","23.2173913"
"USAQUEN","2019-10-10","","34.62916667"
"USAQUEN","2019-10-09","","15.74583333"
"USAQUEN","2019-10-08","","10.22916667"
"USAQUEN","2019-10-07","","14.80833333"
"USAQUEN","2019-10-06","","21.60909091"
"USAQUEN","2019-10-05","","19.95"
"USAQUEN","2019-10-04","","14.96666667"
"USAQUEN","2019-10-03","","11.75833333"
"USAQUEN","2019-10-02","","22.55833333"
"USAQUEN","2019-10-01","","25.77391304"
"USAQUEN","2019-09-30","","21.425"
"USAQUEN","2019-09-29","","13.57083333"
"USAQUEN","2019-09-28","","20.2"
"USAQUEN","2019-09-27","","19.27916667"
"USAQUEN","2019-09-26","","14.22916667"
"USAQUEN","2019-09-25","","19.24166667"
"USAQUEN","2019-09-24","","28.4125"
"USAQUEN","2019-09-23","","26.04347826"
"USAQUEN","2019-09-22","","21.12083333"
"USAQUEN","2019-09-21","","13.55833333"
"USAQUEN","2019-09-20","","43.3"
"USAQUEN","2019-09-19","","35.99166667"
"USAQUEN","2019-09-18","","48.475"
"USAQUEN","2019-09-17","","41.43333333"
"USAQUEN","2019-09-16","","20.37916667"
"USAQUEN","2019-09-15","","10.89166667"
"USAQUEN","2019-09-14","","11.64782609"
"USAQUEN","2019-09-13","","12.29166667"
"USAQUEN","2019-09-12","","12.43333333"
"USAQUEN","2019-09-11","","9.79166667"
"USAQUEN","2019-09-10","","18.49166667"
"USAQUEN","2019-09-09","","13.025"
"USAQUEN","2019-09-08","","8.6125"
"USAQUEN","2019-09-07","","11.97272727"
"USAQUEN","2019-09-06","","12.21666667"
"USAQUEN","2019-09-05","","11.8125"
"USAQUEN","2019-09-04","","12.7125"
"USAQUEN","2019-09-03","","19.80869565"
"USAQUEN","2019-09-02","","13.06086957"
"USAQUEN","2019-09-01","","8.84583333"
"USAQUEN","2019-08-31","","12.69583333"
"USAQUEN","2019-08-30","","16.19583333"
"USAQUEN","2019-08-29","","15.96818182"
"USAQUEN","2019-08-28","","13.80416667"
"USAQUEN","2019-08-27","","12.9"
"USAQUEN","2019-08-26","","12.52173913"
"USAQUEN","2019-08-25","","9.29166667"
"USAQUEN","2019-08-24","","12.25833333"
"USAQUEN","2019-08-23","","16.425"
"USAQUEN","2019-08-22","","19.25416667"
"USAQUEN","2019-08-21","","16.1625"
"USAQUEN","2019-08-20","","13.75833333"
"USAQUEN","2019-08-19","","7.70869565"
"USAQUEN","2019-08-18","","16.41666667"
"USAQUEN","2019-08-17","","42.01666667"
"USAQUEN","2019-08-16","","47.35416667"
"USAQUEN","2019-08-15","","34.66521739"
"USAQUEN","2019-08-14","","18.87916667"
"USAQUEN","2019-08-13","","9.4125"
"USAQUEN","2019-08-12","","12.85"
"USAQUEN","2019-08-11","","7.67272727"
"USAQUEN","2019-08-10","","12.24166667"
"USAQUEN","2019-08-09","","13.22083333"
"USAQUEN","2019-08-08","","13.325"
"USAQUEN","2019-08-07","","15.06666667"
"USAQUEN","2019-08-06","","21.99166667"
"USAQUEN","2019-08-05","","22.40416667"
"USAQUEN","2019-08-04","","8.30416667"
"USAQUEN","2019-08-03","","11.70869565"
"USAQUEN","2019-08-02","","13.875"
"USAQUEN","2019-08-01","","11.5125"
"USAQUEN","2019-07-31","","16.28333333"
"USAQUEN","2019-07-30","","13.45217391"
"USAQUEN","2019-07-29","","12.95833333"
"USAQUEN","2019-07-28","","12.60416667"
"USAQUEN","2019-07-27","","21.35454545"
"USAQUEN","2019-07-26","","16.6875"
"USAQUEN","2019-07-25","","21.74166667"
"USAQUEN","2019-07-24","","14.89166667"
"USAQUEN","2019-07-23","","11.33478261"
"USAQUEN","2019-07-22","","12.19166667"
"USAQUEN","2019-07-21","","9.86666667"
"USAQUEN","2019-07-20","","6.40833333"
"USAQUEN","2019-07-19","","10.80434783"
"USAQUEN","2019-07-18","","11.5875"
"USAQUEN","2019-07-17","","12.79583333"
"USAQUEN","2019-07-16","","18.86666667"
"USAQUEN","2019-07-15","","12.74166667"
"USAQUEN","2019-07-14","","6.15"
"USAQUEN","2019-07-13","","7.73333333"
"USAQUEN","2019-07-12","","16.36521739"
"USAQUEN","2019-07-11","","12.09583333"
"USAQUEN","2019-07-10","","11.27777778"
"USAQUEN","2019-07-09","","15.35909091"
"USAQUEN","2019-07-08","","11.635"
"USAQUEN","2019-07-07","","7.90869565"
"USAQUEN","2019-07-06","","11.13809524"
"USAQUEN","2019-07-05","","25.22105263"
"USAQUEN","2019-07-04","","34.1"
"USAQUEN","2019-07-03","","18.17916667"
"USAQUEN","2019-07-02","","13.5"
"USAQUEN","2019-07-01","","8.6625"
"USAQUEN","2019-06-30","","9.72173913"
"USAQUEN","2019-06-29","","12.50833333"
"USAQUEN","2019-06-28","","15.1"
"USAQUEN","2019-06-27","","28.025"
"USAQUEN","2019-06-26","","16.35416667"
"USAQUEN","2019-06-25","","17.03333333"
"USAQUEN","2019-06-24","","7.97916667"
"USAQUEN","2019-06-23","","8.04583333"
"USAQUEN","2019-06-22","","9.65454545"
"USAQUEN","2019-06-21","","11.76521739"
"USAQUEN","2019-06-20","","12.66190476"
"USAQUEN","2019-06-19","","13.80434783"
"USAQUEN","2019-06-18","","12.07916667"
"USAQUEN","2019-06-17","","15.55416667"
"USAQUEN","2019-06-16","","8.14166667"
"USAQUEN","2019-06-15","","10.55"
"USAQUEN","2019-06-14","","9.64545455"
"USAQUEN","2019-06-13","","12.525"
"USAQUEN","2019-06-12","","13.94166667"
"USAQUEN","2019-06-11","","11.41304348"
"USAQUEN","2019-06-10","","9.82083333"
"USAQUEN","2019-06-09","","7.83809524"
"USAQUEN","2019-06-08","","12.92173913"
"USAQUEN","2019-06-07","","10.44166667"
"USAQUEN","2019-06-06","","11.93043478"
"USAQUEN","2019-06-05","","9.8125"
"USAQUEN","2019-06-04","","10.57916667"
"USAQUEN","2019-06-03","","7.75"
"USAQUEN","2019-06-02","","18.45416667"
"USAQUEN","2019-06-01","","20.45833333"
"USAQUEN","2019-05-31","","28.93333333"
"USAQUEN","2019-05-30","","23.79130435"
"USAQUEN","2019-05-29","","15.05416667"
"USAQUEN","2019-05-28","","18.86086957"
"USAQUEN","2019-05-27","","19.55833333"
"USAQUEN","2019-05-26","","10.79130435"
"USAQUEN","2019-05-25","","24.68333333"
"USAQUEN","2019-05-24","","17.72727273"
"USAQUEN","2019-05-23","","28.04166667"
"USAQUEN","2019-05-22","","22.09583333"
"USAQUEN","2019-05-21","","19.44583333"
"USAQUEN","2019-05-20","","16.97916667"
"USAQUEN","2019-05-19","","11.825"
"USAQUEN","2019-05-18","","17.10833333"
"USAQUEN","2019-05-17","","16.9875"
"USAQUEN","2019-05-16","","22.04782609"
"USAQUEN","2019-05-15","","18.89130435"
"USAQUEN","2019-05-14","","15.4375"
"USAQUEN","2019-05-13","","14.40869565"
"USAQUEN","2019-05-12","","11.79583333"
"USAQUEN","2019-05-11","","22.17916667"
"USAQUEN","2019-05-10","","37.675"
"USAQUEN","2019-05-09","","24.0875"
"USAQUEN","2019-05-08","","23.99583333"
"USAQUEN","2019-05-07","","17.64782609"
"USAQUEN","2019-05-06","","16.5125"
"USAQUEN","2019-05-05","","13.95833333"
"USAQUEN","2019-05-04","","18.25652174"
"USAQUEN","2019-05-03","","28.27916667"
"USAQUEN","2019-05-02","","35.75"
"USAQUEN","2019-05-01","","26.1"
"USAQUEN","2019-04-30","","29.64583333"
"USAQUEN","2019-04-29","","15.31666667"
"USAQUEN","2019-04-28","","9.66818182"
"USAQUEN","2019-04-27","","14.62916667"
"USAQUEN","2019-04-26","","17.17916667"
"USAQUEN","2019-04-25","","19.68333333"
"USAQUEN","2019-04-24","","26.85217391"
"USAQUEN","2019-04-23","","40.72083333"
"USAQUEN","2019-04-22","","29.5173913"
"USAQUEN","2019-04-21","","20.46666667"
"USAQUEN","2019-04-20","","17.69583333"
"USAQUEN","2019-04-19","","16.69130435"
"USAQUEN","2019-04-18","","23.825"
"USAQUEN","2019-04-17","","25.7625"
"USAQUEN","2019-04-16","","29.35"
"USAQUEN","2019-04-15","","26.35833333"
"USAQUEN","2019-04-14","","35.49583333"
"USAQUEN","2019-04-13","","39.41666667"
"USAQUEN","2019-04-12","","35.2875"
"USAQUEN","2019-04-11","","42.19583333"
"USAQUEN","2019-04-10","","53.15"
"USAQUEN","2019-04-09","","44.70833333"
"USAQUEN","2019-04-08","","51.54166667"
"USAQUEN","2019-04-07","","42.875"
"USAQUEN","2019-04-06","","42.89583333"
"USAQUEN","2019-04-05","","47.22083333"
"USAQUEN","2019-04-04","","34.825"
"USAQUEN","2019-04-03","","41.3875"
"USAQUEN","2019-04-02","","40.73333333"
"USAQUEN","2019-04-01","","30.88333333"
"USAQUEN","2019-03-31","","22.5625"
"USAQUEN","2019-03-30","","30.47916667"
"USAQUEN","2019-03-29","","49.27916667"
"USAQUEN","2019-03-28","","85.74166667"
"USAQUEN","2019-03-27","","70.43333333"
"USAQUEN","2019-03-26","","66.24583333"
"USAQUEN","2019-03-25","","51.2625"
"USAQUEN","2019-03-24","","46.99583333"
"USAQUEN","2019-03-23","","46.5125"
"USAQUEN","2019-03-22","","36.10909091"
"USAQUEN","2019-03-21","","51.80416667"
"USAQUEN","2019-03-20","","44.41304348"
"USAQUEN","2019-03-19","","45.82173913"
"USAQUEN","2019-03-18","","41.52916667"
"USAQUEN","2019-03-17","","30.59166667"
"USAQUEN","2019-03-16","","26.28333333"
"USAQUEN","2019-03-15","","30.425"
"USAQUEN","2019-03-14","","44.91666667"
"USAQUEN","2019-03-13","","37.47826087"
"USAQUEN","2019-03-12","","36.44583333"
"USAQUEN","2019-03-11","","26.17916667"
"USAQUEN","2019-03-10","","18.95"
"USAQUEN","2019-03-09","","33.79090909"
"USAQUEN","2019-03-08","","47.59166667"
"USAQUEN","2019-03-07","","56.3125"
"USAQUEN","2019-03-06","","58.41666667"
"USAQUEN","2019-03-05","","49.82916667"
"USAQUEN","2019-03-04","","49.38333333"
"USAQUEN","2019-03-03","","37.91304348"
"USAQUEN","2019-03-02","","43.44583333"
"USAQUEN","2019-03-01","","49.52083333"
"USAQUEN","2019-02-28","","42.92727273"
"USAQUEN","2019-02-27","","40.26666667"
"USAQUEN","2019-02-26","","53.32083333"
"USAQUEN","2019-02-25","","37.56666667"
"USAQUEN","2019-02-24","","29.84583333"
"USAQUEN","2019-02-23","","43.7"
"USAQUEN","2019-02-22","","49.50416667"
"USAQUEN","2019-02-21","","37.73333333"
"USAQUEN","2019-02-20","","40.79166667"
"USAQUEN","2019-02-19","","38.10833333"
"USAQUEN","2019-02-18","","43.84166667"
"USAQUEN","2019-02-17","","37.80416667"
"USAQUEN","2019-02-16","","39.15"
"USAQUEN","2019-02-15","","51.21666667"
"USAQUEN","2019-02-14","","58.47916667"
"USAQUEN","2019-02-13","","47.925"
"USAQUEN","2019-02-12","","54.34166667"
"USAQUEN","2019-02-11","","37.66666667"
"USAQUEN","2019-02-10","","30.59583333"
"USAQUEN","2019-02-09","","33.99166667"
"USAQUEN","2019-02-08","","40.025"
"USAQUEN","2019-02-07","","40.1625"
"USAQUEN","2019-02-06","","34.65833333"
"USAQUEN","2019-02-05","","44.92083333"
"USAQUEN","2019-02-04","","49.4"
"USAQUEN","2019-02-03","","27.4125"
"USAQUEN","2019-02-02","","45.65833333"
"USAQUEN","2019-02-01","","40.75833333"
"USAQUEN","2019-01-31","","50.89166667"
"USAQUEN","2019-01-30","","59.45416667"
"USAQUEN","2019-01-29","","45.40833333"
"USAQUEN","2019-01-28","","47.93333333"
"USAQUEN","2019-01-27","","31.85"
"USAQUEN","2019-01-26","","29.825"
"USAQUEN","2019-01-25","","26.96666667"
"USAQUEN","2019-01-24","","26.53333333"
"USAQUEN","2019-01-23","","24.69583333"
"USAQUEN","2019-01-22","","24.99166667"
"USAQUEN","2019-01-21","","31.29166667"
"USAQUEN","2019-01-20","","17.17826087"
"USAQUEN","2019-01-19","","22.48333333"
"USAQUEN","2019-01-18","","27.95833333"
"USAQUEN","2019-01-17","","30.55416667"
"USAQUEN","2019-01-16","","28.15833333"
"USAQUEN","2019-01-15","","28.93333333"
"USAQUEN","2019-01-14","","29.78333333"
"USAQUEN","2019-01-13","","32.175"
"USAQUEN","2019-01-12","","35.575"
"USAQUEN","2019-01-11","","36.82916667"
"USAQUEN","2019-01-10","","29.33333333"
"USAQUEN","2019-01-09","","42.70952381"
"USAQUEN","2019-01-08","","40.49166667"
"USAQUEN","2019-01-07","","30.67916667"
"USAQUEN","2019-01-06","","30.25238095"
"USAQUEN","2019-01-05","","42.20833333"
"USAQUEN","2019-01-04","","22.95833333"
"USAQUEN","2019-01-03","","17.82083333"
"USAQUEN","2019-01-02","","22.2"
"USAQUEN","2019-01-01","","16.77391304"
"USAQUEN","2018-12-31","","23.04583333"
"USAQUEN","2018-12-30","","21.40416667"
"USAQUEN","2018-12-29","","18.97083333"
"USAQUEN","2018-12-28","","19.58333333"
"USAQUEN","2018-12-27","","19.87916667"
"USAQUEN","2018-12-26","","24.05416667"
"USAQUEN","2018-12-25","","17.71666667"
"USAQUEN","2018-12-24","","26.16666667"
"USAQUEN","2018-12-23","","22.10833333"
"USAQUEN","2018-12-22","","23.3125"
"USAQUEN","2018-12-21","","21.24583333"
"USAQUEN","2018-12-20","","33.84090909"
"USAQUEN","2018-12-19","","22.42916667"
"USAQUEN","2018-12-18","","39.30416667"
"USAQUEN","2018-12-17","","28.25263158"
"USAQUEN","2018-12-16","","20.46521739"
"USAQUEN","2018-12-15","","24.625"
"USAQUEN","2018-12-14","","20.90833333"
"USAQUEN","2018-12-13","","17.0125"
"USAQUEN","2018-12-12","","23.67083333"
"USAQUEN","2018-12-11","","24.66666667"
"USAQUEN","2018-12-10","","25.7875"
"USAQUEN","2018-12-09","","26.42083333"
"USAQUEN","2018-12-08","","26.9875"
"USAQUEN","2018-12-07","","29.3625"
"USAQUEN","2018-12-06","","40.1125"
"USAQUEN","2018-12-05","","36.78333333"
"USAQUEN","2018-12-04","","46.99166667"
"USAQUEN","2018-12-03","","54.06666667"
"USAQUEN","2018-12-02","","31.94583333"
"USAQUEN","2018-12-01","","47.64583333"
"USAQUEN","2018-11-30","","53.725"
"USAQUEN","2018-11-29","","47.14583333"
"USAQUEN","2018-11-28","","34.35833333"
"USAQUEN","2018-11-27","","46.77916667"
"USAQUEN","2018-11-26","","26.2"
"USAQUEN","2018-11-25","","20.77083333"
"USAQUEN","2018-11-24","","38.45833333"
"USAQUEN","2018-11-23","","40.64583333"
"USAQUEN","2018-11-22","","56.69166667"
"USAQUEN","2018-11-21","","23.93333333"
"USAQUEN","2018-11-20","","21.075"
"USAQUEN","2018-11-19","","19.48695652"
"USAQUEN","2018-11-18","","11.82916667"
"USAQUEN","2018-11-17","","23.98333333"
"USAQUEN","2018-11-16","","38.7625"
"USAQUEN","2018-11-15","","76.675"
"USAQUEN","2018-11-14","","68.11538462"
"USAQUEN","2018-11-13","","30.975"
"USAQUEN","2018-11-12","","12.02083333"
"USAQUEN","2018-11-11","","17.7375"
"USAQUEN","2018-11-10","","31.125"
"USAQUEN","2018-11-09","","36.94782609"
"USAQUEN","2018-11-08","","24.0875"
"USAQUEN","2018-11-07","","26.70416667"
"USAQUEN","2018-11-06","","44.18636364"
"USAQUEN","2018-11-05","","25.48333333"
"USAQUEN","2018-11-04","","41.8625"
"USAQUEN","2018-11-03","","28.9"
"USAQUEN","2018-11-02","","20.17916667"
"USAQUEN","2018-11-01","","19.35"
"USAQUEN","2018-10-31","","26.34166667"
"USAQUEN","2018-10-30","","25.25416667"
"USAQUEN","2018-10-29","","20.21666667"
"USAQUEN","2018-10-28","","15.45"
"USAQUEN","2018-10-27","","16.92083333"
"USAQUEN","2018-10-26","","18.9875"
"USAQUEN","2018-10-25","","34.3375"
"USAQUEN","2018-10-24","","33.49166667"
"USAQUEN","2018-10-23","","28.31666667"
"USAQUEN","2018-10-22","","29.79166667"
"USAQUEN","2018-10-21","","16.28333333"
"USAQUEN","2018-10-20","","25.98333333"
"USAQUEN","2018-10-19","","45.66666667"
"USAQUEN","2018-10-18","","61.26363636"
"USAQUEN","2018-10-16","","28.655"
"USAQUEN","2018-10-15","","14.79583333"
"USAQUEN","2018-10-14","","30.0875"
"USAQUEN","2018-10-13","","53.0125"
"USAQUEN","2018-10-12","","66.9"
"USAQUEN","2018-10-11","","43.17083333"
"USAQUEN","2018-10-10","","47.95416667"
"USAQUEN","2018-10-09","","30.1625"
"USAQUEN","2018-10-08","","25.575"
"USAQUEN","2018-10-07","","28.30833333"
"USAQUEN","2018-10-06","","30.5375"
"USAQUEN","2018-10-05","","43.49583333"
"USAQUEN","2018-10-04","","27.86666667"
"USAQUEN","2018-10-03","","30.42857143"
"USAQUEN","2018-10-01","","23.03333333"
"USAQUEN","2018-09-30","","25.49565217"
"USAQUEN","2018-09-29","","27.95"
"USAQUEN","2018-09-28","","32.65833333"
"USAQUEN","2018-09-27","","30.65"
"USAQUEN","2018-09-26","","30.8"
"USAQUEN","2018-09-22","","22.79"
"USAQUEN","2018-09-21","","29.50769231"
"USAQUEN","2018-09-20","","36.56"
"USAQUEN","2018-09-19","","40.12916667"
"USAQUEN","2018-09-18","","42.61666667"
"USAQUEN","2018-09-17","","44.75833333"
"USAQUEN","2018-09-16","","35.55416667"
"USAQUEN","2018-09-15","","57.61666667"
"USAQUEN","2018-09-14","","71.17083333"
"USAQUEN","2018-09-13","","76.26521739"
"USAQUEN","2018-09-12","","72.34583333"
"USAQUEN","2018-09-11","","56.7"
"USAQUEN","2018-09-10","","42.8375"
"USAQUEN","2018-09-09","","34.54583333"
"USAQUEN","2018-09-08","","39.475"
"USAQUEN","2018-09-07","","47.10869565"
"USAQUEN","2018-09-06","","69.8125"
"USAQUEN","2018-09-05","","41.85833333"
"USAQUEN","2018-09-04","","33.89166667"
"USAQUEN","2018-09-03","","34.85833333"
"USAQUEN","2018-09-02","","36.49166667"
"USAQUEN","2018-09-01","","36.60416667"
"USAQUEN","2018-08-31","","42.55833333"
"USAQUEN","2018-08-30","","36.72916667"
"USAQUEN","2018-08-29","","35.80833333"
"USAQUEN","2018-08-28","","40.04583333"
"USAQUEN","2018-08-27","","36.66666667"
"USAQUEN","2018-08-26","","33.4625"
"USAQUEN","2018-08-25","","33.94166667"
"USAQUEN","2018-08-24","","37.15416667"
"USAQUEN","2018-08-23","","36.1625"
"USAQUEN","2018-08-22","","35.38333333"
"USAQUEN","2018-08-21","","35.9"
"USAQUEN","2018-08-20","","31.00833333"
"USAQUEN","2018-08-19","","31.44166667"
"USAQUEN","2018-08-18","","33.05833333"
"USAQUEN","2018-08-17","","35.31666667"
"USAQUEN","2018-08-16","","39.6375"
"USAQUEN","2018-08-15","","35.4"
"USAQUEN","2018-08-14","","42.1375"
"USAQUEN","2018-08-13","","37.6625"
"USAQUEN","2018-08-12","","30.68333333"
"USAQUEN","2018-08-11","","37.96666667"
"USAQUEN","2018-08-10","","35.0625"
"USAQUEN","2018-08-09","","31.84583333"
"USAQUEN","2018-08-08","","32.6875"
"USAQUEN","2018-08-07","","32.35416667"
"USAQUEN","2018-08-06","","38.55416667"
"USAQUEN","2018-08-05","","32.9375"
"USAQUEN","2018-08-04","","37.39583333"
"USAQUEN","2018-08-03","","42.72083333"
"USAQUEN","2018-08-02","","39.7875"
"USAQUEN","2018-08-01","","42.24782609"
"USAQUEN","2018-07-31","","46.92916667"
"USAQUEN","2018-07-30","","37.79166667"
"USAQUEN","2018-07-29","","41.225"
"USAQUEN","2018-07-28","","39.32916667"
"USAQUEN","2018-07-27","","35.09583333"
"USAQUEN","2018-07-26","","36.44583333"
"USAQUEN","2018-07-25","","43.11666667"
"USAQUEN","2018-07-24","","36.58333333"
"USAQUEN","2018-07-23","","44.75833333"
"USAQUEN","2018-07-22","","62.2125"
"USAQUEN","2018-07-21","","53.0125"
"USAQUEN","2018-07-20","","37.2625"
"USAQUEN","2018-07-19","","40.0125"
"USAQUEN","2018-07-18","","42.96666667"
"USAQUEN","2018-07-17","","34.71666667"
"USAQUEN","2018-07-16","","34.275"
"USAQUEN","2018-07-15","","30.32083333"
"USAQUEN","2018-07-14","","33.25"
"USAQUEN","2018-07-13","","33.325"
"USAQUEN","2018-07-12","","33.9"
"USAQUEN","2018-07-11","","37.95"
"USAQUEN","2018-07-10","","38.75"
"USAQUEN","2018-07-09","","34.83333333"
"USAQUEN","2018-07-08","","37.5875"
"USAQUEN","2018-07-07","","39.78333333"
"USAQUEN","2018-07-06","","35.2375"
"USAQUEN","2018-07-05","","35.45833333"
"USAQUEN","2018-07-04","","33.25833333"
"USAQUEN","2018-06-30","","33.98"
"USAQUEN","2018-06-29","","36.59583333"
"USAQUEN","2018-06-28","","31.9875"
"USAQUEN","2018-06-27","","32.55"
"USAQUEN","2018-06-26","","30.77916667"
"USAQUEN","2018-06-25","","23.4"
"USAQUEN","2018-06-24","","20.5173913"
"USAQUEN","2018-06-23","","21.90833333"
"USAQUEN","2018-06-22","","24.95833333"
"USAQUEN","2018-06-21","","29.05416667"
"USAQUEN","2018-06-20","","23.3875"
"USAQUEN","2018-06-19","","22.6125"
"USAQUEN","2018-06-18","","22.55833333"
"USAQUEN","2018-06-17","","20.6375"
"USAQUEN","2018-06-16","","22.6"
"USAQUEN","2018-06-15","","27.47916667"
"USAQUEN","2018-06-14","","27.20833333"
"USAQUEN","2018-06-13","","25.95"
"USAQUEN","2018-06-12","","23.29166667"
"USAQUEN","2018-06-11","","20.85416667"
"USAQUEN","2018-06-10","","22.45833333"
"USAQUEN","2018-06-09","","23.5625"
"USAQUEN","2018-06-08","","27.865"
"USAQUEN","2018-06-07","","34.575"
"USAQUEN","2018-06-06","","27.875"
"USAQUEN","2018-06-05","","28.18333333"
"USAQUEN","2018-06-04","","24.06666667"
"USAQUEN","2018-06-03","","25.07083333"
"USAQUEN","2018-06-02","","37.23333333"
"USAQUEN","2018-06-01","","32.45"
"USAQUEN","2018-05-31","","34.50416667"
"USAQUEN","2018-05-30","","34.95833333"
"USAQUEN","2018-05-29","","30.2125"
"USAQUEN","2018-05-28","","33.98333333"
"USAQUEN","2018-05-27","","30.82272727"
"USAQUEN","2018-05-26","","28.425"
"USAQUEN","2018-05-25","","34.925"
"USAQUEN","2018-05-24","","32.14166667"
"USAQUEN","2018-05-23","","33.42916667"
"USAQUEN","2018-05-22","","37.09583333"
"USAQUEN","2018-05-21","","29.88333333"
"USAQUEN","2018-05-20","","23.64583333"
"USAQUEN","2018-05-19","","39.80833333"
"USAQUEN","2018-05-18","","49.22083333"
"USAQUEN","2018-05-17","","33.42916667"
"USAQUEN","2018-05-16","","33.32083333"
"USAQUEN","2018-05-15","","40.87083333"
"USAQUEN","2018-05-14","","32.0625"
"USAQUEN","2018-05-13","","26.99166667"
"USAQUEN","2018-05-12","","30.1625"
"USAQUEN","2018-05-11","","46.70833333"
"USAQUEN","2018-05-08","","38.46428571"
"USAQUEN","2018-05-07","","50.32083333"
"USAQUEN","2018-05-06","","26.49166667"
"USAQUEN","2018-05-05","","29.0875"
"USAQUEN","2018-05-04","","43.52083333"
"USAQUEN","2018-05-03","","36.77391304"
"USAQUEN","2018-05-02","","34.02083333"
"USAQUEN","2018-05-01","","37.61666667"
"USAQUEN","2018-04-30","","32.6"
"USAQUEN","2018-04-29","","38.925"
"USAQUEN","2018-04-28","","38.89583333"
"USAQUEN","2018-04-27","","34.47916667"
"USAQUEN","2018-04-26","","33.34583333"
"USAQUEN","2018-04-25","","32.25416667"
"USAQUEN","2018-04-24","","35.2375"
"USAQUEN","2018-04-23","","32.66363636"
"USAQUEN","2018-04-22","","33.70526316"
"USAQUEN","2018-04-21","","35.71666667"
"USAQUEN","2018-04-20","","34.2875"
"USAQUEN","2018-04-19","","31.50833333"
"USAQUEN","2018-04-18","","27.9375"
"USAQUEN","2018-04-16","","41.375"
"USAQUEN","2018-04-15","","32.80454545"
"USAQUEN","2018-04-14","","38.45909091"
"USAQUEN","2018-04-13","","63.99583333"
"USAQUEN","2018-04-12","","61.6375"
"USAQUEN","2018-04-11","","79.33333333"
"USAQUEN","2018-04-10","","60.55333333"
"USAQUEN","2018-04-09","","51.3875"
"USAQUEN","2018-04-08","","53.39166667"
"USAQUEN","2018-04-07","","60.9875"
"USAQUEN","2018-04-06","","54.04583333"
"USAQUEN","2018-04-05","","72.17083333"
"USAQUEN","2018-04-04","","50.2125"
"USAQUEN","2018-04-03","","53.56666667"
"USAQUEN","2018-04-02","","49.375"
"USAQUEN","2018-04-01","","33.87083333"
"USAQUEN","2018-03-31","","35.2"
"USAQUEN","2018-03-30","","33.96666667"
"USAQUEN","2018-03-29","","25.27083333"
"USAQUEN","2018-03-28","","40.94166667"
"USAQUEN","2018-03-27","","54.17083333"
"USAQUEN","2018-03-26","","55.1"
"USAQUEN","2018-03-24","","35.86666667"
"USAQUEN","2018-03-23","","73.9875"
"USAQUEN","2018-03-22","","62.75416667"
"USAQUEN","2018-03-21","","71.4125"
"USAQUEN","2018-03-20","","65.48333333"
"USAQUEN","2018-03-19","","43.5125"
"USAQUEN","2018-03-18","","66.37083333"
"USAQUEN","2018-03-17","","64.225"
"USAQUEN","2018-03-16","","54.19583333"
"USAQUEN","2018-03-15","","68.05416667"
"USAQUEN","2018-03-14","","64.5"
"USAQUEN","2018-03-13","","60.30833333"
"USAQUEN","2018-03-12","","44.26666667"
"USAQUEN","2018-03-11","","39.0875"
"USAQUEN","2018-03-10","","39.35416667"
"USAQUEN","2018-03-09","","33.45833333"
"USAQUEN","2018-03-08","","32.93333333"
"USAQUEN","2018-03-07","","32.09166667"
"USAQUEN","2018-03-06","","35.59583333"
"USAQUEN","2018-03-05","","57.675"
"USAQUEN","2018-03-04","","59.46666667"
"USAQUEN","2018-03-03","","53.52083333"
"USAQUEN","2018-03-02","","56.15416667"
"USAQUEN","2018-03-01","","78.79583333"
"USAQUEN","2018-02-28","","77.50833333"
"USAQUEN","2018-02-27","","76.94583333"
"USAQUEN","2018-02-26","","66.27916667"
"USAQUEN","2018-02-25","","50.96666667"
"USAQUEN","2018-02-24","","53.475"
"USAQUEN","2018-02-23","","82.51666667"
"USAQUEN","2018-02-22","","63.9625"
"USAQUEN","2018-02-21","","69.70833333"
"USAQUEN","2018-02-20","","58.50416667"
"USAQUEN","2018-02-19","","59.87083333"
"USAQUEN","2018-02-18","","40.69583333"
"USAQUEN","2018-02-17","","41.27083333"
"USAQUEN","2018-02-16","","45.5"
"USAQUEN","2018-02-15","","46.64166667"
"USAQUEN","2018-02-14","","50.90833333"
"USAQUEN","2018-02-13","","84.75833333"
"USAQUEN","2018-02-12","","54.24583333"
"USAQUEN","2018-02-11","","34.64090909"
"USAQUEN","2018-02-10","","42.34583333"
"USAQUEN","2018-02-09","","47.975"
"USAQUEN","2018-02-08","","80.725"
"USAQUEN","2018-02-07","","54.10833333"
"USAQUEN","2018-02-06","","65.4375"
"USAQUEN","2018-02-05","","68.025"
"USAQUEN","2018-02-04","","50.9625"
"USAQUEN","2018-02-03","","73.15833333"
"USAQUEN","2018-02-02","","67.4625"
"USAQUEN","2018-02-01","","71.3625"
"USAQUEN","2018-01-31","","53.96956522"
"USAQUEN","2018-01-30","","59.05"
"USAQUEN","2018-01-29","","43.4875"
"USAQUEN","2018-01-28","","31.44166667"
"USAQUEN","2018-01-27","","38.57916667"
"USAQUEN","2018-01-26","","46.42916667"
"USAQUEN","2018-01-25","","34.975"
"USAQUEN","2018-01-24","","35.31666667"
"USAQUEN","2018-01-23","","28.48333333"
"USAQUEN","2018-01-22","","29.07916667"
"USAQUEN","2018-01-21","","24.10416667"
"USAQUEN","2018-01-20","","21.54583333"
"USAQUEN","2018-01-19","","25.60416667"
"USAQUEN","2018-01-18","","22.84583333"
"USAQUEN","2018-01-17","","29.93333333"
"USAQUEN","2018-01-16","","30.92916667"
"USAQUEN","2018-01-15","","43.1125"
"USAQUEN","2018-01-14","","46.65"
"USAQUEN","2018-01-13","","47.67083333"
"USAQUEN","2018-01-12","","31.08333333"
"USAQUEN","2018-01-11","","36.49166667"
"USAQUEN","2018-01-10","","50.7125"
"USAQUEN","2018-01-09","","46.05"
"USAQUEN","2018-01-08","","38.60416667"
"USAQUEN","2018-01-07","","38.75833333"
"USAQUEN","2018-01-06","","42.07083333"
"USAQUEN","2018-01-05","","62.00416667"
"USAQUEN","2018-01-04","","54.13333333"
"USAQUEN","2018-01-03","","35.2625"
"USAQUEN","2018-01-02","","37.15833333"
"USAQUEN","2018-01-01","","26.02173913"
"USAQUEN","2017-12-31","","17.54166667"
"USAQUEN","2017-12-30","","20.70833333"
"USAQUEN","2017-12-29","","14.95652174"
"USAQUEN","2017-12-28","","14.04347826"
"USAQUEN","2017-12-27","","11.9"
"USAQUEN","2017-12-26","","19.08333333"
"USAQUEN","2017-12-25","","20.0"
"USAQUEN","2017-12-24","","10.72727273"
"USAQUEN","2017-12-23","","10.73913043"
"USAQUEN","2017-12-22","","8.42857143"
"USAQUEN","2017-12-21","","20.79166667"
"USAQUEN","2017-12-20","","20.08333333"
"USAQUEN","2017-12-19","","25.66666667"
"USAQUEN","2017-12-18","","14.81818182"
"USAQUEN","2017-12-17","","10.4"
"USAQUEN","2017-12-16","","19.71428571"
"USAQUEN","2017-12-15","","8.86363636"
"USAQUEN","2017-12-14","","9.40909091"
"USAQUEN","2017-12-13","","14.17391304"
"USAQUEN","2017-12-12","","11.45833333"
"USAQUEN","2017-12-11","","16.17391304"
"USAQUEN","2017-12-10","","20.73913043"
"USAQUEN","2017-12-09","","18.25"
"USAQUEN","2017-12-08","","7.59090909"
"USAQUEN","2017-12-07","","11.95"
"USAQUEN","2017-12-06","","7.875"
"USAQUEN","2017-12-05","","5.55"
"USAQUEN","2017-12-04","","4.38888889"
"USAQUEN","2017-12-03","","5.36842105"
"USAQUEN","2017-12-02","","19.20833333"
"USAQUEN","2017-12-01","","26.16666667"
"USAQUEN","2017-11-30","","18.25"
"USAQUEN","2017-11-29","","5.14285714"
"USAQUEN","2017-11-28","","7.26315789"
"USAQUEN","2017-11-27","","9.0952381"
"USAQUEN","2017-11-26","","5.42105263"
"USAQUEN","2017-11-25","","10.66666667"
"USAQUEN","2017-11-24","","30.73913043"
"USAQUEN","2017-11-23","","24.47826087"
"USAQUEN","2017-11-22","","26.83333333"
"USAQUEN","2017-11-21","","18.54166667"
"USAQUEN","2017-11-20","","11.27272727"
"USAQUEN","2017-11-19","","16.41666667"
"USAQUEN","2017-11-18","","21.43478261"
"USAQUEN","2017-11-17","","20.58333333"
"USAQUEN","2017-11-16","","20.47826087"
"USAQUEN","2017-11-15","","29.29166667"
"USAQUEN","2017-11-14","","20.26086957"
"USAQUEN","2017-11-13","","7.30434783"
"USAQUEN","2017-11-12","","6.47368421"
"USAQUEN","2017-11-11","","17.33333333"
"USAQUEN","2017-11-10","","35.58333333"
"USAQUEN","2017-11-09","","28.43478261"
"USAQUEN","2017-11-08","","14.61904762"
"USAQUEN","2017-11-07","","19.40909091"
"USAQUEN","2017-11-06","","25.9"
"USAQUEN","2017-11-05","","23.39130435"
"USAQUEN","2017-11-04","","25.70833333"
"USAQUEN","2017-11-03","","24.5"
"USAQUEN","2017-11-02","","21.36363636"
"USAQUEN","2017-11-01","","25.26086957"
"USAQUEN","2017-10-31","","20.69565217"
"USAQUEN","2017-10-30","","19.95833333"
"USAQUEN","2017-10-29","","12.875"
"USAQUEN","2017-10-28","","23.04166667"
"USAQUEN","2017-10-27","","15.83333333"
"USAQUEN","2017-10-26","","21.66666667"
"USAQUEN","2017-10-25","","11.58333333"
"USAQUEN","2017-10-24","","9.34782609"
"USAQUEN","2017-10-23","","11.19047619"
"USAQUEN","2017-10-22","","6.7"
"USAQUEN","2017-10-21","","6.65"
"USAQUEN","2017-10-20","","13.75"
"USAQUEN","2017-10-19","","11.77272727"
"USAQUEN","2017-10-18","","6.20833333"
"USAQUEN","2017-10-17","","8.95833333"
"USAQUEN","2017-10-16","","4.94736842"
"USAQUEN","2017-10-15","","4.25"
"USAQUEN","2017-10-14","","6.68181818"
"USAQUEN","2017-10-13","","6.09090909"
"USAQUEN","2017-10-12","","8.91304348"
"USAQUEN","2017-10-11","","11.57894737"
"USAQUEN","2017-10-10","","26.15384615"
"USAQUEN","2017-10-09","","18.91666667"
"USAQUEN","2017-10-08","","6.36842105"
"USAQUEN","2017-10-07","","4.26086957"
"USAQUEN","2017-10-06","","9.42857143"
"USAQUEN","2017-10-05","","5.86956522"
"USAQUEN","2017-10-04","","7.04347826"
"USAQUEN","2017-10-03","","23.125"
"USAQUEN","2017-10-02","","14.25"
"USAQUEN","2017-10-01","","6.85"
"USAQUEN","2017-09-30","","5.43478261"
"USAQUEN","2017-09-29","","6.14285714"
"USAQUEN","2017-09-28","","12.86363636"
"USAQUEN","2017-09-27","","11.91304348"
"USAQUEN","2017-09-26","","12.86956522"
"USAQUEN","2017-09-25","","6.73684211"
"USAQUEN","2017-09-24","","5.22222222"
"USAQUEN","2017-09-23","","9.95652174"
"USAQUEN","2017-09-22","","21.04166667"
"USAQUEN","2017-09-21","","23.625"
"USAQUEN","2017-09-20","","22.91666667"
"USAQUEN","2017-09-19","","20.875"
"USAQUEN","2017-09-18","","5.70833333"
"USAQUEN","2017-09-17","","4.2"
"USAQUEN","2017-09-16","","7.7826087"
"USAQUEN","2017-09-15","","8.66666667"
"USAQUEN","2017-09-14","","9.22727273"
"USAQUEN","2017-09-13","","5.77272727"
"USAQUEN","2017-09-12","","9.47826087"
"USAQUEN","2017-09-11","","8.05882353"
"USAQUEN","2017-09-10","","7.73913043"
"USAQUEN","2017-09-09","","8.91666667"
"USAQUEN","2017-09-08","","19.45833333"
"USAQUEN","2017-09-07","","18.08695652"
"USAQUEN","2017-09-06","","11.73913043"
"USAQUEN","2017-09-05","","9.58333333"
"USAQUEN","2017-09-04","","9.25"
"USAQUEN","2017-09-03","","6.40909091"
"USAQUEN","2017-09-02","","8.2173913"
"USAQUEN","2017-09-01","","7.91304348"
"USAQUEN","2017-08-31","","7.31818182"
"USAQUEN","2017-08-30","","6.45454545"
"USAQUEN","2017-08-29","","6.92857143"
"USAQUEN","2017-08-28","","5.84615385"
"USAQUEN","2017-08-27","","10.43478261"
"USAQUEN","2017-08-26","","5.91304348"
"USAQUEN","2017-08-25","","7.66666667"
"USAQUEN","2017-08-24","","11.0"
"USAQUEN","2017-08-23","","11.625"
"USAQUEN","2017-08-22","","10.45454545"
"USAQUEN","2017-08-19","","20.0"
"USAQUEN","2017-08-18","","17.45454545"
"USAQUEN","2017-08-17","","10.80952381"
"USAQUEN","2017-08-16","","12.0"
"USAQUEN","2017-08-15","","11.69565217"
"USAQUEN","2017-08-14","","8.75"
"USAQUEN","2017-08-13","","5.7826087"
"USAQUEN","2017-08-12","","6.91666667"
"USAQUEN","2017-08-11","","6.95652174"
"USAQUEN","2017-08-10","","11.58333333"
"USAQUEN","2017-08-09","","6.625"
"USAQUEN","2017-08-08","","6.82608696"
"USAQUEN","2017-08-07","","6.5"
"USAQUEN","2017-08-06","","7.08333333"
"USAQUEN","2017-08-05","","6.30434783"
"USAQUEN","2017-08-04","","7.47826087"
"USAQUEN","2017-08-03","","10.0"
"USAQUEN","2017-08-02","","21.625"
"USAQUEN","2017-08-01","","9.45833333"
"USAQUEN","2017-07-31","","6.0952381"
"USAQUEN","2017-07-30","","5.26315789"
"USAQUEN","2017-07-29","","3.9"
"USAQUEN","2017-07-28","","5.08695652"
"USAQUEN","2017-07-27","","6.86956522"
"USAQUEN","2017-07-26","","5.08333333"
"USAQUEN","2017-07-25","","6.86363636"
"USAQUEN","2017-07-24","","6.75"
"USAQUEN","2017-07-23","","3.71428571"
"USAQUEN","2017-07-22","","4.86956522"
"USAQUEN","2017-07-21","","7.82608696"
"USAQUEN","2017-07-20","","5.63636364"
"USAQUEN","2017-07-19","","4.38461538"
"USAQUEN","2017-07-18","","6.66666667"
"USAQUEN","2017-07-17","","7.60869565"
"USAQUEN","2017-07-16","","24.875"
"USAQUEN","2017-07-15","","28.08333333"
"USAQUEN","2017-07-14","","11.95833333"
"USAQUEN","2017-07-13","","7.81818182"
"USAQUEN","2017-07-12","","8.45"
"USAQUEN","2017-07-11","","6.95454545"
"USAQUEN","2017-07-10","","6.76190476"
"USAQUEN","2017-07-09","","5.56521739"
"USAQUEN","2017-07-08","","6.0"
"USAQUEN","2017-07-07","","6.04166667"
"USAQUEN","2017-07-06","","7.7826087"
"USAQUEN","2017-07-05","","6.25"
"USAQUEN","2017-07-04","","5.75"
"USAQUEN","2017-07-03","","5.73913043"
"USAQUEN","2017-07-02","","5.35"
"USAQUEN","2017-07-01","","6.73913043"
"USAQUEN","2017-06-30","","6.59090909"
"USAQUEN","2017-06-29","","9.95833333"
"USAQUEN","2017-06-28","","14.08695652"
"USAQUEN","2017-06-27","","9.09090909"
"USAQUEN","2017-06-26","","7.54545455"
"USAQUEN","2017-06-25","","6.52941176"
"USAQUEN","2017-06-24","","5.61904762"
"USAQUEN","2017-06-23","","7.28571429"
"USAQUEN","2017-06-22","","6.26086957"
"USAQUEN","2017-06-21","","4.28571429"
"USAQUEN","2017-06-18","","24.38888889"
"USAQUEN","2017-06-17","","20.68181818"
"USAQUEN","2017-06-16","","8.66666667"
"USAQUEN","2017-06-15","","8.5"
"USAQUEN","2017-06-14","","6.31818182"
"USAQUEN","2017-06-13","","7.27272727"
"USAQUEN","2017-06-12","","18.45833333"
"USAQUEN","2017-06-11","","9.73913043"
"USAQUEN","2017-06-10","","7.58823529"
"USAQUEN","2017-06-09","","24.13636364"
"USAQUEN","2017-06-08","","26.19047619"
"USAQUEN","2017-06-07","","15.47619048"
"USAQUEN","2017-06-06","","7.29411765"
"USAQUEN","2017-06-05","","4.77777778"
"USAQUEN","2017-06-04","","9.11764706"
"USAQUEN","2017-06-03","","12.0"
"USAQUEN","2017-06-02","","8.875"
"USAQUEN","2017-06-01","","3.64285714"
"USAQUEN","2017-05-31","","7.41666667"
"USAQUEN","2017-05-30","","11.15789474"
"USAQUEN","2017-05-29","","8.39130435"
"USAQUEN","2017-05-28","","9.85714286"
"USAQUEN","2017-05-27","","9.82608696"
"USAQUEN","2017-05-26","","7.36842105"
"USAQUEN","2017-05-25","","8.31818182"
"USAQUEN","2017-05-24","","7.0"
"USAQUEN","2017-05-23","","8.71428571"
"USAQUEN","2017-05-22","","8.91666667"
"USAQUEN","2017-05-21","","8.60869565"
"USAQUEN","2017-05-20","","7.45833333"
"USAQUEN","2017-05-19","","12.25"
"USAQUEN","2017-05-18","","8.94736842"
"USAQUEN","2017-05-17","","13.79166667"
"USAQUEN","2017-05-16","","15.0"
"USAQUEN","2017-05-15","","17.66666667"
"USAQUEN","2017-05-14","","15.25"
"USAQUEN","2017-05-13","","16.375"
"USAQUEN","2017-05-12","","26.29166667"
"USAQUEN","2017-05-11","","19.33333333"
"USAQUEN","2017-05-10","","17.83333333"
"USAQUEN","2017-05-09","","20.95833333"
"USAQUEN","2017-05-08","","10.20833333"
"USAQUEN","2017-05-07","","16.66666667"
"USAQUEN","2017-05-06","","12.04166667"
"USAQUEN","2017-05-05","","10.68181818"
"USAQUEN","2017-05-04","","12.63636364"
"USAQUEN","2017-05-03","","19.91666667"
"USAQUEN","2017-05-02","","17.04761905"
"USAQUEN","2017-05-01","","7.54166667"
"USAQUEN","2017-04-30","","6.20833333"
"USAQUEN","2017-04-29","","10.20833333"
"USAQUEN","2017-04-28","","10.70833333"
"USAQUEN","2017-04-27","","12.66666667"
"USAQUEN","2017-04-26","","11.22727273"
"USAQUEN","2017-04-25","","8.45833333"
"USAQUEN","2017-04-24","","7.82608696"
"USAQUEN","2017-04-23","","7.95454545"
"USAQUEN","2017-04-22","","14.08333333"
"USAQUEN","2017-04-21","","17.58333333"
"USAQUEN","2017-04-20","","32.625"
"USAQUEN","2017-04-19","","14.91304348"
"USAQUEN","2017-04-18","","10.13043478"
"USAQUEN","2017-04-17","","5.23076923"
"USAQUEN","2017-04-16","","4.71428571"
"USAQUEN","2017-04-15","","4.0"
"USAQUEN","2017-04-14","","4.73913043"
"USAQUEN","2017-04-13","","8.0"
"USAQUEN","2017-04-12","","25.13636364"
"USAQUEN","2017-04-11","","26.875"
"USAQUEN","2017-04-10","","26.60869565"
"USAQUEN","2017-04-09","","24.625"
"USAQUEN","2017-04-08","","30.79166667"
"USAQUEN","2017-04-07","","35.08333333"
"USAQUEN","2017-04-06","","19.75"
"USAQUEN","2017-04-05","","19.16666667"
"USAQUEN","2017-04-04","","19.375"
"USAQUEN","2017-04-03","","15.375"
"USAQUEN","2017-04-02","","9.125"
"USAQUEN","2017-04-01","","12.58333333"
"USAQUEN","2017-03-31","","13.04347826"
"USAQUEN","2017-03-30","","22.54166667"
"USAQUEN","2017-03-29","","14.75"
"USAQUEN","2017-03-28","","21.58333333"
"USAQUEN","2017-03-11","","13.88888889"
"USAQUEN","2017-03-10","","13.2173913"
"USAQUEN","2017-03-09","","7.17391304"
"USAQUEN","2017-03-08","","23.0"
"USAQUEN","2017-03-07","","14.26086957"
"USAQUEN","2017-03-06","","10.60869565"
"USAQUEN","2017-03-05","","11.04545455"
"USAQUEN","2017-03-04","","13.13043478"
"USAQUEN","2017-03-03","","11.16666667"
"USAQUEN","2017-03-02","","15.5"
"USAQUEN","2017-03-01","","23.375"
"USAQUEN","2017-02-28","","26.91666667"
"USAQUEN","2017-02-27","","17.83333333"
"USAQUEN","2017-02-26","","19.91666667"
"USAQUEN","2017-02-25","","22.29166667"
"USAQUEN","2017-02-24","","26.08333333"
"USAQUEN","2017-02-23","","30.33333333"
"USAQUEN","2017-02-22","","29.83333333"
"USAQUEN","2017-02-21","","37.45833333"
"USAQUEN","2017-02-20","","40.5"
"USAQUEN","2017-02-17","","19.5"
"USAQUEN","2017-02-16","","30.29166667"
"USAQUEN","2017-02-15","","29.2173913"
"USAQUEN","2017-02-14","","22.75"
"USAQUEN","2017-02-13","","18.5"
"USAQUEN","2017-02-12","","26.82608696"
"USAQUEN","2017-02-11","","33.5"
"USAQUEN","2017-02-10","","29.125"
"USAQUEN","2017-02-09","","26.125"
"USAQUEN","2017-02-08","","16.45833333"
"USAQUEN","2017-02-07","","11.91304348"
"USAQUEN","2017-02-06","","13.625"
"USAQUEN","2017-02-05","","10.79166667"
"USAQUEN","2017-02-04","","14.0"
"USAQUEN","2017-02-03","","15.04166667"
"USAQUEN","2017-02-02","","12.625"
"USAQUEN","2017-02-01","","10.08333333"
"USAQUEN","2017-01-31","","12.77272727"
"USAQUEN","2017-01-30","","13.14285714"
"USAQUEN","2017-01-26","","10.21428571"
"USAQUEN","2017-01-25","","12.54166667"
"USAQUEN","2017-01-24","","27.13043478"
"USAQUEN","2017-01-23","","25.875"
"USAQUEN","2017-01-22","","15.33333333"
"USAQUEN","2017-01-21","","16.95833333"
"USAQUEN","2017-01-20","","28.75"
"USAQUEN","2017-01-19","","29.58333333"
"USAQUEN","2017-01-18","","21.91666667"
"USAQUEN","2017-01-17","","17.83333333"
"USAQUEN","2017-01-16","","19.43478261"
"USAQUEN","2017-01-15","","16.41666667"
"USAQUEN","2017-01-14","","26.83333333"
"USAQUEN","2017-01-13","","19.66666667"
"USAQUEN","2017-01-12","","15.40909091"
"USAQUEN","2017-01-11","","17.20833333"
"USAQUEN","2017-01-10","","21.54166667"
"USAQUEN","2017-01-09","","13.0"
"USAQUEN","2017-01-08","","9.34782609"
"USAQUEN","2017-01-07","","9.83333333"
"USAQUEN","2017-01-06","","8.75"
"USAQUEN","2017-01-05","","15.70833333"
"USAQUEN","2017-01-04","","15.83333333"
"USAQUEN","2017-01-03","","8.66666667"
"USAQUEN","2017-01-02","","8.16666667"
"USAQUEN","2017-01-01","","6.85714286"
"USAQUEN","2016-12-31","","17.49583333"
"USAQUEN","2016-12-30","","21.74166667"
"USAQUEN","2016-12-29","","28.925"
"USAQUEN","2016-12-28","","23.8375"
"USAQUEN","2016-12-27","","39.06666667"
"USAQUEN","2016-12-26","","38.26923077"
"USAQUEN","2016-12-24","","42.74285714"
"USAQUEN","2016-12-23","","52.13333333"
"USAQUEN","2016-12-22","","54.425"
"USAQUEN","2016-12-21","","47.77916667"
"USAQUEN","2016-12-20","","39.75"
"USAQUEN","2016-12-19","","68.34166667"
"USAQUEN","2016-12-18","","31.80833333"
"USAQUEN","2016-12-17","","51.025"
"USAQUEN","2016-12-16","","78.77083333"
"USAQUEN","2016-12-15","","47.61666667"
"USAQUEN","2016-12-14","","57.01666667"
"USAQUEN","2016-12-13","","45.375"
"USAQUEN","2016-12-12","","31.60833333"
"USAQUEN","2016-12-11","","24.9"
"USAQUEN","2016-12-10","","22.30833333"
"USAQUEN","2016-12-09","","70.4125"
"USAQUEN","2016-12-08","","36.05416667"
"USAQUEN","2016-12-07","","25.22173913"
"USAQUEN","2016-12-06","","27.25833333"
"USAQUEN","2016-12-05","","25.11666667"
"USAQUEN","2016-12-04","","24.0"
"USAQUEN","2016-12-03","","30.06666667"
"USAQUEN","2016-12-02","","40.35416667"
"USAQUEN","2016-12-01","","44.67916667"
"USAQUEN","2016-11-30","","35.80833333"
"USAQUEN","2016-11-29","","47.98333333"
"USAQUEN","2016-11-28","","57.37826087"
"USAQUEN","2016-11-27","","53.57916667"
"USAQUEN","2016-11-26","","42.95"
"USAQUEN","2016-11-25","","35.99166667"
"USAQUEN","2016-11-24","","60.27916667"
"USAQUEN","2016-11-23","","33.65416667"
"USAQUEN","2016-11-22","","63.46666667"
"USAQUEN","2016-11-21","","50.49166667"
"USAQUEN","2016-11-20","","41.175"
"USAQUEN","2016-11-19","","47.0"
"USAQUEN","2016-11-18","","39.45416667"
"USAQUEN","2016-11-17","","39.57083333"
"USAQUEN","2016-11-16","","38.025"
"USAQUEN","2016-11-15","","30.38333333"
"USAQUEN","2016-11-14","","35.04583333"
"USAQUEN","2016-11-13","","40.925"
"USAQUEN","2016-11-12","","50.53333333"
"USAQUEN","2016-11-11","","29.84166667"
"USAQUEN","2016-11-10","","41.51666667"
"USAQUEN","2016-11-09","","37.79166667"
"USAQUEN","2016-11-08","","66.8625"
"USAQUEN","2016-11-07","","52.17916667"
"USAQUEN","2016-11-06","","36.16666667"
"USAQUEN","2016-11-05","","30.90833333"
"USAQUEN","2016-11-04","","37.15416667"
"USAQUEN","2016-11-03","","66.32916667"
"USAQUEN","2016-11-02","","72.8625"
"USAQUEN","2016-11-01","","73.25833333"
"USAQUEN","2016-10-31","","72.4375"
"USAQUEN","2016-10-30","","40.86363636"
"USAQUEN","2016-10-29","","43.89583333"
"USAQUEN","2016-10-28","","69.85"
"USAQUEN","2016-10-27","","93.66666667"
"USAQUEN","2016-10-26","","81.9875"
"USAQUEN","2016-10-25","","75.1625"
"USAQUEN","2016-10-24","","70.8125"
"USAQUEN","2016-10-23","","45.25416667"
"USAQUEN","2016-10-22","","51.37083333"
"USAQUEN","2016-10-21","","44.2625"
"USAQUEN","2016-10-20","","37.6125"
"USAQUEN","2016-10-19","","36.7625"
"USAQUEN","2016-10-18","","35.66666667"
"USAQUEN","2016-10-17","","35.27916667"
"USAQUEN","2016-10-16","","31.42083333"
"USAQUEN","2016-10-15","","31.95833333"
"USAQUEN","2016-10-14","","37.21666667"
"USAQUEN","2016-10-13","","48.95833333"
"USAQUEN","2016-10-12","","41.58333333"
"USAQUEN","2016-10-11","","41.75416667"
"USAQUEN","2016-10-10","","29.88333333"
"USAQUEN","2016-10-09","","29.625"
"USAQUEN","2016-10-08","","57.0125"
"USAQUEN","2016-10-07","","74.3625"
"USAQUEN","2016-10-06","","40.64583333"
"USAQUEN","2016-10-05","","53.275"
"USAQUEN","2016-10-04","","50.85833333"
"USAQUEN","2016-10-03","","53.475"
"USAQUEN","2016-10-02","","39.15416667"
"USAQUEN","2016-10-01","","57.91666667"
"USAQUEN","2016-09-30","","80.74166667"
"USAQUEN","2016-09-29","","64.0625"
"USAQUEN","2016-09-28","","36.44166667"
"USAQUEN","2016-09-27","","32.7875"
"USAQUEN","2016-09-26","","31.68333333"
"USAQUEN","2016-09-25","","27.52083333"
"USAQUEN","2016-09-24","","28.225"
"USAQUEN","2016-09-23","","35.35833333"
"USAQUEN","2016-09-22","","34.5"
"USAQUEN","2016-09-21","","28.6875"
"USAQUEN","2016-09-20","","33.24583333"
"USAQUEN","2016-09-19","","32.0875"
"USAQUEN","2016-09-18","","29.45833333"
"USAQUEN","2016-09-17","","37.2"
"USAQUEN","2016-09-16","","47.02916667"
"USAQUEN","2016-09-15","","32.7625"
"USAQUEN","2016-09-14","","41.95416667"
"USAQUEN","2016-09-13","","72.02916667"
"USAQUEN","2016-09-12","","56.65833333"
"USAQUEN","2016-09-11","","26.25416667"
"USAQUEN","2016-09-10","","27.10416667"
"USAQUEN","2016-09-09","","31.70833333"
"USAQUEN","2016-09-08","","45.17916667"
"USAQUEN","2016-09-07","","39.85"
"USAQUEN","2016-09-06","","31.99130435"
"USAQUEN","2016-09-05","","27.82083333"
"USAQUEN","2016-09-04","","26.02916667"
"USAQUEN","2016-09-03","","31.20833333"
"USAQUEN","2016-09-02","","39.65"
"USAQUEN","2016-09-01","","33.9625"
"USAQUEN","2016-08-31","","35.46666667"
"USAQUEN","2016-08-30","","29.20833333"
"USAQUEN","2016-08-29","","41.9375"
"USAQUEN","2016-08-28","","29.09166667"
"USAQUEN","2016-08-27","","39.56666667"
"USAQUEN","2016-08-26","","31.8625"
"USAQUEN","2016-08-25","","35.1125"
"USAQUEN","2016-08-24","","47.0625"
"USAQUEN","2016-08-23","","37.55416667"
"USAQUEN","2016-08-22","","32.06666667"
"USAQUEN","2016-08-21","","27.40416667"
"USAQUEN","2016-08-20","","42.2625"
"USAQUEN","2016-08-19","","37.50833333"
"USAQUEN","2016-08-18","","32.78333333"
"USAQUEN","2016-08-17","","36.90833333"
"USAQUEN","2016-08-16","","31.60833333"
"USAQUEN","2016-08-15","","26.77916667"
"USAQUEN","2016-08-14","","27.5375"
"USAQUEN","2016-08-13","","28.59166667"
"USAQUEN","2016-08-12","","31.65"
"USAQUEN","2016-08-11","","28.32916667"
"USAQUEN","2016-08-10","","26.67916667"
"USAQUEN","2016-08-09","","30.35416667"
"USAQUEN","2016-08-08","","30.0"
"USAQUEN","2016-08-07","","27.35"
"USAQUEN","2016-08-06","","33.0125"
"USAQUEN","2016-08-05","","35.0125"
"USAQUEN","2016-08-04","","30.42083333"
"USAQUEN","2016-08-03","","27.62916667"
"USAQUEN","2016-08-02","","25.88333333"
"USAQUEN","2016-08-01","","29.03333333"
"USAQUEN","2016-07-31","","25.52916667"
"USAQUEN","2016-07-30","","26.6875"
"USAQUEN","2016-07-29","","27.06818182"
"USAQUEN","2016-07-28","","27.34782609"
"USAQUEN","2016-07-27","","27.7"
"USAQUEN","2016-07-26","","28.125"
"USAQUEN","2016-07-25","","29.375"
"USAQUEN","2016-07-24","","34.90833333"
"USAQUEN","2016-07-23","","31.42083333"
"USAQUEN","2016-07-22","","32.475"
"USAQUEN","2016-07-21","","26.5173913"
"USAQUEN","2016-07-20","","22.85"
"USAQUEN","2016-07-19","","20.57916667"
"USAQUEN","2016-07-18","","20.40869565"
"USAQUEN","2016-07-17","","21.60416667"
"USAQUEN","2016-07-16","","31.49583333"
"USAQUEN","2016-07-15","","26.22916667"
"USAQUEN","2016-07-14","","29.1625"
"USAQUEN","2016-07-13","","29.9625"
"USAQUEN","2016-07-12","","42.26666667"
"USAQUEN","2016-07-11","","31.32083333"
"USAQUEN","2016-07-10","","25.77916667"
"USAQUEN","2016-07-09","","31.20416667"
"USAQUEN","2016-07-08","","29.34166667"
"USAQUEN","2016-07-07","","26.48333333"
"USAQUEN","2016-07-06","","34.43333333"
"USAQUEN","2016-07-05","","25.56521739"
"USAQUEN","2016-07-04","","21.32916667"
"USAQUEN","2016-07-03","","23.5375"
"USAQUEN","2016-07-02","","19.40833333"
"USAQUEN","2016-07-01","","20.7173913"
"USAQUEN","2016-06-30","","22.4625"
"USAQUEN","2016-06-29","","20.72083333"
"USAQUEN","2016-06-28","","26.20833333"
"USAQUEN","2016-06-27","","31.11666667"
"USAQUEN","2016-06-26","","18.82608696"
"USAQUEN","2016-06-25","","21.39166667"
"USAQUEN","2016-06-24","","22.63333333"
"USAQUEN","2016-06-23","","20.8875"
"USAQUEN","2016-06-22","","21.68181818"
"USAQUEN","2016-06-21","","19.54117647"
"USAQUEN","2016-06-20","","19.44583333"
"USAQUEN","2016-06-19","","19.075"
"USAQUEN","2016-06-18","","22.52608696"
"USAQUEN","2016-06-17","","24.675"
"USAQUEN","2016-06-16","","24.0625"
"USAQUEN","2016-06-15","","19.0875"
"USAQUEN","2016-06-14","","28.975"
"USAQUEN","2016-06-13","","21.3625"
"USAQUEN","2016-06-12","","19.825"
"USAQUEN","2016-06-11","","21.375"
"USAQUEN","2016-06-10","","23.5"
"USAQUEN","2016-06-09","","27.03333333"
"USAQUEN","2016-06-08","","23.95416667"
"USAQUEN","2016-06-07","","33.22083333"
"USAQUEN","2016-06-06","","36.5"
"USAQUEN","2016-06-05","","56.00833333"
"USAQUEN","2016-06-04","","80.57916667"
"USAQUEN","2016-06-03","","30.64166667"
"USAQUEN","2016-06-02","","26.2125"
"USAQUEN","2016-06-01","","29.21666667"
"USAQUEN","2016-05-31","","35.45833333"
"USAQUEN","2016-05-30","","37.125"
"USAQUEN","2016-05-29","","26.28333333"
"USAQUEN","2016-05-28","","24.80416667"
"USAQUEN","2016-05-27","","43.65833333"
"USAQUEN","2016-05-26","","45.025"
"USAQUEN","2016-05-25","","31.7625"
"USAQUEN","2016-05-24","","27.4"
"USAQUEN","2016-05-23","","25.76666667"
"USAQUEN","2016-05-22","","23.87916667"
"USAQUEN","2016-05-21","","27.18333333"
"USAQUEN","2016-05-20","","29.79166667"
"USAQUEN","2016-05-19","","25.69565217"
"USAQUEN","2016-05-18","","24.68333333"
"USAQUEN","2016-05-17","","23.76666667"
"USAQUEN","2016-05-16","","25.95"
"USAQUEN","2016-05-15","","19.4875"
"USAQUEN","2016-05-14","","21.80833333"
"USAQUEN","2016-05-13","","24.90833333"
"USAQUEN","2016-05-12","","28.9625"
"USAQUEN","2016-05-11","","36.68333333"
"USAQUEN","2016-05-10","","33.58333333"
"USAQUEN","2016-05-09","","19.0375"
"USAQUEN","2016-05-08","","34.4875"
"USAQUEN","2016-05-07","","31.45416667"
"USAQUEN","2016-05-06","","29.11666667"
"USAQUEN","2016-05-05","","32.11666667"
"USAQUEN","2016-05-04","","46.11666667"
"USAQUEN","2016-05-03","","39.1875"
"USAQUEN","2016-05-02","","29.93333333"
"USAQUEN","2016-05-01","","17.16666667"
"USAQUEN","2016-04-30","","23.0875"
"USAQUEN","2016-04-29","","39.26086957"
"USAQUEN","2016-04-28","","41.72916667"
"USAQUEN","2016-04-27","","47.0125"
"USAQUEN","2016-04-26","","52.4625"
"USAQUEN","2016-04-25","","68.1125"
"USAQUEN","2016-04-24","","38.32916667"
"USAQUEN","2016-04-23","","32.5"
"USAQUEN","2016-04-22","","32.02916667"
"USAQUEN","2016-04-21","","25.3625"
"USAQUEN","2016-04-20","","29.05416667"
"USAQUEN","2016-04-19","","37.88333333"
"USAQUEN","2016-04-18","","27.35833333"
"USAQUEN","2016-04-17","","24.8875"
"USAQUEN","2016-04-16","","36.17916667"
"USAQUEN","2016-04-15","","39.02083333"
"USAQUEN","2016-04-14","","57.7"
"USAQUEN","2016-04-13","","73.00416667"
"USAQUEN","2016-04-12","","57.59583333"
"USAQUEN","2016-04-11","","68.95"
"USAQUEN","2016-04-10","","38.20416667"
"USAQUEN","2016-04-09","","28.70833333"
"USAQUEN","2016-04-08","","25.66086957"
"USAQUEN","2016-04-07","","33.10833333"
"USAQUEN","2016-04-06","","38.12916667"
"USAQUEN","2016-04-05","","54.375"
"USAQUEN","2016-04-04","","47.87916667"
"USAQUEN","2016-04-03","","62.44583333"
"USAQUEN","2016-04-02","","58.9375"
"USAQUEN","2016-04-01","","53.5125"
"USAQUEN","2016-03-31","","45.19583333"
"USAQUEN","2016-03-30","","55.72083333"
"USAQUEN","2016-03-29","","71.48333333"
"USAQUEN","2016-03-28","","74.74166667"
"USAQUEN","2016-03-27","","52.025"
"USAQUEN","2016-03-26","","48.47916667"
"USAQUEN","2016-03-25","","45.20416667"
"USAQUEN","2016-03-24","","41.78333333"
"USAQUEN","2016-03-23","","48.5625"
"USAQUEN","2016-03-22","","42.01666667"
"USAQUEN","2016-03-21","","33.40833333"
"USAQUEN","2016-03-20","","32.00833333"
"USAQUEN","2016-03-19","","30.3625"
"USAQUEN","2016-03-18","","30.40416667"
"USAQUEN","2016-03-17","","36.41666667"
"USAQUEN","2016-03-16","","41.44583333"
"USAQUEN","2016-03-15","","55.2826087"
"USAQUEN","2016-03-14","","77.66666667"
"USAQUEN","2016-03-13","","64.975"
"USAQUEN","2016-03-12","","73.95416667"
"USAQUEN","2016-03-11","","89.92083333"
"USAQUEN","2016-03-10","","92.94583333"
"USAQUEN","2016-03-09","","73.92083333"
"USAQUEN","2016-03-08","","84.475"
"USAQUEN","2016-03-07","","101.05416667"
"USAQUEN","2016-03-06","","72.87777778"
"USAQUEN","2016-03-05","","94.63529412"
"USAQUEN","2016-03-04","","79.39583333"
"USAQUEN","2016-03-03","","45.29166667"
"USAQUEN","2016-03-02","","40.06666667"
"USAQUEN","2016-03-01","","67.32916667"
"USAQUEN","2016-02-29","","58.56428571"
"USAQUEN","2016-02-27","","47.31818182"
"USAQUEN","2016-02-26","","59.68125"
"USAQUEN","2016-02-25","","74.5375"
"USAQUEN","2016-02-24","","50.275"
"USAQUEN","2016-02-23","","42.525"
"USAQUEN","2016-02-22","","42.10416667"
"USAQUEN","2016-02-21","","35.05416667"
"USAQUEN","2016-02-20","","48.8375"
"USAQUEN","2016-02-19","","48.72083333"
"USAQUEN","2016-02-18","","56.15"
"USAQUEN","2016-02-17","","45.01666667"
"USAQUEN","2016-02-16","","33.88333333"
"USAQUEN","2016-02-15","","39.33478261"
"USAQUEN","2016-02-14","","41.05833333"
"USAQUEN","2016-02-13","","43.40833333"
"USAQUEN","2016-02-12","","39.72083333"
"USAQUEN","2016-02-11","","36.39583333"
"USAQUEN","2016-02-10","","35.55833333"
"USAQUEN","2016-02-09","","36.22083333"
"USAQUEN","2016-02-08","","37.4625"
"USAQUEN","2016-02-07","","43.35833333"
"USAQUEN","2016-02-06","","57.525"
"USAQUEN","2016-02-05","","74.9375"
"USAQUEN","2016-02-04","","90.0"
"USAQUEN","2016-02-03","","100.955"
"USAQUEN","2016-02-02","","78.07083333"
"USAQUEN","2016-02-01","","72.91111111"
"USAQUEN","2016-01-31","","64.43333333"
"USAQUEN","2016-01-30","","96.02916667"
"USAQUEN","2016-01-29","","89.825"
"USAQUEN","2016-01-28","","75.25416667"
"USAQUEN","2016-01-27","","48.71666667"
"USAQUEN","2016-01-26","","67.53333333"
"USAQUEN","2016-01-25","","101.48571429"
"USAQUEN","2016-01-23","","82.30416667"
"USAQUEN","2016-01-22","","103.16818182"
"USAQUEN","2016-01-21","","115.91"
"USAQUEN","2016-01-20","","98.62142857"
"USAQUEN","2016-01-19","","92.91578947"
"USAQUEN","2016-01-18","","79.1125"
"USAQUEN","2016-01-17","","65.80833333"
"USAQUEN","2016-01-16","","61.1875"
"USAQUEN","2016-01-15","","88.09583333"
"USAQUEN","2016-01-14","","96.59166667"
"USAQUEN","2016-01-13","","67.14444444"
"USAQUEN","2016-01-08","","66.20416667"
"USAQUEN","2016-01-07","","61.26666667"
"USAQUEN","2016-01-06","","43.57083333"
"USAQUEN","2016-01-05","","60.8875"
"USAQUEN","2016-01-04","","40.99583333"
"USAQUEN","2016-01-03","","25.48333333"
"USAQUEN","2016-01-02","","24.86666667"
"USAQUEN","2016-01-01","","25.65217391"
"USAQUEN","2015-12-31","","22.08695652"
"USAQUEN","2015-12-30","","28.875"
"USAQUEN","2015-12-29","","32.70833333"
"USAQUEN","2015-12-28","","29.33333333"
"USAQUEN","2015-12-27","","31.125"
"USAQUEN","2015-12-26","","25.75"
"USAQUEN","2015-12-25","","25.75"
"USAQUEN","2015-12-24","","30.91666667"
"USAQUEN","2015-12-23","","31.83333333"
"USAQUEN","2015-12-22","","31.0"
"USAQUEN","2015-12-21","","29.25"
"USAQUEN","2015-12-20","","25.33333333"
"USAQUEN","2015-12-19","","25.33333333"
"USAQUEN","2015-12-18","","28.25"
"USAQUEN","2015-12-17","","27.5"
"USAQUEN","2015-12-16","","27.41666667"
"USAQUEN","2015-12-15","","34.0"
"USAQUEN","2015-12-14","","35.41666667"
"USAQUEN","2015-12-13","","31.125"
"USAQUEN","2015-12-12","","39.125"
"USAQUEN","2015-12-11","","33.95833333"
"USAQUEN","2015-12-10","","34.83333333"
"USAQUEN","2015-12-09","","41.08333333"
"USAQUEN","2015-12-08","","38.33333333"
"USAQUEN","2015-12-07","","36.91666667"
"USAQUEN","2015-12-06","","26.16666667"
"USAQUEN","2015-12-05","","28.70833333"
"USAQUEN","2015-12-04","","38.125"
"USAQUEN","2015-12-03","","39.45833333"
"USAQUEN","2015-12-02","","31.79166667"
"USAQUEN","2015-12-01","","28.66666667"
"USAQUEN","2015-11-30","","27.75"
"USAQUEN","2015-11-29","","29.375"
"USAQUEN","2015-11-28","","56.875"
"USAQUEN","2015-11-27","","35.375"
"USAQUEN","2015-11-26","","39.72727273"
"USAQUEN","2015-11-25","","32.63157895"
"USAQUEN","2015-11-24","","36.41666667"
"USAQUEN","2015-11-23","","41.94117647"
"USAQUEN","2015-11-21","","40.30434783"
"USAQUEN","2015-11-20","","78.83333333"
"USAQUEN","2015-11-19","","75.09090909"
"USAQUEN","2015-11-18","","41.65217391"
"USAQUEN","2015-11-17","","27.70833333"
"USAQUEN","2015-11-16","","24.625"
"USAQUEN","2015-11-15","","21.83333333"
"USAQUEN","2015-11-14","","24.45833333"
"USAQUEN","2015-11-13","","32.16666667"
"USAQUEN","2015-11-12","","34.75"
"USAQUEN","2015-11-11","","30.92857143"
"USAQUEN","2015-11-06","","54.0"
"USAQUEN","2015-11-05","","73.83333333"
"USAQUEN","2015-11-04","","63.29166667"
"USAQUEN","2015-11-03","","62.125"
"USAQUEN","2015-11-02","","37.41666667"
"USAQUEN","2015-11-01","","43.79166667"
"USAQUEN","2015-10-31","","67.08333333"
"USAQUEN","2015-10-30","","64.83333333"
"USAQUEN","2015-10-29","","53.45833333"
"USAQUEN","2015-10-28","","37.91666667"
"USAQUEN","2015-10-27","","29.45833333"
"USAQUEN","2015-10-26","","33.33333333"
"USAQUEN","2015-10-25","","27.66666667"
"USAQUEN","2015-10-24","","37.08333333"
"USAQUEN","2015-10-23","","34.66666667"
"USAQUEN","2015-10-22","","59.91666667"
"USAQUEN","2015-10-21","","34.41666667"
"USAQUEN","2015-10-20","","40.16666667"
"USAQUEN","2015-10-19","","41.04166667"
"USAQUEN","2015-10-18","","31.08333333"
"USAQUEN","2015-10-17","","29.70833333"
"USAQUEN","2015-10-16","","29.58333333"
"USAQUEN","2015-10-15","","22.82608696"
"USAQUEN","2015-10-14","","32.125"
"USAQUEN","2015-10-13","","33.25"
"USAQUEN","2015-10-12","","24.79166667"
"USAQUEN","2015-10-11","","23.29166667"
"USAQUEN","2015-10-10","","22.41666667"
"USAQUEN","2015-10-09","","21.91666667"
"USAQUEN","2015-10-08","","21.04166667"
"USAQUEN","2015-10-07","","30.58333333"
"USAQUEN","2015-10-06","","23.95833333"
"USAQUEN","2015-10-05","","23.25"
"USAQUEN","2015-10-04","","16.16666667"
"USAQUEN","2015-10-03","","18.45833333"
"USAQUEN","2015-10-02","","40.0"
"USAQUEN","2015-10-01","","29.91666667"
"USAQUEN","2015-09-30","","30.68421053"
"USAQUEN","2015-09-29","","22.54166667"
"USAQUEN","2015-09-28","","31.20833333"
"USAQUEN","2015-09-27","","22.125"
"USAQUEN","2015-09-26","","25.33333333"
"USAQUEN","2015-09-25","","30.5"
"USAQUEN","2015-09-24","","24.5"
"USAQUEN","2015-09-23","","22.45833333"
"USAQUEN","2015-09-22","","21.625"
"USAQUEN","2015-09-21","","19.875"
"USAQUEN","2015-09-20","","13.58333333"
"USAQUEN","2015-09-19","","20.5"
"USAQUEN","2015-09-18","","21.29166667"
"USAQUEN","2015-09-17","","57.5"
"USAQUEN","2015-09-16","","33.83333333"
"USAQUEN","2015-09-15","","27.41666667"
"USAQUEN","2015-09-14","","24.5"
"USAQUEN","2015-09-13","","17.41666667"
"USAQUEN","2015-09-12","","22.20833333"
"USAQUEN","2015-09-11","","21.625"
"USAQUEN","2015-09-10","","19.08333333"
"USAQUEN","2015-09-09","","20.95833333"
"USAQUEN","2015-09-08","","20.70833333"
"USAQUEN","2015-09-07","","18.875"
"USAQUEN","2015-09-06","","15.20833333"
"USAQUEN","2015-09-05","","20.20833333"
"USAQUEN","2015-09-04","","32.54166667"
"USAQUEN","2015-09-03","","18.60869565"
"USAQUEN","2015-09-02","","23.54166667"
"USAQUEN","2015-09-01","","21.79166667"
"USAQUEN","2015-08-31","","17.66666667"
"USAQUEN","2015-08-30","","15.45833333"
"USAQUEN","2015-08-29","","20.16666667"
"USAQUEN","2015-08-28","","20.54166667"
"USAQUEN","2015-08-27","","30.25"
"USAQUEN","2015-08-26","","23.25"
"USAQUEN","2015-08-25","","19.33333333"
"USAQUEN","2015-08-24","","23.5"
"USAQUEN","2015-08-23","","25.14285714"
"USAQUEN","2015-08-22","","36.66666667"
"USAQUEN","2015-08-21","","29.625"
"USAQUEN","2015-08-20","","18.83333333"
"USAQUEN","2015-08-19","","19.45833333"
"USAQUEN","2015-08-18","","20.08695652"
"USAQUEN","2015-08-17","","15.5"
"USAQUEN","2015-08-16","","18.625"
"USAQUEN","2015-08-15","","20.40909091"
"USAQUEN","2015-08-14","","20.13043478"
"USAQUEN","2015-08-13","","23.52173913"
"USAQUEN","2015-08-12","","23.25"
"USAQUEN","2015-08-11","","21.45833333"
"USAQUEN","2015-08-10","","45.75"
"USAQUEN","2015-08-09","","16.16666667"
"USAQUEN","2015-08-08","","21.95833333"
"USAQUEN","2015-08-07","","17.83333333"
"USAQUEN","2015-08-06","","23.54166667"
"USAQUEN","2015-08-05","","19.33333333"
"USAQUEN","2015-08-04","","17.625"
"USAQUEN","2015-08-03","","20.16666667"
"USAQUEN","2015-08-02","","15.86363636"
"USAQUEN","2015-08-01","","18.75"
"USAQUEN","2015-07-31","","17.95833333"
"USAQUEN","2015-07-30","","20.08333333"
"USAQUEN","2015-07-29","","18.18181818"
"USAQUEN","2015-07-28","","23.95833333"
"USAQUEN","2015-07-27","","18.83333333"
"USAQUEN","2015-07-26","","12.79166667"
"USAQUEN","2015-07-25","","22.04166667"
"USAQUEN","2015-07-24","","21.125"
"USAQUEN","2015-07-23","","18.95833333"
"USAQUEN","2015-07-22","","20.54166667"
"USAQUEN","2015-07-21","","28.29166667"
"USAQUEN","2015-07-20","","19.79166667"
"USAQUEN","2015-07-19","","22.66666667"
"USAQUEN","2015-07-18","","16.66666667"
"USAQUEN","2015-07-17","","17.91666667"
"USAQUEN","2015-07-16","","17.20833333"
"USAQUEN","2015-07-15","","19.16666667"
"USAQUEN","2015-07-14","","23.91666667"
"USAQUEN","2015-07-13","","22.125"
"USAQUEN","2015-07-12","","16.40909091"
"USAQUEN","2015-07-11","","19.66666667"
"USAQUEN","2015-07-10","","19.75"
"USAQUEN","2015-07-09","","20.95238095"
"USAQUEN","2015-07-08","","20.875"
"USAQUEN","2015-07-07","","20.70833333"
"USAQUEN","2015-07-06","","16.75"
"USAQUEN","2015-07-05","","16.20833333"
"USAQUEN","2015-07-04","","14.25"
"USAQUEN","2015-07-03","","19.45833333"
"USAQUEN","2015-07-02","","19.375"
"USAQUEN","2015-07-01","","19.79166667"
"USAQUEN","2015-06-30","","37.125"
"USAQUEN","2015-06-29","","24.875"
"USAQUEN","2015-06-28","","12.83333333"
"USAQUEN","2015-06-27","","13.33333333"
"USAQUEN","2015-06-26","","15.82608696"
"USAQUEN","2015-06-25","","15.16666667"
"USAQUEN","2015-06-24","","17.875"
"USAQUEN","2015-06-23","","13.70833333"
"USAQUEN","2015-06-22","","15.26086957"
"USAQUEN","2015-06-21","","15.52173913"
"USAQUEN","2015-06-20","","21.25"
"USAQUEN","2015-06-19","","18.52173913"
"USAQUEN","2015-06-18","","17.29166667"
"USAQUEN","2015-06-17","","15.58333333"
"USAQUEN","2015-06-16","","16.33333333"
"USAQUEN","2015-06-15","","13.54166667"
"USAQUEN","2015-06-14","","15.86956522"
"USAQUEN","2015-06-13","","16.41666667"
"USAQUEN","2015-06-12","","19.29166667"
"USAQUEN","2015-06-11","","15.76923077"
"USAQUEN","2015-06-10","","22.73333333"
"USAQUEN","2015-06-09","","18.47826087"
"USAQUEN","2015-06-08","","15.54166667"
"USAQUEN","2015-06-07","","14.45833333"
"USAQUEN","2015-06-06","","19.30434783"
"USAQUEN","2015-06-05","","20.54166667"
"USAQUEN","2015-06-04","","17.73913043"
"USAQUEN","2015-06-03","","19.375"
"USAQUEN","2015-06-02","","16.04166667"
"USAQUEN","2015-06-01","","20.04166667"
"USAQUEN","2015-05-31","","16.75"
"USAQUEN","2015-05-30","","24.875"
"USAQUEN","2015-05-29","","19.91666667"
"USAQUEN","2015-05-28","","23.875"
"USAQUEN","2015-05-27","","23.70833333"
"USAQUEN","2015-05-26","","21.16666667"
"USAQUEN","2015-05-25","","22.95833333"
"USAQUEN","2015-05-24","","16.75"
"USAQUEN","2015-05-23","","15.83333333"
"USAQUEN","2015-05-22","","19.83333333"
"USAQUEN","2015-05-21","","16.375"
"USAQUEN","2015-05-20","","16.5"
"USAQUEN","2015-05-19","","16.91666667"
"USAQUEN","2015-05-18","","14.41666667"
"USAQUEN","2015-05-17","","15.54166667"
"USAQUEN","2015-05-16","","15.875"
"USAQUEN","2015-05-15","","17.29166667"
"USAQUEN","2015-05-14","","22.45833333"
"USAQUEN","2015-05-13","","22.83333333"
"USAQUEN","2015-05-12","","21.58333333"
"USAQUEN","2015-05-11","","39.64285714"
"USAQUEN","2015-05-10","","26.95833333"
"USAQUEN","2015-05-09","","18.45833333"
"USAQUEN","2015-05-08","","29.75"
"USAQUEN","2015-05-07","","43.25"
"USAQUEN","2015-05-06","","51.375"
"USAQUEN","2015-05-05","","48.41666667"
"USAQUEN","2015-05-04","","51.625"
"USAQUEN","2015-05-03","","42.45833333"
"USAQUEN","2015-05-02","","54.6875"
"USAQUEN","2015-05-01","","50.04166667"
"USAQUEN","2015-04-30","","33.20833333"
"USAQUEN","2015-04-29","","28.91666667"
"USAQUEN","2015-04-28","","21.41666667"
"USAQUEN","2015-04-27","","23.91666667"
"USAQUEN","2015-04-26","","19.20833333"
"USAQUEN","2015-04-25","","26.04166667"
"USAQUEN","2015-04-24","","33.08333333"
"USAQUEN","2015-04-23","","41.0"
"USAQUEN","2015-04-22","","38.25"
"USAQUEN","2015-04-21","","24.29166667"
"USAQUEN","2015-04-20","","24.95833333"
"USAQUEN","2015-04-19","","20.41666667"
"USAQUEN","2015-04-18","","29.29166667"
"USAQUEN","2015-04-17","","40.83333333"
"USAQUEN","2015-04-16","","30.875"
"USAQUEN","2015-04-15","","28.33333333"
"USAQUEN","2015-04-14","","25.95833333"
"USAQUEN","2015-04-13","","22.95833333"
"USAQUEN","2015-04-12","","21.5"
"USAQUEN","2015-04-11","","29.0"
"USAQUEN","2015-04-10","","30.375"
"USAQUEN","2015-04-09","","28.66666667"
"USAQUEN","2015-04-08","","35.20833333"
"USAQUEN","2015-04-07","","39.95833333"
"USAQUEN","2015-04-06","","32.33333333"
"USAQUEN","2015-04-05","","24.66666667"
"USAQUEN","2015-04-04","","23.375"
"USAQUEN","2015-04-03","","26.66666667"
"USAQUEN","2015-04-02","","34.66666667"
"USAQUEN","2015-04-01","","42.29166667"
"USAQUEN","2015-03-31","","54.375"
"USAQUEN","2015-03-30","","61.0"
"USAQUEN","2015-03-29","","33.29166667"
"USAQUEN","2015-03-28","","43.375"
"USAQUEN","2015-03-27","","45.59090909"
"USAQUEN","2015-03-26","","47.41666667"
"USAQUEN","2015-03-25","","50.33333333"
"USAQUEN","2015-03-24","","59.125"
"USAQUEN","2015-03-23","","45.25"
"USAQUEN","2015-03-22","","42.70833333"
"USAQUEN","2015-03-21","","42.875"
"USAQUEN","2015-03-20","","44.16666667"
"USAQUEN","2015-03-19","","57.66666667"
"USAQUEN","2015-03-18","","55.66666667"
"USAQUEN","2015-03-17","","55.17391304"
"USAQUEN","2015-03-16","","41.66666667"
"USAQUEN","2015-03-15","","35.83333333"
"USAQUEN","2015-03-14","","39.0"
"USAQUEN","2015-03-13","","38.875"
"USAQUEN","2015-03-12","","32.875"
"USAQUEN","2015-03-11","","30.375"
"USAQUEN","2015-03-10","","25.54166667"
"USAQUEN","2015-03-09","","29.5"
"USAQUEN","2015-03-08","","26.54166667"
"USAQUEN","2015-03-07","","24.29166667"
"USAQUEN","2015-03-06","","33.08333333"
"USAQUEN","2015-03-05","","39.0"
"USAQUEN","2015-03-04","","35.33333333"
"USAQUEN","2015-03-03","","36.375"
"USAQUEN","2015-03-02","","54.72727273"
"USAQUEN","2015-03-01","","32.54166667"
"USAQUEN","2015-02-28","","28.63636364"
"USAQUEN","2015-02-27","","39.25"
"USAQUEN","2015-02-26","","42.625"
"USAQUEN","2015-02-25","","43.625"
"USAQUEN","2015-02-24","","53.75"
"USAQUEN","2015-02-23","","40.75"
"USAQUEN","2015-02-22","","39.54166667"
"USAQUEN","2015-02-21","","53.54166667"
"USAQUEN","2015-02-20","","57.875"
"USAQUEN","2015-02-19","","67.41666667"
"USAQUEN","2015-02-18","","73.875"
"USAQUEN","2015-02-17","","49.66666667"
"USAQUEN","2015-02-16","","40.13636364"
"USAQUEN","2015-02-15","","27.125"
"USAQUEN","2015-02-14","","28.625"
"USAQUEN","2015-02-13","","30.375"
"USAQUEN","2015-02-12","","33.20833333"
"USAQUEN","2015-02-11","","42.875"
"USAQUEN","2015-02-10","","50.20833333"
"USAQUEN","2015-02-09","","55.66666667"
"USAQUEN","2015-02-08","","47.66666667"
"USAQUEN","2015-02-07","","65.95833333"
"USAQUEN","2015-02-06","","58.83333333"
"USAQUEN","2015-02-05","","33.33333333"
"USAQUEN","2015-02-04","","23.04166667"
"USAQUEN","2015-02-03","","16.25"
"USAQUEN","2015-02-02","","14.04166667"
"USAQUEN","2015-02-01","","11.91666667"
"USAQUEN","2015-01-31","","17.33333333"
"USAQUEN","2015-01-30","","42.54166667"
"USAQUEN","2015-01-29","","30.33333333"
"USAQUEN","2015-01-28","","41.375"
"USAQUEN","2015-01-27","","46.66666667"
"USAQUEN","2015-01-26","","39.20833333"
"USAQUEN","2015-01-25","","21.0"
"USAQUEN","2015-01-24","","36.20833333"
"USAQUEN","2015-01-23","","46.0"
"USAQUEN","2015-01-22","","28.5"
"USAQUEN","2015-01-21","","19.5"
"USAQUEN","2015-01-20","","28.08333333"
"USAQUEN","2015-01-19","","34.04545455"
"USAQUEN","2015-01-18","","30.16666667"
"USAQUEN","2015-01-17","","48.83333333"
"USAQUEN","2015-01-16","","51.20833333"
"USAQUEN","2015-01-15","","37.66666667"
"USAQUEN","2015-01-14","","27.29166667"
"USAQUEN","2015-01-13","","27.04166667"
"USAQUEN","2015-01-12","","19.125"
"USAQUEN","2015-01-11","","20.08333333"
"USAQUEN","2015-01-10","","24.23809524"
"USAQUEN","2015-01-09","","26.41666667"
"USAQUEN","2015-01-08","","24.125"
"USAQUEN","2015-01-07","","27.04166667"
"USAQUEN","2015-01-06","","29.75"
"USAQUEN","2015-01-05","","25.20833333"
"USAQUEN","2015-01-04","","21.58333333"
"USAQUEN","2015-01-03","","24.58333333"
"USAQUEN","2015-01-02","","22.25"
"USAQUEN","2015-01-01","","19.79166667"
"USAQUEN","2014-12-31","","18.15972223"
"USAQUEN","2014-12-30","","26.91666666"
"USAQUEN","2014-12-29","","25.79861111"
"USAQUEN","2014-12-28","","23.71527778"
"USAQUEN","2014-12-27","","25.50694445"
"USAQUEN","2014-12-26","","25.46527778"
"USAQUEN","2014-12-25","","23.99305555"
"USAQUEN","2014-12-24","","26.45833334"
"USAQUEN","2014-12-23","","29.88194445"
"USAQUEN","2014-12-22","","36.61805555"
"USAQUEN","2014-12-21","","44.42361111"
"USAQUEN","2014-12-20","","47.78472222"
"USAQUEN","2014-12-19","","60.8125"
"USAQUEN","2014-12-18","","60.10416667"
"USAQUEN","2014-12-17","","54.22916666"
"USAQUEN","2014-12-16","","46.94545454"
"USAQUEN","2014-12-15","","56.45833334"
"USAQUEN","2014-12-14","","33.61805556"
"USAQUEN","2014-12-13","","67.67361112"
"USAQUEN","2014-12-12","","23.92361111"
"USAQUEN","2014-12-11","","34.1875"
"USAQUEN","2014-12-10","","48.00694445"
"USAQUEN","2014-12-09","","31.61805555"
"USAQUEN","2014-12-08","","46.14583333"
"USAQUEN","2014-12-07","","52.14583333"
"USAQUEN","2014-12-06","","47.33333333"
"USAQUEN","2014-12-05","","44.91666668"
"USAQUEN","2014-12-04","","44.32638889"
"USAQUEN","2014-12-03","","26.00694445"
"USAQUEN","2014-12-02","","21.47222223"
"USAQUEN","2014-12-01","","22.60416667"
"USAQUEN","2014-11-30","","19.41666666"
"USAQUEN","2014-11-29","","22.67361111"
"USAQUEN","2014-11-28","","24.27083334"
"USAQUEN","2014-11-27","","46.25694444"
"USAQUEN","2014-11-26","","44.625"
"USAQUEN","2014-11-25","","24.47222222"
"USAQUEN","2014-11-24","","24.88194444"
"USAQUEN","2014-11-23","","24.29861111"
"USAQUEN","2014-11-22","","57.875"
"USAQUEN","2014-11-21","","59.59722223"
"USAQUEN","2014-11-20","","68.09722223"
"USAQUEN","2014-11-19","","41.56944445"
"USAQUEN","2014-11-18","","41.97916667"
"USAQUEN","2014-11-17","","17.20833333"
"USAQUEN","2014-11-16","","21.76388889"
"USAQUEN","2014-11-15","","49.15277778"
"USAQUEN","2014-11-14","","39.70138889"
"USAQUEN","2014-11-13","","37.1875"
"USAQUEN","2014-11-12","","43.72916667"
"USAQUEN","2014-11-11","","35.19444445"
"USAQUEN","2014-11-10","","47.53472222"
"USAQUEN","2014-11-09","","31.96527778"
"USAQUEN","2014-11-08","","43.63194445"
"USAQUEN","2014-11-07","","32.30555555"
"USAQUEN","2014-11-06","","54.82638889"
"USAQUEN","2014-11-05","","44.27083333"
"USAQUEN","2014-11-04","","49.40972222"
"USAQUEN","2014-11-03","","22.14583333"
"USAQUEN","2014-11-02","","27.07843137"
"USAQUEN","2014-11-01","","35.70833334"
"USAQUEN","2014-10-31","","37.83333333"
"USAQUEN","2014-10-30","","44.82638889"
"USAQUEN","2014-10-29","","46.15277778"
"USAQUEN","2014-10-28","","58.9861111"
"USAQUEN","2014-10-27","","56.21527778"
"USAQUEN","2014-10-26","","30.77083335"
"USAQUEN","2014-10-25","","53.28472223"
"USAQUEN","2014-10-24","","68.11111111"
"USAQUEN","2014-10-23","","31.4513889"
"USAQUEN","2014-10-22","","25.63194445"
"USAQUEN","2014-10-21","","21.71527778"
"USAQUEN","2014-10-20","","24.36111111"
"USAQUEN","2014-10-19","","22.16666666"
"USAQUEN","2014-10-18","","26.64583333"
"USAQUEN","2014-10-17","","23.56250001"
"USAQUEN","2014-10-16","","22.26811594"
"USAQUEN","2014-10-15","","19.125"
"USAQUEN","2014-10-14","","21.03472223"
"USAQUEN","2014-10-13","","16.6111111"
"USAQUEN","2014-10-12","","17.84027778"
"USAQUEN","2014-10-11","","23.93750002"
"USAQUEN","2014-10-10","","62.53472223"
"USAQUEN","2014-10-09","","43.59166666"
"USAQUEN","2014-10-08","","46.58333334"
"USAQUEN","2014-10-07","","24.72222221"
"USAQUEN","2014-10-06","","22.38461538"
"USAQUEN","2014-10-03","","22.87777779"
"USAQUEN","2014-10-02","","24.16666667"
"USAQUEN","2014-10-01","","28.77777778"
"USAQUEN","2014-09-09","","19.0"
"USAQUEN","2014-09-08","","21.18055555"
"USAQUEN","2014-09-07","","16.49999999"
"USAQUEN","2014-09-06","","20.02777778"
"USAQUEN","2014-09-05","","23.60416668"
"USAQUEN","2014-09-04","","18.9236111"
"USAQUEN","2014-09-03","","23.18055556"
"USAQUEN","2014-09-02","","26.80555556"
"USAQUEN","2014-09-01","","25.33333333"
"USAQUEN","2014-08-31","","20.1875"
"USAQUEN","2014-08-30","","24.5"
"USAQUEN","2014-08-29","","21.94444445"
"USAQUEN","2014-08-28","","30.20138889"
"USAQUEN","2014-08-27","","22.87500001"
"USAQUEN","2014-08-26","","19.2173913"
"USAQUEN","2014-08-25","","27.18055556"
"USAQUEN","2014-08-24","","22.93055557"
"USAQUEN","2014-08-23","","28.47222223"
"USAQUEN","2014-08-22","","26.90277778"
"USAQUEN","2014-08-21","","29.67361111"
"USAQUEN","2014-08-20","","23.99305555"
"USAQUEN","2014-08-19","","22.33333334"
"USAQUEN","2014-08-18","","13.31884058"
"USAQUEN","2014-08-17","","15.6875"
"USAQUEN","2014-08-16","","18.95138889"
"USAQUEN","2014-08-15","","21.27272726"
"USAQUEN","2014-08-06","","19.67777778"
"USAQUEN","2014-08-05","","25.05072464"
"USAQUEN","2014-08-04","","26.18055555"
"USAQUEN","2014-08-03","","16.63194444"
"USAQUEN","2014-08-02","","17.3611111"
"USAQUEN","2014-08-01","","19.49305555"
"USAQUEN","2014-07-31","","19.37681158"
"USAQUEN","2014-07-30","","18.63194445"
"USAQUEN","2014-07-29","","21.2638889"
"USAQUEN","2014-07-28","","21.84722223"
"USAQUEN","2014-07-27","","16.18750001"
"USAQUEN","2014-07-26","","20.71527777"
"USAQUEN","2014-07-25","","22.41666667"
"USAQUEN","2014-07-24","","22.98611111"
"USAQUEN","2014-07-23","","23.67361111"
"USAQUEN","2014-07-22","","25.20138889"
"USAQUEN","2014-07-21","","27.11111111"
"USAQUEN","2014-07-16","","14.66666665"
"USAQUEN","2014-07-15","","22.20138889"
"USAQUEN","2014-07-14","","20.40972222"
"USAQUEN","2014-07-13","","17.22222223"
"USAQUEN","2014-07-12","","15.21527779"
"USAQUEN","2014-07-11","","20.29166667"
"USAQUEN","2014-07-10","","21.54861111"
"USAQUEN","2014-07-09","","19.94444444"
"USAQUEN","2014-07-08","","22.24305556"
"USAQUEN","2014-07-07","","19.80555556"
"USAQUEN","2014-07-06","","21.59027778"
"USAQUEN","2014-07-05","","17.53472223"
"USAQUEN","2014-07-04","","29.00694443"
"USAQUEN","2014-07-03","","37.03968254"
"USAQUEN","2014-07-02","","21.29166667"
"USAQUEN","2014-07-01","","25.84722222"
"USAQUEN","2014-06-30","","17.05555555"
"USAQUEN","2014-06-29","","15.96527779"
"USAQUEN","2014-06-28","","45.17361112"
"USAQUEN","2014-06-27","","127.15972222"
"USAQUEN","2014-06-26","","56.28472222"
"USAQUEN","2014-06-25","","24.46969697"
"USAQUEN","2014-06-24","","23.40972223"
"USAQUEN","2014-06-23","","17.76388889"
"USAQUEN","2014-06-22","","18.18055555"
"USAQUEN","2014-06-21","","20.9861111"
"USAQUEN","2014-06-20","","15.68055555"
"USAQUEN","2014-06-19","","16.84722223"
"USAQUEN","2014-06-18","","38.74305556"
"USAQUEN","2014-06-17","","27.05555555"
"USAQUEN","2014-06-16","","15.4375"
"USAQUEN","2014-06-15","","13.26388889"
"USAQUEN","2014-06-14","","16.36111111"
"USAQUEN","2014-06-13","","21.625"
"USAQUEN","2014-06-12","","19.40277778"
"USAQUEN","2014-06-11","","17.70833334"
"USAQUEN","2014-06-10","","19.36363636"
"USAQUEN","2014-06-09","","21.02083333"
"USAQUEN","2014-06-08","","14.83333333"
"USAQUEN","2014-06-07","","17.27777779"
"USAQUEN","2014-06-06","","26.18840581"
"USAQUEN","2014-06-05","","26.4469697"
"USAQUEN","2014-06-04","","28.74999998"
"USAQUEN","2014-06-03","","27.80555556"
"USAQUEN","2014-06-02","","19.81250001"
"USAQUEN","2014-06-01","","21.9236111"
"USAQUEN","2014-05-31","","25.79166666"
"USAQUEN","2014-05-30","","37.56249999"
"USAQUEN","2014-05-29","","34.88194445"
"USAQUEN","2014-05-28","","24.53472223"
"USAQUEN","2014-05-27","","28.63888889"
"USAQUEN","2014-05-26","","32.6111111"
"USAQUEN","2014-05-25","","30.78472221"
"USAQUEN","2014-05-24","","34.91666667"
"USAQUEN","2014-05-23","","40.57638889"
"USAQUEN","2014-05-22","","36.98611112"
"USAQUEN","2014-05-21","","73.74305556"
"USAQUEN","2014-05-20","","31.02777778"
"USAQUEN","2014-05-19","","23.03472222"
"USAQUEN","2014-05-18","","25.93750001"
"USAQUEN","2014-05-17","","42.93055556"
"USAQUEN","2014-05-16","","32.34722223"
"USAQUEN","2014-05-15","","35.01515151"
"USAQUEN","2014-05-14","","27.94444444"
"USAQUEN","2014-05-13","","27.55555558"
"USAQUEN","2014-05-11","","36.83333333"
"USAQUEN","2014-05-10","","50.13194444"
"USAQUEN","2014-05-09","","40.87500001"
"USAQUEN","2014-05-08","","69.45833333"
"USAQUEN","2014-05-07","","47.12500001"
"USAQUEN","2014-05-06","","63.28472222"
"USAQUEN","2014-05-05","","41.51388889"
"USAQUEN","2014-05-04","","42.66666666"
"USAQUEN","2014-05-03","","44.0625"
"USAQUEN","2014-05-02","","43.49305555"
"USAQUEN","2014-05-01","","32.02083334"
"USAQUEN","2014-04-30","","41.97916668"
"USAQUEN","2014-04-29","","30.4375"
"USAQUEN","2014-04-28","","32.72916667"
"USAQUEN","2014-04-27","","31.50694445"
"USAQUEN","2014-04-26","","28.47916667"
"USAQUEN","2014-04-25","","30.90972223"
"USAQUEN","2014-04-24","","38.09722222"
"USAQUEN","2014-04-23","","47.27777777"
"USAQUEN","2014-04-22","","36.88194445"
"USAQUEN","2014-04-21","","34.19444444"
"USAQUEN","2014-04-20","","21.95138889"
"USAQUEN","2014-04-19","","23.37499999"
"USAQUEN","2014-04-18","","25.29166666"
"USAQUEN","2014-04-17","","25.41666666"
"USAQUEN","2014-04-16","","49.4375"
"USAQUEN","2014-04-15","","40.77777778"
"USAQUEN","2014-04-14","","58.36363636"
"USAQUEN","2014-04-13","","45.03472223"
"USAQUEN","2014-04-12","","49.06818182"
"USAQUEN","2014-04-11","","53.14166667"
"USAQUEN","2014-04-10","","46.3125"
"USAQUEN","2014-04-09","","36.02777778"
"USAQUEN","2014-04-08","","31.3888889"
"USAQUEN","2014-04-07","","28.54166667"
"USAQUEN","2014-04-06","","21.15972223"
"USAQUEN","2014-04-05","","23.52083333"
"USAQUEN","2014-04-04","","42.29166667"
"USAQUEN","2014-04-03","","51.52777777"
"USAQUEN","2014-04-02","","46.22916667"
"USAQUEN","2014-04-01","","69.69444444"
"USAQUEN","2014-03-31","","91.15972223"
"USAQUEN","2014-03-30","","75.29166667"
"USAQUEN","2014-03-29","","84.47916666"
"USAQUEN","2014-03-28","","61.16666667"
"USAQUEN","2014-03-27","","52.45138888"
"USAQUEN","2014-03-26","","38.42361112"
"USAQUEN","2014-03-25","","31.25"
"USAQUEN","2014-03-24","","39.0138889"
"USAQUEN","2014-03-23","","46.50000001"
"USAQUEN","2014-03-22","","56.62499999"
"USAQUEN","2014-03-21","","50.43055555"
"USAQUEN","2014-03-20","","42.82638889"
"USAQUEN","2014-03-19","","41.27777778"
"USAQUEN","2014-03-18","","52.64583333"
"USAQUEN","2014-03-17","","50.40277779"
"USAQUEN","2014-03-16","","68.69444445"
"USAQUEN","2014-03-15","","70.15972223"
"USAQUEN","2014-03-14","","70.47222222"
"USAQUEN","2014-03-13","","74.77083332"
"USAQUEN","2014-03-12","","73.21527778"
"USAQUEN","2014-03-11","","86.76388889"
"USAQUEN","2014-03-10","","57.02777778"
"USAQUEN","2014-03-09","","45.04166666"
"USAQUEN","2014-03-08","","56.85416666"
"USAQUEN","2014-03-07","","75.59848485"
"USAQUEN","2014-03-06","","64.66666666"
"USAQUEN","2014-03-05","","55.15972223"
"USAQUEN","2014-03-04","","68.22916668"
"USAQUEN","2014-03-03","","58.58333333"
"USAQUEN","2014-03-02","","41.25"
"USAQUEN","2014-03-01","","40.95833334"
"USAQUEN","2014-02-28","","51.15972223"
"USAQUEN","2014-02-27","","33.59027779"
"USAQUEN","2014-02-26","","45.75"
"USAQUEN","2014-02-25","","40.11111111"
"USAQUEN","2014-02-24","","37.55555555"
"USAQUEN","2014-02-23","","45.65972222"
"USAQUEN","2014-02-22","","52.98412699"
"USAQUEN","2014-02-21","","49.76190477"
"USAQUEN","2014-02-20","","68.83333332"
"USAQUEN","2014-02-19","","57.40624999"
"USAQUEN","2014-02-18","","54.47916667"
"USAQUEN","2014-02-17","","91.25694445"
"USAQUEN","2014-02-16","","66.63888889"
"USAQUEN","2014-02-15","","54.64583333"
"USAQUEN","2014-02-14","","59.73611111"
"USAQUEN","2014-02-13","","54.52083333"
"USAQUEN","2014-02-12","","40.40277778"
"USAQUEN","2014-02-11","","36.14583334"
"USAQUEN","2014-02-10","","35.96527779"
"USAQUEN","2014-02-09","","33.72916666"
"USAQUEN","2014-02-08","","36.83333333"
"USAQUEN","2014-02-07","","46.15277777"
"USAQUEN","2014-02-06","","70.9236111"
"USAQUEN","2014-02-05","","66.01388888"
"USAQUEN","2014-02-04","","78.72222223"
"USAQUEN","2014-02-03","","57.58333333"
"USAQUEN","2014-02-02","","40.39583334"
"USAQUEN","2014-02-01","","43.39583333"
"USAQUEN","2014-01-31","","49.62878788"
"USAQUEN","2014-01-30","","67.0625"
"USAQUEN","2014-01-29","","49.66666666"
"USAQUEN","2014-01-28","","42.97916667"
"USAQUEN","2014-01-27","","42.84027778"
"USAQUEN","2014-01-26","","45.28070175"
"USAQUEN","2014-01-25","","59.77777778"
"USAQUEN","2014-01-24","","69.70138888"
"USAQUEN","2014-01-23","","38.56944444"
"USAQUEN","2014-01-22","","67.93055555"
"USAQUEN","2014-01-21","","40.34027778"
"USAQUEN","2014-01-20","","28.36805556"
"USAQUEN","2014-01-19","","18.09722222"
"USAQUEN","2014-01-18","","25.67361111"
"USAQUEN","2014-01-17","","31.88888889"
"USAQUEN","2014-01-16","","44.90972222"
"USAQUEN","2014-01-15","","33.08333333"
"USAQUEN","2014-01-13","","45.3627451"
"USAQUEN","2014-01-12","","46.52083333"
"USAQUEN","2014-01-11","","50.83333333"
"USAQUEN","2014-01-10","","44.07638889"
"USAQUEN","2014-01-09","","27.0"
"USAQUEN","2014-01-08","","32.91666667"
"USAQUEN","2014-01-07","","42.74305555"
"USAQUEN","2014-01-06","","21.75"
"USAQUEN","2014-01-05","","26.95833333"
"USAQUEN","2014-01-04","","28.21527778"
"USAQUEN","2014-01-03","","28.83333333"
"USAQUEN","2014-01-02","","31.61805555"
"USAQUEN","2014-01-01","","20.36805555"
"USAQUEN","2013-12-31","","29.03333333"
"USAQUEN","2013-12-30","","29.84722222"
"USAQUEN","2013-12-29","","23.27083333"
"USAQUEN","2013-12-28","","26.625"
"USAQUEN","2013-12-27","","36.70138888"
"USAQUEN","2013-12-26","","34.20138889"
"USAQUEN","2013-12-25","","38.01388888"
"USAQUEN","2013-12-24","","53.45138888"
"USAQUEN","2013-12-23","","45.46527778"
"USAQUEN","2013-12-22","","27.6875"
"USAQUEN","2013-12-21","","44.84722223"
"USAQUEN","2013-12-20","","46.09722223"
"USAQUEN","2013-12-19","","53.81944444"
"USAQUEN","2013-12-18","","54.62499999"
"USAQUEN","2013-12-17","","32.65972223"
"USAQUEN","2013-12-16","","29.3125"
"USAQUEN","2013-12-15","","28.68055555"
"USAQUEN","2013-12-14","","30.51388889"
"USAQUEN","2013-12-13","","24.0625"
"USAQUEN","2013-12-12","","23.82638889"
"USAQUEN","2013-12-11","","39.78985507"
"USAQUEN","2013-12-10","","29.72916666"
"USAQUEN","2013-12-09","","28.875"
"USAQUEN","2013-12-08","","30.2013889"
"USAQUEN","2013-12-07","","40.56944445"
"USAQUEN","2013-12-06","","26.5625"
"USAQUEN","2013-12-05","","33.46527779"
"USAQUEN","2013-12-04","","27.5486111"
"USAQUEN","2013-12-03","","38.74305555"
"USAQUEN","2013-12-02","","28.77777778"
"USAQUEN","2013-12-01","","43.1439394"
"USAQUEN","2013-11-30","","67.98611112"
"USAQUEN","2013-11-29","","67.69444445"
"USAQUEN","2013-11-28","","63.66666668"
"USAQUEN","2013-11-27","","51.1736111"
"USAQUEN","2013-11-26","","71.71527778"
"USAQUEN","2013-11-25","","63.57638889"
"USAQUEN","2013-11-24","","47.06944445"
"USAQUEN","2013-11-23","","41.26388889"
"USAQUEN","2013-11-22","","40.17361111"
"USAQUEN","2013-11-21","","49.99305555"
"USAQUEN","2013-11-20","","72.4513889"
"USAQUEN","2013-11-19","","64.89583333"
"USAQUEN","2013-11-18","","54.02083334"
"USAQUEN","2013-11-17","","41.02083334"
"USAQUEN","2013-11-16","","28.37121212"
"USAQUEN","2013-11-15","","26.61805555"
"USAQUEN","2013-11-14","","37.61111111"
"USAQUEN","2013-11-13","","29.27777778"
"USAQUEN","2013-11-12","","26.32638888"
"USAQUEN","2013-11-11","","19.13888889"
"USAQUEN","2013-11-10","","27.83333334"
"USAQUEN","2013-11-09","","60.68055556"
"USAQUEN","2013-11-08","","71.74305556"
"USAQUEN","2013-11-07","","52.79166666"
"USAQUEN","2013-11-06","","59.17361112"
"USAQUEN","2013-11-05","","58.30555556"
"USAQUEN","2013-11-04","","31.47916667"
"USAQUEN","2013-11-03","","37.66666666"
"USAQUEN","2013-11-02","","44.83333333"
"USAQUEN","2013-11-01","","46.61805556"
"USAQUEN","2013-10-31","","45.29166668"
"USAQUEN","2013-10-30","","59.29166668"
"USAQUEN","2013-10-29","","48.02777778"
"USAQUEN","2013-10-28","","46.42361111"
"USAQUEN","2013-10-27","","40.7361111"
"USAQUEN","2013-10-26","","41.97222222"
"USAQUEN","2013-10-25","","24.28472222"
"USAQUEN","2013-10-24","","27.63888889"
"USAQUEN","2013-10-23","","45.76515152"
"USAQUEN","2013-10-22","","40.91666667"
"USAQUEN","2013-10-21","","26.27083333"
"USAQUEN","2013-10-20","","41.13888889"
"USAQUEN","2013-10-19","","34.69444444"
"USAQUEN","2013-10-18","","53.69444445"
"USAQUEN","2013-10-17","","25.79166667"
"USAQUEN","2013-10-16","","54.94444445"
"USAQUEN","2013-10-15","","31.39583335"
"USAQUEN","2013-10-14","","27.69444445"
"USAQUEN","2013-10-13","","22.52777778"
"USAQUEN","2013-10-12","","34.45138889"
"USAQUEN","2013-10-11","","53.94444444"
"USAQUEN","2013-10-10","","35.08333334"
"USAQUEN","2013-10-09","","34.61805556"
"USAQUEN","2013-10-08","","23.86111112"
"USAQUEN","2013-10-07","","24.09722222"
"USAQUEN","2013-10-06","","23.77777778"
"USAQUEN","2013-10-05","","25.55555556"
"USAQUEN","2013-10-04","","23.31944445"
"USAQUEN","2013-10-03","","26.75694445"
"USAQUEN","2013-10-02","","29.53472222"
"USAQUEN","2013-10-01","","66.60416667"
"USAQUEN","2013-09-30","","30.375"
"USAQUEN","2013-09-29","","22.50694445"
"USAQUEN","2013-09-28","","23.625"
"USAQUEN","2013-09-27","","19.96527778"
"USAQUEN","2013-09-26","","24.48611111"
"USAQUEN","2013-09-25","","26.04861111"
"USAQUEN","2013-09-24","","28.4375"
"USAQUEN","2013-09-23","","30.97916667"
"USAQUEN","2013-09-22","","21.46527778"
"USAQUEN","2013-09-21","","46.19444445"
"USAQUEN","2013-09-20","","24.9375"
"USAQUEN","2013-09-19","","25.15277778"
"USAQUEN","2013-09-18","","26.54861111"
"USAQUEN","2013-09-17","","32.20138889"
"USAQUEN","2013-09-16","","27.35416668"
"USAQUEN","2013-09-15","","20.46527778"
"USAQUEN","2013-09-14","","27.61805556"
"USAQUEN","2013-09-13","","71.98611111"
"USAQUEN","2013-09-11","","17.0"
"USAQUEN","2013-09-10","","28.6388889"
"USAQUEN","2013-09-09","","28.49305556"
"USAQUEN","2013-09-08","","14.98611111"
"USAQUEN","2013-09-07","","18.06944445"
"USAQUEN","2013-09-06","","19.39583334"
"USAQUEN","2013-09-05","","23.64583333"
"USAQUEN","2013-09-04","","47.96527778"
"USAQUEN","2013-09-03","","61.68055556"
"USAQUEN","2013-09-02","","51.16666667"
"USAQUEN","2013-09-01","","18.10416667"
"USAQUEN","2013-08-31","","19.11805555"
"USAQUEN","2013-08-30","","19.64583333"
"USAQUEN","2013-08-29","","17.8125"
"USAQUEN","2013-08-28","","18.27777777"
"USAQUEN","2013-08-27","","19.42361111"
"USAQUEN","2013-08-26","","16.25"
"USAQUEN","2013-08-25","","26.40277778"
"USAQUEN","2013-08-24","","37.98611111"
"USAQUEN","2013-08-23","","24.85416667"
"USAQUEN","2013-08-22","","19.66666667"
"USAQUEN","2013-08-14","","14.56666666"
"USAQUEN","2013-08-13","","31.15217392"
"USAQUEN","2013-08-12","","27.25694444"
"USAQUEN","2013-08-11","","21.64583334"
"USAQUEN","2013-08-10","","21.71527777"
"USAQUEN","2013-08-09","","50.67361111"
"USAQUEN","2013-08-08","","37.125"
"USAQUEN","2013-08-07","","29.0378788"
"USAQUEN","2013-08-06","","52.10416666"
"USAQUEN","2013-08-05","","29.54166667"
"USAQUEN","2013-08-04","","26.87500001"
"USAQUEN","2013-08-03","","28.44696969"
"USAQUEN","2013-08-02","","19.71527777"
"USAQUEN","2013-08-01","","20.125"
"USAQUEN","2013-07-31","","19.64583333"
"USAQUEN","2013-07-30","","17.89583334"
"USAQUEN","2013-07-29","","17.59722222"
"USAQUEN","2013-07-28","","13.03472222"
"USAQUEN","2013-07-27","","16.95138889"
"USAQUEN","2013-07-26","","18.79861111"
"USAQUEN","2013-07-25","","20.40972222"
"USAQUEN","2013-07-24","","21.07638888"
"USAQUEN","2013-07-23","","26.22916668"
"USAQUEN","2013-07-22","","22.77083333"
"USAQUEN","2013-07-21","","16.70138889"
"USAQUEN","2013-07-20","","31.53703703"
"USAQUEN","2013-07-19","","30.625"
"USAQUEN","2013-07-18","","19.86111112"
"USAQUEN","2013-07-17","","19.76388889"
"USAQUEN","2013-07-16","","20.44444445"
"USAQUEN","2013-07-15","","18.9375"
"USAQUEN","2013-07-14","","25.22916667"
"USAQUEN","2013-07-13","","40.31944446"
"USAQUEN","2013-07-12","","35.40277779"
"USAQUEN","2013-07-11","","28.81944445"
"USAQUEN","2013-07-10","","18.00694445"
"USAQUEN","2013-07-09","","20.5"
"USAQUEN","2013-07-08","","22.79166667"
"USAQUEN","2013-07-07","","16.82638888"
"USAQUEN","2013-07-06","","17.36805555"
"USAQUEN","2013-07-05","","22.01515151"
"USAQUEN","2013-07-04","","51.08333333"
"USAQUEN","2013-07-03","","49.45833333"
"USAQUEN","2013-07-02","","22.1388889"
"USAQUEN","2013-07-01","","21.375"
"USAQUEN","2013-06-30","","34.67361111"
"USAQUEN","2013-06-29","","45.27083333"
"USAQUEN","2013-06-28","","25.04861111"
"USAQUEN","2013-06-27","","28.22916666"
"USAQUEN","2013-06-26","","26.55555556"
"USAQUEN","2013-06-25","","25.26388889"
"USAQUEN","2013-06-24","","21.34722222"
"USAQUEN","2013-06-23","","24.07638888"
"USAQUEN","2013-06-22","","26.65277778"
"USAQUEN","2013-06-21","","23.70833334"
"USAQUEN","2013-06-20","","20.56249999"
"USAQUEN","2013-06-19","","18.45833334"
"USAQUEN","2013-06-18","","23.6736111"
"USAQUEN","2013-06-17","","23.32638889"
"USAQUEN","2013-06-16","","15.09027778"
"USAQUEN","2013-06-15","","16.5486111"
"USAQUEN","2013-06-14","","18.15972222"
"USAQUEN","2013-06-13","","18.93750001"
"USAQUEN","2013-06-12","","20.80555556"
"USAQUEN","2013-06-11","","22.20289855"
"USAQUEN","2013-06-10","","17.75"
"USAQUEN","2013-06-09","","15.88194445"
"USAQUEN","2013-06-08","","16.15972222"
"USAQUEN","2013-06-07","","21.97916666"
"USAQUEN","2013-06-06","","25.84920635"
"USAQUEN","2013-06-05","","20.78787879"
"USAQUEN","2013-06-01","","22.0"
"USAQUEN","2013-05-31","","25.98245615"
"USAQUEN","2013-05-30","","34.18055556"
"USAQUEN","2013-05-29","","31.01388889"
"USAQUEN","2013-05-28","","24.0625"
"USAQUEN","2013-05-27","","29.6736111"
"USAQUEN","2013-05-26","","21.36805555"
"USAQUEN","2013-05-25","","28.3125"
"USAQUEN","2013-05-24","","34.45833333"
"USAQUEN","2013-05-23","","36.90277778"
"USAQUEN","2013-05-22","","35.9375"
"USAQUEN","2013-05-21","","36.8125"
"USAQUEN","2013-05-20","","27.03472222"
"USAQUEN","2013-05-19","","22.5625"
"USAQUEN","2013-05-18","","25.31944444"
"USAQUEN","2013-05-17","","28.11805556"
"USAQUEN","2013-05-16","","26.74999999"
"USAQUEN","2013-05-15","","30.38194445"
"USAQUEN","2013-05-14","","26.40972222"
"USAQUEN","2013-05-13","","27.21527778"
"USAQUEN","2013-05-12","","32.56944445"
"USAQUEN","2013-05-11","","42.19444445"
"USAQUEN","2013-05-10","","46.71527778"
"USAQUEN","2013-05-09","","27.58333333"
"USAQUEN","2013-05-08","","35.19444444"
"USAQUEN","2013-05-07","","53.92361111"
"USAQUEN","2013-05-06","","52.91666667"
"USAQUEN","2013-05-05","","37.04861111"
"USAQUEN","2013-05-04","","67.87301586"
"USAQUEN","2013-05-03","","56.79166667"
"USAQUEN","2013-05-02","","41.63194444"
"USAQUEN","2013-05-01","","39.38888888"
"USAQUEN","2013-04-30","","42.97916666"
"USAQUEN","2013-04-29","","48.43333334"
"USAQUEN","2013-04-26","","50.2936508"
"USAQUEN","2013-04-25","","63.08333333"
"USAQUEN","2013-04-24","","53.0625"
"USAQUEN","2013-04-23","","72.27083333"
"USAQUEN","2013-04-22","","69.23188406"
"USAQUEN","2013-04-21","","43.34027778"
"USAQUEN","2013-04-20","","42.69444445"
"USAQUEN","2013-04-19","","44.32638889"
"USAQUEN","2013-04-18","","39.68055556"
"USAQUEN","2013-04-17","","26.47916666"
"USAQUEN","2013-04-16","","26.27777778"
"USAQUEN","2013-04-15","","31.52777778"
"USAQUEN","2013-04-14","","30.96527778"
"USAQUEN","2013-04-13","","46.86805555"
"USAQUEN","2013-04-12","","65.70833333"
"USAQUEN","2013-04-11","","67.59722222"
"USAQUEN","2013-04-10","","51.05555555"
"USAQUEN","2013-04-09","","55.15277778"
"USAQUEN","2013-04-08","","51.84027777"
"USAQUEN","2013-04-07","","47.86805555"
"USAQUEN","2013-04-06","","62.77777778"
"USAQUEN","2013-04-05","","60.75"
"USAQUEN","2013-04-04","","57.0625"
"USAQUEN","2013-04-03","","66.02083333"
"USAQUEN","2013-04-02","","44.05555555"
"USAQUEN","2013-04-01","","38.59722222"
"USAQUEN","2013-03-31","","25.32638888"
"USAQUEN","2013-03-30","","25.61111111"
"USAQUEN","2013-03-29","","40.15277778"
"USAQUEN","2013-03-28","","44.73611111"
"USAQUEN","2013-03-27","","43.47916667"
"USAQUEN","2013-03-26","","44.79166667"
"USAQUEN","2013-03-25","","43.97916667"
"USAQUEN","2013-03-24","","39.04861112"
"USAQUEN","2013-03-23","","66.99305556"
"USAQUEN","2013-03-22","","64.99305556"
"USAQUEN","2013-03-21","","56.36111112"
"USAQUEN","2013-03-20","","66.22727274"
"USAQUEN","2013-03-19","","50.73611111"
"USAQUEN","2013-03-18","","36.27083333"
"USAQUEN","2013-03-17","","39.5625"
"USAQUEN","2013-03-16","","49.25694444"
"USAQUEN","2013-03-15","","56.99275363"
"USAQUEN","2013-03-14","","51.6875"
"USAQUEN","2013-03-13","","34.75"
"USAQUEN","2013-03-12","","43.68181818"
"USAQUEN","2013-03-11","","46.48611112"
"USAQUEN","2013-03-10","","32.15277778"
"USAQUEN","2013-03-09","","43.33333334"
"USAQUEN","2013-03-08","","51.07638889"
"USAQUEN","2013-03-07","","54.34027778"
"USAQUEN","2013-03-06","","44.18055556"
"USAQUEN","2013-03-05","","42.83333333"
"USAQUEN","2013-03-04","","39.52083333"
"USAQUEN","2013-03-03","","43.53472222"
"USAQUEN","2013-03-02","","39.04861111"
"USAQUEN","2013-03-01","","32.56944444"
"USAQUEN","2013-02-28","","37.41666667"
"USAQUEN","2013-02-27","","38.85833334"
"USAQUEN","2013-02-26","","40.31944445"
"USAQUEN","2013-02-25","","37.8888889"
"USAQUEN","2013-02-24","","31.8125"
"USAQUEN","2013-02-23","","38.47222222"
"USAQUEN","2013-02-22","","36.79166668"
"USAQUEN","2013-02-21","","34.71527778"
"USAQUEN","2013-02-20","","37.98611111"
"USAQUEN","2013-02-19","","35.17361111"
"USAQUEN","2013-02-18","","37.42361111"
"USAQUEN","2013-02-17","","40.25"
"USAQUEN","2013-02-16","","38.38888889"
"USAQUEN","2013-02-15","","50.23809524"
"USAQUEN","2013-02-14","","57.59722223"
"USAQUEN","2013-02-13","","43.20138889"
"USAQUEN","2013-02-12","","39.91666667"
"USAQUEN","2013-02-11","","58.95833333"
"USAQUEN","2013-02-08","","59.84090909"
"USAQUEN","2013-02-07","","65.41666666"
"USAQUEN","2013-02-06","","59.12499999"
"USAQUEN","2013-02-05","","50.5138889"
"USAQUEN","2013-02-04","","62.56944445"
"USAQUEN","2013-02-03","","51.52777777"
"USAQUEN","2013-02-02","","36.74305556"
"USAQUEN","2013-02-01","","44.81944444"
"USAQUEN","2013-01-31","","39.04166667"
"USAQUEN","2013-01-30","","50.47222222"
"USAQUEN","2013-01-29","","50.45833333"
"USAQUEN","2013-01-28","","34.63194445"
"USAQUEN","2013-01-27","","42.72727272"
"USAQUEN","2013-01-26","","45.72916667"
"USAQUEN","2013-01-25","","59.46527779"
"USAQUEN","2013-01-24","","67.92361111"
"USAQUEN","2013-01-23","","56.0"
"USAQUEN","2013-01-22","","45.09090909"
"USAQUEN","2013-01-21","","32.36842106"
"USAQUEN","2013-01-20","","37.74358975"
"USAQUEN","2013-01-19","","40.24305555"
"USAQUEN","2013-01-18","","48.66666665"
"USAQUEN","2013-01-17","","66.45833334"
"USAQUEN","2013-01-16","","62.72916667"
"USAQUEN","2013-01-15","","65.22916667"
"USAQUEN","2013-01-14","","49.00000001"
"USAQUEN","2013-01-13","","63.79365079"
"USAQUEN","2013-01-12","","65.51388888"
"USAQUEN","2013-01-11","","50.58333333"
"USAQUEN","2013-01-10","","27.5"
"USAQUEN","2013-01-09","","23.55555556"
"USAQUEN","2013-01-08","","26.99999999"
"USAQUEN","2013-01-07","","23.67361111"
"USAQUEN","2013-01-06","","25.4375"
"USAQUEN","2013-01-05","","24.45138889"
"USAQUEN","2013-01-04","","24.75694443"
"USAQUEN","2013-01-03","","28.76388889"
"USAQUEN","2013-01-02","","20.84027778"
"USAQUEN","2013-01-01","","21.64583333"
"USAQUEN","2012-12-31","","21.35833333"
"USAQUEN","2012-12-30","","20.65277778"
"USAQUEN","2012-12-29","","30.55555556"
"USAQUEN","2012-12-28","","24.5625"
"USAQUEN","2012-12-27","","22.50694445"
"USAQUEN","2012-12-26","","20.07638889"
"USAQUEN","2012-12-25","","28.6111111"
"USAQUEN","2012-12-24","","18.9513889"
"USAQUEN","2012-12-23","","26.42361111"
"USAQUEN","2012-12-22","","39.72916667"
"USAQUEN","2012-12-21","","39.10869564"
"USAQUEN","2012-12-20","","37.22222222"
"USAQUEN","2012-12-19","","44.97222223"
"USAQUEN","2012-12-18","","49.125"
"USAQUEN","2012-12-17","","37.5"
"USAQUEN","2012-12-16","","39.375"
"USAQUEN","2012-12-15","","45.6875"
"USAQUEN","2012-12-14","","52.80555556"
"USAQUEN","2012-12-13","","56.79861112"
"USAQUEN","2012-12-12","","53.31944445"
"USAQUEN","2012-12-11","","46.61805556"
"USAQUEN","2012-12-10","","33.45833334"
"USAQUEN","2012-12-09","","25.85416666"
"USAQUEN","2012-12-08","","29.39583333"
"USAQUEN","2012-12-07","","52.02083334"
"USAQUEN","2012-12-06","","54.95138889"
"USAQUEN","2012-12-05","","47.21527777"
"USAQUEN","2012-12-04","","48.76388889"
"USAQUEN","2012-12-03","","39.60416667"
"USAQUEN","2012-12-02","","35.78472223"
"USAQUEN","2012-12-01","","42.19444444"
"USAQUEN","2012-11-30","","45.78333334"
"USAQUEN","2012-11-29","","60.0"
"USAQUEN","2012-11-28","","56.61805556"
"USAQUEN","2012-11-27","","28.37499999"
"USAQUEN","2012-11-26","","22.70833335"
"USAQUEN","2012-11-25","","42.68055555"
"USAQUEN","2012-11-24","","47.46527777"
"USAQUEN","2012-11-23","","66.72916666"
"USAQUEN","2012-11-22","","80.88194444"
"USAQUEN","2012-11-21","","74.13194444"
"USAQUEN","2012-11-20","","47.70138888"
"USAQUEN","2012-11-19","","80.30555555"
"USAQUEN","2012-11-18","","41.58333334"
"USAQUEN","2012-11-17","","55.68055556"
"USAQUEN","2012-11-16","","62.60416667"
"USAQUEN","2012-11-15","","73.34027778"
"USAQUEN","2012-11-14","","70.02083333"
"USAQUEN","2012-11-13","","50.90972222"
"USAQUEN","2012-11-12","","34.39583334"
"USAQUEN","2012-11-11","","20.07638889"
"USAQUEN","2012-11-10","","38.07638889"
"USAQUEN","2012-11-09","","32.45138889"
"USAQUEN","2012-11-08","","36.41666668"
"USAQUEN","2012-11-07","","39.84722222"
"USAQUEN","2012-11-06","","31.58333332"
"USAQUEN","2012-11-05","","20.61904762"
"USAQUEN","2012-11-04","","30.28472223"
"USAQUEN","2012-11-03","","48.93055557"
"USAQUEN","2012-11-02","","54.75694443"
"USAQUEN","2012-11-01","","34.63194445"
"USAQUEN","2012-10-31","","32.74305556"
"USAQUEN","2012-10-30","","35.65972221"
"USAQUEN","2012-10-29","","38.6875"
"USAQUEN","2012-10-28","","22.16666667"
"USAQUEN","2012-10-27","","28.4236111"
"USAQUEN","2012-10-26","","38.86111111"
"USAQUEN","2012-10-25","","39.55555556"
"USAQUEN","2012-10-24","","23.80555556"
"USAQUEN","2012-10-23","","30.04166666"
"USAQUEN","2012-10-22","","54.24305555"
"USAQUEN","2012-10-21","","51.84722224"
"USAQUEN","2012-10-20","","47.66666667"
"USAQUEN","2012-10-19","","56.04861111"
"USAQUEN","2012-10-18","","43.23611111"
"USAQUEN","2012-10-17","","46.875"
"USAQUEN","2012-10-16","","45.125"
"USAQUEN","2012-10-15","","60.04861112"
"USAQUEN","2012-10-14","","64.20138888"
"USAQUEN","2012-10-13","","47.74305556"
"USAQUEN","2012-10-12","","52.99305555"
"USAQUEN","2012-10-11","","88.46527779"
"USAQUEN","2012-10-10","","76.02083334"
"USAQUEN","2012-10-09","","35.9375"
"USAQUEN","2012-10-08","","23.6875"
"USAQUEN","2012-10-07","","19.58333334"
"USAQUEN","2012-10-06","","34.76388888"
"USAQUEN","2012-10-05","","58.79861111"
"USAQUEN","2012-10-04","","32.98611111"
"USAQUEN","2012-10-03","","33.11805556"
"USAQUEN","2012-10-02","","28.03030302"
"USAQUEN","2012-10-01","","15.58333331"
"USAQUEN","2012-09-30","","14.34027778"
"USAQUEN","2012-09-29","","21.49999999"
"USAQUEN","2012-09-28","","25.83333333"
"USAQUEN","2012-09-27","","20.39583334"
"USAQUEN","2012-09-26","","20.20138889"
"USAQUEN","2012-09-25","","18.18939394"
"USAQUEN","2012-09-24","","33.89583333"
"USAQUEN","2012-09-23","","20.27083334"
"USAQUEN","2012-09-22","","21.35416666"
"USAQUEN","2012-09-21","","23.3125"
"USAQUEN","2012-09-20","","32.23611111"
"USAQUEN","2012-09-19","","35.36805556"
"USAQUEN","2012-09-18","","43.77777778"
"USAQUEN","2012-09-17","","25.61363635"
"USAQUEN","2012-09-16","","21.20833333"
"USAQUEN","2012-09-15","","26.64583332"
"USAQUEN","2012-09-14","","43.5"
"USAQUEN","2012-09-13","","45.11666668"
"USAQUEN","2012-09-12","","37.66666667"
"USAQUEN","2012-09-11","","26.78472221"
"USAQUEN","2012-09-10","","18.79365079"
"USAQUEN","2012-09-09","","17.32638889"
"USAQUEN","2012-09-08","","22.3125"
"USAQUEN","2012-09-07","","24.70833333"
"USAQUEN","2012-09-06","","22.63194444"
"USAQUEN","2012-09-05","","28.72727272"
"USAQUEN","2012-09-03","","21.56666667"
"USAQUEN","2012-09-02","","16.71527778"
"USAQUEN","2012-09-01","","21.91666667"
"USAQUEN","2012-08-31","","26.58333334"
"USAQUEN","2012-08-30","","23.55555556"
"USAQUEN","2012-08-29","","28.9375"
"USAQUEN","2012-08-28","","32.99999999"
"USAQUEN","2012-08-15","","18.16666667"
"USAQUEN","2012-08-14","","17.7936508"
"USAQUEN","2012-08-13","","18.4469697"
"USAQUEN","2012-08-12","","23.73611112"
"USAQUEN","2012-08-11","","21.31666667"
"USAQUEN","2012-08-10","","20.75000002"
"USAQUEN","2012-08-09","","24.49305555"
"USAQUEN","2012-08-08","","22.84722222"
"USAQUEN","2012-08-07","","33.99305555"
"USAQUEN","2012-08-06","","32.96527778"
"USAQUEN","2012-08-05","","15.72222223"
"USAQUEN","2012-08-04","","28.27083334"
"USAQUEN","2012-08-03","","68.91666667"
"USAQUEN","2012-08-02","","24.05555555"
"USAQUEN","2012-08-01","","16.49999999"
"USAQUEN","2012-07-31","","25.20694444"
"USAQUEN","2012-07-30","","22.15277778"
"USAQUEN","2012-07-29","","16.27777779"
"USAQUEN","2012-07-28","","14.125"
"USAQUEN","2012-07-27","","18.32638889"
"USAQUEN","2012-07-26","","21.08333333"
"USAQUEN","2012-07-25","","21.19444445"
"USAQUEN","2012-07-24","","16.71527778"
"USAQUEN","2012-07-23","","16.95833333"
"USAQUEN","2012-07-22","","15.36805556"
"USAQUEN","2012-07-21","","17.0625"
"USAQUEN","2012-07-20","","12.23611112"
"USAQUEN","2012-07-19","","16.0952381"
"USAQUEN","2012-07-18","","17.16666667"
"USAQUEN","2012-07-17","","17.9375"
"USAQUEN","2012-07-16","","18.0652174"
"USAQUEN","2012-07-15","","17.18055557"
"USAQUEN","2012-07-14","","16.52083333"
"USAQUEN","2012-07-13","","44.56249999"
"USAQUEN","2012-07-12","","39.34027777"
"USAQUEN","2012-07-11","","17.075"
"USAQUEN","2012-07-10","","20.34027778"
"USAQUEN","2012-07-09","","15.97222222"
"USAQUEN","2012-07-08","","13.88194444"
"USAQUEN","2012-07-07","","14.46969697"
"USAQUEN","2012-07-06","","20.60416666"
"USAQUEN","2012-07-05","","16.22916667"
"USAQUEN","2012-07-04","","16.38888889"
"USAQUEN","2012-07-03","","16.40972223"
"USAQUEN","2012-07-02","","12.63157895"
"USAQUEN","2012-07-01","","12.70833333"
"USAQUEN","2012-06-30","","19.59722223"
"USAQUEN","2012-06-29","","34.96527779"
"USAQUEN","2012-06-28","","14.43055555"
"USAQUEN","2012-06-27","","16.38888889"
"USAQUEN","2012-06-26","","16.04861111"
"USAQUEN","2012-06-25","","15.66666667"
"USAQUEN","2012-06-24","","20.44444446"
"USAQUEN","2012-06-23","","29.16666667"
"USAQUEN","2012-06-22","","21.17361112"
"USAQUEN","2012-06-21","","18.34722222"
"USAQUEN","2012-06-20","","22.94202898"
"USAQUEN","2012-06-19","","23.71527778"
"USAQUEN","2012-06-18","","20.69444445"
"USAQUEN","2012-06-17","","21.97916667"
"USAQUEN","2012-06-16","","23.16666667"
"USAQUEN","2012-06-15","","27.20833333"
"USAQUEN","2012-06-14","","19.6875"
"USAQUEN","2012-06-13","","33.64583333"
"USAQUEN","2012-06-12","","21.08333334"
"USAQUEN","2012-06-11","","14.38194443"
"USAQUEN","2012-06-10","","14.33333334"
"USAQUEN","2012-06-09","","17.6969697"
"USAQUEN","2012-06-01","","18.63888889"
"USAQUEN","2012-05-31","","17.34027777"
"USAQUEN","2012-05-30","","19.40972223"
"USAQUEN","2012-05-29","","18.67361111"
"USAQUEN","2012-05-28","","20.05555555"
"USAQUEN","2012-05-27","","19.22222223"
"USAQUEN","2012-05-26","","25.11111111"
"USAQUEN","2012-05-25","","23.89583333"
"USAQUEN","2012-05-24","","23.04861111"
"USAQUEN","2012-05-23","","22.25"
"USAQUEN","2012-05-22","","20.60144928"
"USAQUEN","2012-05-21","","17.00694445"
"USAQUEN","2012-05-20","","20.56944444"
"USAQUEN","2012-05-19","","22.1111111"
"USAQUEN","2012-05-18","","26.36805555"
"USAQUEN","2012-05-17","","23.04166667"
"USAQUEN","2012-05-16","","32.2638889"
"USAQUEN","2012-05-15","","41.13194444"
"USAQUEN","2012-05-14","","30.21527777"
"USAQUEN","2012-05-13","","18.19444444"
"USAQUEN","2012-05-12","","22.91666666"
"USAQUEN","2012-05-11","","42.22916667"
"USAQUEN","2012-05-10","","43.21527778"
"USAQUEN","2012-05-09","","43.06944445"
"USAQUEN","2012-05-08","","39.22222222"
"USAQUEN","2012-05-07","","50.23611111"
"USAQUEN","2012-05-06","","36.32638889"
"USAQUEN","2012-05-05","","31.83333333"
"USAQUEN","2012-05-04","","27.10833333"
"USAQUEN","2012-05-03","","20.20833333"
"USAQUEN","2012-05-02","","26.40972223"
"USAQUEN","2012-05-01","","23.24999999"
"USAQUEN","2012-04-30","","30.40972222"
"USAQUEN","2012-04-29","","21.43055556"
"USAQUEN","2012-04-28","","38.59722222"
"USAQUEN","2012-04-27","","24.60416667"
"USAQUEN","2012-04-26","","35.20833333"
"USAQUEN","2012-04-25","","33.36805555"
"USAQUEN","2012-04-24","","28.75"
"USAQUEN","2012-04-23","","36.34027778"
"USAQUEN","2012-04-22","","35.26388889"
"USAQUEN","2012-04-21","","52.61805556"
"USAQUEN","2012-04-20","","72.90277778"
"USAQUEN","2012-04-19","","77.44444444"
"USAQUEN","2012-04-18","","63.27777777"
"USAQUEN","2012-04-17","","74.13194445"
"USAQUEN","2012-04-16","","40.18055555"
"USAQUEN","2012-04-15","","54.24305557"
"USAQUEN","2012-04-14","","72.63888889"
"USAQUEN","2012-04-13","","47.93055556"
"USAQUEN","2012-04-12","","40.98611111"
"USAQUEN","2012-04-11","","51.18055555"
"USAQUEN","2012-04-10","","57.08333334"
"USAQUEN","2012-04-09","","44.45138889"
"USAQUEN","2012-04-08","","33.91666666"
"USAQUEN","2012-04-07","","27.45833333"
"USAQUEN","2012-04-06","","33.32638889"
"USAQUEN","2012-04-05","","25.70833333"
"USAQUEN","2012-04-04","","26.16666667"
"USAQUEN","2012-04-03","","28.46527778"
"USAQUEN","2012-04-02","","23.75"
"USAQUEN","2012-04-01","","15.95138889"
"USAQUEN","2012-03-31","","19.01388889"
"USAQUEN","2012-03-30","","23.375"
"USAQUEN","2012-03-29","","26.43939393"
"USAQUEN","2012-03-28","","22.38095239"
"USAQUEN","2012-03-26","","53.97619047"
"USAQUEN","2012-03-25","","36.3611111"
"USAQUEN","2012-03-24","","84.30555556"
"USAQUEN","2012-03-23","","69.80555555"
"USAQUEN","2012-03-22","","52.24305555"
"USAQUEN","2012-03-21","","60.15972223"
"USAQUEN","2012-03-20","","82.125"
"USAQUEN","2012-03-19","","43.18055556"
"USAQUEN","2012-03-18","","46.19444445"
"USAQUEN","2012-03-17","","41.2013889"
"USAQUEN","2012-03-16","","43.69444445"
"USAQUEN","2012-03-15","","45.45138889"
"USAQUEN","2012-03-14","","38.70833333"
"USAQUEN","2012-03-13","","32.40972221"
"USAQUEN","2012-03-12","","31.19444445"
"USAQUEN","2012-03-11","","26.88888889"
"USAQUEN","2012-03-10","","42.25694444"
"USAQUEN","2012-03-09","","44.97916667"
"USAQUEN","2012-03-08","","46.95138889"
"USAQUEN","2012-03-07","","42.60416666"
"USAQUEN","2012-03-06","","46.98611111"
"USAQUEN","2012-03-05","","43.91666667"
"USAQUEN","2012-03-02","","44.11111111"
"USAQUEN","2012-03-01","","48.02380951"
"USAQUEN","2012-02-29","","40.69444445"
"USAQUEN","2012-02-28","","55.11805555"
"USAQUEN","2012-02-27","","42.16666667"
"USAQUEN","2012-02-26","","54.74305556"
"USAQUEN","2012-02-25","","63.09027778"
"USAQUEN","2012-02-24","","50.65909091"
"USAQUEN","2012-02-23","","67.20138888"
"USAQUEN","2012-02-22","","60.35416667"
"USAQUEN","2012-02-21","","71.34722222"
"USAQUEN","2012-02-20","","71.15277778"
"USAQUEN","2012-02-19","","60.10416666"
"USAQUEN","2012-02-18","","94.43055555"
"USAQUEN","2012-02-17","","105.20000002"
"USAQUEN","2012-02-15","","93.56666667"
"USAQUEN","2012-02-14","","70.09722223"
"USAQUEN","2012-02-13","","59.24074073"
"USAQUEN","2012-02-11","","79.92424242"
"USAQUEN","2012-02-10","","64.59722222"
"USAQUEN","2012-02-09","","48.52083334"
"USAQUEN","2012-02-08","","34.70833333"
"USAQUEN","2012-02-07","","33.89583333"
"USAQUEN","2012-02-06","","33.95238096"
"USAQUEN","2012-02-05","","34.71875"
"USAQUEN","2012-02-04","","38.97222223"
"USAQUEN","2012-02-03","","37.04545455"
"USAQUEN","2012-02-02","","52.9236111"
"USAQUEN","2012-02-01","","39.04166667"
"USAQUEN","2012-01-31","","47.85507247"
"USAQUEN","2012-01-30","","45.32638889"
"USAQUEN","2012-01-29","","37.49305556"
"USAQUEN","2012-01-28","","39.6875"
"USAQUEN","2012-01-27","","42.21666666"
"USAQUEN","2012-01-26","","76.18055556"
"USAQUEN","2012-01-25","","69.20833334"
"USAQUEN","2012-01-24","","69.56944444"
"USAQUEN","2012-01-23","","55.30555555"
"USAQUEN","2012-01-22","","45.97916667"
"USAQUEN","2012-01-21","","45.83333333"
"USAQUEN","2012-01-20","","73.94444445"
"USAQUEN","2012-01-15","","21.91666667"
"USAQUEN","2012-01-14","","27.79545455"
"USAQUEN","2012-01-13","","25.50694445"
"USAQUEN","2012-01-12","","27.9375"
"USAQUEN","2012-01-11","","48.34027777"
"USAQUEN","2012-01-10","","60.16666667"
"USAQUEN","2012-01-09","","27.875"
"USAQUEN","2012-01-08","","32.89583333"
"USAQUEN","2012-01-07","","36.38194445"
"USAQUEN","2012-01-06","","40.27777778"
"USAQUEN","2012-01-05","","44.25"
"USAQUEN","2012-01-04","","36.97916665"
"USAQUEN","2012-01-03","","54.36805555"
"USAQUEN","2012-01-02","","43.65277777"
"USAQUEN","2012-01-01","","28.36805555"
"USAQUEN","2011-12-31","","24.45833333"
"USAQUEN","2011-12-30","","23.72222223"
"USAQUEN","2011-12-29","","26.12121212"
"USAQUEN","2011-12-28","","23.5"
"USAQUEN","2011-12-27","","22.01190475"
"USAQUEN","2011-12-26","","25.02777778"
"USAQUEN","2011-12-24","","22.90000002"
"USAQUEN","2011-12-23","","31.00694443"
"USAQUEN","2011-12-22","","31.03030303"
"USAQUEN","2011-12-21","","24.20138889"
"USAQUEN","2011-12-20","","28.13194444"
"USAQUEN","2011-12-19","","34.71527778"
"USAQUEN","2011-12-18","","42.02380952"
"USAQUEN","2011-12-17","","70.22916668"
"USAQUEN","2011-12-16","","53.23611112"
"USAQUEN","2011-12-15","","51.68055555"
"USAQUEN","2011-12-14","","49.70138889"
"USAQUEN","2011-12-13","","56.22222223"
"USAQUEN","2011-12-12","","44.24358975"
"USAQUEN","2011-12-10","","44.04166666"
"USAQUEN","2011-12-09","","52.7013889"
"USAQUEN","2011-12-08","","59.65972223"
"USAQUEN","2011-12-07","","52.72222222"
"USAQUEN","2011-12-06","","68.82638889"
"USAQUEN","2011-12-05","","52.65277777"
"USAQUEN","2011-12-04","","55.62499999"
"USAQUEN","2011-12-03","","65.41666667"
"USAQUEN","2011-12-02","","61.6875"
"USAQUEN","2011-12-01","","55.55555556"
"USAQUEN","2011-11-30","","53.40277779"
"USAQUEN","2011-11-29","","47.52083334"
"USAQUEN","2011-11-28","","66.29861111"
"USAQUEN","2011-11-27","","67.97222222"
"USAQUEN","2011-11-26","","70.46527777"
"USAQUEN","2011-11-25","","66.22916667"
"USAQUEN","2011-11-24","","46.09722222"
"USAQUEN","2011-11-23","","41.27083333"
"USAQUEN","2011-11-22","","64.125"
"USAQUEN","2011-11-21","","49.77083333"
"USAQUEN","2011-11-20","","35.49305556"
"USAQUEN","2011-11-19","","45.44444444"
"USAQUEN","2011-11-18","","43.46527777"
"USAQUEN","2011-11-17","","48.59722223"
"USAQUEN","2011-11-16","","69.98611112"
"USAQUEN","2011-11-15","","51.10416667"
"USAQUEN","2011-11-14","","46.94444445"
"USAQUEN","2011-11-13","","47.09027778"
"USAQUEN","2011-11-12","","32.71527778"
"USAQUEN","2011-11-11","","55.89285715"
"USAQUEN","2011-11-10","","73.53472223"
"USAQUEN","2011-11-09","","58.39583333"
"USAQUEN","2011-11-08","","60.55555555"
"USAQUEN","2011-11-07","","42.65972222"
"USAQUEN","2011-11-06","","51.33333333"
"USAQUEN","2011-11-05","","73.65079364"
"USAQUEN","2011-11-04","","73.76388889"
"USAQUEN","2011-11-03","","47.47222222"
"USAQUEN","2011-11-02","","39.30555556"
"USAQUEN","2011-11-01","","54.13888889"
"USAQUEN","2011-10-31","","52.52083333"
"USAQUEN","2011-10-30","","34.53472223"
"USAQUEN","2011-10-29","","28.75694444"
"USAQUEN","2011-10-28","","26.36111112"
"USAQUEN","2011-10-27","","34.97916666"
"USAQUEN","2011-10-26","","52.76190477"
"USAQUEN","2011-10-25","","61.31944444"
"USAQUEN","2011-10-24","","43.90277778"
"USAQUEN","2011-10-23","","55.44444445"
"USAQUEN","2011-10-22","","48.21527778"
"USAQUEN","2011-10-21","","57.5"
"USAQUEN","2011-10-20","","41.40277778"
"USAQUEN","2011-10-19","","47.61111112"
"USAQUEN","2011-10-18","","41.90909091"
"USAQUEN","2011-10-17","","37.74305556"
"USAQUEN","2011-10-16","","39.48611111"
"USAQUEN","2011-10-15","","34.86111111"
"USAQUEN","2011-10-14","","51.02083334"
"USAQUEN","2011-10-13","","48.00000001"
"USAQUEN","2011-10-12","","41.65972222"
"USAQUEN","2011-10-11","","54.35416666"
"USAQUEN","2011-10-10","","56.42361112"
"USAQUEN","2011-10-09","","29.82638889"
"USAQUEN","2011-10-08","","30.80555557"
"USAQUEN","2011-10-07","","39.23611112"
"USAQUEN","2011-10-06","","56.32638889"
"USAQUEN","2011-10-05","","60.76388888"
"USAQUEN","2011-10-04","","47.02083333"
"USAQUEN","2011-10-03","","47.61805556"
"USAQUEN","2011-10-02","","33.44444444"
"USAQUEN","2011-10-01","","35.5"
"USAQUEN","2011-09-30","","37.76811593"
"USAQUEN","2011-09-29","","31.8095238"
"USAQUEN","2011-09-28","","33.86111112"
"USAQUEN","2011-09-27","","27.74305555"
"USAQUEN","2011-09-26","","29.18181819"
"USAQUEN","2011-09-24","","24.01851852"
"USAQUEN","2011-09-23","","47.83333334"
"USAQUEN","2011-09-22","","29.05555556"
"USAQUEN","2011-09-21","","41.28472221"
"USAQUEN","2011-09-20","","41.75"
"USAQUEN","2011-09-19","","31.07638889"
"USAQUEN","2011-09-18","","35.45833333"
"USAQUEN","2011-09-17","","36.10416667"
"USAQUEN","2011-09-16","","46.92708334"
"USAQUEN","2011-09-15","","27.34027778"
"USAQUEN","2011-09-14","","30.7638889"
"USAQUEN","2011-09-13","","28.5"
"USAQUEN","2011-09-12","","25.31249999"
"USAQUEN","2011-09-11","","21.9861111"
"USAQUEN","2011-09-10","","64.85416667"
"USAQUEN","2011-09-09","","64.71527778"
"USAQUEN","2011-09-08","","49.625"
"USAQUEN","2011-09-02","","24.48484849"
"USAQUEN","2011-09-01","","23.77777778"
"USAQUEN","2011-08-31","","24.52777777"
"USAQUEN","2011-08-30","","32.60416668"
"USAQUEN","2011-08-29","","22.54545455"
"USAQUEN","2011-08-28","","27.0"
"USAQUEN","2011-08-27","","28.51388889"
"USAQUEN","2011-08-26","","23.00694444"
"USAQUEN","2011-08-25","","37.27777778"
"USAQUEN","2011-08-24","","29.79545454"
"USAQUEN","2011-08-23","","40.68055555"
"USAQUEN","2011-08-22","","35.81944445"
"USAQUEN","2011-08-21","","41.13194444"
"USAQUEN","2011-08-20","","46.36805554"
"USAQUEN","2011-08-19","","70.15972223"
"USAQUEN","2011-08-18","","28.22916666"
"USAQUEN","2011-08-17","","50.47916666"
"USAQUEN","2011-08-16","","25.55555555"
"USAQUEN","2011-08-15","","19.94444444"
"USAQUEN","2011-08-14","","21.6875"
"USAQUEN","2011-08-13","","28.32638888"
"USAQUEN","2011-08-12","","32.52272727"
"USAQUEN","2011-08-11","","23.03472221"
"USAQUEN","2011-08-10","","22.86805555"
"USAQUEN","2011-08-09","","27.14583333"
"USAQUEN","2011-08-08","","27.67361112"
"USAQUEN","2011-08-07","","19.52777779"
"USAQUEN","2011-08-06","","32.60416667"
"USAQUEN","2011-08-05","","25.9375"
"USAQUEN","2011-08-04","","25.99305555"
"USAQUEN","2011-08-03","","33.65277779"
"USAQUEN","2011-08-02","","54.22916667"
"USAQUEN","2011-08-01","","53.27777778"
"USAQUEN","2011-07-31","","41.17361112"
"USAQUEN","2011-07-30","","35.99305555"
"USAQUEN","2011-07-29","","49.51388889"
"USAQUEN","2011-07-28","","22.02083333"
"USAQUEN","2011-07-27","","22.29166667"
"USAQUEN","2011-07-26","","23.76111111"
"USAQUEN","2011-07-22","","22.48039215"
"USAQUEN","2011-07-21","","20.56250001"
"USAQUEN","2011-07-20","","19.34722223"
"USAQUEN","2011-07-19","","21.93055555"
"USAQUEN","2011-07-18","","27.5625"
"USAQUEN","2011-07-17","","30.63194444"
"USAQUEN","2011-07-16","","39.99999999"
"USAQUEN","2011-07-15","","64.34722223"
"USAQUEN","2011-07-14","","56.22222222"
"USAQUEN","2011-07-13","","27.51449275"
"USAQUEN","2011-07-12","","30.97826087"
"USAQUEN","2011-07-11","","21.55555556"
"USAQUEN","2011-07-10","","15.45138888"
"USAQUEN","2011-07-09","","20.74305556"
"USAQUEN","2011-07-08","","22.63888889"
"USAQUEN","2011-07-07","","19.15972222"
"USAQUEN","2011-07-06","","20.53472224"
"USAQUEN","2011-07-05","","23.79166667"
"USAQUEN","2011-07-04","","16.79166667"
"USAQUEN","2011-07-03","","29.1984127"
"USAQUEN","2011-07-02","","30.89583334"
"USAQUEN","2011-07-01","","29.61111111"
"USAQUEN","2011-06-30","","26.3888889"
"USAQUEN","2011-06-29","","34.10416668"
"USAQUEN","2010-12-22","","68.64444445"
"USAQUEN","2010-12-21","","62.84722223"
"USAQUEN","2010-12-20","","50.16666667"
"USAQUEN","2010-12-19","","53.54861112"
"USAQUEN","2010-12-18","","56.16666667"
"USAQUEN","2010-12-17","","63.91304347"
"USAQUEN","2010-12-16","","57.06250001"
"USAQUEN","2010-12-15","","65.96527778"
"USAQUEN","2010-12-14","","66.25694445"
"USAQUEN","2010-12-13","","49.88888889"
"USAQUEN","2010-12-12","","62.40972223"
"USAQUEN","2010-12-11","","67.06944445"
"USAQUEN","2010-12-10","","84.97222222"
"USAQUEN","2010-12-09","","39.21527778"
"USAQUEN","2010-12-08","","69.89130435"
"USAQUEN","2010-12-07","","31.96527777"
"USAQUEN","2010-12-06","","47.26388889"
"USAQUEN","2010-12-05","","33.95138889"
"USAQUEN","2010-12-04","","57.9513889"
"USAQUEN","2010-12-03","","61.5289855"
"USAQUEN","2010-12-02","","50.5"
"USAQUEN","2010-12-01","","68.13194444"
"USAQUEN","2010-11-30","","69.0"
"USAQUEN","2010-11-29","","60.40972222"
"USAQUEN","2010-11-28","","54.44444445"
"USAQUEN","2010-11-27","","50.61805555"
"USAQUEN","2010-11-26","","64.84027778"
"USAQUEN","2010-11-25","","68.5625"
"USAQUEN","2010-11-24","","56.8125"
"USAQUEN","2010-11-23","","65.59722223"
"USAQUEN","2010-11-22","","52.40277778"
"USAQUEN","2010-11-21","","44.5"
"USAQUEN","2010-11-20","","65.46527778"
"USAQUEN","2010-11-19","","77.26388889"
"USAQUEN","2010-11-18","","65.25694444"
"USAQUEN","2010-11-17","","57.52777778"
"USAQUEN","2010-11-16","","42.50694444"
"USAQUEN","2010-11-15","","40.30555555"
"USAQUEN","2010-11-14","","38.09027778"
"USAQUEN","2010-11-13","","63.875"
"USAQUEN","2010-11-12","","53.40277777"
"USAQUEN","2010-11-11","","32.38194444"
"USAQUEN","2010-11-10","","53.79861111"
"USAQUEN","2010-11-09","","47.8405797"
"USAQUEN","2010-11-08","","39.84722222"
"USAQUEN","2010-11-07","","40.375"
"USAQUEN","2010-11-06","","59.75"
"USAQUEN","2010-11-05","","67.48611111"
"USAQUEN","2010-11-04","","76.34090909"
"USAQUEN","2010-11-03","","57.90972223"
"USAQUEN","2010-11-02","","56.13194445"
"USAQUEN","2010-11-01","","42.88194444"
"USAQUEN","2010-10-31","","42.81944444"
"USAQUEN","2010-10-30","","49.66666666"
"USAQUEN","2010-10-29","","65.04861111"
"USAQUEN","2010-10-28","","57.09722222"
"USAQUEN","2010-10-27","","44.56944444"
"USAQUEN","2010-10-26","","63.125"
"USAQUEN","2010-10-25","","59.75694445"
"USAQUEN","2010-10-24","","49.30555555"
"USAQUEN","2010-10-23","","73.79861111"
"USAQUEN","2010-10-22","","57.59027778"
"USAQUEN","2010-10-21","","62.65277778"
"USAQUEN","2010-10-20","","57.875"
"USAQUEN","2010-10-19","","41.57638889"
"USAQUEN","2010-10-18","","44.27083334"
"USAQUEN","2010-10-17","","22.31944444"
"USAQUEN","2010-10-16","","23.63888889"
"USAQUEN","2010-10-15","","33.45138889"
"USAQUEN","2010-10-14","","27.31944445"
"USAQUEN","2010-10-13","","23.37500001"
"USAQUEN","2010-10-12","","28.23478261"
"USAQUEN","2010-10-11","","23.90277778"
"USAQUEN","2010-10-10","","26.56250001"
"USAQUEN","2010-10-09","","25.61805555"
"USAQUEN","2010-10-08","","30.60416668"
"USAQUEN","2010-10-07","","38.28472221"
"USAQUEN","2010-10-06","","65.24603174"
"USAQUEN","2010-10-05","","39.74305555"
"USAQUEN","2010-10-04","","63.24305556"
"USAQUEN","2010-10-03","","64.41666667"
"USAQUEN","2010-10-02","","66.52777777"
"USAQUEN","2010-10-01","","92.86111111"
"USAQUEN","2010-09-30","","84.13194444"
"USAQUEN","2010-09-29","","70.88888889"
"USAQUEN","2010-09-28","","59.31944445"
"USAQUEN","2010-09-27","","56.5"
"USAQUEN","2010-09-26","","37.25694445"
"USAQUEN","2010-09-25","","62.86805555"
"USAQUEN","2010-09-24","","63.78472222"
"USAQUEN","2010-09-23","","57.47222223"
"USAQUEN","2010-09-22","","71.57638889"
"USAQUEN","2010-09-21","","82.86805555"
"USAQUEN","2010-09-20","","46.70138889"
"USAQUEN","2010-09-19","","38.97916667"
"USAQUEN","2010-09-18","","36.54861111"
"USAQUEN","2010-09-17","","64.65972222"
"USAQUEN","2010-09-16","","31.25"
"USAQUEN","2010-09-15","","39.8888889"
"USAQUEN","2010-09-14","","36.77083333"
"USAQUEN","2010-09-13","","58.5861111"
"USAQUEN","2010-09-12","","64.10416667"
"USAQUEN","2010-09-11","","77.09027777"
"USAQUEN","2010-09-10","","82.125"
"USAQUEN","2010-09-09","","68.32638889"
"USAQUEN","2010-09-08","","53.86805556"
"USAQUEN","2010-09-07","","32.83333332"
"USAQUEN","2010-09-06","","28.73611112"
"USAQUEN","2010-09-05","","28.3263889"
"USAQUEN","2010-09-04","","27.5625"
"USAQUEN","2010-09-03","","30.83888888"
"USAQUEN","2010-09-02","","29.77083333"
"USAQUEN","2010-09-01","","59.97222223"
"USAQUEN","2010-08-31","","32.94444445"
"USAQUEN","2010-08-30","","31.38888888"
"USAQUEN","2010-08-29","","23.27083333"
"USAQUEN","2010-08-28","","24.03472222"
"USAQUEN","2010-08-27","","62.81250001"
"USAQUEN","2010-08-26","","34.7986111"
"USAQUEN","2010-08-25","","61.06249999"
"USAQUEN","2010-08-24","","45.60416666"
"USAQUEN","2010-08-23","","64.06944445"
"USAQUEN","2010-08-22","","61.36111111"
"USAQUEN","2010-08-21","","44.77777778"
"USAQUEN","2010-08-20","","32.42361111"
"USAQUEN","2010-08-19","","35.15972223"
"USAQUEN","2010-08-18","","51.36111112"
"USAQUEN","2010-08-17","","64.70138889"
"USAQUEN","2010-08-16","","29.42361112"
"USAQUEN","2010-08-15","","17.87878789"
"USAQUEN","2010-08-14","","26.96212121"
"USAQUEN","2010-08-13","","23.92361112"
"USAQUEN","2010-08-12","","34.61805555"
"USAQUEN","2010-08-11","","27.15972222"
"USAQUEN","2010-08-10","","29.92361111"
"USAQUEN","2010-08-09","","27.94444445"
"USAQUEN","2010-08-08","","27.04166667"
"USAQUEN","2010-08-07","","25.875"
"USAQUEN","2010-08-06","","25.21527778"
"USAQUEN","2010-08-05","","29.47222222"
"USAQUEN","2010-08-04","","29.51388889"
"USAQUEN","2010-08-03","","33.4861111"
"USAQUEN","2010-08-02","","36.20138889"
"USAQUEN","2010-08-01","","30.75"
"USAQUEN","2010-07-31","","64.84848485"
"USAQUEN","2010-07-30","","70.91666667"
"USAQUEN","2010-07-29","","55.2916667"
"USAQUEN","2010-07-19","","28.54901961"
"USAQUEN","2010-07-18","","30.64583333"
"USAQUEN","2010-07-17","","27.41666667"
"USAQUEN","2010-07-16","","35.65909091"
"USAQUEN","2010-07-15","","43.69444444"
"USAQUEN","2010-07-14","","27.03787879"
"USAQUEN","2010-07-13","","37.23611111"
"USAQUEN","2010-07-12","","41.125"
"USAQUEN","2010-07-11","","19.82638888"
"USAQUEN","2010-07-10","","18.32638889"
"USAQUEN","2010-07-09","","23.53508772"
"USAQUEN","2010-07-08","","44.69444445"
"USAQUEN","2010-07-07","","43.61805555"
"USAQUEN","2010-07-06","","36.65972222"
"USAQUEN","2010-07-05","","40.36363637"
"USAQUEN","2010-07-04","","27.07575759"
"USAQUEN","2010-07-03","","28.47916666"
"USAQUEN","2010-07-02","","26.95138889"
"USAQUEN","2010-07-01","","34.4375"
"USAQUEN","2010-06-30","","27.65972223"
"USAQUEN","2010-06-29","","22.15972222"
"USAQUEN","2010-06-28","","29.72463768"
"USAQUEN","2010-06-27","","22.73611111"
"USAQUEN","2010-06-26","","22.03787879"
"USAQUEN","2010-06-25","","28.02083334"
"USAQUEN","2010-06-24","","25.72807019"
"USAQUEN","2010-06-23","","39.78472223"
"USAQUEN","2010-06-22","","47.93055555"
"USAQUEN","2010-06-21","","44.45138888"
"USAQUEN","2010-06-20","","28.95138888"
"USAQUEN","2010-06-19","","33.3125"
"USAQUEN","2010-06-18","","25.98484848"
"USAQUEN","2010-06-17","","25.64393939"
"USAQUEN","2010-06-16","","26.90151515"
"USAQUEN","2010-06-15","","28.54166666"
"USAQUEN","2010-06-14","","29.87121212"
"USAQUEN","2010-06-13","","26.26388889"
"USAQUEN","2010-06-12","","17.84090909"
"USAQUEN","2010-06-11","","35.11805556"
"USAQUEN","2010-06-10","","24.22727274"
"USAQUEN","2010-06-09","","24.11403508"
"USAQUEN","2010-06-08","","31.37499999"
"USAQUEN","2010-06-07","","18.15972222"
"USAQUEN","2010-06-06","","22.41666668"
"USAQUEN","2010-06-05","","23.31060606"
"USAQUEN","2010-06-04","","26.29166666"
"USAQUEN","2010-06-03","","29.14583333"
"USAQUEN","2010-06-02","","28.11111112"
"USAQUEN","2010-06-01","","24.65972222"
"USAQUEN","2010-05-31","","29.61111112"
"USAQUEN","2010-05-30","","39.68939394"
"USAQUEN","2010-05-29","","52.3888889"
"USAQUEN","2010-05-28","","64.88194444"
"USAQUEN","2010-05-27","","47.78787879"
"USAQUEN","2010-05-26","","70.19444443"
"USAQUEN","2010-05-25","","68.01388888"
"USAQUEN","2010-05-24","","59.30555556"
"USAQUEN","2010-05-23","","42.83333332"
"USAQUEN","2010-05-22","","71.82638889"
"USAQUEN","2010-05-21","","52.27083334"
"USAQUEN","2010-05-20","","29.48333335"
"USAQUEN","2010-05-19","","65.0"
"USAQUEN","2010-05-18","","44.39814815"
"USAQUEN","2010-05-17","","26.8125"
"USAQUEN","2010-05-16","","24.10416666"
"USAQUEN","2010-05-15","","25.29861111"
"USAQUEN","2010-05-14","","23.95833334"
"USAQUEN","2010-05-13","","28.8409091"
"USAQUEN","2010-05-12","","22.40277777"
"USAQUEN","2010-05-11","","28.27083334"
"USAQUEN","2010-05-10","","23.5925926"
"USAQUEN","2010-05-09","","26.125"
"USAQUEN","2010-05-08","","28.38636363"
"USAQUEN","2010-05-07","","33.66666667"
"USAQUEN","2010-05-06","","30.93055556"
"USAQUEN","2010-05-05","","46.09722222"
"USAQUEN","2010-05-04","","46.45833334"
"USAQUEN","2010-05-03","","43.56944445"
"USAQUEN","2010-05-02","","49.32638889"
"USAQUEN","2010-05-01","","43.97916667"
"USAQUEN","2010-04-30","","40.38194444"
"USAQUEN","2010-04-29","","37.16666667"
"USAQUEN","2010-04-28","","30.11111111"
"USAQUEN","2010-04-27","","38.84126984"
"USAQUEN","2010-04-26","","34.65972223"
"USAQUEN","2010-04-25","","28.66666667"
"USAQUEN","2010-04-24","","24.94444445"
"USAQUEN","2010-04-23","","38.04861111"
"USAQUEN","2010-04-22","","27.61111111"
"USAQUEN","2010-04-21","","52.99305556"
"USAQUEN","2010-04-20","","60.85416667"
"USAQUEN","2010-04-19","","40.67361112"
"USAQUEN","2010-04-18","","51.96527778"
"USAQUEN","2010-04-17","","72.05555556"
"USAQUEN","2010-04-16","","59.31250001"
"USAQUEN","2010-04-15","","64.40277778"
"USAQUEN","2010-04-14","","51.08333333"
"USAQUEN","2010-04-13","","60.75"
"USAQUEN","2010-04-12","","53.49305556"
"USAQUEN","2010-04-11","","28.47222221"
"USAQUEN","2010-04-10","","51.125"
"USAQUEN","2010-04-09","","41.8560606"
"USAQUEN","2010-04-08","","54.88194445"
"USAQUEN","2010-04-07","","37.42361112"
"USAQUEN","2010-04-06","","46.51388889"
"USAQUEN","2010-04-05","","56.38636364"
"USAQUEN","2010-04-04","","41.06944445"
"USAQUEN","2010-04-03","","51.44444444"
"USAQUEN","2010-04-02","","43.82456141"
"USAQUEN","2010-04-01","","75.01388889"
"USAQUEN","2010-03-31","","60.24561403"
"USAQUEN","2010-03-30","","37.27777778"
"USAQUEN","2010-03-29","","36.6439394"
"USAQUEN","2010-03-28","","43.28985508"
"USAQUEN","2010-03-27","","70.42361113"
"USAQUEN","2010-03-26","","74.77777779"
"USAQUEN","2010-03-25","","73.11805555"
"USAQUEN","2010-03-24","","43.60606061"
"USAQUEN","2010-03-21","","26.98809524"
"USAQUEN","2010-03-20","","31.11111111"
"USAQUEN","2010-03-19","","34.10606061"
"USAQUEN","2010-03-18","","33.88888889"
"USAQUEN","2010-03-17","","45.64583333"
"USAQUEN","2010-03-16","","60.27777778"
"USAQUEN","2010-03-15","","77.25"
"USAQUEN","2010-03-14","","48.97916666"
"USAQUEN","2010-03-13","","58.27777778"
"USAQUEN","2010-03-12","","56.43055556"
"USAQUEN","2010-03-11","","32.9375"
"USAQUEN","2010-03-10","","34.8888889"
"USAQUEN","2010-03-09","","35.70833332"
"USAQUEN","2010-03-08","","38.56944445"
"USAQUEN","2010-03-07","","37.11111111"
"USAQUEN","2010-03-06","","37.88888888"
"USAQUEN","2010-03-05","","42.4861111"
"USAQUEN","2010-03-04","","55.03472222"
"USAQUEN","2010-03-03","","56.39583333"
"USAQUEN","2010-03-02","","47.39583333"
"USAQUEN","2010-03-01","","47.99305556"
"USAQUEN","2010-02-28","","41.17361111"
"USAQUEN","2010-02-27","","44.45833333"
"USAQUEN","2010-02-26","","57.74305555"
"USAQUEN","2010-02-25","","85.38194443"
"USAQUEN","2010-02-24","","49.08333334"
"USAQUEN","2010-02-23","","66.15277778"
"USAQUEN","2010-02-22","","46.89583334"
"USAQUEN","2010-02-21","","25.08333333"
"USAQUEN","2010-02-20","","33.61111111"
"USAQUEN","2010-02-19","","61.47222223"
"USAQUEN","2010-02-18","","72.33333333"
"USAQUEN","2010-02-17","","66.72916667"
"USAQUEN","2010-02-16","","70.24166667"
"USAQUEN","2010-02-15","","80.25757576"
"USAQUEN","2010-02-12","","60.5625"
"USAQUEN","2010-02-11","","64.09027778"
"USAQUEN","2010-02-10","","51.63888888"
"USAQUEN","2010-02-09","","43.23611111"
"USAQUEN","2010-02-08","","40.13194445"
"USAQUEN","2010-02-07","","37.80555556"
"USAQUEN","2010-02-06","","49.09027778"
"USAQUEN","2010-02-05","","54.75694444"
"USAQUEN","2010-02-04","","35.23611111"
"USAQUEN","2010-02-03","","42.60317461"
"USAQUEN","2010-02-02","","37.95833334"
"USAQUEN","2010-02-01","","37.50694445"
"USAQUEN","2010-01-31","","30.23611111"
"USAQUEN","2010-01-30","","37.14393939"
"USAQUEN","2010-01-29","","44.44444445"
"USAQUEN","2010-01-28","","43.41666667"
"USAQUEN","2010-01-27","","40.16666666"
"USAQUEN","2010-01-26","","51.63888888"
"USAQUEN","2010-01-25","","56.19444445"
"USAQUEN","2010-01-19","","39.88333335"
"USAQUEN","2010-01-18","","36.64583333"
"USAQUEN","2010-01-17","","32.32608696"
"USAQUEN","2010-01-16","","35.25"
"USAQUEN","2010-01-15","","50.44444445"
"USAQUEN","2010-01-14","","53.79861112"
"USAQUEN","2010-01-13","","65.99305555"
"USAQUEN","2010-01-12","","68.59027778"
"USAQUEN","2010-01-11","","52.97222222"
"USAQUEN","2010-01-10","","58.29861111"
"USAQUEN","2010-01-09","","44.15972223"
"USAQUEN","2010-01-08","","27.52083333"
"USAQUEN","2010-01-07","","46.18055555"
"USAQUEN","2010-01-06","","60.81060606"
"USAQUEN","2010-01-05","","73.04166668"
"USAQUEN","2010-01-04","","63.86805555"
"USAQUEN","2010-01-03","","43.39583333"
"USAQUEN","2010-01-02","","60.31818182"
"USAQUEN","2010-01-01","","49.64814816"
